"row","year","date","displayDate","datePrecision","certainty","title","summary","people","places","tags","view","works","crossReferences","sourceBook","sourceChapter","sourceLine","sourcePath","additionalSources","additionalSourcesJson","dataFile","id","eventJson"
"25001","2009","2009-06-12","2009年6月12日星期五","day","confirmed","李敖总结现代摄影、新闻图片、电影和 DVD 已能完整理解远方，艺术也靠想象而非处处亲历","李敖说现代媒体让人不用像古代旅行家一样一步步走过去；艺术家也不是靠每处身临其境，而是靠脑筋总和与想象力发展作品。","李敖","台湾","李敖语妙天下、现代媒体、想象力、DVD、反旅游、艺术","节目线、判断线、节目方法线","李敖语妙天下、113.2009-06-12：身临其境太笨了","","李敖语妙天下","113.2009-06-12：身临其境太笨了","23","《大李敖全集5.0》（wjm_tcy版）分章节/010.节目演讲类/009.李敖语妙天下/113.2009-06-12：身临其境太笨了.txt","","[]","data/timeline-events-li-ao-yumiao-tianxia.json","li-ao-yumiao-tianxia-113-concludes-modern-media-and-imagination","{""id"":""li-ao-yumiao-tianxia-113-concludes-modern-media-and-imagination"",""date"":""2009-06-12"",""displayDate"":""2009年6月12日星期五"",""datePrecision"":""day"",""title"":""李敖总结现代摄影、新闻图片、电影和 DVD 已能完整理解远方，艺术也靠想象而非处处亲历"",""summary"":""李敖说现代媒体让人不用像古代旅行家一样一步步走过去；艺术家也不是靠每处身临其境，而是靠脑筋总和与想象力发展作品。"",""view"":[""节目线"",""判断线"",""节目方法线""],""tags"":[""李敖语妙天下"",""现代媒体"",""想象力"",""DVD"",""反旅游"",""艺术""],""people"":[""李敖""],""places"":[""台湾""],""works"":[""李敖语妙天下"",""113.2009-06-12：身临其境太笨了""],""certainty"":""confirmed"",""source"":{""book"":""李敖语妙天下"",""chapter"":""113.2009-06-12：身临其境太笨了"",""path"":""《大李敖全集5.0》（wjm_tcy版）分章节/010.节目演讲类/009.李敖语妙天下/113.2009-06-12：身临其境太笨了.txt"",""line"":23},""crossReferences"":[],""dataFile"":""data/timeline-events-li-ao-yumiao-tianxia.json""}"
"25002","2009","2009-06-12","2009年6月12日星期五","day","confirmed","李敖总结提倡卧游、不提倡身临其境，并展示彭醇士卧游诗","李敖说世界可看的地方太多，若都要亲去才算，累死也看不完；他展示老立委彭醇士诗句“画图为作卧时游”，作为卧游传统的又一证据。","李敖、彭醇士","台湾","李敖语妙天下、卧游、彭醇士、身临其境、反旅游","节目线、展示线、判断线","李敖语妙天下、113.2009-06-12：身临其境太笨了","li-ao-youhua-shuo-090-names-his-theory-anti-tourism-and-lying-roaming-world","李敖语妙天下","113.2009-06-12：身临其境太笨了","19","《大李敖全集5.0》（wjm_tcy版）分章节/010.节目演讲类/009.李敖语妙天下/113.2009-06-12：身临其境太笨了.txt","","[]","data/timeline-events-li-ao-yumiao-tianxia.json","li-ao-yumiao-tianxia-113-summarizes-anti-in-person-and-peng-poem","{""id"":""li-ao-yumiao-tianxia-113-summarizes-anti-in-person-and-peng-poem"",""date"":""2009-06-12"",""displayDate"":""2009年6月12日星期五"",""datePrecision"":""day"",""title"":""李敖总结提倡卧游、不提倡身临其境，并展示彭醇士卧游诗"",""summary"":""李敖说世界可看的地方太多，若都要亲去才算，累死也看不完；他展示老立委彭醇士诗句“画图为作卧时游”，作为卧游传统的又一证据。"",""view"":[""节目线"",""展示线"",""判断线""],""tags"":[""李敖语妙天下"",""卧游"",""彭醇士"",""身临其境"",""反旅游""],""people"":[""李敖"",""彭醇士""],""places"":[""台湾""],""works"":[""李敖语妙天下"",""113.2009-06-12：身临其境太笨了""],""certainty"":""confirmed"",""source"":{""book"":""李敖语妙天下"",""chapter"":""113.2009-06-12：身临其境太笨了"",""path"":""《大李敖全集5.0》（wjm_tcy版）分章节/010.节目演讲类/009.李敖语妙天下/113.2009-06-12：身临其境太笨了.txt"",""line"":19},""crossReferences"":[""li-ao-youhua-shuo-090-names-his-theory-anti-tourism-and-lying-roaming-world""],""dataFile"":""data/timeline-events-li-ao-yumiao-tianxia.json""}"
"25003","2009","2009-06-12","2009年6月12日星期五","day","confirmed","李敖说自己读《定陵发掘报告》三小时并剪下照片，比亲去定陵了解更多","李敖说他拿两大本《定陵发掘报告》看了三小时，把照片都剪下来，对定陵了解得很清楚；真正到现场时反而看不到这么多，因此要发展想象力。","李敖","台湾","李敖语妙天下、定陵发掘报告、剪贴、读书方法、想象力","节目线、自我说明线、读书方法线","李敖语妙天下、113.2009-06-12：身临其境太笨了、定陵发掘报告","","李敖语妙天下","113.2009-06-12：身临其境太笨了","17","《大李敖全集5.0》（wjm_tcy版）分章节/010.节目演讲类/009.李敖语妙天下/113.2009-06-12：身临其境太笨了.txt","","[]","data/timeline-events-li-ao-yumiao-tianxia.json","li-ao-yumiao-tianxia-113-says-read-dingling-report-three-hours","{""id"":""li-ao-yumiao-tianxia-113-says-read-dingling-report-three-hours"",""date"":""2009-06-12"",""displayDate"":""2009年6月12日星期五"",""datePrecision"":""day"",""title"":""李敖说自己读《定陵发掘报告》三小时并剪下照片，比亲去定陵了解更多"",""summary"":""李敖说他拿两大本《定陵发掘报告》看了三小时，把照片都剪下来，对定陵了解得很清楚；真正到现场时反而看不到这么多，因此要发展想象力。"",""view"":[""节目线"",""自我说明线"",""读书方法线""],""tags"":[""李敖语妙天下"",""定陵发掘报告"",""剪贴"",""读书方法"",""想象力""],""people"":[""李敖""],""places"":[""台湾""],""works"":[""李敖语妙天下"",""113.2009-06-12：身临其境太笨了"",""定陵发掘报告""],""certainty"":""confirmed"",""source"":{""book"":""李敖语妙天下"",""chapter"":""113.2009-06-12：身临其境太笨了"",""path"":""《大李敖全集5.0》（wjm_tcy版）分章节/010.节目演讲类/009.李敖语妙天下/113.2009-06-12：身临其境太笨了.txt"",""line"":17},""crossReferences"":[],""dataFile"":""data/timeline-events-li-ao-yumiao-tianxia.json""}"
"25004","2009","2009-06-12","2009年6月12日星期五","day","confirmed","李敖说明自己不旅行、没去过外国，九寨沟和巨人堤岸都值得看但不值得跑去看","李敖说他到当时为止没有离开过中国领土一步，台湾、香港也是中国的一部分；九寨沟、Giant's Causeway 这类地方值得看，但不值得亲自跑去看。","李敖","台湾、香港、九寨沟、英国","李敖语妙天下、不旅行、九寨沟、Giant's Causeway、中国领土","节目线、自我说明线、判断线","李敖语妙天下、113.2009-06-12：身临其境太笨了","li-ao-fangtanlu-1998-10-cross-strait-taiwan-interview-study-and-not-leaving","李敖语妙天下","113.2009-06-12：身临其境太笨了","7","《大李敖全集5.0》（wjm_tcy版）分章节/010.节目演讲类/009.李敖语妙天下/113.2009-06-12：身临其境太笨了.txt","","[]","data/timeline-events-li-ao-yumiao-tianxia.json","li-ao-yumiao-tianxia-113-states-no-foreign-travel-and-worth-not-going","{""id"":""li-ao-yumiao-tianxia-113-states-no-foreign-travel-and-worth-not-going"",""date"":""2009-06-12"",""displayDate"":""2009年6月12日星期五"",""datePrecision"":""day"",""title"":""李敖说明自己不旅行、没去过外国，九寨沟和巨人堤岸都值得看但不值得跑去看"",""summary"":""李敖说他到当时为止没有离开过中国领土一步，台湾、香港也是中国的一部分；九寨沟、Giant's Causeway 这类地方值得看，但不值得亲自跑去看。"",""view"":[""节目线"",""自我说明线"",""判断线""],""tags"":[""李敖语妙天下"",""不旅行"",""九寨沟"",""Giant's Causeway"",""中国领土""],""people"":[""李敖""],""places"":[""台湾"",""香港"",""九寨沟"",""英国""],""works"":[""李敖语妙天下"",""113.2009-06-12：身临其境太笨了""],""certainty"":""confirmed"",""source"":{""book"":""李敖语妙天下"",""chapter"":""113.2009-06-12：身临其境太笨了"",""path"":""《大李敖全集5.0》（wjm_tcy版）分章节/010.节目演讲类/009.李敖语妙天下/113.2009-06-12：身临其境太笨了.txt"",""line"":7},""crossReferences"":[""li-ao-fangtanlu-1998-10-cross-strait-taiwan-interview-study-and-not-leaving""],""dataFile"":""data/timeline-events-li-ao-yumiao-tianxia.json""}"
"25005","2009","2009-06-12","2009年6月12日星期五","day","confirmed","李敖说明自己记忆好，是因为不单记一事，而把两三件事串联记住","李敖说别人赞美他记忆力好，其实他不是孤立记一件事，而是把戈登结、玉连环这类中西材料二合一、三合一串联起来，知识才能爆炸。","李敖","台湾","李敖语妙天下、记忆力、知识串联、节目方法、中西互证","节目线、自我说明线、节目方法线","李敖语妙天下、112.2009-06-12：人间万象在窍门","","李敖语妙天下","112.2009-06-12：人间万象在窍门","7","《大李敖全集5.0》（wjm_tcy版）分章节/010.节目演讲类/009.李敖语妙天下/112.2009-06-12：人间万象在窍门.txt","","[]","data/timeline-events-li-ao-yumiao-tianxia.json","li-ao-yumiao-tianxia-112-explains-memory-by-linking-two-three-things","{""id"":""li-ao-yumiao-tianxia-112-explains-memory-by-linking-two-three-things"",""date"":""2009-06-12"",""displayDate"":""2009年6月12日星期五"",""datePrecision"":""day"",""title"":""李敖说明自己记忆好，是因为不单记一事，而把两三件事串联记住"",""summary"":""李敖说别人赞美他记忆力好，其实他不是孤立记一件事，而是把戈登结、玉连环这类中西材料二合一、三合一串联起来，知识才能爆炸。"",""view"":[""节目线"",""自我说明线"",""节目方法线""],""tags"":[""李敖语妙天下"",""记忆力"",""知识串联"",""节目方法"",""中西互证""],""people"":[""李敖""],""places"":[""台湾""],""works"":[""李敖语妙天下"",""112.2009-06-12：人间万象在窍门""],""certainty"":""confirmed"",""source"":{""book"":""李敖语妙天下"",""chapter"":""112.2009-06-12：人间万象在窍门"",""path"":""《大李敖全集5.0》（wjm_tcy版）分章节/010.节目演讲类/009.李敖语妙天下/112.2009-06-12：人间万象在窍门.txt"",""line"":7},""crossReferences"":[],""dataFile"":""data/timeline-events-li-ao-yumiao-tianxia.json""}"
"25006","2009","2009-06-12","2009年6月12日星期五","day","confirmed","李敖说明金缕衣主人刘胜，并批刘备自称皇族已是政治宣传","李敖讲中山靖王刘胜是汉景帝之子、汉武帝之兄，儿子一百二十多人，后来血缘一路稀薄到卖草鞋的刘备；他判断刘备再自称皇族已是政治宣传和不要脸。","李敖、刘胜、刘备、汉景帝、汉武帝","台湾","李敖语妙天下、刘胜、刘备、金缕衣、皇族、三国","节目线、讲解线、判断线","李敖语妙天下、112.2009-06-12：人间万象在窍门","","李敖语妙天下","112.2009-06-12：人间万象在窍门","15","《大李敖全集5.0》（wjm_tcy版）分章节/010.节目演讲类/009.李敖语妙天下/112.2009-06-12：人间万象在窍门.txt","","[]","data/timeline-events-li-ao-yumiao-tianxia.json","li-ao-yumiao-tianxia-112-explains-liu-sheng-jinluyi-and-liu-bei-claim","{""id"":""li-ao-yumiao-tianxia-112-explains-liu-sheng-jinluyi-and-liu-bei-claim"",""date"":""2009-06-12"",""displayDate"":""2009年6月12日星期五"",""datePrecision"":""day"",""title"":""李敖说明金缕衣主人刘胜，并批刘备自称皇族已是政治宣传"",""summary"":""李敖讲中山靖王刘胜是汉景帝之子、汉武帝之兄，儿子一百二十多人，后来血缘一路稀薄到卖草鞋的刘备；他判断刘备再自称皇族已是政治宣传和不要脸。"",""view"":[""节目线"",""讲解线"",""判断线""],""tags"":[""李敖语妙天下"",""刘胜"",""刘备"",""金缕衣"",""皇族"",""三国""],""people"":[""李敖"",""刘胜"",""刘备"",""汉景帝"",""汉武帝""],""places"":[""台湾""],""works"":[""李敖语妙天下"",""112.2009-06-12：人间万象在窍门""],""certainty"":""confirmed"",""source"":{""book"":""李敖语妙天下"",""chapter"":""112.2009-06-12：人间万象在窍门"",""path"":""《大李敖全集5.0》（wjm_tcy版）分章节/010.节目演讲类/009.李敖语妙天下/112.2009-06-12：人间万象在窍门.txt"",""line"":15},""crossReferences"":[],""dataFile"":""data/timeline-events-li-ao-yumiao-tianxia.json""}"
"25007","2009","2009-06-12","2009年6月12日星期五","day","confirmed","李敖展示《故宫古玉图录》和自己手中的玉猪，说明玉唅、玉填、玉肛塞、玉阴罩","李敖拿出《故宫古玉图录》讲尸体口中玉唅、耳中玉填、手握玉猪、肛门玉肛塞和生殖器玉阴罩，还展示自己带到节目中的玉猪。","李敖","台湾","李敖语妙天下、故宫古玉图录、玉猪、玉唅、玉填、玉肛塞、玉阴罩","节目线、展示线、讲解线","李敖语妙天下、112.2009-06-12：人间万象在窍门、故宫古玉图录","","李敖语妙天下","112.2009-06-12：人间万象在窍门","15","《大李敖全集5.0》（wjm_tcy版）分章节/010.节目演讲类/009.李敖语妙天下/112.2009-06-12：人间万象在窍门.txt","","[]","data/timeline-events-li-ao-yumiao-tianxia.json","li-ao-yumiao-tianxia-112-shows-palace-jade-pig-and-orifice-jades","{""id"":""li-ao-yumiao-tianxia-112-shows-palace-jade-pig-and-orifice-jades"",""date"":""2009-06-12"",""displayDate"":""2009年6月12日星期五"",""datePrecision"":""day"",""title"":""李敖展示《故宫古玉图录》和自己手中的玉猪，说明玉唅、玉填、玉肛塞、玉阴罩"",""summary"":""李敖拿出《故宫古玉图录》讲尸体口中玉唅、耳中玉填、手握玉猪、肛门玉肛塞和生殖器玉阴罩，还展示自己带到节目中的玉猪。"",""view"":[""节目线"",""展示线"",""讲解线""],""tags"":[""李敖语妙天下"",""故宫古玉图录"",""玉猪"",""玉唅"",""玉填"",""玉肛塞"",""玉阴罩""],""people"":[""李敖""],""places"":[""台湾""],""works"":[""李敖语妙天下"",""112.2009-06-12：人间万象在窍门"",""故宫古玉图录""],""certainty"":""confirmed"",""source"":{""book"":""李敖语妙天下"",""chapter"":""112.2009-06-12：人间万象在窍门"",""path"":""《大李敖全集5.0》（wjm_tcy版）分章节/010.节目演讲类/009.李敖语妙天下/112.2009-06-12：人间万象在窍门.txt"",""line"":15},""crossReferences"":[],""dataFile"":""data/timeline-events-li-ao-yumiao-tianxia.json""}"
"25008","2009","2009-06-12","2009年6月12日星期五","day","confirmed","李敖展示汉墓金缕衣脸部和分片标注，说明诗句背后有实物","李敖用汉墓出土金缕衣图片说明，死者脸部额头、鼻、耳、嘴、下巴都由玉片拼合，观众不能只会背诗，还要看见考古实物。","李敖","台湾","李敖语妙天下、金缕衣、汉墓、考古、玉片","节目线、展示线、讲解线","李敖语妙天下、112.2009-06-12：人间万象在窍门","","李敖语妙天下","112.2009-06-12：人间万象在窍门","13","《大李敖全集5.0》（wjm_tcy版）分章节/010.节目演讲类/009.李敖语妙天下/112.2009-06-12：人间万象在窍门.txt","","[]","data/timeline-events-li-ao-yumiao-tianxia.json","li-ao-yumiao-tianxia-112-shows-han-jade-suit-face-labels","{""id"":""li-ao-yumiao-tianxia-112-shows-han-jade-suit-face-labels"",""date"":""2009-06-12"",""displayDate"":""2009年6月12日星期五"",""datePrecision"":""day"",""title"":""李敖展示汉墓金缕衣脸部和分片标注，说明诗句背后有实物"",""summary"":""李敖用汉墓出土金缕衣图片说明，死者脸部额头、鼻、耳、嘴、下巴都由玉片拼合，观众不能只会背诗，还要看见考古实物。"",""view"":[""节目线"",""展示线"",""讲解线""],""tags"":[""李敖语妙天下"",""金缕衣"",""汉墓"",""考古"",""玉片""],""people"":[""李敖""],""places"":[""台湾""],""works"":[""李敖语妙天下"",""112.2009-06-12：人间万象在窍门""],""certainty"":""confirmed"",""source"":{""book"":""李敖语妙天下"",""chapter"":""112.2009-06-12：人间万象在窍门"",""path"":""《大李敖全集5.0》（wjm_tcy版）分章节/010.节目演讲类/009.李敖语妙天下/112.2009-06-12：人间万象在窍门.txt"",""line"":13},""crossReferences"":[],""dataFile"":""data/timeline-events-li-ao-yumiao-tianxia.json""}"
"25009","2009","2009-06-12","2009年6月12日星期五","day","confirmed","李敖展示约翰生、鲍斯威尔和 Giant's Causeway，引用“值得看但不值得跑去看”","李敖展示英国文学家约翰生、学生鲍斯威尔和巨人堤岸图片，讲1779年师徒对话：Giant's Causeway 值得看，但不值得专门跑去看。","李敖、Samuel Johnson、James Boswell","英国、爱尔兰","李敖语妙天下、约翰生、鲍斯威尔、Giant's Causeway、反旅游","节目线、展示线、讲解线","李敖语妙天下、113.2009-06-12：身临其境太笨了","","李敖语妙天下","113.2009-06-12：身临其境太笨了","5","《大李敖全集5.0》（wjm_tcy版）分章节/010.节目演讲类/009.李敖语妙天下/113.2009-06-12：身临其境太笨了.txt","","[]","data/timeline-events-li-ao-yumiao-tianxia.json","li-ao-yumiao-tianxia-113-shows-johnson-boswell-giants-causeway","{""id"":""li-ao-yumiao-tianxia-113-shows-johnson-boswell-giants-causeway"",""date"":""2009-06-12"",""displayDate"":""2009年6月12日星期五"",""datePrecision"":""day"",""title"":""李敖展示约翰生、鲍斯威尔和 Giant's Causeway，引用“值得看但不值得跑去看”"",""summary"":""李敖展示英国文学家约翰生、学生鲍斯威尔和巨人堤岸图片，讲1779年师徒对话：Giant's Causeway 值得看，但不值得专门跑去看。"",""view"":[""节目线"",""展示线"",""讲解线""],""tags"":[""李敖语妙天下"",""约翰生"",""鲍斯威尔"",""Giant's Causeway"",""反旅游""],""people"":[""李敖"",""Samuel Johnson"",""James Boswell""],""places"":[""英国"",""爱尔兰""],""works"":[""李敖语妙天下"",""113.2009-06-12：身临其境太笨了""],""certainty"":""confirmed"",""source"":{""book"":""李敖语妙天下"",""chapter"":""113.2009-06-12：身临其境太笨了"",""path"":""《大李敖全集5.0》（wjm_tcy版）分章节/010.节目演讲类/009.李敖语妙天下/113.2009-06-12：身临其境太笨了.txt"",""line"":5},""crossReferences"":[],""dataFile"":""data/timeline-events-li-ao-yumiao-tianxia.json""}"
"25010","2009","2009-06-12","2009年6月12日星期五","day","confirmed","李敖展示定陵万历皇帝开棺照片，说明亲自去现场反而看不到照片中的东西","李敖展示万历皇帝棺材刚开时骷髅、龙袍和靴子的照片，指出今天即使到明十三陵定陵，也因破坏和时间流逝看不到这幅原始画面，所以不能小看图片。","李敖、万历皇帝","北京、昌平、定陵","李敖语妙天下、定陵、万历皇帝、照片、明十三陵、间接知识","节目线、展示线、判断线","李敖语妙天下、113.2009-06-12：身临其境太笨了","","李敖语妙天下","113.2009-06-12：身临其境太笨了","11","《大李敖全集5.0》（wjm_tcy版）分章节/010.节目演讲类/009.李敖语妙天下/113.2009-06-12：身临其境太笨了.txt","","[]","data/timeline-events-li-ao-yumiao-tianxia.json","li-ao-yumiao-tianxia-113-shows-dingling-wanli-photo","{""id"":""li-ao-yumiao-tianxia-113-shows-dingling-wanli-photo"",""date"":""2009-06-12"",""displayDate"":""2009年6月12日星期五"",""datePrecision"":""day"",""title"":""李敖展示定陵万历皇帝开棺照片，说明亲自去现场反而看不到照片中的东西"",""summary"":""李敖展示万历皇帝棺材刚开时骷髅、龙袍和靴子的照片，指出今天即使到明十三陵定陵，也因破坏和时间流逝看不到这幅原始画面，所以不能小看图片。"",""view"":[""节目线"",""展示线"",""判断线""],""tags"":[""李敖语妙天下"",""定陵"",""万历皇帝"",""照片"",""明十三陵"",""间接知识""],""people"":[""李敖"",""万历皇帝""],""places"":[""北京"",""昌平"",""定陵""],""works"":[""李敖语妙天下"",""113.2009-06-12：身临其境太笨了""],""certainty"":""confirmed"",""source"":{""book"":""李敖语妙天下"",""chapter"":""113.2009-06-12：身临其境太笨了"",""path"":""《大李敖全集5.0》（wjm_tcy版）分章节/010.节目演讲类/009.李敖语妙天下/113.2009-06-12：身临其境太笨了.txt"",""line"":11},""crossReferences"":[],""dataFile"":""data/timeline-events-li-ao-yumiao-tianxia.json""}"
"25011","2009","2009-06-12","2009年6月12日星期五","day","confirmed","李敖展示贴了七个红点的蒋经国照片，用七窍流血传说解释“窍”","李敖解释眼、耳、鼻、口等七窍时，展示一张被他贴了七个红点的蒋经国照片，说民间传说蒋经国死于七窍流血，代表不得好死。","李敖、蒋经国","台湾","李敖语妙天下、蒋经国、七窍流血、窍门、不得好死","节目线、展示线、讲解线","李敖语妙天下、112.2009-06-12：人间万象在窍门","","李敖语妙天下","112.2009-06-12：人间万象在窍门","3","《大李敖全集5.0》（wjm_tcy版）分章节/010.节目演讲类/009.李敖语妙天下/112.2009-06-12：人间万象在窍门.txt","","[]","data/timeline-events-li-ao-yumiao-tianxia.json","li-ao-yumiao-tianxia-112-shows-chiang-chingkuo-seven-orifices","{""id"":""li-ao-yumiao-tianxia-112-shows-chiang-chingkuo-seven-orifices"",""date"":""2009-06-12"",""displayDate"":""2009年6月12日星期五"",""datePrecision"":""day"",""title"":""李敖展示贴了七个红点的蒋经国照片，用七窍流血传说解释“窍”"",""summary"":""李敖解释眼、耳、鼻、口等七窍时，展示一张被他贴了七个红点的蒋经国照片，说民间传说蒋经国死于七窍流血，代表不得好死。"",""view"":[""节目线"",""展示线"",""讲解线""],""tags"":[""李敖语妙天下"",""蒋经国"",""七窍流血"",""窍门"",""不得好死""],""people"":[""李敖"",""蒋经国""],""places"":[""台湾""],""works"":[""李敖语妙天下"",""112.2009-06-12：人间万象在窍门""],""certainty"":""confirmed"",""source"":{""book"":""李敖语妙天下"",""chapter"":""112.2009-06-12：人间万象在窍门"",""path"":""《大李敖全集5.0》（wjm_tcy版）分章节/010.节目演讲类/009.李敖语妙天下/112.2009-06-12：人间万象在窍门.txt"",""line"":3},""crossReferences"":[],""dataFile"":""data/timeline-events-li-ao-yumiao-tianxia.json""}"
"25012","2009","2009-06-12","2009年6月12日星期五","day","confirmed","李敖展示迦太基从北非到美国五州的地名串联，示范水平思考","李敖说他看到北非迦太基时会想到美国也有 Carthage，并在密苏里、阿肯色、伊利诺伊、印第安纳、密西西比等州找出同名地，用来示范不出户知天下的知识串联。","李敖","北非、美国、密苏里州、阿肯色州、伊利诺伊州、印第安纳州、密西西比州","李敖语妙天下、迦太基、Carthage、水平思考、地图、不出户知天下","节目线、展示线、节目方法线","李敖语妙天下、113.2009-06-12：身临其境太笨了","","李敖语妙天下","113.2009-06-12：身临其境太笨了","7","《大李敖全集5.0》（wjm_tcy版）分章节/010.节目演讲类/009.李敖语妙天下/113.2009-06-12：身临其境太笨了.txt","","[]","data/timeline-events-li-ao-yumiao-tianxia.json","li-ao-yumiao-tianxia-113-maps-carthage-five-us-places","{""id"":""li-ao-yumiao-tianxia-113-maps-carthage-five-us-places"",""date"":""2009-06-12"",""displayDate"":""2009年6月12日星期五"",""datePrecision"":""day"",""title"":""李敖展示迦太基从北非到美国五州的地名串联，示范水平思考"",""summary"":""李敖说他看到北非迦太基时会想到美国也有 Carthage，并在密苏里、阿肯色、伊利诺伊、印第安纳、密西西比等州找出同名地，用来示范不出户知天下的知识串联。"",""view"":[""节目线"",""展示线"",""节目方法线""],""tags"":[""李敖语妙天下"",""迦太基"",""Carthage"",""水平思考"",""地图"",""不出户知天下""],""people"":[""李敖""],""places"":[""北非"",""美国"",""密苏里州"",""阿肯色州"",""伊利诺伊州"",""印第安纳州"",""密西西比州""],""works"":[""李敖语妙天下"",""113.2009-06-12：身临其境太笨了""],""certainty"":""confirmed"",""source"":{""book"":""李敖语妙天下"",""chapter"":""113.2009-06-12：身临其境太笨了"",""path"":""《大李敖全集5.0》（wjm_tcy版）分章节/010.节目演讲类/009.李敖语妙天下/113.2009-06-12：身临其境太笨了.txt"",""line"":7},""crossReferences"":[],""dataFile"":""data/timeline-events-li-ao-yumiao-tianxia.json""}"
"25013","2009","2009-06-12","2009年6月12日星期五","day","confirmed","李敖朗读《庄子》浑沌七日凿窍而死，说明好意也会害人","李敖读《庄子》南海之帝、北海之帝为报浑沌之德而日凿一窍，七日后浑沌死的故事，解释为自以为帮人，结果反而害人的哲学寓言。","李敖","台湾","李敖语妙天下、庄子、浑沌、七窍、好意害人","节目线、朗读线、判断线","李敖语妙天下、112.2009-06-12：人间万象在窍门、庄子","","李敖语妙天下","112.2009-06-12：人间万象在窍门","19","《大李敖全集5.0》（wjm_tcy版）分章节/010.节目演讲类/009.李敖语妙天下/112.2009-06-12：人间万象在窍门.txt","","[]","data/timeline-events-li-ao-yumiao-tianxia.json","li-ao-yumiao-tianxia-112-reads-zhuangzi-hundun-goodwill-harms","{""id"":""li-ao-yumiao-tianxia-112-reads-zhuangzi-hundun-goodwill-harms"",""date"":""2009-06-12"",""displayDate"":""2009年6月12日星期五"",""datePrecision"":""day"",""title"":""李敖朗读《庄子》浑沌七日凿窍而死，说明好意也会害人"",""summary"":""李敖读《庄子》南海之帝、北海之帝为报浑沌之德而日凿一窍，七日后浑沌死的故事，解释为自以为帮人，结果反而害人的哲学寓言。"",""view"":[""节目线"",""朗读线"",""判断线""],""tags"":[""李敖语妙天下"",""庄子"",""浑沌"",""七窍"",""好意害人""],""people"":[""李敖""],""places"":[""台湾""],""works"":[""李敖语妙天下"",""112.2009-06-12：人间万象在窍门"",""庄子""],""certainty"":""confirmed"",""source"":{""book"":""李敖语妙天下"",""chapter"":""112.2009-06-12：人间万象在窍门"",""path"":""《大李敖全集5.0》（wjm_tcy版）分章节/010.节目演讲类/009.李敖语妙天下/112.2009-06-12：人间万象在窍门.txt"",""line"":19},""crossReferences"":[],""dataFile"":""data/timeline-events-li-ao-yumiao-tianxia.json""}"
"25014","2009","2009-06-12","2009年6月12日星期五","day","confirmed","李敖朗读《金缕衣》并对照英国诗人 Herrick 的采玫瑰主题","李敖读“劝君莫惜金缕衣，劝君惜取少年时”，又说英国 Herrick 也有趁能采玫瑰时赶快采的意思；但中国诗里多了“金缕衣”这一考古入口。","李敖、Robert Herrick","台湾","李敖语妙天下、金缕衣、唐诗三百首、Herrick、采花","节目线、朗读线、讲解线","李敖语妙天下、112.2009-06-12：人间万象在窍门、金缕衣","","李敖语妙天下","112.2009-06-12：人间万象在窍门","13","《大李敖全集5.0》（wjm_tcy版）分章节/010.节目演讲类/009.李敖语妙天下/112.2009-06-12：人间万象在窍门.txt","","[]","data/timeline-events-li-ao-yumiao-tianxia.json","li-ao-yumiao-tianxia-112-reads-jinluyi-and-herrick-rose","{""id"":""li-ao-yumiao-tianxia-112-reads-jinluyi-and-herrick-rose"",""date"":""2009-06-12"",""displayDate"":""2009年6月12日星期五"",""datePrecision"":""day"",""title"":""李敖朗读《金缕衣》并对照英国诗人 Herrick 的采玫瑰主题"",""summary"":""李敖读“劝君莫惜金缕衣，劝君惜取少年时”，又说英国 Herrick 也有趁能采玫瑰时赶快采的意思；但中国诗里多了“金缕衣”这一考古入口。"",""view"":[""节目线"",""朗读线"",""讲解线""],""tags"":[""李敖语妙天下"",""金缕衣"",""唐诗三百首"",""Herrick"",""采花""],""people"":[""李敖"",""Robert Herrick""],""places"":[""台湾""],""works"":[""李敖语妙天下"",""112.2009-06-12：人间万象在窍门"",""金缕衣""],""certainty"":""confirmed"",""source"":{""book"":""李敖语妙天下"",""chapter"":""112.2009-06-12：人间万象在窍门"",""path"":""《大李敖全集5.0》（wjm_tcy版）分章节/010.节目演讲类/009.李敖语妙天下/112.2009-06-12：人间万象在窍门.txt"",""line"":13},""crossReferences"":[],""dataFile"":""data/timeline-events-li-ao-yumiao-tianxia.json""}"
"25015","2009","2009-06-12","2009年6月12日星期五","day","confirmed","李敖朗读《战国策》君王后敲碎玉连环，并把它同戈登结并置","李敖读《战国策》中秦国送玉连环考齐国智慧、君王后拿锤子敲碎后说已经解开的故事，指出它与亚历山大劈开戈登结本质上是同一种窍门。","李敖、君王后、亚历山大大帝","台湾","李敖语妙天下、战国策、玉连环、君王后、戈登结","节目线、朗读线、讲解线","李敖语妙天下、112.2009-06-12：人间万象在窍门、战国策","","李敖语妙天下","112.2009-06-12：人间万象在窍门","7","《大李敖全集5.0》（wjm_tcy版）分章节/010.节目演讲类/009.李敖语妙天下/112.2009-06-12：人间万象在窍门.txt","","[]","data/timeline-events-li-ao-yumiao-tianxia.json","li-ao-yumiao-tianxia-112-reads-zhanguoce-jade-chain","{""id"":""li-ao-yumiao-tianxia-112-reads-zhanguoce-jade-chain"",""date"":""2009-06-12"",""displayDate"":""2009年6月12日星期五"",""datePrecision"":""day"",""title"":""李敖朗读《战国策》君王后敲碎玉连环，并把它同戈登结并置"",""summary"":""李敖读《战国策》中秦国送玉连环考齐国智慧、君王后拿锤子敲碎后说已经解开的故事，指出它与亚历山大劈开戈登结本质上是同一种窍门。"",""view"":[""节目线"",""朗读线"",""讲解线""],""tags"":[""李敖语妙天下"",""战国策"",""玉连环"",""君王后"",""戈登结""],""people"":[""李敖"",""君王后"",""亚历山大大帝""],""places"":[""台湾""],""works"":[""李敖语妙天下"",""112.2009-06-12：人间万象在窍门"",""战国策""],""certainty"":""confirmed"",""source"":{""book"":""李敖语妙天下"",""chapter"":""112.2009-06-12：人间万象在窍门"",""path"":""《大李敖全集5.0》（wjm_tcy版）分章节/010.节目演讲类/009.李敖语妙天下/112.2009-06-12：人间万象在窍门.txt"",""line"":7},""crossReferences"":[],""dataFile"":""data/timeline-events-li-ao-yumiao-tianxia.json""}"
"25016","2009","2009-06-12","2009年6月12日星期五","day","confirmed","李敖朗读宗炳“卧以游之”和张船山诗，说明卧游不是空想而是有资料的想象","李敖读《宋书》宗炳好山水、病老后“澄怀观道，卧以游之”的记载，又引张船山“山水都从枕上游”，强调真正卧游要靠眼光、资料、图片、DVD 和整理。","李敖、宗炳、张船山","台湾","李敖语妙天下、宗炳、卧游、张船山、宋书、资料方法","节目线、朗读线、节目方法线","李敖语妙天下、113.2009-06-12：身临其境太笨了、宋书","li-ao-youhua-shuo-090-shows-yu-youren-couplet-and-explains-wo-you","李敖语妙天下","113.2009-06-12：身临其境太笨了","17","《大李敖全集5.0》（wjm_tcy版）分章节/010.节目演讲类/009.李敖语妙天下/113.2009-06-12：身临其境太笨了.txt","","[]","data/timeline-events-li-ao-yumiao-tianxia.json","li-ao-yumiao-tianxia-113-reads-zong-bing-and-zhang-chuanshan-woyou","{""id"":""li-ao-yumiao-tianxia-113-reads-zong-bing-and-zhang-chuanshan-woyou"",""date"":""2009-06-12"",""displayDate"":""2009年6月12日星期五"",""datePrecision"":""day"",""title"":""李敖朗读宗炳“卧以游之”和张船山诗，说明卧游不是空想而是有资料的想象"",""summary"":""李敖读《宋书》宗炳好山水、病老后“澄怀观道，卧以游之”的记载，又引张船山“山水都从枕上游”，强调真正卧游要靠眼光、资料、图片、DVD 和整理。"",""view"":[""节目线"",""朗读线"",""节目方法线""],""tags"":[""李敖语妙天下"",""宗炳"",""卧游"",""张船山"",""宋书"",""资料方法""],""people"":[""李敖"",""宗炳"",""张船山""],""places"":[""台湾""],""works"":[""李敖语妙天下"",""113.2009-06-12：身临其境太笨了"",""宋书""],""certainty"":""confirmed"",""source"":{""book"":""李敖语妙天下"",""chapter"":""113.2009-06-12：身临其境太笨了"",""path"":""《大李敖全集5.0》（wjm_tcy版）分章节/010.节目演讲类/009.李敖语妙天下/113.2009-06-12：身临其境太笨了.txt"",""line"":17},""crossReferences"":[""li-ao-youhua-shuo-090-shows-yu-youren-couplet-and-explains-wo-you""],""dataFile"":""data/timeline-events-li-ao-yumiao-tianxia.json""}"
"25017","2009","2009-08-03","2009年8月3日","day","confirmed","《笑傲六十年·有话说李敖》001集播出，李敖从基隆旧地说起","第一集《惨绿少年·初抵台湾》播出，李敖以1949年抵达基隆和2009年重回基隆开场，把六十年台湾生活定位为自己与蒋介石团队纠缠的长线回顾。","李敖","台湾","笑傲六十年·有话说李敖、节目播出、初抵台湾、基隆港","节目线、媒体线","笑傲六十年·有话说李敖、001.20090803惨绿少年·初抵台湾","","笑傲六十年·有话说李敖","001.20090803惨绿少年·初抵台湾","1","《大李敖全集5.0》（wjm_tcy版）分章节/010.节目演讲类/010.笑傲六十年·有话说李敖/001.20090803惨绿少年·初抵台湾.txt","","[]","data/timeline-events-xiaoao-liushinian-youhua-shuo.json","xiaoao-liushinian-001-broadcast-initial-taiwan","{""id"":""xiaoao-liushinian-001-broadcast-initial-taiwan"",""date"":""2009-08-03"",""displayDate"":""2009年8月3日"",""datePrecision"":""day"",""title"":""《笑傲六十年·有话说李敖》001集播出，李敖从基隆旧地说起"",""summary"":""第一集《惨绿少年·初抵台湾》播出，李敖以1949年抵达基隆和2009年重回基隆开场，把六十年台湾生活定位为自己与蒋介石团队纠缠的长线回顾。"",""view"":[""节目线"",""媒体线""],""tags"":[""笑傲六十年·有话说李敖"",""节目播出"",""初抵台湾"",""基隆港""],""people"":[""李敖""],""places"":[""台湾""],""works"":[""笑傲六十年·有话说李敖"",""001.20090803惨绿少年·初抵台湾""],""certainty"":""confirmed"",""source"":{""book"":""笑傲六十年·有话说李敖"",""chapter"":""001.20090803惨绿少年·初抵台湾"",""path"":""《大李敖全集5.0》（wjm_tcy版）分章节/010.节目演讲类/010.笑傲六十年·有话说李敖/001.20090803惨绿少年·初抵台湾.txt"",""line"":1,""lines"":[1,5]},""crossReferences"":[],""dataFile"":""data/timeline-events-xiaoao-liushinian-youhua-shuo.json""}"
"25018","2009","2009-08-03","2009年8月3日","day","confirmed","李敖让萧启庆评价自己的台大历史系时期","节目中，李敖不直接赞美自己，而请台大同班好友萧启庆出面评价；萧启庆说他不是循规蹈矩的学生，却课外阅读极广，无人能及。","李敖、萧启庆","台湾大学","笑傲六十年·有话说李敖、台湾大学、萧启庆、读书","节目线、媒体线","笑傲六十年·有话说李敖、001.20090803惨绿少年·初抵台湾","","笑傲六十年·有话说李敖","001.20090803惨绿少年·初抵台湾","45","《大李敖全集5.0》（wjm_tcy版）分章节/010.节目演讲类/010.笑傲六十年·有话说李敖/001.20090803惨绿少年·初抵台湾.txt","","[]","data/timeline-events-xiaoao-liushinian-youhua-shuo.json","xiaoao-liushinian-001-lets-xiao-qiqing-evaluate-ntu-years","{""id"":""xiaoao-liushinian-001-lets-xiao-qiqing-evaluate-ntu-years"",""date"":""2009-08-03"",""displayDate"":""2009年8月3日"",""datePrecision"":""day"",""title"":""李敖让萧启庆评价自己的台大历史系时期"",""summary"":""节目中，李敖不直接赞美自己，而请台大同班好友萧启庆出面评价；萧启庆说他不是循规蹈矩的学生，却课外阅读极广，无人能及。"",""view"":[""节目线"",""媒体线""],""tags"":[""笑傲六十年·有话说李敖"",""台湾大学"",""萧启庆"",""读书""],""people"":[""李敖"",""萧启庆""],""places"":[""台湾大学""],""works"":[""笑傲六十年·有话说李敖"",""001.20090803惨绿少年·初抵台湾""],""certainty"":""confirmed"",""source"":{""book"":""笑傲六十年·有话说李敖"",""chapter"":""001.20090803惨绿少年·初抵台湾"",""path"":""《大李敖全集5.0》（wjm_tcy版）分章节/010.节目演讲类/010.笑傲六十年·有话说李敖/001.20090803惨绿少年·初抵台湾.txt"",""line"":45,""lines"":[45,47]},""crossReferences"":[],""dataFile"":""data/timeline-events-xiaoao-liushinian-youhua-shuo.json""}"
"25019","2009","2009-08-03","2009年8月3日","day","confirmed","李敖回忆少年时代写信挑钱穆错误，并得到钱穆鼓励","经徐武军介绍，李敖认识在台中养病的钱穆；他以中学生身份写信指出钱穆错误，得到回信鼓励和赠书，节目中又回顾后来在故宫远远见到钱穆的最后一面。","李敖、徐武军、钱穆","台中、故宫博物院","笑傲六十年·有话说李敖、钱穆、少年读书、师友","节目线、媒体线","笑傲六十年·有话说李敖、001.20090803惨绿少年·初抵台湾","","笑傲六十年·有话说李敖","001.20090803惨绿少年·初抵台湾","15","《大李敖全集5.0》（wjm_tcy版）分章节/010.节目演讲类/010.笑傲六十年·有话说李敖/001.20090803惨绿少年·初抵台湾.txt","","[]","data/timeline-events-xiaoao-liushinian-youhua-shuo.json","xiaoao-liushinian-001-recalls-qian-mu-encouragement","{""id"":""xiaoao-liushinian-001-recalls-qian-mu-encouragement"",""date"":""2009-08-03"",""displayDate"":""2009年8月3日"",""datePrecision"":""day"",""title"":""李敖回忆少年时代写信挑钱穆错误，并得到钱穆鼓励"",""summary"":""经徐武军介绍，李敖认识在台中养病的钱穆；他以中学生身份写信指出钱穆错误，得到回信鼓励和赠书，节目中又回顾后来在故宫远远见到钱穆的最后一面。"",""view"":[""节目线"",""媒体线""],""tags"":[""笑傲六十年·有话说李敖"",""钱穆"",""少年读书"",""师友""],""people"":[""李敖"",""徐武军"",""钱穆""],""places"":[""台中"",""故宫博物院""],""works"":[""笑傲六十年·有话说李敖"",""001.20090803惨绿少年·初抵台湾""],""certainty"":""confirmed"",""source"":{""book"":""笑傲六十年·有话说李敖"",""chapter"":""001.20090803惨绿少年·初抵台湾"",""path"":""《大李敖全集5.0》（wjm_tcy版）分章节/010.节目演讲类/010.笑傲六十年·有话说李敖/001.20090803惨绿少年·初抵台湾.txt"",""line"":15,""lines"":[15,17]},""crossReferences"":[],""dataFile"":""data/timeline-events-xiaoao-liushinian-youhua-shuo.json""}"
"25020","2009","2009-08-03","2009年8月3日","day","confirmed","李敖回忆王作荣师生关系，批他任监察院长时未弹劾李登辉","李敖说自己法律系时认识经济学老师王作荣，多年后两人散步吃饭，但后来翻脸；原因是李敖认为王作荣做了监察院长就该付诸行动弹劾李登辉，而不是只写文章。","李敖、王作荣、李登辉、石齐平","台北、敦化南路","笑傲六十年·有话说李敖、王作荣、监察院、行动标准","节目线、媒体线","笑傲六十年·有话说李敖、001.20090803惨绿少年·初抵台湾","","笑傲六十年·有话说李敖","001.20090803惨绿少年·初抵台湾","43","《大李敖全集5.0》（wjm_tcy版）分章节/010.节目演讲类/010.笑傲六十年·有话说李敖/001.20090803惨绿少年·初抵台湾.txt","","[]","data/timeline-events-xiaoao-liushinian-youhua-shuo.json","xiaoao-liushinian-001-recalls-wang-zuorong-and-action-standard","{""id"":""xiaoao-liushinian-001-recalls-wang-zuorong-and-action-standard"",""date"":""2009-08-03"",""displayDate"":""2009年8月3日"",""datePrecision"":""day"",""title"":""李敖回忆王作荣师生关系，批他任监察院长时未弹劾李登辉"",""summary"":""李敖说自己法律系时认识经济学老师王作荣，多年后两人散步吃饭，但后来翻脸；原因是李敖认为王作荣做了监察院长就该付诸行动弹劾李登辉，而不是只写文章。"",""view"":[""节目线"",""媒体线""],""tags"":[""笑傲六十年·有话说李敖"",""王作荣"",""监察院"",""行动标准""],""people"":[""李敖"",""王作荣"",""李登辉"",""石齐平""],""places"":[""台北"",""敦化南路""],""works"":[""笑傲六十年·有话说李敖"",""001.20090803惨绿少年·初抵台湾""],""certainty"":""confirmed"",""source"":{""book"":""笑傲六十年·有话说李敖"",""chapter"":""001.20090803惨绿少年·初抵台湾"",""path"":""《大李敖全集5.0》（wjm_tcy版）分章节/010.节目演讲类/010.笑傲六十年·有话说李敖/001.20090803惨绿少年·初抵台湾.txt"",""line"":43},""crossReferences"":[],""dataFile"":""data/timeline-events-xiaoao-liushinian-youhua-shuo.json""}"
"25021","2009","2009-08-03","2009年8月3日","day","confirmed","李敖回忆台大女友和《情老》诗，旧地重游时感叹自己已退出台大","李敖说自己在台大历史系有一位中学时代认识的神童女友，后来写《情老》表达分开感受；多年后他回台大为新一代历史系女学生拍照，感叹新一代已占有台大，而自己退出了。","李敖、李远哲","台湾大学、傅园、碧潭","笑傲六十年·有话说李敖、台大女友、情诗、旧地重游","节目线、媒体线","笑傲六十年·有话说李敖、001.20090803惨绿少年·初抵台湾、情老","","笑傲六十年·有话说李敖","001.20090803惨绿少年·初抵台湾","49","《大李敖全集5.0》（wjm_tcy版）分章节/010.节目演讲类/010.笑傲六十年·有话说李敖/001.20090803惨绿少年·初抵台湾.txt","","[]","data/timeline-events-xiaoao-liushinian-youhua-shuo.json","xiaoao-liushinian-001-recalls-ntu-girlfriend-and-qinglao-poem","{""id"":""xiaoao-liushinian-001-recalls-ntu-girlfriend-and-qinglao-poem"",""date"":""2009-08-03"",""displayDate"":""2009年8月3日"",""datePrecision"":""day"",""title"":""李敖回忆台大女友和《情老》诗，旧地重游时感叹自己已退出台大"",""summary"":""李敖说自己在台大历史系有一位中学时代认识的神童女友，后来写《情老》表达分开感受；多年后他回台大为新一代历史系女学生拍照，感叹新一代已占有台大，而自己退出了。"",""view"":[""节目线"",""媒体线""],""tags"":[""笑傲六十年·有话说李敖"",""台大女友"",""情诗"",""旧地重游""],""people"":[""李敖"",""李远哲""],""places"":[""台湾大学"",""傅园"",""碧潭""],""works"":[""笑傲六十年·有话说李敖"",""001.20090803惨绿少年·初抵台湾"",""情老""],""certainty"":""confirmed"",""source"":{""book"":""笑傲六十年·有话说李敖"",""chapter"":""001.20090803惨绿少年·初抵台湾"",""path"":""《大李敖全集5.0》（wjm_tcy版）分章节/010.节目演讲类/010.笑傲六十年·有话说李敖/001.20090803惨绿少年·初抵台湾.txt"",""line"":49,""lines"":[49,51,53,55,57]},""crossReferences"":[],""dataFile"":""data/timeline-events-xiaoao-liushinian-youhua-shuo.json""}"
"25022","2009","2009-08-03","2009年8月3日","day","confirmed","李敖回忆严侨被捕后省早餐钱接济严家，并收到胡适转来的生还消息","严侨被捕后，李敖省下早餐钱给严师母；后来他误以为严侨死在绿岛，在给胡适的长信里提及怀念严侨，胡适便托姚从吾转来严侨已经恢复自由的消息。","李敖、严侨、严师母、胡适、姚从吾、华严","台中、台北、绿岛","笑傲六十年·有话说李敖、严侨、胡适来信、接济","节目线、媒体线","笑傲六十年·有话说李敖、001.20090803惨绿少年·初抵台湾","1953-saves-breakfast-money-for-yan-family、1961-10-29-hu-news-yan-alive、li-ao-yumiao-tianxia-101-recalls-saving-breakfast-money-for-yan-family、li-ao-yumiao-tianxia-101-recalls-writing-hu-shih-about-yan-qiao","笑傲六十年·有话说李敖","001.20090803惨绿少年·初抵台湾","27","《大李敖全集5.0》（wjm_tcy版）分章节/010.节目演讲类/010.笑傲六十年·有话说李敖/001.20090803惨绿少年·初抵台湾.txt","","[]","data/timeline-events-xiaoao-liushinian-youhua-shuo.json","xiaoao-liushinian-001-recalls-yan-qiao-arrest-breakfast-and-hu-shih-letter","{""id"":""xiaoao-liushinian-001-recalls-yan-qiao-arrest-breakfast-and-hu-shih-letter"",""date"":""2009-08-03"",""displayDate"":""2009年8月3日"",""datePrecision"":""day"",""title"":""李敖回忆严侨被捕后省早餐钱接济严家，并收到胡适转来的生还消息"",""summary"":""严侨被捕后，李敖省下早餐钱给严师母；后来他误以为严侨死在绿岛，在给胡适的长信里提及怀念严侨，胡适便托姚从吾转来严侨已经恢复自由的消息。"",""view"":[""节目线"",""媒体线""],""tags"":[""笑傲六十年·有话说李敖"",""严侨"",""胡适来信"",""接济""],""people"":[""李敖"",""严侨"",""严师母"",""胡适"",""姚从吾"",""华严""],""places"":[""台中"",""台北"",""绿岛""],""works"":[""笑傲六十年·有话说李敖"",""001.20090803惨绿少年·初抵台湾""],""certainty"":""confirmed"",""source"":{""book"":""笑傲六十年·有话说李敖"",""chapter"":""001.20090803惨绿少年·初抵台湾"",""path"":""《大李敖全集5.0》（wjm_tcy版）分章节/010.节目演讲类/010.笑傲六十年·有话说李敖/001.20090803惨绿少年·初抵台湾.txt"",""line"":27,""lines"":[27,29]},""crossReferences"":[""1953-saves-breakfast-money-for-yan-family"",""1961-10-29-hu-news-yan-alive"",""li-ao-yumiao-tianxia-101-recalls-saving-breakfast-money-for-yan-family"",""li-ao-yumiao-tianxia-101-recalls-writing-hu-shih-about-yan-qiao""],""dataFile"":""data/timeline-events-xiaoao-liushinian-youhua-shuo.json""}"
"25023","2009","2009-08-03","2009年8月3日","day","confirmed","李敖回忆初到台中一中，初三办报已开始写文章闯祸","他回忆初到台湾见小学生打赤脚，随后跳班进台中一中，并在《初三上甲组报》批评高班同学，引来抗议；李敖称这证明自己写文章闯祸的前科源远流长。","李敖、陈正澄、徐武军","台中、台中一中","笑傲六十年·有话说李敖、台中一中、学生办报、写作前科","节目线、媒体线","笑傲六十年·有话说李敖、001.20090803惨绿少年·初抵台湾、初三上甲组报","","笑傲六十年·有话说李敖","001.20090803惨绿少年·初抵台湾","13","《大李敖全集5.0》（wjm_tcy版）分章节/010.节目演讲类/010.笑傲六十年·有话说李敖/001.20090803惨绿少年·初抵台湾.txt","","[]","data/timeline-events-xiaoao-liushinian-youhua-shuo.json","xiaoao-liushinian-001-recalls-taichung-first-and-school-paper-trouble","{""id"":""xiaoao-liushinian-001-recalls-taichung-first-and-school-paper-trouble"",""date"":""2009-08-03"",""displayDate"":""2009年8月3日"",""datePrecision"":""day"",""title"":""李敖回忆初到台中一中，初三办报已开始写文章闯祸"",""summary"":""他回忆初到台湾见小学生打赤脚，随后跳班进台中一中，并在《初三上甲组报》批评高班同学，引来抗议；李敖称这证明自己写文章闯祸的前科源远流长。"",""view"":[""节目线"",""媒体线""],""tags"":[""笑傲六十年·有话说李敖"",""台中一中"",""学生办报"",""写作前科""],""people"":[""李敖"",""陈正澄"",""徐武军""],""places"":[""台中"",""台中一中""],""works"":[""笑傲六十年·有话说李敖"",""001.20090803惨绿少年·初抵台湾"",""初三上甲组报""],""certainty"":""confirmed"",""source"":{""book"":""笑傲六十年·有话说李敖"",""chapter"":""001.20090803惨绿少年·初抵台湾"",""path"":""《大李敖全集5.0》（wjm_tcy版）分章节/010.节目演讲类/010.笑傲六十年·有话说李敖/001.20090803惨绿少年·初抵台湾.txt"",""line"":13},""crossReferences"":[],""dataFile"":""data/timeline-events-xiaoao-liushinian-youhua-shuo.json""}"
"25024","2009","2009-08-03","2009年8月3日","day","confirmed","李敖回忆退出台中一中，以同等学历考进台湾大学","李敖说自己高三没有读完，受不了学校制式教育而退学，随后以同等学历考进台湾大学，第一年读法律，并把二十岁作为大学生活的重要节点。","李敖","台中、台北、台湾大学","笑傲六十年·有话说李敖、退学、台湾大学、同等学历","节目线、媒体线","笑傲六十年·有话说李敖、001.20090803惨绿少年·初抵台湾","","笑傲六十年·有话说李敖","001.20090803惨绿少年·初抵台湾","37","《大李敖全集5.0》（wjm_tcy版）分章节/010.节目演讲类/010.笑傲六十年·有话说李敖/001.20090803惨绿少年·初抵台湾.txt","","[]","data/timeline-events-xiaoao-liushinian-youhua-shuo.json","xiaoao-liushinian-001-recalls-leaving-taichung-first-entering-ntu","{""id"":""xiaoao-liushinian-001-recalls-leaving-taichung-first-entering-ntu"",""date"":""2009-08-03"",""displayDate"":""2009年8月3日"",""datePrecision"":""day"",""title"":""李敖回忆退出台中一中，以同等学历考进台湾大学"",""summary"":""李敖说自己高三没有读完，受不了学校制式教育而退学，随后以同等学历考进台湾大学，第一年读法律，并把二十岁作为大学生活的重要节点。"",""view"":[""节目线"",""媒体线""],""tags"":[""笑傲六十年·有话说李敖"",""退学"",""台湾大学"",""同等学历""],""people"":[""李敖""],""places"":[""台中"",""台北"",""台湾大学""],""works"":[""笑傲六十年·有话说李敖"",""001.20090803惨绿少年·初抵台湾""],""certainty"":""confirmed"",""source"":{""book"":""笑傲六十年·有话说李敖"",""chapter"":""001.20090803惨绿少年·初抵台湾"",""path"":""《大李敖全集5.0》（wjm_tcy版）分章节/010.节目演讲类/010.笑傲六十年·有话说李敖/001.20090803惨绿少年·初抵台湾.txt"",""line"":37},""crossReferences"":[],""dataFile"":""data/timeline-events-xiaoao-liushinian-youhua-shuo.json""}"
"25025","2009","2009-08-03","2009年8月3日","day","confirmed","李敖在节目中回忆严侨承认共产党身份，少年自己也想偷渡回祖国","李敖说严侨酒后告诉他自己是共产党，并计划带他偷渡回祖国；他当时同意，因为少年时代也想做共产党、不愿留在台湾。","李敖、严侨","台中、台湾、大陆","笑傲六十年·有话说李敖、严侨、偷渡、少年政治倾向","节目线、媒体线","笑傲六十年·有话说李敖、001.20090803惨绿少年·初抵台湾","1952-yan-qiao-confesses-communist、li-ao-yumiao-tianxia-101-recalls-yan-qiao-confessed-communist-and-teen-wanted-mainland","笑傲六十年·有话说李敖","001.20090803惨绿少年·初抵台湾","27","《大李敖全集5.0》（wjm_tcy版）分章节/010.节目演讲类/010.笑傲六十年·有话说李敖/001.20090803惨绿少年·初抵台湾.txt","","[]","data/timeline-events-xiaoao-liushinian-youhua-shuo.json","xiaoao-liushinian-001-recalls-yan-qiao-communist-and-smuggling-plan","{""id"":""xiaoao-liushinian-001-recalls-yan-qiao-communist-and-smuggling-plan"",""date"":""2009-08-03"",""displayDate"":""2009年8月3日"",""datePrecision"":""day"",""title"":""李敖在节目中回忆严侨承认共产党身份，少年自己也想偷渡回祖国"",""summary"":""李敖说严侨酒后告诉他自己是共产党，并计划带他偷渡回祖国；他当时同意，因为少年时代也想做共产党、不愿留在台湾。"",""view"":[""节目线"",""媒体线""],""tags"":[""笑傲六十年·有话说李敖"",""严侨"",""偷渡"",""少年政治倾向""],""people"":[""李敖"",""严侨""],""places"":[""台中"",""台湾"",""大陆""],""works"":[""笑傲六十年·有话说李敖"",""001.20090803惨绿少年·初抵台湾""],""certainty"":""confirmed"",""source"":{""book"":""笑傲六十年·有话说李敖"",""chapter"":""001.20090803惨绿少年·初抵台湾"",""path"":""《大李敖全集5.0》（wjm_tcy版）分章节/010.节目演讲类/010.笑傲六十年·有话说李敖/001.20090803惨绿少年·初抵台湾.txt"",""line"":27},""crossReferences"":[""1952-yan-qiao-confesses-communist"",""li-ao-yumiao-tianxia-101-recalls-yan-qiao-confessed-communist-and-teen-wanted-mainland""],""dataFile"":""data/timeline-events-xiaoao-liushinian-youhua-shuo.json""}"
"25026","2009","2009-08-03","2009年8月3日","day","confirmed","李敖拜访姚从吾墓，自称学术圈外的野狐","李敖到阳明山公墓探看姚从吾的坟，感谢姚从吾希望他成为学者；他同时说自己终究没有走入学院，而成了学术圈外的野狐，坐牢后甚至在纪念集中被抹去名字。","李敖、姚从吾、萧启庆","阳明山公墓","笑傲六十年·有话说李敖、姚从吾、学术圈、坐牢","节目线、媒体线","笑傲六十年·有话说李敖、001.20090803惨绿少年·初抵台湾","","笑傲六十年·有话说李敖","001.20090803惨绿少年·初抵台湾","59","《大李敖全集5.0》（wjm_tcy版）分章节/010.节目演讲类/010.笑傲六十年·有话说李敖/001.20090803惨绿少年·初抵台湾.txt","","[]","data/timeline-events-xiaoao-liushinian-youhua-shuo.json","xiaoao-liushinian-001-visits-yao-congwu-grave-and-calls-self-wild-fox","{""id"":""xiaoao-liushinian-001-visits-yao-congwu-grave-and-calls-self-wild-fox"",""date"":""2009-08-03"",""displayDate"":""2009年8月3日"",""datePrecision"":""day"",""title"":""李敖拜访姚从吾墓，自称学术圈外的野狐"",""summary"":""李敖到阳明山公墓探看姚从吾的坟，感谢姚从吾希望他成为学者；他同时说自己终究没有走入学院，而成了学术圈外的野狐，坐牢后甚至在纪念集中被抹去名字。"",""view"":[""节目线"",""媒体线""],""tags"":[""笑傲六十年·有话说李敖"",""姚从吾"",""学术圈"",""坐牢""],""people"":[""李敖"",""姚从吾"",""萧启庆""],""places"":[""阳明山公墓""],""works"":[""笑傲六十年·有话说李敖"",""001.20090803惨绿少年·初抵台湾""],""certainty"":""confirmed"",""source"":{""book"":""笑傲六十年·有话说李敖"",""chapter"":""001.20090803惨绿少年·初抵台湾"",""path"":""《大李敖全集5.0》（wjm_tcy版）分章节/010.节目演讲类/010.笑傲六十年·有话说李敖/001.20090803惨绿少年·初抵台湾.txt"",""line"":59},""crossReferences"":[],""dataFile"":""data/timeline-events-xiaoao-liushinian-youhua-shuo.json""}"
"25027","2009","2009-08-03","2009年8月3日","day","confirmed","李敖重申遗体捐给台大医院，笑谈骨科骷髅和前列腺手术","李敖回忆来台五十周年演讲时通过韩毅雄宣布死后捐尸给台大骨科，并在节目中笑谈前列腺癌手术可能影响解剖观感；他虽有玩笑式后悔，仍说会维持捐赠诺言。","李敖、韩毅雄、陈水扁","台湾大学、台大医院","笑傲六十年·有话说李敖、遗体捐赠、前列腺癌、台大医院","节目线、媒体线","笑傲六十年·有话说李敖、001.20090803惨绿少年·初抵台湾","book5-1998-08-07-finishes-zhili-ji-and-body-donation-note、li-ao-yumiao-tianxia-107-says-body-donation-no-coffin、li-ao-yumiao-tianxia-064-jokes-withdraw-body-donation-after-matchmaking","笑傲六十年·有话说李敖","001.20090803惨绿少年·初抵台湾","33","《大李敖全集5.0》（wjm_tcy版）分章节/010.节目演讲类/010.笑傲六十年·有话说李敖/001.20090803惨绿少年·初抵台湾.txt","","[]","data/timeline-events-xiaoao-liushinian-youhua-shuo.json","xiaoao-liushinian-001-reaffirms-body-donation-to-ntu","{""id"":""xiaoao-liushinian-001-reaffirms-body-donation-to-ntu"",""date"":""2009-08-03"",""displayDate"":""2009年8月3日"",""datePrecision"":""day"",""title"":""李敖重申遗体捐给台大医院，笑谈骨科骷髅和前列腺手术"",""summary"":""李敖回忆来台五十周年演讲时通过韩毅雄宣布死后捐尸给台大骨科，并在节目中笑谈前列腺癌手术可能影响解剖观感；他虽有玩笑式后悔，仍说会维持捐赠诺言。"",""view"":[""节目线"",""媒体线""],""tags"":[""笑傲六十年·有话说李敖"",""遗体捐赠"",""前列腺癌"",""台大医院""],""people"":[""李敖"",""韩毅雄"",""陈水扁""],""places"":[""台湾大学"",""台大医院""],""works"":[""笑傲六十年·有话说李敖"",""001.20090803惨绿少年·初抵台湾""],""certainty"":""confirmed"",""source"":{""book"":""笑傲六十年·有话说李敖"",""chapter"":""001.20090803惨绿少年·初抵台湾"",""path"":""《大李敖全集5.0》（wjm_tcy版）分章节/010.节目演讲类/010.笑傲六十年·有话说李敖/001.20090803惨绿少年·初抵台湾.txt"",""line"":33,""lines"":[33,35]},""crossReferences"":[""book5-1998-08-07-finishes-zhili-ji-and-body-donation-note"",""li-ao-yumiao-tianxia-107-says-body-donation-no-coffin"",""li-ao-yumiao-tianxia-064-jokes-withdraw-body-donation-after-matchmaking""],""dataFile"":""data/timeline-events-xiaoao-liushinian-youhua-shuo.json""}"
"25028","2009","2009-08-03","2009年8月3日","day","confirmed","李敖展示“一定要解放台湾”海报，解释自己为何被困台湾","李敖拿出保存的共产党海报，指出“解放台湾”没有时间表，结果害得他长期留在岛上，与被共产党赶来的蒋介石及其团队纠缠六十年。","李敖、蒋介石、蒋经国、李登辉、陈水扁","台湾","笑傲六十年·有话说李敖、文物展示、一定要解放台湾、蒋介石团队","节目线、媒体线","笑傲六十年·有话说李敖、001.20090803惨绿少年·初抵台湾","","笑傲六十年·有话说李敖","001.20090803惨绿少年·初抵台湾","9","《大李敖全集5.0》（wjm_tcy版）分章节/010.节目演讲类/010.笑傲六十年·有话说李敖/001.20090803惨绿少年·初抵台湾.txt","","[]","data/timeline-events-xiaoao-liushinian-youhua-shuo.json","xiaoao-liushinian-001-shows-liberate-taiwan-poster-and-trapped-life","{""id"":""xiaoao-liushinian-001-shows-liberate-taiwan-poster-and-trapped-life"",""date"":""2009-08-03"",""displayDate"":""2009年8月3日"",""datePrecision"":""day"",""title"":""李敖展示“一定要解放台湾”海报，解释自己为何被困台湾"",""summary"":""李敖拿出保存的共产党海报，指出“解放台湾”没有时间表，结果害得他长期留在岛上，与被共产党赶来的蒋介石及其团队纠缠六十年。"",""view"":[""节目线"",""媒体线""],""tags"":[""笑傲六十年·有话说李敖"",""文物展示"",""一定要解放台湾"",""蒋介石团队""],""people"":[""李敖"",""蒋介石"",""蒋经国"",""李登辉"",""陈水扁""],""places"":[""台湾""],""works"":[""笑傲六十年·有话说李敖"",""001.20090803惨绿少年·初抵台湾""],""certainty"":""confirmed"",""source"":{""book"":""笑傲六十年·有话说李敖"",""chapter"":""001.20090803惨绿少年·初抵台湾"",""path"":""《大李敖全集5.0》（wjm_tcy版）分章节/010.节目演讲类/010.笑傲六十年·有话说李敖/001.20090803惨绿少年·初抵台湾.txt"",""line"":9,""lines"":[9,11]},""crossReferences"":[],""dataFile"":""data/timeline-events-xiaoao-liushinian-youhua-shuo.json""}"
"25029","2009","2009-08-03","2009年8月3日","day","confirmed","李敖展示小难民照片，回忆因贫穷只能画童子军帽","李敖展示少年难民照片，说自己曾被选为菲律宾世界童子军大会代表，却因无钱重拍戴帽照片，只好在旧照上画帽子，被老师王福霖打回；他又以日月潭远足未成说明少年贫困。","李敖、陈正澄、王福霖","台中、菲律宾、日月潭","笑傲六十年·有话说李敖、童子军、贫困、照片展示","节目线、媒体线","笑傲六十年·有话说李敖、001.20090803惨绿少年·初抵台湾","","笑傲六十年·有话说李敖","001.20090803惨绿少年·初抵台湾","23","《大李敖全集5.0》（wjm_tcy版）分章节/010.节目演讲类/010.笑傲六十年·有话说李敖/001.20090803惨绿少年·初抵台湾.txt","","[]","data/timeline-events-xiaoao-liushinian-youhua-shuo.json","xiaoao-liushinian-001-shows-refugee-photo-scout-hat-poverty","{""id"":""xiaoao-liushinian-001-shows-refugee-photo-scout-hat-poverty"",""date"":""2009-08-03"",""displayDate"":""2009年8月3日"",""datePrecision"":""day"",""title"":""李敖展示小难民照片，回忆因贫穷只能画童子军帽"",""summary"":""李敖展示少年难民照片，说自己曾被选为菲律宾世界童子军大会代表，却因无钱重拍戴帽照片，只好在旧照上画帽子，被老师王福霖打回；他又以日月潭远足未成说明少年贫困。"",""view"":[""节目线"",""媒体线""],""tags"":[""笑傲六十年·有话说李敖"",""童子军"",""贫困"",""照片展示""],""people"":[""李敖"",""陈正澄"",""王福霖""],""places"":[""台中"",""菲律宾"",""日月潭""],""works"":[""笑傲六十年·有话说李敖"",""001.20090803惨绿少年·初抵台湾""],""certainty"":""confirmed"",""source"":{""book"":""笑傲六十年·有话说李敖"",""chapter"":""001.20090803惨绿少年·初抵台湾"",""path"":""《大李敖全集5.0》（wjm_tcy版）分章节/010.节目演讲类/010.笑傲六十年·有话说李敖/001.20090803惨绿少年·初抵台湾.txt"",""line"":23},""crossReferences"":[],""dataFile"":""data/timeline-events-xiaoao-liushinian-youhua-shuo.json""}"
"25030","2009","2009-08-03","2009年8月3日","day","confirmed","李敖展示台中公园师生照，串起父亲、严侨和黄钟","李敖拿出中学时期台中公园合照，指认校长金树荣、父亲李鼎彝、数学老师严侨和黄钟，并由照片转入黄钟早逝与严侨被特务跟踪的往事。","李敖、金树荣、李鼎彝、严侨、黄钟","台中公园、台中一中","笑傲六十年·有话说李敖、照片展示、台中一中、严侨","节目线、媒体线","笑傲六十年·有话说李敖、001.20090803惨绿少年·初抵台湾","","笑傲六十年·有话说李敖","001.20090803惨绿少年·初抵台湾","25","《大李敖全集5.0》（wjm_tcy版）分章节/010.节目演讲类/010.笑傲六十年·有话说李敖/001.20090803惨绿少年·初抵台湾.txt","","[]","data/timeline-events-xiaoao-liushinian-youhua-shuo.json","xiaoao-liushinian-001-shows-taichung-park-teachers-photo","{""id"":""xiaoao-liushinian-001-shows-taichung-park-teachers-photo"",""date"":""2009-08-03"",""displayDate"":""2009年8月3日"",""datePrecision"":""day"",""title"":""李敖展示台中公园师生照，串起父亲、严侨和黄钟"",""summary"":""李敖拿出中学时期台中公园合照，指认校长金树荣、父亲李鼎彝、数学老师严侨和黄钟，并由照片转入黄钟早逝与严侨被特务跟踪的往事。"",""view"":[""节目线"",""媒体线""],""tags"":[""笑傲六十年·有话说李敖"",""照片展示"",""台中一中"",""严侨""],""people"":[""李敖"",""金树荣"",""李鼎彝"",""严侨"",""黄钟""],""places"":[""台中公园"",""台中一中""],""works"":[""笑傲六十年·有话说李敖"",""001.20090803惨绿少年·初抵台湾""],""certainty"":""confirmed"",""source"":{""book"":""笑傲六十年·有话说李敖"",""chapter"":""001.20090803惨绿少年·初抵台湾"",""path"":""《大李敖全集5.0》（wjm_tcy版）分章节/010.节目演讲类/010.笑傲六十年·有话说李敖/001.20090803惨绿少年·初抵台湾.txt"",""line"":25},""crossReferences"":[],""dataFile"":""data/timeline-events-xiaoao-liushinian-youhua-shuo.json""}"
"25031","2009","2009-08-03","2009年8月3日","day","confirmed","李敖展示严侨叛乱案记录，并说明曾在《中华英烈》怀念老师","他在节目中展示国民党秘密记录里的“严侨叛乱案”，又说多年后在大陆《中华英烈》写文纪念严侨，用这条师生线说明自己早想离开台湾而未能成功。","李敖、严侨","台湾、大陆","笑傲六十年·有话说李敖、严侨、档案展示、中华英烈","节目线、媒体线","笑傲六十年·有话说李敖、001.20090803惨绿少年·初抵台湾、中华英烈","li-ao-yumiao-tianxia-101-shows-yan-qiao-and-family-photos","笑傲六十年·有话说李敖","001.20090803惨绿少年·初抵台湾","31","《大李敖全集5.0》（wjm_tcy版）分章节/010.节目演讲类/010.笑傲六十年·有话说李敖/001.20090803惨绿少年·初抵台湾.txt","","[]","data/timeline-events-xiaoao-liushinian-youhua-shuo.json","xiaoao-liushinian-001-shows-yan-qiao-case-file-and-zhonghua-yinglie","{""id"":""xiaoao-liushinian-001-shows-yan-qiao-case-file-and-zhonghua-yinglie"",""date"":""2009-08-03"",""displayDate"":""2009年8月3日"",""datePrecision"":""day"",""title"":""李敖展示严侨叛乱案记录，并说明曾在《中华英烈》怀念老师"",""summary"":""他在节目中展示国民党秘密记录里的“严侨叛乱案”，又说多年后在大陆《中华英烈》写文纪念严侨，用这条师生线说明自己早想离开台湾而未能成功。"",""view"":[""节目线"",""媒体线""],""tags"":[""笑傲六十年·有话说李敖"",""严侨"",""档案展示"",""中华英烈""],""people"":[""李敖"",""严侨""],""places"":[""台湾"",""大陆""],""works"":[""笑傲六十年·有话说李敖"",""001.20090803惨绿少年·初抵台湾"",""中华英烈""],""certainty"":""confirmed"",""source"":{""book"":""笑傲六十年·有话说李敖"",""chapter"":""001.20090803惨绿少年·初抵台湾"",""path"":""《大李敖全集5.0》（wjm_tcy版）分章节/010.节目演讲类/010.笑傲六十年·有话说李敖/001.20090803惨绿少年·初抵台湾.txt"",""line"":31},""crossReferences"":[""li-ao-yumiao-tianxia-101-shows-yan-qiao-and-family-photos""],""dataFile"":""data/timeline-events-xiaoao-liushinian-youhua-shuo.json""}"
"25032","2009","2009-08-03","2009年8月3日，《南方人物周刊》台北专访中","day","reported-by-author","台北受访复盘大陆行并谈《阳痿美国》、山居和死亡安排","《南方人物周刊》记者在台北访问李敖时，报道他在价值不菲的豪宅楼下小径留影，并从大陆行、台湾、家人、女人、诗书文章一路问到死亡。李敖回看2005年大陆行，称自己“终于活着回去了”；谈写作时说现在电视不做了，反而闷头写书，正在写《阳痿美国》；谈阳明山生活时说自己十二年来只有一次身体不舒服下山，早上五点半起、晚上十二点睡、午间只躺地十分钟；最后又说遗体会捐给台湾大学医院，墓碑什么都不写。","李敖","台北、阳明山、台湾大学医院","南方人物周刊、台北专访、阳明山、阳痿美国、死亡安排、山居","访谈线、写作线、晚年线","《南方人物周刊》专访李敖、阳痿美国","li-ao-fangtanlu-2005-09-late-shenzhou-lecture-scenes-pku-tsinghua-fudan、ni-bendan-2010-08-13-writes-impotent-america","李敖访谈录1990-2018","046.20090803《南方人物周刊》专访李敖","21","《大李敖全集5.0》（wjm_tcy版）分章节/007.采访序跋类/005.李敖访谈录1990-2018/046.20090803《南方人物周刊》专访李敖.txt","","[]","data/timeline-events-li-ao-fangtanlu-1990-2018.json","li-ao-fangtanlu-2009-08-03-southern-people-taipei-interview-death-writing-yangmingshan","{""id"":""li-ao-fangtanlu-2009-08-03-southern-people-taipei-interview-death-writing-yangmingshan"",""date"":""2009-08-03"",""displayDate"":""2009年8月3日，《南方人物周刊》台北专访中"",""datePrecision"":""day"",""title"":""台北受访复盘大陆行并谈《阳痿美国》、山居和死亡安排"",""summary"":""《南方人物周刊》记者在台北访问李敖时，报道他在价值不菲的豪宅楼下小径留影，并从大陆行、台湾、家人、女人、诗书文章一路问到死亡。李敖回看2005年大陆行，称自己“终于活着回去了”；谈写作时说现在电视不做了，反而闷头写书，正在写《阳痿美国》；谈阳明山生活时说自己十二年来只有一次身体不舒服下山，早上五点半起、晚上十二点睡、午间只躺地十分钟；最后又说遗体会捐给台湾大学医院，墓碑什么都不写。"",""category"":""interview"",""type"":""李敖当事人事件"",""certainty"":""reported-by-author"",""source"":{""book"":""李敖访谈录1990-2018"",""chapter"":""046.20090803《南方人物周刊》专访李敖"",""path"":""《大李敖全集5.0》（wjm_tcy版）分章节/007.采访序跋类/005.李敖访谈录1990-2018/046.20090803《南方人物周刊》专访李敖.txt"",""line"":21,""lines"":[21,25,27,155,319,321,383,391,393,395],""note"":""《南方人物周刊》台北访问记录李敖复盘大陆行、谈《阳痿美国》、阳明山作息与遗体安排。""},""tags"":[""南方人物周刊"",""台北专访"",""阳明山"",""阳痿美国"",""死亡安排"",""山居""],""people"":[""李敖""],""places"":[""台北"",""阳明山"",""台湾大学医院""],""works"":[""《南方人物周刊》专访李敖"",""阳痿美国""],""view"":[""访谈线"",""写作线"",""晚年线""],""crossReferences"":[""li-ao-fangtanlu-2005-09-late-shenzhou-lecture-scenes-pku-tsinghua-fudan"",""ni-bendan-2010-08-13-writes-impotent-america""],""dataFile"":""data/timeline-events-li-ao-fangtanlu-1990-2018.json""}"
"25033","2009","2009-08-04","2009年8月4日","day","confirmed","《笑傲六十年·有话说李敖》002集播出，李敖回顾预官、老兵与文星崛起","第二集《狂妄青年·崭露头角》播出，李敖从预备军官生活、军中乐园调查和老兵处境讲起，再转入文星书店如何成为他文字翻江倒海的踏板。","李敖","台湾","笑傲六十年·有话说李敖、节目播出、预备军官、文星","节目线、媒体线","笑傲六十年·有话说李敖、002.20090804狂妄青年·崭露头角","","笑傲六十年·有话说李敖","002.20090804狂妄青年·崭露头角","1","《大李敖全集5.0》（wjm_tcy版）分章节/010.节目演讲类/010.笑傲六十年·有话说李敖/002.20090804狂妄青年·崭露头角.txt","","[]","data/timeline-events-xiaoao-liushinian-youhua-shuo.json","xiaoao-liushinian-002-broadcast-crazy-youth","{""id"":""xiaoao-liushinian-002-broadcast-crazy-youth"",""date"":""2009-08-04"",""displayDate"":""2009年8月4日"",""datePrecision"":""day"",""title"":""《笑傲六十年·有话说李敖》002集播出，李敖回顾预官、老兵与文星崛起"",""summary"":""第二集《狂妄青年·崭露头角》播出，李敖从预备军官生活、军中乐园调查和老兵处境讲起，再转入文星书店如何成为他文字翻江倒海的踏板。"",""view"":[""节目线"",""媒体线""],""tags"":[""笑傲六十年·有话说李敖"",""节目播出"",""预备军官"",""文星""],""people"":[""李敖""],""places"":[""台湾""],""works"":[""笑傲六十年·有话说李敖"",""002.20090804狂妄青年·崭露头角""],""certainty"":""confirmed"",""source"":{""book"":""笑傲六十年·有话说李敖"",""chapter"":""002.20090804狂妄青年·崭露头角"",""path"":""《大李敖全集5.0》（wjm_tcy版）分章节/010.节目演讲类/010.笑傲六十年·有话说李敖/002.20090804狂妄青年·崭露头角.txt"",""line"":1,""lines"":[1,3]},""crossReferences"":[],""dataFile"":""data/timeline-events-xiaoao-liushinian-youhua-shuo.json""}"
"25034","2009","2009-08-04","2009年8月4日","day","confirmed","李敖用老徐和李师科说明老兵悲剧，并回忆自己写文替李师科喊话","他从老兵长期不得退伍的心理失衡讲到管理员老徐返乡梦碎，又讲李师科抢银行为邻家女孩筹钱，说明弱者有自己的正义，并回忆写过《为老兵李师科喊话》。","李敖、李师科","台北、大陆","笑傲六十年·有话说李敖、老兵、李师科、弱者正义","节目线、媒体线","笑傲六十年·有话说李敖、002.20090804狂妄青年·崭露头角、为老兵李师科喊话","li-ao-diandao-zhongsheng-015-compares-weak-protests-and-recalls-li-shike","笑傲六十年·有话说李敖","002.20090804狂妄青年·崭露头角","37","《大李敖全集5.0》（wjm_tcy版）分章节/010.节目演讲类/010.笑傲六十年·有话说李敖/002.20090804狂妄青年·崭露头角.txt","","[]","data/timeline-events-xiaoao-liushinian-youhua-shuo.json","xiaoao-liushinian-002-uses-li-shike-and-old-xu-to-explain-old-soldiers","{""id"":""xiaoao-liushinian-002-uses-li-shike-and-old-xu-to-explain-old-soldiers"",""date"":""2009-08-04"",""displayDate"":""2009年8月4日"",""datePrecision"":""day"",""title"":""李敖用老徐和李师科说明老兵悲剧，并回忆自己写文替李师科喊话"",""summary"":""他从老兵长期不得退伍的心理失衡讲到管理员老徐返乡梦碎，又讲李师科抢银行为邻家女孩筹钱，说明弱者有自己的正义，并回忆写过《为老兵李师科喊话》。"",""view"":[""节目线"",""媒体线""],""tags"":[""笑傲六十年·有话说李敖"",""老兵"",""李师科"",""弱者正义""],""people"":[""李敖"",""李师科""],""places"":[""台北"",""大陆""],""works"":[""笑傲六十年·有话说李敖"",""002.20090804狂妄青年·崭露头角"",""为老兵李师科喊话""],""certainty"":""confirmed"",""source"":{""book"":""笑傲六十年·有话说李敖"",""chapter"":""002.20090804狂妄青年·崭露头角"",""path"":""《大李敖全集5.0》（wjm_tcy版）分章节/010.节目演讲类/010.笑傲六十年·有话说李敖/002.20090804狂妄青年·崭露头角.txt"",""line"":37,""lines"":[37,39,41,43]},""crossReferences"":[""li-ao-diandao-zhongsheng-015-compares-weak-protests-and-recalls-li-shike""],""dataFile"":""data/timeline-events-xiaoao-liushinian-youhua-shuo.json""}"
"25035","2009","2009-08-04","2009年8月4日","day","confirmed","李敖列举自己在文星出的书，并说大多被查禁","节目中，李敖列出《传统下的独白》《历史与人像》《教育与脸谱》《胡适评传》等文星时期出版物，并强调这些书大部分被查禁；他同时说自己不愿只被文星四年框住。","李敖","台湾","笑傲六十年·有话说李敖、文星、禁书、著作","节目线、媒体线","笑傲六十年·有话说李敖、002.20090804狂妄青年·崭露头角、传统下的独白、历史与人像、教育与脸谱、胡适评传、胡适研究","","笑傲六十年·有话说李敖","002.20090804狂妄青年·崭露头角","57","《大李敖全集5.0》（wjm_tcy版）分章节/010.节目演讲类/010.笑傲六十年·有话说李敖/002.20090804狂妄青年·崭露头角.txt","","[]","data/timeline-events-xiaoao-liushinian-youhua-shuo.json","xiaoao-liushinian-002-lists-wenxing-books-and-ban-records","{""id"":""xiaoao-liushinian-002-lists-wenxing-books-and-ban-records"",""date"":""2009-08-04"",""displayDate"":""2009年8月4日"",""datePrecision"":""day"",""title"":""李敖列举自己在文星出的书，并说大多被查禁"",""summary"":""节目中，李敖列出《传统下的独白》《历史与人像》《教育与脸谱》《胡适评传》等文星时期出版物，并强调这些书大部分被查禁；他同时说自己不愿只被文星四年框住。"",""view"":[""节目线"",""媒体线""],""tags"":[""笑傲六十年·有话说李敖"",""文星"",""禁书"",""著作""],""people"":[""李敖""],""places"":[""台湾""],""works"":[""笑傲六十年·有话说李敖"",""002.20090804狂妄青年·崭露头角"",""传统下的独白"",""历史与人像"",""教育与脸谱"",""胡适评传"",""胡适研究""],""certainty"":""confirmed"",""source"":{""book"":""笑傲六十年·有话说李敖"",""chapter"":""002.20090804狂妄青年·崭露头角"",""path"":""《大李敖全集5.0》（wjm_tcy版）分章节/010.节目演讲类/010.笑傲六十年·有话说李敖/002.20090804狂妄青年·崭露头角.txt"",""line"":57,""lines"":[57,59]},""crossReferences"":[],""dataFile"":""data/timeline-events-xiaoao-liushinian-youhua-shuo.json""}"
"25036","2009","2009-08-04","2009年8月4日","day","confirmed","李敖回忆与徐复观打官司，并展示敌人整理的“丰功伟业”表","他提到徐武军的父亲徐复观曾与他打官司，还展示徐复观制作的“李敖诽谤、污蔑个人集团、民族一览表”，称自己的文星功业竟由敌人肯定。","李敖、徐武军、徐复观","台中","笑傲六十年·有话说李敖、徐复观、文星、官司","节目线、媒体线","笑傲六十年·有话说李敖、002.20090804狂妄青年·崭露头角","","笑傲六十年·有话说李敖","002.20090804狂妄青年·崭露头角","61","《大李敖全集5.0》（wjm_tcy版）分章节/010.节目演讲类/010.笑傲六十年·有话说李敖/002.20090804狂妄青年·崭露头角.txt","","[]","data/timeline-events-xiaoao-liushinian-youhua-shuo.json","xiaoao-liushinian-002-recalls-xu-fuguan-lawsuit-table","{""id"":""xiaoao-liushinian-002-recalls-xu-fuguan-lawsuit-table"",""date"":""2009-08-04"",""displayDate"":""2009年8月4日"",""datePrecision"":""day"",""title"":""李敖回忆与徐复观打官司，并展示敌人整理的“丰功伟业”表"",""summary"":""他提到徐武军的父亲徐复观曾与他打官司，还展示徐复观制作的“李敖诽谤、污蔑个人集团、民族一览表”，称自己的文星功业竟由敌人肯定。"",""view"":[""节目线"",""媒体线""],""tags"":[""笑傲六十年·有话说李敖"",""徐复观"",""文星"",""官司""],""people"":[""李敖"",""徐武军"",""徐复观""],""places"":[""台中""],""works"":[""笑傲六十年·有话说李敖"",""002.20090804狂妄青年·崭露头角""],""certainty"":""confirmed"",""source"":{""book"":""笑傲六十年·有话说李敖"",""chapter"":""002.20090804狂妄青年·崭露头角"",""path"":""《大李敖全集5.0》（wjm_tcy版）分章节/010.节目演讲类/010.笑傲六十年·有话说李敖/002.20090804狂妄青年·崭露头角.txt"",""line"":61,""lines"":[61,63]},""crossReferences"":[],""dataFile"":""data/timeline-events-xiaoao-liushinian-youhua-shuo.json""}"
"25037","2009","2009-08-04","2009年8月4日","day","confirmed","李敖回忆文星女友吴海蒂，并到文星旧址喝豆浆凭吊","他展示文星时期女友吴海蒂照片，又说自己特地回到文星旧址，发现老式日本房子还在，里面变成永和豆浆店，自己进去喝了豆浆，算是现场凭吊。","李敖、吴海蒂","台北、衡阳路","笑傲六十年·有话说李敖、吴海蒂、文星旧址、旧地重游","节目线、媒体线","笑傲六十年·有话说李敖、002.20090804狂妄青年·崭露头角","","笑傲六十年·有话说李敖","002.20090804狂妄青年·崭露头角","65","《大李敖全集5.0》（wjm_tcy版）分章节/010.节目演讲类/010.笑傲六十年·有话说李敖/002.20090804狂妄青年·崭露头角.txt","","[]","data/timeline-events-xiaoao-liushinian-youhua-shuo.json","xiaoao-liushinian-002-remembers-wu-haidi-and-wenxing-old-site","{""id"":""xiaoao-liushinian-002-remembers-wu-haidi-and-wenxing-old-site"",""date"":""2009-08-04"",""displayDate"":""2009年8月4日"",""datePrecision"":""day"",""title"":""李敖回忆文星女友吴海蒂，并到文星旧址喝豆浆凭吊"",""summary"":""他展示文星时期女友吴海蒂照片，又说自己特地回到文星旧址，发现老式日本房子还在，里面变成永和豆浆店，自己进去喝了豆浆，算是现场凭吊。"",""view"":[""节目线"",""媒体线""],""tags"":[""笑傲六十年·有话说李敖"",""吴海蒂"",""文星旧址"",""旧地重游""],""people"":[""李敖"",""吴海蒂""],""places"":[""台北"",""衡阳路""],""works"":[""笑傲六十年·有话说李敖"",""002.20090804狂妄青年·崭露头角""],""certainty"":""confirmed"",""source"":{""book"":""笑傲六十年·有话说李敖"",""chapter"":""002.20090804狂妄青年·崭露头角"",""path"":""《大李敖全集5.0》（wjm_tcy版）分章节/010.节目演讲类/010.笑傲六十年·有话说李敖/002.20090804狂妄青年·崭露头角.txt"",""line"":65,""lines"":[65,67]},""crossReferences"":[],""dataFile"":""data/timeline-events-xiaoao-liushinian-youhua-shuo.json""}"
"25038","2009","2009-08-04","2009年8月4日","day","confirmed","李敖回忆台北市长选举辩论，称自己花两百万替老陈和小姜讲话","他回忆参选台北市长时在辩论中回答郝龙斌，称自己明知不会当选，却要替郝家的勤务兵老陈和金门女孩小姜讲公道话，显示自己的功德和人生观。","李敖、郝龙斌","台北、金门","笑傲六十年·有话说李敖、台北市长选举、老兵、小姜","节目线、媒体线","笑傲六十年·有话说李敖、002.20090804狂妄青年·崭露头角","xiaoao-niandai-016-explains-question-to-song-and-old-chen-story-against-hau","笑傲六十年·有话说李敖","002.20090804狂妄青年·崭露头角","45","《大李敖全集5.0》（wjm_tcy版）分章节/010.节目演讲类/010.笑傲六十年·有话说李敖/002.20090804狂妄青年·崭露头角.txt","","[]","data/timeline-events-xiaoao-liushinian-youhua-shuo.json","xiaoao-liushinian-002-recalls-mayoral-debate-speaking-for-old-chen-xiaojiang","{""id"":""xiaoao-liushinian-002-recalls-mayoral-debate-speaking-for-old-chen-xiaojiang"",""date"":""2009-08-04"",""displayDate"":""2009年8月4日"",""datePrecision"":""day"",""title"":""李敖回忆台北市长选举辩论，称自己花两百万替老陈和小姜讲话"",""summary"":""他回忆参选台北市长时在辩论中回答郝龙斌，称自己明知不会当选，却要替郝家的勤务兵老陈和金门女孩小姜讲公道话，显示自己的功德和人生观。"",""view"":[""节目线"",""媒体线""],""tags"":[""笑傲六十年·有话说李敖"",""台北市长选举"",""老兵"",""小姜""],""people"":[""李敖"",""郝龙斌""],""places"":[""台北"",""金门""],""works"":[""笑傲六十年·有话说李敖"",""002.20090804狂妄青年·崭露头角""],""certainty"":""confirmed"",""source"":{""book"":""笑傲六十年·有话说李敖"",""chapter"":""002.20090804狂妄青年·崭露头角"",""path"":""《大李敖全集5.0》（wjm_tcy版）分章节/010.节目演讲类/010.笑傲六十年·有话说李敖/002.20090804狂妄青年·崭露头角.txt"",""line"":45,""lines"":[45,47,49]},""crossReferences"":[""xiaoao-niandai-016-explains-question-to-song-and-old-chen-story-against-hau""],""dataFile"":""data/timeline-events-xiaoao-liushinian-youhua-shuo.json""}"
"25039","2009","2009-08-04","2009年8月4日","day","confirmed","李敖回忆在国民党军队中因思想不稳被留在台湾","李敖说自己不是国民党，却夹在连长、班长和组长组成的国民党军队结构中；党内小组开会时把他支去福利社，后来因思想不稳定被查出，入伍训练后未调往前线。","李敖","台湾","笑傲六十年·有话说李敖、预备军官、思想不稳、国民党军队","节目线、媒体线","笑傲六十年·有话说李敖、002.20090804狂妄青年·崭露头角","","笑傲六十年·有话说李敖","002.20090804狂妄青年·崭露头角","11","《大李敖全集5.0》（wjm_tcy版）分章节/010.节目演讲类/010.笑傲六十年·有话说李敖/002.20090804狂妄青年·崭露头角.txt","","[]","data/timeline-events-xiaoao-liushinian-youhua-shuo.json","xiaoao-liushinian-002-recalls-kmt-army-party-meetings-and-unstable-ideology","{""id"":""xiaoao-liushinian-002-recalls-kmt-army-party-meetings-and-unstable-ideology"",""date"":""2009-08-04"",""displayDate"":""2009年8月4日"",""datePrecision"":""day"",""title"":""李敖回忆在国民党军队中因思想不稳被留在台湾"",""summary"":""李敖说自己不是国民党，却夹在连长、班长和组长组成的国民党军队结构中；党内小组开会时把他支去福利社，后来因思想不稳定被查出，入伍训练后未调往前线。"",""view"":[""节目线"",""媒体线""],""tags"":[""笑傲六十年·有话说李敖"",""预备军官"",""思想不稳"",""国民党军队""],""people"":[""李敖""],""places"":[""台湾""],""works"":[""笑傲六十年·有话说李敖"",""002.20090804狂妄青年·崭露头角""],""certainty"":""confirmed"",""source"":{""book"":""笑傲六十年·有话说李敖"",""chapter"":""002.20090804狂妄青年·崭露头角"",""path"":""《大李敖全集5.0》（wjm_tcy版）分章节/010.节目演讲类/010.笑傲六十年·有话说李敖/002.20090804狂妄青年·崭露头角.txt"",""line"":11,""lines"":[11,13]},""crossReferences"":[],""dataFile"":""data/timeline-events-xiaoao-liushinian-youhua-shuo.json""}"
"25040","2009","2009-08-04","2009年8月4日","day","confirmed","李敖回忆汪敬煦后来欲借黑社会教训他，并把江南案视作替死","他引左舜生“烈士之路”的提醒，回忆十七师师长汪敬煦多年后做国安局长，本要通过陈启礼等黑社会教训李敖，结果江南案先爆发，使江南成了他的替死者。","李敖、左舜生、汪敬煦、陈启礼、江南、郭冠英、汪希苓","台湾","笑傲六十年·有话说李敖、汪敬煦、江南案、烈士之路","节目线、媒体线","笑傲六十年·有话说李敖、002.20090804狂妄青年·崭露头角","","笑傲六十年·有话说李敖","002.20090804狂妄青年·崭露头角","27","《大李敖全集5.0》（wjm_tcy版）分章节/010.节目演讲类/010.笑傲六十年·有话说李敖/002.20090804狂妄青年·崭露头角.txt","","[]","data/timeline-events-xiaoao-liushinian-youhua-shuo.json","xiaoao-liushinian-002-recounts-wang-jingxu-jiangnan-threat","{""id"":""xiaoao-liushinian-002-recounts-wang-jingxu-jiangnan-threat"",""date"":""2009-08-04"",""displayDate"":""2009年8月4日"",""datePrecision"":""day"",""title"":""李敖回忆汪敬煦后来欲借黑社会教训他，并把江南案视作替死"",""summary"":""他引左舜生“烈士之路”的提醒，回忆十七师师长汪敬煦多年后做国安局长，本要通过陈启礼等黑社会教训李敖，结果江南案先爆发，使江南成了他的替死者。"",""view"":[""节目线"",""媒体线""],""tags"":[""笑傲六十年·有话说李敖"",""汪敬煦"",""江南案"",""烈士之路""],""people"":[""李敖"",""左舜生"",""汪敬煦"",""陈启礼"",""江南"",""郭冠英"",""汪希苓""],""places"":[""台湾""],""works"":[""笑傲六十年·有话说李敖"",""002.20090804狂妄青年·崭露头角""],""certainty"":""confirmed"",""source"":{""book"":""笑傲六十年·有话说李敖"",""chapter"":""002.20090804狂妄青年·崭露头角"",""path"":""《大李敖全集5.0》（wjm_tcy版）分章节/010.节目演讲类/010.笑傲六十年·有话说李敖/002.20090804狂妄青年·崭露头角.txt"",""line"":27,""lines"":[27,29,31,33]},""crossReferences"":[],""dataFile"":""data/timeline-events-xiaoao-liushinian-youhua-shuo.json""}"
"25041","2009","2009-08-04","2009年8月4日","day","confirmed","李敖回忆明察暗访军中乐园，并写《军中乐园的血与泪》","李敖说自己把军中乐园、老兵和妓女的痛苦详细记录下来，并告诉殷海光，《自由中国》只知道纵贯线上的自由中国，不知道铁路线之外的民间疾苦。","李敖、殷海光","台湾","笑傲六十年·有话说李敖、军中乐园、老兵、明察暗访","节目线、媒体线","笑傲六十年·有话说李敖、002.20090804狂妄青年·崭露头角、军中乐园的血与泪","book5-1960-03-07-first-visit-renwu-military-brothel、li-ao-dageda-084-recalls-preofficer-military-brothel-investigation-and-yin-haiguang","笑傲六十年·有话说李敖","002.20090804狂妄青年·崭露头角","21","《大李敖全集5.0》（wjm_tcy版）分章节/010.节目演讲类/010.笑傲六十年·有话说李敖/002.20090804狂妄青年·崭露头角.txt","","[]","data/timeline-events-xiaoao-liushinian-youhua-shuo.json","xiaoao-liushinian-002-recalls-military-brothel-investigation","{""id"":""xiaoao-liushinian-002-recalls-military-brothel-investigation"",""date"":""2009-08-04"",""displayDate"":""2009年8月4日"",""datePrecision"":""day"",""title"":""李敖回忆明察暗访军中乐园，并写《军中乐园的血与泪》"",""summary"":""李敖说自己把军中乐园、老兵和妓女的痛苦详细记录下来，并告诉殷海光，《自由中国》只知道纵贯线上的自由中国，不知道铁路线之外的民间疾苦。"",""view"":[""节目线"",""媒体线""],""tags"":[""笑傲六十年·有话说李敖"",""军中乐园"",""老兵"",""明察暗访""],""people"":[""李敖"",""殷海光""],""places"":[""台湾""],""works"":[""笑傲六十年·有话说李敖"",""002.20090804狂妄青年·崭露头角"",""军中乐园的血与泪""],""certainty"":""confirmed"",""source"":{""book"":""笑傲六十年·有话说李敖"",""chapter"":""002.20090804狂妄青年·崭露头角"",""path"":""《大李敖全集5.0》（wjm_tcy版）分章节/010.节目演讲类/010.笑傲六十年·有话说李敖/002.20090804狂妄青年·崭露头角.txt"",""line"":21,""lines"":[21,23]},""crossReferences"":[""book5-1960-03-07-first-visit-renwu-military-brothel"",""li-ao-dageda-084-recalls-preofficer-military-brothel-investigation-and-yin-haiguang""],""dataFile"":""data/timeline-events-xiaoao-liushinian-youhua-shuo.json""}"
"25042","2009","2009-08-04","2009年8月4日","day","confirmed","李敖回忆预备军官排长时期，用阿兵哥语言带兵","他展示军装照片，回忆自己做少尉排长时年轻却要带老兵和新兵，于是学会用士兵说得出的话讲话，迅速得到阿兵哥的心；王宇也出面回忆当年李排长的开朗和大胆。","李敖、王宇","台湾","笑傲六十年·有话说李敖、预备军官、军队、带兵","节目线、媒体线","笑傲六十年·有话说李敖、002.20090804狂妄青年·崭露头角","","笑傲六十年·有话说李敖","002.20090804狂妄青年·崭露头角","5","《大李敖全集5.0》（wjm_tcy版）分章节/010.节目演讲类/010.笑傲六十年·有话说李敖/002.20090804狂妄青年·崭露头角.txt","","[]","data/timeline-events-xiaoao-liushinian-youhua-shuo.json","xiaoao-liushinian-002-recalls-preofficer-platoon-language","{""id"":""xiaoao-liushinian-002-recalls-preofficer-platoon-language"",""date"":""2009-08-04"",""displayDate"":""2009年8月4日"",""datePrecision"":""day"",""title"":""李敖回忆预备军官排长时期，用阿兵哥语言带兵"",""summary"":""他展示军装照片，回忆自己做少尉排长时年轻却要带老兵和新兵，于是学会用士兵说得出的话讲话，迅速得到阿兵哥的心；王宇也出面回忆当年李排长的开朗和大胆。"",""view"":[""节目线"",""媒体线""],""tags"":[""笑傲六十年·有话说李敖"",""预备军官"",""军队"",""带兵""],""people"":[""李敖"",""王宇""],""places"":[""台湾""],""works"":[""笑傲六十年·有话说李敖"",""002.20090804狂妄青年·崭露头角""],""certainty"":""confirmed"",""source"":{""book"":""笑傲六十年·有话说李敖"",""chapter"":""002.20090804狂妄青年·崭露头角"",""path"":""《大李敖全集5.0》（wjm_tcy版）分章节/010.节目演讲类/010.笑傲六十年·有话说李敖/002.20090804狂妄青年·崭露头角.txt"",""line"":5,""lines"":[5,7,9]},""crossReferences"":[],""dataFile"":""data/timeline-events-xiaoao-liushinian-youhua-shuo.json""}"
"25043","2009","2009-08-04","2009年8月4日","day","confirmed","李敖说明《文星》被封后自己与国民党正式翻脸","他回忆《文星》九十八期结束、被国民党抄家，称自己在文星四年最重要的是用文化思想方法从根上挖掉国民党的根，因此与国民党正式翻脸。","李敖","台湾","笑傲六十年·有话说李敖、文星被封、国民党、思想文化","节目线、媒体线","笑傲六十年·有话说李敖、002.20090804狂妄青年·崭露头角","","笑傲六十年·有话说李敖","002.20090804狂妄青年·崭露头角","73","《大李敖全集5.0》（wjm_tcy版）分章节/010.节目演讲类/010.笑傲六十年·有话说李敖/002.20090804狂妄青年·崭露头角.txt","","[]","data/timeline-events-xiaoao-liushinian-youhua-shuo.json","xiaoao-liushinian-002-says-wenxing-dug-out-kmt-root","{""id"":""xiaoao-liushinian-002-says-wenxing-dug-out-kmt-root"",""date"":""2009-08-04"",""displayDate"":""2009年8月4日"",""datePrecision"":""day"",""title"":""李敖说明《文星》被封后自己与国民党正式翻脸"",""summary"":""他回忆《文星》九十八期结束、被国民党抄家，称自己在文星四年最重要的是用文化思想方法从根上挖掉国民党的根，因此与国民党正式翻脸。"",""view"":[""节目线"",""媒体线""],""tags"":[""笑傲六十年·有话说李敖"",""文星被封"",""国民党"",""思想文化""],""people"":[""李敖""],""places"":[""台湾""],""works"":[""笑傲六十年·有话说李敖"",""002.20090804狂妄青年·崭露头角""],""certainty"":""confirmed"",""source"":{""book"":""笑傲六十年·有话说李敖"",""chapter"":""002.20090804狂妄青年·崭露头角"",""path"":""《大李敖全集5.0》（wjm_tcy版）分章节/010.节目演讲类/010.笑傲六十年·有话说李敖/002.20090804狂妄青年·崭露头角.txt"",""line"":73,""lines"":[73,75,77]},""crossReferences"":[],""dataFile"":""data/timeline-events-xiaoao-liushinian-youhua-shuo.json""}"
"25044","2009","2009-08-04","2009年8月4日","day","confirmed","李敖说明文星确立“会骂人”光环，并讲洪炎秋不敢回嘴","他把文星阶段的特殊效果概括为确定自己“真会骂人”的光环，又用洪炎秋被骂后不敢回嘴、反而责怪朋友帮忙反驳的故事，解释李敖式骂人的连锁威力。","李敖、洪炎秋、鲁豫","台湾","笑傲六十年·有话说李敖、骂人光环、文星、洪炎秋","节目线、媒体线","笑傲六十年·有话说李敖、002.20090804狂妄青年·崭露头角","","笑傲六十年·有话说李敖","002.20090804狂妄青年·崭露头角","69","《大李敖全集5.0》（wjm_tcy版）分章节/010.节目演讲类/010.笑傲六十年·有话说李敖/002.20090804狂妄青年·崭露头角.txt","","[]","data/timeline-events-xiaoao-liushinian-youhua-shuo.json","xiaoao-liushinian-002-explains-scolding-light-with-hong-yanqiu","{""id"":""xiaoao-liushinian-002-explains-scolding-light-with-hong-yanqiu"",""date"":""2009-08-04"",""displayDate"":""2009年8月4日"",""datePrecision"":""day"",""title"":""李敖说明文星确立“会骂人”光环，并讲洪炎秋不敢回嘴"",""summary"":""他把文星阶段的特殊效果概括为确定自己“真会骂人”的光环，又用洪炎秋被骂后不敢回嘴、反而责怪朋友帮忙反驳的故事，解释李敖式骂人的连锁威力。"",""view"":[""节目线"",""媒体线""],""tags"":[""笑傲六十年·有话说李敖"",""骂人光环"",""文星"",""洪炎秋""],""people"":[""李敖"",""洪炎秋"",""鲁豫""],""places"":[""台湾""],""works"":[""笑傲六十年·有话说李敖"",""002.20090804狂妄青年·崭露头角""],""certainty"":""confirmed"",""source"":{""book"":""笑傲六十年·有话说李敖"",""chapter"":""002.20090804狂妄青年·崭露头角"",""path"":""《大李敖全集5.0》（wjm_tcy版）分章节/010.节目演讲类/010.笑傲六十年·有话说李敖/002.20090804狂妄青年·崭露头角.txt"",""line"":69,""lines"":[69,71]},""crossReferences"":[],""dataFile"":""data/timeline-events-xiaoao-liushinian-youhua-shuo.json""}"
"25045","2009","2009-08-04","2009年8月4日","day","confirmed","李敖说明萧氏父子赏识他，他帮文星翻新招牌","他介绍萧同兹、萧孟能和朱婉坚创办文星书店与《文星杂志》，并说前四年无甚成绩，直到自己出现，重新粉刷招牌、推出活动，才把文星炒作起来。","李敖、萧同兹、萧孟能、朱婉坚","台北、衡阳路","笑傲六十年·有话说李敖、文星书店、文星杂志、萧孟能","节目线、媒体线","笑傲六十年·有话说李敖、002.20090804狂妄青年·崭露头角、文星杂志","","笑傲六十年·有话说李敖","002.20090804狂妄青年·崭露头角","51","《大李敖全集5.0》（wjm_tcy版）分章节/010.节目演讲类/010.笑傲六十年·有话说李敖/002.20090804狂妄青年·崭露头角.txt","","[]","data/timeline-events-xiaoao-liushinian-youhua-shuo.json","xiaoao-liushinian-002-explains-reviving-wenxing-bookstore","{""id"":""xiaoao-liushinian-002-explains-reviving-wenxing-bookstore"",""date"":""2009-08-04"",""displayDate"":""2009年8月4日"",""datePrecision"":""day"",""title"":""李敖说明萧氏父子赏识他，他帮文星翻新招牌"",""summary"":""他介绍萧同兹、萧孟能和朱婉坚创办文星书店与《文星杂志》，并说前四年无甚成绩，直到自己出现，重新粉刷招牌、推出活动，才把文星炒作起来。"",""view"":[""节目线"",""媒体线""],""tags"":[""笑傲六十年·有话说李敖"",""文星书店"",""文星杂志"",""萧孟能""],""people"":[""李敖"",""萧同兹"",""萧孟能"",""朱婉坚""],""places"":[""台北"",""衡阳路""],""works"":[""笑傲六十年·有话说李敖"",""002.20090804狂妄青年·崭露头角"",""文星杂志""],""certainty"":""confirmed"",""source"":{""book"":""笑傲六十年·有话说李敖"",""chapter"":""002.20090804狂妄青年·崭露头角"",""path"":""《大李敖全集5.0》（wjm_tcy版）分章节/010.节目演讲类/010.笑傲六十年·有话说李敖/002.20090804狂妄青年·崭露头角.txt"",""line"":51,""lines"":[51,53,55]},""crossReferences"":[],""dataFile"":""data/timeline-events-xiaoao-liushinian-youhua-shuo.json""}"
"25046","2009","2009-08-04","2009年8月4日","day","confirmed","李敖展示警备总部秘密报告，指认自己接雷震出狱时遭偷拍","他拿出警备总部《雷震出狱后照片剪集》，展示自己站在中间接雷震的秘密照片，并指出报告送到尹俊批阅；这些本来用来整他的秘密照片，最后却落到他手里。","李敖、雷震、尹俊、王洁","台湾","笑傲六十年·有话说李敖、雷震、警备总部、秘密照片","节目线、媒体线","笑傲六十年·有话说李敖、002.20090804狂妄青年·崭露头角","book5-1970-09-03-meets-lei-chen-release-with-foreign-reporters、li-ao-mimi-shufang-107-recalls-garrison-command-photos-of-visiting-lei-chen-rescued-by-soldier","笑傲六十年·有话说李敖","002.20090804狂妄青年·崭露头角","19","《大李敖全集5.0》（wjm_tcy版）分章节/010.节目演讲类/010.笑傲六十年·有话说李敖/002.20090804狂妄青年·崭露头角.txt","","[]","data/timeline-events-xiaoao-liushinian-youhua-shuo.json","xiaoao-liushinian-002-shows-garrison-secret-lei-chen-photos","{""id"":""xiaoao-liushinian-002-shows-garrison-secret-lei-chen-photos"",""date"":""2009-08-04"",""displayDate"":""2009年8月4日"",""datePrecision"":""day"",""title"":""李敖展示警备总部秘密报告，指认自己接雷震出狱时遭偷拍"",""summary"":""他拿出警备总部《雷震出狱后照片剪集》，展示自己站在中间接雷震的秘密照片，并指出报告送到尹俊批阅；这些本来用来整他的秘密照片，最后却落到他手里。"",""view"":[""节目线"",""媒体线""],""tags"":[""笑傲六十年·有话说李敖"",""雷震"",""警备总部"",""秘密照片""],""people"":[""李敖"",""雷震"",""尹俊"",""王洁""],""places"":[""台湾""],""works"":[""笑傲六十年·有话说李敖"",""002.20090804狂妄青年·崭露头角""],""certainty"":""confirmed"",""source"":{""book"":""笑傲六十年·有话说李敖"",""chapter"":""002.20090804狂妄青年·崭露头角"",""path"":""《大李敖全集5.0》（wjm_tcy版）分章节/010.节目演讲类/010.笑傲六十年·有话说李敖/002.20090804狂妄青年·崭露头角.txt"",""line"":19,""lines"":[19,21]},""crossReferences"":[""book5-1970-09-03-meets-lei-chen-release-with-foreign-reporters"",""li-ao-mimi-shufang-107-recalls-garrison-command-photos-of-visiting-lei-chen-rescued-by-soldier""],""dataFile"":""data/timeline-events-xiaoao-liushinian-youhua-shuo.json""}"
"25047","2009","2009-08-04","2009年8月4日","day","confirmed","李敖朗读《老兵》，判断空谈自由民主不触及底层苦难","节目中，李敖朗读自己写的《老兵》，把老兵的满身弹痕、无家无坟与军中乐园女子的痛苦相连，进而批评只谈自由、民主、人权而不看底层真实处境都是假的。","李敖","台湾","笑傲六十年·有话说李敖、老兵、诗、底层疾苦","节目线、媒体线","笑傲六十年·有话说李敖、002.20090804狂妄青年·崭露头角、老兵","","笑傲六十年·有话说李敖","002.20090804狂妄青年·崭露头角","25","《大李敖全集5.0》（wjm_tcy版）分章节/010.节目演讲类/010.笑傲六十年·有话说李敖/002.20090804狂妄青年·崭露头角.txt","","[]","data/timeline-events-xiaoao-liushinian-youhua-shuo.json","xiaoao-liushinian-002-reads-old-soldier-poem-and-judges-theory-empty","{""id"":""xiaoao-liushinian-002-reads-old-soldier-poem-and-judges-theory-empty"",""date"":""2009-08-04"",""displayDate"":""2009年8月4日"",""datePrecision"":""day"",""title"":""李敖朗读《老兵》，判断空谈自由民主不触及底层苦难"",""summary"":""节目中，李敖朗读自己写的《老兵》，把老兵的满身弹痕、无家无坟与军中乐园女子的痛苦相连，进而批评只谈自由、民主、人权而不看底层真实处境都是假的。"",""view"":[""节目线"",""媒体线""],""tags"":[""笑傲六十年·有话说李敖"",""老兵"",""诗"",""底层疾苦""],""people"":[""李敖""],""places"":[""台湾""],""works"":[""笑傲六十年·有话说李敖"",""002.20090804狂妄青年·崭露头角"",""老兵""],""certainty"":""confirmed"",""source"":{""book"":""笑傲六十年·有话说李敖"",""chapter"":""002.20090804狂妄青年·崭露头角"",""path"":""《大李敖全集5.0》（wjm_tcy版）分章节/010.节目演讲类/010.笑傲六十年·有话说李敖/002.20090804狂妄青年·崭露头角.txt"",""line"":25},""crossReferences"":[],""dataFile"":""data/timeline-events-xiaoao-liushinian-youhua-shuo.json""}"
"25048","2009","2009-08-05","2009年8月5日","day","confirmed","《笑傲六十年·有话说李敖》003集播出，李敖从新店、胡适和禁书讲到第一次坐牢","第三集《文星之火·火首燎原》播出，李敖先讲离军队后的新店贫困与胡适救急，再讲文星结束后十书被抢、十四年封杀和第一次政治犯经验。","李敖","台湾","笑傲六十年·有话说李敖、节目播出、胡适、禁书、第一次坐牢","节目线、媒体线","笑傲六十年·有话说李敖、003.20090805文星之火·火首燎原","","笑傲六十年·有话说李敖","003.20090805文星之火·火首燎原","1","《大李敖全集5.0》（wjm_tcy版）分章节/010.节目演讲类/010.笑傲六十年·有话说李敖/003.20090805文星之火·火首燎原.txt","","[]","data/timeline-events-xiaoao-liushinian-youhua-shuo.json","xiaoao-liushinian-003-broadcast-wenxing-fire","{""id"":""xiaoao-liushinian-003-broadcast-wenxing-fire"",""date"":""2009-08-05"",""displayDate"":""2009年8月5日"",""datePrecision"":""day"",""title"":""《笑傲六十年·有话说李敖》003集播出，李敖从新店、胡适和禁书讲到第一次坐牢"",""summary"":""第三集《文星之火·火首燎原》播出，李敖先讲离军队后的新店贫困与胡适救急，再讲文星结束后十书被抢、十四年封杀和第一次政治犯经验。"",""view"":[""节目线"",""媒体线""],""tags"":[""笑傲六十年·有话说李敖"",""节目播出"",""胡适"",""禁书"",""第一次坐牢""],""people"":[""李敖""],""places"":[""台湾""],""works"":[""笑傲六十年·有话说李敖"",""003.20090805文星之火·火首燎原""],""certainty"":""confirmed"",""source"":{""book"":""笑傲六十年·有话说李敖"",""chapter"":""003.20090805文星之火·火首燎原"",""path"":""《大李敖全集5.0》（wjm_tcy版）分章节/010.节目演讲类/010.笑傲六十年·有话说李敖/003.20090805文星之火·火首燎原.txt"",""line"":1},""crossReferences"":[],""dataFile"":""data/timeline-events-xiaoao-liushinian-youhua-shuo.json""}"
"25049","2009","2009-08-05","2009年8月5日","day","confirmed","李敖以立委身份压国防部重访旧监狱，展示第二号房与十一房","多年后做立法委员，李敖要求国防部带他回看当年关押自己的监狱；他由赖岳忠和赵锦龙摄影，展示第一间第二号房以及后来住过的第十一房，说明牢房、马桶、洞口和荒草的细节。","李敖、赖岳忠、赵锦龙","台湾、军法处","笑傲六十年·有话说李敖、旧地重游、监狱、立法委员","节目线、媒体线","笑傲六十年·有话说李敖、003.20090805文星之火·火首燎原","","笑傲六十年·有话说李敖","003.20090805文星之火·火首燎原","65","《大李敖全集5.0》（wjm_tcy版）分章节/010.节目演讲类/010.笑傲六十年·有话说李敖/003.20090805文星之火·火首燎原.txt","","[]","data/timeline-events-xiaoao-liushinian-youhua-shuo.json","xiaoao-liushinian-003-revisits-old-prison-as-legislator","{""id"":""xiaoao-liushinian-003-revisits-old-prison-as-legislator"",""date"":""2009-08-05"",""displayDate"":""2009年8月5日"",""datePrecision"":""day"",""title"":""李敖以立委身份压国防部重访旧监狱，展示第二号房与十一房"",""summary"":""多年后做立法委员，李敖要求国防部带他回看当年关押自己的监狱；他由赖岳忠和赵锦龙摄影，展示第一间第二号房以及后来住过的第十一房，说明牢房、马桶、洞口和荒草的细节。"",""view"":[""节目线"",""媒体线""],""tags"":[""笑傲六十年·有话说李敖"",""旧地重游"",""监狱"",""立法委员""],""people"":[""李敖"",""赖岳忠"",""赵锦龙""],""places"":[""台湾"",""军法处""],""works"":[""笑傲六十年·有话说李敖"",""003.20090805文星之火·火首燎原""],""certainty"":""confirmed"",""source"":{""book"":""笑傲六十年·有话说李敖"",""chapter"":""003.20090805文星之火·火首燎原"",""path"":""《大李敖全集5.0》（wjm_tcy版）分章节/010.节目演讲类/010.笑傲六十年·有话说李敖/003.20090805文星之火·火首燎原.txt"",""line"":65,""lines"":[65,67,69,71]},""crossReferences"":[],""dataFile"":""data/timeline-events-xiaoao-liushinian-youhua-shuo.json""}"
"25050","2009","2009-08-05","2009年8月5日","day","confirmed","李敖回忆《告别文坛十书》被抢，展示从纸堆捡回的残书","《文星》结束后，李敖想出十本《告别文坛》再金盆洗手去卖牛肉面；书印好时治安人员、警备总部和警察冲进装订厂抢书，他后来只能从纸堆里捡出残本。","李敖","台湾","笑傲六十年·有话说李敖、告别文坛十书、警备总部、禁书","节目线、媒体线","笑傲六十年·有话说李敖、003.20090805文星之火·火首燎原、告别文坛十书","1965-11-05-ten-books-seized、li-ao-mimi-shufang-107-recounts-farewell-ten-books-after-wenxing-and-garrison-seizure","笑傲六十年·有话说李敖","003.20090805文星之火·火首燎原","33","《大李敖全集5.0》（wjm_tcy版）分章节/010.节目演讲类/010.笑傲六十年·有话说李敖/003.20090805文星之火·火首燎原.txt","","[]","data/timeline-events-xiaoao-liushinian-youhua-shuo.json","xiaoao-liushinian-003-recalls-farewell-ten-books-seized","{""id"":""xiaoao-liushinian-003-recalls-farewell-ten-books-seized"",""date"":""2009-08-05"",""displayDate"":""2009年8月5日"",""datePrecision"":""day"",""title"":""李敖回忆《告别文坛十书》被抢，展示从纸堆捡回的残书"",""summary"":""《文星》结束后，李敖想出十本《告别文坛》再金盆洗手去卖牛肉面；书印好时治安人员、警备总部和警察冲进装订厂抢书，他后来只能从纸堆里捡出残本。"",""view"":[""节目线"",""媒体线""],""tags"":[""笑傲六十年·有话说李敖"",""告别文坛十书"",""警备总部"",""禁书""],""people"":[""李敖""],""places"":[""台湾""],""works"":[""笑傲六十年·有话说李敖"",""003.20090805文星之火·火首燎原"",""告别文坛十书""],""certainty"":""confirmed"",""source"":{""book"":""笑傲六十年·有话说李敖"",""chapter"":""003.20090805文星之火·火首燎原"",""path"":""《大李敖全集5.0》（wjm_tcy版）分章节/010.节目演讲类/010.笑傲六十年·有话说李敖/003.20090805文星之火·火首燎原.txt"",""line"":33,""lines"":[33,35]},""crossReferences"":[""1965-11-05-ten-books-seized"",""li-ao-mimi-shufang-107-recounts-farewell-ten-books-after-wenxing-and-garrison-seizure""],""dataFile"":""data/timeline-events-xiaoao-liushinian-youhua-shuo.json""}"
"25051","2009","2009-08-05","2009年8月5日","day","confirmed","李敖回忆十书被禁后陷入十四年霉运，遭窃听、监视和媒体封锁","他说明《告别文坛》后书被查禁、人被天罗地网罩住，国民党还怀疑他是台独，在家里装窃听器并派便衣监视；被捕后照片登上《纽约时报》，台湾媒体却十四年不敢提李敖二字。","李敖","台湾","笑傲六十年·有话说李敖、白色恐怖、窃听、监视、纽约时报","节目线、媒体线","笑傲六十年·有话说李敖、003.20090805文星之火·火首燎原、纽约时报","","笑傲六十年·有话说李敖","003.20090805文星之火·火首燎原","61","《大李敖全集5.0》（wjm_tcy版）分章节/010.节目演讲类/010.笑傲六十年·有话说李敖/003.20090805文星之火·火首燎原.txt","","[]","data/timeline-events-xiaoao-liushinian-youhua-shuo.json","xiaoao-liushinian-003-recalls-fourteen-year-blockade-and-surveillance","{""id"":""xiaoao-liushinian-003-recalls-fourteen-year-blockade-and-surveillance"",""date"":""2009-08-05"",""displayDate"":""2009年8月5日"",""datePrecision"":""day"",""title"":""李敖回忆十书被禁后陷入十四年霉运，遭窃听、监视和媒体封锁"",""summary"":""他说明《告别文坛》后书被查禁、人被天罗地网罩住，国民党还怀疑他是台独，在家里装窃听器并派便衣监视；被捕后照片登上《纽约时报》，台湾媒体却十四年不敢提李敖二字。"",""view"":[""节目线"",""媒体线""],""tags"":[""笑傲六十年·有话说李敖"",""白色恐怖"",""窃听"",""监视"",""纽约时报""],""people"":[""李敖""],""places"":[""台湾""],""works"":[""笑傲六十年·有话说李敖"",""003.20090805文星之火·火首燎原"",""纽约时报""],""certainty"":""confirmed"",""source"":{""book"":""笑傲六十年·有话说李敖"",""chapter"":""003.20090805文星之火·火首燎原"",""path"":""《大李敖全集5.0》（wjm_tcy版）分章节/010.节目演讲类/010.笑傲六十年·有话说李敖/003.20090805文星之火·火首燎原.txt"",""line"":61,""lines"":[61,63]},""crossReferences"":[],""dataFile"":""data/timeline-events-xiaoao-liushinian-youhua-shuo.json""}"
"25052","2009","2009-08-05","2009年8月5日","day","confirmed","李敖回忆与王尚勤同居，以及女儿李文在纽约出生","他在新店狮头路认识台大农经系毕业的王尚勤并同居；王尚勤去美国后告诉他怀孕，后来在纽约生下女儿，李敖说这就是今日住在北京的李文博士。","李敖、王尚勤、李文","新店、美国、纽约、北京","笑傲六十年·有话说李敖、王尚勤、李文、家庭","节目线、媒体线","笑傲六十年·有话说李敖、003.20090805文星之火·火首燎原","book4-deep-1964-hedy-lee-born-in-us","笑傲六十年·有话说李敖","003.20090805文星之火·火首燎原","11","《大李敖全集5.0》（wjm_tcy版）分章节/010.节目演讲类/010.笑傲六十年·有话说李敖/003.20090805文星之火·火首燎原.txt","","[]","data/timeline-events-xiaoao-liushinian-youhua-shuo.json","xiaoao-liushinian-003-recalls-wang-shangqin-and-li-wen-birth","{""id"":""xiaoao-liushinian-003-recalls-wang-shangqin-and-li-wen-birth"",""date"":""2009-08-05"",""displayDate"":""2009年8月5日"",""datePrecision"":""day"",""title"":""李敖回忆与王尚勤同居，以及女儿李文在纽约出生"",""summary"":""他在新店狮头路认识台大农经系毕业的王尚勤并同居；王尚勤去美国后告诉他怀孕，后来在纽约生下女儿，李敖说这就是今日住在北京的李文博士。"",""view"":[""节目线"",""媒体线""],""tags"":[""笑傲六十年·有话说李敖"",""王尚勤"",""李文"",""家庭""],""people"":[""李敖"",""王尚勤"",""李文""],""places"":[""新店"",""美国"",""纽约"",""北京""],""works"":[""笑傲六十年·有话说李敖"",""003.20090805文星之火·火首燎原""],""certainty"":""confirmed"",""source"":{""book"":""笑傲六十年·有话说李敖"",""chapter"":""003.20090805文星之火·火首燎原"",""path"":""《大李敖全集5.0》（wjm_tcy版）分章节/010.节目演讲类/010.笑傲六十年·有话说李敖/003.20090805文星之火·火首燎原.txt"",""line"":11},""crossReferences"":[""book4-deep-1964-hedy-lee-born-in-us""],""dataFile"":""data/timeline-events-xiaoao-liushinian-youhua-shuo.json""}"
"25053","2009","2009-08-05","2009年8月5日","day","confirmed","李敖回忆军事法庭被判十年时一言不发，以耶稣受审自比","节目中，他展示当年军事法庭，回忆军法官审问时自己一句话不讲；被问为什么沉默，他笑说耶稣被审判时也不讲话。","李敖","台湾","笑傲六十年·有话说李敖、军事法庭、十年徒刑、沉默","节目线、媒体线","笑傲六十年·有话说李敖、003.20090805文星之火·火首燎原","","笑傲六十年·有话说李敖","003.20090805文星之火·火首燎原","75","《大李敖全集5.0》（wjm_tcy版）分章节/010.节目演讲类/010.笑傲六十年·有话说李敖/003.20090805文星之火·火首燎原.txt","","[]","data/timeline-events-xiaoao-liushinian-youhua-shuo.json","xiaoao-liushinian-003-recalls-military-court-silence-like-jesus","{""id"":""xiaoao-liushinian-003-recalls-military-court-silence-like-jesus"",""date"":""2009-08-05"",""displayDate"":""2009年8月5日"",""datePrecision"":""day"",""title"":""李敖回忆军事法庭被判十年时一言不发，以耶稣受审自比"",""summary"":""节目中，他展示当年军事法庭，回忆军法官审问时自己一句话不讲；被问为什么沉默，他笑说耶稣被审判时也不讲话。"",""view"":[""节目线"",""媒体线""],""tags"":[""笑傲六十年·有话说李敖"",""军事法庭"",""十年徒刑"",""沉默""],""people"":[""李敖""],""places"":[""台湾""],""works"":[""笑傲六十年·有话说李敖"",""003.20090805文星之火·火首燎原""],""certainty"":""confirmed"",""source"":{""book"":""笑傲六十年·有话说李敖"",""chapter"":""003.20090805文星之火·火首燎原"",""path"":""《大李敖全集5.0》（wjm_tcy版）分章节/010.节目演讲类/010.笑傲六十年·有话说李敖/003.20090805文星之火·火首燎原.txt"",""line"":75},""crossReferences"":[],""dataFile"":""data/timeline-events-xiaoao-liushinian-youhua-shuo.json""}"
"25054","2009","2009-08-05","2009年8月5日","day","confirmed","李敖回忆住新店狮头路贫困时，胡适寄一千元支票赎当","离开军队后，李敖租住新店狮头路十七号，穷到裤子进当铺；胡适听说后寄来一千元支票，请他赎当救急，李敖在兑现前还特地给支票拍照留念。","李敖、胡适","新店、狮头路、南港","笑傲六十年·有话说李敖、胡适、贫困、支票","节目线、媒体线","笑傲六十年·有话说李敖、003.20090805文星之火·火首燎原","li-ao-dageda-029-shows-hu-shih-letter-and-remembers-one-thousand-dollar-help","笑傲六十年·有话说李敖","003.20090805文星之火·火首燎原","5","《大李敖全集5.0》（wjm_tcy版）分章节/010.节目演讲类/010.笑傲六十年·有话说李敖/003.20090805文星之火·火首燎原.txt","","[]","data/timeline-events-xiaoao-liushinian-youhua-shuo.json","xiaoao-liushinian-003-recalls-xindian-poverty-and-hu-shih-check","{""id"":""xiaoao-liushinian-003-recalls-xindian-poverty-and-hu-shih-check"",""date"":""2009-08-05"",""displayDate"":""2009年8月5日"",""datePrecision"":""day"",""title"":""李敖回忆住新店狮头路贫困时，胡适寄一千元支票赎当"",""summary"":""离开军队后，李敖租住新店狮头路十七号，穷到裤子进当铺；胡适听说后寄来一千元支票，请他赎当救急，李敖在兑现前还特地给支票拍照留念。"",""view"":[""节目线"",""媒体线""],""tags"":[""笑傲六十年·有话说李敖"",""胡适"",""贫困"",""支票""],""people"":[""李敖"",""胡适""],""places"":[""新店"",""狮头路"",""南港""],""works"":[""笑傲六十年·有话说李敖"",""003.20090805文星之火·火首燎原""],""certainty"":""confirmed"",""source"":{""book"":""笑傲六十年·有话说李敖"",""chapter"":""003.20090805文星之火·火首燎原"",""path"":""《大李敖全集5.0》（wjm_tcy版）分章节/010.节目演讲类/010.笑傲六十年·有话说李敖/003.20090805文星之火·火首燎原.txt"",""line"":5,""lines"":[5,7,9]},""crossReferences"":[""li-ao-dageda-029-shows-hu-shih-letter-and-remembers-one-thousand-dollar-help""],""dataFile"":""data/timeline-events-xiaoao-liushinian-youhua-shuo.json""}"
"25055","2009","2009-08-05","2009年8月5日","day","confirmed","李敖回忆选总统时遇旧看守所长罗永黎，并听他说“神仙老虎狗”","他回忆被地下抓到博爱路警备总部保安处看守所，所长罗永黎多年后在他选“总统”时递名片，并解释自己回家是神仙、见囚犯是老虎、见长官是狗。","李敖、罗永黎","台北、博爱路","笑傲六十年·有话说李敖、看守所、罗永黎、选总统","节目线、媒体线","笑傲六十年·有话说李敖、003.20090805文星之火·火首燎原","","笑傲六十年·有话说李敖","003.20090805文星之火·火首燎原","79","《大李敖全集5.0》（wjm_tcy版）分章节/010.节目演讲类/010.笑傲六十年·有话说李敖/003.20090805文星之火·火首燎原.txt","","[]","data/timeline-events-xiaoao-liushinian-youhua-shuo.json","xiaoao-liushinian-003-recalls-luo-yongli-business-card","{""id"":""xiaoao-liushinian-003-recalls-luo-yongli-business-card"",""date"":""2009-08-05"",""displayDate"":""2009年8月5日"",""datePrecision"":""day"",""title"":""李敖回忆选总统时遇旧看守所长罗永黎，并听他说“神仙老虎狗”"",""summary"":""他回忆被地下抓到博爱路警备总部保安处看守所，所长罗永黎多年后在他选“总统”时递名片，并解释自己回家是神仙、见囚犯是老虎、见长官是狗。"",""view"":[""节目线"",""媒体线""],""tags"":[""笑傲六十年·有话说李敖"",""看守所"",""罗永黎"",""选总统""],""people"":[""李敖"",""罗永黎""],""places"":[""台北"",""博爱路""],""works"":[""笑傲六十年·有话说李敖"",""003.20090805文星之火·火首燎原""],""certainty"":""confirmed"",""source"":{""book"":""笑傲六十年·有话说李敖"",""chapter"":""003.20090805文星之火·火首燎原"",""path"":""《大李敖全集5.0》（wjm_tcy版）分章节/010.节目演讲类/010.笑傲六十年·有话说李敖/003.20090805文星之火·火首燎原.txt"",""line"":79},""crossReferences"":[],""dataFile"":""data/timeline-events-xiaoao-liushinian-youhua-shuo.json""}"
"25056","2009","2009-08-05","2009年8月5日","day","confirmed","李敖回忆被三支原子笔夹手指刑求，仍以笑话保持精神抵抗","他描述审问时被三支原子笔夹在左手指间，再用右手力量压左手，痛入内心；审问者戏称要怪右手，李敖却开玩笑说自己怪原子笔，以精神保持抗衡。","李敖","台湾","笑傲六十年·有话说李敖、刑求、原子笔、精神抵抗","节目线、媒体线","笑傲六十年·有话说李敖、003.20090805文星之火·火首燎原","","笑傲六十年·有话说李敖","003.20090805文星之火·火首燎原","81","《大李敖全集5.0》（wjm_tcy版）分章节/010.节目演讲类/010.笑傲六十年·有话说李敖/003.20090805文星之火·火首燎原.txt","","[]","data/timeline-events-xiaoao-liushinian-youhua-shuo.json","xiaoao-liushinian-003-recalls-ballpoint-pen-finger-torture","{""id"":""xiaoao-liushinian-003-recalls-ballpoint-pen-finger-torture"",""date"":""2009-08-05"",""displayDate"":""2009年8月5日"",""datePrecision"":""day"",""title"":""李敖回忆被三支原子笔夹手指刑求，仍以笑话保持精神抵抗"",""summary"":""他描述审问时被三支原子笔夹在左手指间，再用右手力量压左手，痛入内心；审问者戏称要怪右手，李敖却开玩笑说自己怪原子笔，以精神保持抗衡。"",""view"":[""节目线"",""媒体线""],""tags"":[""笑傲六十年·有话说李敖"",""刑求"",""原子笔"",""精神抵抗""],""people"":[""李敖""],""places"":[""台湾""],""works"":[""笑傲六十年·有话说李敖"",""003.20090805文星之火·火首燎原""],""certainty"":""confirmed"",""source"":{""book"":""笑傲六十年·有话说李敖"",""chapter"":""003.20090805文星之火·火首燎原"",""path"":""《大李敖全集5.0》（wjm_tcy版）分章节/010.节目演讲类/010.笑傲六十年·有话说李敖/003.20090805文星之火·火首燎原.txt"",""line"":81,""lines"":[81,83,85]},""crossReferences"":[],""dataFile"":""data/timeline-events-xiaoao-liushinian-youhua-shuo.json""}"
"25057","2009","2009-08-05","2009年8月5日","day","confirmed","李敖回忆被抓到警察局吃饭，看见印刷与装订者被施压","他回忆第一次被抓到警察局时，局长摆酒席请他吃饭，旁边却站着印刷厂和装订厂相关人员受审；李敖坚持问题不解决自己不走，并由陈平景日记保存这段打压过程。","李敖、陈平景、萧孟能","台湾","笑傲六十年·有话说李敖、警察局、印刷厂、言论自由","节目线、媒体线","笑傲六十年·有话说李敖、003.20090805文星之火·火首燎原","","笑傲六十年·有话说李敖","003.20090805文星之火·火首燎原","45","《大李敖全集5.0》（wjm_tcy版）分章节/010.节目演讲类/010.笑傲六十年·有话说李敖/003.20090805文星之火·火首燎原.txt","","[]","data/timeline-events-xiaoao-liushinian-youhua-shuo.json","xiaoao-liushinian-003-recalls-police-dinner-and-printing-pressure","{""id"":""xiaoao-liushinian-003-recalls-police-dinner-and-printing-pressure"",""date"":""2009-08-05"",""displayDate"":""2009年8月5日"",""datePrecision"":""day"",""title"":""李敖回忆被抓到警察局吃饭，看见印刷与装订者被施压"",""summary"":""他回忆第一次被抓到警察局时，局长摆酒席请他吃饭，旁边却站着印刷厂和装订厂相关人员受审；李敖坚持问题不解决自己不走，并由陈平景日记保存这段打压过程。"",""view"":[""节目线"",""媒体线""],""tags"":[""笑傲六十年·有话说李敖"",""警察局"",""印刷厂"",""言论自由""],""people"":[""李敖"",""陈平景"",""萧孟能""],""places"":[""台湾""],""works"":[""笑傲六十年·有话说李敖"",""003.20090805文星之火·火首燎原""],""certainty"":""confirmed"",""source"":{""book"":""笑傲六十年·有话说李敖"",""chapter"":""003.20090805文星之火·火首燎原"",""path"":""《大李敖全集5.0》（wjm_tcy版）分章节/010.节目演讲类/010.笑傲六十年·有话说李敖/003.20090805文星之火·火首燎原.txt"",""line"":45,""lines"":[45,47,49]},""crossReferences"":[],""dataFile"":""data/timeline-events-xiaoao-liushinian-youhua-shuo.json""}"
"25058","2009","2009-08-05","2009年8月5日","day","confirmed","李敖批评马英九政府粉刷旧监狱，认为集中营不该被美化","他回访旧监狱后，马英九政府的文建会把荒废建筑粉刷得像观光饭店；李敖在节目中批评，集中营应保持原状，不该用吸尘器打蜡式地美化。","李敖、马英九","台湾","笑傲六十年·有话说李敖、旧监狱、文建会、历史现场","节目线、媒体线","笑傲六十年·有话说李敖、003.20090805文星之火·火首燎原","","笑傲六十年·有话说李敖","003.20090805文星之火·火首燎原","73","《大李敖全集5.0》（wjm_tcy版）分章节/010.节目演讲类/010.笑傲六十年·有话说李敖/003.20090805文星之火·火首燎原.txt","","[]","data/timeline-events-xiaoao-liushinian-youhua-shuo.json","xiaoao-liushinian-003-criticizes-beautified-prison","{""id"":""xiaoao-liushinian-003-criticizes-beautified-prison"",""date"":""2009-08-05"",""displayDate"":""2009年8月5日"",""datePrecision"":""day"",""title"":""李敖批评马英九政府粉刷旧监狱，认为集中营不该被美化"",""summary"":""他回访旧监狱后，马英九政府的文建会把荒废建筑粉刷得像观光饭店；李敖在节目中批评，集中营应保持原状，不该用吸尘器打蜡式地美化。"",""view"":[""节目线"",""媒体线""],""tags"":[""笑傲六十年·有话说李敖"",""旧监狱"",""文建会"",""历史现场""],""people"":[""李敖"",""马英九""],""places"":[""台湾""],""works"":[""笑傲六十年·有话说李敖"",""003.20090805文星之火·火首燎原""],""certainty"":""confirmed"",""source"":{""book"":""笑傲六十年·有话说李敖"",""chapter"":""003.20090805文星之火·火首燎原"",""path"":""《大李敖全集5.0》（wjm_tcy版）分章节/010.节目演讲类/010.笑傲六十年·有话说李敖/003.20090805文星之火·火首燎原.txt"",""line"":73},""crossReferences"":[],""dataFile"":""data/timeline-events-xiaoao-liushinian-youhua-shuo.json""}"
"25059","2009","2009-08-05","2009年8月5日","day","confirmed","李敖把胡适一千元支票，连接到后来捐北大胡适铜像","李敖说胡适当年帮他一千元，多年后他在北京大学演讲时捐出一百三十万元新台币，希望北大给胡适立铜像，以改革开放后的校园空间回报启蒙运动的胡适。","李敖、胡适、刘长乐、蔡元培、李大钊、马寅初、毛泽东","北京、北京大学","笑傲六十年·有话说李敖、胡适铜像、北京大学、滴水之恩","节目线、媒体线","笑傲六十年·有话说李敖、003.20090805文星之火·火首燎原","li-ao-fangtanlu-2005-02-02-donates-phoenix-fee-to-peking-university-hu-shih-statue、li-ao-youhua-shuo-244-reveals-robin-hood-demand-for-hu-shih-statue-fund","笑傲六十年·有话说李敖","003.20090805文星之火·火首燎原","13","《大李敖全集5.0》（wjm_tcy版）分章节/010.节目演讲类/010.笑傲六十年·有话说李敖/003.20090805文星之火·火首燎原.txt","","[]","data/timeline-events-xiaoao-liushinian-youhua-shuo.json","xiaoao-liushinian-003-connects-hu-shih-check-to-beida-statue-donation","{""id"":""xiaoao-liushinian-003-connects-hu-shih-check-to-beida-statue-donation"",""date"":""2009-08-05"",""displayDate"":""2009年8月5日"",""datePrecision"":""day"",""title"":""李敖把胡适一千元支票，连接到后来捐北大胡适铜像"",""summary"":""李敖说胡适当年帮他一千元，多年后他在北京大学演讲时捐出一百三十万元新台币，希望北大给胡适立铜像，以改革开放后的校园空间回报启蒙运动的胡适。"",""view"":[""节目线"",""媒体线""],""tags"":[""笑傲六十年·有话说李敖"",""胡适铜像"",""北京大学"",""滴水之恩""],""people"":[""李敖"",""胡适"",""刘长乐"",""蔡元培"",""李大钊"",""马寅初"",""毛泽东""],""places"":[""北京"",""北京大学""],""works"":[""笑傲六十年·有话说李敖"",""003.20090805文星之火·火首燎原""],""certainty"":""confirmed"",""source"":{""book"":""笑傲六十年·有话说李敖"",""chapter"":""003.20090805文星之火·火首燎原"",""path"":""《大李敖全集5.0》（wjm_tcy版）分章节/010.节目演讲类/010.笑傲六十年·有话说李敖/003.20090805文星之火·火首燎原.txt"",""line"":13,""lines"":[13,15,17,19]},""crossReferences"":[""li-ao-fangtanlu-2005-02-02-donates-phoenix-fee-to-peking-university-hu-shih-statue"",""li-ao-youhua-shuo-244-reveals-robin-hood-demand-for-hu-shih-statue-fund""],""dataFile"":""data/timeline-events-xiaoao-liushinian-youhua-shuo.json""}"
"25060","2009","2009-08-05","2009年8月5日","day","confirmed","李敖评价胡适晚年台湾岁月，并说明自己替胡适身后名誉尽侠义","他批评胡适在台湾晚年只是点缀，但也肯定胡适曾劝蒋介石不要连任、把国民党一分为二；他又引李恕谷语，说明胡适身后朋友鸟兽散，只有自己出手帮他做身后事。","李敖、胡适、蒋介石、钱穆、赵元任","台湾、南港","笑傲六十年·有话说李敖、胡适、身后事、蒋介石","节目线、媒体线","笑傲六十年·有话说李敖、003.20090805文星之火·火首燎原","","笑傲六十年·有话说李敖","003.20090805文星之火·火首燎原","19","《大李敖全集5.0》（wjm_tcy版）分章节/010.节目演讲类/010.笑傲六十年·有话说李敖/003.20090805文星之火·火首燎原.txt","","[]","data/timeline-events-xiaoao-liushinian-youhua-shuo.json","xiaoao-liushinian-003-judges-hu-shih-late-taiwan-and-defends-afterlife-reputation","{""id"":""xiaoao-liushinian-003-judges-hu-shih-late-taiwan-and-defends-afterlife-reputation"",""date"":""2009-08-05"",""displayDate"":""2009年8月5日"",""datePrecision"":""day"",""title"":""李敖评价胡适晚年台湾岁月，并说明自己替胡适身后名誉尽侠义"",""summary"":""他批评胡适在台湾晚年只是点缀，但也肯定胡适曾劝蒋介石不要连任、把国民党一分为二；他又引李恕谷语，说明胡适身后朋友鸟兽散，只有自己出手帮他做身后事。"",""view"":[""节目线"",""媒体线""],""tags"":[""笑傲六十年·有话说李敖"",""胡适"",""身后事"",""蒋介石""],""people"":[""李敖"",""胡适"",""蒋介石"",""钱穆"",""赵元任""],""places"":[""台湾"",""南港""],""works"":[""笑傲六十年·有话说李敖"",""003.20090805文星之火·火首燎原""],""certainty"":""confirmed"",""source"":{""book"":""笑傲六十年·有话说李敖"",""chapter"":""003.20090805文星之火·火首燎原"",""path"":""《大李敖全集5.0》（wjm_tcy版）分章节/010.节目演讲类/010.笑傲六十年·有话说李敖/003.20090805文星之火·火首燎原.txt"",""line"":19,""lines"":[19,21,23,25,27,29]},""crossReferences"":[],""dataFile"":""data/timeline-events-xiaoao-liushinian-youhua-shuo.json""}"
"25061","2009","2009-08-05","2009年8月5日","day","confirmed","李敖总结第一次坐牢七年四个月，称自己的牢比牛棚还牛棚","他总结第一次坐牢经验：一共七年四个月，其中包括十四个月软禁；1976年出狱正逢大陆文革结束，李敖把自己的十四年迫害比作个人文革。","李敖","台湾","笑傲六十年·有话说李敖、第一次坐牢、软禁、文革","节目线、媒体线","笑傲六十年·有话说李敖、003.20090805文星之火·火首燎原","","笑傲六十年·有话说李敖","003.20090805文星之火·火首燎原","87","《大李敖全集5.0》（wjm_tcy版）分章节/010.节目演讲类/010.笑傲六十年·有话说李敖/003.20090805文星之火·火首燎原.txt","","[]","data/timeline-events-xiaoao-liushinian-youhua-shuo.json","xiaoao-liushinian-003-summarizes-first-prison-seven-years-four-months","{""id"":""xiaoao-liushinian-003-summarizes-first-prison-seven-years-four-months"",""date"":""2009-08-05"",""displayDate"":""2009年8月5日"",""datePrecision"":""day"",""title"":""李敖总结第一次坐牢七年四个月，称自己的牢比牛棚还牛棚"",""summary"":""他总结第一次坐牢经验：一共七年四个月，其中包括十四个月软禁；1976年出狱正逢大陆文革结束，李敖把自己的十四年迫害比作个人文革。"",""view"":[""节目线"",""媒体线""],""tags"":[""笑傲六十年·有话说李敖"",""第一次坐牢"",""软禁"",""文革""],""people"":[""李敖""],""places"":[""台湾""],""works"":[""笑傲六十年·有话说李敖"",""003.20090805文星之火·火首燎原""],""certainty"":""confirmed"",""source"":{""book"":""笑傲六十年·有话说李敖"",""chapter"":""003.20090805文星之火·火首燎原"",""path"":""《大李敖全集5.0》（wjm_tcy版）分章节/010.节目演讲类/010.笑傲六十年·有话说李敖/003.20090805文星之火·火首燎原.txt"",""line"":87},""crossReferences"":[],""dataFile"":""data/timeline-events-xiaoao-liushinian-youhua-shuo.json""}"
"25062","2009","2009-08-05","2009年8月5日","day","confirmed","李敖展示小蕾照片，回忆白色恐怖拆散恋情","他展示十九岁女友小蕾的照片，说自己坐牢后她等了十个月终于离开；两人分开不是爱情坏掉，而是政治原因造成“白色的生分是红色的玫瑰”。","李敖、小蕾","台湾","笑傲六十年·有话说李敖、小蕾、白色恐怖、爱情","节目线、媒体线","笑傲六十年·有话说李敖、003.20090805文星之火·火首燎原","","笑傲六十年·有话说李敖","003.20090805文星之火·火首燎原","77","《大李敖全集5.0》（wjm_tcy版）分章节/010.节目演讲类/010.笑傲六十年·有话说李敖/003.20090805文星之火·火首燎原.txt","","[]","data/timeline-events-xiaoao-liushinian-youhua-shuo.json","xiaoao-liushinian-003-shows-xiaolei-photo-and-white-terror-love-separation","{""id"":""xiaoao-liushinian-003-shows-xiaolei-photo-and-white-terror-love-separation"",""date"":""2009-08-05"",""displayDate"":""2009年8月5日"",""datePrecision"":""day"",""title"":""李敖展示小蕾照片，回忆白色恐怖拆散恋情"",""summary"":""他展示十九岁女友小蕾的照片，说自己坐牢后她等了十个月终于离开；两人分开不是爱情坏掉，而是政治原因造成“白色的生分是红色的玫瑰”。"",""view"":[""节目线"",""媒体线""],""tags"":[""笑傲六十年·有话说李敖"",""小蕾"",""白色恐怖"",""爱情""],""people"":[""李敖"",""小蕾""],""places"":[""台湾""],""works"":[""笑傲六十年·有话说李敖"",""003.20090805文星之火·火首燎原""],""certainty"":""confirmed"",""source"":{""book"":""笑傲六十年·有话说李敖"",""chapter"":""003.20090805文星之火·火首燎原"",""path"":""《大李敖全集5.0》（wjm_tcy版）分章节/010.节目演讲类/010.笑傲六十年·有话说李敖/003.20090805文星之火·火首燎原.txt"",""line"":77},""crossReferences"":[],""dataFile"":""data/timeline-events-xiaoao-liushinian-youhua-shuo.json""}"
"25063","2009","2009-08-05","2009年8月5日","day","confirmed","李敖展示自己拼合保存的《告别文坛》十书，称其为禁书史文献","他把从纸堆里拾回、自己装订的残破十书逐一展示，称这些狼狈记录是人类禁书史上的绝好文献，也证明自己曾在蒋介石高压下只身反抗。","李敖、蒋介石","台湾","笑傲六十年·有话说李敖、禁书史、告别文坛十书、证据保存","节目线、媒体线","笑傲六十年·有话说李敖、003.20090805文星之火·火首燎原","","笑傲六十年·有话说李敖","003.20090805文星之火·火首燎原","49","《大李敖全集5.0》（wjm_tcy版）分章节/010.节目演讲类/010.笑傲六十年·有话说李敖/003.20090805文星之火·火首燎原.txt","","[]","data/timeline-events-xiaoao-liushinian-youhua-shuo.json","xiaoao-liushinian-003-preserves-broken-ten-books-as-banned-book-evidence","{""id"":""xiaoao-liushinian-003-preserves-broken-ten-books-as-banned-book-evidence"",""date"":""2009-08-05"",""displayDate"":""2009年8月5日"",""datePrecision"":""day"",""title"":""李敖展示自己拼合保存的《告别文坛》十书，称其为禁书史文献"",""summary"":""他把从纸堆里拾回、自己装订的残破十书逐一展示，称这些狼狈记录是人类禁书史上的绝好文献，也证明自己曾在蒋介石高压下只身反抗。"",""view"":[""节目线"",""媒体线""],""tags"":[""笑傲六十年·有话说李敖"",""禁书史"",""告别文坛十书"",""证据保存""],""people"":[""李敖"",""蒋介石""],""places"":[""台湾""],""works"":[""笑傲六十年·有话说李敖"",""003.20090805文星之火·火首燎原""],""certainty"":""confirmed"",""source"":{""book"":""笑傲六十年·有话说李敖"",""chapter"":""003.20090805文星之火·火首燎原"",""path"":""《大李敖全集5.0》（wjm_tcy版）分章节/010.节目演讲类/010.笑傲六十年·有话说李敖/003.20090805文星之火·火首燎原.txt"",""line"":49,""lines"":[49,51,53,55,59]},""crossReferences"":[],""dataFile"":""data/timeline-events-xiaoao-liushinian-youhua-shuo.json""}"
"25064","2009","2009-08-05","2009年8月5日","day","confirmed","李敖展示被迫盖章、切掉书背目录的《告别文坛》残本","警备总部允许十书中的四本出售，却要求遮掉全部著作目录；李敖先刻橡皮图章盖墨仍不够，最后被迫把书后目录切掉再卖，节目中展示了这些被作弄的残本。","李敖","台湾","笑傲六十年·有话说李敖、告别文坛十书、著作目录、查禁","节目线、媒体线","笑傲六十年·有话说李敖、003.20090805文星之火·火首燎原","","笑傲六十年·有话说李敖","003.20090805文星之火·火首燎原","37","《大李敖全集5.0》（wjm_tcy版）分章节/010.节目演讲类/010.笑傲六十年·有话说李敖/003.20090805文星之火·火首燎原.txt","","[]","data/timeline-events-xiaoao-liushinian-youhua-shuo.json","xiaoao-liushinian-003-shows-cut-back-cover-books","{""id"":""xiaoao-liushinian-003-shows-cut-back-cover-books"",""date"":""2009-08-05"",""displayDate"":""2009年8月5日"",""datePrecision"":""day"",""title"":""李敖展示被迫盖章、切掉书背目录的《告别文坛》残本"",""summary"":""警备总部允许十书中的四本出售，却要求遮掉全部著作目录；李敖先刻橡皮图章盖墨仍不够，最后被迫把书后目录切掉再卖，节目中展示了这些被作弄的残本。"",""view"":[""节目线"",""媒体线""],""tags"":[""笑傲六十年·有话说李敖"",""告别文坛十书"",""著作目录"",""查禁""],""people"":[""李敖""],""places"":[""台湾""],""works"":[""笑傲六十年·有话说李敖"",""003.20090805文星之火·火首燎原""],""certainty"":""confirmed"",""source"":{""book"":""笑傲六十年·有话说李敖"",""chapter"":""003.20090805文星之火·火首燎原"",""path"":""《大李敖全集5.0》（wjm_tcy版）分章节/010.节目演讲类/010.笑傲六十年·有话说李敖/003.20090805文星之火·火首燎原.txt"",""line"":37,""lines"":[37,39,41]},""crossReferences"":[],""dataFile"":""data/timeline-events-xiaoao-liushinian-youhua-shuo.json""}"
"25065","2009","2009-08-06","2009年8月6日","day","confirmed","《笑傲六十年·有话说李敖》004集播出，李敖讲二次政治犯、千秋出版和伪国会","第四集《隐居谈情·东山再起》播出，李敖从《红色11》和给女儿的狱中家书讲起，接着回顾复出、第二次入狱、《千秋评论丛书》、禁书发行和立法院闹场。","李敖","台湾","笑傲六十年·有话说李敖、节目播出、政治犯、千秋评论、立法院","节目线、媒体线","笑傲六十年·有话说李敖、004.20090806隐居谈情·东山再起","","笑傲六十年·有话说李敖","004.20090806隐居谈情·东山再起","1","《大李敖全集5.0》（wjm_tcy版）分章节/010.节目演讲类/010.笑傲六十年·有话说李敖/004.20090806隐居谈情·东山再起.txt","","[]","data/timeline-events-xiaoao-liushinian-youhua-shuo.json","xiaoao-liushinian-004-broadcast-seclusion-comeback","{""id"":""xiaoao-liushinian-004-broadcast-seclusion-comeback"",""date"":""2009-08-06"",""displayDate"":""2009年8月6日"",""datePrecision"":""day"",""title"":""《笑傲六十年·有话说李敖》004集播出，李敖讲二次政治犯、千秋出版和伪国会"",""summary"":""第四集《隐居谈情·东山再起》播出，李敖从《红色11》和给女儿的狱中家书讲起，接着回顾复出、第二次入狱、《千秋评论丛书》、禁书发行和立法院闹场。"",""view"":[""节目线"",""媒体线""],""tags"":[""笑傲六十年·有话说李敖"",""节目播出"",""政治犯"",""千秋评论"",""立法院""],""people"":[""李敖""],""places"":[""台湾""],""works"":[""笑傲六十年·有话说李敖"",""004.20090806隐居谈情·东山再起""],""certainty"":""confirmed"",""source"":{""book"":""笑傲六十年·有话说李敖"",""chapter"":""004.20090806隐居谈情·东山再起"",""path"":""《大李敖全集5.0》（wjm_tcy版）分章节/010.节目演讲类/010.笑傲六十年·有话说李敖/004.20090806隐居谈情·东山再起.txt"",""line"":1},""crossReferences"":[],""dataFile"":""data/timeline-events-xiaoao-liushinian-youhua-shuo.json""}"
"25066","2009","2009-08-06","2009年8月6日","day","confirmed","李敖出看守所四小时后发表《天下没有白坐的黑牢》","他回忆自己在看守所关了半年，出来时还与所长握手；四小时后便发表三万多字《天下没有白坐的黑牢》，揭露监狱黑暗并引发台北监狱越狱、新竹监狱暴动等连锁反应。","李敖","台湾","笑傲六十年·有话说李敖、天下没有白坐的黑牢、监狱改革、报复国民党","节目线、媒体线","笑傲六十年·有话说李敖、004.20090806隐居谈情·东山再起、天下没有白坐的黑牢","li-ao-talk-show-017-recalls-black-prison-article-and-informants","笑傲六十年·有话说李敖","004.20090806隐居谈情·东山再起","31","《大李敖全集5.0》（wjm_tcy版）分章节/010.节目演讲类/010.笑傲六十年·有话说李敖/004.20090806隐居谈情·东山再起.txt","","[]","data/timeline-events-xiaoao-liushinian-youhua-shuo.json","xiaoao-liushinian-004-publishes-black-jail-four-hours-after-release","{""id"":""xiaoao-liushinian-004-publishes-black-jail-four-hours-after-release"",""date"":""2009-08-06"",""displayDate"":""2009年8月6日"",""datePrecision"":""day"",""title"":""李敖出看守所四小时后发表《天下没有白坐的黑牢》"",""summary"":""他回忆自己在看守所关了半年，出来时还与所长握手；四小时后便发表三万多字《天下没有白坐的黑牢》，揭露监狱黑暗并引发台北监狱越狱、新竹监狱暴动等连锁反应。"",""view"":[""节目线"",""媒体线""],""tags"":[""笑傲六十年·有话说李敖"",""天下没有白坐的黑牢"",""监狱改革"",""报复国民党""],""people"":[""李敖""],""places"":[""台湾""],""works"":[""笑傲六十年·有话说李敖"",""004.20090806隐居谈情·东山再起"",""天下没有白坐的黑牢""],""certainty"":""confirmed"",""source"":{""book"":""笑傲六十年·有话说李敖"",""chapter"":""004.20090806隐居谈情·东山再起"",""path"":""《大李敖全集5.0》（wjm_tcy版）分章节/010.节目演讲类/010.笑傲六十年·有话说李敖/004.20090806隐居谈情·东山再起.txt"",""line"":31,""lines"":[31,33]},""crossReferences"":[""li-ao-talk-show-017-recalls-black-prison-article-and-informants""],""dataFile"":""data/timeline-events-xiaoao-liushinian-youhua-shuo.json""}"
"25067","2009","2009-08-06","2009年8月6日","day","confirmed","李敖回忆2000年参选，声明自己选的是中国台湾地区领导人","他回忆新党主席李庆华约他参加2000年所谓总统选举，李敖同意并在香港先声明：自己不是选伪中华民国总统，而是选中国台湾地区领导人；他也强调自己从不是新党党员。","李敖、李庆华、冯沪祥、许历农","台湾、香港","笑傲六十年·有话说李敖、2000年选举、新党、台湾地区领导人","节目线、媒体线","笑傲六十年·有话说李敖、004.20090806隐居谈情·东山再起","","笑傲六十年·有话说李敖","004.20090806隐居谈情·东山再起","75","《大李敖全集5.0》（wjm_tcy版）分章节/010.节目演讲类/010.笑傲六十年·有话说李敖/004.20090806隐居谈情·东山再起.txt","","[]","data/timeline-events-xiaoao-liushinian-youhua-shuo.json","xiaoao-liushinian-004-recalls-2000-presidential-run-as-taiwan-leader","{""id"":""xiaoao-liushinian-004-recalls-2000-presidential-run-as-taiwan-leader"",""date"":""2009-08-06"",""displayDate"":""2009年8月6日"",""datePrecision"":""day"",""title"":""李敖回忆2000年参选，声明自己选的是中国台湾地区领导人"",""summary"":""他回忆新党主席李庆华约他参加2000年所谓总统选举，李敖同意并在香港先声明：自己不是选伪中华民国总统，而是选中国台湾地区领导人；他也强调自己从不是新党党员。"",""view"":[""节目线"",""媒体线""],""tags"":[""笑傲六十年·有话说李敖"",""2000年选举"",""新党"",""台湾地区领导人""],""people"":[""李敖"",""李庆华"",""冯沪祥"",""许历农""],""places"":[""台湾"",""香港""],""works"":[""笑傲六十年·有话说李敖"",""004.20090806隐居谈情·东山再起""],""certainty"":""confirmed"",""source"":{""book"":""笑傲六十年·有话说李敖"",""chapter"":""004.20090806隐居谈情·东山再起"",""path"":""《大李敖全集5.0》（wjm_tcy版）分章节/010.节目演讲类/010.笑傲六十年·有话说李敖/004.20090806隐居谈情·东山再起.txt"",""line"":75,""lines"":[75,77,79,81]},""crossReferences"":[],""dataFile"":""data/timeline-events-xiaoao-liushinian-youhua-shuo.json""}"
"25068","2009","2009-08-06","2009年8月6日","day","confirmed","李敖回忆入狱前十六天认识的女友，帮他预编六本狱中书","第二次入狱前十六天，李敖认识一位刚结婚半个月的留学生太太，并与她同居十六天；她帮他先编好六本书，方便李敖入狱后每月仍能出一本。","李敖","台湾","笑傲六十年·有话说李敖、女友、入狱前、编书","节目线、媒体线","笑傲六十年·有话说李敖、004.20090806隐居谈情·东山再起、千秋·冤狱·党","","笑傲六十年·有话说李敖","004.20090806隐居谈情·东山再起","37","《大李敖全集5.0》（wjm_tcy版）分章节/010.节目演讲类/010.笑傲六十年·有话说李敖/004.20090806隐居谈情·东山再起.txt","","[]","data/timeline-events-xiaoao-liushinian-youhua-shuo.json","xiaoao-liushinian-004-recalls-sixteen-day-girlfriend-edited-prison-books","{""id"":""xiaoao-liushinian-004-recalls-sixteen-day-girlfriend-edited-prison-books"",""date"":""2009-08-06"",""displayDate"":""2009年8月6日"",""datePrecision"":""day"",""title"":""李敖回忆入狱前十六天认识的女友，帮他预编六本狱中书"",""summary"":""第二次入狱前十六天，李敖认识一位刚结婚半个月的留学生太太，并与她同居十六天；她帮他先编好六本书，方便李敖入狱后每月仍能出一本。"",""view"":[""节目线"",""媒体线""],""tags"":[""笑傲六十年·有话说李敖"",""女友"",""入狱前"",""编书""],""people"":[""李敖""],""places"":[""台湾""],""works"":[""笑傲六十年·有话说李敖"",""004.20090806隐居谈情·东山再起"",""千秋·冤狱·党""],""certainty"":""confirmed"",""source"":{""book"":""笑傲六十年·有话说李敖"",""chapter"":""004.20090806隐居谈情·东山再起"",""path"":""《大李敖全集5.0》（wjm_tcy版）分章节/010.节目演讲类/010.笑傲六十年·有话说李敖/004.20090806隐居谈情·东山再起.txt"",""line"":37,""lines"":[37,39,41]},""crossReferences"":[],""dataFile"":""data/timeline-events-xiaoao-liushinian-youhua-shuo.json""}"
"25069","2009","2009-08-06","2009年8月6日","day","confirmed","李敖回忆出狱后沈登恩三顾茅庐，促成《独白下的传统》复出","出狱后，远景出版社沈登恩多次到家找李敖，最终说服他出版《独白下的传统》；李敖说书名虽然把《传统下的独白》翻身了，人却尚未翻身。","李敖、沈登恩","台湾","笑傲六十年·有话说李敖、复出、远景出版社、独白下的传统","节目线、媒体线","笑傲六十年·有话说李敖、004.20090806隐居谈情·东山再起、独白下的传统、传统下的独白","1979-06-du-bai-xia-de-chuan-tong-first-comeback-book","笑傲六十年·有话说李敖","004.20090806隐居谈情·东山再起","17","《大李敖全集5.0》（wjm_tcy版）分章节/010.节目演讲类/010.笑傲六十年·有话说李敖/004.20090806隐居谈情·东山再起.txt","","[]","data/timeline-events-xiaoao-liushinian-youhua-shuo.json","xiaoao-liushinian-004-recalls-shen-dengen-comeback-dubai","{""id"":""xiaoao-liushinian-004-recalls-shen-dengen-comeback-dubai"",""date"":""2009-08-06"",""displayDate"":""2009年8月6日"",""datePrecision"":""day"",""title"":""李敖回忆出狱后沈登恩三顾茅庐，促成《独白下的传统》复出"",""summary"":""出狱后，远景出版社沈登恩多次到家找李敖，最终说服他出版《独白下的传统》；李敖说书名虽然把《传统下的独白》翻身了，人却尚未翻身。"",""view"":[""节目线"",""媒体线""],""tags"":[""笑傲六十年·有话说李敖"",""复出"",""远景出版社"",""独白下的传统""],""people"":[""李敖"",""沈登恩""],""places"":[""台湾""],""works"":[""笑傲六十年·有话说李敖"",""004.20090806隐居谈情·东山再起"",""独白下的传统"",""传统下的独白""],""certainty"":""confirmed"",""source"":{""book"":""笑傲六十年·有话说李敖"",""chapter"":""004.20090806隐居谈情·东山再起"",""path"":""《大李敖全集5.0》（wjm_tcy版）分章节/010.节目演讲类/010.笑傲六十年·有话说李敖/004.20090806隐居谈情·东山再起.txt"",""line"":17,""lines"":[17,19]},""crossReferences"":[""1979-06-du-bai-xia-de-chuan-tong-first-comeback-book""],""dataFile"":""data/timeline-events-xiaoao-liushinian-youhua-shuo.json""}"
"25070","2009","2009-08-06","2009年8月6日","day","confirmed","李敖回忆立法院喷瓦斯和送大奶嘴，解释自己参加伪国会是为颠覆它","他说明自己在立法院反对美国军购，因发言机会被剥夺而喷瓦斯、戴防毒面具，并让主席蔡启芳无法叫警察；后来又公开送国防部长李杰大奶嘴，丑化军购只是慰安剂。","李敖、蔡启芳、李杰、列宁","立法院","笑傲六十年·有话说李敖、喷瓦斯、反军购、大奶嘴、伪国会","节目线、媒体线","笑傲六十年·有话说李敖、004.20090806隐居谈情·东山再起","book6-2006-10-24-tear-gas-at-procedure-committee-to-block-arms-purchase、li-ao-youhua-shuo-693-sprays-tear-gas-and-stops-meeting-with-bodyguards、book6-2007-05-21-holds-pacifier-press-event-for-li-jie-and-publishes-open-letter、li-ao-yumiao-tianxia-092-recalls-li-jie-pacifier","笑傲六十年·有话说李敖","004.20090806隐居谈情·东山再起","99","《大李敖全集5.0》（wjm_tcy版）分章节/010.节目演讲类/010.笑傲六十年·有话说李敖/004.20090806隐居谈情·东山再起.txt","","[]","data/timeline-events-xiaoao-liushinian-youhua-shuo.json","xiaoao-liushinian-004-explains-gas-pacifier-fake-parliament","{""id"":""xiaoao-liushinian-004-explains-gas-pacifier-fake-parliament"",""date"":""2009-08-06"",""displayDate"":""2009年8月6日"",""datePrecision"":""day"",""title"":""李敖回忆立法院喷瓦斯和送大奶嘴，解释自己参加伪国会是为颠覆它"",""summary"":""他说明自己在立法院反对美国军购，因发言机会被剥夺而喷瓦斯、戴防毒面具，并让主席蔡启芳无法叫警察；后来又公开送国防部长李杰大奶嘴，丑化军购只是慰安剂。"",""view"":[""节目线"",""媒体线""],""tags"":[""笑傲六十年·有话说李敖"",""喷瓦斯"",""反军购"",""大奶嘴"",""伪国会""],""people"":[""李敖"",""蔡启芳"",""李杰"",""列宁""],""places"":[""立法院""],""works"":[""笑傲六十年·有话说李敖"",""004.20090806隐居谈情·东山再起""],""certainty"":""confirmed"",""source"":{""book"":""笑傲六十年·有话说李敖"",""chapter"":""004.20090806隐居谈情·东山再起"",""path"":""《大李敖全集5.0》（wjm_tcy版）分章节/010.节目演讲类/010.笑傲六十年·有话说李敖/004.20090806隐居谈情·东山再起.txt"",""line"":99,""lines"":[99,101,103,105,107,109]},""crossReferences"":[""book6-2006-10-24-tear-gas-at-procedure-committee-to-block-arms-purchase"",""li-ao-youhua-shuo-693-sprays-tear-gas-and-stops-meeting-with-bodyguards"",""book6-2007-05-21-holds-pacifier-press-event-for-li-jie-and-publishes-open-letter"",""li-ao-yumiao-tianxia-092-recalls-li-jie-pacifier""],""dataFile"":""data/timeline-events-xiaoao-liushinian-youhua-shuo.json""}"
"25071","2009","2009-08-06","2009年8月6日","day","confirmed","李敖回忆弟弟回家上厕所，结果印刷厂书被警备总部抢走","他讲弟弟负责监工时因习惯回家上厕所，从万华跑回大安；警备总部趁机到印刷厂抢走书，李敖为此笑骂弟弟发生技术错误，至少该与强盗打个照面。","李敖、李敖弟弟","万华、大安","笑傲六十年·有话说李敖、警备总部、抢书、家庭轶事","节目线、媒体线","笑傲六十年·有话说李敖、004.20090806隐居谈情·东山再起","","笑傲六十年·有话说李敖","004.20090806隐居谈情·东山再起","61","《大李敖全集5.0》（wjm_tcy版）分章节/010.节目演讲类/010.笑傲六十年·有话说李敖/004.20090806隐居谈情·东山再起.txt","","[]","data/timeline-events-xiaoao-liushinian-youhua-shuo.json","xiaoao-liushinian-004-recalls-brother-toilet-book-seizure","{""id"":""xiaoao-liushinian-004-recalls-brother-toilet-book-seizure"",""date"":""2009-08-06"",""displayDate"":""2009年8月6日"",""datePrecision"":""day"",""title"":""李敖回忆弟弟回家上厕所，结果印刷厂书被警备总部抢走"",""summary"":""他讲弟弟负责监工时因习惯回家上厕所，从万华跑回大安；警备总部趁机到印刷厂抢走书，李敖为此笑骂弟弟发生技术错误，至少该与强盗打个照面。"",""view"":[""节目线"",""媒体线""],""tags"":[""笑傲六十年·有话说李敖"",""警备总部"",""抢书"",""家庭轶事""],""people"":[""李敖"",""李敖弟弟""],""places"":[""万华"",""大安""],""works"":[""笑傲六十年·有话说李敖"",""004.20090806隐居谈情·东山再起""],""certainty"":""confirmed"",""source"":{""book"":""笑傲六十年·有话说李敖"",""chapter"":""004.20090806隐居谈情·东山再起"",""path"":""《大李敖全集5.0》（wjm_tcy版）分章节/010.节目演讲类/010.笑傲六十年·有话说李敖/004.20090806隐居谈情·东山再起.txt"",""line"":61,""lines"":[61,63]},""crossReferences"":[],""dataFile"":""data/timeline-events-xiaoao-liushinian-youhua-shuo.json""}"
"25072","2009","2009-08-06","2009年8月6日","day","confirmed","李敖回忆张坤山偷印、黄菊文发行，并解释禁书的查禁成本","他说自己的书由张坤山偷偷印，黄菊文负责发行；与禁书大队周旋时，有时还要丢一些书给查禁小组，像逃跑时给追来的狼丢肉，因此书价包含查禁成本。","李敖、张坤山、黄菊文","台湾","笑傲六十年·有话说李敖、偷印、发行、查禁成本","节目线、媒体线","笑傲六十年·有话说李敖、004.20090806隐居谈情·东山再起","","笑傲六十年·有话说李敖","004.20090806隐居谈情·东山再起","51","《大李敖全集5.0》（wjm_tcy版）分章节/010.节目演讲类/010.笑傲六十年·有话说李敖/004.20090806隐居谈情·东山再起.txt","","[]","data/timeline-events-xiaoao-liushinian-youhua-shuo.json","xiaoao-liushinian-004-recalls-secret-printing-and-ban-cost","{""id"":""xiaoao-liushinian-004-recalls-secret-printing-and-ban-cost"",""date"":""2009-08-06"",""displayDate"":""2009年8月6日"",""datePrecision"":""day"",""title"":""李敖回忆张坤山偷印、黄菊文发行，并解释禁书的查禁成本"",""summary"":""他说自己的书由张坤山偷偷印，黄菊文负责发行；与禁书大队周旋时，有时还要丢一些书给查禁小组，像逃跑时给追来的狼丢肉，因此书价包含查禁成本。"",""view"":[""节目线"",""媒体线""],""tags"":[""笑傲六十年·有话说李敖"",""偷印"",""发行"",""查禁成本""],""people"":[""李敖"",""张坤山"",""黄菊文""],""places"":[""台湾""],""works"":[""笑傲六十年·有话说李敖"",""004.20090806隐居谈情·东山再起""],""certainty"":""confirmed"",""source"":{""book"":""笑傲六十年·有话说李敖"",""chapter"":""004.20090806隐居谈情·东山再起"",""path"":""《大李敖全集5.0》（wjm_tcy版）分章节/010.节目演讲类/010.笑傲六十年·有话说李敖/004.20090806隐居谈情·东山再起.txt"",""line"":51,""lines"":[51,53,55]},""crossReferences"":[],""dataFile"":""data/timeline-events-xiaoao-liushinian-youhua-shuo.json""}"
"25073","2009","2009-08-06","2009年8月6日","day","confirmed","李敖回忆国民党利用萧孟能诬告和胡茵梦伪证，让他第二次入狱","复出后，国民党认为李敖又兴风作浪，利用文星老板萧孟能的诬告和胡茵梦的伪证，重新把他关进司法监狱；节目中他重回台北看守所，指出自己住过的孝一舍三十二房。","李敖、萧孟能、胡茵梦、陈水扁","台北看守所、台北监狱","笑傲六十年·有话说李敖、第二次入狱、萧孟能、胡茵梦","节目线、媒体线","笑傲六十年·有话说李敖、004.20090806隐居谈情·东山再起","","笑傲六十年·有话说李敖","004.20090806隐居谈情·东山再起","27","《大李敖全集5.0》（wjm_tcy版）分章节/010.节目演讲类/010.笑傲六十年·有话说李敖/004.20090806隐居谈情·东山再起.txt","","[]","data/timeline-events-xiaoao-liushinian-youhua-shuo.json","xiaoao-liushinian-004-recalls-second-prison-framed-by-xiao-and-hu","{""id"":""xiaoao-liushinian-004-recalls-second-prison-framed-by-xiao-and-hu"",""date"":""2009-08-06"",""displayDate"":""2009年8月6日"",""datePrecision"":""day"",""title"":""李敖回忆国民党利用萧孟能诬告和胡茵梦伪证，让他第二次入狱"",""summary"":""复出后，国民党认为李敖又兴风作浪，利用文星老板萧孟能的诬告和胡茵梦的伪证，重新把他关进司法监狱；节目中他重回台北看守所，指出自己住过的孝一舍三十二房。"",""view"":[""节目线"",""媒体线""],""tags"":[""笑傲六十年·有话说李敖"",""第二次入狱"",""萧孟能"",""胡茵梦""],""people"":[""李敖"",""萧孟能"",""胡茵梦"",""陈水扁""],""places"":[""台北看守所"",""台北监狱""],""works"":[""笑傲六十年·有话说李敖"",""004.20090806隐居谈情·东山再起""],""certainty"":""confirmed"",""source"":{""book"":""笑傲六十年·有话说李敖"",""chapter"":""004.20090806隐居谈情·东山再起"",""path"":""《大李敖全集5.0》（wjm_tcy版）分章节/010.节目演讲类/010.笑傲六十年·有话说李敖/004.20090806隐居谈情·东山再起.txt"",""line"":27,""lines"":[27,29]},""crossReferences"":[],""dataFile"":""data/timeline-events-xiaoao-liushinian-youhua-shuo.json""}"
"25074","2009","2009-08-06","2009年8月6日","day","confirmed","李敖回忆高信疆先斩后奏，让《中国时报》刊文促他复出","高信疆请沈登恩晚一天出书，以便在《中国时报》刊出李敖最精彩的文章；文章排好印出四万张后，高信疆才告诉余纪忠，愿意接受处分，由此造成李敖复出的事实。","李敖、高信疆、沈登恩、余纪忠","台湾","笑傲六十年·有话说李敖、高信疆、中国时报、复出","节目线、媒体线","笑傲六十年·有话说李敖、004.20090806隐居谈情·东山再起、中国时报","book4-1979-06-06-china-times-social-page-announces-comeback、li-ao-dageda-095-defines-yu-jizhong-as-big-wind-faction-and-recalls-gao-xinjiang-column-return","笑傲六十年·有话说李敖","004.20090806隐居谈情·东山再起","21","《大李敖全集5.0》（wjm_tcy版）分章节/010.节目演讲类/010.笑傲六十年·有话说李敖/004.20090806隐居谈情·东山再起.txt","","[]","data/timeline-events-xiaoao-liushinian-youhua-shuo.json","xiaoao-liushinian-004-recalls-gao-xinjiang-forced-china-times-comeback","{""id"":""xiaoao-liushinian-004-recalls-gao-xinjiang-forced-china-times-comeback"",""date"":""2009-08-06"",""displayDate"":""2009年8月6日"",""datePrecision"":""day"",""title"":""李敖回忆高信疆先斩后奏，让《中国时报》刊文促他复出"",""summary"":""高信疆请沈登恩晚一天出书，以便在《中国时报》刊出李敖最精彩的文章；文章排好印出四万张后，高信疆才告诉余纪忠，愿意接受处分，由此造成李敖复出的事实。"",""view"":[""节目线"",""媒体线""],""tags"":[""笑傲六十年·有话说李敖"",""高信疆"",""中国时报"",""复出""],""people"":[""李敖"",""高信疆"",""沈登恩"",""余纪忠""],""places"":[""台湾""],""works"":[""笑傲六十年·有话说李敖"",""004.20090806隐居谈情·东山再起"",""中国时报""],""certainty"":""confirmed"",""source"":{""book"":""笑傲六十年·有话说李敖"",""chapter"":""004.20090806隐居谈情·东山再起"",""path"":""《大李敖全集5.0》（wjm_tcy版）分章节/010.节目演讲类/010.笑傲六十年·有话说李敖/004.20090806隐居谈情·东山再起.txt"",""line"":21,""lines"":[21,23]},""crossReferences"":[""book4-1979-06-06-china-times-social-page-announces-comeback"",""li-ao-dageda-095-defines-yu-jizhong-as-big-wind-faction-and-recalls-gao-xinjiang-column-return""],""dataFile"":""data/timeline-events-xiaoao-liushinian-youhua-shuo.json""}"
"25075","2009","2009-08-06","2009年8月6日","day","confirmed","李敖回忆就任立委时把自己照片放在中间，对自己宣誓","他说立委宣誓按规定要对孙中山宣誓，但自己写书批评过孙中山，不愿对伪证者宣誓；于是请赖岳忠做李敖照片架，现场对着自己的照片宣誓。","李敖、孙中山、赖岳忠","立法院","笑傲六十年·有话说李敖、立法委员、宣誓、孙中山","节目线、媒体线","笑傲六十年·有话说李敖、004.20090806隐居谈情·东山再起","","笑傲六十年·有话说李敖","004.20090806隐居谈情·东山再起","93","《大李敖全集5.0》（wjm_tcy版）分章节/010.节目演讲类/010.笑傲六十年·有话说李敖/004.20090806隐居谈情·东山再起.txt","","[]","data/timeline-events-xiaoao-liushinian-youhua-shuo.json","xiaoao-liushinian-004-oath-to-own-photo-in-legislature","{""id"":""xiaoao-liushinian-004-oath-to-own-photo-in-legislature"",""date"":""2009-08-06"",""displayDate"":""2009年8月6日"",""datePrecision"":""day"",""title"":""李敖回忆就任立委时把自己照片放在中间，对自己宣誓"",""summary"":""他说立委宣誓按规定要对孙中山宣誓，但自己写书批评过孙中山，不愿对伪证者宣誓；于是请赖岳忠做李敖照片架，现场对着自己的照片宣誓。"",""view"":[""节目线"",""媒体线""],""tags"":[""笑傲六十年·有话说李敖"",""立法委员"",""宣誓"",""孙中山""],""people"":[""李敖"",""孙中山"",""赖岳忠""],""places"":[""立法院""],""works"":[""笑傲六十年·有话说李敖"",""004.20090806隐居谈情·东山再起""],""certainty"":""confirmed"",""source"":{""book"":""笑傲六十年·有话说李敖"",""chapter"":""004.20090806隐居谈情·东山再起"",""path"":""《大李敖全集5.0》（wjm_tcy版）分章节/010.节目演讲类/010.笑傲六十年·有话说李敖/004.20090806隐居谈情·东山再起.txt"",""line"":93,""lines"":[93,95,97]},""crossReferences"":[],""dataFile"":""data/timeline-events-xiaoao-liushinian-youhua-shuo.json""}"
"25076","2009","2009-08-06","2009年8月6日","day","confirmed","李敖回忆禁书封面印裸体女人，混在夜市黄色书刊中发行","他解释自己书的封面常印清凉裸体照片，是为了把禁书放在全省夜市的黄色书刊堆里卖；有些买错的色情书刊读者因此变成李敖读者。","李敖","台湾、台北夜市","笑傲六十年·有话说李敖、夜市发行、裸体封面、禁书","节目线、媒体线","笑傲六十年·有话说李敖、004.20090806隐居谈情·东山再起","","笑傲六十年·有话说李敖","004.20090806隐居谈情·东山再起","57","《大李敖全集5.0》（wjm_tcy版）分章节/010.节目演讲类/010.笑傲六十年·有话说李敖/004.20090806隐居谈情·东山再起.txt","","[]","data/timeline-events-xiaoao-liushinian-youhua-shuo.json","xiaoao-liushinian-004-recalls-night-market-nude-cover-distribution","{""id"":""xiaoao-liushinian-004-recalls-night-market-nude-cover-distribution"",""date"":""2009-08-06"",""displayDate"":""2009年8月6日"",""datePrecision"":""day"",""title"":""李敖回忆禁书封面印裸体女人，混在夜市黄色书刊中发行"",""summary"":""他解释自己书的封面常印清凉裸体照片，是为了把禁书放在全省夜市的黄色书刊堆里卖；有些买错的色情书刊读者因此变成李敖读者。"",""view"":[""节目线"",""媒体线""],""tags"":[""笑傲六十年·有话说李敖"",""夜市发行"",""裸体封面"",""禁书""],""people"":[""李敖""],""places"":[""台湾"",""台北夜市""],""works"":[""笑傲六十年·有话说李敖"",""004.20090806隐居谈情·东山再起""],""certainty"":""confirmed"",""source"":{""book"":""笑傲六十年·有话说李敖"",""chapter"":""004.20090806隐居谈情·东山再起"",""path"":""《大李敖全集5.0》（wjm_tcy版）分章节/010.节目演讲类/010.笑傲六十年·有话说李敖/004.20090806隐居谈情·东山再起.txt"",""line"":57,""lines"":[57,59]},""crossReferences"":[],""dataFile"":""data/timeline-events-xiaoao-liushinian-youhua-shuo.json""}"
"25077","2009","2009-08-06","2009年8月6日","day","confirmed","李敖回忆解严前半个月台中母亲宿舍被抄，打赢五年官司获赔二百四十万","解严前半个月，警备总部到台中一中母亲宿舍抄走禁书；李敖依据录影带指出搜查未向邻长里长出示搜索票，程序违法，打了五年官司后台中市政府赔他二百四十万。","李敖","台中、台中一中","笑傲六十年·有话说李敖、禁书搜查、官司、胜诉","节目线、媒体线","笑傲六十年·有话说李敖、004.20090806隐居谈情·东山再起","li-ao-shuduji-1987-08-01-morning-writes-guochang-after-taichung-raid","笑傲六十年·有话说李敖","004.20090806隐居谈情·东山再起","65","《大李敖全集5.0》（wjm_tcy版）分章节/010.节目演讲类/010.笑傲六十年·有话说李敖/004.20090806隐居谈情·东山再起.txt","","[]","data/timeline-events-xiaoao-liushinian-youhua-shuo.json","xiaoao-liushinian-004-wins-taichung-raid-lawsuit-after-five-years","{""id"":""xiaoao-liushinian-004-wins-taichung-raid-lawsuit-after-five-years"",""date"":""2009-08-06"",""displayDate"":""2009年8月6日"",""datePrecision"":""day"",""title"":""李敖回忆解严前半个月台中母亲宿舍被抄，打赢五年官司获赔二百四十万"",""summary"":""解严前半个月，警备总部到台中一中母亲宿舍抄走禁书；李敖依据录影带指出搜查未向邻长里长出示搜索票，程序违法，打了五年官司后台中市政府赔他二百四十万。"",""view"":[""节目线"",""媒体线""],""tags"":[""笑傲六十年·有话说李敖"",""禁书搜查"",""官司"",""胜诉""],""people"":[""李敖""],""places"":[""台中"",""台中一中""],""works"":[""笑傲六十年·有话说李敖"",""004.20090806隐居谈情·东山再起""],""certainty"":""confirmed"",""source"":{""book"":""笑傲六十年·有话说李敖"",""chapter"":""004.20090806隐居谈情·东山再起"",""path"":""《大李敖全集5.0》（wjm_tcy版）分章节/010.节目演讲类/010.笑傲六十年·有话说李敖/004.20090806隐居谈情·东山再起.txt"",""line"":65,""lines"":[65,67,69]},""crossReferences"":[""li-ao-shuduji-1987-08-01-morning-writes-guochang-after-taichung-raid""],""dataFile"":""data/timeline-events-xiaoao-liushinian-youhua-shuo.json""}"
"25078","2009","2009-08-06","2009年8月6日","day","confirmed","李敖在节目中悼念高信疆，表示愿出六十万送老朋友一个坟","李敖说自己一直感念高信疆，而高信疆在他录影前几天去世；得知高太太要买六十万元基督教墓地，李敖表示钱由自己送，算送老朋友一个坟。","李敖、高信疆","台湾","笑傲六十年·有话说李敖、高信疆、悼念、朋友","节目线、媒体线","笑傲六十年·有话说李敖、004.20090806隐居谈情·东山再起","","笑傲六十年·有话说李敖","004.20090806隐居谈情·东山再起","25","《大李敖全集5.0》（wjm_tcy版）分章节/010.节目演讲类/010.笑傲六十年·有话说李敖/004.20090806隐居谈情·东山再起.txt","","[]","data/timeline-events-xiaoao-liushinian-youhua-shuo.json","xiaoao-liushinian-004-mourns-gao-xinjiang-and-offers-grave-money","{""id"":""xiaoao-liushinian-004-mourns-gao-xinjiang-and-offers-grave-money"",""date"":""2009-08-06"",""displayDate"":""2009年8月6日"",""datePrecision"":""day"",""title"":""李敖在节目中悼念高信疆，表示愿出六十万送老朋友一个坟"",""summary"":""李敖说自己一直感念高信疆，而高信疆在他录影前几天去世；得知高太太要买六十万元基督教墓地，李敖表示钱由自己送，算送老朋友一个坟。"",""view"":[""节目线"",""媒体线""],""tags"":[""笑傲六十年·有话说李敖"",""高信疆"",""悼念"",""朋友""],""people"":[""李敖"",""高信疆""],""places"":[""台湾""],""works"":[""笑傲六十年·有话说李敖"",""004.20090806隐居谈情·东山再起""],""certainty"":""confirmed"",""source"":{""book"":""笑傲六十年·有话说李敖"",""chapter"":""004.20090806隐居谈情·东山再起"",""path"":""《大李敖全集5.0》（wjm_tcy版）分章节/010.节目演讲类/010.笑傲六十年·有话说李敖/004.20090806隐居谈情·东山再起.txt"",""line"":25},""crossReferences"":[],""dataFile"":""data/timeline-events-xiaoao-liushinian-youhua-shuo.json""}"
"25079","2009","2009-08-06","2009年8月6日","day","confirmed","李敖宣布正式向国民党开战，并出钱给郑南榕办杂志","李敖说第二次冤狱后正式和国民党宣战，自己开始写文章、办杂志，还出钱支持郑南榕办争取百分之百言论自由的杂志，节目中特别展示总监李敖、社长陈水扁、总经理郑南榕的画面。","李敖、郑南榕、陈水扁","台湾","笑傲六十年·有话说李敖、郑南榕、言论自由、向国民党宣战","节目线、媒体线","笑傲六十年·有话说李敖、004.20090806隐居谈情·东山再起","","笑傲六十年·有话说李敖","004.20090806隐居谈情·东山再起","35","《大李敖全集5.0》（wjm_tcy版）分章节/010.节目演讲类/010.笑傲六十年·有话说李敖/004.20090806隐居谈情·东山再起.txt","","[]","data/timeline-events-xiaoao-liushinian-youhua-shuo.json","xiaoao-liushinian-004-declares-war-and-funds-zheng-nanrong","{""id"":""xiaoao-liushinian-004-declares-war-and-funds-zheng-nanrong"",""date"":""2009-08-06"",""displayDate"":""2009年8月6日"",""datePrecision"":""day"",""title"":""李敖宣布正式向国民党开战，并出钱给郑南榕办杂志"",""summary"":""李敖说第二次冤狱后正式和国民党宣战，自己开始写文章、办杂志，还出钱支持郑南榕办争取百分之百言论自由的杂志，节目中特别展示总监李敖、社长陈水扁、总经理郑南榕的画面。"",""view"":[""节目线"",""媒体线""],""tags"":[""笑傲六十年·有话说李敖"",""郑南榕"",""言论自由"",""向国民党宣战""],""people"":[""李敖"",""郑南榕"",""陈水扁""],""places"":[""台湾""],""works"":[""笑傲六十年·有话说李敖"",""004.20090806隐居谈情·东山再起""],""certainty"":""confirmed"",""source"":{""book"":""笑傲六十年·有话说李敖"",""chapter"":""004.20090806隐居谈情·东山再起"",""path"":""《大李敖全集5.0》（wjm_tcy版）分章节/010.节目演讲类/010.笑傲六十年·有话说李敖/004.20090806隐居谈情·东山再起.txt"",""line"":35},""crossReferences"":[],""dataFile"":""data/timeline-events-xiaoao-liushinian-youhua-shuo.json""}"
"25080","2009","2009-08-06","2009年8月6日","day","confirmed","李敖说明《李敖千秋评论丛书》连续十年每月十万字，出到一百二十期","他说国民党不准办《千秋评论》杂志，他便改用丛书战术，每月准时出书，读者像买杂志一样购买，十年间写作量巨大，最后出到一百二十期。","李敖","台湾","笑傲六十年·有话说李敖、千秋评论丛书、丛书战术、写作量","节目线、媒体线","笑傲六十年·有话说李敖、004.20090806隐居谈情·东山再起、李敖千秋评论丛书、千秋评论","book8-1981-starts-li-ao-qianqiu-commentary-series、li-ao-baokanji-1981-07-15-writes-banned-qianqiu-review-and-shifts-to-book-series","笑傲六十年·有话说李敖","004.20090806隐居谈情·东山再起","41","《大李敖全集5.0》（wjm_tcy版）分章节/010.节目演讲类/010.笑傲六十年·有话说李敖/004.20090806隐居谈情·东山再起.txt","","[]","data/timeline-events-xiaoao-liushinian-youhua-shuo.json","xiaoao-liushinian-004-explains-qianqiu-review-series-120-issues","{""id"":""xiaoao-liushinian-004-explains-qianqiu-review-series-120-issues"",""date"":""2009-08-06"",""displayDate"":""2009年8月6日"",""datePrecision"":""day"",""title"":""李敖说明《李敖千秋评论丛书》连续十年每月十万字，出到一百二十期"",""summary"":""他说国民党不准办《千秋评论》杂志，他便改用丛书战术，每月准时出书，读者像买杂志一样购买，十年间写作量巨大，最后出到一百二十期。"",""view"":[""节目线"",""媒体线""],""tags"":[""笑傲六十年·有话说李敖"",""千秋评论丛书"",""丛书战术"",""写作量""],""people"":[""李敖""],""places"":[""台湾""],""works"":[""笑傲六十年·有话说李敖"",""004.20090806隐居谈情·东山再起"",""李敖千秋评论丛书"",""千秋评论""],""certainty"":""confirmed"",""source"":{""book"":""笑傲六十年·有话说李敖"",""chapter"":""004.20090806隐居谈情·东山再起"",""path"":""《大李敖全集5.0》（wjm_tcy版）分章节/010.节目演讲类/010.笑傲六十年·有话说李敖/004.20090806隐居谈情·东山再起.txt"",""line"":41,""lines"":[41,43,45]},""crossReferences"":[""book8-1981-starts-li-ao-qianqiu-commentary-series"",""li-ao-baokanji-1981-07-15-writes-banned-qianqiu-review-and-shifts-to-book-series""],""dataFile"":""data/timeline-events-xiaoao-liushinian-youhua-shuo.json""}"
"25081","2009","2009-08-06","2009年8月6日","day","confirmed","李敖展示2000年选举海报，说明自己两行学历政见最简明","他展示第十任所谓总统副总统选举海报，对比各组候选人密密麻麻的学历政见，指出自己只有两行：台湾大学历史系毕业，以及“勃起台湾、挺进大陆、威而钢世界”。","李敖、宋楚瑜、连战、陈水扁、吕秀莲、冯沪祥","台湾","笑傲六十年·有话说李敖、2000年选举、政见、中文表达","节目线、媒体线","笑傲六十年·有话说李敖、004.20090806隐居谈情·东山再起","","笑傲六十年·有话说李敖","004.20090806隐居谈情·东山再起","85","《大李敖全集5.0》（wjm_tcy版）分章节/010.节目演讲类/010.笑傲六十年·有话说李敖/004.20090806隐居谈情·东山再起.txt","","[]","data/timeline-events-xiaoao-liushinian-youhua-shuo.json","xiaoao-liushinian-004-shows-2000-election-poster-and-two-line-platform","{""id"":""xiaoao-liushinian-004-shows-2000-election-poster-and-two-line-platform"",""date"":""2009-08-06"",""displayDate"":""2009年8月6日"",""datePrecision"":""day"",""title"":""李敖展示2000年选举海报，说明自己两行学历政见最简明"",""summary"":""他展示第十任所谓总统副总统选举海报，对比各组候选人密密麻麻的学历政见，指出自己只有两行：台湾大学历史系毕业，以及“勃起台湾、挺进大陆、威而钢世界”。"",""view"":[""节目线"",""媒体线""],""tags"":[""笑傲六十年·有话说李敖"",""2000年选举"",""政见"",""中文表达""],""people"":[""李敖"",""宋楚瑜"",""连战"",""陈水扁"",""吕秀莲"",""冯沪祥""],""places"":[""台湾""],""works"":[""笑傲六十年·有话说李敖"",""004.20090806隐居谈情·东山再起""],""certainty"":""confirmed"",""source"":{""book"":""笑傲六十年·有话说李敖"",""chapter"":""004.20090806隐居谈情·东山再起"",""path"":""《大李敖全集5.0》（wjm_tcy版）分章节/010.节目演讲类/010.笑傲六十年·有话说李敖/004.20090806隐居谈情·东山再起.txt"",""line"":85,""lines"":[85,87,89,91]},""crossReferences"":[],""dataFile"":""data/timeline-events-xiaoao-liushinian-youhua-shuo.json""}"
"25082","2009","2009-08-06","2009年8月6日","day","confirmed","李敖展示十一房画面，说明《红色11》和狱中给女儿的八十封信","他以曾住过的十一房为基础，说明后来把白色恐怖故事改写成剧本《红色11》，同时在监狱里给女儿李文写下图文并茂的《坐牢家爸爸给女儿的八十封信》。","李敖、李文","台湾","笑傲六十年·有话说李敖、红色11、坐牢家爸爸给女儿的八十封信、监狱写作","节目线、媒体线","笑傲六十年·有话说李敖、004.20090806隐居谈情·东山再起、红色11、坐牢家爸爸给女儿的八十封信","li-ao-fangtanlu-2003-05-04-asia-weekly-red-11-white-terror-interview","笑傲六十年·有话说李敖","004.20090806隐居谈情·东山再起","5","《大李敖全集5.0》（wjm_tcy版）分章节/010.节目演讲类/010.笑傲六十年·有话说李敖/004.20090806隐居谈情·东山再起.txt","","[]","data/timeline-events-xiaoao-liushinian-youhua-shuo.json","xiaoao-liushinian-004-shows-eleventh-room-red-11-and-prison-letters","{""id"":""xiaoao-liushinian-004-shows-eleventh-room-red-11-and-prison-letters"",""date"":""2009-08-06"",""displayDate"":""2009年8月6日"",""datePrecision"":""day"",""title"":""李敖展示十一房画面，说明《红色11》和狱中给女儿的八十封信"",""summary"":""他以曾住过的十一房为基础，说明后来把白色恐怖故事改写成剧本《红色11》，同时在监狱里给女儿李文写下图文并茂的《坐牢家爸爸给女儿的八十封信》。"",""view"":[""节目线"",""媒体线""],""tags"":[""笑傲六十年·有话说李敖"",""红色11"",""坐牢家爸爸给女儿的八十封信"",""监狱写作""],""people"":[""李敖"",""李文""],""places"":[""台湾""],""works"":[""笑傲六十年·有话说李敖"",""004.20090806隐居谈情·东山再起"",""红色11"",""坐牢家爸爸给女儿的八十封信""],""certainty"":""confirmed"",""source"":{""book"":""笑傲六十年·有话说李敖"",""chapter"":""004.20090806隐居谈情·东山再起"",""path"":""《大李敖全集5.0》（wjm_tcy版）分章节/010.节目演讲类/010.笑傲六十年·有话说李敖/004.20090806隐居谈情·东山再起.txt"",""line"":5,""lines"":[5,7]},""crossReferences"":[""li-ao-fangtanlu-2003-05-04-asia-weekly-red-11-white-terror-interview""],""dataFile"":""data/timeline-events-xiaoao-liushinian-youhua-shuo.json""}"
"25083","2009","2009-08-06","2009年8月6日","day","confirmed","李敖展示女友照片，说明以她为模特写《上山·上山·爱》","他展示那位女友的黑白和彩色照片，称她多才多艺、有味道，并说自己以她为女主角模特，写成长篇小说《上山·上山·爱》。","李敖","台湾","笑傲六十年·有话说李敖、上山·上山·爱、女友、小说模特","节目线、媒体线","笑傲六十年·有话说李敖、004.20090806隐居谈情·东山再起、上山·上山·爱、北京法源寺","","笑傲六十年·有话说李敖","004.20090806隐居谈情·东山再起","49","《大李敖全集5.0》（wjm_tcy版）分章节/010.节目演讲类/010.笑傲六十年·有话说李敖/004.20090806隐居谈情·东山再起.txt","","[]","data/timeline-events-xiaoao-liushinian-youhua-shuo.json","xiaoao-liushinian-004-shows-girlfriend-model-and-shangshan-love","{""id"":""xiaoao-liushinian-004-shows-girlfriend-model-and-shangshan-love"",""date"":""2009-08-06"",""displayDate"":""2009年8月6日"",""datePrecision"":""day"",""title"":""李敖展示女友照片，说明以她为模特写《上山·上山·爱》"",""summary"":""他展示那位女友的黑白和彩色照片，称她多才多艺、有味道，并说自己以她为女主角模特，写成长篇小说《上山·上山·爱》。"",""view"":[""节目线"",""媒体线""],""tags"":[""笑傲六十年·有话说李敖"",""上山·上山·爱"",""女友"",""小说模特""],""people"":[""李敖""],""places"":[""台湾""],""works"":[""笑傲六十年·有话说李敖"",""004.20090806隐居谈情·东山再起"",""上山·上山·爱"",""北京法源寺""],""certainty"":""confirmed"",""source"":{""book"":""笑傲六十年·有话说李敖"",""chapter"":""004.20090806隐居谈情·东山再起"",""path"":""《大李敖全集5.0》（wjm_tcy版）分章节/010.节目演讲类/010.笑傲六十年·有话说李敖/004.20090806隐居谈情·东山再起.txt"",""line"":49,""lines"":[49,51]},""crossReferences"":[],""dataFile"":""data/timeline-events-xiaoao-liushinian-youhua-shuo.json""}"
"25084","2009","2009-08-06","2009年8月6日","day","confirmed","李敖展示许历农来信，说明查禁者晚年也开始承认禁书错误","他展示许历农上将写给“李敖大师”的信，信中说晚年回想当年若对禁书从宽处理，或许对自由民主有正面催化作用；李敖据此说明不查禁他的书也不会亡党亡国。","李敖、许历农、蒋经国","台湾","笑傲六十年·有话说李敖、许历农、禁书、认错","节目线、媒体线","笑傲六十年·有话说李敖、004.20090806隐居谈情·东山再起","","笑傲六十年·有话说李敖","004.20090806隐居谈情·东山再起","71","《大李敖全集5.0》（wjm_tcy版）分章节/010.节目演讲类/010.笑傲六十年·有话说李敖/004.20090806隐居谈情·东山再起.txt","","[]","data/timeline-events-xiaoao-liushinian-youhua-shuo.json","xiaoao-liushinian-004-shows-xu-linong-letter-admitting-book-ban-mistake","{""id"":""xiaoao-liushinian-004-shows-xu-linong-letter-admitting-book-ban-mistake"",""date"":""2009-08-06"",""displayDate"":""2009年8月6日"",""datePrecision"":""day"",""title"":""李敖展示许历农来信，说明查禁者晚年也开始承认禁书错误"",""summary"":""他展示许历农上将写给“李敖大师”的信，信中说晚年回想当年若对禁书从宽处理，或许对自由民主有正面催化作用；李敖据此说明不查禁他的书也不会亡党亡国。"",""view"":[""节目线"",""媒体线""],""tags"":[""笑傲六十年·有话说李敖"",""许历农"",""禁书"",""认错""],""people"":[""李敖"",""许历农"",""蒋经国""],""places"":[""台湾""],""works"":[""笑傲六十年·有话说李敖"",""004.20090806隐居谈情·东山再起""],""certainty"":""confirmed"",""source"":{""book"":""笑傲六十年·有话说李敖"",""chapter"":""004.20090806隐居谈情·东山再起"",""path"":""《大李敖全集5.0》（wjm_tcy版）分章节/010.节目演讲类/010.笑傲六十年·有话说李敖/004.20090806隐居谈情·东山再起.txt"",""line"":71},""crossReferences"":[],""dataFile"":""data/timeline-events-xiaoao-liushinian-youhua-shuo.json""}"
"25085","2009","2009-08-06","2009年8月6日","day","confirmed","李敖展示被查禁书目和罪名长表，称自己的禁书记录世界级","节目中，他拉开在北京大学展示过的查禁长表，列出书名、罪名、内容、查禁时间地点，强调古今中外没人超过他的禁书记录。","李敖","北京大学","笑傲六十年·有话说李敖、禁书、查禁表、北京大学","节目线、媒体线","笑傲六十年·有话说李敖、004.20090806隐居谈情·东山再起","","笑傲六十年·有话说李敖","004.20090806隐居谈情·东山再起","45","《大李敖全集5.0》（wjm_tcy版）分章节/010.节目演讲类/010.笑傲六十年·有话说李敖/004.20090806隐居谈情·东山再起.txt","","[]","data/timeline-events-xiaoao-liushinian-youhua-shuo.json","xiaoao-liushinian-004-shows-banned-books-chart","{""id"":""xiaoao-liushinian-004-shows-banned-books-chart"",""date"":""2009-08-06"",""displayDate"":""2009年8月6日"",""datePrecision"":""day"",""title"":""李敖展示被查禁书目和罪名长表，称自己的禁书记录世界级"",""summary"":""节目中，他拉开在北京大学展示过的查禁长表，列出书名、罪名、内容、查禁时间地点，强调古今中外没人超过他的禁书记录。"",""view"":[""节目线"",""媒体线""],""tags"":[""笑傲六十年·有话说李敖"",""禁书"",""查禁表"",""北京大学""],""people"":[""李敖""],""places"":[""北京大学""],""works"":[""笑傲六十年·有话说李敖"",""004.20090806隐居谈情·东山再起""],""certainty"":""confirmed"",""source"":{""book"":""笑傲六十年·有话说李敖"",""chapter"":""004.20090806隐居谈情·东山再起"",""path"":""《大李敖全集5.0》（wjm_tcy版）分章节/010.节目演讲类/010.笑傲六十年·有话说李敖/004.20090806隐居谈情·东山再起.txt"",""line"":45,""lines"":[45,47]},""crossReferences"":[],""dataFile"":""data/timeline-events-xiaoao-liushinian-youhua-shuo.json""}"
"25086","2009","2009-08-06","2009年8月6日","day","confirmed","李敖请吴荣元回忆狱中鼓励，并讲成功大学政治犯传话找共产党","节目中，吴荣元回忆李敖在牢里给政治犯精神开导；李敖则讲成功大学共产党案学生寻找“真共产党”的传话笑话，并借此说明当时冤狱比例很高。","李敖、吴荣元、李荊荪、范子文","成功大学、监狱","笑傲六十年·有话说李敖、政治犯、吴荣元、冤狱","节目线、媒体线","笑傲六十年·有话说李敖、004.20090806隐居谈情·东山再起","","笑傲六十年·有话说李敖","004.20090806隐居谈情·东山再起","9","《大李敖全集5.0》（wjm_tcy版）分章节/010.节目演讲类/010.笑傲六十年·有话说李敖/004.20090806隐居谈情·东山再起.txt","","[]","data/timeline-events-xiaoao-liushinian-youhua-shuo.json","xiaoao-liushinian-004-recalls-wu-rongyuan-and-political-prisoners","{""id"":""xiaoao-liushinian-004-recalls-wu-rongyuan-and-political-prisoners"",""date"":""2009-08-06"",""displayDate"":""2009年8月6日"",""datePrecision"":""day"",""title"":""李敖请吴荣元回忆狱中鼓励，并讲成功大学政治犯传话找共产党"",""summary"":""节目中，吴荣元回忆李敖在牢里给政治犯精神开导；李敖则讲成功大学共产党案学生寻找“真共产党”的传话笑话，并借此说明当时冤狱比例很高。"",""view"":[""节目线"",""媒体线""],""tags"":[""笑傲六十年·有话说李敖"",""政治犯"",""吴荣元"",""冤狱""],""people"":[""李敖"",""吴荣元"",""李荊荪"",""范子文""],""places"":[""成功大学"",""监狱""],""works"":[""笑傲六十年·有话说李敖"",""004.20090806隐居谈情·东山再起""],""certainty"":""confirmed"",""source"":{""book"":""笑傲六十年·有话说李敖"",""chapter"":""004.20090806隐居谈情·东山再起"",""path"":""《大李敖全集5.0》（wjm_tcy版）分章节/010.节目演讲类/010.笑傲六十年·有话说李敖/004.20090806隐居谈情·东山再起.txt"",""line"":9,""lines"":[9,11,13,15]},""crossReferences"":[],""dataFile"":""data/timeline-events-xiaoao-liushinian-youhua-shuo.json""}"
"25087","2009","2009-08-06","2009年8月6日","day","confirmed","李敖解释“五十年来和五百年内前三名都是李敖”是修辞迫害","他重读《独白下的传统》广告名句，说明自己连推三个“李敖”不是普通吹牛，而是修辞学和文法设计，让读者生气却忘不了。","李敖","台湾","笑傲六十年·有话说李敖、修辞、广告词、白话文","节目线、媒体线","笑傲六十年·有话说李敖、004.20090806隐居谈情·东山再起、独白下的传统","li-ao-youhua-shuo-630-explains-advertising-force-of-three-li-ao","笑傲六十年·有话说李敖","004.20090806隐居谈情·东山再起","19","《大李敖全集5.0》（wjm_tcy版）分章节/010.节目演讲类/010.笑傲六十年·有话说李敖/004.20090806隐居谈情·东山再起.txt","","[]","data/timeline-events-xiaoao-liushinian-youhua-shuo.json","xiaoao-liushinian-004-explains-top-three-li-ao-rhetoric","{""id"":""xiaoao-liushinian-004-explains-top-three-li-ao-rhetoric"",""date"":""2009-08-06"",""displayDate"":""2009年8月6日"",""datePrecision"":""day"",""title"":""李敖解释“五十年来和五百年内前三名都是李敖”是修辞迫害"",""summary"":""他重读《独白下的传统》广告名句，说明自己连推三个“李敖”不是普通吹牛，而是修辞学和文法设计，让读者生气却忘不了。"",""view"":[""节目线"",""媒体线""],""tags"":[""笑傲六十年·有话说李敖"",""修辞"",""广告词"",""白话文""],""people"":[""李敖""],""places"":[""台湾""],""works"":[""笑傲六十年·有话说李敖"",""004.20090806隐居谈情·东山再起"",""独白下的传统""],""certainty"":""confirmed"",""source"":{""book"":""笑傲六十年·有话说李敖"",""chapter"":""004.20090806隐居谈情·东山再起"",""path"":""《大李敖全集5.0》（wjm_tcy版）分章节/010.节目演讲类/010.笑傲六十年·有话说李敖/004.20090806隐居谈情·东山再起.txt"",""line"":19,""lines"":[19,21]},""crossReferences"":[""li-ao-youhua-shuo-630-explains-advertising-force-of-three-li-ao""],""dataFile"":""data/timeline-events-xiaoao-liushinian-youhua-shuo.json""}"
"25088","2009","2009-08-07","2009年8月7日","day","confirmed","《笑傲六十年·有话说李敖》005集播出，李敖集中回顾反军购、反帝和家庭","第五集《以笔载史·叱吒风云》播出，李敖由英国议会规则书引出瓦斯、裸照和反军购行动，再讲告小布什、慰安妇义卖、家人照片与自身健康。","李敖","台湾","笑傲六十年·有话说李敖、节目播出、反军购、家庭、健康","节目线、媒体线","笑傲六十年·有话说李敖、005.20090807以笔载史·叱吒风云","","笑傲六十年·有话说李敖","005.20090807以笔载史·叱吒风云","1","《大李敖全集5.0》（wjm_tcy版）分章节/010.节目演讲类/010.笑傲六十年·有话说李敖/005.20090807以笔载史·叱吒风云.txt","","[]","data/timeline-events-xiaoao-liushinian-youhua-shuo.json","xiaoao-liushinian-005-broadcast-writing-history","{""id"":""xiaoao-liushinian-005-broadcast-writing-history"",""date"":""2009-08-07"",""displayDate"":""2009年8月7日"",""datePrecision"":""day"",""title"":""《笑傲六十年·有话说李敖》005集播出，李敖集中回顾反军购、反帝和家庭"",""summary"":""第五集《以笔载史·叱吒风云》播出，李敖由英国议会规则书引出瓦斯、裸照和反军购行动，再讲告小布什、慰安妇义卖、家人照片与自身健康。"",""view"":[""节目线"",""媒体线""],""tags"":[""笑傲六十年·有话说李敖"",""节目播出"",""反军购"",""家庭"",""健康""],""people"":[""李敖""],""places"":[""台湾""],""works"":[""笑傲六十年·有话说李敖"",""005.20090807以笔载史·叱吒风云""],""certainty"":""confirmed"",""source"":{""book"":""笑傲六十年·有话说李敖"",""chapter"":""005.20090807以笔载史·叱吒风云"",""path"":""《大李敖全集5.0》（wjm_tcy版）分章节/010.节目演讲类/010.笑傲六十年·有话说李敖/005.20090807以笔载史·叱吒风云.txt"",""line"":1},""crossReferences"":[],""dataFile"":""data/timeline-events-xiaoao-liushinian-youhua-shuo.json""}"
"25089","2009","2009-08-07","2009年8月7日","day","confirmed","李敖分析铺路爪雷达，称台湾花钱买到的是美国人的眼睛","他用铺路爪雷达为例，说明台湾花三百亿台币只能提前几分钟知道死讯，对防御台湾无用；雷达真正服务的是美国本土的二十分钟预警。","李敖、连战","台湾","笑傲六十年·有话说李敖、铺路爪雷达、反军购、美国","节目线、媒体线","笑傲六十年·有话说李敖、005.20090807以笔载史·叱吒风云","li-ao-youhua-shuo-265-analyzes-long-range-radar-as-serving-us-not-taiwan","笑傲六十年·有话说李敖","005.20090807以笔载史·叱吒风云","25","《大李敖全集5.0》（wjm_tcy版）分章节/010.节目演讲类/010.笑傲六十年·有话说李敖/005.20090807以笔载史·叱吒风云.txt","","[]","data/timeline-events-xiaoao-liushinian-youhua-shuo.json","xiaoao-liushinian-005-analyzes-pave-paws-radar-for-america","{""id"":""xiaoao-liushinian-005-analyzes-pave-paws-radar-for-america"",""date"":""2009-08-07"",""displayDate"":""2009年8月7日"",""datePrecision"":""day"",""title"":""李敖分析铺路爪雷达，称台湾花钱买到的是美国人的眼睛"",""summary"":""他用铺路爪雷达为例，说明台湾花三百亿台币只能提前几分钟知道死讯，对防御台湾无用；雷达真正服务的是美国本土的二十分钟预警。"",""view"":[""节目线"",""媒体线""],""tags"":[""笑傲六十年·有话说李敖"",""铺路爪雷达"",""反军购"",""美国""],""people"":[""李敖"",""连战""],""places"":[""台湾""],""works"":[""笑傲六十年·有话说李敖"",""005.20090807以笔载史·叱吒风云""],""certainty"":""confirmed"",""source"":{""book"":""笑傲六十年·有话说李敖"",""chapter"":""005.20090807以笔载史·叱吒风云"",""path"":""《大李敖全集5.0》（wjm_tcy版）分章节/010.节目演讲类/010.笑傲六十年·有话说李敖/005.20090807以笔载史·叱吒风云.txt"",""line"":25,""lines"":[25,27,29]},""crossReferences"":[""li-ao-youhua-shuo-265-analyzes-long-range-radar-as-serving-us-not-taiwan""],""dataFile"":""data/timeline-events-xiaoao-liushinian-youhua-shuo.json""}"
"25090","2009","2009-08-07","2009年8月7日","day","confirmed","李敖以史家身份批评美国长期祸害中国和台湾","他在节目中从甲午、炮舰、飞机轰炸、对日出售钢铁、伊拉克和越南战争等材料，说明自己反美国不是情绪，而是历史家清楚认识美国如何祸害中国和台湾。","李敖","美国、中国、台湾、伊拉克、越南","笑傲六十年·有话说李敖、反美、史家判断、战争","节目线、媒体线","笑傲六十年·有话说李敖、005.20090807以笔载史·叱吒风云","","笑傲六十年·有话说李敖","005.20090807以笔载史·叱吒风云","49","《大李敖全集5.0》（wjm_tcy版）分章节/010.节目演讲类/010.笑傲六十年·有话说李敖/005.20090807以笔载史·叱吒风云.txt","","[]","data/timeline-events-xiaoao-liushinian-youhua-shuo.json","xiaoao-liushinian-005-judges-america-as-historical-harm","{""id"":""xiaoao-liushinian-005-judges-america-as-historical-harm"",""date"":""2009-08-07"",""displayDate"":""2009年8月7日"",""datePrecision"":""day"",""title"":""李敖以史家身份批评美国长期祸害中国和台湾"",""summary"":""他在节目中从甲午、炮舰、飞机轰炸、对日出售钢铁、伊拉克和越南战争等材料，说明自己反美国不是情绪，而是历史家清楚认识美国如何祸害中国和台湾。"",""view"":[""节目线"",""媒体线""],""tags"":[""笑傲六十年·有话说李敖"",""反美"",""史家判断"",""战争""],""people"":[""李敖""],""places"":[""美国"",""中国"",""台湾"",""伊拉克"",""越南""],""works"":[""笑傲六十年·有话说李敖"",""005.20090807以笔载史·叱吒风云""],""certainty"":""confirmed"",""source"":{""book"":""笑傲六十年·有话说李敖"",""chapter"":""005.20090807以笔载史·叱吒风云"",""path"":""《大李敖全集5.0》（wjm_tcy版）分章节/010.节目演讲类/010.笑傲六十年·有话说李敖/005.20090807以笔载史·叱吒风云.txt"",""line"":49,""lines"":[49,51,53,55,57]},""crossReferences"":[],""dataFile"":""data/timeline-events-xiaoao-liushinian-youhua-shuo.json""}"
"25091","2009","2009-08-07","2009年8月7日","day","confirmed","李敖用苏秋镇憋尿和陈水扁厕所抄预算，对比自己的瓦斯方法","他讲苏秋镇靠憋尿拦预算、陈水扁靠频繁去厕所记录国防预算数字，随后表示这些小便过少和过多的方法都赶不上自己用瓦斯把人赶出去的戏剧效果。","李敖、苏秋镇、陈水扁","立法院","笑傲六十年·有话说李敖、立法院、预算、瓦斯","节目线、媒体线","笑傲六十年·有话说李敖、005.20090807以笔载史·叱吒风云","","笑傲六十年·有话说李敖","005.20090807以笔载史·叱吒风云","7","《大李敖全集5.0》（wjm_tcy版）分章节/010.节目演讲类/010.笑傲六十年·有话说李敖/005.20090807以笔载史·叱吒风云.txt","","[]","data/timeline-events-xiaoao-liushinian-youhua-shuo.json","xiaoao-liushinian-005-compares-urination-tactics-to-his-gas","{""id"":""xiaoao-liushinian-005-compares-urination-tactics-to-his-gas"",""date"":""2009-08-07"",""displayDate"":""2009年8月7日"",""datePrecision"":""day"",""title"":""李敖用苏秋镇憋尿和陈水扁厕所抄预算，对比自己的瓦斯方法"",""summary"":""他讲苏秋镇靠憋尿拦预算、陈水扁靠频繁去厕所记录国防预算数字，随后表示这些小便过少和过多的方法都赶不上自己用瓦斯把人赶出去的戏剧效果。"",""view"":[""节目线"",""媒体线""],""tags"":[""笑傲六十年·有话说李敖"",""立法院"",""预算"",""瓦斯""],""people"":[""李敖"",""苏秋镇"",""陈水扁""],""places"":[""立法院""],""works"":[""笑傲六十年·有话说李敖"",""005.20090807以笔载史·叱吒风云""],""certainty"":""confirmed"",""source"":{""book"":""笑傲六十年·有话说李敖"",""chapter"":""005.20090807以笔载史·叱吒风云"",""path"":""《大李敖全集5.0》（wjm_tcy版）分章节/010.节目演讲类/010.笑傲六十年·有话说李敖/005.20090807以笔载史·叱吒风云.txt"",""line"":7,""lines"":[7,9,11,13]},""crossReferences"":[],""dataFile"":""data/timeline-events-xiaoao-liushinian-youhua-shuo.json""}"
"25092","2009","2009-08-07","2009年8月7日","day","confirmed","李敖回忆在立法院秀裸照抗议李杰军购","节目中他展示报纸报道“反军购李敖这回秀裸照”，说明自己把裸照拿到所谓国会议堂，对国防部长李杰和苏光头形成击鼓骂曹式抗议效果。","李敖、李杰、苏贞昌、祢衡","立法院","笑傲六十年·有话说李敖、裸照抗议、反军购、李杰","节目线、媒体线","笑傲六十年·有话说李敖、005.20090807以笔载史·叱吒风云","li-ao-youhua-shuo-720-explains-gas-and-nude-photo-as-lone-independent-strange-tactics","笑傲六十年·有话说李敖","005.20090807以笔载史·叱吒风云","19","《大李敖全集5.0》（wjm_tcy版）分章节/010.节目演讲类/010.笑傲六十年·有话说李敖/005.20090807以笔载史·叱吒风云.txt","","[]","data/timeline-events-xiaoao-liushinian-youhua-shuo.json","xiaoao-liushinian-005-shows-nude-photo-against-li-jie-arms-purchase","{""id"":""xiaoao-liushinian-005-shows-nude-photo-against-li-jie-arms-purchase"",""date"":""2009-08-07"",""displayDate"":""2009年8月7日"",""datePrecision"":""day"",""title"":""李敖回忆在立法院秀裸照抗议李杰军购"",""summary"":""节目中他展示报纸报道“反军购李敖这回秀裸照”，说明自己把裸照拿到所谓国会议堂，对国防部长李杰和苏光头形成击鼓骂曹式抗议效果。"",""view"":[""节目线"",""媒体线""],""tags"":[""笑傲六十年·有话说李敖"",""裸照抗议"",""反军购"",""李杰""],""people"":[""李敖"",""李杰"",""苏贞昌"",""祢衡""],""places"":[""立法院""],""works"":[""笑傲六十年·有话说李敖"",""005.20090807以笔载史·叱吒风云""],""certainty"":""confirmed"",""source"":{""book"":""笑傲六十年·有话说李敖"",""chapter"":""005.20090807以笔载史·叱吒风云"",""path"":""《大李敖全集5.0》（wjm_tcy版）分章节/010.节目演讲类/010.笑傲六十年·有话说李敖/005.20090807以笔载史·叱吒风云.txt"",""line"":19,""lines"":[19,21]},""crossReferences"":[""li-ao-youhua-shuo-720-explains-gas-and-nude-photo-as-lone-independent-strange-tactics""],""dataFile"":""data/timeline-events-xiaoao-liushinian-youhua-shuo.json""}"
"25093","2009","2009-08-07","2009年8月7日","day","confirmed","李敖回忆前列腺癌开刀前改汪精卫诗，写下洒脱手术联","谈个人健康时，他说自己开过多次刀，胆囊和前列腺都动过手术；前列腺癌开刀前，他把汪精卫诗改成“引刀成一快，人心大快，仇者先快，亲者后快；不负少年头，浪子回头，为了大头，苦了小头”。","李敖、汪精卫","台湾","笑傲六十年·有话说李敖、前列腺癌、手术、对联","节目线、媒体线","笑傲六十年·有话说李敖、005.20090807以笔载史·叱吒风云","","笑傲六十年·有话说李敖","005.20090807以笔载史·叱吒风云","83","《大李敖全集5.0》（wjm_tcy版）分章节/010.节目演讲类/010.笑傲六十年·有话说李敖/005.20090807以笔载史·叱吒风云.txt","","[]","data/timeline-events-xiaoao-liushinian-youhua-shuo.json","xiaoao-liushinian-005-recalls-prostate-cancer-couplet","{""id"":""xiaoao-liushinian-005-recalls-prostate-cancer-couplet"",""date"":""2009-08-07"",""displayDate"":""2009年8月7日"",""datePrecision"":""day"",""title"":""李敖回忆前列腺癌开刀前改汪精卫诗，写下洒脱手术联"",""summary"":""谈个人健康时，他说自己开过多次刀，胆囊和前列腺都动过手术；前列腺癌开刀前，他把汪精卫诗改成“引刀成一快，人心大快，仇者先快，亲者后快；不负少年头，浪子回头，为了大头，苦了小头”。"",""view"":[""节目线"",""媒体线""],""tags"":[""笑傲六十年·有话说李敖"",""前列腺癌"",""手术"",""对联""],""people"":[""李敖"",""汪精卫""],""places"":[""台湾""],""works"":[""笑傲六十年·有话说李敖"",""005.20090807以笔载史·叱吒风云""],""certainty"":""confirmed"",""source"":{""book"":""笑傲六十年·有话说李敖"",""chapter"":""005.20090807以笔载史·叱吒风云"",""path"":""《大李敖全集5.0》（wjm_tcy版）分章节/010.节目演讲类/010.笑傲六十年·有话说李敖/005.20090807以笔载史·叱吒风云.txt"",""line"":83},""crossReferences"":[],""dataFile"":""data/timeline-events-xiaoao-liushinian-youhua-shuo.json""}"
"25094","2009","2009-08-07","2009年8月7日","day","confirmed","李敖回忆捐出一百件艺术品义卖，帮助慰安妇拒绝日本收买","慰安妇面临日本以五十万收买签字时，李敖通过李庆华和王清峰表示愿捐一百件收藏品义卖，最后卖出一百万美元，帮助慰安妇拒绝日本基金，并把这件事解释为出于对日本的强烈仇恨。","李敖、李庆华、王清峰、陈耀昌、王志慧","台湾、日本","笑傲六十年·有话说李敖、慰安妇、义卖、收藏品、反日","节目线、媒体线","笑傲六十年·有话说李敖、005.20090807以笔载史·叱吒风云","li-ao-dageda-110-praises-wang-qingfeng-and-recalls-comfort-women-charity-sale-to-refuse-japanese-private-fund、li-ao-dageda-112-explains-comfort-women-auction-as-hatred-of-japan-and-kmt","笑傲六十年·有话说李敖","005.20090807以笔载史·叱吒风云","63","《大李敖全集5.0》（wjm_tcy版）分章节/010.节目演讲类/010.笑傲六十年·有话说李敖/005.20090807以笔载史·叱吒风云.txt","","[]","data/timeline-events-xiaoao-liushinian-youhua-shuo.json","xiaoao-liushinian-005-recalls-comfort-women-art-auction","{""id"":""xiaoao-liushinian-005-recalls-comfort-women-art-auction"",""date"":""2009-08-07"",""displayDate"":""2009年8月7日"",""datePrecision"":""day"",""title"":""李敖回忆捐出一百件艺术品义卖，帮助慰安妇拒绝日本收买"",""summary"":""慰安妇面临日本以五十万收买签字时，李敖通过李庆华和王清峰表示愿捐一百件收藏品义卖，最后卖出一百万美元，帮助慰安妇拒绝日本基金，并把这件事解释为出于对日本的强烈仇恨。"",""view"":[""节目线"",""媒体线""],""tags"":[""笑傲六十年·有话说李敖"",""慰安妇"",""义卖"",""收藏品"",""反日""],""people"":[""李敖"",""李庆华"",""王清峰"",""陈耀昌"",""王志慧""],""places"":[""台湾"",""日本""],""works"":[""笑傲六十年·有话说李敖"",""005.20090807以笔载史·叱吒风云""],""certainty"":""confirmed"",""source"":{""book"":""笑傲六十年·有话说李敖"",""chapter"":""005.20090807以笔载史·叱吒风云"",""path"":""《大李敖全集5.0》（wjm_tcy版）分章节/010.节目演讲类/010.笑傲六十年·有话说李敖/005.20090807以笔载史·叱吒风云.txt"",""line"":63,""lines"":[63,65,67]},""crossReferences"":[""li-ao-dageda-110-praises-wang-qingfeng-and-recalls-comfort-women-charity-sale-to-refuse-japanese-private-fund"",""li-ao-dageda-112-explains-comfort-women-auction-as-hatred-of-japan-and-kmt""],""dataFile"":""data/timeline-events-xiaoao-liushinian-youhua-shuo.json""}"
"25095","2009","2009-08-07","2009年8月7日","day","confirmed","李敖说自己正在写《阳痿美国》，要使美国阳痿","他批评台湾从上到下受美国宣传污染、对美国矮三截，并说自己最近正在写《阳痿美国》，认为美国得了病，要用清楚认识使它阳痿。","李敖","台湾","笑傲六十年·有话说李敖、阳痿美国、反美、写作","节目线、媒体线","笑傲六十年·有话说李敖、005.20090807以笔载史·叱吒风云、阳痿美国","","笑傲六十年·有话说李敖","005.20090807以笔载史·叱吒风云","59","《大李敖全集5.0》（wjm_tcy版）分章节/010.节目演讲类/010.笑傲六十年·有话说李敖/005.20090807以笔载史·叱吒风云.txt","","[]","data/timeline-events-xiaoao-liushinian-youhua-shuo.json","xiaoao-liushinian-005-says-writing-yangwei-america","{""id"":""xiaoao-liushinian-005-says-writing-yangwei-america"",""date"":""2009-08-07"",""displayDate"":""2009年8月7日"",""datePrecision"":""day"",""title"":""李敖说自己正在写《阳痿美国》，要使美国阳痿"",""summary"":""他批评台湾从上到下受美国宣传污染、对美国矮三截，并说自己最近正在写《阳痿美国》，认为美国得了病，要用清楚认识使它阳痿。"",""view"":[""节目线"",""媒体线""],""tags"":[""笑傲六十年·有话说李敖"",""阳痿美国"",""反美"",""写作""],""people"":[""李敖""],""places"":[""台湾""],""works"":[""笑傲六十年·有话说李敖"",""005.20090807以笔载史·叱吒风云"",""阳痿美国""],""certainty"":""confirmed"",""source"":{""book"":""笑傲六十年·有话说李敖"",""chapter"":""005.20090807以笔载史·叱吒风云"",""path"":""《大李敖全集5.0》（wjm_tcy版）分章节/010.节目演讲类/010.笑傲六十年·有话说李敖/005.20090807以笔载史·叱吒风云.txt"",""line"":59},""crossReferences"":[],""dataFile"":""data/timeline-events-xiaoao-liushinian-youhua-shuo.json""}"
"25096","2009","2009-08-07","2009年8月7日","day","confirmed","李敖说明自己在伪国会最主要任务是反军购，并告美国总统小布什","他说自己在立法院最主要的事就是反对美国卖武器给台湾；既然美国称《台湾关系法》保护美国利益，李敖便主张若真为美国利益，应送武器而非卖武器，于是告小布什。","李敖、小布什","立法院、美国、台湾","笑傲六十年·有话说李敖、告小布什、台湾关系法、反军购","节目线、媒体线","笑傲六十年·有话说李敖、005.20090807以笔载史·叱吒风云","li-ao-youhua-shuo-187-targets-bush-after-election-with-tra-lawsuit-logic","笑傲六十年·有话说李敖","005.20090807以笔载史·叱吒风云","39","《大李敖全集5.0》（wjm_tcy版）分章节/010.节目演讲类/010.笑傲六十年·有话说李敖/005.20090807以笔载史·叱吒风云.txt","","[]","data/timeline-events-xiaoao-liushinian-youhua-shuo.json","xiaoao-liushinian-005-sues-bush-over-taiwan-relations-act","{""id"":""xiaoao-liushinian-005-sues-bush-over-taiwan-relations-act"",""date"":""2009-08-07"",""displayDate"":""2009年8月7日"",""datePrecision"":""day"",""title"":""李敖说明自己在伪国会最主要任务是反军购，并告美国总统小布什"",""summary"":""他说自己在立法院最主要的事就是反对美国卖武器给台湾；既然美国称《台湾关系法》保护美国利益，李敖便主张若真为美国利益，应送武器而非卖武器，于是告小布什。"",""view"":[""节目线"",""媒体线""],""tags"":[""笑傲六十年·有话说李敖"",""告小布什"",""台湾关系法"",""反军购""],""people"":[""李敖"",""小布什""],""places"":[""立法院"",""美国"",""台湾""],""works"":[""笑傲六十年·有话说李敖"",""005.20090807以笔载史·叱吒风云""],""certainty"":""confirmed"",""source"":{""book"":""笑傲六十年·有话说李敖"",""chapter"":""005.20090807以笔载史·叱吒风云"",""path"":""《大李敖全集5.0》（wjm_tcy版）分章节/010.节目演讲类/010.笑傲六十年·有话说李敖/005.20090807以笔载史·叱吒风云.txt"",""line"":39,""lines"":[39,41,42]},""crossReferences"":[""li-ao-youhua-shuo-187-targets-bush-after-election-with-tra-lawsuit-logic""],""dataFile"":""data/timeline-events-xiaoao-liushinian-youhua-shuo.json""}"
"25097","2009","2009-08-07","2009年8月7日","day","confirmed","李敖展示马英九道歉信，称马未安排他到国民党中常会舌战群儒","他回忆马英九曾请他吃饭，答应安排他到国民党中央常务委员会谈反军购；最后马英九失信，并在信中称两件事没有落实、难辞其咎，向李敖道歉。","李敖、马英九","台湾","笑傲六十年·有话说李敖、马英九、道歉信、国民党中常会","节目线、媒体线","笑傲六十年·有话说李敖、005.20090807以笔载史·叱吒风云","","笑傲六十年·有话说李敖","005.20090807以笔载史·叱吒风云","33","《大李敖全集5.0》（wjm_tcy版）分章节/010.节目演讲类/010.笑傲六十年·有话说李敖/005.20090807以笔载史·叱吒风云.txt","","[]","data/timeline-events-xiaoao-liushinian-youhua-shuo.json","xiaoao-liushinian-005-shows-ma-yingjeou-apology-letter","{""id"":""xiaoao-liushinian-005-shows-ma-yingjeou-apology-letter"",""date"":""2009-08-07"",""displayDate"":""2009年8月7日"",""datePrecision"":""day"",""title"":""李敖展示马英九道歉信，称马未安排他到国民党中常会舌战群儒"",""summary"":""他回忆马英九曾请他吃饭，答应安排他到国民党中央常务委员会谈反军购；最后马英九失信，并在信中称两件事没有落实、难辞其咎，向李敖道歉。"",""view"":[""节目线"",""媒体线""],""tags"":[""笑傲六十年·有话说李敖"",""马英九"",""道歉信"",""国民党中常会""],""people"":[""李敖"",""马英九""],""places"":[""台湾""],""works"":[""笑傲六十年·有话说李敖"",""005.20090807以笔载史·叱吒风云""],""certainty"":""confirmed"",""source"":{""book"":""笑傲六十年·有话说李敖"",""chapter"":""005.20090807以笔载史·叱吒风云"",""path"":""《大李敖全集5.0》（wjm_tcy版）分章节/010.节目演讲类/010.笑傲六十年·有话说李敖/005.20090807以笔载史·叱吒风云.txt"",""line"":33,""lines"":[33,35]},""crossReferences"":[],""dataFile"":""data/timeline-events-xiaoao-liushinian-youhua-shuo.json""}"
"25098","2009","2009-08-07","2009年8月7日","day","confirmed","李敖展示东丰街书房、莫文蔚裸照、《北京法源寺》资料和胡茵梦照片","他展示东丰街书房中莫文蔚送他的裸照、自己与莫文蔚合照，又说明写《北京法源寺》时请许以祺博士代拍许多北京照片；最后以“慎重选择前妻”玩笑展示胡茵梦旧照。","李敖、莫文蔚、许以祺、李文仪、胡茵梦","东丰街、北京","笑傲六十年·有话说李敖、书房、北京法源寺、胡茵梦","节目线、媒体线","笑傲六十年·有话说李敖、005.20090807以笔载史·叱吒风云、北京法源寺","beijing-fayuansi-1990-before-completion-research-assistance","笑傲六十年·有话说李敖","005.20090807以笔载史·叱吒风云","101","《大李敖全集5.0》（wjm_tcy版）分章节/010.节目演讲类/010.笑傲六十年·有话说李敖/005.20090807以笔载史·叱吒风云.txt","","[]","data/timeline-events-xiaoao-liushinian-youhua-shuo.json","xiaoao-liushinian-005-shows-bookroom-fayuansi-materials-and-hu-yinmeng","{""id"":""xiaoao-liushinian-005-shows-bookroom-fayuansi-materials-and-hu-yinmeng"",""date"":""2009-08-07"",""displayDate"":""2009年8月7日"",""datePrecision"":""day"",""title"":""李敖展示东丰街书房、莫文蔚裸照、《北京法源寺》资料和胡茵梦照片"",""summary"":""他展示东丰街书房中莫文蔚送他的裸照、自己与莫文蔚合照，又说明写《北京法源寺》时请许以祺博士代拍许多北京照片；最后以“慎重选择前妻”玩笑展示胡茵梦旧照。"",""view"":[""节目线"",""媒体线""],""tags"":[""笑傲六十年·有话说李敖"",""书房"",""北京法源寺"",""胡茵梦""],""people"":[""李敖"",""莫文蔚"",""许以祺"",""李文仪"",""胡茵梦""],""places"":[""东丰街"",""北京""],""works"":[""笑傲六十年·有话说李敖"",""005.20090807以笔载史·叱吒风云"",""北京法源寺""],""certainty"":""confirmed"",""source"":{""book"":""笑傲六十年·有话说李敖"",""chapter"":""005.20090807以笔载史·叱吒风云"",""path"":""《大李敖全集5.0》（wjm_tcy版）分章节/010.节目演讲类/010.笑傲六十年·有话说李敖/005.20090807以笔载史·叱吒风云.txt"",""line"":101,""lines"":[101,103]},""crossReferences"":[""beijing-fayuansi-1990-before-completion-research-assistance""],""dataFile"":""data/timeline-events-xiaoao-liushinian-youhua-shuo.json""}"
"25099","2009","2009-08-07","2009年8月7日","day","confirmed","李敖展示当兵裸照和2002年浴室裸照，解释裸体抗议的道具来源","他由祢衡击鼓骂曹和裸体抗议谈到自己的裸照：一张是当兵受训午睡不睡、洗冷水澡时被孙玉华拍下，一张是2002年六十七岁时在浴室用拍立得自拍，节目中仍用XL标签遮挡。","李敖、孙玉华、祢衡","台湾","笑傲六十年·有话说李敖、裸照、裸体抗议、祢衡","节目线、媒体线","笑傲六十年·有话说李敖、005.20090807以笔载史·叱吒风云","li-ao-youhua-shuo-136-shows-his-military-nude-photo-from-memoir-and-explains-noon-cold-bath-origin","笑傲六十年·有话说李敖","005.20090807以笔载史·叱吒风云","15","《大李敖全集5.0》（wjm_tcy版）分章节/010.节目演讲类/010.笑傲六十年·有话说李敖/005.20090807以笔载史·叱吒风云.txt","","[]","data/timeline-events-xiaoao-liushinian-youhua-shuo.json","xiaoao-liushinian-005-shows-military-and-2002-nude-photos","{""id"":""xiaoao-liushinian-005-shows-military-and-2002-nude-photos"",""date"":""2009-08-07"",""displayDate"":""2009年8月7日"",""datePrecision"":""day"",""title"":""李敖展示当兵裸照和2002年浴室裸照，解释裸体抗议的道具来源"",""summary"":""他由祢衡击鼓骂曹和裸体抗议谈到自己的裸照：一张是当兵受训午睡不睡、洗冷水澡时被孙玉华拍下，一张是2002年六十七岁时在浴室用拍立得自拍，节目中仍用XL标签遮挡。"",""view"":[""节目线"",""媒体线""],""tags"":[""笑傲六十年·有话说李敖"",""裸照"",""裸体抗议"",""祢衡""],""people"":[""李敖"",""孙玉华"",""祢衡""],""places"":[""台湾""],""works"":[""笑傲六十年·有话说李敖"",""005.20090807以笔载史·叱吒风云""],""certainty"":""confirmed"",""source"":{""book"":""笑傲六十年·有话说李敖"",""chapter"":""005.20090807以笔载史·叱吒风云"",""path"":""《大李敖全集5.0》（wjm_tcy版）分章节/010.节目演讲类/010.笑傲六十年·有话说李敖/005.20090807以笔载史·叱吒风云.txt"",""line"":15,""lines"":[15,17]},""crossReferences"":[""li-ao-youhua-shuo-136-shows-his-military-nude-photo-from-memoir-and-explains-noon-cold-bath-origin""],""dataFile"":""data/timeline-events-xiaoao-liushinian-youhua-shuo.json""}"
"25100","2009","2009-08-07","2009年8月7日","day","confirmed","李敖展示李戡、李谌家庭照片和女儿减重立约单","他展示和太太推车、背着儿子李戡看山景、李戡裸照玩笑、小女儿李谌在楼梯上的表情，以及李谌写下“不再吃零食、体重要到三十公斤以下”的立约单。","李敖、王志慧、李戡、李谌、刘长乐","台湾","笑傲六十年·有话说李敖、家庭照片、李戡、李谌","节目线、媒体线","笑傲六十年·有话说李敖、005.20090807以笔载史·叱吒风云","","笑傲六十年·有话说李敖","005.20090807以笔载史·叱吒风云","75","《大李敖全集5.0》（wjm_tcy版）分章节/010.节目演讲类/010.笑傲六十年·有话说李敖/005.20090807以笔载史·叱吒风云.txt","","[]","data/timeline-events-xiaoao-liushinian-youhua-shuo.json","xiaoao-liushinian-005-shows-li-kan-and-li-chen-family-photos","{""id"":""xiaoao-liushinian-005-shows-li-kan-and-li-chen-family-photos"",""date"":""2009-08-07"",""displayDate"":""2009年8月7日"",""datePrecision"":""day"",""title"":""李敖展示李戡、李谌家庭照片和女儿减重立约单"",""summary"":""他展示和太太推车、背着儿子李戡看山景、李戡裸照玩笑、小女儿李谌在楼梯上的表情，以及李谌写下“不再吃零食、体重要到三十公斤以下”的立约单。"",""view"":[""节目线"",""媒体线""],""tags"":[""笑傲六十年·有话说李敖"",""家庭照片"",""李戡"",""李谌""],""people"":[""李敖"",""王志慧"",""李戡"",""李谌"",""刘长乐""],""places"":[""台湾""],""works"":[""笑傲六十年·有话说李敖"",""005.20090807以笔载史·叱吒风云""],""certainty"":""confirmed"",""source"":{""book"":""笑傲六十年·有话说李敖"",""chapter"":""005.20090807以笔载史·叱吒风云"",""path"":""《大李敖全集5.0》（wjm_tcy版）分章节/010.节目演讲类/010.笑傲六十年·有话说李敖/005.20090807以笔载史·叱吒风云.txt"",""line"":75,""lines"":[75,77,79,81]},""crossReferences"":[],""dataFile"":""data/timeline-events-xiaoao-liushinian-youhua-shuo.json""}"
"25101","2009","2009-08-07","2009年8月7日","day","confirmed","李敖展示国防部业务报告，论证六千一百零八亿军购挡不住攻击","他展示并非机密的国防部业务报告，指出二炮部队多波次十小时饱和攻击将瘫痪台湾政军设施；在他看来，台湾花六千一百零八亿台币买武器没有实际防御效果。","李敖","台湾","笑傲六十年·有话说李敖、反军购、国防部报告、六千一百零八亿","节目线、媒体线","笑傲六十年·有话说李敖、005.20090807以笔载史·叱吒风云","","笑傲六十年·有话说李敖","005.20090807以笔载史·叱吒风云","21","《大李敖全集5.0》（wjm_tcy版）分章节/010.节目演讲类/010.笑傲六十年·有话说李敖/005.20090807以笔载史·叱吒风云.txt","","[]","data/timeline-events-xiaoao-liushinian-youhua-shuo.json","xiaoao-liushinian-005-shows-defense-report-against-6108-billion-arms","{""id"":""xiaoao-liushinian-005-shows-defense-report-against-6108-billion-arms"",""date"":""2009-08-07"",""displayDate"":""2009年8月7日"",""datePrecision"":""day"",""title"":""李敖展示国防部业务报告，论证六千一百零八亿军购挡不住攻击"",""summary"":""他展示并非机密的国防部业务报告，指出二炮部队多波次十小时饱和攻击将瘫痪台湾政军设施；在他看来，台湾花六千一百零八亿台币买武器没有实际防御效果。"",""view"":[""节目线"",""媒体线""],""tags"":[""笑傲六十年·有话说李敖"",""反军购"",""国防部报告"",""六千一百零八亿""],""people"":[""李敖""],""places"":[""台湾""],""works"":[""笑傲六十年·有话说李敖"",""005.20090807以笔载史·叱吒风云""],""certainty"":""confirmed"",""source"":{""book"":""笑傲六十年·有话说李敖"",""chapter"":""005.20090807以笔载史·叱吒风云"",""path"":""《大李敖全集5.0》（wjm_tcy版）分章节/010.节目演讲类/010.笑傲六十年·有话说李敖/005.20090807以笔载史·叱吒风云.txt"",""line"":21,""lines"":[21,23,24]},""crossReferences"":[],""dataFile"":""data/timeline-events-xiaoao-liushinian-youhua-shuo.json""}"
"25102","2009","2009-08-07","2009年8月7日","day","confirmed","李敖展示妻子王志慧照片，回忆政治犯补偿金笑话","谈家庭时，李敖展示妻子王志慧早年照片，称她比自己小三十岁、IQ更高；他拿回政治犯补偿金两百八十万支票后，王志慧笑问枪毙补偿六百万，“现在枪毙还来得及吗？”","李敖、王志慧","台湾","笑傲六十年·有话说李敖、王志慧、政治犯补偿、家庭","节目线、媒体线","笑傲六十年·有话说李敖、005.20090807以笔载史·叱吒风云","","笑傲六十年·有话说李敖","005.20090807以笔载史·叱吒风云","71","《大李敖全集5.0》（wjm_tcy版）分章节/010.节目演讲类/010.笑傲六十年·有话说李敖/005.20090807以笔载史·叱吒风云.txt","","[]","data/timeline-events-xiaoao-liushinian-youhua-shuo.json","xiaoao-liushinian-005-shows-wife-and-compensation-joke","{""id"":""xiaoao-liushinian-005-shows-wife-and-compensation-joke"",""date"":""2009-08-07"",""displayDate"":""2009年8月7日"",""datePrecision"":""day"",""title"":""李敖展示妻子王志慧照片，回忆政治犯补偿金笑话"",""summary"":""谈家庭时，李敖展示妻子王志慧早年照片，称她比自己小三十岁、IQ更高；他拿回政治犯补偿金两百八十万支票后，王志慧笑问枪毙补偿六百万，“现在枪毙还来得及吗？”"",""view"":[""节目线"",""媒体线""],""tags"":[""笑傲六十年·有话说李敖"",""王志慧"",""政治犯补偿"",""家庭""],""people"":[""李敖"",""王志慧""],""places"":[""台湾""],""works"":[""笑傲六十年·有话说李敖"",""005.20090807以笔载史·叱吒风云""],""certainty"":""confirmed"",""source"":{""book"":""笑傲六十年·有话说李敖"",""chapter"":""005.20090807以笔载史·叱吒风云"",""path"":""《大李敖全集5.0》（wjm_tcy版）分章节/010.节目演讲类/010.笑傲六十年·有话说李敖/005.20090807以笔载史·叱吒风云.txt"",""line"":71,""lines"":[71,73,75]},""crossReferences"":[],""dataFile"":""data/timeline-events-xiaoao-liushinian-youhua-shuo.json""}"
"25103","2009","2009-08-07","2009年8月7日","day","confirmed","李敖展示英国议会规则大书，说明假民主地区要用瓦斯闹场","他手拿一千零七十九页英国议会规则实物，强调自己懂国会规则；但这些规则只对真正民主国家有意义，在假民主地区就必须用自己的方法闹场。","李敖","台湾","笑傲六十年·有话说李敖、议会规则、假民主、瓦斯","节目线、媒体线","笑傲六十年·有话说李敖、005.20090807以笔载史·叱吒风云","","笑傲六十年·有话说李敖","005.20090807以笔载史·叱吒风云","5","《大李敖全集5.0》（wjm_tcy版）分章节/010.节目演讲类/010.笑傲六十年·有话说李敖/005.20090807以笔载史·叱吒风云.txt","","[]","data/timeline-events-xiaoao-liushinian-youhua-shuo.json","xiaoao-liushinian-005-shows-parliament-rules-and-defends-gas-method","{""id"":""xiaoao-liushinian-005-shows-parliament-rules-and-defends-gas-method"",""date"":""2009-08-07"",""displayDate"":""2009年8月7日"",""datePrecision"":""day"",""title"":""李敖展示英国议会规则大书，说明假民主地区要用瓦斯闹场"",""summary"":""他手拿一千零七十九页英国议会规则实物，强调自己懂国会规则；但这些规则只对真正民主国家有意义，在假民主地区就必须用自己的方法闹场。"",""view"":[""节目线"",""媒体线""],""tags"":[""笑傲六十年·有话说李敖"",""议会规则"",""假民主"",""瓦斯""],""people"":[""李敖""],""places"":[""台湾""],""works"":[""笑傲六十年·有话说李敖"",""005.20090807以笔载史·叱吒风云""],""certainty"":""confirmed"",""source"":{""book"":""笑傲六十年·有话说李敖"",""chapter"":""005.20090807以笔载史·叱吒风云"",""path"":""《大李敖全集5.0》（wjm_tcy版）分章节/010.节目演讲类/010.笑傲六十年·有话说李敖/005.20090807以笔载史·叱吒风云.txt"",""line"":5,""lines"":[5,7]},""crossReferences"":[],""dataFile"":""data/timeline-events-xiaoao-liushinian-youhua-shuo.json""}"
"25104","2009","2009-08-07","2009年8月7日","day","confirmed","李敖展示满身手术疤，借魏峥和成龙说明“有疤的男人最性感”","他让观众看身上手术疤，说心脏位置还留着给魏峥；魏峥以玩笑回应李敖不敢得罪自己，李敖又提到成龙在香港旅馆看他时说“有疤的男人性感”。","李敖、魏峥、成龙、张心湜、蒋宋美龄","香港、振兴医院","笑傲六十年·有话说李敖、手术疤、魏峥、成龙、健康","节目线、媒体线","笑傲六十年·有话说李敖、005.20090807以笔载史·叱吒风云","","笑傲六十年·有话说李敖","005.20090807以笔载史·叱吒风云","85","《大李敖全集5.0》（wjm_tcy版）分章节/010.节目演讲类/010.笑傲六十年·有话说李敖/005.20090807以笔载史·叱吒风云.txt","","[]","data/timeline-events-xiaoao-liushinian-youhua-shuo.json","xiaoao-liushinian-005-shows-scars-and-heart-surgeon-friends","{""id"":""xiaoao-liushinian-005-shows-scars-and-heart-surgeon-friends"",""date"":""2009-08-07"",""displayDate"":""2009年8月7日"",""datePrecision"":""day"",""title"":""李敖展示满身手术疤，借魏峥和成龙说明“有疤的男人最性感”"",""summary"":""他让观众看身上手术疤，说心脏位置还留着给魏峥；魏峥以玩笑回应李敖不敢得罪自己，李敖又提到成龙在香港旅馆看他时说“有疤的男人性感”。"",""view"":[""节目线"",""媒体线""],""tags"":[""笑傲六十年·有话说李敖"",""手术疤"",""魏峥"",""成龙"",""健康""],""people"":[""李敖"",""魏峥"",""成龙"",""张心湜"",""蒋宋美龄""],""places"":[""香港"",""振兴医院""],""works"":[""笑傲六十年·有话说李敖"",""005.20090807以笔载史·叱吒风云""],""certainty"":""confirmed"",""source"":{""book"":""笑傲六十年·有话说李敖"",""chapter"":""005.20090807以笔载史·叱吒风云"",""path"":""《大李敖全集5.0》（wjm_tcy版）分章节/010.节目演讲类/010.笑傲六十年·有话说李敖/005.20090807以笔载史·叱吒风云.txt"",""line"":85,""lines"":[85,87,89,91,93]},""crossReferences"":[],""dataFile"":""data/timeline-events-xiaoao-liushinian-youhua-shuo.json""}"
"25105","2009","2009-08-07","2009年8月7日","day","confirmed","李敖追溯军购账单源自连战行政院，并批蓝绿共同护航","他指出这批军购的买单不是陈水扁开头，而是连战做行政院长时留下，到了陈水扁手里只是涨价；因此他反军购不只针对民进党，也包括国民党。","李敖、连战、陈水扁","台湾","笑傲六十年·有话说李敖、军购、连战、蓝绿","节目线、媒体线","笑傲六十年·有话说李敖、005.20090807以笔载史·叱吒风云","","笑傲六十年·有话说李敖","005.20090807以笔载史·叱吒风云","31","《大李敖全集5.0》（wjm_tcy版）分章节/010.节目演讲类/010.笑傲六十年·有话说李敖/005.20090807以笔载史·叱吒风云.txt","","[]","data/timeline-events-xiaoao-liushinian-youhua-shuo.json","xiaoao-liushinian-005-blames-lien-chan-and-both-parties-for-arms-bill","{""id"":""xiaoao-liushinian-005-blames-lien-chan-and-both-parties-for-arms-bill"",""date"":""2009-08-07"",""displayDate"":""2009年8月7日"",""datePrecision"":""day"",""title"":""李敖追溯军购账单源自连战行政院，并批蓝绿共同护航"",""summary"":""他指出这批军购的买单不是陈水扁开头，而是连战做行政院长时留下，到了陈水扁手里只是涨价；因此他反军购不只针对民进党，也包括国民党。"",""view"":[""节目线"",""媒体线""],""tags"":[""笑傲六十年·有话说李敖"",""军购"",""连战"",""蓝绿""],""people"":[""李敖"",""连战"",""陈水扁""],""places"":[""台湾""],""works"":[""笑傲六十年·有话说李敖"",""005.20090807以笔载史·叱吒风云""],""certainty"":""confirmed"",""source"":{""book"":""笑傲六十年·有话说李敖"",""chapter"":""005.20090807以笔载史·叱吒风云"",""path"":""《大李敖全集5.0》（wjm_tcy版）分章节/010.节目演讲类/010.笑傲六十年·有话说李敖/005.20090807以笔载史·叱吒风云.txt"",""line"":31,""lines"":[31,33]},""crossReferences"":[],""dataFile"":""data/timeline-events-xiaoao-liushinian-youhua-shuo.json""}"
"25106","2009","2009-08-07","2009年8月7日","day","confirmed","李敖联合女儿李文和律师林宪同、杨宗儒推动告小布什与224名立委","节目中，李敖展示李文照片，并说明自己不只告小布什，还联合在北京的女儿李文一起告；台湾方面由林宪同、杨宗儒等律师帮他推动对美国与两百二十四名立委的诉讼。","李敖、李文、林宪同、杨宗儒、小布什","北京、台湾","笑傲六十年·有话说李敖、诉讼、李文、律师","节目线、媒体线","笑傲六十年·有话说李敖、005.20090807以笔载史·叱吒风云","","笑傲六十年·有话说李敖","005.20090807以笔载史·叱吒风云","43","《大李敖全集5.0》（wjm_tcy版）分章节/010.节目演讲类/010.笑傲六十年·有话说李敖/005.20090807以笔载史·叱吒风云.txt","","[]","data/timeline-events-xiaoao-liushinian-youhua-shuo.json","xiaoao-liushinian-005-joins-li-wen-and-lawyers-in-lawsuit","{""id"":""xiaoao-liushinian-005-joins-li-wen-and-lawyers-in-lawsuit"",""date"":""2009-08-07"",""displayDate"":""2009年8月7日"",""datePrecision"":""day"",""title"":""李敖联合女儿李文和律师林宪同、杨宗儒推动告小布什与224名立委"",""summary"":""节目中，李敖展示李文照片，并说明自己不只告小布什，还联合在北京的女儿李文一起告；台湾方面由林宪同、杨宗儒等律师帮他推动对美国与两百二十四名立委的诉讼。"",""view"":[""节目线"",""媒体线""],""tags"":[""笑傲六十年·有话说李敖"",""诉讼"",""李文"",""律师""],""people"":[""李敖"",""李文"",""林宪同"",""杨宗儒"",""小布什""],""places"":[""北京"",""台湾""],""works"":[""笑傲六十年·有话说李敖"",""005.20090807以笔载史·叱吒风云""],""certainty"":""confirmed"",""source"":{""book"":""笑傲六十年·有话说李敖"",""chapter"":""005.20090807以笔载史·叱吒风云"",""path"":""《大李敖全集5.0》（wjm_tcy版）分章节/010.节目演讲类/010.笑傲六十年·有话说李敖/005.20090807以笔载史·叱吒风云.txt"",""line"":43,""lines"":[43,45,47]},""crossReferences"":[],""dataFile"":""data/timeline-events-xiaoao-liushinian-youhua-shuo.json""}"
"25107","2009","2009-08-07","2009年8月7日","day","confirmed","李敖播放汪用和、侯佩岑谈他的玩笑和魅力","他回顾做电视节目时常和小女生开玩笑，播放汪用和、侯佩岑的回忆：汪用和模仿两位女主播争风吃醋，侯佩岑则说李敖在场笑声特别多，是有魅力的男生。","李敖、汪用和、侯佩岑","台湾","笑傲六十年·有话说李敖、电视节目、玩笑、魅力","节目线、媒体线","笑傲六十年·有话说李敖、005.20090807以笔载史·叱吒风云","","笑傲六十年·有话说李敖","005.20090807以笔载史·叱吒风云","95","《大李敖全集5.0》（wjm_tcy版）分章节/010.节目演讲类/010.笑傲六十年·有话说李敖/005.20090807以笔载史·叱吒风云.txt","","[]","data/timeline-events-xiaoao-liushinian-youhua-shuo.json","xiaoao-liushinian-005-replays-tv-jokes-with-wang-yonghe-and-hou-peicen","{""id"":""xiaoao-liushinian-005-replays-tv-jokes-with-wang-yonghe-and-hou-peicen"",""date"":""2009-08-07"",""displayDate"":""2009年8月7日"",""datePrecision"":""day"",""title"":""李敖播放汪用和、侯佩岑谈他的玩笑和魅力"",""summary"":""他回顾做电视节目时常和小女生开玩笑，播放汪用和、侯佩岑的回忆：汪用和模仿两位女主播争风吃醋，侯佩岑则说李敖在场笑声特别多，是有魅力的男生。"",""view"":[""节目线"",""媒体线""],""tags"":[""笑傲六十年·有话说李敖"",""电视节目"",""玩笑"",""魅力""],""people"":[""李敖"",""汪用和"",""侯佩岑""],""places"":[""台湾""],""works"":[""笑傲六十年·有话说李敖"",""005.20090807以笔载史·叱吒风云""],""certainty"":""confirmed"",""source"":{""book"":""笑傲六十年·有话说李敖"",""chapter"":""005.20090807以笔载史·叱吒风云"",""path"":""《大李敖全集5.0》（wjm_tcy版）分章节/010.节目演讲类/010.笑傲六十年·有话说李敖/005.20090807以笔载史·叱吒风云.txt"",""line"":95,""lines"":[95,97,99]},""crossReferences"":[],""dataFile"":""data/timeline-events-xiaoao-liushinian-youhua-shuo.json""}"
"25108","2009","2009-08-08","2009年8月8日","day","confirmed","《笑傲六十年·有话说李敖》006集播出，李敖以“创格完人”收束专题","最终集《独坐孤岛·创格完人》播出，李敖从忠烈祠和假历史谈起，回看反蒋、爱国、法律过程、中文使命、电视节目、回到祖国和最后的“创格完人”自我定位。","李敖","台湾","笑傲六十年·有话说李敖、节目播出、创格完人、最终集","节目线、媒体线","笑傲六十年·有话说李敖、006.20090808独坐孤岛·创格完人","","笑傲六十年·有话说李敖","006.20090808独坐孤岛·创格完人","1","《大李敖全集5.0》（wjm_tcy版）分章节/010.节目演讲类/010.笑傲六十年·有话说李敖/006.20090808独坐孤岛·创格完人.txt","","[]","data/timeline-events-xiaoao-liushinian-youhua-shuo.json","xiaoao-liushinian-006-broadcast-creative-complete-person","{""id"":""xiaoao-liushinian-006-broadcast-creative-complete-person"",""date"":""2009-08-08"",""displayDate"":""2009年8月8日"",""datePrecision"":""day"",""title"":""《笑傲六十年·有话说李敖》006集播出，李敖以“创格完人”收束专题"",""summary"":""最终集《独坐孤岛·创格完人》播出，李敖从忠烈祠和假历史谈起，回看反蒋、爱国、法律过程、中文使命、电视节目、回到祖国和最后的“创格完人”自我定位。"",""view"":[""节目线"",""媒体线""],""tags"":[""笑傲六十年·有话说李敖"",""节目播出"",""创格完人"",""最终集""],""people"":[""李敖""],""places"":[""台湾""],""works"":[""笑傲六十年·有话说李敖"",""006.20090808独坐孤岛·创格完人""],""certainty"":""confirmed"",""source"":{""book"":""笑傲六十年·有话说李敖"",""chapter"":""006.20090808独坐孤岛·创格完人"",""path"":""《大李敖全集5.0》（wjm_tcy版）分章节/010.节目演讲类/010.笑傲六十年·有话说李敖/006.20090808独坐孤岛·创格完人.txt"",""line"":1},""crossReferences"":[],""dataFile"":""data/timeline-events-xiaoao-liushinian-youhua-shuo.json""}"
"25109","2009","2009-08-08","2009年8月8日","day","confirmed","李敖引用于右任诗并改写“不自由毋宁死”为“不自由你去死”","他引于右任“不信青春唤不回，不容青史尽成灰”，说明自己要让历史记录欺负中国者；又把派垂克亨利名言改为“Give me liberty，or give me your death”，强调自己不是先烈型，而是战斗型。","李敖、于右任、派垂克亨利","台湾","笑傲六十年·有话说李敖、战斗型、不自由你去死、历史是非","节目线、媒体线","笑傲六十年·有话说李敖、006.20090808独坐孤岛·创格完人","","笑傲六十年·有话说李敖","006.20090808独坐孤岛·创格完人","20","《大李敖全集5.0》（wjm_tcy版）分章节/010.节目演讲类/010.笑傲六十年·有话说李敖/006.20090808独坐孤岛·创格完人.txt","","[]","data/timeline-events-xiaoao-liushinian-youhua-shuo.json","xiaoao-liushinian-006-rewrites-liberty-or-death","{""id"":""xiaoao-liushinian-006-rewrites-liberty-or-death"",""date"":""2009-08-08"",""displayDate"":""2009年8月8日"",""datePrecision"":""day"",""title"":""李敖引用于右任诗并改写“不自由毋宁死”为“不自由你去死”"",""summary"":""他引于右任“不信青春唤不回，不容青史尽成灰”，说明自己要让历史记录欺负中国者；又把派垂克亨利名言改为“Give me liberty，or give me your death”，强调自己不是先烈型，而是战斗型。"",""view"":[""节目线"",""媒体线""],""tags"":[""笑傲六十年·有话说李敖"",""战斗型"",""不自由你去死"",""历史是非""],""people"":[""李敖"",""于右任"",""派垂克亨利""],""places"":[""台湾""],""works"":[""笑傲六十年·有话说李敖"",""006.20090808独坐孤岛·创格完人""],""certainty"":""confirmed"",""source"":{""book"":""笑傲六十年·有话说李敖"",""chapter"":""006.20090808独坐孤岛·创格完人"",""path"":""《大李敖全集5.0》（wjm_tcy版）分章节/010.节目演讲类/010.笑傲六十年·有话说李敖/006.20090808独坐孤岛·创格完人.txt"",""line"":20},""crossReferences"":[],""dataFile"":""data/timeline-events-xiaoao-liushinian-youhua-shuo.json""}"
"25110","2009","2009-08-08","2009年8月8日","day","confirmed","李敖比较殷海光、熊十力反蒋方式，强调自己用写书清算蒋介石","他说殷海光恨蒋介石却想不开，熊十力用报纸擦屁股也太粗糙；自己则写《蒋介石研究》一至六集、《清算蒋介石》《拆穿蒋介石》等书，用聪明方法谴责蒋介石。","李敖、殷海光、熊十力、蒋介石、章太炎","台湾","笑傲六十年·有话说李敖、反蒋、蒋介石研究、清算","节目线、媒体线","笑傲六十年·有话说李敖、006.20090808独坐孤岛·创格完人、蒋介石研究、清算蒋介石、拆穿蒋介石","","笑傲六十年·有话说李敖","006.20090808独坐孤岛·创格完人","9","《大李敖全集5.0》（wjm_tcy版）分章节/010.节目演讲类/010.笑傲六十年·有话说李敖/006.20090808独坐孤岛·创格完人.txt","","[]","data/timeline-events-xiaoao-liushinian-youhua-shuo.json","xiaoao-liushinian-006-explains-anti-chiang-books-method","{""id"":""xiaoao-liushinian-006-explains-anti-chiang-books-method"",""date"":""2009-08-08"",""displayDate"":""2009年8月8日"",""datePrecision"":""day"",""title"":""李敖比较殷海光、熊十力反蒋方式，强调自己用写书清算蒋介石"",""summary"":""他说殷海光恨蒋介石却想不开，熊十力用报纸擦屁股也太粗糙；自己则写《蒋介石研究》一至六集、《清算蒋介石》《拆穿蒋介石》等书，用聪明方法谴责蒋介石。"",""view"":[""节目线"",""媒体线""],""tags"":[""笑傲六十年·有话说李敖"",""反蒋"",""蒋介石研究"",""清算""],""people"":[""李敖"",""殷海光"",""熊十力"",""蒋介石"",""章太炎""],""places"":[""台湾""],""works"":[""笑傲六十年·有话说李敖"",""006.20090808独坐孤岛·创格完人"",""蒋介石研究"",""清算蒋介石"",""拆穿蒋介石""],""certainty"":""confirmed"",""source"":{""book"":""笑傲六十年·有话说李敖"",""chapter"":""006.20090808独坐孤岛·创格完人"",""path"":""《大李敖全集5.0》（wjm_tcy版）分章节/010.节目演讲类/010.笑傲六十年·有话说李敖/006.20090808独坐孤岛·创格完人.txt"",""line"":9},""crossReferences"":[],""dataFile"":""data/timeline-events-xiaoao-liushinian-youhua-shuo.json""}"
"25111","2009","2009-08-08","2009年8月8日","day","confirmed","李敖用告刘泰英的经历说明目的重要，但过程更重要","他展示刘泰英资料，回忆自己告这位台中一中低一班同学，明知目的上告不成，却通过开庭过程不断困扰对方；李敖由此说明当目标远在天边，手段和过程就更重要。","李敖、刘泰英","台中一中、法院","笑傲六十年·有话说李敖、刘泰英、官司、过程哲学","节目线、媒体线","笑傲六十年·有话说李敖、006.20090808独坐孤岛·创格完人","li-ao-dageda-030-says-he-often-failed-in-love-and-lawsuits-but-won-process、li-ao-fangtanlu-2001-03-22-liu-taiying-defamation-case-first-instance-lost","笑傲六十年·有话说李敖","006.20090808独坐孤岛·创格完人","30","《大李敖全集5.0》（wjm_tcy版）分章节/010.节目演讲类/010.笑傲六十年·有话说李敖/006.20090808独坐孤岛·创格完人.txt","","[]","data/timeline-events-xiaoao-liushinian-youhua-shuo.json","xiaoao-liushinian-006-uses-liu-taiying-lawsuit-for-process-philosophy","{""id"":""xiaoao-liushinian-006-uses-liu-taiying-lawsuit-for-process-philosophy"",""date"":""2009-08-08"",""displayDate"":""2009年8月8日"",""datePrecision"":""day"",""title"":""李敖用告刘泰英的经历说明目的重要，但过程更重要"",""summary"":""他展示刘泰英资料，回忆自己告这位台中一中低一班同学，明知目的上告不成，却通过开庭过程不断困扰对方；李敖由此说明当目标远在天边，手段和过程就更重要。"",""view"":[""节目线"",""媒体线""],""tags"":[""笑傲六十年·有话说李敖"",""刘泰英"",""官司"",""过程哲学""],""people"":[""李敖"",""刘泰英""],""places"":[""台中一中"",""法院""],""works"":[""笑傲六十年·有话说李敖"",""006.20090808独坐孤岛·创格完人""],""certainty"":""confirmed"",""source"":{""book"":""笑傲六十年·有话说李敖"",""chapter"":""006.20090808独坐孤岛·创格完人"",""path"":""《大李敖全集5.0》（wjm_tcy版）分章节/010.节目演讲类/010.笑傲六十年·有话说李敖/006.20090808独坐孤岛·创格完人.txt"",""line"":30,""lines"":[30,32]},""crossReferences"":[""li-ao-dageda-030-says-he-often-failed-in-love-and-lawsuits-but-won-process"",""li-ao-fangtanlu-2001-03-22-liu-taiying-defamation-case-first-instance-lost""],""dataFile"":""data/timeline-events-xiaoao-liushinian-youhua-shuo.json""}"
"25112","2009","2009-08-08","2009年8月8日","day","confirmed","李敖用蒋经国死前70天开放探亲、179天解严，反对歌颂迟来放脚","李敖列出1987年11月3日开放探亲和1987年7月15日开始解严，强调蒋经国脚踩人民三十八年，死前七十天或一百七十九天才放开，不值得通电歌颂。","李敖、蒋经国、马英九、李登辉","台湾","笑傲六十年·有话说李敖、开放探亲、解严、蒋经国","节目线、媒体线","笑傲六十年·有话说李敖、006.20090808独坐孤岛·创格完人","","笑傲六十年·有话说李敖","006.20090808独坐孤岛·创格完人","18","《大李敖全集5.0》（wjm_tcy版）分章节/010.节目演讲类/010.笑傲六十年·有话说李敖/006.20090808独坐孤岛·创格完人.txt","","[]","data/timeline-events-xiaoao-liushinian-youhua-shuo.json","xiaoao-liushinian-006-rejects-praising-chiang-chingkuo-late-openings","{""id"":""xiaoao-liushinian-006-rejects-praising-chiang-chingkuo-late-openings"",""date"":""2009-08-08"",""displayDate"":""2009年8月8日"",""datePrecision"":""day"",""title"":""李敖用蒋经国死前70天开放探亲、179天解严，反对歌颂迟来放脚"",""summary"":""李敖列出1987年11月3日开放探亲和1987年7月15日开始解严，强调蒋经国脚踩人民三十八年，死前七十天或一百七十九天才放开，不值得通电歌颂。"",""view"":[""节目线"",""媒体线""],""tags"":[""笑傲六十年·有话说李敖"",""开放探亲"",""解严"",""蒋经国""],""people"":[""李敖"",""蒋经国"",""马英九"",""李登辉""],""places"":[""台湾""],""works"":[""笑傲六十年·有话说李敖"",""006.20090808独坐孤岛·创格完人""],""certainty"":""confirmed"",""source"":{""book"":""笑傲六十年·有话说李敖"",""chapter"":""006.20090808独坐孤岛·创格完人"",""path"":""《大李敖全集5.0》（wjm_tcy版）分章节/010.节目演讲类/010.笑傲六十年·有话说李敖/006.20090808独坐孤岛·创格完人.txt"",""line"":18},""crossReferences"":[],""dataFile"":""data/timeline-events-xiaoao-liushinian-youhua-shuo.json""}"
"25113","2009","2009-08-08","2009年8月8日","day","confirmed","李敖回忆2000年开票时李戡写下爸爸三亿多票，启发他看到大陆市场","2000年所谓总统选举开票日，小儿子李戡见其他候选人票数都比爸爸多，便写下宋、连、许、陈零票，李敖三亿五千多万票；李敖由此想到真正影响力应在海峡对岸。","李敖、李戡、宋楚瑜、连战、许信良、陈水扁","台湾、大陆","笑傲六十年·有话说李敖、李戡、2000年选举、大陆市场","节目线、媒体线","笑傲六十年·有话说李敖、006.20090808独坐孤岛·创格完人","","笑傲六十年·有话说李敖","006.20090808独坐孤岛·创格完人","44","《大李敖全集5.0》（wjm_tcy版）分章节/010.节目演讲类/010.笑傲六十年·有话说李敖/006.20090808独坐孤岛·创格完人.txt","","[]","data/timeline-events-xiaoao-liushinian-youhua-shuo.json","xiaoao-liushinian-006-recalls-li-kan-300-million-votes","{""id"":""xiaoao-liushinian-006-recalls-li-kan-300-million-votes"",""date"":""2009-08-08"",""displayDate"":""2009年8月8日"",""datePrecision"":""day"",""title"":""李敖回忆2000年开票时李戡写下爸爸三亿多票，启发他看到大陆市场"",""summary"":""2000年所谓总统选举开票日，小儿子李戡见其他候选人票数都比爸爸多，便写下宋、连、许、陈零票，李敖三亿五千多万票；李敖由此想到真正影响力应在海峡对岸。"",""view"":[""节目线"",""媒体线""],""tags"":[""笑傲六十年·有话说李敖"",""李戡"",""2000年选举"",""大陆市场""],""people"":[""李敖"",""李戡"",""宋楚瑜"",""连战"",""许信良"",""陈水扁""],""places"":[""台湾"",""大陆""],""works"":[""笑傲六十年·有话说李敖"",""006.20090808独坐孤岛·创格完人""],""certainty"":""confirmed"",""source"":{""book"":""笑傲六十年·有话说李敖"",""chapter"":""006.20090808独坐孤岛·创格完人"",""path"":""《大李敖全集5.0》（wjm_tcy版）分章节/010.节目演讲类/010.笑傲六十年·有话说李敖/006.20090808独坐孤岛·创格完人.txt"",""line"":44},""crossReferences"":[],""dataFile"":""data/timeline-events-xiaoao-liushinian-youhua-shuo.json""}"
"25114","2009","2009-08-08","2009年8月8日","day","confirmed","李敖回忆支援高金素梅赴靖国神社抗议，并提供第一笔款项","高金素梅在节目中说，自己带近百名原住民赴靖国神社抗议时台湾当局不给支持，李敖跳出来用实际行动送钱，成为赴日行动的第一笔款项。","李敖、高金素梅","立法院、靖国神社、日本","笑傲六十年·有话说李敖、高金素梅、靖国神社、捐款","节目线、媒体线","笑傲六十年·有话说李敖、006.20090808独坐孤岛·创格完人","li-ao-youhua-shuo-356-kao-chin-sumei-visits-bookroom-and-li-provides-photos-donates、li-ao-youhua-shuo-446-recounts-helping-kao-chin-sumei-and-not-stealing-spotlight","笑傲六十年·有话说李敖","006.20090808独坐孤岛·创格完人","26","《大李敖全集5.0》（wjm_tcy版）分章节/010.节目演讲类/010.笑傲六十年·有话说李敖/006.20090808独坐孤岛·创格完人.txt","","[]","data/timeline-events-xiaoao-liushinian-youhua-shuo.json","xiaoao-liushinian-006-supports-kao-chin-sumei-yasukuni-protest","{""id"":""xiaoao-liushinian-006-supports-kao-chin-sumei-yasukuni-protest"",""date"":""2009-08-08"",""displayDate"":""2009年8月8日"",""datePrecision"":""day"",""title"":""李敖回忆支援高金素梅赴靖国神社抗议，并提供第一笔款项"",""summary"":""高金素梅在节目中说，自己带近百名原住民赴靖国神社抗议时台湾当局不给支持，李敖跳出来用实际行动送钱，成为赴日行动的第一笔款项。"",""view"":[""节目线"",""媒体线""],""tags"":[""笑傲六十年·有话说李敖"",""高金素梅"",""靖国神社"",""捐款""],""people"":[""李敖"",""高金素梅""],""places"":[""立法院"",""靖国神社"",""日本""],""works"":[""笑傲六十年·有话说李敖"",""006.20090808独坐孤岛·创格完人""],""certainty"":""confirmed"",""source"":{""book"":""笑傲六十年·有话说李敖"",""chapter"":""006.20090808独坐孤岛·创格完人"",""path"":""《大李敖全集5.0》（wjm_tcy版）分章节/010.节目演讲类/010.笑傲六十年·有话说李敖/006.20090808独坐孤岛·创格完人.txt"",""line"":26},""crossReferences"":[""li-ao-youhua-shuo-356-kao-chin-sumei-visits-bookroom-and-li-provides-photos-donates"",""li-ao-youhua-shuo-446-recounts-helping-kao-chin-sumei-and-not-stealing-spotlight""],""dataFile"":""data/timeline-events-xiaoao-liushinian-youhua-shuo.json""}"
"25115","2009","2009-08-08","2009年8月8日","day","confirmed","李敖回忆王祥基牵线凤凰，2004年3月8日《李敖有话说》首播并准确预测选情","他说明王祥基在香港谈判，使自己脱离台湾电视界进军祖国；2004年3月8日凤凰节目开播，李敖接受邱立本《亚洲周刊》访问时预测陈水扁可能险胜，后来果然出现两颗子弹和险胜。","李敖、王祥基、邱立本、陈水扁","香港、凤凰卫视","笑傲六十年·有话说李敖、凤凰卫视、首播、选情预测","节目线、媒体线","笑傲六十年·有话说李敖、006.20090808独坐孤岛·创格完人、李敖有话说、亚洲周刊","li-ao-youhua-shuo-001-broadcast-first-episode-taiwan-55-years、book7-2004-03-08-begins-phoenix-tv-commentary-line、li-ao-youhua-shuo-197-explains-wang-xiangji-wu-siyuan-led-him-to-phoenix-tv","笑傲六十年·有话说李敖","006.20090808独坐孤岛·创格完人","44","《大李敖全集5.0》（wjm_tcy版）分章节/010.节目演讲类/010.笑傲六十年·有话说李敖/006.20090808独坐孤岛·创格完人.txt","","[]","data/timeline-events-xiaoao-liushinian-youhua-shuo.json","xiaoao-liushinian-006-recalls-phoenix-premiere-and-election-prediction","{""id"":""xiaoao-liushinian-006-recalls-phoenix-premiere-and-election-prediction"",""date"":""2009-08-08"",""displayDate"":""2009年8月8日"",""datePrecision"":""day"",""title"":""李敖回忆王祥基牵线凤凰，2004年3月8日《李敖有话说》首播并准确预测选情"",""summary"":""他说明王祥基在香港谈判，使自己脱离台湾电视界进军祖国；2004年3月8日凤凰节目开播，李敖接受邱立本《亚洲周刊》访问时预测陈水扁可能险胜，后来果然出现两颗子弹和险胜。"",""view"":[""节目线"",""媒体线""],""tags"":[""笑傲六十年·有话说李敖"",""凤凰卫视"",""首播"",""选情预测""],""people"":[""李敖"",""王祥基"",""邱立本"",""陈水扁""],""places"":[""香港"",""凤凰卫视""],""works"":[""笑傲六十年·有话说李敖"",""006.20090808独坐孤岛·创格完人"",""李敖有话说"",""亚洲周刊""],""certainty"":""confirmed"",""source"":{""book"":""笑傲六十年·有话说李敖"",""chapter"":""006.20090808独坐孤岛·创格完人"",""path"":""《大李敖全集5.0》（wjm_tcy版）分章节/010.节目演讲类/010.笑傲六十年·有话说李敖/006.20090808独坐孤岛·创格完人.txt"",""line"":44},""crossReferences"":[""li-ao-youhua-shuo-001-broadcast-first-episode-taiwan-55-years"",""book7-2004-03-08-begins-phoenix-tv-commentary-line"",""li-ao-youhua-shuo-197-explains-wang-xiangji-wu-siyuan-led-him-to-phoenix-tv""],""dataFile"":""data/timeline-events-xiaoao-liushinian-youhua-shuo.json""}"
"25116","2009","2009-08-08","2009年8月8日","day","confirmed","李敖回忆周荃邀请他主持《李敖笑傲江湖》，一千多集奠定电视雄风","他回顾自己有幸玩到胡适、鲁迅未能玩的电视媒体：周荃创办真相新闻网后请他主持《李敖笑傲江湖》，前后做了一千多集，奠定电视界的雄风，也让周荃倾家荡产。","李敖、周荃、张煦华、胡适、鲁迅","台湾","笑傲六十年·有话说李敖、真相新闻网、李敖笑傲江湖、电视节目","节目线、媒体线","笑傲六十年·有话说李敖、006.20090808独坐孤岛·创格完人、李敖笑傲江湖","book4-1995-10-30-li-ao-roams-jianghu-begins-broadcast、li-ao-xiaoao-jianghu-1995-10-20-after-episode-001-first-broadcast","笑傲六十年·有话说李敖","006.20090808独坐孤岛·创格完人","42","《大李敖全集5.0》（wjm_tcy版）分章节/010.节目演讲类/010.笑傲六十年·有话说李敖/006.20090808独坐孤岛·创格完人.txt","","[]","data/timeline-events-xiaoao-liushinian-youhua-shuo.json","xiaoao-liushinian-006-recalls-zhou-quan-and-xiaoao-jianghu-tv","{""id"":""xiaoao-liushinian-006-recalls-zhou-quan-and-xiaoao-jianghu-tv"",""date"":""2009-08-08"",""displayDate"":""2009年8月8日"",""datePrecision"":""day"",""title"":""李敖回忆周荃邀请他主持《李敖笑傲江湖》，一千多集奠定电视雄风"",""summary"":""他回顾自己有幸玩到胡适、鲁迅未能玩的电视媒体：周荃创办真相新闻网后请他主持《李敖笑傲江湖》，前后做了一千多集，奠定电视界的雄风，也让周荃倾家荡产。"",""view"":[""节目线"",""媒体线""],""tags"":[""笑傲六十年·有话说李敖"",""真相新闻网"",""李敖笑傲江湖"",""电视节目""],""people"":[""李敖"",""周荃"",""张煦华"",""胡适"",""鲁迅""],""places"":[""台湾""],""works"":[""笑傲六十年·有话说李敖"",""006.20090808独坐孤岛·创格完人"",""李敖笑傲江湖""],""certainty"":""confirmed"",""source"":{""book"":""笑傲六十年·有话说李敖"",""chapter"":""006.20090808独坐孤岛·创格完人"",""path"":""《大李敖全集5.0》（wjm_tcy版）分章节/010.节目演讲类/010.笑傲六十年·有话说李敖/006.20090808独坐孤岛·创格完人.txt"",""line"":42,""lines"":[42,44]},""crossReferences"":[""book4-1995-10-30-li-ao-roams-jianghu-begins-broadcast"",""li-ao-xiaoao-jianghu-1995-10-20-after-episode-001-first-broadcast""],""dataFile"":""data/timeline-events-xiaoao-liushinian-youhua-shuo.json""}"
"25117","2009","2009-08-08","2009年8月8日","day","confirmed","李敖回顾凤凰节目729集后结束，说明自己不愿再做祖国的客人","他统计《李敖有话说》从2004年3月8日首播到2006年12月29日最后一集，共播729集；他解释自己主动不再做，是不愿刘长乐为他受委屈，也不愿在大陆祖国只做客人。","李敖、刘长乐、李翰祥、黄胜常、陈平景、周恩来、李维一","祖国、大陆、苏州","笑傲六十年·有话说李敖、凤凰卫视、节目结束、祖国","节目线、媒体线","笑傲六十年·有话说李敖、006.20090808独坐孤岛·创格完人、李敖有话说","book8-2007-ends-li-ao-you-hua-shuo-program","笑傲六十年·有话说李敖","006.20090808独坐孤岛·创格完人","48","《大李敖全集5.0》（wjm_tcy版）分章节/010.节目演讲类/010.笑傲六十年·有话说李敖/006.20090808独坐孤岛·创格完人.txt","","[]","data/timeline-events-xiaoao-liushinian-youhua-shuo.json","xiaoao-liushinian-006-explains-leaving-phoenix-and-not-being-guest","{""id"":""xiaoao-liushinian-006-explains-leaving-phoenix-and-not-being-guest"",""date"":""2009-08-08"",""displayDate"":""2009年8月8日"",""datePrecision"":""day"",""title"":""李敖回顾凤凰节目729集后结束，说明自己不愿再做祖国的客人"",""summary"":""他统计《李敖有话说》从2004年3月8日首播到2006年12月29日最后一集，共播729集；他解释自己主动不再做，是不愿刘长乐为他受委屈，也不愿在大陆祖国只做客人。"",""view"":[""节目线"",""媒体线""],""tags"":[""笑傲六十年·有话说李敖"",""凤凰卫视"",""节目结束"",""祖国""],""people"":[""李敖"",""刘长乐"",""李翰祥"",""黄胜常"",""陈平景"",""周恩来"",""李维一""],""places"":[""祖国"",""大陆"",""苏州""],""works"":[""笑傲六十年·有话说李敖"",""006.20090808独坐孤岛·创格完人"",""李敖有话说""],""certainty"":""confirmed"",""source"":{""book"":""笑傲六十年·有话说李敖"",""chapter"":""006.20090808独坐孤岛·创格完人"",""path"":""《大李敖全集5.0》（wjm_tcy版）分章节/010.节目演讲类/010.笑傲六十年·有话说李敖/006.20090808独坐孤岛·创格完人.txt"",""line"":48},""crossReferences"":[""book8-2007-ends-li-ao-you-hua-shuo-program""],""dataFile"":""data/timeline-events-xiaoao-liushinian-youhua-shuo.json""}"
"25118","2009","2009-08-08","2009年8月8日","day","confirmed","李敖在忠烈祠拿拐杖模仿操枪，说明自己使命是拆穿假忠烈","他到忠烈祠，用拐杖模仿宪兵操枪，由赖岳忠拍下；李敖解释自己在所谓神圣地点开玩笑，是因为忠烈祠收进戴笠等假忠烈，而他的使命就是拆穿假戏。","李敖、赖岳忠、戴笠、蒋介石","台北、忠烈祠","笑傲六十年·有话说李敖、忠烈祠、拐杖操枪、拆穿假戏","节目线、媒体线","笑傲六十年·有话说李敖、006.20090808独坐孤岛·创格完人","","笑傲六十年·有话说李敖","006.20090808独坐孤岛·创格完人","3","《大李敖全集5.0》（wjm_tcy版）分章节/010.节目演讲类/010.笑傲六十年·有话说李敖/006.20090808独坐孤岛·创格完人.txt","","[]","data/timeline-events-xiaoao-liushinian-youhua-shuo.json","xiaoao-liushinian-006-cane-drill-at-martyrs-shrine","{""id"":""xiaoao-liushinian-006-cane-drill-at-martyrs-shrine"",""date"":""2009-08-08"",""displayDate"":""2009年8月8日"",""datePrecision"":""day"",""title"":""李敖在忠烈祠拿拐杖模仿操枪，说明自己使命是拆穿假忠烈"",""summary"":""他到忠烈祠，用拐杖模仿宪兵操枪，由赖岳忠拍下；李敖解释自己在所谓神圣地点开玩笑，是因为忠烈祠收进戴笠等假忠烈，而他的使命就是拆穿假戏。"",""view"":[""节目线"",""媒体线""],""tags"":[""笑傲六十年·有话说李敖"",""忠烈祠"",""拐杖操枪"",""拆穿假戏""],""people"":[""李敖"",""赖岳忠"",""戴笠"",""蒋介石""],""places"":[""台北"",""忠烈祠""],""works"":[""笑傲六十年·有话说李敖"",""006.20090808独坐孤岛·创格完人""],""certainty"":""confirmed"",""source"":{""book"":""笑傲六十年·有话说李敖"",""chapter"":""006.20090808独坐孤岛·创格完人"",""path"":""《大李敖全集5.0》（wjm_tcy版）分章节/010.节目演讲类/010.笑傲六十年·有话说李敖/006.20090808独坐孤岛·创格完人.txt"",""line"":3},""crossReferences"":[],""dataFile"":""data/timeline-events-xiaoao-liushinian-youhua-shuo.json""}"
"25119","2009","2009-08-08","2009年8月8日","day","confirmed","李敖批评马英九向蒋家下跪，并不能接受其歌颂蒋经国解严时的“电流”感","他展示马英九到书房照片和马亲笔文字，批评马英九在蒋家坟前下跪；马英九说蒋经国宣布解严、开放探亲时自己像通电，李敖则以政治犯被电刑的痛苦反驳这种感动。","李敖、马英九、蒋经国","台湾","笑傲六十年·有话说李敖、马英九、蒋经国、解严、开放探亲","节目线、媒体线","笑傲六十年·有话说李敖、006.20090808独坐孤岛·创格完人","","笑傲六十年·有话说李敖","006.20090808独坐孤岛·创格完人","16","《大李敖全集5.0》（wjm_tcy版）分章节/010.节目演讲类/010.笑傲六十年·有话说李敖/006.20090808独坐孤岛·创格完人.txt","","[]","data/timeline-events-xiaoao-liushinian-youhua-shuo.json","xiaoao-liushinian-006-criticizes-ma-yingjeou-kneeling-and-electric-feeling","{""id"":""xiaoao-liushinian-006-criticizes-ma-yingjeou-kneeling-and-electric-feeling"",""date"":""2009-08-08"",""displayDate"":""2009年8月8日"",""datePrecision"":""day"",""title"":""李敖批评马英九向蒋家下跪，并不能接受其歌颂蒋经国解严时的“电流”感"",""summary"":""他展示马英九到书房照片和马亲笔文字，批评马英九在蒋家坟前下跪；马英九说蒋经国宣布解严、开放探亲时自己像通电，李敖则以政治犯被电刑的痛苦反驳这种感动。"",""view"":[""节目线"",""媒体线""],""tags"":[""笑傲六十年·有话说李敖"",""马英九"",""蒋经国"",""解严"",""开放探亲""],""people"":[""李敖"",""马英九"",""蒋经国""],""places"":[""台湾""],""works"":[""笑傲六十年·有话说李敖"",""006.20090808独坐孤岛·创格完人""],""certainty"":""confirmed"",""source"":{""book"":""笑傲六十年·有话说李敖"",""chapter"":""006.20090808独坐孤岛·创格完人"",""path"":""《大李敖全集5.0》（wjm_tcy版）分章节/010.节目演讲类/010.笑傲六十年·有话说李敖/006.20090808独坐孤岛·创格完人.txt"",""line"":16,""lines"":[16,18]},""crossReferences"":[],""dataFile"":""data/timeline-events-xiaoao-liushinian-youhua-shuo.json""}"
"25120","2009","2009-08-08","2009年8月8日","day","confirmed","李敖宣布未来使命是推动中文世界化、电脑化，并由自己确定好中文","他由余光中和英文强势谈起，提出中文在电脑时代可能成为强势语言；李敖称要用大师级中文推动中文世界化、电脑化，而且推出的必须是好中文。","李敖","台湾","笑傲六十年·有话说李敖、中文、电脑化、未来使命","节目线、媒体线","笑傲六十年·有话说李敖、006.20090808独坐孤岛·创格完人","li-ao-zawenji-1999-09-01-yanglan-interview-chinese-sentence-dictionary、li-ao-zawenji-2008-09-06-writes-chinese-sentence-dictionary-plan","笑傲六十年·有话说李敖","006.20090808独坐孤岛·创格完人","36","《大李敖全集5.0》（wjm_tcy版）分章节/010.节目演讲类/010.笑傲六十年·有话说李敖/006.20090808独坐孤岛·创格完人.txt","","[]","data/timeline-events-xiaoao-liushinian-youhua-shuo.json","xiaoao-liushinian-006-declares-future-mission-to-globalize-chinese","{""id"":""xiaoao-liushinian-006-declares-future-mission-to-globalize-chinese"",""date"":""2009-08-08"",""displayDate"":""2009年8月8日"",""datePrecision"":""day"",""title"":""李敖宣布未来使命是推动中文世界化、电脑化，并由自己确定好中文"",""summary"":""他由余光中和英文强势谈起，提出中文在电脑时代可能成为强势语言；李敖称要用大师级中文推动中文世界化、电脑化，而且推出的必须是好中文。"",""view"":[""节目线"",""媒体线""],""tags"":[""笑傲六十年·有话说李敖"",""中文"",""电脑化"",""未来使命""],""people"":[""李敖""],""places"":[""台湾""],""works"":[""笑傲六十年·有话说李敖"",""006.20090808独坐孤岛·创格完人""],""certainty"":""confirmed"",""source"":{""book"":""笑傲六十年·有话说李敖"",""chapter"":""006.20090808独坐孤岛·创格完人"",""path"":""《大李敖全集5.0》（wjm_tcy版）分章节/010.节目演讲类/010.笑傲六十年·有话说李敖/006.20090808独坐孤岛·创格完人.txt"",""line"":36},""crossReferences"":[""li-ao-zawenji-1999-09-01-yanglan-interview-chinese-sentence-dictionary"",""li-ao-zawenji-2008-09-06-writes-chinese-sentence-dictionary-plan""],""dataFile"":""data/timeline-events-xiaoao-liushinian-youhua-shuo.json""}"
"25121","2009","2009-08-08","2009年8月8日","day","confirmed","李敖总结在台湾六十年最大功劳，是用证据拆穿所有假面具","他把自己称为“介错人”，看着岛在自杀而帮忙把假戏杀掉；在他看来，台湾的历史、丰功伟业、中华民国、民主自由甚至台独都是假的，他的功劳是把证据和真实带进来。","李敖","台湾","笑傲六十年·有话说李敖、介错人、假历史、台湾六十年","节目线、媒体线","笑傲六十年·有话说李敖、006.20090808独坐孤岛·创格完人","","笑傲六十年·有话说李敖","006.20090808独坐孤岛·创格完人","11","《大李敖全集5.0》（wjm_tcy版）分章节/010.节目演讲类/010.笑傲六十年·有话说李敖/006.20090808独坐孤岛·创格完人.txt","","[]","data/timeline-events-xiaoao-liushinian-youhua-shuo.json","xiaoao-liushinian-006-sums-up-taiwan-fake-world-and-self-as-kaishakunin","{""id"":""xiaoao-liushinian-006-sums-up-taiwan-fake-world-and-self-as-kaishakunin"",""date"":""2009-08-08"",""displayDate"":""2009年8月8日"",""datePrecision"":""day"",""title"":""李敖总结在台湾六十年最大功劳，是用证据拆穿所有假面具"",""summary"":""他把自己称为“介错人”，看着岛在自杀而帮忙把假戏杀掉；在他看来，台湾的历史、丰功伟业、中华民国、民主自由甚至台独都是假的，他的功劳是把证据和真实带进来。"",""view"":[""节目线"",""媒体线""],""tags"":[""笑傲六十年·有话说李敖"",""介错人"",""假历史"",""台湾六十年""],""people"":[""李敖""],""places"":[""台湾""],""works"":[""笑傲六十年·有话说李敖"",""006.20090808独坐孤岛·创格完人""],""certainty"":""confirmed"",""source"":{""book"":""笑傲六十年·有话说李敖"",""chapter"":""006.20090808独坐孤岛·创格完人"",""path"":""《大李敖全集5.0》（wjm_tcy版）分章节/010.节目演讲类/010.笑傲六十年·有话说李敖/006.20090808独坐孤岛·创格完人.txt"",""line"":11},""crossReferences"":[],""dataFile"":""data/timeline-events-xiaoao-liushinian-youhua-shuo.json""}"
"25122","2009","2009-08-08","2009年8月8日","day","confirmed","李敖展示《虚拟的十七岁》和十七岁模特照片，朗读自己的广告词","他展示《李敖大全集》和小说《虚拟的十七岁》，说明该书是为了向刘长乐显示自己离开凤凰后做了什么；节目中又展示十七岁模特照片，朗读广告词，强调这是七十开外革自己命的创意作品。","李敖、刘长乐","台湾","笑傲六十年·有话说李敖、虚拟的十七岁、小说、创意写作","节目线、媒体线","笑傲六十年·有话说李敖、006.20090808独坐孤岛·创格完人、虚拟的十七岁、李敖大全集","virtual-seventeen-2008-04-10-writes-about-writing、book7-2007-completes-virtual-seventeen-and-launches-it-with-liu-changle-hosting","笑傲六十年·有话说李敖","006.20090808独坐孤岛·创格完人","38","《大李敖全集5.0》（wjm_tcy版）分章节/010.节目演讲类/010.笑傲六十年·有话说李敖/006.20090808独坐孤岛·创格完人.txt","","[]","data/timeline-events-xiaoao-liushinian-youhua-shuo.json","xiaoao-liushinian-006-shows-virtual-seventeen-and-model-photos","{""id"":""xiaoao-liushinian-006-shows-virtual-seventeen-and-model-photos"",""date"":""2009-08-08"",""displayDate"":""2009年8月8日"",""datePrecision"":""day"",""title"":""李敖展示《虚拟的十七岁》和十七岁模特照片，朗读自己的广告词"",""summary"":""他展示《李敖大全集》和小说《虚拟的十七岁》，说明该书是为了向刘长乐显示自己离开凤凰后做了什么；节目中又展示十七岁模特照片，朗读广告词，强调这是七十开外革自己命的创意作品。"",""view"":[""节目线"",""媒体线""],""tags"":[""笑傲六十年·有话说李敖"",""虚拟的十七岁"",""小说"",""创意写作""],""people"":[""李敖"",""刘长乐""],""places"":[""台湾""],""works"":[""笑傲六十年·有话说李敖"",""006.20090808独坐孤岛·创格完人"",""虚拟的十七岁"",""李敖大全集""],""certainty"":""confirmed"",""source"":{""book"":""笑傲六十年·有话说李敖"",""chapter"":""006.20090808独坐孤岛·创格完人"",""path"":""《大李敖全集5.0》（wjm_tcy版）分章节/010.节目演讲类/010.笑傲六十年·有话说李敖/006.20090808独坐孤岛·创格完人.txt"",""line"":38},""crossReferences"":[""virtual-seventeen-2008-04-10-writes-about-writing"",""book7-2007-completes-virtual-seventeen-and-launches-it-with-liu-changle-hosting""],""dataFile"":""data/timeline-events-xiaoao-liushinian-youhua-shuo.json""}"
"25123","2009","2009-08-08","2009年8月8日","day","confirmed","李敖展示太原五百完人纪念碑前女友照，揭穿纪念碑假历史","他展示女友在台北太原五百完人纪念碑前的照片，并说自己查出所谓五百完人中有人没死、早死或在台湾隐姓埋名还活着，以此说明台湾假历史至今存在。","李敖","台北、太原五百完人纪念碑","笑傲六十年·有话说李敖、太原五百完人、假历史、纪念碑","节目线、媒体线","笑傲六十年·有话说李敖、006.20090808独坐孤岛·创格完人","","笑傲六十年·有话说李敖","006.20090808独坐孤岛·创格完人","5","《大李敖全集5.0》（wjm_tcy版）分章节/010.节目演讲类/010.笑傲六十年·有话说李敖/006.20090808独坐孤岛·创格完人.txt","","[]","data/timeline-events-xiaoao-liushinian-youhua-shuo.json","xiaoao-liushinian-006-exposes-taiyuan-five-hundred-monument","{""id"":""xiaoao-liushinian-006-exposes-taiyuan-five-hundred-monument"",""date"":""2009-08-08"",""displayDate"":""2009年8月8日"",""datePrecision"":""day"",""title"":""李敖展示太原五百完人纪念碑前女友照，揭穿纪念碑假历史"",""summary"":""他展示女友在台北太原五百完人纪念碑前的照片，并说自己查出所谓五百完人中有人没死、早死或在台湾隐姓埋名还活着，以此说明台湾假历史至今存在。"",""view"":[""节目线"",""媒体线""],""tags"":[""笑傲六十年·有话说李敖"",""太原五百完人"",""假历史"",""纪念碑""],""people"":[""李敖""],""places"":[""台北"",""太原五百完人纪念碑""],""works"":[""笑傲六十年·有话说李敖"",""006.20090808独坐孤岛·创格完人""],""certainty"":""confirmed"",""source"":{""book"":""笑傲六十年·有话说李敖"",""chapter"":""006.20090808独坐孤岛·创格完人"",""path"":""《大李敖全集5.0》（wjm_tcy版）分章节/010.节目演讲类/010.笑傲六十年·有话说李敖/006.20090808独坐孤岛·创格完人.txt"",""line"":5},""crossReferences"":[],""dataFile"":""data/timeline-events-xiaoao-liushinian-youhua-shuo.json""}"
"25124","2009","2009-08-08","2009年8月8日","day","confirmed","李敖展示旧版《圣经》中文，忧虑烂中文进入芯片，宣称要抢救中文","他说自己也是基督教圣经中文版本专家，展示线装《创世纪》，批评传教士中文别扭且已流通太广；他担心烂中文被写进未来芯片，因此要用自己的中文知识为中文立典范。","李敖、比尔·盖茨、冉茂芹、马偕","台湾","笑傲六十年·有话说李敖、圣经版本、抢救中文、芯片","节目线、媒体线","笑傲六十年·有话说李敖、006.20090808独坐孤岛·创格完人、新旧约全书、创世纪、马偕夜诊图","","笑傲六十年·有话说李敖","006.20090808独坐孤岛·创格完人","40","《大李敖全集5.0》（wjm_tcy版）分章节/010.节目演讲类/010.笑傲六十年·有话说李敖/006.20090808独坐孤岛·创格完人.txt","","[]","data/timeline-events-xiaoao-liushinian-youhua-shuo.json","xiaoao-liushinian-006-shows-bible-chinese-and-rescue-chinese-mission","{""id"":""xiaoao-liushinian-006-shows-bible-chinese-and-rescue-chinese-mission"",""date"":""2009-08-08"",""displayDate"":""2009年8月8日"",""datePrecision"":""day"",""title"":""李敖展示旧版《圣经》中文，忧虑烂中文进入芯片，宣称要抢救中文"",""summary"":""他说自己也是基督教圣经中文版本专家，展示线装《创世纪》，批评传教士中文别扭且已流通太广；他担心烂中文被写进未来芯片，因此要用自己的中文知识为中文立典范。"",""view"":[""节目线"",""媒体线""],""tags"":[""笑傲六十年·有话说李敖"",""圣经版本"",""抢救中文"",""芯片""],""people"":[""李敖"",""比尔·盖茨"",""冉茂芹"",""马偕""],""places"":[""台湾""],""works"":[""笑傲六十年·有话说李敖"",""006.20090808独坐孤岛·创格完人"",""新旧约全书"",""创世纪"",""马偕夜诊图""],""certainty"":""confirmed"",""source"":{""book"":""笑傲六十年·有话说李敖"",""chapter"":""006.20090808独坐孤岛·创格完人"",""path"":""《大李敖全集5.0》（wjm_tcy版）分章节/010.节目演讲类/010.笑傲六十年·有话说李敖/006.20090808独坐孤岛·创格完人.txt"",""line"":40},""crossReferences"":[],""dataFile"":""data/timeline-events-xiaoao-liushinian-youhua-shuo.json""}"
"25125","2009","2009-08-08","2009年8月8日","day","confirmed","李敖展示考尔斯夫妇材料，讽刺宋美龄与威尔基奸情也被说成“为国”","他引用美国《展望》杂志考尔斯夫妇留下的秘密材料，谈威尔基到重庆时与宋美龄的传闻，并借蒋家死忠派“为国家”的辩护写出讽刺联语。","李敖、宋美龄、威尔基、考尔斯夫妇、蒋介石","重庆、北京","笑傲六十年·有话说李敖、宋美龄、威尔基、史料展示","节目线、媒体线","笑傲六十年·有话说李敖、006.20090808独坐孤岛·创格完人","","笑傲六十年·有话说李敖","006.20090808独坐孤岛·创格完人","14","《大李敖全集5.0》（wjm_tcy版）分章节/010.节目演讲类/010.笑傲六十年·有话说李敖/006.20090808独坐孤岛·创格完人.txt","","[]","data/timeline-events-xiaoao-liushinian-youhua-shuo.json","xiaoao-liushinian-006-uses-cowles-materials-on-soong-meiling-willkie","{""id"":""xiaoao-liushinian-006-uses-cowles-materials-on-soong-meiling-willkie"",""date"":""2009-08-08"",""displayDate"":""2009年8月8日"",""datePrecision"":""day"",""title"":""李敖展示考尔斯夫妇材料，讽刺宋美龄与威尔基奸情也被说成“为国”"",""summary"":""他引用美国《展望》杂志考尔斯夫妇留下的秘密材料，谈威尔基到重庆时与宋美龄的传闻，并借蒋家死忠派“为国家”的辩护写出讽刺联语。"",""view"":[""节目线"",""媒体线""],""tags"":[""笑傲六十年·有话说李敖"",""宋美龄"",""威尔基"",""史料展示""],""people"":[""李敖"",""宋美龄"",""威尔基"",""考尔斯夫妇"",""蒋介石""],""places"":[""重庆"",""北京""],""works"":[""笑傲六十年·有话说李敖"",""006.20090808独坐孤岛·创格完人""],""certainty"":""confirmed"",""source"":{""book"":""笑傲六十年·有话说李敖"",""chapter"":""006.20090808独坐孤岛·创格完人"",""path"":""《大李敖全集5.0》（wjm_tcy版）分章节/010.节目演讲类/010.笑傲六十年·有话说李敖/006.20090808独坐孤岛·创格完人.txt"",""line"":14},""crossReferences"":[],""dataFile"":""data/timeline-events-xiaoao-liushinian-youhua-shuo.json""}"
"25126","2009","2009-08-08","2009年8月8日","day","confirmed","李敖展示李戡《美国人给我闭嘴》和《求是报》爱国标题","他展示自己三十多岁照片、李戡小时候与高中照片，说明李戡在2008年奥运期间写《美国人给我闭嘴》；随后又回顾自己办《求是报》，凡爱国部分都特别加强。","李敖、李戡、孟绝子、胡基峻、潘毓刚、达赖喇嘛","台湾","笑傲六十年·有话说李敖、李戡、求是报、爱国","节目线、媒体线","笑傲六十年·有话说李敖、006.20090808独坐孤岛·创格完人、美国人给我闭嘴、求是报、教皇信上帝吗？","li-ao-yumiao-tianxia-111-reads-li-kan-shut-up-americans、li-ao-yumiao-tianxia-111-shows-li-kan-us-deaths-table、book4-1991-02-27-qiushi-daily-starts、li-ao-baokanji-1991-02-27-qiushi-bao-east-west-launch","笑傲六十年·有话说李敖","006.20090808独坐孤岛·创格完人","28","《大李敖全集5.0》（wjm_tcy版）分章节/010.节目演讲类/010.笑傲六十年·有话说李敖/006.20090808独坐孤岛·创格完人.txt","","[]","data/timeline-events-xiaoao-liushinian-youhua-shuo.json","xiaoao-liushinian-006-shows-li-kan-article-and-qiushi-bao-patriotic-line","{""id"":""xiaoao-liushinian-006-shows-li-kan-article-and-qiushi-bao-patriotic-line"",""date"":""2009-08-08"",""displayDate"":""2009年8月8日"",""datePrecision"":""day"",""title"":""李敖展示李戡《美国人给我闭嘴》和《求是报》爱国标题"",""summary"":""他展示自己三十多岁照片、李戡小时候与高中照片，说明李戡在2008年奥运期间写《美国人给我闭嘴》；随后又回顾自己办《求是报》，凡爱国部分都特别加强。"",""view"":[""节目线"",""媒体线""],""tags"":[""笑傲六十年·有话说李敖"",""李戡"",""求是报"",""爱国""],""people"":[""李敖"",""李戡"",""孟绝子"",""胡基峻"",""潘毓刚"",""达赖喇嘛""],""places"":[""台湾""],""works"":[""笑傲六十年·有话说李敖"",""006.20090808独坐孤岛·创格完人"",""美国人给我闭嘴"",""求是报"",""教皇信上帝吗？""],""certainty"":""confirmed"",""source"":{""book"":""笑傲六十年·有话说李敖"",""chapter"":""006.20090808独坐孤岛·创格完人"",""path"":""《大李敖全集5.0》（wjm_tcy版）分章节/010.节目演讲类/010.笑傲六十年·有话说李敖/006.20090808独坐孤岛·创格完人.txt"",""line"":28},""crossReferences"":[""li-ao-yumiao-tianxia-111-reads-li-kan-shut-up-americans"",""li-ao-yumiao-tianxia-111-shows-li-kan-us-deaths-table"",""book4-1991-02-27-qiushi-daily-starts"",""li-ao-baokanji-1991-02-27-qiushi-bao-east-west-launch""],""dataFile"":""data/timeline-events-xiaoao-liushinian-youhua-shuo.json""}"
"25127","2009","2009-08-08","2009年8月8日","day","confirmed","李敖展示国民党党史馆毛蒋偶像和《波士顿通讯》赠李敖诗","他批评国民党如今售卖毛泽东、蒋介石笑嘻嘻偶像，却曾在《波士顿通讯》刊诗，期勉牢里的李敖出狱后参加反攻复国；李敖用这些材料展示台湾六十年的心态变化。","李敖、毛泽东、蒋介石、鲁迅、关中、黄铭扬、马英九、丁守中","台湾","笑傲六十年·有话说李敖、党史馆、波士顿通讯、反攻复国","节目线、媒体线","笑傲六十年·有话说李敖、006.20090808独坐孤岛·创格完人、波士顿通讯、赠李敖","","笑傲六十年·有话说李敖","006.20090808独坐孤岛·创格完人","13","《大李敖全集5.0》（wjm_tcy版）分章节/010.节目演讲类/010.笑傲六十年·有话说李敖/006.20090808独坐孤岛·创格完人.txt","","[]","data/timeline-events-xiaoao-liushinian-youhua-shuo.json","xiaoao-liushinian-006-shows-kmt-dolls-and-boston-poem","{""id"":""xiaoao-liushinian-006-shows-kmt-dolls-and-boston-poem"",""date"":""2009-08-08"",""displayDate"":""2009年8月8日"",""datePrecision"":""day"",""title"":""李敖展示国民党党史馆毛蒋偶像和《波士顿通讯》赠李敖诗"",""summary"":""他批评国民党如今售卖毛泽东、蒋介石笑嘻嘻偶像，却曾在《波士顿通讯》刊诗，期勉牢里的李敖出狱后参加反攻复国；李敖用这些材料展示台湾六十年的心态变化。"",""view"":[""节目线"",""媒体线""],""tags"":[""笑傲六十年·有话说李敖"",""党史馆"",""波士顿通讯"",""反攻复国""],""people"":[""李敖"",""毛泽东"",""蒋介石"",""鲁迅"",""关中"",""黄铭扬"",""马英九"",""丁守中""],""places"":[""台湾""],""works"":[""笑傲六十年·有话说李敖"",""006.20090808独坐孤岛·创格完人"",""波士顿通讯"",""赠李敖""],""certainty"":""confirmed"",""source"":{""book"":""笑傲六十年·有话说李敖"",""chapter"":""006.20090808独坐孤岛·创格完人"",""path"":""《大李敖全集5.0》（wjm_tcy版）分章节/010.节目演讲类/010.笑傲六十年·有话说李敖/006.20090808独坐孤岛·创格完人.txt"",""line"":13},""crossReferences"":[],""dataFile"":""data/timeline-events-xiaoao-liushinian-youhua-shuo.json""}"
"25128","2009","2009-08-08","2009年8月8日","day","confirmed","李敖展示蒋介石1950年秘密谈话，证明蒋自己承认中华民国亡国","他找到蒋介石亲笔修改的1950年3月13日秘密谈话，指出其中多次提到“亡国”和“亡国之民”，并据此批评台湾继续打中华民国旗号是在骗人。","李敖、蒋介石、蒋经国、李登辉、陈水扁、马英九","台湾","笑傲六十年·有话说李敖、蒋介石、中华民国亡国、秘密谈话","节目线、媒体线","笑傲六十年·有话说李敖、006.20090808独坐孤岛·创格完人","li-ao-youhua-shuo-001-shows-chiang-1950-secret-speech-roc-fallen","笑傲六十年·有话说李敖","006.20090808独坐孤岛·创格完人","5","《大李敖全集5.0》（wjm_tcy版）分章节/010.节目演讲类/010.笑傲六十年·有话说李敖/006.20090808独坐孤岛·创格完人.txt","","[]","data/timeline-events-xiaoao-liushinian-youhua-shuo.json","xiaoao-liushinian-006-shows-chiang-1950-roc-fallen-speech","{""id"":""xiaoao-liushinian-006-shows-chiang-1950-roc-fallen-speech"",""date"":""2009-08-08"",""displayDate"":""2009年8月8日"",""datePrecision"":""day"",""title"":""李敖展示蒋介石1950年秘密谈话，证明蒋自己承认中华民国亡国"",""summary"":""他找到蒋介石亲笔修改的1950年3月13日秘密谈话，指出其中多次提到“亡国”和“亡国之民”，并据此批评台湾继续打中华民国旗号是在骗人。"",""view"":[""节目线"",""媒体线""],""tags"":[""笑傲六十年·有话说李敖"",""蒋介石"",""中华民国亡国"",""秘密谈话""],""people"":[""李敖"",""蒋介石"",""蒋经国"",""李登辉"",""陈水扁"",""马英九""],""places"":[""台湾""],""works"":[""笑傲六十年·有话说李敖"",""006.20090808独坐孤岛·创格完人""],""certainty"":""confirmed"",""source"":{""book"":""笑傲六十年·有话说李敖"",""chapter"":""006.20090808独坐孤岛·创格完人"",""path"":""《大李敖全集5.0》（wjm_tcy版）分章节/010.节目演讲类/010.笑傲六十年·有话说李敖/006.20090808独坐孤岛·创格完人.txt"",""line"":5},""crossReferences"":[""li-ao-youhua-shuo-001-shows-chiang-1950-secret-speech-roc-fallen""],""dataFile"":""data/timeline-events-xiaoao-liushinian-youhua-shuo.json""}"
"25129","2009","2009-08-08","2009年8月8日","day","confirmed","李敖展示蒋介石自称救星手迹和《汪东兴日记》，谴责蒋介石卖掉外蒙古","他拿蒋介石亲笔字“蒋总统才是你们的救星”当笑料，又引《汪东兴日记》说明外蒙古独立成为例外，认为蒋介石卖掉比台湾大四十四倍的外蒙古，是自己必须持续谴责蒋介石的核心原因。","李敖、蒋介石、汪东兴、毛泽东","外蒙古、台湾","笑傲六十年·有话说李敖、蒋介石、外蒙古、史料展示","节目线、媒体线","笑傲六十年·有话说李敖、006.20090808独坐孤岛·创格完人、汪东兴日记","","笑傲六十年·有话说李敖","006.20090808独坐孤岛·创格完人","7","《大李敖全集5.0》（wjm_tcy版）分章节/010.节目演讲类/010.笑傲六十年·有话说李敖/006.20090808独坐孤岛·创格完人.txt","","[]","data/timeline-events-xiaoao-liushinian-youhua-shuo.json","xiaoao-liushinian-006-attacks-chiang-rescuer-and-mongolia","{""id"":""xiaoao-liushinian-006-attacks-chiang-rescuer-and-mongolia"",""date"":""2009-08-08"",""displayDate"":""2009年8月8日"",""datePrecision"":""day"",""title"":""李敖展示蒋介石自称救星手迹和《汪东兴日记》，谴责蒋介石卖掉外蒙古"",""summary"":""他拿蒋介石亲笔字“蒋总统才是你们的救星”当笑料，又引《汪东兴日记》说明外蒙古独立成为例外，认为蒋介石卖掉比台湾大四十四倍的外蒙古，是自己必须持续谴责蒋介石的核心原因。"",""view"":[""节目线"",""媒体线""],""tags"":[""笑傲六十年·有话说李敖"",""蒋介石"",""外蒙古"",""史料展示""],""people"":[""李敖"",""蒋介石"",""汪东兴"",""毛泽东""],""places"":[""外蒙古"",""台湾""],""works"":[""笑傲六十年·有话说李敖"",""006.20090808独坐孤岛·创格完人"",""汪东兴日记""],""certainty"":""confirmed"",""source"":{""book"":""笑傲六十年·有话说李敖"",""chapter"":""006.20090808独坐孤岛·创格完人"",""path"":""《大李敖全集5.0》（wjm_tcy版）分章节/010.节目演讲类/010.笑傲六十年·有话说李敖/006.20090808独坐孤岛·创格完人.txt"",""line"":7},""crossReferences"":[],""dataFile"":""data/timeline-events-xiaoao-liushinian-youhua-shuo.json""}"
"25130","2009","2009-08-08","2009年8月8日","day","confirmed","李敖朗读《残棋》，反省六十年来在台湾下这盘残棋","他回忆女友刘会云离开后写诗《残棋》，明知蒋介石和国民党会灰飞烟灭，仍不得已花大量时间下这盘台湾残棋；如今回看，认为自己浪费在台湾太多，不无悔恨。","李敖、刘会云、蒋介石","台湾","笑傲六十年·有话说李敖、残棋、刘会云、台湾六十年","节目线、媒体线","笑傲六十年·有话说李敖、006.20090808独坐孤岛·创格完人、残棋","","笑傲六十年·有话说李敖","006.20090808独坐孤岛·创格完人","22","《大李敖全集5.0》（wjm_tcy版）分章节/010.节目演讲类/010.笑傲六十年·有话说李敖/006.20090808独坐孤岛·创格完人.txt","","[]","data/timeline-events-xiaoao-liushinian-youhua-shuo.json","xiaoao-liushinian-006-reads-canqi-and-regrets-six-decades-on-taiwan","{""id"":""xiaoao-liushinian-006-reads-canqi-and-regrets-six-decades-on-taiwan"",""date"":""2009-08-08"",""displayDate"":""2009年8月8日"",""datePrecision"":""day"",""title"":""李敖朗读《残棋》，反省六十年来在台湾下这盘残棋"",""summary"":""他回忆女友刘会云离开后写诗《残棋》，明知蒋介石和国民党会灰飞烟灭，仍不得已花大量时间下这盘台湾残棋；如今回看，认为自己浪费在台湾太多，不无悔恨。"",""view"":[""节目线"",""媒体线""],""tags"":[""笑傲六十年·有话说李敖"",""残棋"",""刘会云"",""台湾六十年""],""people"":[""李敖"",""刘会云"",""蒋介石""],""places"":[""台湾""],""works"":[""笑傲六十年·有话说李敖"",""006.20090808独坐孤岛·创格完人"",""残棋""],""certainty"":""confirmed"",""source"":{""book"":""笑傲六十年·有话说李敖"",""chapter"":""006.20090808独坐孤岛·创格完人"",""path"":""《大李敖全集5.0》（wjm_tcy版）分章节/010.节目演讲类/010.笑傲六十年·有话说李敖/006.20090808独坐孤岛·创格完人.txt"",""line"":22},""crossReferences"":[],""dataFile"":""data/timeline-events-xiaoao-liushinian-youhua-shuo.json""}"
"25131","2009","2009-08-08","2009年8月8日","day","confirmed","李敖朗读狱中翻译约翰邓恩诗，并比较余光中译文","他由“没有人是孤岛”讲到自己在牢里翻译约翰邓恩《丧钟为谁而鸣》相关诗句，并当场拿余光中译文对比，强调李敖中文和诗感高下立见。","李敖、约翰邓恩、海明威、余光中","台湾","笑傲六十年·有话说李敖、翻译、中文、余光中","节目线、媒体线","笑傲六十年·有话说李敖、006.20090808独坐孤岛·创格完人、战地钟声","","笑傲六十年·有话说李敖","006.20090808独坐孤岛·创格完人","34","《大李敖全集5.0》（wjm_tcy版）分章节/010.节目演讲类/010.笑傲六十年·有话说李敖/006.20090808独坐孤岛·创格完人.txt","","[]","data/timeline-events-xiaoao-liushinian-youhua-shuo.json","xiaoao-liushinian-006-reads-john-donne-translation-and-compares-yu-guangzhong","{""id"":""xiaoao-liushinian-006-reads-john-donne-translation-and-compares-yu-guangzhong"",""date"":""2009-08-08"",""displayDate"":""2009年8月8日"",""datePrecision"":""day"",""title"":""李敖朗读狱中翻译约翰邓恩诗，并比较余光中译文"",""summary"":""他由“没有人是孤岛”讲到自己在牢里翻译约翰邓恩《丧钟为谁而鸣》相关诗句，并当场拿余光中译文对比，强调李敖中文和诗感高下立见。"",""view"":[""节目线"",""媒体线""],""tags"":[""笑傲六十年·有话说李敖"",""翻译"",""中文"",""余光中""],""people"":[""李敖"",""约翰邓恩"",""海明威"",""余光中""],""places"":[""台湾""],""works"":[""笑傲六十年·有话说李敖"",""006.20090808独坐孤岛·创格完人"",""战地钟声""],""certainty"":""confirmed"",""source"":{""book"":""笑傲六十年·有话说李敖"",""chapter"":""006.20090808独坐孤岛·创格完人"",""path"":""《大李敖全集5.0》（wjm_tcy版）分章节/010.节目演讲类/010.笑傲六十年·有话说李敖/006.20090808独坐孤岛·创格完人.txt"",""line"":34},""crossReferences"":[],""dataFile"":""data/timeline-events-xiaoao-liushinian-youhua-shuo.json""}"
"25132","2009","2009-08-08","2009年8月8日","day","confirmed","李敖站在台湾铁路最高点，说自己提升了台湾而台湾矮化了他","他站在台湾铁路海拔四百零二的最高点，解释“我高了他，他矮了我”：自己提升了台湾，但也因和台湾牵连而被“台湾李敖”的标签看小。","李敖","台湾铁路最高点","笑傲六十年·有话说李敖、台湾李敖、爱国、自我定位","节目线、媒体线","笑傲六十年·有话说李敖、006.20090808独坐孤岛·创格完人","","笑傲六十年·有话说李敖","006.20090808独坐孤岛·创格完人","24","《大李敖全集5.0》（wjm_tcy版）分章节/010.节目演讲类/010.笑傲六十年·有话说李敖/006.20090808独坐孤岛·创格完人.txt","","[]","data/timeline-events-xiaoao-liushinian-youhua-shuo.json","xiaoao-liushinian-006-stands-at-taiwan-rail-highest-point","{""id"":""xiaoao-liushinian-006-stands-at-taiwan-rail-highest-point"",""date"":""2009-08-08"",""displayDate"":""2009年8月8日"",""datePrecision"":""day"",""title"":""李敖站在台湾铁路最高点，说自己提升了台湾而台湾矮化了他"",""summary"":""他站在台湾铁路海拔四百零二的最高点，解释“我高了他，他矮了我”：自己提升了台湾，但也因和台湾牵连而被“台湾李敖”的标签看小。"",""view"":[""节目线"",""媒体线""],""tags"":[""笑傲六十年·有话说李敖"",""台湾李敖"",""爱国"",""自我定位""],""people"":[""李敖""],""places"":[""台湾铁路最高点""],""works"":[""笑傲六十年·有话说李敖"",""006.20090808独坐孤岛·创格完人""],""certainty"":""confirmed"",""source"":{""book"":""笑傲六十年·有话说李敖"",""chapter"":""006.20090808独坐孤岛·创格完人"",""path"":""《大李敖全集5.0》（wjm_tcy版）分章节/010.节目演讲类/010.笑傲六十年·有话说李敖/006.20090808独坐孤岛·创格完人.txt"",""line"":24},""crossReferences"":[],""dataFile"":""data/timeline-events-xiaoao-liushinian-youhua-shuo.json""}"
"25133","2009","2009-08-08","2009年8月8日","day","confirmed","李敖感谢刘长乐把节目推向祖国和世界，并朗读《戏赠刘长乐》","他说刘长乐把自己推到祖国、东南亚、亚洲、欧美和全世界，又曾想用爱之船接他离台；节目中李敖回忆坐飞机玩笑，并朗读尚未给刘长乐看到的《戏赠刘长乐》。","李敖、刘长乐、顾炎武","基隆、香港、北京、祖国","笑傲六十年·有话说李敖、刘长乐、凤凰卫视、生还故国","节目线、媒体线","笑傲六十年·有话说李敖、006.20090808独坐孤岛·创格完人、戏赠刘长乐","li-ao-youhua-shuo-197-says-phoenix-program-lets-him-address-motherland-five-times-weekly","笑傲六十年·有话说李敖","006.20090808独坐孤岛·创格完人","46","《大李敖全集5.0》（wjm_tcy版）分章节/010.节目演讲类/010.笑傲六十年·有话说李敖/006.20090808独坐孤岛·创格完人.txt","","[]","data/timeline-events-xiaoao-liushinian-youhua-shuo.json","xiaoao-liushinian-006-thanks-liu-changle-and-reads-poem","{""id"":""xiaoao-liushinian-006-thanks-liu-changle-and-reads-poem"",""date"":""2009-08-08"",""displayDate"":""2009年8月8日"",""datePrecision"":""day"",""title"":""李敖感谢刘长乐把节目推向祖国和世界，并朗读《戏赠刘长乐》"",""summary"":""他说刘长乐把自己推到祖国、东南亚、亚洲、欧美和全世界，又曾想用爱之船接他离台；节目中李敖回忆坐飞机玩笑，并朗读尚未给刘长乐看到的《戏赠刘长乐》。"",""view"":[""节目线"",""媒体线""],""tags"":[""笑傲六十年·有话说李敖"",""刘长乐"",""凤凰卫视"",""生还故国""],""people"":[""李敖"",""刘长乐"",""顾炎武""],""places"":[""基隆"",""香港"",""北京"",""祖国""],""works"":[""笑傲六十年·有话说李敖"",""006.20090808独坐孤岛·创格完人"",""戏赠刘长乐""],""certainty"":""confirmed"",""source"":{""book"":""笑傲六十年·有话说李敖"",""chapter"":""006.20090808独坐孤岛·创格完人"",""path"":""《大李敖全集5.0》（wjm_tcy版）分章节/010.节目演讲类/010.笑傲六十年·有话说李敖/006.20090808独坐孤岛·创格完人.txt"",""line"":46},""crossReferences"":[""li-ao-youhua-shuo-197-says-phoenix-program-lets-him-address-motherland-five-times-weekly""],""dataFile"":""data/timeline-events-xiaoao-liushinian-youhua-shuo.json""}"
"25134","2009","2009-08-19","2009年8月19日星期三","day","confirmed","李敖为《百丑图》写序","《吾从其丑》文末署“2009年8月19日”。李敖应吴兆南方面之请，为《百丑图》写序，借丑角传统发挥自己关于反讽、言论自由与舞台真话的看法。","李敖、吴兆南、侯冠群","台湾","你笨蛋，你笨蛋、百丑图、吴兆南、序、2009","写作线、戏曲线、出版线","你笨蛋，你笨蛋、吾从其丑、百丑图","","你笨蛋，你笨蛋","017.吾从其丑","9","《大李敖全集5.0》（wjm_tcy版）分章节/003.惊世杂文类/010.你笨蛋，你笨蛋/017.吾从其丑.txt","","[]","data/timeline-events-ni-bendan.json","ni-bendan-2009-08-19-writes-preface-for-baichoutu","{""id"":""ni-bendan-2009-08-19-writes-preface-for-baichoutu"",""date"":""2009-08-19"",""displayDate"":""2009年8月19日星期三"",""datePrecision"":""day"",""title"":""李敖为《百丑图》写序"",""summary"":""《吾从其丑》文末署“2009年8月19日”。李敖应吴兆南方面之请，为《百丑图》写序，借丑角传统发挥自己关于反讽、言论自由与舞台真话的看法。"",""view"":[""写作线"",""戏曲线"",""出版线""],""tags"":[""你笨蛋，你笨蛋"",""百丑图"",""吴兆南"",""序"",""2009""],""people"":[""李敖"",""吴兆南"",""侯冠群""],""places"":[""台湾""],""works"":[""你笨蛋，你笨蛋"",""吾从其丑"",""百丑图""],""certainty"":""confirmed"",""source"":{""book"":""你笨蛋，你笨蛋"",""chapter"":""017.吾从其丑"",""path"":""《大李敖全集5.0》（wjm_tcy版）分章节/003.惊世杂文类/010.你笨蛋，你笨蛋/017.吾从其丑.txt"",""line"":9},""dataFile"":""data/timeline-events-ni-bendan.json""}"
"25135","2009","2009-05-12","2009年5月12日前后","day-context","confirmed","李敖重回台中旧宅，拾瓦写下“捧得凄凉片瓦回”","李敖回到即将拆除的旧宅，从屋上捡回一片瓦，并写诗“六十年前谁识我，六十年后我识谁，信知老屋终作土，捧得凄凉片瓦回”，再解释这是把凄凉归于瓦的无我之境。","李敖","台中","笑傲六十年·有话说李敖、旧宅、片瓦、诗、王国维","节目线、媒体线","笑傲六十年·有话说李敖、001.20090803惨绿少年·初抵台湾、六十年前谁识我","","笑傲六十年·有话说李敖","001.20090803惨绿少年·初抵台湾","17","《大李敖全集5.0》（wjm_tcy版）分章节/010.节目演讲类/010.笑傲六十年·有话说李敖/001.20090803惨绿少年·初抵台湾.txt","","[]","data/timeline-events-xiaoao-liushinian-youhua-shuo.json","xiaoao-liushinian-001-picks-old-house-tile-and-writes-poem","{""id"":""xiaoao-liushinian-001-picks-old-house-tile-and-writes-poem"",""date"":""2009-05-12"",""displayDate"":""2009年5月12日前后"",""datePrecision"":""day-context"",""title"":""李敖重回台中旧宅，拾瓦写下“捧得凄凉片瓦回”"",""summary"":""李敖回到即将拆除的旧宅，从屋上捡回一片瓦，并写诗“六十年前谁识我，六十年后我识谁，信知老屋终作土，捧得凄凉片瓦回”，再解释这是把凄凉归于瓦的无我之境。"",""view"":[""节目线"",""媒体线""],""tags"":[""笑傲六十年·有话说李敖"",""旧宅"",""片瓦"",""诗"",""王国维""],""people"":[""李敖""],""places"":[""台中""],""works"":[""笑傲六十年·有话说李敖"",""001.20090803惨绿少年·初抵台湾"",""六十年前谁识我""],""certainty"":""confirmed"",""source"":{""book"":""笑傲六十年·有话说李敖"",""chapter"":""001.20090803惨绿少年·初抵台湾"",""path"":""《大李敖全集5.0》（wjm_tcy版）分章节/010.节目演讲类/010.笑傲六十年·有话说李敖/001.20090803惨绿少年·初抵台湾.txt"",""line"":17,""lines"":[17,19,21]},""crossReferences"":[],""dataFile"":""data/timeline-events-xiaoao-liushinian-youhua-shuo.json""}"
"25136","2009","2009-05-12","2009年专题录制期间","day-context","confirmed","李敖为节目进入故宫库房看《南京条约》正本，因香港回归赞美共产党","为做专题，他循合法管道让“外交部”给故宫压力，由院长陪同进库房找出《南京条约》；看到香港割让条文时，他因中国后来收回香港而赞美中国共产党带给自己光荣。","李敖、邓小平、撒切尔夫人、毛泽东、周恩来","故宫博物院、香港、九龙","笑傲六十年·有话说李敖、南京条约、故宫库房、香港回归","节目线、媒体线","笑傲六十年·有话说李敖、006.20090808独坐孤岛·创格完人、南京条约","ni-bendan-2009-goes-to-palace-museum-vault-and-photographs-with-treaty-of-nanking、li-ao-youhua-shuo-223-reads-zhang-xiaoyan-nanjing-treaty-claim-and-attacks-name-change","笑傲六十年·有话说李敖","006.20090808独坐孤岛·创格完人","52","《大李敖全集5.0》（wjm_tcy版）分章节/010.节目演讲类/010.笑傲六十年·有话说李敖/006.20090808独坐孤岛·创格完人.txt","","[]","data/timeline-events-xiaoao-liushinian-youhua-shuo.json","xiaoao-liushinian-006-views-treaty-of-nanking-in-palace-museum","{""id"":""xiaoao-liushinian-006-views-treaty-of-nanking-in-palace-museum"",""date"":""2009-05-12"",""displayDate"":""2009年专题录制期间"",""datePrecision"":""day-context"",""title"":""李敖为节目进入故宫库房看《南京条约》正本，因香港回归赞美共产党"",""summary"":""为做专题，他循合法管道让“外交部”给故宫压力，由院长陪同进库房找出《南京条约》；看到香港割让条文时，他因中国后来收回香港而赞美中国共产党带给自己光荣。"",""view"":[""节目线"",""媒体线""],""tags"":[""笑傲六十年·有话说李敖"",""南京条约"",""故宫库房"",""香港回归""],""people"":[""李敖"",""邓小平"",""撒切尔夫人"",""毛泽东"",""周恩来""],""places"":[""故宫博物院"",""香港"",""九龙""],""works"":[""笑傲六十年·有话说李敖"",""006.20090808独坐孤岛·创格完人"",""南京条约""],""certainty"":""confirmed"",""source"":{""book"":""笑傲六十年·有话说李敖"",""chapter"":""006.20090808独坐孤岛·创格完人"",""path"":""《大李敖全集5.0》（wjm_tcy版）分章节/010.节目演讲类/010.笑傲六十年·有话说李敖/006.20090808独坐孤岛·创格完人.txt"",""line"":52},""crossReferences"":[""ni-bendan-2009-goes-to-palace-museum-vault-and-photographs-with-treaty-of-nanking"",""li-ao-youhua-shuo-223-reads-zhang-xiaoyan-nanjing-treaty-claim-and-attacks-name-change""],""dataFile"":""data/timeline-events-xiaoao-liushinian-youhua-shuo.json""}"
"25137","2009","2009-05-31","约2009年春夏，台北家中","undated-context","reported-by-author","孔东梅到李敖家中拜访","2009年《南方人物周刊》访问中，李敖回述几个月前毛泽东外孙女孔东梅到他家看他。他在家中对孔东梅开玩笑说，她是毛泽东思想的真正实践者，因为毛泽东说革命不是请客吃饭，而她们这一代“整天请客吃饭”，正说明革命成功了。这条只记录孔东梅到访与李敖在家中的当事回应，不把其政治判断外扩成旁人事件。","李敖、孔东梅、毛泽东","台北、李敖家中","孔东梅、毛泽东、家中拜访、台北","交游线、访谈回忆线、晚年线","《南方人物周刊》专访李敖","","李敖访谈录1990-2018","046.20090803《南方人物周刊》专访李敖","68","《大李敖全集5.0》（wjm_tcy版）分章节/007.采访序跋类/005.李敖访谈录1990-2018/046.20090803《南方人物周刊》专访李敖.txt","","[]","data/timeline-events-li-ao-fangtanlu-1990-2018.json","li-ao-fangtanlu-2009-spring-kong-dongmei-visits-home","{""id"":""li-ao-fangtanlu-2009-spring-kong-dongmei-visits-home"",""date"":""2009-05-31"",""displayDate"":""约2009年春夏，台北家中"",""datePrecision"":""undated-context"",""title"":""孔东梅到李敖家中拜访"",""summary"":""2009年《南方人物周刊》访问中，李敖回述几个月前毛泽东外孙女孔东梅到他家看他。他在家中对孔东梅开玩笑说，她是毛泽东思想的真正实践者，因为毛泽东说革命不是请客吃饭，而她们这一代“整天请客吃饭”，正说明革命成功了。这条只记录孔东梅到访与李敖在家中的当事回应，不把其政治判断外扩成旁人事件。"",""category"":""meeting"",""type"":""李敖当事人事件"",""certainty"":""reported-by-author"",""source"":{""book"":""李敖访谈录1990-2018"",""chapter"":""046.20090803《南方人物周刊》专访李敖"",""path"":""《大李敖全集5.0》（wjm_tcy版）分章节/007.采访序跋类/005.李敖访谈录1990-2018/046.20090803《南方人物周刊》专访李敖.txt"",""line"":68,""lines"":[67,68],""note"":""李敖在《南方人物周刊》访问中回述几个月前孔东梅到家看他。""},""tags"":[""孔东梅"",""毛泽东"",""家中拜访"",""台北""],""people"":[""李敖"",""孔东梅"",""毛泽东""],""places"":[""台北"",""李敖家中""],""works"":[""《南方人物周刊》专访李敖""],""view"":[""交游线"",""访谈回忆线"",""晚年线""],""crossReferences"":[],""dataFile"":""data/timeline-events-li-ao-fangtanlu-1990-2018.json""}"
"25138","2009","2009-07-01","2009年7月","month","confirmed","李敖收到齐世英之女寄赠《巨流河》，但终未回信","《齐世英》写，2009年7月，李敖收到齐世英之女寄赠的《巨流河》和附信，对方称与李敖来自同一片乡土、盼其赐寄数语。李敖记下自己年复一年都没有回一行字，并把这份沉默视为对齐家虚伪的一种判断。","李敖、齐世英、齐邦媛","台湾","齐世英、巨流河、来信、2009年7月、未回信","交游线、书信线、阅读线","巨流河、李敖风流自传","","李敖风流自传","595.齐世英","7","《大李敖全集5.0》（wjm_tcy版）分章节/001.自传回忆类/007.李敖风流自传/595.齐世英.txt","","[]","data/timeline-events-seventh-book.json","book7-2009-07-receives-giant-river-from-qi-shiyings-daughter-and-does-not-reply","{""id"":""book7-2009-07-receives-giant-river-from-qi-shiyings-daughter-and-does-not-reply"",""date"":""2009-07-01"",""displayDate"":""2009年7月"",""datePrecision"":""month"",""title"":""李敖收到齐世英之女寄赠《巨流河》，但终未回信"",""summary"":""《齐世英》写，2009年7月，李敖收到齐世英之女寄赠的《巨流河》和附信，对方称与李敖来自同一片乡土、盼其赐寄数语。李敖记下自己年复一年都没有回一行字，并把这份沉默视为对齐家虚伪的一种判断。"",""view"":[""交游线"",""书信线"",""阅读线""],""tags"":[""齐世英"",""巨流河"",""来信"",""2009年7月"",""未回信""],""people"":[""李敖"",""齐世英"",""齐邦媛""],""places"":[""台湾""],""works"":[""巨流河"",""李敖风流自传""],""certainty"":""confirmed"",""source"":{""book"":""李敖风流自传"",""chapter"":""595.齐世英"",""path"":""《大李敖全集5.0》（wjm_tcy版）分章节/001.自传回忆类/007.李敖风流自传/595.齐世英.txt"",""line"":7},""dataFile"":""data/timeline-events-seventh-book.json""}"
"25139","2009","2009-07-31","2009年夏，为凤凰“来台六十年”专题拍摄时","undated-context","reported-by-author","为凤凰来台六十年专题重访旧地并带回台中一中旧瓦","李敖在《南方人物周刊》访问中说，自己给凤凰做来台六十年专题节目时，重访了台湾六十年来的一些据点：基隆码头没有变，台湾大学傅园没有变，他在傅园拍照片后拿照片说明当年在那里追女朋友；到了台中，台中一中日式老宅已经破败将拆，他带回一片瓦，并写诗“六十年前谁识我，六十年后我识谁。信之老屋终作土，捧得凄凉片瓦回”。他还解释“凄凉”的是瓦，不是自己。","李敖、刘长乐","基隆码头、台湾大学傅园、台中一中、台中、台湾","凤凰卫视、来台六十年、基隆码头、傅园、台中一中、旧瓦","媒体线、回忆线、旅行线","《南方人物周刊》专访李敖、有话说李敖","ni-bendan-2009-goes-to-palace-museum-vault-and-photographs-with-treaty-of-nanking","李敖访谈录1990-2018","046.20090803《南方人物周刊》专访李敖","371","《大李敖全集5.0》（wjm_tcy版）分章节/007.采访序跋类/005.李敖访谈录1990-2018/046.20090803《南方人物周刊》专访李敖.txt","","[]","data/timeline-events-li-ao-fangtanlu-1990-2018.json","li-ao-fangtanlu-2009-summer-phoenix-sixty-years-filming-old-sites-roof-tile","{""id"":""li-ao-fangtanlu-2009-summer-phoenix-sixty-years-filming-old-sites-roof-tile"",""date"":""2009-07-31"",""displayDate"":""2009年夏，为凤凰“来台六十年”专题拍摄时"",""datePrecision"":""undated-context"",""title"":""为凤凰来台六十年专题重访旧地并带回台中一中旧瓦"",""summary"":""李敖在《南方人物周刊》访问中说，自己给凤凰做来台六十年专题节目时，重访了台湾六十年来的一些据点：基隆码头没有变，台湾大学傅园没有变，他在傅园拍照片后拿照片说明当年在那里追女朋友；到了台中，台中一中日式老宅已经破败将拆，他带回一片瓦，并写诗“六十年前谁识我，六十年后我识谁。信之老屋终作土，捧得凄凉片瓦回”。他还解释“凄凉”的是瓦，不是自己。"",""category"":""media"",""type"":""李敖当事人事件"",""certainty"":""reported-by-author"",""source"":{""book"":""李敖访谈录1990-2018"",""chapter"":""046.20090803《南方人物周刊》专访李敖"",""path"":""《大李敖全集5.0》（wjm_tcy版）分章节/007.采访序跋类/005.李敖访谈录1990-2018/046.20090803《南方人物周刊》专访李敖.txt"",""line"":371,""lines"":[371],""note"":""李敖在《南方人物周刊》访问中回述为凤凰来台六十年专题重访基隆码头、傅园、台中一中旧宅并带回旧瓦。""},""tags"":[""凤凰卫视"",""来台六十年"",""基隆码头"",""傅园"",""台中一中"",""旧瓦""],""people"":[""李敖"",""刘长乐""],""places"":[""基隆码头"",""台湾大学傅园"",""台中一中"",""台中"",""台湾""],""works"":[""《南方人物周刊》专访李敖"",""有话说李敖""],""view"":[""媒体线"",""回忆线"",""旅行线""],""crossReferences"":[""ni-bendan-2009-goes-to-palace-museum-vault-and-photographs-with-treaty-of-nanking""],""dataFile"":""data/timeline-events-li-ao-fangtanlu-1990-2018.json""}"
"25140","2009","2009-12-31","2009年","year","confirmed","主持《李敖语妙天下》与《笑傲六十年·李敖有话说》","《李敖五十年表》记，2009年李敖主持《李敖语妙天下》与《笑傲六十年·李敖有话说》。在本项目现有数据里，2000年代后期李敖的电视与媒体节点大多分散于别书，这条把其晚年节目主持线重新补成一条清楚的年度节点。","李敖","台湾","李敖语妙天下、笑傲六十年·李敖有话说、主持节目、电视","媒体线、生平线","李敖语妙天下、笑傲六十年·李敖有话说、李敖相关","","李敖相关","001.李敖五十年表","175","《大李敖全集5.0》（wjm_tcy版）分章节/001.自传回忆类/008.李敖相关/001.李敖五十年表.txt","","[]","data/timeline-events-eighth-book.json","book8-2009-hosts-yumiao-tianxia-and-sixty-years-of-laughter-and-pride","{""id"":""book8-2009-hosts-yumiao-tianxia-and-sixty-years-of-laughter-and-pride"",""date"":""2009-12-31"",""displayDate"":""2009年"",""datePrecision"":""year"",""title"":""主持《李敖语妙天下》与《笑傲六十年·李敖有话说》"",""summary"":""《李敖五十年表》记，2009年李敖主持《李敖语妙天下》与《笑傲六十年·李敖有话说》。在本项目现有数据里，2000年代后期李敖的电视与媒体节点大多分散于别书，这条把其晚年节目主持线重新补成一条清楚的年度节点。"",""view"":[""媒体线"",""生平线""],""tags"":[""李敖语妙天下"",""笑傲六十年·李敖有话说"",""主持节目"",""电视""],""people"":[""李敖""],""places"":[""台湾""],""works"":[""李敖语妙天下"",""笑傲六十年·李敖有话说"",""李敖相关""],""certainty"":""confirmed"",""source"":{""book"":""李敖相关"",""chapter"":""001.李敖五十年表"",""path"":""《大李敖全集5.0》（wjm_tcy版）分章节/001.自传回忆类/008.李敖相关/001.李敖五十年表.txt"",""line"":175},""dataFile"":""data/timeline-events-eighth-book.json""}"
"25141","2009","2009-12-31","2009年","year","inferred","李敖到故宫库房与《南京条约》正本合影","《有感于年复一年的〈美国人权纪录〉》回述，李敖应刘长乐之邀在凤凰电视做一整周《有话说李敖》来台六十年专辑时，为了让节目更精彩，特地到故宫博物院库房，与正本《南京条约》合照留影。","李敖、刘长乐","台湾、故宫博物院","你笨蛋，你笨蛋、有话说李敖、南京条约、故宫博物院、待校日、2009","媒体线、文献线、取材线","你笨蛋，你笨蛋、有话说李敖、南京条约","book8-2009-hosts-yumiao-tianxia-and-sixty-years-of-laughter-and-pride、ni-bendan-2010-03-13-writes-us-human-rights-record-response、li-ao-fangtanlu-2009-summer-phoenix-sixty-years-filming-old-sites-roof-tile","你笨蛋，你笨蛋","021.有感于年复一年的《美国人权纪录》","11","《大李敖全集5.0》（wjm_tcy版）分章节/003.惊世杂文类/010.你笨蛋，你笨蛋/021.有感于年复一年的《美国人权纪录》.txt","虽千万人，李敖往矣 / 044.2016年7月 / line 101 / 说明：2016年7月25日回述当年做电视节目时，周功鑫陪他在台北故宫博物院接触《南京条约》正本。 / 《大李敖全集5.0》（wjm_tcy版）分章节/005.诗集语录类/005.虽千万人，李敖往矣/044.2016年7月.txt || 李敖访谈录1990-2018 / 046.20090803《南方人物周刊》专访李敖 / line 371 / 说明：《南方人物周刊》访问补述同一凤凰来台六十年专题拍摄中，李敖还重访基隆码头、傅园和台中一中旧宅，并带回旧瓦。 / 《大李敖全集5.0》（wjm_tcy版）分章节/007.采访序跋类/005.李敖访谈录1990-2018/046.20090803《南方人物周刊》专访李敖.txt","[{""book"":""虽千万人，李敖往矣"",""chapter"":""044.2016年7月"",""path"":""《大李敖全集5.0》（wjm_tcy版）分章节/005.诗集语录类/005.虽千万人，李敖往矣/044.2016年7月.txt"",""line"":101,""note"":""2016年7月25日回述当年做电视节目时，周功鑫陪他在台北故宫博物院接触《南京条约》正本。""},{""book"":""李敖访谈录1990-2018"",""chapter"":""046.20090803《南方人物周刊》专访李敖"",""path"":""《大李敖全集5.0》（wjm_tcy版）分章节/007.采访序跋类/005.李敖访谈录1990-2018/046.20090803《南方人物周刊》专访李敖.txt"",""line"":371,""lines"":[371],""note"":""《南方人物周刊》访问补述同一凤凰来台六十年专题拍摄中，李敖还重访基隆码头、傅园和台中一中旧宅，并带回旧瓦。""}]","data/timeline-events-ni-bendan.json","ni-bendan-2009-goes-to-palace-museum-vault-and-photographs-with-treaty-of-nanking","{""id"":""ni-bendan-2009-goes-to-palace-museum-vault-and-photographs-with-treaty-of-nanking"",""date"":""2009-12-31"",""displayDate"":""2009年"",""datePrecision"":""year"",""title"":""李敖到故宫库房与《南京条约》正本合影"",""summary"":""《有感于年复一年的〈美国人权纪录〉》回述，李敖应刘长乐之邀在凤凰电视做一整周《有话说李敖》来台六十年专辑时，为了让节目更精彩，特地到故宫博物院库房，与正本《南京条约》合照留影。"",""view"":[""媒体线"",""文献线"",""取材线""],""tags"":[""你笨蛋，你笨蛋"",""有话说李敖"",""南京条约"",""故宫博物院"",""待校日"",""2009""],""people"":[""李敖"",""刘长乐""],""places"":[""台湾"",""故宫博物院""],""works"":[""你笨蛋，你笨蛋"",""有话说李敖"",""南京条约""],""certainty"":""inferred"",""crossReferences"":[""book8-2009-hosts-yumiao-tianxia-and-sixty-years-of-laughter-and-pride"",""ni-bendan-2010-03-13-writes-us-human-rights-record-response"",""li-ao-fangtanlu-2009-summer-phoenix-sixty-years-filming-old-sites-roof-tile""],""source"":{""book"":""你笨蛋，你笨蛋"",""chapter"":""021.有感于年复一年的《美国人权纪录》"",""path"":""《大李敖全集5.0》（wjm_tcy版）分章节/003.惊世杂文类/010.你笨蛋，你笨蛋/021.有感于年复一年的《美国人权纪录》.txt"",""line"":11},""additionalSources"":[{""book"":""虽千万人，李敖往矣"",""chapter"":""044.2016年7月"",""path"":""《大李敖全集5.0》（wjm_tcy版）分章节/005.诗集语录类/005.虽千万人，李敖往矣/044.2016年7月.txt"",""line"":101,""note"":""2016年7月25日回述当年做电视节目时，周功鑫陪他在台北故宫博物院接触《南京条约》正本。""},{""book"":""李敖访谈录1990-2018"",""chapter"":""046.20090803《南方人物周刊》专访李敖"",""path"":""《大李敖全集5.0》（wjm_tcy版）分章节/007.采访序跋类/005.李敖访谈录1990-2018/046.20090803《南方人物周刊》专访李敖.txt"",""line"":371,""lines"":[371],""note"":""《南方人物周刊》访问补述同一凤凰来台六十年专题拍摄中，李敖还重访基隆码头、傅园和台中一中旧宅，并带回旧瓦。""}],""dataFile"":""data/timeline-events-ni-bendan.json""}"
"25142","2010","2010-02-26","2010年2月26日星期五","day","confirmed","李敖为《中国大趋势》写序","《石齐平〈中国大趋势〉序》文末署“2010年2月26日，在台湾草山之阳”。李敖借石齐平《中国大趋势》发挥自己对中国发展、邓小平路线与二十一世纪政治前景的判断，并把序文写成一次明确的立场表述。","李敖、石齐平、邓小平","台湾","你笨蛋，你笨蛋、中国大趋势、石齐平、序、2010","写作线、政治线、出版线","你笨蛋，你笨蛋、中国大趋势","","你笨蛋，你笨蛋","018.石齐平《中国大趋势》序","88","《大李敖全集5.0》（wjm_tcy版）分章节/003.惊世杂文类/010.你笨蛋，你笨蛋/018.石齐平《中国大趋势》序.txt","","[]","data/timeline-events-ni-bendan.json","ni-bendan-2010-02-26-writes-preface-for-chinas-big-trend","{""id"":""ni-bendan-2010-02-26-writes-preface-for-chinas-big-trend"",""date"":""2010-02-26"",""displayDate"":""2010年2月26日星期五"",""datePrecision"":""day"",""title"":""李敖为《中国大趋势》写序"",""summary"":""《石齐平〈中国大趋势〉序》文末署“2010年2月26日，在台湾草山之阳”。李敖借石齐平《中国大趋势》发挥自己对中国发展、邓小平路线与二十一世纪政治前景的判断，并把序文写成一次明确的立场表述。"",""view"":[""写作线"",""政治线"",""出版线""],""tags"":[""你笨蛋，你笨蛋"",""中国大趋势"",""石齐平"",""序"",""2010""],""people"":[""李敖"",""石齐平"",""邓小平""],""places"":[""台湾""],""works"":[""你笨蛋，你笨蛋"",""中国大趋势""],""certainty"":""confirmed"",""source"":{""book"":""你笨蛋，你笨蛋"",""chapter"":""018.石齐平《中国大趋势》序"",""path"":""《大李敖全集5.0》（wjm_tcy版）分章节/003.惊世杂文类/010.你笨蛋，你笨蛋/018.石齐平《中国大趋势》序.txt"",""line"":88},""dataFile"":""data/timeline-events-ni-bendan.json""}"
"25143","2010","2010-03-07","2010年3月7日星期日","day","confirmed","李敖给华严写信","《给华严的一封信》文末署“李敖 2010年3月7日夜”。李敖在信中谈自己正赶写《李敖大全集》后四十册，同时附上《笑傲六十年》DVD 与《马偕行医图》文影材料，请华严代为留意买主。","李敖、华严","台湾","你笨蛋，你笨蛋、华严、书信、李敖大全集、2010","书信线、写作线、交游线","你笨蛋，你笨蛋、给华严的一封信、李敖大全集、马偕行医图","ni-bendan-2008-05-02-displays-mackay-painting-and-proposes-sale-for-gao-xinjiang、ni-bendan-2010-03-08-writes-mainland-preface-for-li-ao-complete-works","你笨蛋，你笨蛋","019.给华严的一封信","17","《大李敖全集5.0》（wjm_tcy版）分章节/003.惊世杂文类/010.你笨蛋，你笨蛋/019.给华严的一封信.txt","","[]","data/timeline-events-ni-bendan.json","ni-bendan-2010-03-07-writes-letter-to-hua-yan","{""id"":""ni-bendan-2010-03-07-writes-letter-to-hua-yan"",""date"":""2010-03-07"",""displayDate"":""2010年3月7日星期日"",""datePrecision"":""day"",""title"":""李敖给华严写信"",""summary"":""《给华严的一封信》文末署“李敖 2010年3月7日夜”。李敖在信中谈自己正赶写《李敖大全集》后四十册，同时附上《笑傲六十年》DVD 与《马偕行医图》文影材料，请华严代为留意买主。"",""view"":[""书信线"",""写作线"",""交游线""],""tags"":[""你笨蛋，你笨蛋"",""华严"",""书信"",""李敖大全集"",""2010""],""people"":[""李敖"",""华严""],""places"":[""台湾""],""works"":[""你笨蛋，你笨蛋"",""给华严的一封信"",""李敖大全集"",""马偕行医图""],""certainty"":""confirmed"",""crossReferences"":[""ni-bendan-2008-05-02-displays-mackay-painting-and-proposes-sale-for-gao-xinjiang"",""ni-bendan-2010-03-08-writes-mainland-preface-for-li-ao-complete-works""],""source"":{""book"":""你笨蛋，你笨蛋"",""chapter"":""019.给华严的一封信"",""path"":""《大李敖全集5.0》（wjm_tcy版）分章节/003.惊世杂文类/010.你笨蛋，你笨蛋/019.给华严的一封信.txt"",""line"":17},""dataFile"":""data/timeline-events-ni-bendan.json""}"
"25144","2010","2010-03-08","2010年3月8日星期一","day","confirmed","李敖写《李敖大全集》大陆新版序","《〈李敖大全集〉大陆新版序》文末署“2010年3月8日，在中国台湾”。李敖借大陆新版《李敖大全集》恢复扩充篇目，回看两岸言论尺度变化，并预想八十岁时再扩出台湾版八十册的野心。","李敖、邓小平、陈云林","台湾、中国大陆","你笨蛋，你笨蛋、李敖大全集、大陆新版、2010","写作线、出版线、大陆线","你笨蛋，你笨蛋、李敖大全集、虚拟的十七岁","ni-bendan-2008-first-chen-yunlin-taiwan-visit-secret-meeting-and-gifts-virtual-seventeen、book7-2007-completes-virtual-seventeen-and-launches-it-with-liu-changle-hosting","你笨蛋，你笨蛋","020.《李敖大全集》大陆新版序","31","《大李敖全集5.0》（wjm_tcy版）分章节/003.惊世杂文类/010.你笨蛋，你笨蛋/020.《李敖大全集》大陆新版序.txt","","[]","data/timeline-events-ni-bendan.json","ni-bendan-2010-03-08-writes-mainland-preface-for-li-ao-complete-works","{""id"":""ni-bendan-2010-03-08-writes-mainland-preface-for-li-ao-complete-works"",""date"":""2010-03-08"",""displayDate"":""2010年3月8日星期一"",""datePrecision"":""day"",""title"":""李敖写《李敖大全集》大陆新版序"",""summary"":""《〈李敖大全集〉大陆新版序》文末署“2010年3月8日，在中国台湾”。李敖借大陆新版《李敖大全集》恢复扩充篇目，回看两岸言论尺度变化，并预想八十岁时再扩出台湾版八十册的野心。"",""view"":[""写作线"",""出版线"",""大陆线""],""tags"":[""你笨蛋，你笨蛋"",""李敖大全集"",""大陆新版"",""2010""],""people"":[""李敖"",""邓小平"",""陈云林""],""places"":[""台湾"",""中国大陆""],""works"":[""你笨蛋，你笨蛋"",""李敖大全集"",""虚拟的十七岁""],""certainty"":""confirmed"",""crossReferences"":[""ni-bendan-2008-first-chen-yunlin-taiwan-visit-secret-meeting-and-gifts-virtual-seventeen"",""book7-2007-completes-virtual-seventeen-and-launches-it-with-liu-changle-hosting""],""source"":{""book"":""你笨蛋，你笨蛋"",""chapter"":""020.《李敖大全集》大陆新版序"",""path"":""《大李敖全集5.0》（wjm_tcy版）分章节/003.惊世杂文类/010.你笨蛋，你笨蛋/020.《李敖大全集》大陆新版序.txt"",""line"":31},""dataFile"":""data/timeline-events-ni-bendan.json""}"
"25145","2010","2010-03-13","2010年3月13日星期六","day","confirmed","李敖写《有感于年复一年的〈美国人权纪录〉》","《有感于年复一年的〈美国人权纪录〉》文末署“2010年3月13日上午”。李敖借中国公布《2009年美国的人权纪录》发议论，主张中国不应只在美国指责后被动回击，而应主动拆穿美国人权话语。","李敖","台湾","你笨蛋，你笨蛋、美国人权纪录、美国、2010","写作线、政治线、国际线","你笨蛋，你笨蛋、有感于年复一年的《美国人权纪录》","ni-bendan-2009-goes-to-palace-museum-vault-and-photographs-with-treaty-of-nanking、book8-2009-hosts-yumiao-tianxia-and-sixty-years-of-laughter-and-pride","你笨蛋，你笨蛋","021.有感于年复一年的《美国人权纪录》","13","《大李敖全集5.0》（wjm_tcy版）分章节/003.惊世杂文类/010.你笨蛋，你笨蛋/021.有感于年复一年的《美国人权纪录》.txt","","[]","data/timeline-events-ni-bendan.json","ni-bendan-2010-03-13-writes-us-human-rights-record-response","{""id"":""ni-bendan-2010-03-13-writes-us-human-rights-record-response"",""date"":""2010-03-13"",""displayDate"":""2010年3月13日星期六"",""datePrecision"":""day"",""title"":""李敖写《有感于年复一年的〈美国人权纪录〉》"",""summary"":""《有感于年复一年的〈美国人权纪录〉》文末署“2010年3月13日上午”。李敖借中国公布《2009年美国的人权纪录》发议论，主张中国不应只在美国指责后被动回击，而应主动拆穿美国人权话语。"",""view"":[""写作线"",""政治线"",""国际线""],""tags"":[""你笨蛋，你笨蛋"",""美国人权纪录"",""美国"",""2010""],""people"":[""李敖""],""places"":[""台湾""],""works"":[""你笨蛋，你笨蛋"",""有感于年复一年的《美国人权纪录》""],""certainty"":""confirmed"",""crossReferences"":[""ni-bendan-2009-goes-to-palace-museum-vault-and-photographs-with-treaty-of-nanking"",""book8-2009-hosts-yumiao-tianxia-and-sixty-years-of-laughter-and-pride""],""source"":{""book"":""你笨蛋，你笨蛋"",""chapter"":""021.有感于年复一年的《美国人权纪录》"",""path"":""《大李敖全集5.0》（wjm_tcy版）分章节/003.惊世杂文类/010.你笨蛋，你笨蛋/021.有感于年复一年的《美国人权纪录》.txt"",""line"":13},""dataFile"":""data/timeline-events-ni-bendan.json""}"
"25146","2010","2010-03-30","2010年3月30日星期二","day","confirmed","李敖控告许倬云造谣诽谤","《控告许倬云造谣诽谤》是李敖署名提出的刑事告诉状，文末署“2010年3月30日”。他针对《许倬云谈话录》中有关自己“打手”“偷书”“未毕业”“侵占文星版权”等说法逐条反驳，并正式提起诽谤告诉。","李敖、许倬云、杨宗儒","台湾","你笨蛋，你笨蛋、许倬云、诽谤、告诉状、2010","司法线、论战线、写作线","你笨蛋，你笨蛋、控告许倬云造谣诽谤、许倬云谈话录","","你笨蛋，你笨蛋","022.控告许倬云造谣诽谤","119","《大李敖全集5.0》（wjm_tcy版）分章节/003.惊世杂文类/010.你笨蛋，你笨蛋/022.控告许倬云造谣诽谤.txt","","[]","data/timeline-events-ni-bendan.json","ni-bendan-2010-03-30-files-defamation-complaint-against-xu-zhuoyun","{""id"":""ni-bendan-2010-03-30-files-defamation-complaint-against-xu-zhuoyun"",""date"":""2010-03-30"",""displayDate"":""2010年3月30日星期二"",""datePrecision"":""day"",""title"":""李敖控告许倬云造谣诽谤"",""summary"":""《控告许倬云造谣诽谤》是李敖署名提出的刑事告诉状，文末署“2010年3月30日”。他针对《许倬云谈话录》中有关自己“打手”“偷书”“未毕业”“侵占文星版权”等说法逐条反驳，并正式提起诽谤告诉。"",""view"":[""司法线"",""论战线"",""写作线""],""tags"":[""你笨蛋，你笨蛋"",""许倬云"",""诽谤"",""告诉状"",""2010""],""people"":[""李敖"",""许倬云"",""杨宗儒""],""places"":[""台湾""],""works"":[""你笨蛋，你笨蛋"",""控告许倬云造谣诽谤"",""许倬云谈话录""],""certainty"":""confirmed"",""source"":{""book"":""你笨蛋，你笨蛋"",""chapter"":""022.控告许倬云造谣诽谤"",""path"":""《大李敖全集5.0》（wjm_tcy版）分章节/003.惊世杂文类/010.你笨蛋，你笨蛋/022.控告许倬云造谣诽谤.txt"",""line"":119},""dataFile"":""data/timeline-events-ni-bendan.json""}"
"25147","2010","2010-04-01","2010年4月1日星期四","day","confirmed","李敖写《中国可以来个〈夏威夷关系法〉吗？》","《中国可以来个〈夏威夷关系法〉吗？》文末署“2010年4月1日”。李敖借《台湾关系法》设想一部反向的《夏威夷关系法》，以凸显美国对台立法的霸道与双重标准。","李敖、Jimmy Carter","台湾、美国","你笨蛋，你笨蛋、台湾关系法、夏威夷关系法、美国、2010","写作线、政治线、国际线","你笨蛋，你笨蛋、中国可以来个《夏威夷关系法》吗？、台湾关系法","","你笨蛋，你笨蛋","023.中国可以来个《夏威夷关系法》吗？","71","《大李敖全集5.0》（wjm_tcy版）分章节/003.惊世杂文类/010.你笨蛋，你笨蛋/023.中国可以来个《夏威夷关系法》吗？.txt","","[]","data/timeline-events-ni-bendan.json","ni-bendan-2010-04-01-writes-hawaii-relations-act-essay","{""id"":""ni-bendan-2010-04-01-writes-hawaii-relations-act-essay"",""date"":""2010-04-01"",""displayDate"":""2010年4月1日星期四"",""datePrecision"":""day"",""title"":""李敖写《中国可以来个〈夏威夷关系法〉吗？》"",""summary"":""《中国可以来个〈夏威夷关系法〉吗？》文末署“2010年4月1日”。李敖借《台湾关系法》设想一部反向的《夏威夷关系法》，以凸显美国对台立法的霸道与双重标准。"",""view"":[""写作线"",""政治线"",""国际线""],""tags"":[""你笨蛋，你笨蛋"",""台湾关系法"",""夏威夷关系法"",""美国"",""2010""],""people"":[""李敖"",""Jimmy Carter""],""places"":[""台湾"",""美国""],""works"":[""你笨蛋，你笨蛋"",""中国可以来个《夏威夷关系法》吗？"",""台湾关系法""],""certainty"":""confirmed"",""source"":{""book"":""你笨蛋，你笨蛋"",""chapter"":""023.中国可以来个《夏威夷关系法》吗？"",""path"":""《大李敖全集5.0》（wjm_tcy版）分章节/003.惊世杂文类/010.你笨蛋，你笨蛋/023.中国可以来个《夏威夷关系法》吗？.txt"",""line"":71},""dataFile"":""data/timeline-events-ni-bendan.json""}"
"25148","2010","2010-04-02","2010年4月2日星期五","day","confirmed","李敖写《买错了书》","《买错了书》文末署“2010年4月2日”。李敖由赛局理论说起，转入回忆白色恐怖时代如何把自己的书“黄色化”混入黑市流通，并把这一经历写成对读者、传播与误读的反讽。","李敖、John von Neumann、Oskar Morgenstern","台湾","你笨蛋，你笨蛋、买错了书、黑市、查禁、2010","写作线、出版线、白色恐怖线","你笨蛋，你笨蛋、买错了书、赛局理论与经济行为","","你笨蛋，你笨蛋","024.买错了书","11","《大李敖全集5.0》（wjm_tcy版）分章节/003.惊世杂文类/010.你笨蛋，你笨蛋/024.买错了书.txt","","[]","data/timeline-events-ni-bendan.json","ni-bendan-2010-04-02-writes-buys-the-wrong-book","{""id"":""ni-bendan-2010-04-02-writes-buys-the-wrong-book"",""date"":""2010-04-02"",""displayDate"":""2010年4月2日星期五"",""datePrecision"":""day"",""title"":""李敖写《买错了书》"",""summary"":""《买错了书》文末署“2010年4月2日”。李敖由赛局理论说起，转入回忆白色恐怖时代如何把自己的书“黄色化”混入黑市流通，并把这一经历写成对读者、传播与误读的反讽。"",""view"":[""写作线"",""出版线"",""白色恐怖线""],""tags"":[""你笨蛋，你笨蛋"",""买错了书"",""黑市"",""查禁"",""2010""],""people"":[""李敖"",""John von Neumann"",""Oskar Morgenstern""],""places"":[""台湾""],""works"":[""你笨蛋，你笨蛋"",""买错了书"",""赛局理论与经济行为""],""certainty"":""confirmed"",""source"":{""book"":""你笨蛋，你笨蛋"",""chapter"":""024.买错了书"",""path"":""《大李敖全集5.0》（wjm_tcy版）分章节/003.惊世杂文类/010.你笨蛋，你笨蛋/024.买错了书.txt"",""line"":11},""dataFile"":""data/timeline-events-ni-bendan.json""}"
"25149","2010","2010-04-21","2010年4月21日星期三","day","confirmed","李敖写《关于运动ABC》","《关于运动ABC》文末署“2010年4月21日”。李敖把运动、运动纪录与运动秀拆成 ABC 三层，借题发挥自己对体育观看、国家荣誉与大众娱乐浅薄性的判断。","李敖","台湾","你笨蛋，你笨蛋、关于运动ABC、体育、2010","写作线、思想线、文化线","你笨蛋，你笨蛋、关于运动ABC","","你笨蛋，你笨蛋","026.关于运动ABC","13","《大李敖全集5.0》（wjm_tcy版）分章节/003.惊世杂文类/010.你笨蛋，你笨蛋/026.关于运动ABC.txt","","[]","data/timeline-events-ni-bendan.json","ni-bendan-2010-04-21-writes-about-sports-abc","{""id"":""ni-bendan-2010-04-21-writes-about-sports-abc"",""date"":""2010-04-21"",""displayDate"":""2010年4月21日星期三"",""datePrecision"":""day"",""title"":""李敖写《关于运动ABC》"",""summary"":""《关于运动ABC》文末署“2010年4月21日”。李敖把运动、运动纪录与运动秀拆成 ABC 三层，借题发挥自己对体育观看、国家荣誉与大众娱乐浅薄性的判断。"",""view"":[""写作线"",""思想线"",""文化线""],""tags"":[""你笨蛋，你笨蛋"",""关于运动ABC"",""体育"",""2010""],""people"":[""李敖""],""places"":[""台湾""],""works"":[""你笨蛋，你笨蛋"",""关于运动ABC""],""certainty"":""confirmed"",""source"":{""book"":""你笨蛋，你笨蛋"",""chapter"":""026.关于运动ABC"",""path"":""《大李敖全集5.0》（wjm_tcy版）分章节/003.惊世杂文类/010.你笨蛋，你笨蛋/026.关于运动ABC.txt"",""line"":13},""dataFile"":""data/timeline-events-ni-bendan.json""}"
"25150","2010","2010-04-27","2010年4月27日星期二","day","confirmed","李敖写《谁说信共产主义不靠运气？》","《谁说信共产主义不靠运气？》文末署“2010年4月27日”。李敖借布朗基与马克思的人生际遇对照，讨论政治信仰、行动派与历史运气之间的残酷差异。","李敖、Karl Marx、Louis Auguste Blanqui、Friedrich Engels","台湾","你笨蛋，你笨蛋、共产主义、马克思、布朗基、2010","写作线、思想线、政治线","你笨蛋，你笨蛋、谁说信共产主义不靠运气？","","你笨蛋，你笨蛋","027.谁说信共产主义不靠运气？","5","《大李敖全集5.0》（wjm_tcy版）分章节/003.惊世杂文类/010.你笨蛋，你笨蛋/027.谁说信共产主义不靠运气？.txt","","[]","data/timeline-events-ni-bendan.json","ni-bendan-2010-04-27-writes-who-says-communism-needs-no-luck","{""id"":""ni-bendan-2010-04-27-writes-who-says-communism-needs-no-luck"",""date"":""2010-04-27"",""displayDate"":""2010年4月27日星期二"",""datePrecision"":""day"",""title"":""李敖写《谁说信共产主义不靠运气？》"",""summary"":""《谁说信共产主义不靠运气？》文末署“2010年4月27日”。李敖借布朗基与马克思的人生际遇对照，讨论政治信仰、行动派与历史运气之间的残酷差异。"",""view"":[""写作线"",""思想线"",""政治线""],""tags"":[""你笨蛋，你笨蛋"",""共产主义"",""马克思"",""布朗基"",""2010""],""people"":[""李敖"",""Karl Marx"",""Louis Auguste Blanqui"",""Friedrich Engels""],""places"":[""台湾""],""works"":[""你笨蛋，你笨蛋"",""谁说信共产主义不靠运气？""],""certainty"":""confirmed"",""source"":{""book"":""你笨蛋，你笨蛋"",""chapter"":""027.谁说信共产主义不靠运气？"",""path"":""《大李敖全集5.0》（wjm_tcy版）分章节/003.惊世杂文类/010.你笨蛋，你笨蛋/027.谁说信共产主义不靠运气？.txt"",""line"":5},""dataFile"":""data/timeline-events-ni-bendan.json""}"
"25151","2010","2010-05-25","2010年5月25日","day","confirmed","李敖在台大演讲开场把此行说成可能的广陵散","李敖在台大说这场演讲可能是他最后一次带有绝响意味的大学演讲，并借康有为影响梁启超说明一场谈话可能改变人生。","李敖、李嗣涔、康有为、梁启超","台湾大学","李敖演讲集、演讲、台湾大学、大学演讲、广陵散、康有为、梁启超","演讲线、教育线","李敖演讲集、045.20100525李敖台湾大学演讲","","李敖演讲集","045.20100525李敖台湾大学演讲","9","《大李敖全集5.0》（wjm_tcy版）分章节/010.节目演讲类/011.李敖演讲集/045.20100525李敖台湾大学演讲.txt","","[]","data/timeline-events-li-ao-yanjiangji.json","li-ao-yanjiangji-045-frames-ntu-lecture-as-possible-guanglingsan","{""id"":""li-ao-yanjiangji-045-frames-ntu-lecture-as-possible-guanglingsan"",""date"":""2010-05-25"",""displayDate"":""2010年5月25日"",""datePrecision"":""day"",""title"":""李敖在台大演讲开场把此行说成可能的广陵散"",""summary"":""李敖在台大说这场演讲可能是他最后一次带有绝响意味的大学演讲，并借康有为影响梁启超说明一场谈话可能改变人生。"",""view"":[""演讲线"",""教育线""],""tags"":[""李敖演讲集"",""演讲"",""台湾大学"",""大学演讲"",""广陵散"",""康有为"",""梁启超""],""people"":[""李敖"",""李嗣涔"",""康有为"",""梁启超""],""places"":[""台湾大学""],""works"":[""李敖演讲集"",""045.20100525李敖台湾大学演讲""],""certainty"":""confirmed"",""source"":{""book"":""李敖演讲集"",""chapter"":""045.20100525李敖台湾大学演讲"",""path"":""《大李敖全集5.0》（wjm_tcy版）分章节/010.节目演讲类/011.李敖演讲集/045.20100525李敖台湾大学演讲.txt"",""line"":9,""lines"":[9]},""crossReferences"":[],""dataFile"":""data/timeline-events-li-ao-yanjiangji.json""}"
"25152","2010","2010-05-25","2010年5月25日","day","confirmed","李敖在台大演讲支持早开大陆学生来台并批三限六不","李敖说早该开放大陆学生来台，反三通和三限六不都来自国民党旧反共封闭心态。","李敖","台湾大学、台湾、中国大陆","李敖演讲集、演讲、台湾大学、大学演讲、陆生来台、三限六不、三通、反共","演讲线、教育线","李敖演讲集、045.20100525李敖台湾大学演讲","","李敖演讲集","045.20100525李敖台湾大学演讲","119","《大李敖全集5.0》（wjm_tcy版）分章节/010.节目演讲类/011.李敖演讲集/045.20100525李敖台湾大学演讲.txt","","[]","data/timeline-events-li-ao-yanjiangji.json","li-ao-yanjiangji-045-supports-opening-mainland-students-and-attacks-three-limits-six-nos","{""id"":""li-ao-yanjiangji-045-supports-opening-mainland-students-and-attacks-three-limits-six-nos"",""date"":""2010-05-25"",""displayDate"":""2010年5月25日"",""datePrecision"":""day"",""title"":""李敖在台大演讲支持早开大陆学生来台并批三限六不"",""summary"":""李敖说早该开放大陆学生来台，反三通和三限六不都来自国民党旧反共封闭心态。"",""view"":[""演讲线"",""教育线""],""tags"":[""李敖演讲集"",""演讲"",""台湾大学"",""大学演讲"",""陆生来台"",""三限六不"",""三通"",""反共""],""people"":[""李敖""],""places"":[""台湾大学"",""台湾"",""中国大陆""],""works"":[""李敖演讲集"",""045.20100525李敖台湾大学演讲""],""certainty"":""confirmed"",""source"":{""book"":""李敖演讲集"",""chapter"":""045.20100525李敖台湾大学演讲"",""path"":""《大李敖全集5.0》（wjm_tcy版）分章节/010.节目演讲类/011.李敖演讲集/045.20100525李敖台湾大学演讲.txt"",""line"":119,""lines"":[119]},""crossReferences"":[],""dataFile"":""data/timeline-events-li-ao-yanjiangji.json""}"
"25153","2010","2010-05-25","2010年5月25日","day","confirmed","李敖在台大演讲以衰老和苍蝇拉链笑话教学具体语言","李敖说七十五岁带来重复、遗忘、杂乱的问题，又用苍蝇、拉链和女秘书笑话说明语言必须具体化。","李敖","台湾大学","李敖演讲集、演讲、台湾大学、大学演讲、好中文、具体语言、衰老","演讲线、教育线","李敖演讲集、045.20100525李敖台湾大学演讲","li-ao-yanjiangji-040-teaches-concrete-abstract-with-age-and-fly、li-ao-yanjiangji-035-teaches-good-chinese-with-hu-yinmeng-fly-and-concrete-abstract","李敖演讲集","045.20100525李敖台湾大学演讲","53","《大李敖全集5.0》（wjm_tcy版）分章节/010.节目演讲类/011.李敖演讲集/045.20100525李敖台湾大学演讲.txt","","[]","data/timeline-events-li-ao-yanjiangji.json","li-ao-yanjiangji-045-uses-aging-and-fly-zipper-jokes-to-teach-concrete-language","{""id"":""li-ao-yanjiangji-045-uses-aging-and-fly-zipper-jokes-to-teach-concrete-language"",""date"":""2010-05-25"",""displayDate"":""2010年5月25日"",""datePrecision"":""day"",""title"":""李敖在台大演讲以衰老和苍蝇拉链笑话教学具体语言"",""summary"":""李敖说七十五岁带来重复、遗忘、杂乱的问题，又用苍蝇、拉链和女秘书笑话说明语言必须具体化。"",""view"":[""演讲线"",""教育线""],""tags"":[""李敖演讲集"",""演讲"",""台湾大学"",""大学演讲"",""好中文"",""具体语言"",""衰老""],""people"":[""李敖""],""places"":[""台湾大学""],""works"":[""李敖演讲集"",""045.20100525李敖台湾大学演讲""],""certainty"":""confirmed"",""source"":{""book"":""李敖演讲集"",""chapter"":""045.20100525李敖台湾大学演讲"",""path"":""《大李敖全集5.0》（wjm_tcy版）分章节/010.节目演讲类/011.李敖演讲集/045.20100525李敖台湾大学演讲.txt"",""line"":53,""lines"":[53]},""crossReferences"":[""li-ao-yanjiangji-040-teaches-concrete-abstract-with-age-and-fly"",""li-ao-yanjiangji-035-teaches-good-chinese-with-hu-yinmeng-fly-and-concrete-abstract""],""dataFile"":""data/timeline-events-li-ao-yanjiangji.json""}"
"25154","2010","2010-05-25","2010年5月25日","day","confirmed","李敖在台大演讲用王阳明朱熹和剪书法说明思考高于旧式学习","李敖用王阳明格竹和朱熹怕雷故事说明旧学问方法会失效，转而强调选择、剪裁、分类，称自己二十四史只读一遍但把关键页剪下来。","李敖、王阳明、朱熹","台湾大学","李敖演讲集、演讲、台湾大学、大学演讲、读书方法、剪书、王阳明、朱熹、二十四史","演讲线、教育线","李敖演讲集、045.20100525李敖台湾大学演讲","li-ao-yanjiangji-034-teaches-careful-selection-and-note-cutting-in-reading","李敖演讲集","045.20100525李敖台湾大学演讲","59","《大李敖全集5.0》（wjm_tcy版）分章节/010.节目演讲类/011.李敖演讲集/045.20100525李敖台湾大学演讲.txt","","[]","data/timeline-events-li-ao-yanjiangji.json","li-ao-yanjiangji-045-says-thinking-surpasses-learning-through-wang-yangming-zhu-xi-and-cut-books","{""id"":""li-ao-yanjiangji-045-says-thinking-surpasses-learning-through-wang-yangming-zhu-xi-and-cut-books"",""date"":""2010-05-25"",""displayDate"":""2010年5月25日"",""datePrecision"":""day"",""title"":""李敖在台大演讲用王阳明朱熹和剪书法说明思考高于旧式学习"",""summary"":""李敖用王阳明格竹和朱熹怕雷故事说明旧学问方法会失效，转而强调选择、剪裁、分类，称自己二十四史只读一遍但把关键页剪下来。"",""view"":[""演讲线"",""教育线""],""tags"":[""李敖演讲集"",""演讲"",""台湾大学"",""大学演讲"",""读书方法"",""剪书"",""王阳明"",""朱熹"",""二十四史""],""people"":[""李敖"",""王阳明"",""朱熹""],""places"":[""台湾大学""],""works"":[""李敖演讲集"",""045.20100525李敖台湾大学演讲""],""certainty"":""confirmed"",""source"":{""book"":""李敖演讲集"",""chapter"":""045.20100525李敖台湾大学演讲"",""path"":""《大李敖全集5.0》（wjm_tcy版）分章节/010.节目演讲类/011.李敖演讲集/045.20100525李敖台湾大学演讲.txt"",""line"":59,""lines"":[59]},""crossReferences"":[""li-ao-yanjiangji-034-teaches-careful-selection-and-note-cutting-in-reading""],""dataFile"":""data/timeline-events-li-ao-yanjiangji.json""}"
"25155","2010","2010-05-25","2010年5月25日","day","confirmed","李敖在台大演讲用台语答问和王八蛋纸条展示江湖辩论技巧","李敖回忆总统辩论和现场问答，说他能把台语问题转成高山族语言问题，也能用纸条玩笑化解挑衅。","李敖","台湾大学、台湾","李敖演讲集、演讲、台湾大学、大学演讲、辩论、台语、总统选举、现场技巧","演讲线、教育线","李敖演讲集、045.20100525李敖台湾大学演讲","","李敖演讲集","045.20100525李敖台湾大学演讲","19","《大李敖全集5.0》（wjm_tcy版）分章节/010.节目演讲类/011.李敖演讲集/045.20100525李敖台湾大学演讲.txt","","[]","data/timeline-events-li-ao-yanjiangji.json","li-ao-yanjiangji-045-demonstrates-jianghu-debate-skills-through-taiwanese-and-paper-jokes","{""id"":""li-ao-yanjiangji-045-demonstrates-jianghu-debate-skills-through-taiwanese-and-paper-jokes"",""date"":""2010-05-25"",""displayDate"":""2010年5月25日"",""datePrecision"":""day"",""title"":""李敖在台大演讲用台语答问和王八蛋纸条展示江湖辩论技巧"",""summary"":""李敖回忆总统辩论和现场问答，说他能把台语问题转成高山族语言问题，也能用纸条玩笑化解挑衅。"",""view"":[""演讲线"",""教育线""],""tags"":[""李敖演讲集"",""演讲"",""台湾大学"",""大学演讲"",""辩论"",""台语"",""总统选举"",""现场技巧""],""people"":[""李敖""],""places"":[""台湾大学"",""台湾""],""works"":[""李敖演讲集"",""045.20100525李敖台湾大学演讲""],""certainty"":""confirmed"",""source"":{""book"":""李敖演讲集"",""chapter"":""045.20100525李敖台湾大学演讲"",""path"":""《大李敖全集5.0》（wjm_tcy版）分章节/010.节目演讲类/011.李敖演讲集/045.20100525李敖台湾大学演讲.txt"",""line"":19,""lines"":[19]},""crossReferences"":[],""dataFile"":""data/timeline-events-li-ao-yanjiangji.json""}"
"25156","2010","2010-05-25","2010年5月25日","day","confirmed","李敖在台大演讲用拿破仑科西嘉例子鼓励台湾人到大陆发展","李敖说台湾人若有志气，应像拿破仑从科西嘉走向法国那样，到大陆去骗、吃、玩共产党，甚至争取更大政治位置。","李敖、拿破仑","台湾大学、台湾、中国大陆、科西嘉","李敖演讲集、演讲、台湾大学、大学演讲、拿破仑、科西嘉、台湾青年、大陆发展","演讲线、教育线","李敖演讲集、045.20100525李敖台湾大学演讲","li-ao-yanjiangji-036-uses-napoleon-corsica-to-urge-taiwan-ambition","李敖演讲集","045.20100525李敖台湾大学演讲","131","《大李敖全集5.0》（wjm_tcy版）分章节/010.节目演讲类/011.李敖演讲集/045.20100525李敖台湾大学演讲.txt","","[]","data/timeline-events-li-ao-yanjiangji.json","li-ao-yanjiangji-045-uses-napoleon-corsica-to-urge-taiwanese-ambition-in-mainland","{""id"":""li-ao-yanjiangji-045-uses-napoleon-corsica-to-urge-taiwanese-ambition-in-mainland"",""date"":""2010-05-25"",""displayDate"":""2010年5月25日"",""datePrecision"":""day"",""title"":""李敖在台大演讲用拿破仑科西嘉例子鼓励台湾人到大陆发展"",""summary"":""李敖说台湾人若有志气，应像拿破仑从科西嘉走向法国那样，到大陆去骗、吃、玩共产党，甚至争取更大政治位置。"",""view"":[""演讲线"",""教育线""],""tags"":[""李敖演讲集"",""演讲"",""台湾大学"",""大学演讲"",""拿破仑"",""科西嘉"",""台湾青年"",""大陆发展""],""people"":[""李敖"",""拿破仑""],""places"":[""台湾大学"",""台湾"",""中国大陆"",""科西嘉""],""works"":[""李敖演讲集"",""045.20100525李敖台湾大学演讲""],""certainty"":""confirmed"",""source"":{""book"":""李敖演讲集"",""chapter"":""045.20100525李敖台湾大学演讲"",""path"":""《大李敖全集5.0》（wjm_tcy版）分章节/010.节目演讲类/011.李敖演讲集/045.20100525李敖台湾大学演讲.txt"",""line"":131,""lines"":[131]},""crossReferences"":[""li-ao-yanjiangji-036-uses-napoleon-corsica-to-urge-taiwan-ambition""],""dataFile"":""data/timeline-events-li-ao-yanjiangji.json""}"
"25157","2010","2010-05-25","2010年5月25日","day","confirmed","李敖在台大演讲用爱国者飞弹算术攻击军购","李敖说台湾花巨款买爱国者飞弹，若大陆导弹数量压过拦截量，台大仍可能被击中，借此批判军购安全神话。","李敖","台湾大学、台湾","李敖演讲集、演讲、台湾大学、大学演讲、军购、爱国者飞弹、台湾关系法、台海","演讲线、教育线","李敖演讲集、045.20100525李敖台湾大学演讲","li-ao-yanjiangji-044-says-tra-provides-not-sells-weapons-and-us-will-not-rescue-taiwan","李敖演讲集","045.20100525李敖台湾大学演讲","47","《大李敖全集5.0》（wjm_tcy版）分章节/010.节目演讲类/011.李敖演讲集/045.20100525李敖台湾大学演讲.txt","","[]","data/timeline-events-li-ao-yanjiangji.json","li-ao-yanjiangji-045-uses-patriot-missile-math-to-attack-arms-purchase-at-ntu","{""id"":""li-ao-yanjiangji-045-uses-patriot-missile-math-to-attack-arms-purchase-at-ntu"",""date"":""2010-05-25"",""displayDate"":""2010年5月25日"",""datePrecision"":""day"",""title"":""李敖在台大演讲用爱国者飞弹算术攻击军购"",""summary"":""李敖说台湾花巨款买爱国者飞弹，若大陆导弹数量压过拦截量，台大仍可能被击中，借此批判军购安全神话。"",""view"":[""演讲线"",""教育线""],""tags"":[""李敖演讲集"",""演讲"",""台湾大学"",""大学演讲"",""军购"",""爱国者飞弹"",""台湾关系法"",""台海""],""people"":[""李敖""],""places"":[""台湾大学"",""台湾""],""works"":[""李敖演讲集"",""045.20100525李敖台湾大学演讲""],""certainty"":""confirmed"",""source"":{""book"":""李敖演讲集"",""chapter"":""045.20100525李敖台湾大学演讲"",""path"":""《大李敖全集5.0》（wjm_tcy版）分章节/010.节目演讲类/011.李敖演讲集/045.20100525李敖台湾大学演讲.txt"",""line"":47,""lines"":[47]},""crossReferences"":[""li-ao-yanjiangji-044-says-tra-provides-not-sells-weapons-and-us-will-not-rescue-taiwan""],""dataFile"":""data/timeline-events-li-ao-yanjiangji.json""}"
"25158","2010","2010-05-25","2010年5月25日","day","confirmed","李敖在台大演讲用莫须有、Honesty 和蒋介石学历示范证据检查","李敖说搜集资料先要有常识，再用莫须有、英文 Honesty 与蒋介石是否日本士官学校毕业等例子示范如何靠证据拆穿错误。","李敖、蒋介石","台湾大学","李敖演讲集、演讲、台湾大学、大学演讲、证据、考证、莫须有、蒋介石","演讲线、教育线","李敖演讲集、045.20100525李敖台湾大学演讲","li-ao-yanjiangji-035-shows-philological-method-with-laozi-moxuyou-and-mulan","李敖演讲集","045.20100525李敖台湾大学演讲","187","《大李敖全集5.0》（wjm_tcy版）分章节/010.节目演讲类/011.李敖演讲集/045.20100525李敖台湾大学演讲.txt","","[]","data/timeline-events-li-ao-yanjiangji.json","li-ao-yanjiangji-045-teaches-evidence-checking-through-moxuyou-honesty-and-chiang-education","{""id"":""li-ao-yanjiangji-045-teaches-evidence-checking-through-moxuyou-honesty-and-chiang-education"",""date"":""2010-05-25"",""displayDate"":""2010年5月25日"",""datePrecision"":""day"",""title"":""李敖在台大演讲用莫须有、Honesty 和蒋介石学历示范证据检查"",""summary"":""李敖说搜集资料先要有常识，再用莫须有、英文 Honesty 与蒋介石是否日本士官学校毕业等例子示范如何靠证据拆穿错误。"",""view"":[""演讲线"",""教育线""],""tags"":[""李敖演讲集"",""演讲"",""台湾大学"",""大学演讲"",""证据"",""考证"",""莫须有"",""蒋介石""],""people"":[""李敖"",""蒋介石""],""places"":[""台湾大学""],""works"":[""李敖演讲集"",""045.20100525李敖台湾大学演讲""],""certainty"":""confirmed"",""source"":{""book"":""李敖演讲集"",""chapter"":""045.20100525李敖台湾大学演讲"",""path"":""《大李敖全集5.0》（wjm_tcy版）分章节/010.节目演讲类/011.李敖演讲集/045.20100525李敖台湾大学演讲.txt"",""line"":187,""lines"":[187]},""crossReferences"":[""li-ao-yanjiangji-035-shows-philological-method-with-laozi-moxuyou-and-mulan""],""dataFile"":""data/timeline-events-li-ao-yanjiangji.json""}"
"25159","2010","2010-05-25","2010年5月25日","day","confirmed","李敖在台大演讲让李戡说明即将出版的台湾高中历史课本比较书","李敖邀请李戡发言，李戡说明将出版比较台湾高中历史课本的书，重点包括二二八与台湾主权等章节怎样被改写。","李敖、李戡","台湾大学","李敖演讲集、演讲、台湾大学、大学演讲、李戡、历史课本、台湾教育、二二八","演讲线、教育线","李敖演讲集、045.20100525李敖台湾大学演讲、李戡书","","李敖演讲集","045.20100525李敖台湾大学演讲","181","《大李敖全集5.0》（wjm_tcy版）分章节/010.节目演讲类/011.李敖演讲集/045.20100525李敖台湾大学演讲.txt","","[]","data/timeline-events-li-ao-yanjiangji.json","li-ao-yanjiangji-045-has-li-kan-explain-textbook-comparison-book-at-ntu","{""id"":""li-ao-yanjiangji-045-has-li-kan-explain-textbook-comparison-book-at-ntu"",""date"":""2010-05-25"",""displayDate"":""2010年5月25日"",""datePrecision"":""day"",""title"":""李敖在台大演讲让李戡说明即将出版的台湾高中历史课本比较书"",""summary"":""李敖邀请李戡发言，李戡说明将出版比较台湾高中历史课本的书，重点包括二二八与台湾主权等章节怎样被改写。"",""view"":[""演讲线"",""教育线""],""tags"":[""李敖演讲集"",""演讲"",""台湾大学"",""大学演讲"",""李戡"",""历史课本"",""台湾教育"",""二二八""],""people"":[""李敖"",""李戡""],""places"":[""台湾大学""],""works"":[""李敖演讲集"",""045.20100525李敖台湾大学演讲"",""李戡书""],""certainty"":""confirmed"",""source"":{""book"":""李敖演讲集"",""chapter"":""045.20100525李敖台湾大学演讲"",""path"":""《大李敖全集5.0》（wjm_tcy版）分章节/010.节目演讲类/011.李敖演讲集/045.20100525李敖台湾大学演讲.txt"",""line"":181,""lines"":[181]},""crossReferences"":[],""dataFile"":""data/timeline-events-li-ao-yanjiangji.json""}"
"25160","2010","2010-05-25","2010年5月25日","day","confirmed","李敖在台大演讲回忆北大清华复旦红地毯并强调开场五分钟抓人","李敖回忆二〇〇五年大陆三校行程中的红地毯笑话，说演讲前五分钟必须抓住听众，这靠的是江湖训练和现场技巧。","李敖","台湾大学、北京大学、清华大学、复旦大学","李敖演讲集、演讲、台湾大学、大学演讲、红地毯、演讲方法、北大演讲、清华演讲、复旦演讲","演讲线、教育线","李敖演讲集、045.20100525李敖台湾大学演讲","li-ao-yanjiangji-038-turns-red-carpet-absence-into-academic-speech-joke","李敖演讲集","045.20100525李敖台湾大学演讲","15","《大李敖全集5.0》（wjm_tcy版）分章节/010.节目演讲类/011.李敖演讲集/045.20100525李敖台湾大学演讲.txt","","[]","data/timeline-events-li-ao-yanjiangji.json","li-ao-yanjiangji-045-recalls-providing-his-own-red-carpet-and-capturing-audience-first","{""id"":""li-ao-yanjiangji-045-recalls-providing-his-own-red-carpet-and-capturing-audience-first"",""date"":""2010-05-25"",""displayDate"":""2010年5月25日"",""datePrecision"":""day"",""title"":""李敖在台大演讲回忆北大清华复旦红地毯并强调开场五分钟抓人"",""summary"":""李敖回忆二〇〇五年大陆三校行程中的红地毯笑话，说演讲前五分钟必须抓住听众，这靠的是江湖训练和现场技巧。"",""view"":[""演讲线"",""教育线""],""tags"":[""李敖演讲集"",""演讲"",""台湾大学"",""大学演讲"",""红地毯"",""演讲方法"",""北大演讲"",""清华演讲"",""复旦演讲""],""people"":[""李敖""],""places"":[""台湾大学"",""北京大学"",""清华大学"",""复旦大学""],""works"":[""李敖演讲集"",""045.20100525李敖台湾大学演讲""],""certainty"":""confirmed"",""source"":{""book"":""李敖演讲集"",""chapter"":""045.20100525李敖台湾大学演讲"",""path"":""《大李敖全集5.0》（wjm_tcy版）分章节/010.节目演讲类/011.李敖演讲集/045.20100525李敖台湾大学演讲.txt"",""line"":15,""lines"":[15]},""crossReferences"":[""li-ao-yanjiangji-038-turns-red-carpet-absence-into-academic-speech-joke""],""dataFile"":""data/timeline-events-li-ao-yanjiangji.json""}"
"25161","2010","2010-05-25","2010年5月25日","day","confirmed","李敖在台大演讲回忆批教授院系校长后从台大辍学","李敖说自己当年在台大批评教授、系、院长与校长，最终没有毕业；他希望台大像普林斯顿记得菲茨杰拉德那样记得这个辍学生。","李敖、菲茨杰拉德","台湾大学","李敖演讲集、演讲、台湾大学、大学演讲、辍学、自传回忆","演讲线、教育线","李敖演讲集、045.20100525李敖台湾大学演讲","","李敖演讲集","045.20100525李敖台湾大学演讲","33","《大李敖全集5.0》（wjm_tcy版）分章节/010.节目演讲类/011.李敖演讲集/045.20100525李敖台湾大学演讲.txt","","[]","data/timeline-events-li-ao-yanjiangji.json","li-ao-yanjiangji-045-recounts-ntu-dropout-after-criticizing-school-authorities","{""id"":""li-ao-yanjiangji-045-recounts-ntu-dropout-after-criticizing-school-authorities"",""date"":""2010-05-25"",""displayDate"":""2010年5月25日"",""datePrecision"":""day"",""title"":""李敖在台大演讲回忆批教授院系校长后从台大辍学"",""summary"":""李敖说自己当年在台大批评教授、系、院长与校长，最终没有毕业；他希望台大像普林斯顿记得菲茨杰拉德那样记得这个辍学生。"",""view"":[""演讲线"",""教育线""],""tags"":[""李敖演讲集"",""演讲"",""台湾大学"",""大学演讲"",""辍学"",""自传回忆""],""people"":[""李敖"",""菲茨杰拉德""],""places"":[""台湾大学""],""works"":[""李敖演讲集"",""045.20100525李敖台湾大学演讲""],""certainty"":""confirmed"",""source"":{""book"":""李敖演讲集"",""chapter"":""045.20100525李敖台湾大学演讲"",""path"":""《大李敖全集5.0》（wjm_tcy版）分章节/010.节目演讲类/011.李敖演讲集/045.20100525李敖台湾大学演讲.txt"",""line"":33,""lines"":[33]},""crossReferences"":[],""dataFile"":""data/timeline-events-li-ao-yanjiangji.json""}"
"25162","2010","2010-05-25","2010年5月25日","day","confirmed","李敖在台大演讲回忆狱中厕所读蒋介石书发现中华民国亡国说","李敖说狱中只准读三民主义、孙中山和蒋介石，他在厕所读蒋介石全集时找到一九五〇年阳明山讲话中反复出现的中华民国亡国说。","李敖、蒋介石、孙中山","台湾大学","李敖演讲集、演讲、台湾大学、大学演讲、狱中阅读、蒋介石、中华民国亡国、证据","演讲线、教育线","李敖演讲集、045.20100525李敖台湾大学演讲","dream-awake-1984-09-03-writes-zhonghua-minguo-ruined-state-study、li-ao-youhua-shuo-001-shows-chiang-1950-secret-speech-roc-fallen、li-ao-youhua-shuo-167-recalls-prison-toilet-reading-chiang-works-and-writing-roc-fallen-study","李敖演讲集","045.20100525李敖台湾大学演讲","43","《大李敖全集5.0》（wjm_tcy版）分章节/010.节目演讲类/011.李敖演讲集/045.20100525李敖台湾大学演讲.txt","","[]","data/timeline-events-li-ao-yanjiangji.json","li-ao-yanjiangji-045-recalls-prison-toilet-reading-chiang-and-roc-demise","{""id"":""li-ao-yanjiangji-045-recalls-prison-toilet-reading-chiang-and-roc-demise"",""date"":""2010-05-25"",""displayDate"":""2010年5月25日"",""datePrecision"":""day"",""title"":""李敖在台大演讲回忆狱中厕所读蒋介石书发现中华民国亡国说"",""summary"":""李敖说狱中只准读三民主义、孙中山和蒋介石，他在厕所读蒋介石全集时找到一九五〇年阳明山讲话中反复出现的中华民国亡国说。"",""view"":[""演讲线"",""教育线""],""tags"":[""李敖演讲集"",""演讲"",""台湾大学"",""大学演讲"",""狱中阅读"",""蒋介石"",""中华民国亡国"",""证据""],""people"":[""李敖"",""蒋介石"",""孙中山""],""places"":[""台湾大学""],""works"":[""李敖演讲集"",""045.20100525李敖台湾大学演讲""],""certainty"":""confirmed"",""source"":{""book"":""李敖演讲集"",""chapter"":""045.20100525李敖台湾大学演讲"",""path"":""《大李敖全集5.0》（wjm_tcy版）分章节/010.节目演讲类/011.李敖演讲集/045.20100525李敖台湾大学演讲.txt"",""line"":43,""lines"":[43]},""crossReferences"":[""dream-awake-1984-09-03-writes-zhonghua-minguo-ruined-state-study"",""li-ao-youhua-shuo-001-shows-chiang-1950-secret-speech-roc-fallen"",""li-ao-youhua-shuo-167-recalls-prison-toilet-reading-chiang-works-and-writing-roc-fallen-study""],""dataFile"":""data/timeline-events-li-ao-yanjiangji.json""}"
"25163","2010","2010-05-25","2010年5月25日","day","confirmed","李敖在台大演讲否认有成熟台湾话和台湾文学体系","李敖说所谓台湾话其实是闽南语，且缺少文字系统与文学积累；他由此否认台湾文学已经形成足够成熟的系统。","李敖","台湾大学、台湾","李敖演讲集、演讲、台湾大学、大学演讲、台湾话、闽南语、台湾文学","演讲线、教育线","李敖演讲集、045.20100525李敖台湾大学演讲","li-ao-yanjiangji-036-defines-taiwan-language-as-taiwan-mandarin、li-ao-yanjiangji-023-rejects-local-oral-language-as-literary-tool","李敖演讲集","045.20100525李敖台湾大学演讲","45","《大李敖全集5.0》（wjm_tcy版）分章节/010.节目演讲类/011.李敖演讲集/045.20100525李敖台湾大学演讲.txt","","[]","data/timeline-events-li-ao-yanjiangji.json","li-ao-yanjiangji-045-denies-taiwan-language-and-taiwan-literature-as-established-systems","{""id"":""li-ao-yanjiangji-045-denies-taiwan-language-and-taiwan-literature-as-established-systems"",""date"":""2010-05-25"",""displayDate"":""2010年5月25日"",""datePrecision"":""day"",""title"":""李敖在台大演讲否认有成熟台湾话和台湾文学体系"",""summary"":""李敖说所谓台湾话其实是闽南语，且缺少文字系统与文学积累；他由此否认台湾文学已经形成足够成熟的系统。"",""view"":[""演讲线"",""教育线""],""tags"":[""李敖演讲集"",""演讲"",""台湾大学"",""大学演讲"",""台湾话"",""闽南语"",""台湾文学""],""people"":[""李敖""],""places"":[""台湾大学"",""台湾""],""works"":[""李敖演讲集"",""045.20100525李敖台湾大学演讲""],""certainty"":""confirmed"",""source"":{""book"":""李敖演讲集"",""chapter"":""045.20100525李敖台湾大学演讲"",""path"":""《大李敖全集5.0》（wjm_tcy版）分章节/010.节目演讲类/011.李敖演讲集/045.20100525李敖台湾大学演讲.txt"",""line"":45,""lines"":[45]},""crossReferences"":[""li-ao-yanjiangji-036-defines-taiwan-language-as-taiwan-mandarin"",""li-ao-yanjiangji-023-rejects-local-oral-language-as-literary-tool""],""dataFile"":""data/timeline-events-li-ao-yanjiangji.json""}"
"25164","2010","2010-05-25","2010年5月25日","day","confirmed","李敖在台大演讲告诉弱势青年金钱能保存尊严和反抗能力","李敖说出身弱势不一定无路，但年轻人要正视资源，查清父母财产或修炼安贫乐道，因为钱让他能对抗政府与禁书。","李敖","台湾大学","李敖演讲集、演讲、台湾大学、大学演讲、青年、金钱、尊严、禁书","演讲线、教育线","李敖演讲集、045.20100525李敖台湾大学演讲","","李敖演讲集","045.20100525李敖台湾大学演讲","143","《大李敖全集5.0》（wjm_tcy版）分章节/010.节目演讲类/011.李敖演讲集/045.20100525李敖台湾大学演讲.txt","","[]","data/timeline-events-li-ao-yanjiangji.json","li-ao-yanjiangji-045-tells-weak-youth-money-can-preserve-dignity-and-fighting-power","{""id"":""li-ao-yanjiangji-045-tells-weak-youth-money-can-preserve-dignity-and-fighting-power"",""date"":""2010-05-25"",""displayDate"":""2010年5月25日"",""datePrecision"":""day"",""title"":""李敖在台大演讲告诉弱势青年金钱能保存尊严和反抗能力"",""summary"":""李敖说出身弱势不一定无路，但年轻人要正视资源，查清父母财产或修炼安贫乐道，因为钱让他能对抗政府与禁书。"",""view"":[""演讲线"",""教育线""],""tags"":[""李敖演讲集"",""演讲"",""台湾大学"",""大学演讲"",""青年"",""金钱"",""尊严"",""禁书""],""people"":[""李敖""],""places"":[""台湾大学""],""works"":[""李敖演讲集"",""045.20100525李敖台湾大学演讲""],""certainty"":""confirmed"",""source"":{""book"":""李敖演讲集"",""chapter"":""045.20100525李敖台湾大学演讲"",""path"":""《大李敖全集5.0》（wjm_tcy版）分章节/010.节目演讲类/011.李敖演讲集/045.20100525李敖台湾大学演讲.txt"",""line"":143,""lines"":[143]},""crossReferences"":[],""dataFile"":""data/timeline-events-li-ao-yanjiangji.json""}"
"25165","2010","2010-05-25","2010年5月25日","day","confirmed","李敖在台大演讲批学思历程题目不好并从孔子分辨学与思","李敖说学思历程这个题目不好，因为孔子早已把学习和思考分开，现代学生面对书本爆炸更难处理两者关系。","李敖、孔子","台湾大学","李敖演讲集、演讲、台湾大学、大学演讲、学习、思考、孔子、读书方法","演讲线、教育线","李敖演讲集、045.20100525李敖台湾大学演讲","","李敖演讲集","045.20100525李敖台湾大学演讲","25","《大李敖全集5.0》（wjm_tcy版）分章节/010.节目演讲类/011.李敖演讲集/045.20100525李敖台湾大学演讲.txt","","[]","data/timeline-events-li-ao-yanjiangji.json","li-ao-yanjiangji-045-criticizes-learning-and-thinking-topic-through-confucius","{""id"":""li-ao-yanjiangji-045-criticizes-learning-and-thinking-topic-through-confucius"",""date"":""2010-05-25"",""displayDate"":""2010年5月25日"",""datePrecision"":""day"",""title"":""李敖在台大演讲批学思历程题目不好并从孔子分辨学与思"",""summary"":""李敖说学思历程这个题目不好，因为孔子早已把学习和思考分开，现代学生面对书本爆炸更难处理两者关系。"",""view"":[""演讲线"",""教育线""],""tags"":[""李敖演讲集"",""演讲"",""台湾大学"",""大学演讲"",""学习"",""思考"",""孔子"",""读书方法""],""people"":[""李敖"",""孔子""],""places"":[""台湾大学""],""works"":[""李敖演讲集"",""045.20100525李敖台湾大学演讲""],""certainty"":""confirmed"",""source"":{""book"":""李敖演讲集"",""chapter"":""045.20100525李敖台湾大学演讲"",""path"":""《大李敖全集5.0》（wjm_tcy版）分章节/010.节目演讲类/011.李敖演讲集/045.20100525李敖台湾大学演讲.txt"",""line"":25,""lines"":[25]},""crossReferences"":[],""dataFile"":""data/timeline-events-li-ao-yanjiangji.json""}"
"25166","2010","2010-05-25","2010年5月25日","day","confirmed","李敖在台大演讲把马英九现状说成隐性台独并称民进党台独是假的","李敖说马英九的维持现状在宪法与国统纲领下等于隐性台独，民进党十七年不敢公投改国号改国歌，也是假台独。","李敖、马英九","台湾大学、台湾","李敖演讲集、演讲、台湾大学、大学演讲、马英九、台独、民进党、国统纲领","演讲线、教育线","李敖演讲集、045.20100525李敖台湾大学演讲","","李敖演讲集","045.20100525李敖台湾大学演讲","91","《大李敖全集5.0》（wjm_tcy版）分章节/010.节目演讲类/011.李敖演讲集/045.20100525李敖台湾大学演讲.txt","","[]","data/timeline-events-li-ao-yanjiangji.json","li-ao-yanjiangji-045-calls-ma-status-quo-hidden-independence-and-dpp-independence-fake","{""id"":""li-ao-yanjiangji-045-calls-ma-status-quo-hidden-independence-and-dpp-independence-fake"",""date"":""2010-05-25"",""displayDate"":""2010年5月25日"",""datePrecision"":""day"",""title"":""李敖在台大演讲把马英九现状说成隐性台独并称民进党台独是假的"",""summary"":""李敖说马英九的维持现状在宪法与国统纲领下等于隐性台独，民进党十七年不敢公投改国号改国歌，也是假台独。"",""view"":[""演讲线"",""教育线""],""tags"":[""李敖演讲集"",""演讲"",""台湾大学"",""大学演讲"",""马英九"",""台独"",""民进党"",""国统纲领""],""people"":[""李敖"",""马英九""],""places"":[""台湾大学"",""台湾""],""works"":[""李敖演讲集"",""045.20100525李敖台湾大学演讲""],""certainty"":""confirmed"",""source"":{""book"":""李敖演讲集"",""chapter"":""045.20100525李敖台湾大学演讲"",""path"":""《大李敖全集5.0》（wjm_tcy版）分章节/010.节目演讲类/011.李敖演讲集/045.20100525李敖台湾大学演讲.txt"",""line"":91,""lines"":[91]},""crossReferences"":[],""dataFile"":""data/timeline-events-li-ao-yanjiangji.json""}"
"25167","2010","2010-05-25","2010年5月25日","day","confirmed","李敖在台大演讲把霍金出版速度电脑危害和李戡考上台大串在一起","李敖用霍金说出版物速度快到难以承受来谈知识爆炸，又说电脑伤害学生，并把李戡考上台大地质系与准备写书批判台湾教育相连。","李敖、霍金、李戡","台湾大学","李敖演讲集、演讲、台湾大学、大学演讲、霍金、电脑、李戡、台湾教育","演讲线、教育线","李敖演讲集、045.20100525李敖台湾大学演讲","","李敖演讲集","045.20100525李敖台湾大学演讲","29","《大李敖全集5.0》（wjm_tcy版）分章节/010.节目演讲类/011.李敖演讲集/045.20100525李敖台湾大学演讲.txt","","[]","data/timeline-events-li-ao-yanjiangji.json","li-ao-yanjiangji-045-links-hawking-publication-speed-computers-and-li-kan-ntu-admission","{""id"":""li-ao-yanjiangji-045-links-hawking-publication-speed-computers-and-li-kan-ntu-admission"",""date"":""2010-05-25"",""displayDate"":""2010年5月25日"",""datePrecision"":""day"",""title"":""李敖在台大演讲把霍金出版速度电脑危害和李戡考上台大串在一起"",""summary"":""李敖用霍金说出版物速度快到难以承受来谈知识爆炸，又说电脑伤害学生，并把李戡考上台大地质系与准备写书批判台湾教育相连。"",""view"":[""演讲线"",""教育线""],""tags"":[""李敖演讲集"",""演讲"",""台湾大学"",""大学演讲"",""霍金"",""电脑"",""李戡"",""台湾教育""],""people"":[""李敖"",""霍金"",""李戡""],""places"":[""台湾大学""],""works"":[""李敖演讲集"",""045.20100525李敖台湾大学演讲""],""certainty"":""confirmed"",""source"":{""book"":""李敖演讲集"",""chapter"":""045.20100525李敖台湾大学演讲"",""path"":""《大李敖全集5.0》（wjm_tcy版）分章节/010.节目演讲类/011.李敖演讲集/045.20100525李敖台湾大学演讲.txt"",""line"":29,""lines"":[29]},""crossReferences"":[],""dataFile"":""data/timeline-events-li-ao-yanjiangji.json""}"
"25168","2010","2010-05-25","2010年5月25日","day","confirmed","李敖在台大演讲承认曾把女友照片未经同意夹进信里","李敖回答关于女人的问题时承认，自己当年写信会把女友照片夹进去而没有征求同意，并把这归入他懂女人的表达。","李敖","台湾大学","李敖演讲集、演讲、台湾大学、大学演讲、感情、书信、自我说明","演讲线、教育线","李敖演讲集、045.20100525李敖台湾大学演讲","","李敖演讲集","045.20100525李敖台湾大学演讲","101","《大李敖全集5.0》（wjm_tcy版）分章节/010.节目演讲类/011.李敖演讲集/045.20100525李敖台湾大学演讲.txt","","[]","data/timeline-events-li-ao-yanjiangji.json","li-ao-yanjiangji-045-admits-using-girlfriend-photos-without-consent-in-letters","{""id"":""li-ao-yanjiangji-045-admits-using-girlfriend-photos-without-consent-in-letters"",""date"":""2010-05-25"",""displayDate"":""2010年5月25日"",""datePrecision"":""day"",""title"":""李敖在台大演讲承认曾把女友照片未经同意夹进信里"",""summary"":""李敖回答关于女人的问题时承认，自己当年写信会把女友照片夹进去而没有征求同意，并把这归入他懂女人的表达。"",""view"":[""演讲线"",""教育线""],""tags"":[""李敖演讲集"",""演讲"",""台湾大学"",""大学演讲"",""感情"",""书信"",""自我说明""],""people"":[""李敖""],""places"":[""台湾大学""],""works"":[""李敖演讲集"",""045.20100525李敖台湾大学演讲""],""certainty"":""confirmed"",""source"":{""book"":""李敖演讲集"",""chapter"":""045.20100525李敖台湾大学演讲"",""path"":""《大李敖全集5.0》（wjm_tcy版）分章节/010.节目演讲类/011.李敖演讲集/045.20100525李敖台湾大学演讲.txt"",""line"":101,""lines"":[101]},""crossReferences"":[],""dataFile"":""data/timeline-events-li-ao-yanjiangji.json""}"
"25169","2010","2010-05-25","2010年5月25日","day","confirmed","李敖在台大演讲建议台大设中文电脑句库研究所","李敖说台大若要做第一百零三个研究所，可研究中文与电脑的句库问题，尽早修正电脑时代的坏中文。","李敖","台湾大学","李敖演讲集、演讲、台湾大学、大学演讲、中文电脑、句库、好中文","演讲线、教育线","李敖演讲集、045.20100525李敖台湾大学演讲","li-ao-yanjiangji-021-foresees-chinese-speech-input-future、li-ao-yanjiangji-040-explains-homophones-and-chinese-computer-future","李敖演讲集","045.20100525李敖台湾大学演讲","159","《大李敖全集5.0》（wjm_tcy版）分章节/010.节目演讲类/011.李敖演讲集/045.20100525李敖台湾大学演讲.txt","","[]","data/timeline-events-li-ao-yanjiangji.json","li-ao-yanjiangji-045-proposes-ntu-chinese-computer-phrase-bank-institute","{""id"":""li-ao-yanjiangji-045-proposes-ntu-chinese-computer-phrase-bank-institute"",""date"":""2010-05-25"",""displayDate"":""2010年5月25日"",""datePrecision"":""day"",""title"":""李敖在台大演讲建议台大设中文电脑句库研究所"",""summary"":""李敖说台大若要做第一百零三个研究所，可研究中文与电脑的句库问题，尽早修正电脑时代的坏中文。"",""view"":[""演讲线"",""教育线""],""tags"":[""李敖演讲集"",""演讲"",""台湾大学"",""大学演讲"",""中文电脑"",""句库"",""好中文""],""people"":[""李敖""],""places"":[""台湾大学""],""works"":[""李敖演讲集"",""045.20100525李敖台湾大学演讲""],""certainty"":""confirmed"",""source"":{""book"":""李敖演讲集"",""chapter"":""045.20100525李敖台湾大学演讲"",""path"":""《大李敖全集5.0》（wjm_tcy版）分章节/010.节目演讲类/011.李敖演讲集/045.20100525李敖台湾大学演讲.txt"",""line"":159,""lines"":[159]},""crossReferences"":[""li-ao-yanjiangji-021-foresees-chinese-speech-input-future"",""li-ao-yanjiangji-040-explains-homophones-and-chinese-computer-future""],""dataFile"":""data/timeline-events-li-ao-yanjiangji.json""}"
"25170","2010","2010-05-25","2010年5月25日","day","confirmed","李敖在台大演讲要求台大带头说中华民国亡国、台湾文学和军购真话","李敖说台大应像北大那样发挥带头作用，敢说中华民国亡国、台湾文学不存在、军购不可靠等真话。","李敖","台湾大学","李敖演讲集、演讲、台湾大学、大学演讲、真话、中华民国亡国、台湾文学、军购","演讲线、教育线","李敖演讲集、045.20100525李敖台湾大学演讲","","李敖演讲集","045.20100525李敖台湾大学演讲","67","《大李敖全集5.0》（wjm_tcy版）分章节/010.节目演讲类/011.李敖演讲集/045.20100525李敖台湾大学演讲.txt","","[]","data/timeline-events-li-ao-yanjiangji.json","li-ao-yanjiangji-045-asks-ntu-to-lead-and-speak-truths-about-roc-taiwan-literature-and-arms","{""id"":""li-ao-yanjiangji-045-asks-ntu-to-lead-and-speak-truths-about-roc-taiwan-literature-and-arms"",""date"":""2010-05-25"",""displayDate"":""2010年5月25日"",""datePrecision"":""day"",""title"":""李敖在台大演讲要求台大带头说中华民国亡国、台湾文学和军购真话"",""summary"":""李敖说台大应像北大那样发挥带头作用，敢说中华民国亡国、台湾文学不存在、军购不可靠等真话。"",""view"":[""演讲线"",""教育线""],""tags"":[""李敖演讲集"",""演讲"",""台湾大学"",""大学演讲"",""真话"",""中华民国亡国"",""台湾文学"",""军购""],""people"":[""李敖""],""places"":[""台湾大学""],""works"":[""李敖演讲集"",""045.20100525李敖台湾大学演讲""],""certainty"":""confirmed"",""source"":{""book"":""李敖演讲集"",""chapter"":""045.20100525李敖台湾大学演讲"",""path"":""《大李敖全集5.0》（wjm_tcy版）分章节/010.节目演讲类/011.李敖演讲集/045.20100525李敖台湾大学演讲.txt"",""line"":67,""lines"":[67]},""crossReferences"":[],""dataFile"":""data/timeline-events-li-ao-yanjiangji.json""}"
"25171","2010","2010-05-25","2010年5月25日","day","confirmed","李敖在台大演讲说十分钟读完大江大海就拒绝向一九四九败军致敬","李敖说他读《大江大海一九四九》很快就停下，因为他认为一九四九年败退的一方应先反省，而不是接受敬礼。","李敖、龙应台","台湾大学","李敖演讲集、演讲、台湾大学、大学演讲、大江大海一九四九、一九四九、龙应台","演讲线、教育线","李敖演讲集、045.20100525李敖台湾大学演讲、大江大海一九四九","","李敖演讲集","045.20100525李敖台湾大学演讲","41","《大李敖全集5.0》（wjm_tcy版）分章节/010.节目演讲类/011.李敖演讲集/045.20100525李敖台湾大学演讲.txt","","[]","data/timeline-events-li-ao-yanjiangji.json","li-ao-yanjiangji-045-rejects-big-river-big-sea-for-saluting-defeated-1949-team","{""id"":""li-ao-yanjiangji-045-rejects-big-river-big-sea-for-saluting-defeated-1949-team"",""date"":""2010-05-25"",""displayDate"":""2010年5月25日"",""datePrecision"":""day"",""title"":""李敖在台大演讲说十分钟读完大江大海就拒绝向一九四九败军致敬"",""summary"":""李敖说他读《大江大海一九四九》很快就停下，因为他认为一九四九年败退的一方应先反省，而不是接受敬礼。"",""view"":[""演讲线"",""教育线""],""tags"":[""李敖演讲集"",""演讲"",""台湾大学"",""大学演讲"",""大江大海一九四九"",""一九四九"",""龙应台""],""people"":[""李敖"",""龙应台""],""places"":[""台湾大学""],""works"":[""李敖演讲集"",""045.20100525李敖台湾大学演讲"",""大江大海一九四九""],""certainty"":""confirmed"",""source"":{""book"":""李敖演讲集"",""chapter"":""045.20100525李敖台湾大学演讲"",""path"":""《大李敖全集5.0》（wjm_tcy版）分章节/010.节目演讲类/011.李敖演讲集/045.20100525李敖台湾大学演讲.txt"",""line"":41,""lines"":[41]},""crossReferences"":[],""dataFile"":""data/timeline-events-li-ao-yanjiangji.json""}"
"25172","2010","2010-05-25","2010年5月25日","day","confirmed","李敖在台大演讲说大全集续编和网易发表会补回大陆删文","李敖说《李敖大全集》一至四十册之外还会续出， mainland 版删得很厉害，八月将在网易和李戡合作恢复百篇文章。","李敖、李戡","台湾大学","李敖演讲集、演讲、台湾大学、大学演讲、李敖大全集、网易、删文、李戡","演讲线、教育线","李敖演讲集、045.20100525李敖台湾大学演讲、李敖大全集","","李敖演讲集","045.20100525李敖台湾大学演讲","111","《大李敖全集5.0》（wjm_tcy版）分章节/010.节目演讲类/011.李敖演讲集/045.20100525李敖台湾大学演讲.txt","","[]","data/timeline-events-li-ao-yanjiangji.json","li-ao-yanjiangji-045-says-expanded-complete-works-will-restore-deleted-mainland-texts-on-netease","{""id"":""li-ao-yanjiangji-045-says-expanded-complete-works-will-restore-deleted-mainland-texts-on-netease"",""date"":""2010-05-25"",""displayDate"":""2010年5月25日"",""datePrecision"":""day"",""title"":""李敖在台大演讲说大全集续编和网易发表会补回大陆删文"",""summary"":""李敖说《李敖大全集》一至四十册之外还会续出， mainland 版删得很厉害，八月将在网易和李戡合作恢复百篇文章。"",""view"":[""演讲线"",""教育线""],""tags"":[""李敖演讲集"",""演讲"",""台湾大学"",""大学演讲"",""李敖大全集"",""网易"",""删文"",""李戡""],""people"":[""李敖"",""李戡""],""places"":[""台湾大学""],""works"":[""李敖演讲集"",""045.20100525李敖台湾大学演讲"",""李敖大全集""],""certainty"":""confirmed"",""source"":{""book"":""李敖演讲集"",""chapter"":""045.20100525李敖台湾大学演讲"",""path"":""《大李敖全集5.0》（wjm_tcy版）分章节/010.节目演讲类/011.李敖演讲集/045.20100525李敖台湾大学演讲.txt"",""line"":111,""lines"":[111]},""crossReferences"":[],""dataFile"":""data/timeline-events-li-ao-yanjiangji.json""}"
"25173","2010","2010-05-25","2010年5月25日","day","confirmed","李敖在台大演讲说台大会场间接有他向国泰蔡万霖和解所得的钱","李敖说自己买国泰房子后因土地持分诉讼与蔡万霖和解得利，因此调侃台大会场间接也有他的贡献。","李敖、蔡万霖","台湾大学","李敖演讲集、演讲、台湾大学、大学演讲、国泰、蔡万霖、诉讼、财富","演讲线、教育线","李敖演讲集、045.20100525李敖台湾大学演讲","","李敖演讲集","045.20100525李敖台湾大学演讲","49","《大李敖全集5.0》（wjm_tcy版）分章节/010.节目演讲类/011.李敖演讲集/045.20100525李敖台湾大学演讲.txt","","[]","data/timeline-events-li-ao-yanjiangji.json","li-ao-yanjiangji-045-says-ntu-hall-was-indirectly-built-with-his-cathay-settlement-money","{""id"":""li-ao-yanjiangji-045-says-ntu-hall-was-indirectly-built-with-his-cathay-settlement-money"",""date"":""2010-05-25"",""displayDate"":""2010年5月25日"",""datePrecision"":""day"",""title"":""李敖在台大演讲说台大会场间接有他向国泰蔡万霖和解所得的钱"",""summary"":""李敖说自己买国泰房子后因土地持分诉讼与蔡万霖和解得利，因此调侃台大会场间接也有他的贡献。"",""view"":[""演讲线"",""教育线""],""tags"":[""李敖演讲集"",""演讲"",""台湾大学"",""大学演讲"",""国泰"",""蔡万霖"",""诉讼"",""财富""],""people"":[""李敖"",""蔡万霖""],""places"":[""台湾大学""],""works"":[""李敖演讲集"",""045.20100525李敖台湾大学演讲""],""certainty"":""confirmed"",""source"":{""book"":""李敖演讲集"",""chapter"":""045.20100525李敖台湾大学演讲"",""path"":""《大李敖全集5.0》（wjm_tcy版）分章节/010.节目演讲类/011.李敖演讲集/045.20100525李敖台湾大学演讲.txt"",""line"":49,""lines"":[49]},""crossReferences"":[],""dataFile"":""data/timeline-events-li-ao-yanjiangji.json""}"
"25174","2010","2010-05-25","2010年5月25日","day","confirmed","李敖在台大演讲说台湾太小并劝青年逃出岛屿格局","李敖说台湾只占世界很小比例，不应把全部问题都困在台湾；他劝青年要离开小岛眼光，寻找更大的世界舞台。","李敖","台湾大学、台湾","李敖演讲集、演讲、台湾大学、大学演讲、台湾太小、青年、世界舞台","演讲线、教育线","李敖演讲集、045.20100525李敖台湾大学演讲","li-ao-yanjiangji-035-says-taiwan-has-no-future-and-is-marginalized","李敖演讲集","045.20100525李敖台湾大学演讲","69","《大李敖全集5.0》（wjm_tcy版）分章节/010.节目演讲类/011.李敖演讲集/045.20100525李敖台湾大学演讲.txt","","[]","data/timeline-events-li-ao-yanjiangji.json","li-ao-yanjiangji-045-urges-youth-to-escape-small-taiwan-and-find-world-stage","{""id"":""li-ao-yanjiangji-045-urges-youth-to-escape-small-taiwan-and-find-world-stage"",""date"":""2010-05-25"",""displayDate"":""2010年5月25日"",""datePrecision"":""day"",""title"":""李敖在台大演讲说台湾太小并劝青年逃出岛屿格局"",""summary"":""李敖说台湾只占世界很小比例，不应把全部问题都困在台湾；他劝青年要离开小岛眼光，寻找更大的世界舞台。"",""view"":[""演讲线"",""教育线""],""tags"":[""李敖演讲集"",""演讲"",""台湾大学"",""大学演讲"",""台湾太小"",""青年"",""世界舞台""],""people"":[""李敖""],""places"":[""台湾大学"",""台湾""],""works"":[""李敖演讲集"",""045.20100525李敖台湾大学演讲""],""certainty"":""confirmed"",""source"":{""book"":""李敖演讲集"",""chapter"":""045.20100525李敖台湾大学演讲"",""path"":""《大李敖全集5.0》（wjm_tcy版）分章节/010.节目演讲类/011.李敖演讲集/045.20100525李敖台湾大学演讲.txt"",""line"":69,""lines"":[69]},""crossReferences"":[""li-ao-yanjiangji-035-says-taiwan-has-no-future-and-is-marginalized""],""dataFile"":""data/timeline-events-li-ao-yanjiangji.json""}"
"25175","2010","2010-05-25","2010年5月25日","day","confirmed","李敖在台大演讲说台湾文学积累不足且台湾作家不及张爱玲","李敖说台湾经历清朝、日本和国民党统治仍没有足够文学积累，台湾作家整体也没有达到张爱玲的高度。","李敖、张爱玲","台湾大学、台湾","李敖演讲集、演讲、台湾大学、大学演讲、台湾文学、张爱玲","演讲线、教育线","李敖演讲集、045.20100525李敖台湾大学演讲","","李敖演讲集","045.20100525李敖台湾大学演讲","155","《大李敖全集5.0》（wjm_tcy版）分章节/010.节目演讲类/011.李敖演讲集/045.20100525李敖台湾大学演讲.txt","","[]","data/timeline-events-li-ao-yanjiangji.json","li-ao-yanjiangji-045-says-taiwan-writers-still-do-not-match-eileen-chang","{""id"":""li-ao-yanjiangji-045-says-taiwan-writers-still-do-not-match-eileen-chang"",""date"":""2010-05-25"",""displayDate"":""2010年5月25日"",""datePrecision"":""day"",""title"":""李敖在台大演讲说台湾文学积累不足且台湾作家不及张爱玲"",""summary"":""李敖说台湾经历清朝、日本和国民党统治仍没有足够文学积累，台湾作家整体也没有达到张爱玲的高度。"",""view"":[""演讲线"",""教育线""],""tags"":[""李敖演讲集"",""演讲"",""台湾大学"",""大学演讲"",""台湾文学"",""张爱玲""],""people"":[""李敖"",""张爱玲""],""places"":[""台湾大学"",""台湾""],""works"":[""李敖演讲集"",""045.20100525李敖台湾大学演讲""],""certainty"":""confirmed"",""source"":{""book"":""李敖演讲集"",""chapter"":""045.20100525李敖台湾大学演讲"",""path"":""《大李敖全集5.0》（wjm_tcy版）分章节/010.节目演讲类/011.李敖演讲集/045.20100525李敖台湾大学演讲.txt"",""line"":155,""lines"":[155]},""crossReferences"":[],""dataFile"":""data/timeline-events-li-ao-yanjiangji.json""}"
"25176","2010","2010-05-25","2010年5月25日","day","confirmed","李敖在台大演讲说台湾机会已失只剩一国两制谈判道路","李敖回答台湾救法时说，陈立夫等旧机会已失，剩下的道路是用一国两制谈政治条件，甚至可派他和陈文茜谈判。","李敖、陈立夫、陈文茜","台湾大学、台湾","李敖演讲集、演讲、台湾大学、大学演讲、一国两制、台湾机会、谈判","演讲线、教育线","李敖演讲集、045.20100525李敖台湾大学演讲","li-ao-yanjiangji-032-lists-negotiation-items-un-defense-and-palace-museum","李敖演讲集","045.20100525李敖台湾大学演讲","87","《大李敖全集5.0》（wjm_tcy版）分章节/010.节目演讲类/011.李敖演讲集/045.20100525李敖台湾大学演讲.txt","","[]","data/timeline-events-li-ao-yanjiangji.json","li-ao-yanjiangji-045-says-taiwan-lost-chances-and-only-octs-negotiation-remains","{""id"":""li-ao-yanjiangji-045-says-taiwan-lost-chances-and-only-octs-negotiation-remains"",""date"":""2010-05-25"",""displayDate"":""2010年5月25日"",""datePrecision"":""day"",""title"":""李敖在台大演讲说台湾机会已失只剩一国两制谈判道路"",""summary"":""李敖回答台湾救法时说，陈立夫等旧机会已失，剩下的道路是用一国两制谈政治条件，甚至可派他和陈文茜谈判。"",""view"":[""演讲线"",""教育线""],""tags"":[""李敖演讲集"",""演讲"",""台湾大学"",""大学演讲"",""一国两制"",""台湾机会"",""谈判""],""people"":[""李敖"",""陈立夫"",""陈文茜""],""places"":[""台湾大学"",""台湾""],""works"":[""李敖演讲集"",""045.20100525李敖台湾大学演讲""],""certainty"":""confirmed"",""source"":{""book"":""李敖演讲集"",""chapter"":""045.20100525李敖台湾大学演讲"",""path"":""《大李敖全集5.0》（wjm_tcy版）分章节/010.节目演讲类/011.李敖演讲集/045.20100525李敖台湾大学演讲.txt"",""line"":87,""lines"":[87]},""crossReferences"":[""li-ao-yanjiangji-032-lists-negotiation-items-un-defense-and-palace-museum""],""dataFile"":""data/timeline-events-li-ao-yanjiangji.json""}"
"25177","2010","2010-05-25","2010年5月25日","day","confirmed","李敖在台大演讲说共产党正在进步所以要给它时间","李敖谈 mainland 出版与审查时说共产党有改进，应给它时间，而不是只停在旧式反共判断里。","李敖","台湾大学、中国大陆","李敖演讲集、演讲、台湾大学、大学演讲、中国共产党、审查、改革","演讲线、教育线","李敖演讲集、045.20100525李敖台湾大学演讲","li-ao-yanjiangji-039-says-no-traitors-in-motherland-and-waits-for-reform","李敖演讲集","045.20100525李敖台湾大学演讲","115","《大李敖全集5.0》（wjm_tcy版）分章节/010.节目演讲类/011.李敖演讲集/045.20100525李敖台湾大学演讲.txt","","[]","data/timeline-events-li-ao-yanjiangji.json","li-ao-yanjiangji-045-says-ccp-is-improving-and-should-be-given-time","{""id"":""li-ao-yanjiangji-045-says-ccp-is-improving-and-should-be-given-time"",""date"":""2010-05-25"",""displayDate"":""2010年5月25日"",""datePrecision"":""day"",""title"":""李敖在台大演讲说共产党正在进步所以要给它时间"",""summary"":""李敖谈 mainland 出版与审查时说共产党有改进，应给它时间，而不是只停在旧式反共判断里。"",""view"":[""演讲线"",""教育线""],""tags"":[""李敖演讲集"",""演讲"",""台湾大学"",""大学演讲"",""中国共产党"",""审查"",""改革""],""people"":[""李敖""],""places"":[""台湾大学"",""中国大陆""],""works"":[""李敖演讲集"",""045.20100525李敖台湾大学演讲""],""certainty"":""confirmed"",""source"":{""book"":""李敖演讲集"",""chapter"":""045.20100525李敖台湾大学演讲"",""path"":""《大李敖全集5.0》（wjm_tcy版）分章节/010.节目演讲类/011.李敖演讲集/045.20100525李敖台湾大学演讲.txt"",""line"":115,""lines"":[115]},""crossReferences"":[""li-ao-yanjiangji-039-says-no-traitors-in-motherland-and-waits-for-reform""],""dataFile"":""data/timeline-events-li-ao-yanjiangji.json""}"
"25178","2010","2010-05-25","2010年5月25日","day","confirmed","李敖在台大演讲说将出八十册大全集并坚持纸书","李敖说《李敖大全集》前四十册只是六十岁前作品，还会有后四十册；即使百科全书数字化，他仍要用纸书完成这件事。","李敖","台湾大学","李敖演讲集、演讲、台湾大学、大学演讲、李敖大全集、纸书、出版","演讲线、教育线","李敖演讲集、045.20100525李敖台湾大学演讲、李敖大全集","","李敖演讲集","045.20100525李敖台湾大学演讲","75","《大李敖全集5.0》（wjm_tcy版）分章节/010.节目演讲类/011.李敖演讲集/045.20100525李敖台湾大学演讲.txt","","[]","data/timeline-events-li-ao-yanjiangji.json","li-ao-yanjiangji-045-announces-eighty-volume-complete-works-and-insists-on-paper-books","{""id"":""li-ao-yanjiangji-045-announces-eighty-volume-complete-works-and-insists-on-paper-books"",""date"":""2010-05-25"",""displayDate"":""2010年5月25日"",""datePrecision"":""day"",""title"":""李敖在台大演讲说将出八十册大全集并坚持纸书"",""summary"":""李敖说《李敖大全集》前四十册只是六十岁前作品，还会有后四十册；即使百科全书数字化，他仍要用纸书完成这件事。"",""view"":[""演讲线"",""教育线""],""tags"":[""李敖演讲集"",""演讲"",""台湾大学"",""大学演讲"",""李敖大全集"",""纸书"",""出版""],""people"":[""李敖""],""places"":[""台湾大学""],""works"":[""李敖演讲集"",""045.20100525李敖台湾大学演讲"",""李敖大全集""],""certainty"":""confirmed"",""source"":{""book"":""李敖演讲集"",""chapter"":""045.20100525李敖台湾大学演讲"",""path"":""《大李敖全集5.0》（wjm_tcy版）分章节/010.节目演讲类/011.李敖演讲集/045.20100525李敖台湾大学演讲.txt"",""line"":75,""lines"":[75]},""crossReferences"":[],""dataFile"":""data/timeline-events-li-ao-yanjiangji.json""}"
"25179","2010","2010-05-25","2010年5月25日","day","confirmed","李敖在台大演讲说选书靠嗅觉并拒绝轮回前提的西藏生死书","李敖说书太多时要靠嗅觉筛选，像《西藏生死书》这类以轮回为前提的书，他会在前提处直接停下。","李敖","台湾大学","李敖演讲集、演讲、台湾大学、大学演讲、读书方法、前提检查、西藏生死书","演讲线、教育线","李敖演讲集、045.20100525李敖台湾大学演讲、西藏生死书","","李敖演讲集","045.20100525李敖台湾大学演讲","39","《大李敖全集5.0》（wjm_tcy版）分章节/010.节目演讲类/011.李敖演讲集/045.20100525李敖台湾大学演讲.txt","","[]","data/timeline-events-li-ao-yanjiangji.json","li-ao-yanjiangji-045-says-he-selects-books-by-smell-and-rejects-reincarnation-premises","{""id"":""li-ao-yanjiangji-045-says-he-selects-books-by-smell-and-rejects-reincarnation-premises"",""date"":""2010-05-25"",""displayDate"":""2010年5月25日"",""datePrecision"":""day"",""title"":""李敖在台大演讲说选书靠嗅觉并拒绝轮回前提的西藏生死书"",""summary"":""李敖说书太多时要靠嗅觉筛选，像《西藏生死书》这类以轮回为前提的书，他会在前提处直接停下。"",""view"":[""演讲线"",""教育线""],""tags"":[""李敖演讲集"",""演讲"",""台湾大学"",""大学演讲"",""读书方法"",""前提检查"",""西藏生死书""],""people"":[""李敖""],""places"":[""台湾大学""],""works"":[""李敖演讲集"",""045.20100525李敖台湾大学演讲"",""西藏生死书""],""certainty"":""confirmed"",""source"":{""book"":""李敖演讲集"",""chapter"":""045.20100525李敖台湾大学演讲"",""path"":""《大李敖全集5.0》（wjm_tcy版）分章节/010.节目演讲类/011.李敖演讲集/045.20100525李敖台湾大学演讲.txt"",""line"":39,""lines"":[39]},""crossReferences"":[],""dataFile"":""data/timeline-events-li-ao-yanjiangji.json""}"
"25180","2010","2010-05-25","2010年5月25日","day","confirmed","李敖在台大演讲说繁体简体可以像日本假名一样并存","李敖说繁简字可共存，丑的简体应改进，好的简化则可保留；重点在识别效率和中文未来。","李敖","台湾大学","李敖演讲集、演讲、台湾大学、大学演讲、繁体字、简体字、中文未来","演讲线、教育线","李敖演讲集、045.20100525李敖台湾大学演讲","li-ao-yanjiangji-040-praises-idiom-yilao-mailao-and-traditional-character-recognition","李敖演讲集","045.20100525李敖台湾大学演讲","169","《大李敖全集5.0》（wjm_tcy版）分章节/010.节目演讲类/011.李敖演讲集/045.20100525李敖台湾大学演讲.txt","","[]","data/timeline-events-li-ao-yanjiangji.json","li-ao-yanjiangji-045-says-traditional-and-simplified-characters-can-coexist","{""id"":""li-ao-yanjiangji-045-says-traditional-and-simplified-characters-can-coexist"",""date"":""2010-05-25"",""displayDate"":""2010年5月25日"",""datePrecision"":""day"",""title"":""李敖在台大演讲说繁体简体可以像日本假名一样并存"",""summary"":""李敖说繁简字可共存，丑的简体应改进，好的简化则可保留；重点在识别效率和中文未来。"",""view"":[""演讲线"",""教育线""],""tags"":[""李敖演讲集"",""演讲"",""台湾大学"",""大学演讲"",""繁体字"",""简体字"",""中文未来""],""people"":[""李敖""],""places"":[""台湾大学""],""works"":[""李敖演讲集"",""045.20100525李敖台湾大学演讲""],""certainty"":""confirmed"",""source"":{""book"":""李敖演讲集"",""chapter"":""045.20100525李敖台湾大学演讲"",""path"":""《大李敖全集5.0》（wjm_tcy版）分章节/010.节目演讲类/011.李敖演讲集/045.20100525李敖台湾大学演讲.txt"",""line"":169,""lines"":[169]},""crossReferences"":[""li-ao-yanjiangji-040-praises-idiom-yilao-mailao-and-traditional-character-recognition""],""dataFile"":""data/timeline-events-li-ao-yanjiangji.json""}"
"25181","2010","2010-05-25","2010年5月25日","day","confirmed","李敖在台大演讲借王小波殷海光批台大不要只做水肥","李敖谈王小波、胡秋原、殷海光等知识人，并回忆自己当立委骂八位大学校长和杜正胜，警告台大不要只在体制里发酵。","李敖、王小波、胡秋原、殷海光、杜正胜","台湾大学","李敖演讲集、演讲、台湾大学、大学演讲、王小波、殷海光、大学教育、杜正胜","演讲线、教育线","李敖演讲集、045.20100525李敖台湾大学演讲","","李敖演讲集","045.20100525李敖台湾大学演讲","65","《大李敖全集5.0》（wjm_tcy版）分章节/010.节目演讲类/011.李敖演讲集/045.20100525李敖台湾大学演讲.txt","","[]","data/timeline-events-li-ao-yanjiangji.json","li-ao-yanjiangji-045-uses-wang-xiaobo-and-yin-haiguang-to-urge-ntu-not-to-be-water-fertilizer","{""id"":""li-ao-yanjiangji-045-uses-wang-xiaobo-and-yin-haiguang-to-urge-ntu-not-to-be-water-fertilizer"",""date"":""2010-05-25"",""displayDate"":""2010年5月25日"",""datePrecision"":""day"",""title"":""李敖在台大演讲借王小波殷海光批台大不要只做水肥"",""summary"":""李敖谈王小波、胡秋原、殷海光等知识人，并回忆自己当立委骂八位大学校长和杜正胜，警告台大不要只在体制里发酵。"",""view"":[""演讲线"",""教育线""],""tags"":[""李敖演讲集"",""演讲"",""台湾大学"",""大学演讲"",""王小波"",""殷海光"",""大学教育"",""杜正胜""],""people"":[""李敖"",""王小波"",""胡秋原"",""殷海光"",""杜正胜""],""places"":[""台湾大学""],""works"":[""李敖演讲集"",""045.20100525李敖台湾大学演讲""],""certainty"":""confirmed"",""source"":{""book"":""李敖演讲集"",""chapter"":""045.20100525李敖台湾大学演讲"",""path"":""《大李敖全集5.0》（wjm_tcy版）分章节/010.节目演讲类/011.李敖演讲集/045.20100525李敖台湾大学演讲.txt"",""line"":65,""lines"":[65]},""crossReferences"":[],""dataFile"":""data/timeline-events-li-ao-yanjiangji.json""}"
"25182","2010","2010-05-25","2010年5月25日","day","confirmed","李敖在台大演讲警告人文学科不能只有韩寒式聪明而少读书","李敖说人文学科要大量阅读，韩寒若在哲学等问题上低估知识积累，就会有危险。","李敖、韩寒","台湾大学","李敖演讲集、演讲、台湾大学、大学演讲、人文学科、韩寒、读书","演讲线、教育线","李敖演讲集、045.20100525李敖台湾大学演讲","","李敖演讲集","045.20100525李敖台湾大学演讲","63","《大李敖全集5.0》（wjm_tcy版）分章节/010.节目演讲类/011.李敖演讲集/045.20100525李敖台湾大学演讲.txt","","[]","data/timeline-events-li-ao-yanjiangji.json","li-ao-yanjiangji-045-warns-humanities-students-that-han-han-style-cleverness-without-reading-is-dangerous","{""id"":""li-ao-yanjiangji-045-warns-humanities-students-that-han-han-style-cleverness-without-reading-is-dangerous"",""date"":""2010-05-25"",""displayDate"":""2010年5月25日"",""datePrecision"":""day"",""title"":""李敖在台大演讲警告人文学科不能只有韩寒式聪明而少读书"",""summary"":""李敖说人文学科要大量阅读，韩寒若在哲学等问题上低估知识积累，就会有危险。"",""view"":[""演讲线"",""教育线""],""tags"":[""李敖演讲集"",""演讲"",""台湾大学"",""大学演讲"",""人文学科"",""韩寒"",""读书""],""people"":[""李敖"",""韩寒""],""places"":[""台湾大学""],""works"":[""李敖演讲集"",""045.20100525李敖台湾大学演讲""],""certainty"":""confirmed"",""source"":{""book"":""李敖演讲集"",""chapter"":""045.20100525李敖台湾大学演讲"",""path"":""《大李敖全集5.0》（wjm_tcy版）分章节/010.节目演讲类/011.李敖演讲集/045.20100525李敖台湾大学演讲.txt"",""line"":63,""lines"":[63]},""crossReferences"":[],""dataFile"":""data/timeline-events-li-ao-yanjiangji.json""}"
"25183","2010","2010-05-25","2010年5月25日星期二","day","confirmed","在台湾大学演讲","《李敖五十年表》记，2010年5月25日，李敖在台湾大学演讲。对第八本当前已补进的晚年节目主持与社交媒体节点而言，这条把2010年的公开演讲活动单独落成日级，补上节目之外的线下公共发声轨迹。","李敖","台湾大学、台湾","台湾大学、演讲、公开活动","演讲线、生平线、媒体线","李敖相关","","李敖相关","001.李敖五十年表","177","《大李敖全集5.0》（wjm_tcy版）分章节/001.自传回忆类/008.李敖相关/001.李敖五十年表.txt","","[]","data/timeline-events-eighth-book.json","book8-2010-05-25-gives-lecture-at-national-taiwan-university","{""id"":""book8-2010-05-25-gives-lecture-at-national-taiwan-university"",""date"":""2010-05-25"",""displayDate"":""2010年5月25日星期二"",""datePrecision"":""day"",""title"":""在台湾大学演讲"",""summary"":""《李敖五十年表》记，2010年5月25日，李敖在台湾大学演讲。对第八本当前已补进的晚年节目主持与社交媒体节点而言，这条把2010年的公开演讲活动单独落成日级，补上节目之外的线下公共发声轨迹。"",""view"":[""演讲线"",""生平线"",""媒体线""],""tags"":[""台湾大学"",""演讲"",""公开活动""],""people"":[""李敖""],""places"":[""台湾大学"",""台湾""],""works"":[""李敖相关""],""certainty"":""confirmed"",""source"":{""book"":""李敖相关"",""chapter"":""001.李敖五十年表"",""path"":""《大李敖全集5.0》（wjm_tcy版）分章节/001.自传回忆类/008.李敖相关/001.李敖五十年表.txt"",""line"":177},""dataFile"":""data/timeline-events-eighth-book.json""}"
"25184","2010","2010-06-15","2010年6月15日星期二","day","confirmed","李敖写《为中央研究院弊案质问》","《为中央研究院弊案质问》文末署“2010年6月15日，代立委作”。李敖据王世杰日记与中研院旧案材料，追问《中古上古史》拖延四十七年不成书的责任，把学术怠工问题重新推上公开质问。","李敖、许倬云、王世杰、李济","台湾","你笨蛋，你笨蛋、中央研究院、许倬云、王世杰、2010","写作线、政治线、司法线","你笨蛋，你笨蛋、为中央研究院弊案质问、中国上古史","","你笨蛋，你笨蛋","028.为中央研究院弊案质问","45","《大李敖全集5.0》（wjm_tcy版）分章节/003.惊世杂文类/010.你笨蛋，你笨蛋/028.为中央研究院弊案质问.txt","","[]","data/timeline-events-ni-bendan.json","ni-bendan-2010-06-15-writes-query-over-academia-sinica-scandal","{""id"":""ni-bendan-2010-06-15-writes-query-over-academia-sinica-scandal"",""date"":""2010-06-15"",""displayDate"":""2010年6月15日星期二"",""datePrecision"":""day"",""title"":""李敖写《为中央研究院弊案质问》"",""summary"":""《为中央研究院弊案质问》文末署“2010年6月15日，代立委作”。李敖据王世杰日记与中研院旧案材料，追问《中古上古史》拖延四十七年不成书的责任，把学术怠工问题重新推上公开质问。"",""view"":[""写作线"",""政治线"",""司法线""],""tags"":[""你笨蛋，你笨蛋"",""中央研究院"",""许倬云"",""王世杰"",""2010""],""people"":[""李敖"",""许倬云"",""王世杰"",""李济""],""places"":[""台湾""],""works"":[""你笨蛋，你笨蛋"",""为中央研究院弊案质问"",""中国上古史""],""certainty"":""confirmed"",""source"":{""book"":""你笨蛋，你笨蛋"",""chapter"":""028.为中央研究院弊案质问"",""path"":""《大李敖全集5.0》（wjm_tcy版）分章节/003.惊世杂文类/010.你笨蛋，你笨蛋/028.为中央研究院弊案质问.txt"",""line"":45},""dataFile"":""data/timeline-events-ni-bendan.json""}"
"25185","2010","2010-06-18","2010年6月18日星期五","day","confirmed","李敖写《帝王蓝》","《帝王蓝》文末署“2010年6月18日晨”。李敖从 Royal Blue 墨水的高贵与褪色谈起，把钢笔、纸张、时间与自我消逝写成一篇色彩哲学短文。","李敖","台湾","你笨蛋，你笨蛋、帝王蓝、钢笔、Royal Blue、2010","写作线、思想线、日常线","你笨蛋，你笨蛋、帝王蓝","","你笨蛋，你笨蛋","029.帝王蓝","11","《大李敖全集5.0》（wjm_tcy版）分章节/003.惊世杂文类/010.你笨蛋，你笨蛋/029.帝王蓝.txt","","[]","data/timeline-events-ni-bendan.json","ni-bendan-2010-06-18-writes-imperial-blue","{""id"":""ni-bendan-2010-06-18-writes-imperial-blue"",""date"":""2010-06-18"",""displayDate"":""2010年6月18日星期五"",""datePrecision"":""day"",""title"":""李敖写《帝王蓝》"",""summary"":""《帝王蓝》文末署“2010年6月18日晨”。李敖从 Royal Blue 墨水的高贵与褪色谈起，把钢笔、纸张、时间与自我消逝写成一篇色彩哲学短文。"",""view"":[""写作线"",""思想线"",""日常线""],""tags"":[""你笨蛋，你笨蛋"",""帝王蓝"",""钢笔"",""Royal Blue"",""2010""],""people"":[""李敖""],""places"":[""台湾""],""works"":[""你笨蛋，你笨蛋"",""帝王蓝""],""certainty"":""confirmed"",""source"":{""book"":""你笨蛋，你笨蛋"",""chapter"":""029.帝王蓝"",""path"":""《大李敖全集5.0》（wjm_tcy版）分章节/003.惊世杂文类/010.你笨蛋，你笨蛋/029.帝王蓝.txt"",""line"":11},""dataFile"":""data/timeline-events-ni-bendan.json""}"
"25186","2010","2010-07-04","2010年7月4日星期日","day","confirmed","李敖写《李戡戡乱记》导读","《〈李戡戡乱记〉导读》文末署“2010年7月4日，在中国台湾”。李敖以“徜徉恣肆、行云流水”的自我声明，为李戡的书写一篇导读，也借机把自己的家国流亡记忆与父子两代人的历史经验串接起来。","李敖、李戡","台湾","你笨蛋，你笨蛋、李戡戡乱记、李戡、导读、2010","写作线、家庭线、出版线","你笨蛋，你笨蛋、李戡戡乱记","","你笨蛋，你笨蛋","030.《李戡戡乱记》导读","261","《大李敖全集5.0》（wjm_tcy版）分章节/003.惊世杂文类/010.你笨蛋，你笨蛋/030.《李戡戡乱记》导读.txt","","[]","data/timeline-events-ni-bendan.json","ni-bendan-2010-07-04-writes-guide-to-li-kan-chaos-notes","{""id"":""ni-bendan-2010-07-04-writes-guide-to-li-kan-chaos-notes"",""date"":""2010-07-04"",""displayDate"":""2010年7月4日星期日"",""datePrecision"":""day"",""title"":""李敖写《李戡戡乱记》导读"",""summary"":""《〈李戡戡乱记〉导读》文末署“2010年7月4日，在中国台湾”。李敖以“徜徉恣肆、行云流水”的自我声明，为李戡的书写一篇导读，也借机把自己的家国流亡记忆与父子两代人的历史经验串接起来。"",""view"":[""写作线"",""家庭线"",""出版线""],""tags"":[""你笨蛋，你笨蛋"",""李戡戡乱记"",""李戡"",""导读"",""2010""],""people"":[""李敖"",""李戡""],""places"":[""台湾""],""works"":[""你笨蛋，你笨蛋"",""李戡戡乱记""],""certainty"":""confirmed"",""source"":{""book"":""你笨蛋，你笨蛋"",""chapter"":""030.《李戡戡乱记》导读"",""path"":""《大李敖全集5.0》（wjm_tcy版）分章节/003.惊世杂文类/010.你笨蛋，你笨蛋/030.《李戡戡乱记》导读.txt"",""line"":261},""dataFile"":""data/timeline-events-ni-bendan.json""}"
"25187","2010","2010-07-11","2010年7月11日星期日","day","confirmed","李敖把《背影》复印件送谢聪敏并劝他写书","《背影与后记》写，谢聪敏请李敖和李戡吃饭时，李敖带去二十一年前写的《背影》复印件送给谢聪敏，当面劝他公开验收旧日政见、写一本书，并表示愿为其作导言；饭后又一起逛书店，买书相赠。","李敖、谢聪敏、李戡、彭明敏、魏廷朝","台湾","你笨蛋，你笨蛋、谢聪敏、背影、李戡、2010","交游线、书信线、政治线","你笨蛋，你笨蛋、背影","","你笨蛋，你笨蛋","031.背影与后记","25","《大李敖全集5.0》（wjm_tcy版）分章节/003.惊世杂文类/010.你笨蛋，你笨蛋/031.背影与后记.txt","","[]","data/timeline-events-ni-bendan.json","ni-bendan-2010-07-11-gives-beiying-copy-to-xie-congmin-and-urges-book","{""id"":""ni-bendan-2010-07-11-gives-beiying-copy-to-xie-congmin-and-urges-book"",""date"":""2010-07-11"",""displayDate"":""2010年7月11日星期日"",""datePrecision"":""day"",""title"":""李敖把《背影》复印件送谢聪敏并劝他写书"",""summary"":""《背影与后记》写，谢聪敏请李敖和李戡吃饭时，李敖带去二十一年前写的《背影》复印件送给谢聪敏，当面劝他公开验收旧日政见、写一本书，并表示愿为其作导言；饭后又一起逛书店，买书相赠。"",""view"":[""交游线"",""书信线"",""政治线""],""tags"":[""你笨蛋，你笨蛋"",""谢聪敏"",""背影"",""李戡"",""2010""],""people"":[""李敖"",""谢聪敏"",""李戡"",""彭明敏"",""魏廷朝""],""places"":[""台湾""],""works"":[""你笨蛋，你笨蛋"",""背影""],""certainty"":""confirmed"",""source"":{""book"":""你笨蛋，你笨蛋"",""chapter"":""031.背影与后记"",""path"":""《大李敖全集5.0》（wjm_tcy版）分章节/003.惊世杂文类/010.你笨蛋，你笨蛋/031.背影与后记.txt"",""line"":25},""dataFile"":""data/timeline-events-ni-bendan.json""}"
"25188","2010","2010-08-13","2010年8月13日星期五","day","confirmed","李敖写《阳痿美国》","《我写〈阳痿美国〉》文末署“2010年8月13日”。李敖把美国的霸权、军费和软实力包装概括为“政治上的强阳不倒”，主张用“让美国阳痿”的方式反治其病。","李敖","台湾","你笨蛋，你笨蛋、阳痿美国、美国、2010","写作线、政治线、国际线","你笨蛋，你笨蛋、阳痿美国","book7-2010-10-publishes-yangwei-america、dream-awake-2011-10-09-asia-weekly-publishes-li-ao-bombards-kmt-ccp-interview、li-ao-fangtanlu-2010-08-29-jinjiang-press-conference-and-southern-weekend-interview","你笨蛋，你笨蛋","032.我写《阳痿美国》","21","《大李敖全集5.0》（wjm_tcy版）分章节/003.惊世杂文类/010.你笨蛋，你笨蛋/032.我写《阳痿美国》.txt","阳痿美国 / 001.扉幕 JOHN-JOHN开场白 / line 17 / 说明：本书正文落实“使美国阳痿”的核心概念。 / 《大李敖全集5.0》（wjm_tcy版）分章节/004.小说剧本类/005.阳痿美国/001.扉幕 JOHN-JOHN开场白.txt || 阳痿美国 / 001.扉幕 JOHN-JOHN开场白 / line 27 / 说明：首幕直接点出书名式命题。 / 《大李敖全集5.0》（wjm_tcy版）分章节/004.小说剧本类/005.阳痿美国/001.扉幕 JOHN-JOHN开场白.txt || 阳痿美国 / 046.尾幕 JOHN-JOHN收尾 / line 37 / 说明：尾幕回扣“美国阳痿了”的戏剧结论。 / 《大李敖全集5.0》（wjm_tcy版）分章节/004.小说剧本类/005.阳痿美国/046.尾幕 JOHN-JOHN收尾.txt || 李敖访谈录1990-2018 / 049.20100910《南方周末》专访李敖 / line 43 / 说明：《南方周末》专访中李敖翻开《阳痿美国》举美元数据，并说明这本书两年写成、揭露美国黑暗面。 / 《大李敖全集5.0》（wjm_tcy版）分章节/007.采访序跋类/005.李敖访谈录1990-2018/049.20100910《南方周末》专访李敖.txt","[{""book"":""阳痿美国"",""chapter"":""001.扉幕 JOHN-JOHN开场白"",""path"":""《大李敖全集5.0》（wjm_tcy版）分章节/004.小说剧本类/005.阳痿美国/001.扉幕 JOHN-JOHN开场白.txt"",""line"":17,""note"":""本书正文落实“使美国阳痿”的核心概念。""},{""book"":""阳痿美国"",""chapter"":""001.扉幕 JOHN-JOHN开场白"",""path"":""《大李敖全集5.0》（wjm_tcy版）分章节/004.小说剧本类/005.阳痿美国/001.扉幕 JOHN-JOHN开场白.txt"",""line"":27,""note"":""首幕直接点出书名式命题。""},{""book"":""阳痿美国"",""chapter"":""046.尾幕 JOHN-JOHN收尾"",""path"":""《大李敖全集5.0》（wjm_tcy版）分章节/004.小说剧本类/005.阳痿美国/046.尾幕 JOHN-JOHN收尾.txt"",""line"":37,""note"":""尾幕回扣“美国阳痿了”的戏剧结论。""},{""book"":""李敖访谈录1990-2018"",""chapter"":""049.20100910《南方周末》专访李敖"",""path"":""《大李敖全集5.0》（wjm_tcy版）分章节/007.采访序跋类/005.李敖访谈录1990-2018/049.20100910《南方周末》专访李敖.txt"",""line"":43,""lines"":[43,51,105,107,109],""note"":""《南方周末》专访中李敖翻开《阳痿美国》举美元数据，并说明这本书两年写成、揭露美国黑暗面。""}]","data/timeline-events-ni-bendan.json","ni-bendan-2010-08-13-writes-impotent-america","{""id"":""ni-bendan-2010-08-13-writes-impotent-america"",""date"":""2010-08-13"",""displayDate"":""2010年8月13日星期五"",""datePrecision"":""day"",""title"":""李敖写《阳痿美国》"",""summary"":""《我写〈阳痿美国〉》文末署“2010年8月13日”。李敖把美国的霸权、军费和软实力包装概括为“政治上的强阳不倒”，主张用“让美国阳痿”的方式反治其病。"",""view"":[""写作线"",""政治线"",""国际线""],""tags"":[""你笨蛋，你笨蛋"",""阳痿美国"",""美国"",""2010""],""people"":[""李敖""],""places"":[""台湾""],""works"":[""你笨蛋，你笨蛋"",""阳痿美国""],""certainty"":""confirmed"",""crossReferences"":[""book7-2010-10-publishes-yangwei-america"",""dream-awake-2011-10-09-asia-weekly-publishes-li-ao-bombards-kmt-ccp-interview"",""li-ao-fangtanlu-2010-08-29-jinjiang-press-conference-and-southern-weekend-interview""],""source"":{""book"":""你笨蛋，你笨蛋"",""chapter"":""032.我写《阳痿美国》"",""path"":""《大李敖全集5.0》（wjm_tcy版）分章节/003.惊世杂文类/010.你笨蛋，你笨蛋/032.我写《阳痿美国》.txt"",""line"":21},""additionalSources"":[{""book"":""阳痿美国"",""chapter"":""001.扉幕 JOHN-JOHN开场白"",""path"":""《大李敖全集5.0》（wjm_tcy版）分章节/004.小说剧本类/005.阳痿美国/001.扉幕 JOHN-JOHN开场白.txt"",""line"":17,""note"":""本书正文落实“使美国阳痿”的核心概念。""},{""book"":""阳痿美国"",""chapter"":""001.扉幕 JOHN-JOHN开场白"",""path"":""《大李敖全集5.0》（wjm_tcy版）分章节/004.小说剧本类/005.阳痿美国/001.扉幕 JOHN-JOHN开场白.txt"",""line"":27,""note"":""首幕直接点出书名式命题。""},{""book"":""阳痿美国"",""chapter"":""046.尾幕 JOHN-JOHN收尾"",""path"":""《大李敖全集5.0》（wjm_tcy版）分章节/004.小说剧本类/005.阳痿美国/046.尾幕 JOHN-JOHN收尾.txt"",""line"":37,""note"":""尾幕回扣“美国阳痿了”的戏剧结论。""},{""book"":""李敖访谈录1990-2018"",""chapter"":""049.20100910《南方周末》专访李敖"",""path"":""《大李敖全集5.0》（wjm_tcy版）分章节/007.采访序跋类/005.李敖访谈录1990-2018/049.20100910《南方周末》专访李敖.txt"",""line"":43,""lines"":[43,51,105,107,109],""note"":""《南方周末》专访中李敖翻开《阳痿美国》举美元数据，并说明这本书两年写成、揭露美国黑暗面。""}],""dataFile"":""data/timeline-events-ni-bendan.json""}"
"25189","2010","2010-08-19","2010年8月19日星期四","day","confirmed","宋楚瑜到阳明山给李敖看琉球文件","《“钓鱼台”梦碎》写，2010年8月19日宋楚瑜到阳明山看李敖，带了一大箱文件给他过目；其中有中国飞机本有权利使用琉球机场的文件。李敖据此追问蒋介石当年同意琉球中美共管后，为什么中国后来会被踢走，并把材料纳入钓鱼台与琉球问题的历史追查。","李敖、宋楚瑜、蒋介石、罗斯福","阳明山、台湾、琉球、钓鱼台","我梦碎，所以我梦醒、宋楚瑜、阳明山、钓鱼台、琉球、资料、2010","交游线、资料线、政治线","我梦碎，所以我梦醒、“钓鱼台”梦碎","","我梦碎，所以我梦醒","013.“钓鱼台”梦碎","7","《大李敖全集5.0》（wjm_tcy版）分章节/003.惊世杂文类/011.我梦碎，所以我梦醒/013.“钓鱼台”梦碎.txt","","[]","data/timeline-events-dream-awake.json","dream-awake-2010-08-19-song-chuyu-brings-ryukyu-documents-to-li-ao","{""id"":""dream-awake-2010-08-19-song-chuyu-brings-ryukyu-documents-to-li-ao"",""date"":""2010-08-19"",""displayDate"":""2010年8月19日星期四"",""datePrecision"":""day"",""title"":""宋楚瑜到阳明山给李敖看琉球文件"",""summary"":""《“钓鱼台”梦碎》写，2010年8月19日宋楚瑜到阳明山看李敖，带了一大箱文件给他过目；其中有中国飞机本有权利使用琉球机场的文件。李敖据此追问蒋介石当年同意琉球中美共管后，为什么中国后来会被踢走，并把材料纳入钓鱼台与琉球问题的历史追查。"",""view"":[""交游线"",""资料线"",""政治线""],""tags"":[""我梦碎，所以我梦醒"",""宋楚瑜"",""阳明山"",""钓鱼台"",""琉球"",""资料"",""2010""],""people"":[""李敖"",""宋楚瑜"",""蒋介石"",""罗斯福""],""places"":[""阳明山"",""台湾"",""琉球"",""钓鱼台""],""works"":[""我梦碎，所以我梦醒"",""“钓鱼台”梦碎""],""certainty"":""confirmed"",""source"":{""book"":""我梦碎，所以我梦醒"",""chapter"":""013.“钓鱼台”梦碎"",""path"":""《大李敖全集5.0》（wjm_tcy版）分章节/003.惊世杂文类/011.我梦碎，所以我梦醒/013.“钓鱼台”梦碎.txt"",""line"":7},""dataFile"":""data/timeline-events-dream-awake.json""}"
"25190","2010","2010-08-29","2010年8月29日，上海行程中","day","reported-by-source","专程参观中共一大会址","2010年8月29日，李敖专程赴中共一大会址参观。他对《南方周末》说，中国共产党成立于上海，这也是上海的一个特色，所以自己选择来到这个地方。这条作为上海世博行程中的一个明确政治历史现场动作入表。","李敖","上海、中共一大会址","中共一大会址、上海、参观、中国共产党","旅行线、史识线、政治线","《南方周末》专访李敖","li-ao-fangtanlu-2010-08-26-family-expo-fuchun-trip","李敖访谈录1990-2018","049.20100910《南方周末》专访李敖","85","《大李敖全集5.0》（wjm_tcy版）分章节/007.采访序跋类/005.李敖访谈录1990-2018/049.20100910《南方周末》专访李敖.txt","","[]","data/timeline-events-li-ao-fangtanlu-1990-2018.json","li-ao-fangtanlu-2010-08-29-visits-cpc-first-congress-site","{""id"":""li-ao-fangtanlu-2010-08-29-visits-cpc-first-congress-site"",""date"":""2010-08-29"",""displayDate"":""2010年8月29日，上海行程中"",""datePrecision"":""day"",""title"":""专程参观中共一大会址"",""summary"":""2010年8月29日，李敖专程赴中共一大会址参观。他对《南方周末》说，中国共产党成立于上海，这也是上海的一个特色，所以自己选择来到这个地方。这条作为上海世博行程中的一个明确政治历史现场动作入表。"",""category"":""travel"",""type"":""李敖当事人事件"",""certainty"":""reported-by-source"",""source"":{""book"":""李敖访谈录1990-2018"",""chapter"":""049.20100910《南方周末》专访李敖"",""path"":""《大李敖全集5.0》（wjm_tcy版）分章节/007.采访序跋类/005.李敖访谈录1990-2018/049.20100910《南方周末》专访李敖.txt"",""line"":85,""lines"":[83,85],""note"":""《南方周末》记录李敖2010年8月29日专程赴中共一大会址参观并说明选择理由。""},""tags"":[""中共一大会址"",""上海"",""参观"",""中国共产党""],""people"":[""李敖""],""places"":[""上海"",""中共一大会址""],""works"":[""《南方周末》专访李敖""],""view"":[""旅行线"",""史识线"",""政治线""],""crossReferences"":[""li-ao-fangtanlu-2010-08-26-family-expo-fuchun-trip""],""dataFile"":""data/timeline-events-li-ao-fangtanlu-1990-2018.json""}"
"25191","2010","2010-08-29","2010年8月29日，上海行程中","day","reported-by-source","经周立波牵线携全家会见余隆并让李戡演奏《黄河》选段","2010年8月29日，经周立波牵头，李敖携全家与指挥家余隆会面，李戡当场在余隆面前演奏《黄河》选段。这一小场景把李敖送儿上北大前后的家庭出行、文化圈会面和对李戡的公开推介合在同一天。","李敖、李戡、周立波、余隆、王小屯、李谌","上海","周立波、余隆、李戡、黄河、上海","家庭线、交游线、旅行线","《南方周末》专访李敖、黄河","li-ao-fangtanlu-2010-08-26-family-expo-fuchun-trip","李敖访谈录1990-2018","049.20100910《南方周末》专访李敖","7","《大李敖全集5.0》（wjm_tcy版）分章节/007.采访序跋类/005.李敖访谈录1990-2018/049.20100910《南方周末》专访李敖.txt","","[]","data/timeline-events-li-ao-fangtanlu-1990-2018.json","li-ao-fangtanlu-2010-08-29-meets-yu-long-li-kan-plays-yellow-river","{""id"":""li-ao-fangtanlu-2010-08-29-meets-yu-long-li-kan-plays-yellow-river"",""date"":""2010-08-29"",""displayDate"":""2010年8月29日，上海行程中"",""datePrecision"":""day"",""title"":""经周立波牵线携全家会见余隆并让李戡演奏《黄河》选段"",""summary"":""2010年8月29日，经周立波牵头，李敖携全家与指挥家余隆会面，李戡当场在余隆面前演奏《黄河》选段。这一小场景把李敖送儿上北大前后的家庭出行、文化圈会面和对李戡的公开推介合在同一天。"",""category"":""meeting"",""type"":""李敖当事人事件"",""certainty"":""reported-by-source"",""source"":{""book"":""李敖访谈录1990-2018"",""chapter"":""049.20100910《南方周末》专访李敖"",""path"":""《大李敖全集5.0》（wjm_tcy版）分章节/007.采访序跋类/005.李敖访谈录1990-2018/049.20100910《南方周末》专访李敖.txt"",""line"":7,""lines"":[7],""note"":""《南方周末》记录2010年8月29日李敖经周立波牵线携全家会见余隆，李戡演奏《黄河》选段。""},""tags"":[""周立波"",""余隆"",""李戡"",""黄河"",""上海""],""people"":[""李敖"",""李戡"",""周立波"",""余隆"",""王小屯"",""李谌""],""places"":[""上海""],""works"":[""《南方周末》专访李敖"",""黄河""],""view"":[""家庭线"",""交游线"",""旅行线""],""crossReferences"":[""li-ao-fangtanlu-2010-08-26-family-expo-fuchun-trip""],""dataFile"":""data/timeline-events-li-ao-fangtanlu-1990-2018.json""}"
"25192","2010","2010-08-29","2010年8月29日，上海途中","day","reported-by-source","带家人重看少年上海旧地并前往探望二姐","2010年上海行程中，李敖在去上海博物馆路上，带家人抽空参观自己十四岁时生活过的南京路街区、国际饭店和金门大饭店，并回忆当年在缉椝中学读书、去商务印书馆常从这里经过但没钱消费。前往医院看骨折的二姐李珣途中，他又送给《南方周末》记者一本新书《阳痿美国》，谈到大姐李珉、二姐李珣仍在大陆以及1949年举家赴台造成的两地分离。","李敖、李珣、李珉、王小屯、李戡、李谌","上海、南京路、国际饭店、金门大饭店、缉椝中学","上海旧地、南京路、国际饭店、金门大饭店、缉椝中学、李珣、阳痿美国","旅行线、家庭线、回忆线","《南方周末》专访李敖、阳痿美国","book7-1949-05-11-leaves-shanghai-on-zhongxing-lun-with-family","李敖访谈录1990-2018","049.20100910《南方周末》专访李敖","25","《大李敖全集5.0》（wjm_tcy版）分章节/007.采访序跋类/005.李敖访谈录1990-2018/049.20100910《南方周末》专访李敖.txt","","[]","data/timeline-events-li-ao-fangtanlu-1990-2018.json","li-ao-fangtanlu-2010-08-29-shanghai-old-neighborhood-and-sister-visit","{""id"":""li-ao-fangtanlu-2010-08-29-shanghai-old-neighborhood-and-sister-visit"",""date"":""2010-08-29"",""displayDate"":""2010年8月29日，上海途中"",""datePrecision"":""day"",""title"":""带家人重看少年上海旧地并前往探望二姐"",""summary"":""2010年上海行程中，李敖在去上海博物馆路上，带家人抽空参观自己十四岁时生活过的南京路街区、国际饭店和金门大饭店，并回忆当年在缉椝中学读书、去商务印书馆常从这里经过但没钱消费。前往医院看骨折的二姐李珣途中，他又送给《南方周末》记者一本新书《阳痿美国》，谈到大姐李珉、二姐李珣仍在大陆以及1949年举家赴台造成的两地分离。"",""category"":""travel"",""type"":""李敖当事人事件"",""certainty"":""reported-by-source"",""source"":{""book"":""李敖访谈录1990-2018"",""chapter"":""049.20100910《南方周末》专访李敖"",""path"":""《大李敖全集5.0》（wjm_tcy版）分章节/007.采访序跋类/005.李敖访谈录1990-2018/049.20100910《南方周末》专访李敖.txt"",""line"":25,""lines"":[25,27,29,31,33],""note"":""《南方周末》记录李敖在上海带家人重看少年旧地、前往医院探望二姐，并谈1949年离沪赴台。""},""tags"":[""上海旧地"",""南京路"",""国际饭店"",""金门大饭店"",""缉椝中学"",""李珣"",""阳痿美国""],""people"":[""李敖"",""李珣"",""李珉"",""王小屯"",""李戡"",""李谌""],""places"":[""上海"",""南京路"",""国际饭店"",""金门大饭店"",""缉椝中学""],""works"":[""《南方周末》专访李敖"",""阳痿美国""],""view"":[""旅行线"",""家庭线"",""回忆线""],""crossReferences"":[""book7-1949-05-11-leaves-shanghai-on-zhongxing-lun-with-family""],""dataFile"":""data/timeline-events-li-ao-fangtanlu-1990-2018.json""}"
"25193","2010","2010-08-29","2010年8月29日，上海锦江饭店","day","reported-by-source","在锦江饭店开《李敖大全集》修订版发布会并接受独家专访","2010年8月29日，七十五岁的李敖在上海锦江饭店贵宾楼门口对《南方周末》说，这也许是自己最后一次回大陆，因年事已高，怕人们把现在的他和过去比较。此间他在锦江饭店召开《李敖大全集》修订版新闻发布会，会后接受《南方周末》独家专访。他在访问中说自己希望和台湾岛完全切掉，不上网、不用电脑、不用手机，每周一个人在阳明山待六天做研究、写书；又说三年“立法院”政治生活后已经厌倦台湾政治，不再玩政治游戏，并说明《阳痿美国》9月1日在台湾、香港发行，自己花两年写成四十万字、六百页。","李敖","上海、锦江饭店、阳明山、台湾、香港","南方周末、锦江饭店、李敖大全集、阳明山、不再玩政治、阳痿美国","访谈线、出版线、政治线、写作线","《南方周末》专访李敖、李敖大全集、阳痿美国、李敖议坛哀思录","book7-2010-10-publishes-yangwei-america、ni-bendan-2010-08-13-writes-impotent-america","李敖访谈录1990-2018","049.20100910《南方周末》专访李敖","9","《大李敖全集5.0》（wjm_tcy版）分章节/007.采访序跋类/005.李敖访谈录1990-2018/049.20100910《南方周末》专访李敖.txt","","[]","data/timeline-events-li-ao-fangtanlu-1990-2018.json","li-ao-fangtanlu-2010-08-29-jinjiang-press-conference-and-southern-weekend-interview","{""id"":""li-ao-fangtanlu-2010-08-29-jinjiang-press-conference-and-southern-weekend-interview"",""date"":""2010-08-29"",""displayDate"":""2010年8月29日，上海锦江饭店"",""datePrecision"":""day"",""title"":""在锦江饭店开《李敖大全集》修订版发布会并接受独家专访"",""summary"":""2010年8月29日，七十五岁的李敖在上海锦江饭店贵宾楼门口对《南方周末》说，这也许是自己最后一次回大陆，因年事已高，怕人们把现在的他和过去比较。此间他在锦江饭店召开《李敖大全集》修订版新闻发布会，会后接受《南方周末》独家专访。他在访问中说自己希望和台湾岛完全切掉，不上网、不用电脑、不用手机，每周一个人在阳明山待六天做研究、写书；又说三年“立法院”政治生活后已经厌倦台湾政治，不再玩政治游戏，并说明《阳痿美国》9月1日在台湾、香港发行，自己花两年写成四十万字、六百页。"",""category"":""interview"",""type"":""李敖当事人事件"",""certainty"":""reported-by-source"",""source"":{""book"":""李敖访谈录1990-2018"",""chapter"":""049.20100910《南方周末》专访李敖"",""path"":""《大李敖全集5.0》（wjm_tcy版）分章节/007.采访序跋类/005.李敖访谈录1990-2018/049.20100910《南方周末》专访李敖.txt"",""line"":9,""lines"":[9,11,19,57,59,67,89,91,99,105,107,109],""note"":""《南方周末》记录李敖2010年8月29日在锦江饭店发布《李敖大全集》修订版并接受独家专访，谈山居写作、不再玩政治和《阳痿美国》。""},""tags"":[""南方周末"",""锦江饭店"",""李敖大全集"",""阳明山"",""不再玩政治"",""阳痿美国""],""people"":[""李敖""],""places"":[""上海"",""锦江饭店"",""阳明山"",""台湾"",""香港""],""works"":[""《南方周末》专访李敖"",""李敖大全集"",""阳痿美国"",""李敖议坛哀思录""],""view"":[""访谈线"",""出版线"",""政治线"",""写作线""],""crossReferences"":[""book7-2010-10-publishes-yangwei-america"",""ni-bendan-2010-08-13-writes-impotent-america""],""dataFile"":""data/timeline-events-li-ao-fangtanlu-1990-2018.json""}"
"25194","2010","2010-08-30","2010年8月30日，上海开往杭州动车上","day","reported-by-source","在上海至杭州动车上接受凤凰网专访","2010年8月30日，凤凰网在上海开往杭州的动车上专访李敖。谈李戡赴北大时，李敖在车上说本来不要去北京，以后有火车就要去，还笑着抱住旁边铁道部人士；他区别对子女的期待，称儿子将来可能翻江倒海、女儿可能进入凤凰。谈杭州看《富春山居图》合璧前的安排时，他把这个构想归功于刘长乐；被问以后是否还口诛笔伐，他说只要有机会还会继续，平常没人围着时就自言自语，并称自己没有娱乐、没有休闲，是工作狂。","李敖、李戡、李谌、刘长乐","上海、杭州、动车、北京","凤凰网、动车、李戡、李谌、富春山居图、工作狂","访谈线、家庭线、旅行线","《凤凰网》专访李敖、富春山居图","li-ao-fangtanlu-2010-08-26-family-expo-fuchun-trip、sui-qianwan-2011-06-08-sees-fuchun-mountains-reunited","李敖访谈录1990-2018","047.20100830《凤凰网》专访李敖","5","《大李敖全集5.0》（wjm_tcy版）分章节/007.采访序跋类/005.李敖访谈录1990-2018/047.20100830《凤凰网》专访李敖.txt","","[]","data/timeline-events-li-ao-fangtanlu-1990-2018.json","li-ao-fangtanlu-2010-08-30-phoenix-train-interview-shanghai-hangzhou","{""id"":""li-ao-fangtanlu-2010-08-30-phoenix-train-interview-shanghai-hangzhou"",""date"":""2010-08-30"",""displayDate"":""2010年8月30日，上海开往杭州动车上"",""datePrecision"":""day"",""title"":""在上海至杭州动车上接受凤凰网专访"",""summary"":""2010年8月30日，凤凰网在上海开往杭州的动车上专访李敖。谈李戡赴北大时，李敖在车上说本来不要去北京，以后有火车就要去，还笑着抱住旁边铁道部人士；他区别对子女的期待，称儿子将来可能翻江倒海、女儿可能进入凤凰。谈杭州看《富春山居图》合璧前的安排时，他把这个构想归功于刘长乐；被问以后是否还口诛笔伐，他说只要有机会还会继续，平常没人围着时就自言自语，并称自己没有娱乐、没有休闲，是工作狂。"",""category"":""interview"",""type"":""李敖当事人事件"",""certainty"":""reported-by-source"",""source"":{""book"":""李敖访谈录1990-2018"",""chapter"":""047.20100830《凤凰网》专访李敖"",""path"":""《大李敖全集5.0》（wjm_tcy版）分章节/007.采访序跋类/005.李敖访谈录1990-2018/047.20100830《凤凰网》专访李敖.txt"",""line"":5,""lines"":[5,15,17,19,21,27,29,33,35,39,49],""note"":""凤凰网记录李敖2010年8月30日在上海开往杭州的动车上接受专访，谈李戡、富春山居图、口诛笔伐和工作狂生活。""},""tags"":[""凤凰网"",""动车"",""李戡"",""李谌"",""富春山居图"",""工作狂""],""people"":[""李敖"",""李戡"",""李谌"",""刘长乐""],""places"":[""上海"",""杭州"",""动车"",""北京""],""works"":[""《凤凰网》专访李敖"",""富春山居图""],""view"":[""访谈线"",""家庭线"",""旅行线""],""crossReferences"":[""li-ao-fangtanlu-2010-08-26-family-expo-fuchun-trip"",""sui-qianwan-2011-06-08-sees-fuchun-mountains-reunited""],""dataFile"":""data/timeline-events-li-ao-fangtanlu-1990-2018.json""}"
"25195","2010","2010-09-05","2010年9月5日","day","reported-by-author","李敖致蔡武残信，欢迎来家并为《阳痿美国》出版受阻申辩","2010年9月5日，李敖从上海返台五天后写给文化部长蔡武，先说凤凰卫视刘长乐送行时问蔡武访台可否相见，李敖答若蔡武来他家，欢迎。李敖在残信中谈“文化外悠”、美国软实力和敏感词审查，批评封杀书名不是大国风范，并以蒋介石查禁书的历史作比。谈到自己花两年写成《阳痿美国》却因北京三联嫌书名“粗俗”而拒出时，李敖在给蔡武的信中判断“阳痿”本是医学名词，要求蔡武主持正义，别让反美经典埋没在“刀笔吏”手里。","李敖、蔡武、刘长乐、蒋介石","台湾、上海、北京","蔡武、刘长乐、凤凰卫视、阳痿美国、北京三联、敏感词、审查、反美","书信线、出版线、两岸线、政治线","李敖书信集、2010年致蔡武信残本、阳痿美国","li-ao-fangtanlu-2010-08-29-jinjiang-press-conference-and-southern-weekend-interview、book7-2010-10-publishes-yangwei-america、sui-qianwan-2011-05-17-xiaoe-calls-about-mainland-publication-blockage","李敖书信集","068.2010年致蔡武信残本","5","《大李敖全集5.0》（wjm_tcy版）分章节/008.书信函件类/002.李敖书信集/068.2010年致蔡武信残本.txt","","[]","data/timeline-events-li-ao-shuxinji.json","li-ao-shuxinji-2010-09-05-writes-cai-wu-yangwei-america-censorship","{""id"":""li-ao-shuxinji-2010-09-05-writes-cai-wu-yangwei-america-censorship"",""date"":""2010-09-05"",""displayDate"":""2010年9月5日"",""datePrecision"":""day"",""title"":""李敖致蔡武残信，欢迎来家并为《阳痿美国》出版受阻申辩"",""summary"":""2010年9月5日，李敖从上海返台五天后写给文化部长蔡武，先说凤凰卫视刘长乐送行时问蔡武访台可否相见，李敖答若蔡武来他家，欢迎。李敖在残信中谈“文化外悠”、美国软实力和敏感词审查，批评封杀书名不是大国风范，并以蒋介石查禁书的历史作比。谈到自己花两年写成《阳痿美国》却因北京三联嫌书名“粗俗”而拒出时，李敖在给蔡武的信中判断“阳痿”本是医学名词，要求蔡武主持正义，别让反美经典埋没在“刀笔吏”手里。"",""category"":""letters"",""type"":""李敖当事人事件"",""certainty"":""reported-by-author"",""source"":{""book"":""李敖书信集"",""chapter"":""068.2010年致蔡武信残本"",""path"":""《大李敖全集5.0》（wjm_tcy版）分章节/008.书信函件类/002.李敖书信集/068.2010年致蔡武信残本.txt"",""line"":5,""lines"":[5,7,9,11,13,15]},""tags"":[""蔡武"",""刘长乐"",""凤凰卫视"",""阳痿美国"",""北京三联"",""敏感词"",""审查"",""反美""],""people"":[""李敖"",""蔡武"",""刘长乐"",""蒋介石""],""places"":[""台湾"",""上海"",""北京""],""works"":[""李敖书信集"",""2010年致蔡武信残本"",""阳痿美国""],""view"":[""书信线"",""出版线"",""两岸线"",""政治线""],""crossReferences"":[""li-ao-fangtanlu-2010-08-29-jinjiang-press-conference-and-southern-weekend-interview"",""book7-2010-10-publishes-yangwei-america"",""sui-qianwan-2011-05-17-xiaoe-calls-about-mainland-publication-blockage""],""dataFile"":""data/timeline-events-li-ao-shuxinji.json""}"
"25196","2010","2010-08-26","2010年8月26日至31日，上海杭州行中","date-range","reported-by-source","以看世博为名携家人赴上海杭州并看《富春山居图》","凤凰卫视总裁刘长乐先前曾请李敖赴北京奥运和上海世博，李敖因身体调养推辞；后来刘长乐以“送儿上北大”为由再劝，李敖答应带妻子、儿子李戡、女儿李谌飞到上海。他说看世博只是幌子，真正目的是在自己七十五岁、来日无多的感受中，与家人有一次集体出行。8月26日至31日期间，李敖一行在上海经特殊通道参观世博会中国馆、上海馆、台湾馆，又探访上海博物馆、上海图书馆及博古斋，并专程到杭州浙江博物馆观看次年将在台北合璧的《富春山居图》，还游西湖、看《印象西湖》。","李敖、刘长乐、李戡、李谌、王小屯","上海、杭州、上海世博会、上海博物馆、上海图书馆、浙江博物馆、西湖","上海世博、浙江博物馆、富春山居图、刘长乐、送儿上北大、家庭出行","旅行线、家庭线、两岸线","《南方周末》专访李敖、富春山居图","sui-qianwan-2011-06-08-sees-fuchun-mountains-reunited","李敖访谈录1990-2018","049.20100910《南方周末》专访李敖","13","《大李敖全集5.0》（wjm_tcy版）分章节/007.采访序跋类/005.李敖访谈录1990-2018/049.20100910《南方周末》专访李敖.txt","李敖访谈录1990-2018 / 048.20100831《凤凰网》专访李敖 / line 7 / 说明：凤凰网记者手记记录2010年8月26日至31日贴身跟随李敖拜访世博会、上海博物馆、书局和浙江博物馆。 / 《大李敖全集5.0》（wjm_tcy版）分章节/007.采访序跋类/005.李敖访谈录1990-2018/048.20100831《凤凰网》专访李敖.txt","[{""book"":""李敖访谈录1990-2018"",""chapter"":""048.20100831《凤凰网》专访李敖"",""path"":""《大李敖全集5.0》（wjm_tcy版）分章节/007.采访序跋类/005.李敖访谈录1990-2018/048.20100831《凤凰网》专访李敖.txt"",""line"":7,""lines"":[7,41,157],""note"":""凤凰网记者手记记录2010年8月26日至31日贴身跟随李敖拜访世博会、上海博物馆、书局和浙江博物馆。""}]","data/timeline-events-li-ao-fangtanlu-1990-2018.json","li-ao-fangtanlu-2010-08-26-family-expo-fuchun-trip","{""id"":""li-ao-fangtanlu-2010-08-26-family-expo-fuchun-trip"",""date"":""2010-08-26"",""displayDate"":""2010年8月26日至31日，上海杭州行中"",""datePrecision"":""date-range"",""title"":""以看世博为名携家人赴上海杭州并看《富春山居图》"",""summary"":""凤凰卫视总裁刘长乐先前曾请李敖赴北京奥运和上海世博，李敖因身体调养推辞；后来刘长乐以“送儿上北大”为由再劝，李敖答应带妻子、儿子李戡、女儿李谌飞到上海。他说看世博只是幌子，真正目的是在自己七十五岁、来日无多的感受中，与家人有一次集体出行。8月26日至31日期间，李敖一行在上海经特殊通道参观世博会中国馆、上海馆、台湾馆，又探访上海博物馆、上海图书馆及博古斋，并专程到杭州浙江博物馆观看次年将在台北合璧的《富春山居图》，还游西湖、看《印象西湖》。"",""category"":""travel"",""type"":""李敖当事人事件"",""certainty"":""reported-by-source"",""source"":{""book"":""李敖访谈录1990-2018"",""chapter"":""049.20100910《南方周末》专访李敖"",""path"":""《大李敖全集5.0》（wjm_tcy版）分章节/007.采访序跋类/005.李敖访谈录1990-2018/049.20100910《南方周末》专访李敖.txt"",""line"":13,""lines"":[13,15,17],""note"":""《南方周末》记录李敖2010年上海世博与杭州浙江博物馆行程，说明刘长乐劝行和家庭出游目的。""},""additionalSources"":[{""book"":""李敖访谈录1990-2018"",""chapter"":""048.20100831《凤凰网》专访李敖"",""path"":""《大李敖全集5.0》（wjm_tcy版）分章节/007.采访序跋类/005.李敖访谈录1990-2018/048.20100831《凤凰网》专访李敖.txt"",""line"":7,""lines"":[7,41,157],""note"":""凤凰网记者手记记录2010年8月26日至31日贴身跟随李敖拜访世博会、上海博物馆、书局和浙江博物馆。""}],""tags"":[""上海世博"",""浙江博物馆"",""富春山居图"",""刘长乐"",""送儿上北大"",""家庭出行""],""people"":[""李敖"",""刘长乐"",""李戡"",""李谌"",""王小屯""],""places"":[""上海"",""杭州"",""上海世博会"",""上海博物馆"",""上海图书馆"",""浙江博物馆"",""西湖""],""works"":[""《南方周末》专访李敖"",""富春山居图""],""view"":[""旅行线"",""家庭线"",""两岸线""],""crossReferences"":[""sui-qianwan-2011-06-08-sees-fuchun-mountains-reunited""],""dataFile"":""data/timeline-events-li-ao-fangtanlu-1990-2018.json""}"
"25197","2010","2010-10-01","2010年10月","month","confirmed","李敖出版《阳痿美国》，公开为自己半世纪美国旧梦送葬","《〈阳痿美国〉》写，2010年10月，李敖出版六百五十多页的《阳痿美国》，把自己半世纪前对美国的向往彻底翻转成系统批判。李敖把这本书视为拆穿美国、也送葬自己旧梦的一次强烈转变。","李敖","台湾","阳痿美国、美国、出版、思想转变","写作线、思想线、出版线","阳痿美国、李敖风流自传","ni-bendan-2010-08-13-writes-impotent-america、dream-awake-2011-10-09-asia-weekly-publishes-li-ao-bombards-kmt-ccp-interview、li-ao-fangtanlu-2010-08-29-jinjiang-press-conference-and-southern-weekend-interview","李敖风流自传","651.《阳痿美国》","3","《大李敖全集5.0》（wjm_tcy版）分章节/001.自传回忆类/007.李敖风流自传/651.《阳痿美国》.txt","阳痿美国 / 《阳痿美国》目录 / line 1 / 说明：本轮接入当前本书目录作为出版物实体补源。 / 《大李敖全集5.0》（wjm_tcy版）分章节/004.小说剧本类/005.阳痿美国/《阳痿美国》目录.txt || 阳痿美国 / 《阳痿美国》目录 / line 54 / 说明：目录说明本书译名以李敖认定者为准。 / 《大李敖全集5.0》（wjm_tcy版）分章节/004.小说剧本类/005.阳痿美国/《阳痿美国》目录.txt || 阳痿美国 / 001.扉幕 JOHN-JOHN开场白 / line 27 / 说明：首幕直接点出书名式命题。 / 《大李敖全集5.0》（wjm_tcy版）分章节/004.小说剧本类/005.阳痿美国/001.扉幕 JOHN-JOHN开场白.txt || 阳痿美国 / 046.尾幕 JOHN-JOHN收尾 / line 37 / 说明：尾幕回扣全书戏剧结论。 / 《大李敖全集5.0》（wjm_tcy版）分章节/004.小说剧本类/005.阳痿美国/046.尾幕 JOHN-JOHN收尾.txt || 李敖访谈录1990-2018 / 049.20100910《南方周末》专访李敖 / line 105 / 说明：2010年8月29日《南方周末》专访中，李敖预告《阳痿美国》9月1日在台湾、香港发行，并说明写作时间、篇幅与剧本体例。 / 《大李敖全集5.0》（wjm_tcy版）分章节/007.采访序跋类/005.李敖访谈录1990-2018/049.20100910《南方周末》专访李敖.txt || 李敖访谈录1990-2018 / 057.20110907《中国新闻周刊》专访李敖 / line 13 / 说明：《中国新闻周刊》访问中李敖回述《阳痿美国》大陆改名《审判美国》，并说明三年前决定把美国材料写成书。 / 《大李敖全集5.0》（wjm_tcy版）分章节/007.采访序跋类/005.李敖访谈录1990-2018/057.20110907《中国新闻周刊》专访李敖.txt || 李敖访谈录1990-2018 / 065.20130730《环球人物杂志》专访李敖 / line 43 / 说明：《环球人物杂志》访问中李敖用《阳痿美国》/《审判美国》回应微博读者关于关塔那摩材料证据的问题。 / 《大李敖全集5.0》（wjm_tcy版）分章节/007.采访序跋类/005.李敖访谈录1990-2018/065.20130730《环球人物杂志》专访李敖.txt","[{""book"":""阳痿美国"",""chapter"":""《阳痿美国》目录"",""path"":""《大李敖全集5.0》（wjm_tcy版）分章节/004.小说剧本类/005.阳痿美国/《阳痿美国》目录.txt"",""line"":1,""note"":""本轮接入当前本书目录作为出版物实体补源。""},{""book"":""阳痿美国"",""chapter"":""《阳痿美国》目录"",""path"":""《大李敖全集5.0》（wjm_tcy版）分章节/004.小说剧本类/005.阳痿美国/《阳痿美国》目录.txt"",""line"":54,""note"":""目录说明本书译名以李敖认定者为准。""},{""book"":""阳痿美国"",""chapter"":""001.扉幕 JOHN-JOHN开场白"",""path"":""《大李敖全集5.0》（wjm_tcy版）分章节/004.小说剧本类/005.阳痿美国/001.扉幕 JOHN-JOHN开场白.txt"",""line"":27,""note"":""首幕直接点出书名式命题。""},{""book"":""阳痿美国"",""chapter"":""046.尾幕 JOHN-JOHN收尾"",""path"":""《大李敖全集5.0》（wjm_tcy版）分章节/004.小说剧本类/005.阳痿美国/046.尾幕 JOHN-JOHN收尾.txt"",""line"":37,""note"":""尾幕回扣全书戏剧结论。""},{""book"":""李敖访谈录1990-2018"",""chapter"":""049.20100910《南方周末》专访李敖"",""path"":""《大李敖全集5.0》（wjm_tcy版）分章节/007.采访序跋类/005.李敖访谈录1990-2018/049.20100910《南方周末》专访李敖.txt"",""line"":105,""lines"":[105,107,109],""note"":""2010年8月29日《南方周末》专访中，李敖预告《阳痿美国》9月1日在台湾、香港发行，并说明写作时间、篇幅与剧本体例。""},{""book"":""李敖访谈录1990-2018"",""chapter"":""057.20110907《中国新闻周刊》专访李敖"",""path"":""《大李敖全集5.0》（wjm_tcy版）分章节/007.采访序跋类/005.李敖访谈录1990-2018/057.20110907《中国新闻周刊》专访李敖.txt"",""line"":13,""lines"":[13,15,17,23,25,27],""note"":""《中国新闻周刊》访问中李敖回述《阳痿美国》大陆改名《审判美国》，并说明三年前决定把美国材料写成书。""},{""book"":""李敖访谈录1990-2018"",""chapter"":""065.20130730《环球人物杂志》专访李敖"",""path"":""《大李敖全集5.0》（wjm_tcy版）分章节/007.采访序跋类/005.李敖访谈录1990-2018/065.20130730《环球人物杂志》专访李敖.txt"",""line"":43,""lines"":[43,45],""note"":""《环球人物杂志》访问中李敖用《阳痿美国》/《审判美国》回应微博读者关于关塔那摩材料证据的问题。""}]","data/timeline-events-seventh-book.json","book7-2010-10-publishes-yangwei-america","{""id"":""book7-2010-10-publishes-yangwei-america"",""date"":""2010-10-01"",""displayDate"":""2010年10月"",""datePrecision"":""month"",""title"":""李敖出版《阳痿美国》，公开为自己半世纪美国旧梦送葬"",""summary"":""《〈阳痿美国〉》写，2010年10月，李敖出版六百五十多页的《阳痿美国》，把自己半世纪前对美国的向往彻底翻转成系统批判。李敖把这本书视为拆穿美国、也送葬自己旧梦的一次强烈转变。"",""view"":[""写作线"",""思想线"",""出版线""],""tags"":[""阳痿美国"",""美国"",""出版"",""思想转变""],""people"":[""李敖""],""places"":[""台湾""],""works"":[""阳痿美国"",""李敖风流自传""],""certainty"":""confirmed"",""crossReferences"":[""ni-bendan-2010-08-13-writes-impotent-america"",""dream-awake-2011-10-09-asia-weekly-publishes-li-ao-bombards-kmt-ccp-interview"",""li-ao-fangtanlu-2010-08-29-jinjiang-press-conference-and-southern-weekend-interview""],""source"":{""book"":""李敖风流自传"",""chapter"":""651.《阳痿美国》"",""path"":""《大李敖全集5.0》（wjm_tcy版）分章节/001.自传回忆类/007.李敖风流自传/651.《阳痿美国》.txt"",""line"":3},""additionalSources"":[{""book"":""阳痿美国"",""chapter"":""《阳痿美国》目录"",""path"":""《大李敖全集5.0》（wjm_tcy版）分章节/004.小说剧本类/005.阳痿美国/《阳痿美国》目录.txt"",""line"":1,""note"":""本轮接入当前本书目录作为出版物实体补源。""},{""book"":""阳痿美国"",""chapter"":""《阳痿美国》目录"",""path"":""《大李敖全集5.0》（wjm_tcy版）分章节/004.小说剧本类/005.阳痿美国/《阳痿美国》目录.txt"",""line"":54,""note"":""目录说明本书译名以李敖认定者为准。""},{""book"":""阳痿美国"",""chapter"":""001.扉幕 JOHN-JOHN开场白"",""path"":""《大李敖全集5.0》（wjm_tcy版）分章节/004.小说剧本类/005.阳痿美国/001.扉幕 JOHN-JOHN开场白.txt"",""line"":27,""note"":""首幕直接点出书名式命题。""},{""book"":""阳痿美国"",""chapter"":""046.尾幕 JOHN-JOHN收尾"",""path"":""《大李敖全集5.0》（wjm_tcy版）分章节/004.小说剧本类/005.阳痿美国/046.尾幕 JOHN-JOHN收尾.txt"",""line"":37,""note"":""尾幕回扣全书戏剧结论。""},{""book"":""李敖访谈录1990-2018"",""chapter"":""049.20100910《南方周末》专访李敖"",""path"":""《大李敖全集5.0》（wjm_tcy版）分章节/007.采访序跋类/005.李敖访谈录1990-2018/049.20100910《南方周末》专访李敖.txt"",""line"":105,""lines"":[105,107,109],""note"":""2010年8月29日《南方周末》专访中，李敖预告《阳痿美国》9月1日在台湾、香港发行，并说明写作时间、篇幅与剧本体例。""},{""book"":""李敖访谈录1990-2018"",""chapter"":""057.20110907《中国新闻周刊》专访李敖"",""path"":""《大李敖全集5.0》（wjm_tcy版）分章节/007.采访序跋类/005.李敖访谈录1990-2018/057.20110907《中国新闻周刊》专访李敖.txt"",""line"":13,""lines"":[13,15,17,23,25,27],""note"":""《中国新闻周刊》访问中李敖回述《阳痿美国》大陆改名《审判美国》，并说明三年前决定把美国材料写成书。""},{""book"":""李敖访谈录1990-2018"",""chapter"":""065.20130730《环球人物杂志》专访李敖"",""path"":""《大李敖全集5.0》（wjm_tcy版）分章节/007.采访序跋类/005.李敖访谈录1990-2018/065.20130730《环球人物杂志》专访李敖.txt"",""line"":43,""lines"":[43,45],""note"":""《环球人物杂志》访问中李敖用《阳痿美国》/《审判美国》回应微博读者关于关塔那摩材料证据的问题。""}],""dataFile"":""data/timeline-events-seventh-book.json""}"
"25198","2010","2010-12-31","2010年","year","confirmed","李敖逼高信疆做健康检查，后又出资购墓地处理后事","《我送他一座坟》写，2010年李敖见高信疆气色不对，二话不说替他安排健康检查、准备十万元并把人“押送”到医院；其后高信疆病逝，李敖又出资六十万元买下墓地。此章把他对老友从逼其就医到负担后事的一整段侠义行为连成一线。","李敖、高信疆、柯元馨、赖岳忠、马家辉、张大春","台湾、阳明山基督教墓园","高信疆、健康检查、墓地、后事、侠义","交游线、日常线、生平线","李敖风流自传","book7-2001-spring-writes-preface-for-gao-xinjiang-going-to-mainland","李敖风流自传","644.我送他一座坟","5","《大李敖全集5.0》（wjm_tcy版）分章节/001.自传回忆类/007.李敖风流自传/644.我送他一座坟.txt","虽千万人，李敖往矣 / 002.2011年6月 / line 209 / 说明：李敖微博简述高信疆去世后，自己对柯元馨、高士轩、高英轩说愿送高信疆一个坟，隔天送上60万元并后来阴雨中去坟上看他。 / 《大李敖全集5.0》（wjm_tcy版）分章节/005.诗集语录类/005.虽千万人，李敖往矣/002.2011年6月.txt","[{""book"":""虽千万人，李敖往矣"",""chapter"":""002.2011年6月"",""path"":""《大李敖全集5.0》（wjm_tcy版）分章节/005.诗集语录类/005.虽千万人，李敖往矣/002.2011年6月.txt"",""line"":209,""note"":""李敖微博简述高信疆去世后，自己对柯元馨、高士轩、高英轩说愿送高信疆一个坟，隔天送上60万元并后来阴雨中去坟上看他。""}]","data/timeline-events-seventh-book.json","book7-2010-forces-gao-xinjiang-health-check-and-later-buys-grave","{""id"":""book7-2010-forces-gao-xinjiang-health-check-and-later-buys-grave"",""date"":""2010-12-31"",""displayDate"":""2010年"",""datePrecision"":""year"",""title"":""李敖逼高信疆做健康检查，后又出资购墓地处理后事"",""summary"":""《我送他一座坟》写，2010年李敖见高信疆气色不对，二话不说替他安排健康检查、准备十万元并把人“押送”到医院；其后高信疆病逝，李敖又出资六十万元买下墓地。此章把他对老友从逼其就医到负担后事的一整段侠义行为连成一线。"",""view"":[""交游线"",""日常线"",""生平线""],""tags"":[""高信疆"",""健康检查"",""墓地"",""后事"",""侠义""],""people"":[""李敖"",""高信疆"",""柯元馨"",""赖岳忠"",""马家辉"",""张大春""],""places"":[""台湾"",""阳明山基督教墓园""],""works"":[""李敖风流自传""],""certainty"":""confirmed"",""crossReferences"":[""book7-2001-spring-writes-preface-for-gao-xinjiang-going-to-mainland""],""source"":{""book"":""李敖风流自传"",""chapter"":""644.我送他一座坟"",""path"":""《大李敖全集5.0》（wjm_tcy版）分章节/001.自传回忆类/007.李敖风流自传/644.我送他一座坟.txt"",""line"":5},""additionalSources"":[{""book"":""虽千万人，李敖往矣"",""chapter"":""002.2011年6月"",""path"":""《大李敖全集5.0》（wjm_tcy版）分章节/005.诗集语录类/005.虽千万人，李敖往矣/002.2011年6月.txt"",""line"":209,""note"":""李敖微博简述高信疆去世后，自己对柯元馨、高士轩、高英轩说愿送高信疆一个坟，隔天送上60万元并后来阴雨中去坟上看他。""}],""dataFile"":""data/timeline-events-seventh-book.json""}"
"25199","2011","2011-03-03","2011年3月3日星期四","day","confirmed","李敖在《大江大海骗了你》后七十天交出《第73烈士》完稿","《〈第73烈士〉志缘》写，2011年3月3日，李敖在《大江大海骗了你》完稿七十天后，把《第73烈士》书稿交给张坤山、张书铭父子。此章把这部小说写成自己酝酿半世纪后终于落笔完成的一次兑现。","李敖、张坤山、张书铭","台北","第73烈士、大江大海骗了你、完稿、张坤山、张书铭","写作线、出版线","第73烈士、大江大海骗了你、李敖风流自传","martyr-73-1961-about-collects-mo-jipeng-calligraphy-and-conceives-novel、book7-2011-03-11-asks-wang-yu-for-photo-for-the-73rd-martyr、book7-2011-04-27-marks-publication-of-the-73rd-martyr-with-corrected-date","李敖风流自传","237.《第73烈士》志缘","9","《大李敖全集5.0》（wjm_tcy版）分章节/001.自传回忆类/007.李敖风流自传/237.《第73烈士》志缘.txt","第73烈士 / 008.附录——《第73烈士》志缘 / line 9 / 《大李敖全集5.0》（wjm_tcy版）分章节/004.小说剧本类/006.第73烈士/008.附录——《第73烈士》志缘.txt","[{""book"":""第73烈士"",""chapter"":""008.附录——《第73烈士》志缘"",""path"":""《大李敖全集5.0》（wjm_tcy版）分章节/004.小说剧本类/006.第73烈士/008.附录——《第73烈士》志缘.txt"",""line"":9}]","data/timeline-events-seventh-book.json","book7-2011-03-03-submits-manuscript-of-the-73rd-martyr","{""id"":""book7-2011-03-03-submits-manuscript-of-the-73rd-martyr"",""date"":""2011-03-03"",""displayDate"":""2011年3月3日星期四"",""datePrecision"":""day"",""title"":""李敖在《大江大海骗了你》后七十天交出《第73烈士》完稿"",""summary"":""《〈第73烈士〉志缘》写，2011年3月3日，李敖在《大江大海骗了你》完稿七十天后，把《第73烈士》书稿交给张坤山、张书铭父子。此章把这部小说写成自己酝酿半世纪后终于落笔完成的一次兑现。"",""view"":[""写作线"",""出版线""],""tags"":[""第73烈士"",""大江大海骗了你"",""完稿"",""张坤山"",""张书铭""],""people"":[""李敖"",""张坤山"",""张书铭""],""places"":[""台北""],""works"":[""第73烈士"",""大江大海骗了你"",""李敖风流自传""],""certainty"":""confirmed"",""crossReferences"":[""martyr-73-1961-about-collects-mo-jipeng-calligraphy-and-conceives-novel"",""book7-2011-03-11-asks-wang-yu-for-photo-for-the-73rd-martyr"",""book7-2011-04-27-marks-publication-of-the-73rd-martyr-with-corrected-date""],""source"":{""book"":""李敖风流自传"",""chapter"":""237.《第73烈士》志缘"",""path"":""《大李敖全集5.0》（wjm_tcy版）分章节/001.自传回忆类/007.李敖风流自传/237.《第73烈士》志缘.txt"",""line"":9},""additionalSources"":[{""book"":""第73烈士"",""chapter"":""008.附录——《第73烈士》志缘"",""path"":""《大李敖全集5.0》（wjm_tcy版）分章节/004.小说剧本类/006.第73烈士/008.附录——《第73烈士》志缘.txt"",""line"":9}],""dataFile"":""data/timeline-events-seventh-book.json""}"
"25200","2011","2011-03-11","2011年3月11日星期五","day","confirmed","李敖致电多年不见的王宇索取照片，用作《第73烈士》人物模特线索","《〈第73烈士〉志缘》写，2011年3月11日，李敖打电话给多年未见、时年八十二岁的王宇，要了一张照片。王宇在书中只是被他戏剧化处理的模特儿之一，这通电话留下了小说写作阶段仍在补取人物材料的痕迹。","李敖、王宇","台北","第73烈士、王宇、电话、照片、模特儿","写作线、交游线","第73烈士、李敖风流自传","book7-2011-03-03-submits-manuscript-of-the-73rd-martyr、book7-2011-04-27-marks-publication-of-the-73rd-martyr-with-corrected-date","李敖风流自传","237.《第73烈士》志缘","9","《大李敖全集5.0》（wjm_tcy版）分章节/001.自传回忆类/007.李敖风流自传/237.《第73烈士》志缘.txt","第73烈士 / 008.附录——《第73烈士》志缘 / line 9 / 《大李敖全集5.0》（wjm_tcy版）分章节/004.小说剧本类/006.第73烈士/008.附录——《第73烈士》志缘.txt","[{""book"":""第73烈士"",""chapter"":""008.附录——《第73烈士》志缘"",""path"":""《大李敖全集5.0》（wjm_tcy版）分章节/004.小说剧本类/006.第73烈士/008.附录——《第73烈士》志缘.txt"",""line"":9}]","data/timeline-events-seventh-book.json","book7-2011-03-11-asks-wang-yu-for-photo-for-the-73rd-martyr","{""id"":""book7-2011-03-11-asks-wang-yu-for-photo-for-the-73rd-martyr"",""date"":""2011-03-11"",""displayDate"":""2011年3月11日星期五"",""datePrecision"":""day"",""title"":""李敖致电多年不见的王宇索取照片，用作《第73烈士》人物模特线索"",""summary"":""《〈第73烈士〉志缘》写，2011年3月11日，李敖打电话给多年未见、时年八十二岁的王宇，要了一张照片。王宇在书中只是被他戏剧化处理的模特儿之一，这通电话留下了小说写作阶段仍在补取人物材料的痕迹。"",""view"":[""写作线"",""交游线""],""tags"":[""第73烈士"",""王宇"",""电话"",""照片"",""模特儿""],""people"":[""李敖"",""王宇""],""places"":[""台北""],""works"":[""第73烈士"",""李敖风流自传""],""certainty"":""confirmed"",""crossReferences"":[""book7-2011-03-03-submits-manuscript-of-the-73rd-martyr"",""book7-2011-04-27-marks-publication-of-the-73rd-martyr-with-corrected-date""],""source"":{""book"":""李敖风流自传"",""chapter"":""237.《第73烈士》志缘"",""path"":""《大李敖全集5.0》（wjm_tcy版）分章节/001.自传回忆类/007.李敖风流自传/237.《第73烈士》志缘.txt"",""line"":9},""additionalSources"":[{""book"":""第73烈士"",""chapter"":""008.附录——《第73烈士》志缘"",""path"":""《大李敖全集5.0》（wjm_tcy版）分章节/004.小说剧本类/006.第73烈士/008.附录——《第73烈士》志缘.txt"",""line"":9}],""dataFile"":""data/timeline-events-seventh-book.json""}"
"25201","2011","2011-03-31","2011年3月31日星期四","day","confirmed","朱崇实向李敖送出厦门大学名誉教授聘书","《朱崇实校长》写，2011年3月31日，厦门大学校长朱崇实正式向李敖送出名誉教授聘书。李敖把这一头衔看作自己在大陆所得最“落实”的正式荣誉，并特别记下朱崇实细读《阳痿美国》校对表一事，视为难得知音。","李敖、朱崇实、陈支平","厦门大学、厦门","厦门大学、名誉教授、朱崇实、阳痿美国","生平线、交游线、荣誉线","阳痿美国、李敖风流自传","book7-2006-03-29-receives-zhu-chongshi-calligraphy-praise、li-ao-zawenji-2011-after-mar-31-writes-three-poems-for-xiamen-honorary-post、book7-2011-xiamen-university-lecture-considered-best-of-life","李敖风流自传","637.朱崇实校长","3","《大李敖全集5.0》（wjm_tcy版）分章节/001.自传回忆类/007.李敖风流自传/637.朱崇实校长.txt","李敖杂文集 / 009.关于厦门大学聘书诗三首 / line 3 / 《大李敖全集5.0》（wjm_tcy版）分章节/003.惊世杂文类/014.李敖杂文集/009.关于厦门大学聘书诗三首.txt || 李敖访谈录1990-2018 / 051.20110404《厦门商报》李敖专题 / line 9 / 说明：《厦门商报》现场报道补证李敖厦门大学演讲时受聘成为厦门大学名誉教授。 / 《大李敖全集5.0》（wjm_tcy版）分章节/007.采访序跋类/005.李敖访谈录1990-2018/051.20110404《厦门商报》李敖专题.txt","[{""book"":""李敖杂文集"",""chapter"":""009.关于厦门大学聘书诗三首"",""path"":""《大李敖全集5.0》（wjm_tcy版）分章节/003.惊世杂文类/014.李敖杂文集/009.关于厦门大学聘书诗三首.txt"",""line"":3},{""book"":""李敖访谈录1990-2018"",""chapter"":""051.20110404《厦门商报》李敖专题"",""path"":""《大李敖全集5.0》（wjm_tcy版）分章节/007.采访序跋类/005.李敖访谈录1990-2018/051.20110404《厦门商报》李敖专题.txt"",""line"":9,""lines"":[5,9],""note"":""《厦门商报》现场报道补证李敖厦门大学演讲时受聘成为厦门大学名誉教授。""}]","data/timeline-events-seventh-book.json","book7-2011-03-31-receives-xiamen-university-honorary-professorship","{""id"":""book7-2011-03-31-receives-xiamen-university-honorary-professorship"",""date"":""2011-03-31"",""displayDate"":""2011年3月31日星期四"",""datePrecision"":""day"",""title"":""朱崇实向李敖送出厦门大学名誉教授聘书"",""summary"":""《朱崇实校长》写，2011年3月31日，厦门大学校长朱崇实正式向李敖送出名誉教授聘书。李敖把这一头衔看作自己在大陆所得最“落实”的正式荣誉，并特别记下朱崇实细读《阳痿美国》校对表一事，视为难得知音。"",""view"":[""生平线"",""交游线"",""荣誉线""],""tags"":[""厦门大学"",""名誉教授"",""朱崇实"",""阳痿美国""],""people"":[""李敖"",""朱崇实"",""陈支平""],""places"":[""厦门大学"",""厦门""],""works"":[""阳痿美国"",""李敖风流自传""],""certainty"":""confirmed"",""crossReferences"":[""book7-2006-03-29-receives-zhu-chongshi-calligraphy-praise"",""li-ao-zawenji-2011-after-mar-31-writes-three-poems-for-xiamen-honorary-post"",""book7-2011-xiamen-university-lecture-considered-best-of-life""],""source"":{""book"":""李敖风流自传"",""chapter"":""637.朱崇实校长"",""path"":""《大李敖全集5.0》（wjm_tcy版）分章节/001.自传回忆类/007.李敖风流自传/637.朱崇实校长.txt"",""line"":3},""additionalSources"":[{""book"":""李敖杂文集"",""chapter"":""009.关于厦门大学聘书诗三首"",""path"":""《大李敖全集5.0》（wjm_tcy版）分章节/003.惊世杂文类/014.李敖杂文集/009.关于厦门大学聘书诗三首.txt"",""line"":3},{""book"":""李敖访谈录1990-2018"",""chapter"":""051.20110404《厦门商报》李敖专题"",""path"":""《大李敖全集5.0》（wjm_tcy版）分章节/007.采访序跋类/005.李敖访谈录1990-2018/051.20110404《厦门商报》李敖专题.txt"",""line"":9,""lines"":[5,9],""note"":""《厦门商报》现场报道补证李敖厦门大学演讲时受聘成为厦门大学名誉教授。""}],""dataFile"":""data/timeline-events-seventh-book.json""}"
"25202","2011","2011-04-01","2011年4月1日","day","confirmed","李敖在暨南大学介绍第73烈士说五十年思考后七十天写成","李敖展示新书《第73烈士》，说这本书是他想了五十年后用七十天写成，用来处理黄花岗起义的历史问题。","李敖","暨南大学","李敖演讲集、演讲、暨南大学、大学演讲、第73烈士、黄花岗、写作","演讲线、思想论述线","李敖演讲集、046.20110401李敖暨南大学演讲、第73烈士","","李敖演讲集","046.20110401李敖暨南大学演讲","23","《大李敖全集5.0》（wjm_tcy版）分章节/010.节目演讲类/011.李敖演讲集/046.20110401李敖暨南大学演讲.txt","","[]","data/timeline-events-li-ao-yanjiangji.json","li-ao-yanjiangji-046-introduces-the-73rd-martyr-as-book-written-in-seventy-days-after-fifty-years","{""id"":""li-ao-yanjiangji-046-introduces-the-73rd-martyr-as-book-written-in-seventy-days-after-fifty-years"",""date"":""2011-04-01"",""displayDate"":""2011年4月1日"",""datePrecision"":""day"",""title"":""李敖在暨南大学介绍第73烈士说五十年思考后七十天写成"",""summary"":""李敖展示新书《第73烈士》，说这本书是他想了五十年后用七十天写成，用来处理黄花岗起义的历史问题。"",""view"":[""演讲线"",""思想论述线""],""tags"":[""李敖演讲集"",""演讲"",""暨南大学"",""大学演讲"",""第73烈士"",""黄花岗"",""写作""],""people"":[""李敖""],""places"":[""暨南大学""],""works"":[""李敖演讲集"",""046.20110401李敖暨南大学演讲"",""第73烈士""],""certainty"":""confirmed"",""source"":{""book"":""李敖演讲集"",""chapter"":""046.20110401李敖暨南大学演讲"",""path"":""《大李敖全集5.0》（wjm_tcy版）分章节/010.节目演讲类/011.李敖演讲集/046.20110401李敖暨南大学演讲.txt"",""line"":23,""lines"":[23]},""crossReferences"":[],""dataFile"":""data/timeline-events-li-ao-yanjiangji.json""}"
"25203","2011","2011-04-01","2011年4月1日","day","confirmed","李敖在暨南大学从七十二烈士无浙江人转到蒋介石偷走中华民国百年谎言","李敖说七十二烈士中没有浙江人，中华民国后来却被浙江人蒋介石偷走并在一九四九年失败，所谓百年纪念是一场谎言。","李敖、蒋介石","暨南大学","李敖演讲集、演讲、暨南大学、大学演讲、中华民国百年、蒋介石、黄花岗、浙江","演讲线、思想论述线","李敖演讲集、046.20110401李敖暨南大学演讲、第73烈士","","李敖演讲集","046.20110401李敖暨南大学演讲","27","《大李敖全集5.0》（wjm_tcy版）分章节/010.节目演讲类/011.李敖演讲集/046.20110401李敖暨南大学演讲.txt","","[]","data/timeline-events-li-ao-yanjiangji.json","li-ao-yanjiangji-046-links-no-zhejiang-martyr-to-chiang-stealing-roc-and-centennial-lie","{""id"":""li-ao-yanjiangji-046-links-no-zhejiang-martyr-to-chiang-stealing-roc-and-centennial-lie"",""date"":""2011-04-01"",""displayDate"":""2011年4月1日"",""datePrecision"":""day"",""title"":""李敖在暨南大学从七十二烈士无浙江人转到蒋介石偷走中华民国百年谎言"",""summary"":""李敖说七十二烈士中没有浙江人，中华民国后来却被浙江人蒋介石偷走并在一九四九年失败，所谓百年纪念是一场谎言。"",""view"":[""演讲线"",""思想论述线""],""tags"":[""李敖演讲集"",""演讲"",""暨南大学"",""大学演讲"",""中华民国百年"",""蒋介石"",""黄花岗"",""浙江""],""people"":[""李敖"",""蒋介石""],""places"":[""暨南大学""],""works"":[""李敖演讲集"",""046.20110401李敖暨南大学演讲"",""第73烈士""],""certainty"":""confirmed"",""source"":{""book"":""李敖演讲集"",""chapter"":""046.20110401李敖暨南大学演讲"",""path"":""《大李敖全集5.0》（wjm_tcy版）分章节/010.节目演讲类/011.李敖演讲集/046.20110401李敖暨南大学演讲.txt"",""line"":27,""lines"":[27]},""crossReferences"":[],""dataFile"":""data/timeline-events-li-ao-yanjiangji.json""}"
"25204","2011","2011-04-01","2011年4月1日","day","confirmed","李敖在暨南大学主张拥抱共产党并用中华人民共和国宪法推动改进","李敖说不要推翻共产党，否则可能造成五千万难民；更好的方法是用中华人民共和国宪法要求落实权利，推着它改进。","李敖","暨南大学","李敖演讲集、演讲、暨南大学、大学演讲、中国共产党、中华人民共和国宪法、难民、改革","演讲线、思想论述线","李敖演讲集、046.20110401李敖暨南大学演讲、中华人民共和国宪法","","李敖演讲集","046.20110401李敖暨南大学演讲","71","《大李敖全集5.0》（wjm_tcy版）分章节/010.节目演讲类/011.李敖演讲集/046.20110401李敖暨南大学演讲.txt","","[]","data/timeline-events-li-ao-yanjiangji.json","li-ao-yanjiangji-046-urges-embracing-ccp-and-using-prc-constitution-instead-of-overthrow","{""id"":""li-ao-yanjiangji-046-urges-embracing-ccp-and-using-prc-constitution-instead-of-overthrow"",""date"":""2011-04-01"",""displayDate"":""2011年4月1日"",""datePrecision"":""day"",""title"":""李敖在暨南大学主张拥抱共产党并用中华人民共和国宪法推动改进"",""summary"":""李敖说不要推翻共产党，否则可能造成五千万难民；更好的方法是用中华人民共和国宪法要求落实权利，推着它改进。"",""view"":[""演讲线"",""思想论述线""],""tags"":[""李敖演讲集"",""演讲"",""暨南大学"",""大学演讲"",""中国共产党"",""中华人民共和国宪法"",""难民"",""改革""],""people"":[""李敖""],""places"":[""暨南大学""],""works"":[""李敖演讲集"",""046.20110401李敖暨南大学演讲"",""中华人民共和国宪法""],""certainty"":""confirmed"",""source"":{""book"":""李敖演讲集"",""chapter"":""046.20110401李敖暨南大学演讲"",""path"":""《大李敖全集5.0》（wjm_tcy版）分章节/010.节目演讲类/011.李敖演讲集/046.20110401李敖暨南大学演讲.txt"",""line"":71,""lines"":[71]},""crossReferences"":[],""dataFile"":""data/timeline-events-li-ao-yanjiangji.json""}"
"25205","2011","2011-04-01","2011年4月1日","day","confirmed","李敖在暨南大学用阳痿美国和金融危机把美国列为真正敌人","李敖介绍《阳痿美国》，以美元、九一一和金融危机比喻美国对世界的破坏，称真正敌人是外国尤其美国。","李敖","暨南大学、美国","李敖演讲集、演讲、暨南大学、大学演讲、阳痿美国、美国、金融危机、九一一","演讲线、思想论述线","李敖演讲集、046.20110401李敖暨南大学演讲、阳痿美国","book7-2010-10-publishes-yangwei-america、ni-bendan-2010-08-13-writes-impotent-america","李敖演讲集","046.20110401李敖暨南大学演讲","43","《大李敖全集5.0》（wjm_tcy版）分章节/010.节目演讲类/011.李敖演讲集/046.20110401李敖暨南大学演讲.txt","","[]","data/timeline-events-li-ao-yanjiangji.json","li-ao-yanjiangji-046-uses-impotent-america-dollar-and-financial-crisis-to-name-us-as-real-enemy","{""id"":""li-ao-yanjiangji-046-uses-impotent-america-dollar-and-financial-crisis-to-name-us-as-real-enemy"",""date"":""2011-04-01"",""displayDate"":""2011年4月1日"",""datePrecision"":""day"",""title"":""李敖在暨南大学用阳痿美国和金融危机把美国列为真正敌人"",""summary"":""李敖介绍《阳痿美国》，以美元、九一一和金融危机比喻美国对世界的破坏，称真正敌人是外国尤其美国。"",""view"":[""演讲线"",""思想论述线""],""tags"":[""李敖演讲集"",""演讲"",""暨南大学"",""大学演讲"",""阳痿美国"",""美国"",""金融危机"",""九一一""],""people"":[""李敖""],""places"":[""暨南大学"",""美国""],""works"":[""李敖演讲集"",""046.20110401李敖暨南大学演讲"",""阳痿美国""],""certainty"":""confirmed"",""source"":{""book"":""李敖演讲集"",""chapter"":""046.20110401李敖暨南大学演讲"",""path"":""《大李敖全集5.0》（wjm_tcy版）分章节/010.节目演讲类/011.李敖演讲集/046.20110401李敖暨南大学演讲.txt"",""line"":43,""lines"":[43]},""crossReferences"":[""book7-2010-10-publishes-yangwei-america"",""ni-bendan-2010-08-13-writes-impotent-america""],""dataFile"":""data/timeline-events-li-ao-yanjiangji.json""}"
"25206","2011","2011-04-01","2011年4月1日","day","confirmed","李敖在暨南大学用逃港潮故事谈国家利益与个人利益冲突","李敖讲女孩游向香港而男友死在海中的故事，说明国家利益与个人利益之间的冲突必须被诚实面对。","李敖","暨南大学、香港、中国大陆","李敖演讲集、演讲、暨南大学、大学演讲、逃港潮、国家利益、个人利益","演讲线、思想论述线","李敖演讲集、046.20110401李敖暨南大学演讲","","李敖演讲集","046.20110401李敖暨南大学演讲","57","《大李敖全集5.0》（wjm_tcy版）分章节/010.节目演讲类/011.李敖演讲集/046.20110401李敖暨南大学演讲.txt","","[]","data/timeline-events-li-ao-yanjiangji.json","li-ao-yanjiangji-046-uses-hong-kong-escape-tide-to-discuss-state-and-individual-interest","{""id"":""li-ao-yanjiangji-046-uses-hong-kong-escape-tide-to-discuss-state-and-individual-interest"",""date"":""2011-04-01"",""displayDate"":""2011年4月1日"",""datePrecision"":""day"",""title"":""李敖在暨南大学用逃港潮故事谈国家利益与个人利益冲突"",""summary"":""李敖讲女孩游向香港而男友死在海中的故事，说明国家利益与个人利益之间的冲突必须被诚实面对。"",""view"":[""演讲线"",""思想论述线""],""tags"":[""李敖演讲集"",""演讲"",""暨南大学"",""大学演讲"",""逃港潮"",""国家利益"",""个人利益""],""people"":[""李敖""],""places"":[""暨南大学"",""香港"",""中国大陆""],""works"":[""李敖演讲集"",""046.20110401李敖暨南大学演讲""],""certainty"":""confirmed"",""source"":{""book"":""李敖演讲集"",""chapter"":""046.20110401李敖暨南大学演讲"",""path"":""《大李敖全集5.0》（wjm_tcy版）分章节/010.节目演讲类/011.李敖演讲集/046.20110401李敖暨南大学演讲.txt"",""line"":57,""lines"":[57]},""crossReferences"":[],""dataFile"":""data/timeline-events-li-ao-yanjiangji.json""}"
"25207","2011","2011-04-01","2011年4月1日","day","confirmed","李敖在暨南大学回应刘晓波批评称不骂共产党也需要勇气","李敖说刘晓波批评他不骂共产党，但在骂共产党成时髦的时候，不骂也需要勇气；判断政治应同时看好坏。","李敖、刘晓波","暨南大学","李敖演讲集、演讲、暨南大学、大学演讲、刘晓波、中国共产党、政治判断","演讲线、思想论述线","李敖演讲集、046.20110401李敖暨南大学演讲","","李敖演讲集","046.20110401李敖暨南大学演讲","37","《大李敖全集5.0》（wjm_tcy版）分章节/010.节目演讲类/011.李敖演讲集/046.20110401李敖暨南大学演讲.txt","","[]","data/timeline-events-li-ao-yanjiangji.json","li-ao-yanjiangji-046-says-not-scolding-ccp-also-requires-courage-after-liu-xiaobo-criticism","{""id"":""li-ao-yanjiangji-046-says-not-scolding-ccp-also-requires-courage-after-liu-xiaobo-criticism"",""date"":""2011-04-01"",""displayDate"":""2011年4月1日"",""datePrecision"":""day"",""title"":""李敖在暨南大学回应刘晓波批评称不骂共产党也需要勇气"",""summary"":""李敖说刘晓波批评他不骂共产党，但在骂共产党成时髦的时候，不骂也需要勇气；判断政治应同时看好坏。"",""view"":[""演讲线"",""思想论述线""],""tags"":[""李敖演讲集"",""演讲"",""暨南大学"",""大学演讲"",""刘晓波"",""中国共产党"",""政治判断""],""people"":[""李敖"",""刘晓波""],""places"":[""暨南大学""],""works"":[""李敖演讲集"",""046.20110401李敖暨南大学演讲""],""certainty"":""confirmed"",""source"":{""book"":""李敖演讲集"",""chapter"":""046.20110401李敖暨南大学演讲"",""path"":""《大李敖全集5.0》（wjm_tcy版）分章节/010.节目演讲类/011.李敖演讲集/046.20110401李敖暨南大学演讲.txt"",""line"":37,""lines"":[37]},""crossReferences"":[],""dataFile"":""data/timeline-events-li-ao-yanjiangji.json""}"
"25208","2011","2011-04-01","2011年4月1日","day","confirmed","李敖在暨南大学问答中把共产主义道德理想和美国美元威胁并论","李敖说各尽所能、各取所需有最高道德理想，但被制度语言扭曲；现实中美国以美元和量化宽松伤害中国，才是重大外部敌人。","李敖","暨南大学、美国、中国大陆","李敖演讲集、演讲、暨南大学、大学演讲、共产主义、美元、美国、量化宽松","演讲线、思想论述线","李敖演讲集、046.20110401李敖暨南大学演讲","","李敖演讲集","046.20110401李敖暨南大学演讲","103","《大李敖全集5.0》（wjm_tcy版）分章节/010.节目演讲类/011.李敖演讲集/046.20110401李敖暨南大学演讲.txt","","[]","data/timeline-events-li-ao-yanjiangji.json","li-ao-yanjiangji-046-answers-communism-moral-ideal-and-us-dollar-threat-in-qa","{""id"":""li-ao-yanjiangji-046-answers-communism-moral-ideal-and-us-dollar-threat-in-qa"",""date"":""2011-04-01"",""displayDate"":""2011年4月1日"",""datePrecision"":""day"",""title"":""李敖在暨南大学问答中把共产主义道德理想和美国美元威胁并论"",""summary"":""李敖说各尽所能、各取所需有最高道德理想，但被制度语言扭曲；现实中美国以美元和量化宽松伤害中国，才是重大外部敌人。"",""view"":[""演讲线"",""思想论述线""],""tags"":[""李敖演讲集"",""演讲"",""暨南大学"",""大学演讲"",""共产主义"",""美元"",""美国"",""量化宽松""],""people"":[""李敖""],""places"":[""暨南大学"",""美国"",""中国大陆""],""works"":[""李敖演讲集"",""046.20110401李敖暨南大学演讲""],""certainty"":""confirmed"",""source"":{""book"":""李敖演讲集"",""chapter"":""046.20110401李敖暨南大学演讲"",""path"":""《大李敖全集5.0》（wjm_tcy版）分章节/010.节目演讲类/011.李敖演讲集/046.20110401李敖暨南大学演讲.txt"",""line"":103,""lines"":[103]},""crossReferences"":[],""dataFile"":""data/timeline-events-li-ao-yanjiangji.json""}"
"25209","2011","2011-04-01","2011年4月1日","day","confirmed","李敖在暨南大学问答中说大陆新版大全集补回一百四十万删字并想进政治局献策","李敖说新版《李敖大全集》在大陆恢复了一百四十万被删字，并表示自己想用进入家族的《红楼梦》式方法，观察并劝告政治局。","李敖","暨南大学、中国大陆","李敖演讲集、演讲、暨南大学、大学演讲、李敖大全集、删文、政治局、红楼梦","演讲线、思想论述线","李敖演讲集、046.20110401李敖暨南大学演讲、李敖大全集、红楼梦","","李敖演讲集","046.20110401李敖暨南大学演讲","121","《大李敖全集5.0》（wjm_tcy版）分章节/010.节目演讲类/011.李敖演讲集/046.20110401李敖暨南大学演讲.txt","","[]","data/timeline-events-li-ao-yanjiangji.json","li-ao-yanjiangji-046-says-expanded-mainland-complete-works-restored-1-4-million-deleted-characters","{""id"":""li-ao-yanjiangji-046-says-expanded-mainland-complete-works-restored-1-4-million-deleted-characters"",""date"":""2011-04-01"",""displayDate"":""2011年4月1日"",""datePrecision"":""day"",""title"":""李敖在暨南大学问答中说大陆新版大全集补回一百四十万删字并想进政治局献策"",""summary"":""李敖说新版《李敖大全集》在大陆恢复了一百四十万被删字，并表示自己想用进入家族的《红楼梦》式方法，观察并劝告政治局。"",""view"":[""演讲线"",""思想论述线""],""tags"":[""李敖演讲集"",""演讲"",""暨南大学"",""大学演讲"",""李敖大全集"",""删文"",""政治局"",""红楼梦""],""people"":[""李敖""],""places"":[""暨南大学"",""中国大陆""],""works"":[""李敖演讲集"",""046.20110401李敖暨南大学演讲"",""李敖大全集"",""红楼梦""],""certainty"":""confirmed"",""source"":{""book"":""李敖演讲集"",""chapter"":""046.20110401李敖暨南大学演讲"",""path"":""《大李敖全集5.0》（wjm_tcy版）分章节/010.节目演讲类/011.李敖演讲集/046.20110401李敖暨南大学演讲.txt"",""line"":121,""lines"":[121]},""crossReferences"":[],""dataFile"":""data/timeline-events-li-ao-yanjiangji.json""}"
"25210","2011","2011-04-01","2011年4月1日","day","confirmed","李敖在暨南大学否认参加邓丽君纪念会并提醒网络假李敖文章泛滥","李敖说曾因媒体谎报他参加邓丽君纪念会而提告，又说网络上有大量伪托他名义的文章和书，不能轻信。","李敖、邓丽君","暨南大学","李敖演讲集、演讲、暨南大学、大学演讲、邓丽君、假文章、媒体谣言","演讲线、思想论述线","李敖演讲集、046.20110401李敖暨南大学演讲","","李敖演讲集","046.20110401李敖暨南大学演讲","31","《大李敖全集5.0》（wjm_tcy版）分章节/010.节目演讲类/011.李敖演讲集/046.20110401李敖暨南大学演讲.txt","","[]","data/timeline-events-li-ao-yanjiangji.json","li-ao-yanjiangji-046-denies-teresa-teng-memorial-and-warns-of-fake-li-ao-articles","{""id"":""li-ao-yanjiangji-046-denies-teresa-teng-memorial-and-warns-of-fake-li-ao-articles"",""date"":""2011-04-01"",""displayDate"":""2011年4月1日"",""datePrecision"":""day"",""title"":""李敖在暨南大学否认参加邓丽君纪念会并提醒网络假李敖文章泛滥"",""summary"":""李敖说曾因媒体谎报他参加邓丽君纪念会而提告，又说网络上有大量伪托他名义的文章和书，不能轻信。"",""view"":[""演讲线"",""思想论述线""],""tags"":[""李敖演讲集"",""演讲"",""暨南大学"",""大学演讲"",""邓丽君"",""假文章"",""媒体谣言""],""people"":[""李敖"",""邓丽君""],""places"":[""暨南大学""],""works"":[""李敖演讲集"",""046.20110401李敖暨南大学演讲""],""certainty"":""confirmed"",""source"":{""book"":""李敖演讲集"",""chapter"":""046.20110401李敖暨南大学演讲"",""path"":""《大李敖全集5.0》（wjm_tcy版）分章节/010.节目演讲类/011.李敖演讲集/046.20110401李敖暨南大学演讲.txt"",""line"":31,""lines"":[31]},""crossReferences"":[],""dataFile"":""data/timeline-events-li-ao-yanjiangji.json""}"
"25211","2011","2011-04-01","2011年4月1日","day","confirmed","李敖在暨南大学把共产党延长寿命的成就与继续禁书并列","李敖说共产党使中国人平均寿命大幅延长，这是成就；但国民党禁他九十六本书，共产党现在继续禁，也必须被指出。","李敖","暨南大学、中国大陆、台湾","李敖演讲集、演讲、暨南大学、大学演讲、中国共产党、寿命、禁书、国民党","演讲线、思想论述线","李敖演讲集、046.20110401李敖暨南大学演讲","","李敖演讲集","046.20110401李敖暨南大学演讲","39","《大李敖全集5.0》（wjm_tcy版）分章节/010.节目演讲类/011.李敖演讲集/046.20110401李敖暨南大学演讲.txt","","[]","data/timeline-events-li-ao-yanjiangji.json","li-ao-yanjiangji-046-balances-ccp-life-expectancy-achievement-with-book-bans","{""id"":""li-ao-yanjiangji-046-balances-ccp-life-expectancy-achievement-with-book-bans"",""date"":""2011-04-01"",""displayDate"":""2011年4月1日"",""datePrecision"":""day"",""title"":""李敖在暨南大学把共产党延长寿命的成就与继续禁书并列"",""summary"":""李敖说共产党使中国人平均寿命大幅延长，这是成就；但国民党禁他九十六本书，共产党现在继续禁，也必须被指出。"",""view"":[""演讲线"",""思想论述线""],""tags"":[""李敖演讲集"",""演讲"",""暨南大学"",""大学演讲"",""中国共产党"",""寿命"",""禁书"",""国民党""],""people"":[""李敖""],""places"":[""暨南大学"",""中国大陆"",""台湾""],""works"":[""李敖演讲集"",""046.20110401李敖暨南大学演讲""],""certainty"":""confirmed"",""source"":{""book"":""李敖演讲集"",""chapter"":""046.20110401李敖暨南大学演讲"",""path"":""《大李敖全集5.0》（wjm_tcy版）分章节/010.节目演讲类/011.李敖演讲集/046.20110401李敖暨南大学演讲.txt"",""line"":39,""lines"":[39]},""crossReferences"":[],""dataFile"":""data/timeline-events-li-ao-yanjiangji.json""}"
"25212","2011","2011-04-01","2011年4月1日","day","confirmed","李敖在暨南大学受聘名誉教授并称这是大陆第四所大学演讲","李敖在暨南大学百年讲堂受聘名誉教授，说这是他继北大、清华、复旦后在大陆的第四所大学演讲。","李敖","暨南大学、北京大学、清华大学、复旦大学","李敖演讲集、演讲、暨南大学、大学演讲、名誉教授、大陆大学演讲","演讲线、思想论述线","李敖演讲集、046.20110401李敖暨南大学演讲","li-ao-fangtanlu-2011-04-01-jinan-post-lecture-media-scrum","李敖演讲集","046.20110401李敖暨南大学演讲","17","《大李敖全集5.0》（wjm_tcy版）分章节/010.节目演讲类/011.李敖演讲集/046.20110401李敖暨南大学演讲.txt","","[]","data/timeline-events-li-ao-yanjiangji.json","li-ao-yanjiangji-046-receives-jinan-honorary-professorship-and-calls-it-fourth-mainland-campus-speech","{""id"":""li-ao-yanjiangji-046-receives-jinan-honorary-professorship-and-calls-it-fourth-mainland-campus-speech"",""date"":""2011-04-01"",""displayDate"":""2011年4月1日"",""datePrecision"":""day"",""title"":""李敖在暨南大学受聘名誉教授并称这是大陆第四所大学演讲"",""summary"":""李敖在暨南大学百年讲堂受聘名誉教授，说这是他继北大、清华、复旦后在大陆的第四所大学演讲。"",""view"":[""演讲线"",""思想论述线""],""tags"":[""李敖演讲集"",""演讲"",""暨南大学"",""大学演讲"",""名誉教授"",""大陆大学演讲""],""people"":[""李敖""],""places"":[""暨南大学"",""北京大学"",""清华大学"",""复旦大学""],""works"":[""李敖演讲集"",""046.20110401李敖暨南大学演讲""],""certainty"":""confirmed"",""source"":{""book"":""李敖演讲集"",""chapter"":""046.20110401李敖暨南大学演讲"",""path"":""《大李敖全集5.0》（wjm_tcy版）分章节/010.节目演讲类/011.李敖演讲集/046.20110401李敖暨南大学演讲.txt"",""line"":17,""lines"":[17]},""crossReferences"":[""li-ao-fangtanlu-2011-04-01-jinan-post-lecture-media-scrum""],""dataFile"":""data/timeline-events-li-ao-yanjiangji.json""}"
"25213","2011","2011-04-01","2011年4月1日","day","confirmed","李敖在暨南大学质疑黄花岗七十二烈士人数与三月二十九日期","李敖指出黄花岗烈士人数和三月二十九日期本身都有问题，尤其农历、公历混用造成纪念错位。","李敖","暨南大学","李敖演讲集、演讲、暨南大学、大学演讲、黄花岗、七十二烈士、日期考证","演讲线、思想论述线","李敖演讲集、046.20110401李敖暨南大学演讲、第73烈士","","李敖演讲集","046.20110401李敖暨南大学演讲","23","《大李敖全集5.0》（wjm_tcy版）分章节/010.节目演讲类/011.李敖演讲集/046.20110401李敖暨南大学演讲.txt","","[]","data/timeline-events-li-ao-yanjiangji.json","li-ao-yanjiangji-046-questions-72-martyrs-count-and-lunar-solar-date","{""id"":""li-ao-yanjiangji-046-questions-72-martyrs-count-and-lunar-solar-date"",""date"":""2011-04-01"",""displayDate"":""2011年4月1日"",""datePrecision"":""day"",""title"":""李敖在暨南大学质疑黄花岗七十二烈士人数与三月二十九日期"",""summary"":""李敖指出黄花岗烈士人数和三月二十九日期本身都有问题，尤其农历、公历混用造成纪念错位。"",""view"":[""演讲线"",""思想论述线""],""tags"":[""李敖演讲集"",""演讲"",""暨南大学"",""大学演讲"",""黄花岗"",""七十二烈士"",""日期考证""],""people"":[""李敖""],""places"":[""暨南大学""],""works"":[""李敖演讲集"",""046.20110401李敖暨南大学演讲"",""第73烈士""],""certainty"":""confirmed"",""source"":{""book"":""李敖演讲集"",""chapter"":""046.20110401李敖暨南大学演讲"",""path"":""《大李敖全集5.0》（wjm_tcy版）分章节/010.节目演讲类/011.李敖演讲集/046.20110401李敖暨南大学演讲.txt"",""line"":23,""lines"":[23]},""crossReferences"":[],""dataFile"":""data/timeline-events-li-ao-yanjiangji.json""}"
"25214","2011","2011-04-01","2011年4月1日","day","confirmed","李敖在暨南大学说大陆官员到家里见他却把他当客人也当贼","李敖说大陆官员到他家里拜访时对他客气，却又在制度上防范他，像既当客人又当贼。","李敖","暨南大学、中国大陆、台湾","李敖演讲集、演讲、暨南大学、大学演讲、大陆官员、审查、自我处境","演讲线、思想论述线","李敖演讲集、046.20110401李敖暨南大学演讲","","李敖演讲集","046.20110401李敖暨南大学演讲","67","《大李敖全集5.0》（wjm_tcy版）分章节/010.节目演讲类/011.李敖演讲集/046.20110401李敖暨南大学演讲.txt","","[]","data/timeline-events-li-ao-yanjiangji.json","li-ao-yanjiangji-046-says-officials-treat-him-as-guest-and-thief-at-once","{""id"":""li-ao-yanjiangji-046-says-officials-treat-him-as-guest-and-thief-at-once"",""date"":""2011-04-01"",""displayDate"":""2011年4月1日"",""datePrecision"":""day"",""title"":""李敖在暨南大学说大陆官员到家里见他却把他当客人也当贼"",""summary"":""李敖说大陆官员到他家里拜访时对他客气，却又在制度上防范他，像既当客人又当贼。"",""view"":[""演讲线"",""思想论述线""],""tags"":[""李敖演讲集"",""演讲"",""暨南大学"",""大学演讲"",""大陆官员"",""审查"",""自我处境""],""people"":[""李敖""],""places"":[""暨南大学"",""中国大陆"",""台湾""],""works"":[""李敖演讲集"",""046.20110401李敖暨南大学演讲""],""certainty"":""confirmed"",""source"":{""book"":""李敖演讲集"",""chapter"":""046.20110401李敖暨南大学演讲"",""path"":""《大李敖全集5.0》（wjm_tcy版）分章节/010.节目演讲类/011.李敖演讲集/046.20110401李敖暨南大学演讲.txt"",""line"":67,""lines"":[67]},""crossReferences"":[],""dataFile"":""data/timeline-events-li-ao-yanjiangji.json""}"
"25215","2011","2011-04-01","2011年4月1日","day","confirmed","李敖在暨南大学说中国已富强但软实力不足","李敖称赞共产党让中国富强、结束外国军队在中国的时代，但也说人民日报、央视等官方机构制造不出真正软实力。","李敖","暨南大学、中国大陆","李敖演讲集、演讲、暨南大学、大学演讲、软实力、人民日报、央视、中国共产党","演讲线、思想论述线","李敖演讲集、046.20110401李敖暨南大学演讲","","李敖演讲集","046.20110401李敖暨南大学演讲","63","《大李敖全集5.0》（wjm_tcy版）分章节/010.节目演讲类/011.李敖演讲集/046.20110401李敖暨南大学演讲.txt","","[]","data/timeline-events-li-ao-yanjiangji.json","li-ao-yanjiangji-046-says-china-is-rich-and-strong-but-lacks-soft-power","{""id"":""li-ao-yanjiangji-046-says-china-is-rich-and-strong-but-lacks-soft-power"",""date"":""2011-04-01"",""displayDate"":""2011年4月1日"",""datePrecision"":""day"",""title"":""李敖在暨南大学说中国已富强但软实力不足"",""summary"":""李敖称赞共产党让中国富强、结束外国军队在中国的时代，但也说人民日报、央视等官方机构制造不出真正软实力。"",""view"":[""演讲线"",""思想论述线""],""tags"":[""李敖演讲集"",""演讲"",""暨南大学"",""大学演讲"",""软实力"",""人民日报"",""央视"",""中国共产党""],""people"":[""李敖""],""places"":[""暨南大学"",""中国大陆""],""works"":[""李敖演讲集"",""046.20110401李敖暨南大学演讲""],""certainty"":""confirmed"",""source"":{""book"":""李敖演讲集"",""chapter"":""046.20110401李敖暨南大学演讲"",""path"":""《大李敖全集5.0》（wjm_tcy版）分章节/010.节目演讲类/011.李敖演讲集/046.20110401李敖暨南大学演讲.txt"",""line"":63,""lines"":[63]},""crossReferences"":[],""dataFile"":""data/timeline-events-li-ao-yanjiangji.json""}"
"25216","2011","2011-04-01","2011年4月1日","day","confirmed","李敖在暨南大学说阳痿美国因胡奥会前政治顾虑被挡","李敖说《阳痿美国》由中信出资出版，却因被认为影响胡锦涛与奥巴马会谈而遭禁，台湾盗版反而继续流通。","李敖、胡锦涛、奥巴马","暨南大学、中国大陆、台湾","李敖演讲集、演讲、暨南大学、大学演讲、阳痿美国、出版受阻、胡锦涛、奥巴马","演讲线、思想论述线","李敖演讲集、046.20110401李敖暨南大学演讲、阳痿美国","sui-qianwan-2011-05-27-receives-citic-edition-of-trial-america","李敖演讲集","046.20110401李敖暨南大学演讲","45","《大李敖全集5.0》（wjm_tcy版）分章节/010.节目演讲类/011.李敖演讲集/046.20110401李敖暨南大学演讲.txt","","[]","data/timeline-events-li-ao-yanjiangji.json","li-ao-yanjiangji-046-says-impotent-america-was-blocked-before-hu-obama-talks","{""id"":""li-ao-yanjiangji-046-says-impotent-america-was-blocked-before-hu-obama-talks"",""date"":""2011-04-01"",""displayDate"":""2011年4月1日"",""datePrecision"":""day"",""title"":""李敖在暨南大学说阳痿美国因胡奥会前政治顾虑被挡"",""summary"":""李敖说《阳痿美国》由中信出资出版，却因被认为影响胡锦涛与奥巴马会谈而遭禁，台湾盗版反而继续流通。"",""view"":[""演讲线"",""思想论述线""],""tags"":[""李敖演讲集"",""演讲"",""暨南大学"",""大学演讲"",""阳痿美国"",""出版受阻"",""胡锦涛"",""奥巴马""],""people"":[""李敖"",""胡锦涛"",""奥巴马""],""places"":[""暨南大学"",""中国大陆"",""台湾""],""works"":[""李敖演讲集"",""046.20110401李敖暨南大学演讲"",""阳痿美国""],""certainty"":""confirmed"",""source"":{""book"":""李敖演讲集"",""chapter"":""046.20110401李敖暨南大学演讲"",""path"":""《大李敖全集5.0》（wjm_tcy版）分章节/010.节目演讲类/011.李敖演讲集/046.20110401李敖暨南大学演讲.txt"",""line"":45,""lines"":[45]},""crossReferences"":[""sui-qianwan-2011-05-27-receives-citic-edition-of-trial-america""],""dataFile"":""data/timeline-events-li-ao-yanjiangji.json""}"
"25217","2011","2011-04-01","2011年4月1日","day","confirmed","李敖在暨南大学说政治犯不应坐牢但常缺好脑筋","李敖说中国大陆和台湾都不应关政治犯，但政治犯若缺少好脑筋，牺牲也可能换不来真正结果。","李敖","暨南大学","李敖演讲集、演讲、暨南大学、大学演讲、政治犯、好脑筋、台湾、中国大陆","演讲线、思想论述线","李敖演讲集、046.20110401李敖暨南大学演讲","","李敖演讲集","046.20110401李敖暨南大学演讲","49","《大李敖全集5.0》（wjm_tcy版）分章节/010.节目演讲类/011.李敖演讲集/046.20110401李敖暨南大学演讲.txt","","[]","data/timeline-events-li-ao-yanjiangji.json","li-ao-yanjiangji-046-says-political-prisoners-should-not-be-jailed-but-often-lack-good-brain","{""id"":""li-ao-yanjiangji-046-says-political-prisoners-should-not-be-jailed-but-often-lack-good-brain"",""date"":""2011-04-01"",""displayDate"":""2011年4月1日"",""datePrecision"":""day"",""title"":""李敖在暨南大学说政治犯不应坐牢但常缺好脑筋"",""summary"":""李敖说中国大陆和台湾都不应关政治犯，但政治犯若缺少好脑筋，牺牲也可能换不来真正结果。"",""view"":[""演讲线"",""思想论述线""],""tags"":[""李敖演讲集"",""演讲"",""暨南大学"",""大学演讲"",""政治犯"",""好脑筋"",""台湾"",""中国大陆""],""people"":[""李敖""],""places"":[""暨南大学""],""works"":[""李敖演讲集"",""046.20110401李敖暨南大学演讲""],""certainty"":""confirmed"",""source"":{""book"":""李敖演讲集"",""chapter"":""046.20110401李敖暨南大学演讲"",""path"":""《大李敖全集5.0》（wjm_tcy版）分章节/010.节目演讲类/011.李敖演讲集/046.20110401李敖暨南大学演讲.txt"",""line"":49,""lines"":[49]},""crossReferences"":[],""dataFile"":""data/timeline-events-li-ao-yanjiangji.json""}"
"25218","2011","2011-04-01","2011年4月1日","day","confirmed","李敖在暨南大学称黄花岗烈士白死并质疑反满革命理由","李敖说林觉民书信只显示反满理由，而满清实际给中国增加了大片疆土，若以反满为革命基础便过于单薄。","李敖、林觉民","暨南大学","李敖演讲集、演讲、暨南大学、大学演讲、黄花岗、林觉民、满清、革命","演讲线、思想论述线","李敖演讲集、046.20110401李敖暨南大学演讲、第73烈士","","李敖演讲集","046.20110401李敖暨南大学演讲","51","《大李敖全集5.0》（wjm_tcy版）分章节/010.节目演讲类/011.李敖演讲集/046.20110401李敖暨南大学演讲.txt","","[]","data/timeline-events-li-ao-yanjiangji.json","li-ao-yanjiangji-046-calls-huanghuagang-martyrs-white-death-after-questioning-anti-manchu-cause","{""id"":""li-ao-yanjiangji-046-calls-huanghuagang-martyrs-white-death-after-questioning-anti-manchu-cause"",""date"":""2011-04-01"",""displayDate"":""2011年4月1日"",""datePrecision"":""day"",""title"":""李敖在暨南大学称黄花岗烈士白死并质疑反满革命理由"",""summary"":""李敖说林觉民书信只显示反满理由，而满清实际给中国增加了大片疆土，若以反满为革命基础便过于单薄。"",""view"":[""演讲线"",""思想论述线""],""tags"":[""李敖演讲集"",""演讲"",""暨南大学"",""大学演讲"",""黄花岗"",""林觉民"",""满清"",""革命""],""people"":[""李敖"",""林觉民""],""places"":[""暨南大学""],""works"":[""李敖演讲集"",""046.20110401李敖暨南大学演讲"",""第73烈士""],""certainty"":""confirmed"",""source"":{""book"":""李敖演讲集"",""chapter"":""046.20110401李敖暨南大学演讲"",""path"":""《大李敖全集5.0》（wjm_tcy版）分章节/010.节目演讲类/011.李敖演讲集/046.20110401李敖暨南大学演讲.txt"",""line"":51,""lines"":[51]},""crossReferences"":[],""dataFile"":""data/timeline-events-li-ao-yanjiangji.json""}"
"25219","2011","2011-04-01","2011年4月1日","day","confirmed","李敖在暨南大学称零八宪章比中华人民共和国宪法更落后","李敖说《零八宪章》在制度文字上比中华人民共和国宪法还落后，刘晓波爱国且勇敢，但方法错了。","李敖、刘晓波","暨南大学","李敖演讲集、演讲、暨南大学、大学演讲、零八宪章、中华人民共和国宪法、刘晓波","演讲线、思想论述线","李敖演讲集、046.20110401李敖暨南大学演讲、零八宪章、中华人民共和国宪法","","李敖演讲集","046.20110401李敖暨南大学演讲","47","《大李敖全集5.0》（wjm_tcy版）分章节/010.节目演讲类/011.李敖演讲集/046.20110401李敖暨南大学演讲.txt","","[]","data/timeline-events-li-ao-yanjiangji.json","li-ao-yanjiangji-046-calls-charter-08-more-backward-than-prc-constitution","{""id"":""li-ao-yanjiangji-046-calls-charter-08-more-backward-than-prc-constitution"",""date"":""2011-04-01"",""displayDate"":""2011年4月1日"",""datePrecision"":""day"",""title"":""李敖在暨南大学称零八宪章比中华人民共和国宪法更落后"",""summary"":""李敖说《零八宪章》在制度文字上比中华人民共和国宪法还落后，刘晓波爱国且勇敢，但方法错了。"",""view"":[""演讲线"",""思想论述线""],""tags"":[""李敖演讲集"",""演讲"",""暨南大学"",""大学演讲"",""零八宪章"",""中华人民共和国宪法"",""刘晓波""],""people"":[""李敖"",""刘晓波""],""places"":[""暨南大学""],""works"":[""李敖演讲集"",""046.20110401李敖暨南大学演讲"",""零八宪章"",""中华人民共和国宪法""],""certainty"":""confirmed"",""source"":{""book"":""李敖演讲集"",""chapter"":""046.20110401李敖暨南大学演讲"",""path"":""《大李敖全集5.0》（wjm_tcy版）分章节/010.节目演讲类/011.李敖演讲集/046.20110401李敖暨南大学演讲.txt"",""line"":47,""lines"":[47]},""crossReferences"":[],""dataFile"":""data/timeline-events-li-ao-yanjiangji.json""}"
"25220","2011","2011-04-01","2011年4月1日","day","confirmed","李敖在暨南大学概括共产党从旧包袱战争到改革开放让一部分人先富","李敖说共产党带着旧包袱革命，历经国共战争、抗美援朝和内部动乱，最后由邓小平改革开放让一部分人先富。","李敖、邓小平","暨南大学","李敖演讲集、演讲、暨南大学、大学演讲、中国共产党、改革开放、邓小平、国共战争","演讲线、思想论述线","李敖演讲集、046.20110401李敖暨南大学演讲","","李敖演讲集","046.20110401李敖暨南大学演讲","53","《大李敖全集5.0》（wjm_tcy版）分章节/010.节目演讲类/011.李敖演讲集/046.20110401李敖暨南大学演讲.txt","","[]","data/timeline-events-li-ao-yanjiangji.json","li-ao-yanjiangji-046-summarizes-ccp-history-from-baggage-to-reform-and-rich-first","{""id"":""li-ao-yanjiangji-046-summarizes-ccp-history-from-baggage-to-reform-and-rich-first"",""date"":""2011-04-01"",""displayDate"":""2011年4月1日"",""datePrecision"":""day"",""title"":""李敖在暨南大学概括共产党从旧包袱战争到改革开放让一部分人先富"",""summary"":""李敖说共产党带着旧包袱革命，历经国共战争、抗美援朝和内部动乱，最后由邓小平改革开放让一部分人先富。"",""view"":[""演讲线"",""思想论述线""],""tags"":[""李敖演讲集"",""演讲"",""暨南大学"",""大学演讲"",""中国共产党"",""改革开放"",""邓小平"",""国共战争""],""people"":[""李敖"",""邓小平""],""places"":[""暨南大学""],""works"":[""李敖演讲集"",""046.20110401李敖暨南大学演讲""],""certainty"":""confirmed"",""source"":{""book"":""李敖演讲集"",""chapter"":""046.20110401李敖暨南大学演讲"",""path"":""《大李敖全集5.0》（wjm_tcy版）分章节/010.节目演讲类/011.李敖演讲集/046.20110401李敖暨南大学演讲.txt"",""line"":53,""lines"":[53]},""crossReferences"":[],""dataFile"":""data/timeline-events-li-ao-yanjiangji.json""}"
"25221","2011","2011-04-01","2011年4月1日，暨南大学演讲后","day","reported-by-source","暨南大学演讲后接受记者“围殴”式混合采访","2011年4月1日，李敖在暨南大学九十分钟演讲后，又与数十名记者展开“围殴”式混合采访。记者问他如何定位自己，他说最心仪的头衔是文学家，只是别人不承认而自己不甘心；问到年过七十是否“不逾矩”，他把“不逾矩”删掉，只留“从心所欲”。谈李戡在北大读书，他说看到李戡也在学业会商排名里、上网成性，但不后悔把他送到北大，并称李戡北上读书是“弃暗投明”；谈北大自由学风时，又提到自己曾捐一百三十万台币给北大建胡适铜像，钱还在那里。","李敖、李戡、胡适","广州、暨南大学、北京大学","暨南大学、记者围访、文学家、李戡、北京大学、胡适铜像","演讲线、访谈线、家庭线","《南方日报》李敖专题","book8-2011-04-01-gives-lecture-at-jinan-university、li-ao-fangtanlu-2005-02-02-donates-phoenix-fee-to-peking-university-hu-shih-statue","李敖访谈录1990-2018","050.20110402《南方日报》李敖专题","63","《大李敖全集5.0》（wjm_tcy版）分章节/007.采访序跋类/005.李敖访谈录1990-2018/050.20110402《南方日报》李敖专题.txt","","[]","data/timeline-events-li-ao-fangtanlu-1990-2018.json","li-ao-fangtanlu-2011-04-01-jinan-post-lecture-media-scrum","{""id"":""li-ao-fangtanlu-2011-04-01-jinan-post-lecture-media-scrum"",""date"":""2011-04-01"",""displayDate"":""2011年4月1日，暨南大学演讲后"",""datePrecision"":""day"",""title"":""暨南大学演讲后接受记者“围殴”式混合采访"",""summary"":""2011年4月1日，李敖在暨南大学九十分钟演讲后，又与数十名记者展开“围殴”式混合采访。记者问他如何定位自己，他说最心仪的头衔是文学家，只是别人不承认而自己不甘心；问到年过七十是否“不逾矩”，他把“不逾矩”删掉，只留“从心所欲”。谈李戡在北大读书，他说看到李戡也在学业会商排名里、上网成性，但不后悔把他送到北大，并称李戡北上读书是“弃暗投明”；谈北大自由学风时，又提到自己曾捐一百三十万台币给北大建胡适铜像，钱还在那里。"",""category"":""interview"",""type"":""李敖当事人事件"",""certainty"":""reported-by-source"",""source"":{""book"":""李敖访谈录1990-2018"",""chapter"":""050.20110402《南方日报》李敖专题"",""path"":""《大李敖全集5.0》（wjm_tcy版）分章节/007.采访序跋类/005.李敖访谈录1990-2018/050.20110402《南方日报》李敖专题.txt"",""line"":63,""lines"":[63,77,85,93,95,99,103,107,111,115],""note"":""《南方日报》记录李敖2011年4月1日暨南大学演讲后接受数十记者混合采访，谈头衔、年龄、李戡北大和胡适铜像捐款。""},""tags"":[""暨南大学"",""记者围访"",""文学家"",""李戡"",""北京大学"",""胡适铜像""],""people"":[""李敖"",""李戡"",""胡适""],""places"":[""广州"",""暨南大学"",""北京大学""],""works"":[""《南方日报》李敖专题""],""view"":[""演讲线"",""访谈线"",""家庭线""],""crossReferences"":[""book8-2011-04-01-gives-lecture-at-jinan-university"",""li-ao-fangtanlu-2005-02-02-donates-phoenix-fee-to-peking-university-hu-shih-statue""],""dataFile"":""data/timeline-events-li-ao-fangtanlu-1990-2018.json""}"
"25222","2011","2011-04-01","2011年4月1日星期五","day","confirmed","在暨南大学演讲","《李敖五十年表》记，2011年4月1日，李敖在出版《大江大海骗了你》与《第73烈士》的同年赴暨南大学演讲。《南方日报》现场报道进一步显示，他在正式演讲前受聘担任暨南大学名誉教授，由校长胡军颁证并佩戴校徽；演讲题为“黄花岗第七十三烈士”，他围绕新书说明黄花岗史事、莫纪彭线索、中国软实力与中美道路。报道还说明此行由好友潘毓刚牵线，并将继续赴汕头大学、厦门大学演讲。","李敖、胡军、潘毓刚、莫纪彭","暨南大学、中国大陆","暨南大学、演讲、大陆行、名誉教授、黄花岗第七十三烈士、潘毓刚、胡军","演讲线、生平线、大陆线","李敖相关、第73烈士、《南方日报》李敖专题","li-ao-fangtanlu-2011-04-01-jinan-post-lecture-media-scrum、book7-2011-04-27-marks-publication-of-the-73rd-martyr-with-corrected-date","李敖相关","001.李敖五十年表","179","《大李敖全集5.0》（wjm_tcy版）分章节/001.自传回忆类/008.李敖相关/001.李敖五十年表.txt","李敖访谈录1990-2018 / 050.20110402《南方日报》李敖专题 / line 13 / 说明：《南方日报》记录李敖2011年4月1日暨南大学演讲、受聘名誉教授、演讲主题和潘毓刚牵线。 / 《大李敖全集5.0》（wjm_tcy版）分章节/007.采访序跋类/005.李敖访谈录1990-2018/050.20110402《南方日报》李敖专题.txt","[{""book"":""李敖访谈录1990-2018"",""chapter"":""050.20110402《南方日报》李敖专题"",""path"":""《大李敖全集5.0》（wjm_tcy版）分章节/007.采访序跋类/005.李敖访谈录1990-2018/050.20110402《南方日报》李敖专题.txt"",""line"":13,""lines"":[13,15,19,21,23,25,31,35,37,49,51,53,55],""note"":""《南方日报》记录李敖2011年4月1日暨南大学演讲、受聘名誉教授、演讲主题和潘毓刚牵线。""}]","data/timeline-events-eighth-book.json","book8-2011-04-01-gives-lecture-at-jinan-university","{""id"":""book8-2011-04-01-gives-lecture-at-jinan-university"",""date"":""2011-04-01"",""displayDate"":""2011年4月1日星期五"",""datePrecision"":""day"",""title"":""在暨南大学演讲"",""summary"":""《李敖五十年表》记，2011年4月1日，李敖在出版《大江大海骗了你》与《第73烈士》的同年赴暨南大学演讲。《南方日报》现场报道进一步显示，他在正式演讲前受聘担任暨南大学名誉教授，由校长胡军颁证并佩戴校徽；演讲题为“黄花岗第七十三烈士”，他围绕新书说明黄花岗史事、莫纪彭线索、中国软实力与中美道路。报道还说明此行由好友潘毓刚牵线，并将继续赴汕头大学、厦门大学演讲。"",""view"":[""演讲线"",""生平线"",""大陆线""],""tags"":[""暨南大学"",""演讲"",""大陆行"",""名誉教授"",""黄花岗第七十三烈士"",""潘毓刚"",""胡军""],""people"":[""李敖"",""胡军"",""潘毓刚"",""莫纪彭""],""places"":[""暨南大学"",""中国大陆""],""works"":[""李敖相关"",""第73烈士"",""《南方日报》李敖专题""],""certainty"":""confirmed"",""source"":{""book"":""李敖相关"",""chapter"":""001.李敖五十年表"",""path"":""《大李敖全集5.0》（wjm_tcy版）分章节/001.自传回忆类/008.李敖相关/001.李敖五十年表.txt"",""line"":179},""additionalSources"":[{""book"":""李敖访谈录1990-2018"",""chapter"":""050.20110402《南方日报》李敖专题"",""path"":""《大李敖全集5.0》（wjm_tcy版）分章节/007.采访序跋类/005.李敖访谈录1990-2018/050.20110402《南方日报》李敖专题.txt"",""line"":13,""lines"":[13,15,19,21,23,25,31,35,37,49,51,53,55],""note"":""《南方日报》记录李敖2011年4月1日暨南大学演讲、受聘名誉教授、演讲主题和潘毓刚牵线。""}],""crossReferences"":[""li-ao-fangtanlu-2011-04-01-jinan-post-lecture-media-scrum"",""book7-2011-04-27-marks-publication-of-the-73rd-martyr-with-corrected-date""],""dataFile"":""data/timeline-events-eighth-book.json""}"
"25223","2011","2011-04-02","2011年4月2日","day","confirmed","李敖在汕头大学介绍李戡并说名人子女反而可能吃亏","李敖解释耳顺时顺势介绍李戡，说名人子女未必占便宜，甚至会因父亲名气承受不利处境。","李敖、李戡、毛岸英","汕头大学","李敖演讲集、演讲、汕头大学、大学演讲、李戡、名人子女、家庭","演讲线、思想论述线","李敖演讲集、047.20110402李敖汕头大学演讲","","李敖演讲集","047.20110402李敖汕头大学演讲","15","《大李敖全集5.0》（wjm_tcy版）分章节/010.节目演讲类/011.李敖演讲集/047.20110402李敖汕头大学演讲.txt","","[]","data/timeline-events-li-ao-yanjiangji.json","li-ao-yanjiangji-047-introduces-li-kan-and-says-celebrity-children-can-be-disadvantaged","{""id"":""li-ao-yanjiangji-047-introduces-li-kan-and-says-celebrity-children-can-be-disadvantaged"",""date"":""2011-04-02"",""displayDate"":""2011年4月2日"",""datePrecision"":""day"",""title"":""李敖在汕头大学介绍李戡并说名人子女反而可能吃亏"",""summary"":""李敖解释耳顺时顺势介绍李戡，说名人子女未必占便宜，甚至会因父亲名气承受不利处境。"",""view"":[""演讲线"",""思想论述线""],""tags"":[""李敖演讲集"",""演讲"",""汕头大学"",""大学演讲"",""李戡"",""名人子女"",""家庭""],""people"":[""李敖"",""李戡"",""毛岸英""],""places"":[""汕头大学""],""works"":[""李敖演讲集"",""047.20110402李敖汕头大学演讲""],""certainty"":""confirmed"",""source"":{""book"":""李敖演讲集"",""chapter"":""047.20110402李敖汕头大学演讲"",""path"":""《大李敖全集5.0》（wjm_tcy版）分章节/010.节目演讲类/011.李敖演讲集/047.20110402李敖汕头大学演讲.txt"",""line"":15,""lines"":[15]},""crossReferences"":[],""dataFile"":""data/timeline-events-li-ao-yanjiangji.json""}"
"25224","2011","2011-04-02","2011年4月2日","day","confirmed","李敖在汕头大学以国民党带走黄金、毛泽东借款和韩战说明应给共产党时间","李敖说国民党带走黄金、毛泽东还向美国借款而后遇上韩战，理解这些背景后，应给共产党更多时间改进。","李敖、毛泽东","汕头大学","李敖演讲集、演讲、汕头大学、大学演讲、国民党、毛泽东、韩战、中国共产党","演讲线、思想论述线","李敖演讲集、047.20110402李敖汕头大学演讲","","李敖演讲集","047.20110402李敖汕头大学演讲","23","《大李敖全集5.0》（wjm_tcy版）分章节/010.节目演讲类/011.李敖演讲集/047.20110402李敖汕头大学演讲.txt","","[]","data/timeline-events-li-ao-yanjiangji.json","li-ao-yanjiangji-047-asks-ccp-for-time-through-kmt-gold-mao-loan-and-korean-war","{""id"":""li-ao-yanjiangji-047-asks-ccp-for-time-through-kmt-gold-mao-loan-and-korean-war"",""date"":""2011-04-02"",""displayDate"":""2011年4月2日"",""datePrecision"":""day"",""title"":""李敖在汕头大学以国民党带走黄金、毛泽东借款和韩战说明应给共产党时间"",""summary"":""李敖说国民党带走黄金、毛泽东还向美国借款而后遇上韩战，理解这些背景后，应给共产党更多时间改进。"",""view"":[""演讲线"",""思想论述线""],""tags"":[""李敖演讲集"",""演讲"",""汕头大学"",""大学演讲"",""国民党"",""毛泽东"",""韩战"",""中国共产党""],""people"":[""李敖"",""毛泽东""],""places"":[""汕头大学""],""works"":[""李敖演讲集"",""047.20110402李敖汕头大学演讲""],""certainty"":""confirmed"",""source"":{""book"":""李敖演讲集"",""chapter"":""047.20110402李敖汕头大学演讲"",""path"":""《大李敖全集5.0》（wjm_tcy版）分章节/010.节目演讲类/011.李敖演讲集/047.20110402李敖汕头大学演讲.txt"",""line"":23,""lines"":[23]},""crossReferences"":[],""dataFile"":""data/timeline-events-li-ao-yanjiangji.json""}"
"25225","2011","2011-04-02","2011年4月2日","day","confirmed","李敖在汕头大学对中学生说学校有时会成为天才障碍","李敖对中学生说自己离开高中并不喜欢学校，学校教育有时反而会妨碍真正有天分的人。","李敖","汕头大学","李敖演讲集、演讲、汕头大学、大学演讲、中学生、学校教育、天才","演讲线、思想论述线","李敖演讲集、047.20110402李敖汕头大学演讲","","李敖演讲集","047.20110402李敖汕头大学演讲","69","《大李敖全集5.0》（wjm_tcy版）分章节/010.节目演讲类/011.李敖演讲集/047.20110402李敖汕头大学演讲.txt","","[]","data/timeline-events-li-ao-yanjiangji.json","li-ao-yanjiangji-047-advises-middle-school-students-that-school-can-obstruct-genius","{""id"":""li-ao-yanjiangji-047-advises-middle-school-students-that-school-can-obstruct-genius"",""date"":""2011-04-02"",""displayDate"":""2011年4月2日"",""datePrecision"":""day"",""title"":""李敖在汕头大学对中学生说学校有时会成为天才障碍"",""summary"":""李敖对中学生说自己离开高中并不喜欢学校，学校教育有时反而会妨碍真正有天分的人。"",""view"":[""演讲线"",""思想论述线""],""tags"":[""李敖演讲集"",""演讲"",""汕头大学"",""大学演讲"",""中学生"",""学校教育"",""天才""],""people"":[""李敖""],""places"":[""汕头大学""],""works"":[""李敖演讲集"",""047.20110402李敖汕头大学演讲""],""certainty"":""confirmed"",""source"":{""book"":""李敖演讲集"",""chapter"":""047.20110402李敖汕头大学演讲"",""path"":""《大李敖全集5.0》（wjm_tcy版）分章节/010.节目演讲类/011.李敖演讲集/047.20110402李敖汕头大学演讲.txt"",""line"":69,""lines"":[69]},""crossReferences"":[],""dataFile"":""data/timeline-events-li-ao-yanjiangji.json""}"
"25226","2011","2011-04-02","2011年4月2日","day","confirmed","李敖在汕头大学回忆北大演讲用反美反日反台独开场骗过共产党","李敖说二〇〇五年北大演讲先表明反美、反日、反台独，以为与共产党同调，随后转入个人与国家关系的真正主题。","李敖","汕头大学、北京大学","李敖演讲集、演讲、汕头大学、大学演讲、北大演讲、反美、反日、反台独、演讲策略","演讲线、思想论述线","李敖演讲集、047.20110402李敖汕头大学演讲","li-ao-yanjiangji-038-opens-pku-speech-with-nervousness-and-lien-toilet-joke","李敖演讲集","047.20110402李敖汕头大学演讲","21","《大李敖全集5.0》（wjm_tcy版）分章节/010.节目演讲类/011.李敖演讲集/047.20110402李敖汕头大学演讲.txt","","[]","data/timeline-events-li-ao-yanjiangji.json","li-ao-yanjiangji-047-recalls-pku-anti-us-anti-japan-anti-taiwan-independence-opening-as-trap","{""id"":""li-ao-yanjiangji-047-recalls-pku-anti-us-anti-japan-anti-taiwan-independence-opening-as-trap"",""date"":""2011-04-02"",""displayDate"":""2011年4月2日"",""datePrecision"":""day"",""title"":""李敖在汕头大学回忆北大演讲用反美反日反台独开场骗过共产党"",""summary"":""李敖说二〇〇五年北大演讲先表明反美、反日、反台独，以为与共产党同调，随后转入个人与国家关系的真正主题。"",""view"":[""演讲线"",""思想论述线""],""tags"":[""李敖演讲集"",""演讲"",""汕头大学"",""大学演讲"",""北大演讲"",""反美"",""反日"",""反台独"",""演讲策略""],""people"":[""李敖""],""places"":[""汕头大学"",""北京大学""],""works"":[""李敖演讲集"",""047.20110402李敖汕头大学演讲""],""certainty"":""confirmed"",""source"":{""book"":""李敖演讲集"",""chapter"":""047.20110402李敖汕头大学演讲"",""path"":""《大李敖全集5.0》（wjm_tcy版）分章节/010.节目演讲类/011.李敖演讲集/047.20110402李敖汕头大学演讲.txt"",""line"":21,""lines"":[21]},""crossReferences"":[""li-ao-yanjiangji-038-opens-pku-speech-with-nervousness-and-lien-toilet-joke""],""dataFile"":""data/timeline-events-li-ao-yanjiangji.json""}"
"25227","2011","2011-04-02","2011年4月2日","day","confirmed","李敖在汕头大学回答毕业女生时重讲国家与个人冲突和逃港故事","李敖对即将毕业的女学生谈国家利益与个人利益冲突，并以逃港潮中情侣生死分离的故事说明代价。","李敖","汕头大学、香港","李敖演讲集、演讲、汕头大学、大学演讲、毕业生、国家利益、个人利益、逃港潮","演讲线、思想论述线","李敖演讲集、047.20110402李敖汕头大学演讲","li-ao-yanjiangji-046-uses-hong-kong-escape-tide-to-discuss-state-and-individual-interest","李敖演讲集","047.20110402李敖汕头大学演讲","89","《大李敖全集5.0》（wjm_tcy版）分章节/010.节目演讲类/011.李敖演讲集/047.20110402李敖汕头大学演讲.txt","","[]","data/timeline-events-li-ao-yanjiangji.json","li-ao-yanjiangji-047-answers-graduating-student-with-state-individual-conflict-and-hong-kong-escape-story","{""id"":""li-ao-yanjiangji-047-answers-graduating-student-with-state-individual-conflict-and-hong-kong-escape-story"",""date"":""2011-04-02"",""displayDate"":""2011年4月2日"",""datePrecision"":""day"",""title"":""李敖在汕头大学回答毕业女生时重讲国家与个人冲突和逃港故事"",""summary"":""李敖对即将毕业的女学生谈国家利益与个人利益冲突，并以逃港潮中情侣生死分离的故事说明代价。"",""view"":[""演讲线"",""思想论述线""],""tags"":[""李敖演讲集"",""演讲"",""汕头大学"",""大学演讲"",""毕业生"",""国家利益"",""个人利益"",""逃港潮""],""people"":[""李敖""],""places"":[""汕头大学"",""香港""],""works"":[""李敖演讲集"",""047.20110402李敖汕头大学演讲""],""certainty"":""confirmed"",""source"":{""book"":""李敖演讲集"",""chapter"":""047.20110402李敖汕头大学演讲"",""path"":""《大李敖全集5.0》（wjm_tcy版）分章节/010.节目演讲类/011.李敖演讲集/047.20110402李敖汕头大学演讲.txt"",""line"":89,""lines"":[89]},""crossReferences"":[""li-ao-yanjiangji-046-uses-hong-kong-escape-tide-to-discuss-state-and-individual-interest""],""dataFile"":""data/timeline-events-li-ao-yanjiangji.json""}"
"25228","2011","2011-04-02","2011年4月2日","day","confirmed","李敖在汕头大学说五毛党和精神文明工程造不出软实力","李敖回答五毛党问题时说，说共产党好不等于被驯化；真正问题在于官方宣传体系和五毛式话语都不能创造软实力。","李敖","汕头大学","李敖演讲集、演讲、汕头大学、大学演讲、五毛党、软实力、精神文明、中国共产党","演讲线、思想论述线","李敖演讲集、047.20110402李敖汕头大学演讲","","李敖演讲集","047.20110402李敖汕头大学演讲","43","《大李敖全集5.0》（wjm_tcy版）分章节/010.节目演讲类/011.李敖演讲集/047.20110402李敖汕头大学演讲.txt","","[]","data/timeline-events-li-ao-yanjiangji.json","li-ao-yanjiangji-047-says-five-cent-party-and-official-culture-cannot-create-soft-power","{""id"":""li-ao-yanjiangji-047-says-five-cent-party-and-official-culture-cannot-create-soft-power"",""date"":""2011-04-02"",""displayDate"":""2011年4月2日"",""datePrecision"":""day"",""title"":""李敖在汕头大学说五毛党和精神文明工程造不出软实力"",""summary"":""李敖回答五毛党问题时说，说共产党好不等于被驯化；真正问题在于官方宣传体系和五毛式话语都不能创造软实力。"",""view"":[""演讲线"",""思想论述线""],""tags"":[""李敖演讲集"",""演讲"",""汕头大学"",""大学演讲"",""五毛党"",""软实力"",""精神文明"",""中国共产党""],""people"":[""李敖""],""places"":[""汕头大学""],""works"":[""李敖演讲集"",""047.20110402李敖汕头大学演讲""],""certainty"":""confirmed"",""source"":{""book"":""李敖演讲集"",""chapter"":""047.20110402李敖汕头大学演讲"",""path"":""《大李敖全集5.0》（wjm_tcy版）分章节/010.节目演讲类/011.李敖演讲集/047.20110402李敖汕头大学演讲.txt"",""line"":43,""lines"":[43]},""crossReferences"":[],""dataFile"":""data/timeline-events-li-ao-yanjiangji.json""}"
"25229","2011","2011-04-02","2011年4月2日","day","confirmed","李敖在汕头大学说六四问题应用宪法证据和退伍军人事件方式处理","李敖说六四可用邓小平选拔等证据挑战，也应把死亡士兵、四十五天等待和美国退伍军人事件放在一起比较，寻找不流血的聪明方法。","李敖、邓小平","汕头大学","李敖演讲集、演讲、汕头大学、大学演讲、六四、邓小平、退伍军人事件、宪法","演讲线、思想论述线","李敖演讲集、047.20110402李敖汕头大学演讲","li-ao-yanjiangji-038-uses-bonus-army-and-global-shootings-to-warn-protesters","李敖演讲集","047.20110402李敖汕头大学演讲","77","《大李敖全集5.0》（wjm_tcy版）分章节/010.节目演讲类/011.李敖演讲集/047.20110402李敖汕头大学演讲.txt","","[]","data/timeline-events-li-ao-yanjiangji.json","li-ao-yanjiangji-047-says-june-fourth-should-be-challenged-with-constitution-and-bonus-army-comparison","{""id"":""li-ao-yanjiangji-047-says-june-fourth-should-be-challenged-with-constitution-and-bonus-army-comparison"",""date"":""2011-04-02"",""displayDate"":""2011年4月2日"",""datePrecision"":""day"",""title"":""李敖在汕头大学说六四问题应用宪法证据和退伍军人事件方式处理"",""summary"":""李敖说六四可用邓小平选拔等证据挑战，也应把死亡士兵、四十五天等待和美国退伍军人事件放在一起比较，寻找不流血的聪明方法。"",""view"":[""演讲线"",""思想论述线""],""tags"":[""李敖演讲集"",""演讲"",""汕头大学"",""大学演讲"",""六四"",""邓小平"",""退伍军人事件"",""宪法""],""people"":[""李敖"",""邓小平""],""places"":[""汕头大学""],""works"":[""李敖演讲集"",""047.20110402李敖汕头大学演讲""],""certainty"":""confirmed"",""source"":{""book"":""李敖演讲集"",""chapter"":""047.20110402李敖汕头大学演讲"",""path"":""《大李敖全集5.0》（wjm_tcy版）分章节/010.节目演讲类/011.李敖演讲集/047.20110402李敖汕头大学演讲.txt"",""line"":77,""lines"":[77]},""crossReferences"":[""li-ao-yanjiangji-038-uses-bonus-army-and-global-shootings-to-warn-protesters""],""dataFile"":""data/timeline-events-li-ao-yanjiangji.json""}"
"25230","2011","2011-04-02","2011年4月2日","day","confirmed","李敖在汕头大学说共产党让中国人多活四十年并结束外国士兵在华","李敖说共产党使中国人平均寿命提高，也让外国士兵不再驻在中国，这是他评价共产党时必须承认的成绩。","李敖","汕头大学、中国大陆","李敖演讲集、演讲、汕头大学、大学演讲、中国共产党、寿命、民族国家","演讲线、思想论述线","李敖演讲集、047.20110402李敖汕头大学演讲","","李敖演讲集","047.20110402李敖汕头大学演讲","25","《大李敖全集5.0》（wjm_tcy版）分章节/010.节目演讲类/011.李敖演讲集/047.20110402李敖汕头大学演讲.txt","","[]","data/timeline-events-li-ao-yanjiangji.json","li-ao-yanjiangji-047-says-ccp-gave-chinese-forty-more-years-and-ended-foreign-soldiers","{""id"":""li-ao-yanjiangji-047-says-ccp-gave-chinese-forty-more-years-and-ended-foreign-soldiers"",""date"":""2011-04-02"",""displayDate"":""2011年4月2日"",""datePrecision"":""day"",""title"":""李敖在汕头大学说共产党让中国人多活四十年并结束外国士兵在华"",""summary"":""李敖说共产党使中国人平均寿命提高，也让外国士兵不再驻在中国，这是他评价共产党时必须承认的成绩。"",""view"":[""演讲线"",""思想论述线""],""tags"":[""李敖演讲集"",""演讲"",""汕头大学"",""大学演讲"",""中国共产党"",""寿命"",""民族国家""],""people"":[""李敖""],""places"":[""汕头大学"",""中国大陆""],""works"":[""李敖演讲集"",""047.20110402李敖汕头大学演讲""],""certainty"":""confirmed"",""source"":{""book"":""李敖演讲集"",""chapter"":""047.20110402李敖汕头大学演讲"",""path"":""《大李敖全集5.0》（wjm_tcy版）分章节/010.节目演讲类/011.李敖演讲集/047.20110402李敖汕头大学演讲.txt"",""line"":25,""lines"":[25]},""crossReferences"":[],""dataFile"":""data/timeline-events-li-ao-yanjiangji.json""}"
"25231","2011","2011-04-02","2011年4月2日","day","confirmed","李敖在汕头大学说刘晓波诺奖比达赖进步但零八宪章仍错","李敖说诺贝尔奖给刘晓波比给达赖进步，但《零八宪章》仍比中华人民共和国宪法落后，不能因此放弃对方法的批评。","李敖、刘晓波、达赖","汕头大学","李敖演讲集、演讲、汕头大学、大学演讲、刘晓波、诺贝尔和平奖、达赖、零八宪章","演讲线、思想论述线","李敖演讲集、047.20110402李敖汕头大学演讲、零八宪章、中华人民共和国宪法","","李敖演讲集","047.20110402李敖汕头大学演讲","73","《大李敖全集5.0》（wjm_tcy版）分章节/010.节目演讲类/011.李敖演讲集/047.20110402李敖汕头大学演讲.txt","","[]","data/timeline-events-li-ao-yanjiangji.json","li-ao-yanjiangji-047-says-liu-xiaobo-nobel-is-progress-over-dalai-but-charter-08-still-wrong","{""id"":""li-ao-yanjiangji-047-says-liu-xiaobo-nobel-is-progress-over-dalai-but-charter-08-still-wrong"",""date"":""2011-04-02"",""displayDate"":""2011年4月2日"",""datePrecision"":""day"",""title"":""李敖在汕头大学说刘晓波诺奖比达赖进步但零八宪章仍错"",""summary"":""李敖说诺贝尔奖给刘晓波比给达赖进步，但《零八宪章》仍比中华人民共和国宪法落后，不能因此放弃对方法的批评。"",""view"":[""演讲线"",""思想论述线""],""tags"":[""李敖演讲集"",""演讲"",""汕头大学"",""大学演讲"",""刘晓波"",""诺贝尔和平奖"",""达赖"",""零八宪章""],""people"":[""李敖"",""刘晓波"",""达赖""],""places"":[""汕头大学""],""works"":[""李敖演讲集"",""047.20110402李敖汕头大学演讲"",""零八宪章"",""中华人民共和国宪法""],""certainty"":""confirmed"",""source"":{""book"":""李敖演讲集"",""chapter"":""047.20110402李敖汕头大学演讲"",""path"":""《大李敖全集5.0》（wjm_tcy版）分章节/010.节目演讲类/011.李敖演讲集/047.20110402李敖汕头大学演讲.txt"",""line"":73,""lines"":[73]},""crossReferences"":[],""dataFile"":""data/timeline-events-li-ao-yanjiangji.json""}"
"25232","2011","2011-04-02","2011年4月2日","day","confirmed","李敖在汕头大学说自己更愿以文学家身份被记住并因长篇小说胜过鲁迅","李敖说他更喜欢文学家的身份，并认为自己写过长篇小说，而鲁迅没有完整长篇小说，这是他敢比较的理由。","李敖、鲁迅","汕头大学","李敖演讲集、演讲、汕头大学、大学演讲、文学家、鲁迅、长篇小说","演讲线、思想论述线","李敖演讲集、047.20110402李敖汕头大学演讲","","李敖演讲集","047.20110402李敖汕头大学演讲","39","《大李敖全集5.0》（wjm_tcy版）分章节/010.节目演讲类/011.李敖演讲集/047.20110402李敖汕头大学演讲.txt","","[]","data/timeline-events-li-ao-yanjiangji.json","li-ao-yanjiangji-047-calls-himself-literary-writer-and-better-than-lu-xun-for-writing-novels","{""id"":""li-ao-yanjiangji-047-calls-himself-literary-writer-and-better-than-lu-xun-for-writing-novels"",""date"":""2011-04-02"",""displayDate"":""2011年4月2日"",""datePrecision"":""day"",""title"":""李敖在汕头大学说自己更愿以文学家身份被记住并因长篇小说胜过鲁迅"",""summary"":""李敖说他更喜欢文学家的身份，并认为自己写过长篇小说，而鲁迅没有完整长篇小说，这是他敢比较的理由。"",""view"":[""演讲线"",""思想论述线""],""tags"":[""李敖演讲集"",""演讲"",""汕头大学"",""大学演讲"",""文学家"",""鲁迅"",""长篇小说""],""people"":[""李敖"",""鲁迅""],""places"":[""汕头大学""],""works"":[""李敖演讲集"",""047.20110402李敖汕头大学演讲""],""certainty"":""confirmed"",""source"":{""book"":""李敖演讲集"",""chapter"":""047.20110402李敖汕头大学演讲"",""path"":""《大李敖全集5.0》（wjm_tcy版）分章节/010.节目演讲类/011.李敖演讲集/047.20110402李敖汕头大学演讲.txt"",""line"":39,""lines"":[39]},""crossReferences"":[],""dataFile"":""data/timeline-events-li-ao-yanjiangji.json""}"
"25233","2011","2011-04-02","2011年4月2日","day","confirmed","李敖在汕头大学说韩寒聪明好看但低估知识会危险","李敖评价韩寒时承认其聪明和外形优势，但警告若对知识积累评价过低，就会在思想问题上危险。","李敖、韩寒","汕头大学","李敖演讲集、演讲、汕头大学、大学演讲、韩寒、知识、青年文化","演讲线、思想论述线","李敖演讲集、047.20110402李敖汕头大学演讲","","李敖演讲集","047.20110402李敖汕头大学演讲","65","《大李敖全集5.0》（wjm_tcy版）分章节/010.节目演讲类/011.李敖演讲集/047.20110402李敖汕头大学演讲.txt","","[]","data/timeline-events-li-ao-yanjiangji.json","li-ao-yanjiangji-047-warns-han-han-cleverness-is-dangerous-without-respect-for-knowledge","{""id"":""li-ao-yanjiangji-047-warns-han-han-cleverness-is-dangerous-without-respect-for-knowledge"",""date"":""2011-04-02"",""displayDate"":""2011年4月2日"",""datePrecision"":""day"",""title"":""李敖在汕头大学说韩寒聪明好看但低估知识会危险"",""summary"":""李敖评价韩寒时承认其聪明和外形优势，但警告若对知识积累评价过低，就会在思想问题上危险。"",""view"":[""演讲线"",""思想论述线""],""tags"":[""李敖演讲集"",""演讲"",""汕头大学"",""大学演讲"",""韩寒"",""知识"",""青年文化""],""people"":[""李敖"",""韩寒""],""places"":[""汕头大学""],""works"":[""李敖演讲集"",""047.20110402李敖汕头大学演讲""],""certainty"":""confirmed"",""source"":{""book"":""李敖演讲集"",""chapter"":""047.20110402李敖汕头大学演讲"",""path"":""《大李敖全集5.0》（wjm_tcy版）分章节/010.节目演讲类/011.李敖演讲集/047.20110402李敖汕头大学演讲.txt"",""line"":65,""lines"":[65]},""crossReferences"":[],""dataFile"":""data/timeline-events-li-ao-yanjiangji.json""}"
"25234","2011","2011-04-02","2011年4月2日","day","confirmed","李敖在汕头大学重述共产主义最高道德理想和摸石捧卵过河说","李敖说共产主义有最高道德性，却被现实制度改坏；他用背包袱、摸石头、捧卵子过河形容共产党改革困境。","李敖","汕头大学","李敖演讲集、演讲、汕头大学、大学演讲、共产主义、改革开放、政治比喻","演讲线、思想论述线","李敖演讲集、047.20110402李敖汕头大学演讲","li-ao-yanjiangji-046-answers-communism-moral-ideal-and-us-dollar-threat-in-qa","李敖演讲集","047.20110402李敖汕头大学演讲","81","《大李敖全集5.0》（wjm_tcy版）分章节/010.节目演讲类/011.李敖演讲集/047.20110402李敖汕头大学演讲.txt","","[]","data/timeline-events-li-ao-yanjiangji.json","li-ao-yanjiangji-047-repeats-communism-moral-ideal-and-crossing-river-with-testicles","{""id"":""li-ao-yanjiangji-047-repeats-communism-moral-ideal-and-crossing-river-with-testicles"",""date"":""2011-04-02"",""displayDate"":""2011年4月2日"",""datePrecision"":""day"",""title"":""李敖在汕头大学重述共产主义最高道德理想和摸石捧卵过河说"",""summary"":""李敖说共产主义有最高道德性，却被现实制度改坏；他用背包袱、摸石头、捧卵子过河形容共产党改革困境。"",""view"":[""演讲线"",""思想论述线""],""tags"":[""李敖演讲集"",""演讲"",""汕头大学"",""大学演讲"",""共产主义"",""改革开放"",""政治比喻""],""people"":[""李敖""],""places"":[""汕头大学""],""works"":[""李敖演讲集"",""047.20110402李敖汕头大学演讲""],""certainty"":""confirmed"",""source"":{""book"":""李敖演讲集"",""chapter"":""047.20110402李敖汕头大学演讲"",""path"":""《大李敖全集5.0》（wjm_tcy版）分章节/010.节目演讲类/011.李敖演讲集/047.20110402李敖汕头大学演讲.txt"",""line"":81,""lines"":[81]},""crossReferences"":[""li-ao-yanjiangji-046-answers-communism-moral-ideal-and-us-dollar-threat-in-qa""],""dataFile"":""data/timeline-events-li-ao-yanjiangji.json""}"
"25235","2011","2011-04-02","2011年4月2日","day","confirmed","李敖在汕头大学谈北大会商李戡并把思想偏激辅导说成意识形态反弹","李敖谈李戡在北大的会商问题，李戡解释校方以食堂为理由很荒唐，真正顾虑应是反党、亲美日等意识形态标签。","李敖、李戡","汕头大学、北京大学","李敖演讲集、演讲、汕头大学、大学演讲、李戡、北京大学、会商、思想偏激","演讲线、思想论述线","李敖演讲集、047.20110402李敖汕头大学演讲","","李敖演讲集","047.20110402李敖汕头大学演讲","57","《大李敖全集5.0》（wjm_tcy版）分章节/010.节目演讲类/011.李敖演讲集/047.20110402李敖汕头大学演讲.txt","","[]","data/timeline-events-li-ao-yanjiangji.json","li-ao-yanjiangji-047-discusses-pku-counseling-li-kan-and-ideological-backlash","{""id"":""li-ao-yanjiangji-047-discusses-pku-counseling-li-kan-and-ideological-backlash"",""date"":""2011-04-02"",""displayDate"":""2011年4月2日"",""datePrecision"":""day"",""title"":""李敖在汕头大学谈北大会商李戡并把思想偏激辅导说成意识形态反弹"",""summary"":""李敖谈李戡在北大的会商问题，李戡解释校方以食堂为理由很荒唐，真正顾虑应是反党、亲美日等意识形态标签。"",""view"":[""演讲线"",""思想论述线""],""tags"":[""李敖演讲集"",""演讲"",""汕头大学"",""大学演讲"",""李戡"",""北京大学"",""会商"",""思想偏激""],""people"":[""李敖"",""李戡""],""places"":[""汕头大学"",""北京大学""],""works"":[""李敖演讲集"",""047.20110402李敖汕头大学演讲""],""certainty"":""confirmed"",""source"":{""book"":""李敖演讲集"",""chapter"":""047.20110402李敖汕头大学演讲"",""path"":""《大李敖全集5.0》（wjm_tcy版）分章节/010.节目演讲类/011.李敖演讲集/047.20110402李敖汕头大学演讲.txt"",""line"":57,""lines"":[57]},""crossReferences"":[],""dataFile"":""data/timeline-events-li-ao-yanjiangji.json""}"
"25236","2011","2011-04-02","2011年4月2日","day","confirmed","李敖在汕头大学追问为什么反美的阳痿美国也被封","李敖把美元结构、金融危机和《阳痿美国》相连，追问共产党如果反美，为什么连这本反美书也要阻挡。","李敖","汕头大学、美国、中国大陆","李敖演讲集、演讲、汕头大学、大学演讲、阳痿美国、美国、美元、出版受阻","演讲线、思想论述线","李敖演讲集、047.20110402李敖汕头大学演讲、阳痿美国","li-ao-yanjiangji-046-uses-impotent-america-dollar-and-financial-crisis-to-name-us-as-real-enemy","李敖演讲集","047.20110402李敖汕头大学演讲","27","《大李敖全集5.0》（wjm_tcy版）分章节/010.节目演讲类/011.李敖演讲集/047.20110402李敖汕头大学演讲.txt","","[]","data/timeline-events-li-ao-yanjiangji.json","li-ao-yanjiangji-047-asks-why-anti-us-impotent-america-was-blocked","{""id"":""li-ao-yanjiangji-047-asks-why-anti-us-impotent-america-was-blocked"",""date"":""2011-04-02"",""displayDate"":""2011年4月2日"",""datePrecision"":""day"",""title"":""李敖在汕头大学追问为什么反美的阳痿美国也被封"",""summary"":""李敖把美元结构、金融危机和《阳痿美国》相连，追问共产党如果反美，为什么连这本反美书也要阻挡。"",""view"":[""演讲线"",""思想论述线""],""tags"":[""李敖演讲集"",""演讲"",""汕头大学"",""大学演讲"",""阳痿美国"",""美国"",""美元"",""出版受阻""],""people"":[""李敖""],""places"":[""汕头大学"",""美国"",""中国大陆""],""works"":[""李敖演讲集"",""047.20110402李敖汕头大学演讲"",""阳痿美国""],""certainty"":""confirmed"",""source"":{""book"":""李敖演讲集"",""chapter"":""047.20110402李敖汕头大学演讲"",""path"":""《大李敖全集5.0》（wjm_tcy版）分章节/010.节目演讲类/011.李敖演讲集/047.20110402李敖汕头大学演讲.txt"",""line"":27,""lines"":[27]},""crossReferences"":[""li-ao-yanjiangji-046-uses-impotent-america-dollar-and-financial-crisis-to-name-us-as-real-enemy""],""dataFile"":""data/timeline-events-li-ao-yanjiangji.json""}"
"25237","2011","2011-04-02","2011年4月2日","day","confirmed","李敖在汕头大学演讲开场以潘毓刚旧交和小李小潘笑话破题","李敖在汕头大学以潘毓刚旧识、台大地理系神童和小李小潘玩笑开场，并谈到潘毓刚曾为胡适铜像问题与他讨论。","李敖、潘毓刚、胡适","汕头大学","李敖演讲集、演讲、汕头大学、大学演讲、潘毓刚、胡适铜像","演讲线、思想论述线","李敖演讲集、047.20110402李敖汕头大学演讲","li-ao-youhua-shuo-244-argues-peking-university-should-add-hu-shih-statue","李敖演讲集","047.20110402李敖汕头大学演讲","5","《大李敖全集5.0》（wjm_tcy版）分章节/010.节目演讲类/011.李敖演讲集/047.20110402李敖汕头大学演讲.txt","","[]","data/timeline-events-li-ao-yanjiangji.json","li-ao-yanjiangji-047-opens-shantou-lecture-with-pan-yugang-friendship-and-pig-jokes","{""id"":""li-ao-yanjiangji-047-opens-shantou-lecture-with-pan-yugang-friendship-and-pig-jokes"",""date"":""2011-04-02"",""displayDate"":""2011年4月2日"",""datePrecision"":""day"",""title"":""李敖在汕头大学演讲开场以潘毓刚旧交和小李小潘笑话破题"",""summary"":""李敖在汕头大学以潘毓刚旧识、台大地理系神童和小李小潘玩笑开场，并谈到潘毓刚曾为胡适铜像问题与他讨论。"",""view"":[""演讲线"",""思想论述线""],""tags"":[""李敖演讲集"",""演讲"",""汕头大学"",""大学演讲"",""潘毓刚"",""胡适铜像""],""people"":[""李敖"",""潘毓刚"",""胡适""],""places"":[""汕头大学""],""works"":[""李敖演讲集"",""047.20110402李敖汕头大学演讲""],""certainty"":""confirmed"",""source"":{""book"":""李敖演讲集"",""chapter"":""047.20110402李敖汕头大学演讲"",""path"":""《大李敖全集5.0》（wjm_tcy版）分章节/010.节目演讲类/011.李敖演讲集/047.20110402李敖汕头大学演讲.txt"",""line"":5,""lines"":[5]},""crossReferences"":[""li-ao-youhua-shuo-244-argues-peking-university-should-add-hu-shih-statue""],""dataFile"":""data/timeline-events-li-ao-yanjiangji.json""}"
"25238","2011","2011-04-02","2011年4月2日星期六","day","confirmed","在汕头大学演讲","《李敖五十年表》记，2011年4月2日，李敖在汕头大学演讲。《中国网》现场报道进一步补出，这场活动名为“X计划之思辨进行时”，李敖在好友潘毓刚陪同下到场，与学生对话，并把李戡叫上台回应外界关于北大“会商名单”的误读；他还向汕头大学图书馆赠书、给幸运听众签名，随后参观新图书馆和至诚书院。这条与同年4月1日暨南大学、4月3日厦门大学、7月23日香港书展的活动排比，补强其2011年高密度公开演讲期。","李敖","汕头大学、中国大陆","汕头大学、演讲、大陆行","演讲线、生平线、大陆线","李敖相关","li-ao-fangtanlu-2011-04-03-xiamen-stage-li-kan-denies-counseling-joke","李敖相关","001.李敖五十年表","179","《大李敖全集5.0》（wjm_tcy版）分章节/001.自传回忆类/008.李敖相关/001.李敖五十年表.txt","李敖访谈录1990-2018 / 052.20110406《中国网》李敖专题 / line 3 / 说明：《中国网》记录李敖2011年4月2日到汕头大学，与潘毓刚、李戡同台并向图书馆赠书。 / 《大李敖全集5.0》（wjm_tcy版）分章节/007.采访序跋类/005.李敖访谈录1990-2018/052.20110406《中国网》李敖专题.txt","[{""book"":""李敖访谈录1990-2018"",""chapter"":""052.20110406《中国网》李敖专题"",""path"":""《大李敖全集5.0》（wjm_tcy版）分章节/007.采访序跋类/005.李敖访谈录1990-2018/052.20110406《中国网》李敖专题.txt"",""line"":3,""lines"":[3,7,15,17,21,27,29,37,39,43],""note"":""《中国网》记录李敖2011年4月2日到汕头大学，与潘毓刚、李戡同台并向图书馆赠书。""}]","data/timeline-events-eighth-book.json","book8-2011-04-02-gives-lecture-at-shantou-university","{""id"":""book8-2011-04-02-gives-lecture-at-shantou-university"",""date"":""2011-04-02"",""displayDate"":""2011年4月2日星期六"",""datePrecision"":""day"",""title"":""在汕头大学演讲"",""summary"":""《李敖五十年表》记，2011年4月2日，李敖在汕头大学演讲。《中国网》现场报道进一步补出，这场活动名为“X计划之思辨进行时”，李敖在好友潘毓刚陪同下到场，与学生对话，并把李戡叫上台回应外界关于北大“会商名单”的误读；他还向汕头大学图书馆赠书、给幸运听众签名，随后参观新图书馆和至诚书院。这条与同年4月1日暨南大学、4月3日厦门大学、7月23日香港书展的活动排比，补强其2011年高密度公开演讲期。"",""view"":[""演讲线"",""生平线"",""大陆线""],""tags"":[""汕头大学"",""演讲"",""大陆行""],""people"":[""李敖""],""places"":[""汕头大学"",""中国大陆""],""works"":[""李敖相关""],""certainty"":""confirmed"",""source"":{""book"":""李敖相关"",""chapter"":""001.李敖五十年表"",""path"":""《大李敖全集5.0》（wjm_tcy版）分章节/001.自传回忆类/008.李敖相关/001.李敖五十年表.txt"",""line"":179},""additionalSources"":[{""book"":""李敖访谈录1990-2018"",""chapter"":""052.20110406《中国网》李敖专题"",""path"":""《大李敖全集5.0》（wjm_tcy版）分章节/007.采访序跋类/005.李敖访谈录1990-2018/052.20110406《中国网》李敖专题.txt"",""line"":3,""lines"":[3,7,15,17,21,27,29,37,39,43],""note"":""《中国网》记录李敖2011年4月2日到汕头大学，与潘毓刚、李戡同台并向图书馆赠书。""}],""crossReferences"":[""li-ao-fangtanlu-2011-04-03-xiamen-stage-li-kan-denies-counseling-joke""],""dataFile"":""data/timeline-events-eighth-book.json""}"
"25239","2011","2011-04-03","2011年4月3日","day","confirmed","李敖在厦门大学从阳痿美国和真正敌人美国转向拥抱共产党","李敖重述《阳痿美国》被挡和美国金融伤害，认为真正敌人是美国，因此不应推翻共产党，而应纠缠、拥抱并推动它改进。","李敖","厦门大学、美国、中国大陆","李敖演讲集、演讲、厦门大学、大学演讲、阳痿美国、美国、中国共产党、改革","演讲线、思想论述线","李敖演讲集、048.20110403李敖厦门大学演讲、阳痿美国","li-ao-yanjiangji-047-asks-why-anti-us-impotent-america-was-blocked","李敖演讲集","048.20110403李敖厦门大学演讲","57","《大李敖全集5.0》（wjm_tcy版）分章节/010.节目演讲类/011.李敖演讲集/048.20110403李敖厦门大学演讲.txt","","[]","data/timeline-events-li-ao-yanjiangji.json","li-ao-yanjiangji-048-urges-embracing-ccp-after-impotent-america-and-real-us-enemy","{""id"":""li-ao-yanjiangji-048-urges-embracing-ccp-after-impotent-america-and-real-us-enemy"",""date"":""2011-04-03"",""displayDate"":""2011年4月3日"",""datePrecision"":""day"",""title"":""李敖在厦门大学从阳痿美国和真正敌人美国转向拥抱共产党"",""summary"":""李敖重述《阳痿美国》被挡和美国金融伤害，认为真正敌人是美国，因此不应推翻共产党，而应纠缠、拥抱并推动它改进。"",""view"":[""演讲线"",""思想论述线""],""tags"":[""李敖演讲集"",""演讲"",""厦门大学"",""大学演讲"",""阳痿美国"",""美国"",""中国共产党"",""改革""],""people"":[""李敖""],""places"":[""厦门大学"",""美国"",""中国大陆""],""works"":[""李敖演讲集"",""048.20110403李敖厦门大学演讲"",""阳痿美国""],""certainty"":""confirmed"",""source"":{""book"":""李敖演讲集"",""chapter"":""048.20110403李敖厦门大学演讲"",""path"":""《大李敖全集5.0》（wjm_tcy版）分章节/010.节目演讲类/011.李敖演讲集/048.20110403李敖厦门大学演讲.txt"",""line"":57,""lines"":[57]},""crossReferences"":[""li-ao-yanjiangji-047-asks-why-anti-us-impotent-america-was-blocked""],""dataFile"":""data/timeline-events-li-ao-yanjiangji.json""}"
"25240","2011","2011-04-03","2011年4月3日","day","confirmed","李敖在厦门大学对比鲁迅从未被共产党禁书和自己九十六本书被禁","李敖说鲁迅的书从未被共产党查禁，而他在国民党时期九十六本书被禁，现在共产党仍禁他的书，显示两者处境不同。","李敖、鲁迅","厦门大学","李敖演讲集、演讲、厦门大学、大学演讲、鲁迅、禁书、国民党、中国共产党","演讲线、思想论述线","李敖演讲集、048.20110403李敖厦门大学演讲","","李敖演讲集","048.20110403李敖厦门大学演讲","21","《大李敖全集5.0》（wjm_tcy版）分章节/010.节目演讲类/011.李敖演讲集/048.20110403李敖厦门大学演讲.txt","","[]","data/timeline-events-li-ao-yanjiangji.json","li-ao-yanjiangji-048-contrasts-lu-xun-never-banned-by-ccp-with-his-own-96-banned-books","{""id"":""li-ao-yanjiangji-048-contrasts-lu-xun-never-banned-by-ccp-with-his-own-96-banned-books"",""date"":""2011-04-03"",""displayDate"":""2011年4月3日"",""datePrecision"":""day"",""title"":""李敖在厦门大学对比鲁迅从未被共产党禁书和自己九十六本书被禁"",""summary"":""李敖说鲁迅的书从未被共产党查禁，而他在国民党时期九十六本书被禁，现在共产党仍禁他的书，显示两者处境不同。"",""view"":[""演讲线"",""思想论述线""],""tags"":[""李敖演讲集"",""演讲"",""厦门大学"",""大学演讲"",""鲁迅"",""禁书"",""国民党"",""中国共产党""],""people"":[""李敖"",""鲁迅""],""places"":[""厦门大学""],""works"":[""李敖演讲集"",""048.20110403李敖厦门大学演讲""],""certainty"":""confirmed"",""source"":{""book"":""李敖演讲集"",""chapter"":""048.20110403李敖厦门大学演讲"",""path"":""《大李敖全集5.0》（wjm_tcy版）分章节/010.节目演讲类/011.李敖演讲集/048.20110403李敖厦门大学演讲.txt"",""line"":21,""lines"":[21]},""crossReferences"":[],""dataFile"":""data/timeline-events-li-ao-yanjiangji.json""}"
"25241","2011","2011-04-03","2011年4月3日","day","confirmed","李敖在厦门大学用难民风险、寿命、西藏、奥运和刘晓波诺奖为共产党留时间","李敖说若十三亿人的二十六分之一外逃就是五千万难民，共产党让中国人多活、稳住西藏、办奥运并让刘晓波得诺奖，显示仍在进步。","李敖、刘晓波","厦门大学、中国大陆、西藏","李敖演讲集、演讲、厦门大学、大学演讲、中国共产党、难民、西藏、奥运、刘晓波","演讲线、思想论述线","李敖演讲集、048.20110403李敖厦门大学演讲","","李敖演讲集","048.20110403李敖厦门大学演讲","45","《大李敖全集5.0》（wjm_tcy版）分章节/010.节目演讲类/011.李敖演讲集/048.20110403李敖厦门大学演讲.txt","","[]","data/timeline-events-li-ao-yanjiangji.json","li-ao-yanjiangji-048-defends-ccp-by-refugee-risk-life-expectancy-tibet-olympics-and-liu-nobel","{""id"":""li-ao-yanjiangji-048-defends-ccp-by-refugee-risk-life-expectancy-tibet-olympics-and-liu-nobel"",""date"":""2011-04-03"",""displayDate"":""2011年4月3日"",""datePrecision"":""day"",""title"":""李敖在厦门大学用难民风险、寿命、西藏、奥运和刘晓波诺奖为共产党留时间"",""summary"":""李敖说若十三亿人的二十六分之一外逃就是五千万难民，共产党让中国人多活、稳住西藏、办奥运并让刘晓波得诺奖，显示仍在进步。"",""view"":[""演讲线"",""思想论述线""],""tags"":[""李敖演讲集"",""演讲"",""厦门大学"",""大学演讲"",""中国共产党"",""难民"",""西藏"",""奥运"",""刘晓波""],""people"":[""李敖"",""刘晓波""],""places"":[""厦门大学"",""中国大陆"",""西藏""],""works"":[""李敖演讲集"",""048.20110403李敖厦门大学演讲""],""certainty"":""confirmed"",""source"":{""book"":""李敖演讲集"",""chapter"":""048.20110403李敖厦门大学演讲"",""path"":""《大李敖全集5.0》（wjm_tcy版）分章节/010.节目演讲类/011.李敖演讲集/048.20110403李敖厦门大学演讲.txt"",""line"":45,""lines"":[45]},""crossReferences"":[],""dataFile"":""data/timeline-events-li-ao-yanjiangji.json""}"
"25242","2011","2011-04-03","2011年4月3日","day","confirmed","李敖在厦门大学问答中为立法院喷瓦斯策略辩护并回应北大会商","李敖说自己在台湾假国会里告过二百二十四名立委并喷瓦斯，那是列宁式策略；随后他和李戡回应北大会商事件，称那是会修正的反弹。","李敖、李戡、列宁","厦门大学、台湾、北京大学","李敖演讲集、演讲、厦门大学、大学演讲、立法院、喷瓦斯、李戡、北京大学、会商","演讲线、思想论述线","李敖演讲集、048.20110403李敖厦门大学演讲","","李敖演讲集","048.20110403李敖厦门大学演讲","97","《大李敖全集5.0》（wjm_tcy版）分章节/010.节目演讲类/011.李敖演讲集/048.20110403李敖厦门大学演讲.txt","","[]","data/timeline-events-li-ao-yanjiangji.json","li-ao-yanjiangji-048-defends-legislative-tear-gas-and-addresses-pku-counseling-backlash","{""id"":""li-ao-yanjiangji-048-defends-legislative-tear-gas-and-addresses-pku-counseling-backlash"",""date"":""2011-04-03"",""displayDate"":""2011年4月3日"",""datePrecision"":""day"",""title"":""李敖在厦门大学问答中为立法院喷瓦斯策略辩护并回应北大会商"",""summary"":""李敖说自己在台湾假国会里告过二百二十四名立委并喷瓦斯，那是列宁式策略；随后他和李戡回应北大会商事件，称那是会修正的反弹。"",""view"":[""演讲线"",""思想论述线""],""tags"":[""李敖演讲集"",""演讲"",""厦门大学"",""大学演讲"",""立法院"",""喷瓦斯"",""李戡"",""北京大学"",""会商""],""people"":[""李敖"",""李戡"",""列宁""],""places"":[""厦门大学"",""台湾"",""北京大学""],""works"":[""李敖演讲集"",""048.20110403李敖厦门大学演讲""],""certainty"":""confirmed"",""source"":{""book"":""李敖演讲集"",""chapter"":""048.20110403李敖厦门大学演讲"",""path"":""《大李敖全集5.0》（wjm_tcy版）分章节/010.节目演讲类/011.李敖演讲集/048.20110403李敖厦门大学演讲.txt"",""line"":97,""lines"":[97]},""crossReferences"":[],""dataFile"":""data/timeline-events-li-ao-yanjiangji.json""}"
"25243","2011","2011-04-03","2011年4月3日","day","confirmed","李敖在厦门大学问答中批日本反动、做美国狗且没有真正道歉","李敖回答日本问题时说，日本历史与现实都反动，没有像勃兰特那样彻底道歉，现在仍是美国的狗。","李敖、勃兰特","厦门大学、日本、美国","李敖演讲集、演讲、厦门大学、大学演讲、日本、美国、道歉、勃兰特","演讲线、思想论述线","李敖演讲集、048.20110403李敖厦门大学演讲","","李敖演讲集","048.20110403李敖厦门大学演讲","111","《大李敖全集5.0》（wjm_tcy版）分章节/010.节目演讲类/011.李敖演讲集/048.20110403李敖厦门大学演讲.txt","","[]","data/timeline-events-li-ao-yanjiangji.json","li-ao-yanjiangji-048-calls-japan-reactionary-us-dog-and-demands-apology","{""id"":""li-ao-yanjiangji-048-calls-japan-reactionary-us-dog-and-demands-apology"",""date"":""2011-04-03"",""displayDate"":""2011年4月3日"",""datePrecision"":""day"",""title"":""李敖在厦门大学问答中批日本反动、做美国狗且没有真正道歉"",""summary"":""李敖回答日本问题时说，日本历史与现实都反动，没有像勃兰特那样彻底道歉，现在仍是美国的狗。"",""view"":[""演讲线"",""思想论述线""],""tags"":[""李敖演讲集"",""演讲"",""厦门大学"",""大学演讲"",""日本"",""美国"",""道歉"",""勃兰特""],""people"":[""李敖"",""勃兰特""],""places"":[""厦门大学"",""日本"",""美国""],""works"":[""李敖演讲集"",""048.20110403李敖厦门大学演讲""],""certainty"":""confirmed"",""source"":{""book"":""李敖演讲集"",""chapter"":""048.20110403李敖厦门大学演讲"",""path"":""《大李敖全集5.0》（wjm_tcy版）分章节/010.节目演讲类/011.李敖演讲集/048.20110403李敖厦门大学演讲.txt"",""line"":111,""lines"":[111]},""crossReferences"":[],""dataFile"":""data/timeline-events-li-ao-yanjiangji.json""}"
"25244","2011","2011-04-03","2011年4月3日","day","confirmed","李敖在厦门大学问答中说抗日战争主体既非国民党也非共产党","李敖回答抗战问题时说，共产党只是部分参与，国民党也不能独占主体，真正支撑抗战的是许多杂牌军和历史偶然。","李敖","厦门大学、中国","李敖演讲集、演讲、厦门大学、大学演讲、抗日战争、国民党、中国共产党","演讲线、思想论述线","李敖演讲集、048.20110403李敖厦门大学演讲","","李敖演讲集","048.20110403李敖厦门大学演讲","83","《大李敖全集5.0》（wjm_tcy版）分章节/010.节目演讲类/011.李敖演讲集/048.20110403李敖厦门大学演讲.txt","","[]","data/timeline-events-li-ao-yanjiangji.json","li-ao-yanjiangji-048-says-anti-japanese-war-was-not-mainly-fought-by-kmt-or-ccp","{""id"":""li-ao-yanjiangji-048-says-anti-japanese-war-was-not-mainly-fought-by-kmt-or-ccp"",""date"":""2011-04-03"",""displayDate"":""2011年4月3日"",""datePrecision"":""day"",""title"":""李敖在厦门大学问答中说抗日战争主体既非国民党也非共产党"",""summary"":""李敖回答抗战问题时说，共产党只是部分参与，国民党也不能独占主体，真正支撑抗战的是许多杂牌军和历史偶然。"",""view"":[""演讲线"",""思想论述线""],""tags"":[""李敖演讲集"",""演讲"",""厦门大学"",""大学演讲"",""抗日战争"",""国民党"",""中国共产党""],""people"":[""李敖""],""places"":[""厦门大学"",""中国""],""works"":[""李敖演讲集"",""048.20110403李敖厦门大学演讲""],""certainty"":""confirmed"",""source"":{""book"":""李敖演讲集"",""chapter"":""048.20110403李敖厦门大学演讲"",""path"":""《大李敖全集5.0》（wjm_tcy版）分章节/010.节目演讲类/011.李敖演讲集/048.20110403李敖厦门大学演讲.txt"",""line"":83,""lines"":[83]},""crossReferences"":[],""dataFile"":""data/timeline-events-li-ao-yanjiangji.json""}"
"25245","2011","2011-04-03","2011年4月3日","day","confirmed","李敖在厦门大学把父亲受教鲁迅和李戡进北大连成家族线索","李敖说父亲曾受教于鲁迅，而李戡如今进入北京大学，某种程度上延续了他对北大和鲁迅线索的期待。","李敖、李鼎彝、鲁迅、李戡","厦门大学、北京大学","李敖演讲集、演讲、厦门大学、大学演讲、鲁迅、李鼎彝、李戡、北京大学","演讲线、思想论述线","李敖演讲集、048.20110403李敖厦门大学演讲","","李敖演讲集","048.20110403李敖厦门大学演讲","17","《大李敖全集5.0》（wjm_tcy版）分章节/010.节目演讲类/011.李敖演讲集/048.20110403李敖厦门大学演讲.txt","","[]","data/timeline-events-li-ao-yanjiangji.json","li-ao-yanjiangji-048-connects-father-studying-under-lu-xun-and-li-kan-at-peking-university","{""id"":""li-ao-yanjiangji-048-connects-father-studying-under-lu-xun-and-li-kan-at-peking-university"",""date"":""2011-04-03"",""displayDate"":""2011年4月3日"",""datePrecision"":""day"",""title"":""李敖在厦门大学把父亲受教鲁迅和李戡进北大连成家族线索"",""summary"":""李敖说父亲曾受教于鲁迅，而李戡如今进入北京大学，某种程度上延续了他对北大和鲁迅线索的期待。"",""view"":[""演讲线"",""思想论述线""],""tags"":[""李敖演讲集"",""演讲"",""厦门大学"",""大学演讲"",""鲁迅"",""李鼎彝"",""李戡"",""北京大学""],""people"":[""李敖"",""李鼎彝"",""鲁迅"",""李戡""],""places"":[""厦门大学"",""北京大学""],""works"":[""李敖演讲集"",""048.20110403李敖厦门大学演讲""],""certainty"":""confirmed"",""source"":{""book"":""李敖演讲集"",""chapter"":""048.20110403李敖厦门大学演讲"",""path"":""《大李敖全集5.0》（wjm_tcy版）分章节/010.节目演讲类/011.李敖演讲集/048.20110403李敖厦门大学演讲.txt"",""line"":17,""lines"":[17]},""crossReferences"":[],""dataFile"":""data/timeline-events-li-ao-yanjiangji.json""}"
"25246","2011","2011-04-03","2011年4月3日","day","confirmed","李敖在厦门大学把民进党台独归为连国歌国号都不敢改的假台独","李敖说民进党执政多年既不改国号也不改国歌，所以只是假的台独，不是真正要承担后果的独立路线。","李敖","厦门大学、台湾","李敖演讲集、演讲、厦门大学、大学演讲、民进党、台独、国号、国歌","演讲线、思想论述线","李敖演讲集、048.20110403李敖厦门大学演讲","","李敖演讲集","048.20110403李敖厦门大学演讲","29","《大李敖全集5.0》（wjm_tcy版）分章节/010.节目演讲类/011.李敖演讲集/048.20110403李敖厦门大学演讲.txt","","[]","data/timeline-events-li-ao-yanjiangji.json","li-ao-yanjiangji-048-classifies-dpp-taiwan-independence-as-fake-because-it-never-changed-state-symbols","{""id"":""li-ao-yanjiangji-048-classifies-dpp-taiwan-independence-as-fake-because-it-never-changed-state-symbols"",""date"":""2011-04-03"",""displayDate"":""2011年4月3日"",""datePrecision"":""day"",""title"":""李敖在厦门大学把民进党台独归为连国歌国号都不敢改的假台独"",""summary"":""李敖说民进党执政多年既不改国号也不改国歌，所以只是假的台独，不是真正要承担后果的独立路线。"",""view"":[""演讲线"",""思想论述线""],""tags"":[""李敖演讲集"",""演讲"",""厦门大学"",""大学演讲"",""民进党"",""台独"",""国号"",""国歌""],""people"":[""李敖""],""places"":[""厦门大学"",""台湾""],""works"":[""李敖演讲集"",""048.20110403李敖厦门大学演讲""],""certainty"":""confirmed"",""source"":{""book"":""李敖演讲集"",""chapter"":""048.20110403李敖厦门大学演讲"",""path"":""《大李敖全集5.0》（wjm_tcy版）分章节/010.节目演讲类/011.李敖演讲集/048.20110403李敖厦门大学演讲.txt"",""line"":29,""lines"":[29]},""crossReferences"":[],""dataFile"":""data/timeline-events-li-ao-yanjiangji.json""}"
"25247","2011","2011-04-03","2011年4月3日","day","confirmed","李敖在厦门大学受聘名誉教授并提到陈平景曾与他同遭白色恐怖逮捕","李敖在厦门大学感谢朱崇实与陈平景，特别提到陈平景曾在白色恐怖中和他一起被逮捕。","李敖、朱崇实、陈平景","厦门大学","李敖演讲集、演讲、厦门大学、大学演讲、名誉教授、陈平景、白色恐怖","演讲线、思想论述线","李敖演讲集、048.20110403李敖厦门大学演讲","book7-2011-xiamen-university-lecture-considered-best-of-life、book7-2011-03-31-receives-xiamen-university-honorary-professorship","李敖演讲集","048.20110403李敖厦门大学演讲","5","《大李敖全集5.0》（wjm_tcy版）分章节/010.节目演讲类/011.李敖演讲集/048.20110403李敖厦门大学演讲.txt","","[]","data/timeline-events-li-ao-yanjiangji.json","li-ao-yanjiangji-048-receives-xiamen-honorary-professorship-and-remembers-chen-pingjing-arrest","{""id"":""li-ao-yanjiangji-048-receives-xiamen-honorary-professorship-and-remembers-chen-pingjing-arrest"",""date"":""2011-04-03"",""displayDate"":""2011年4月3日"",""datePrecision"":""day"",""title"":""李敖在厦门大学受聘名誉教授并提到陈平景曾与他同遭白色恐怖逮捕"",""summary"":""李敖在厦门大学感谢朱崇实与陈平景，特别提到陈平景曾在白色恐怖中和他一起被逮捕。"",""view"":[""演讲线"",""思想论述线""],""tags"":[""李敖演讲集"",""演讲"",""厦门大学"",""大学演讲"",""名誉教授"",""陈平景"",""白色恐怖""],""people"":[""李敖"",""朱崇实"",""陈平景""],""places"":[""厦门大学""],""works"":[""李敖演讲集"",""048.20110403李敖厦门大学演讲""],""certainty"":""confirmed"",""source"":{""book"":""李敖演讲集"",""chapter"":""048.20110403李敖厦门大学演讲"",""path"":""《大李敖全集5.0》（wjm_tcy版）分章节/010.节目演讲类/011.李敖演讲集/048.20110403李敖厦门大学演讲.txt"",""line"":5,""lines"":[5]},""crossReferences"":[""book7-2011-xiamen-university-lecture-considered-best-of-life"",""book7-2011-03-31-receives-xiamen-university-honorary-professorship""],""dataFile"":""data/timeline-events-li-ao-yanjiangji.json""}"
"25248","2011","2011-04-03","2011年4月3日","day","confirmed","李敖在厦门大学说共产党也不急统一台湾并引毛泽东基辛格百年说","李敖说第三种不统派其实是共产党本身，因为毛泽东曾向基辛格说台湾问题可以一百年后再谈。","李敖、毛泽东、基辛格","厦门大学、台湾、中国大陆","李敖演讲集、演讲、厦门大学、大学演讲、中国共产党、台湾问题、毛泽东、基辛格","演讲线、思想论述线","李敖演讲集、048.20110403李敖厦门大学演讲","","李敖演讲集","048.20110403李敖厦门大学演讲","35","《大李敖全集5.0》（wjm_tcy版）分章节/010.节目演讲类/011.李敖演讲集/048.20110403李敖厦门大学演讲.txt","","[]","data/timeline-events-li-ao-yanjiangji.json","li-ao-yanjiangji-048-says-ccp-is-also-not-urgent-about-taiwan-through-mao-kissinger-quote","{""id"":""li-ao-yanjiangji-048-says-ccp-is-also-not-urgent-about-taiwan-through-mao-kissinger-quote"",""date"":""2011-04-03"",""displayDate"":""2011年4月3日"",""datePrecision"":""day"",""title"":""李敖在厦门大学说共产党也不急统一台湾并引毛泽东基辛格百年说"",""summary"":""李敖说第三种不统派其实是共产党本身，因为毛泽东曾向基辛格说台湾问题可以一百年后再谈。"",""view"":[""演讲线"",""思想论述线""],""tags"":[""李敖演讲集"",""演讲"",""厦门大学"",""大学演讲"",""中国共产党"",""台湾问题"",""毛泽东"",""基辛格""],""people"":[""李敖"",""毛泽东"",""基辛格""],""places"":[""厦门大学"",""台湾"",""中国大陆""],""works"":[""李敖演讲集"",""048.20110403李敖厦门大学演讲""],""certainty"":""confirmed"",""source"":{""book"":""李敖演讲集"",""chapter"":""048.20110403李敖厦门大学演讲"",""path"":""《大李敖全集5.0》（wjm_tcy版）分章节/010.节目演讲类/011.李敖演讲集/048.20110403李敖厦门大学演讲.txt"",""line"":35,""lines"":[35]},""crossReferences"":[],""dataFile"":""data/timeline-events-li-ao-yanjiangji.json""}"
"25249","2011","2011-04-03","2011年4月3日","day","confirmed","李敖在厦门大学说共产党不给红地毯又派人防他显示既当自己人又当外人","李敖说共产党对他矛盾：把他当自己人所以没有红地毯，又把他当外人所以要防范和看守。","李敖","厦门大学","李敖演讲集、演讲、厦门大学、大学演讲、中国共产党、红地毯、自我处境","演讲线、思想论述线","李敖演讲集、048.20110403李敖厦门大学演讲","li-ao-yanjiangji-046-says-officials-treat-him-as-guest-and-thief-at-once","李敖演讲集","048.20110403李敖厦门大学演讲","39","《大李敖全集5.0》（wjm_tcy版）分章节/010.节目演讲类/011.李敖演讲集/048.20110403李敖厦门大学演讲.txt","","[]","data/timeline-events-li-ao-yanjiangji.json","li-ao-yanjiangji-048-says-ccp-treats-him-as-own-person-with-no-red-carpet-and-as-outsider-with-guards","{""id"":""li-ao-yanjiangji-048-says-ccp-treats-him-as-own-person-with-no-red-carpet-and-as-outsider-with-guards"",""date"":""2011-04-03"",""displayDate"":""2011年4月3日"",""datePrecision"":""day"",""title"":""李敖在厦门大学说共产党不给红地毯又派人防他显示既当自己人又当外人"",""summary"":""李敖说共产党对他矛盾：把他当自己人所以没有红地毯，又把他当外人所以要防范和看守。"",""view"":[""演讲线"",""思想论述线""],""tags"":[""李敖演讲集"",""演讲"",""厦门大学"",""大学演讲"",""中国共产党"",""红地毯"",""自我处境""],""people"":[""李敖""],""places"":[""厦门大学""],""works"":[""李敖演讲集"",""048.20110403李敖厦门大学演讲""],""certainty"":""confirmed"",""source"":{""book"":""李敖演讲集"",""chapter"":""048.20110403李敖厦门大学演讲"",""path"":""《大李敖全集5.0》（wjm_tcy版）分章节/010.节目演讲类/011.李敖演讲集/048.20110403李敖厦门大学演讲.txt"",""line"":39,""lines"":[39]},""crossReferences"":[""li-ao-yanjiangji-046-says-officials-treat-him-as-guest-and-thief-at-once""],""dataFile"":""data/timeline-events-li-ao-yanjiangji.json""}"
"25250","2011","2011-04-03","2011年4月3日","day","confirmed","李敖在厦门大学说刘晓波应使用中华人民共和国宪法而不是零八宪章","李敖重申《零八宪章》不如中华人民共和国宪法，主张用现成宪法条文要求落实自由权利。","李敖、刘晓波","厦门大学","李敖演讲集、演讲、厦门大学、大学演讲、刘晓波、零八宪章、中华人民共和国宪法","演讲线、思想论述线","李敖演讲集、048.20110403李敖厦门大学演讲、零八宪章、中华人民共和国宪法","li-ao-yanjiangji-046-calls-charter-08-more-backward-than-prc-constitution","李敖演讲集","048.20110403李敖厦门大学演讲","41","《大李敖全集5.0》（wjm_tcy版）分章节/010.节目演讲类/011.李敖演讲集/048.20110403李敖厦门大学演讲.txt","","[]","data/timeline-events-li-ao-yanjiangji.json","li-ao-yanjiangji-048-says-liu-xiaobo-should-use-prc-constitution-instead-of-charter-08","{""id"":""li-ao-yanjiangji-048-says-liu-xiaobo-should-use-prc-constitution-instead-of-charter-08"",""date"":""2011-04-03"",""displayDate"":""2011年4月3日"",""datePrecision"":""day"",""title"":""李敖在厦门大学说刘晓波应使用中华人民共和国宪法而不是零八宪章"",""summary"":""李敖重申《零八宪章》不如中华人民共和国宪法，主张用现成宪法条文要求落实自由权利。"",""view"":[""演讲线"",""思想论述线""],""tags"":[""李敖演讲集"",""演讲"",""厦门大学"",""大学演讲"",""刘晓波"",""零八宪章"",""中华人民共和国宪法""],""people"":[""李敖"",""刘晓波""],""places"":[""厦门大学""],""works"":[""李敖演讲集"",""048.20110403李敖厦门大学演讲"",""零八宪章"",""中华人民共和国宪法""],""certainty"":""confirmed"",""source"":{""book"":""李敖演讲集"",""chapter"":""048.20110403李敖厦门大学演讲"",""path"":""《大李敖全集5.0》（wjm_tcy版）分章节/010.节目演讲类/011.李敖演讲集/048.20110403李敖厦门大学演讲.txt"",""line"":41,""lines"":[41]},""crossReferences"":[""li-ao-yanjiangji-046-calls-charter-08-more-backward-than-prc-constitution""],""dataFile"":""data/timeline-events-li-ao-yanjiangji.json""}"
"25251","2011","2011-04-03","2011年4月3日","day","confirmed","李敖在厦门大学说鲁迅不骂日本且缺少长篇小说","李敖说鲁迅受内山完造等日本人帮助，从不真正骂日本，又以没有长篇小说作为鲁迅文学成就的缺口。","李敖、鲁迅、内山完造","厦门大学","李敖演讲集、演讲、厦门大学、大学演讲、鲁迅、日本、长篇小说","演讲线、思想论述线","李敖演讲集、048.20110403李敖厦门大学演讲","","李敖演讲集","048.20110403李敖厦门大学演讲","25","《大李敖全集5.0》（wjm_tcy版）分章节/010.节目演讲类/011.李敖演讲集/048.20110403李敖厦门大学演讲.txt","","[]","data/timeline-events-li-ao-yanjiangji.json","li-ao-yanjiangji-048-says-lu-xun-never-scolded-japan-and-lacked-full-length-novel","{""id"":""li-ao-yanjiangji-048-says-lu-xun-never-scolded-japan-and-lacked-full-length-novel"",""date"":""2011-04-03"",""displayDate"":""2011年4月3日"",""datePrecision"":""day"",""title"":""李敖在厦门大学说鲁迅不骂日本且缺少长篇小说"",""summary"":""李敖说鲁迅受内山完造等日本人帮助，从不真正骂日本，又以没有长篇小说作为鲁迅文学成就的缺口。"",""view"":[""演讲线"",""思想论述线""],""tags"":[""李敖演讲集"",""演讲"",""厦门大学"",""大学演讲"",""鲁迅"",""日本"",""长篇小说""],""people"":[""李敖"",""鲁迅"",""内山完造""],""places"":[""厦门大学""],""works"":[""李敖演讲集"",""048.20110403李敖厦门大学演讲""],""certainty"":""confirmed"",""source"":{""book"":""李敖演讲集"",""chapter"":""048.20110403李敖厦门大学演讲"",""path"":""《大李敖全集5.0》（wjm_tcy版）分章节/010.节目演讲类/011.李敖演讲集/048.20110403李敖厦门大学演讲.txt"",""line"":25,""lines"":[25]},""crossReferences"":[],""dataFile"":""data/timeline-events-li-ao-yanjiangji.json""}"
"25252","2011","2011-04-03","2011年4月3日","day","confirmed","李敖在厦门大学说鲁迅来厦大不是躲军阀而是因许广平恋情","李敖以从鲁迅在厦大谈起为题，认为鲁迅来到厦门大学的核心不是躲避军阀，而是与许广平的感情相关。","李敖、鲁迅、许广平","厦门大学","李敖演讲集、演讲、厦门大学、大学演讲、鲁迅、许广平","演讲线、思想论述线","李敖演讲集、048.20110403李敖厦门大学演讲","","李敖演讲集","048.20110403李敖厦门大学演讲","13","《大李敖全集5.0》（wjm_tcy版）分章节/010.节目演讲类/011.李敖演讲集/048.20110403李敖厦门大学演讲.txt","","[]","data/timeline-events-li-ao-yanjiangji.json","li-ao-yanjiangji-048-says-lu-xun-came-to-xiamen-for-xu-guangping-not-warlords","{""id"":""li-ao-yanjiangji-048-says-lu-xun-came-to-xiamen-for-xu-guangping-not-warlords"",""date"":""2011-04-03"",""displayDate"":""2011年4月3日"",""datePrecision"":""day"",""title"":""李敖在厦门大学说鲁迅来厦大不是躲军阀而是因许广平恋情"",""summary"":""李敖以从鲁迅在厦大谈起为题，认为鲁迅来到厦门大学的核心不是躲避军阀，而是与许广平的感情相关。"",""view"":[""演讲线"",""思想论述线""],""tags"":[""李敖演讲集"",""演讲"",""厦门大学"",""大学演讲"",""鲁迅"",""许广平""],""people"":[""李敖"",""鲁迅"",""许广平""],""places"":[""厦门大学""],""works"":[""李敖演讲集"",""048.20110403李敖厦门大学演讲""],""certainty"":""confirmed"",""source"":{""book"":""李敖演讲集"",""chapter"":""048.20110403李敖厦门大学演讲"",""path"":""《大李敖全集5.0》（wjm_tcy版）分章节/010.节目演讲类/011.李敖演讲集/048.20110403李敖厦门大学演讲.txt"",""line"":13,""lines"":[13]},""crossReferences"":[],""dataFile"":""data/timeline-events-li-ao-yanjiangji.json""}"
"25253","2011","2011-04-03","2011年4月3日","day","confirmed","李敖在厦门大学称国民党和马英九维持现状是隐性台独","李敖说国民党和马英九以维持现状为名，回避宪法和国统纲领的统一指向，本质是隐性台独。","李敖、马英九","厦门大学、台湾","李敖演讲集、演讲、厦门大学、大学演讲、国民党、马英九、台独、维持现状","演讲线、思想论述线","李敖演讲集、048.20110403李敖厦门大学演讲","","李敖演讲集","048.20110403李敖厦门大学演讲","31","《大李敖全集5.0》（wjm_tcy版）分章节/010.节目演讲类/011.李敖演讲集/048.20110403李敖厦门大学演讲.txt","","[]","data/timeline-events-li-ao-yanjiangji.json","li-ao-yanjiangji-048-calls-kmt-and-ma-status-quo-hidden-taiwan-independence","{""id"":""li-ao-yanjiangji-048-calls-kmt-and-ma-status-quo-hidden-taiwan-independence"",""date"":""2011-04-03"",""displayDate"":""2011年4月3日"",""datePrecision"":""day"",""title"":""李敖在厦门大学称国民党和马英九维持现状是隐性台独"",""summary"":""李敖说国民党和马英九以维持现状为名，回避宪法和国统纲领的统一指向，本质是隐性台独。"",""view"":[""演讲线"",""思想论述线""],""tags"":[""李敖演讲集"",""演讲"",""厦门大学"",""大学演讲"",""国民党"",""马英九"",""台独"",""维持现状""],""people"":[""李敖"",""马英九""],""places"":[""厦门大学"",""台湾""],""works"":[""李敖演讲集"",""048.20110403李敖厦门大学演讲""],""certainty"":""confirmed"",""source"":{""book"":""李敖演讲集"",""chapter"":""048.20110403李敖厦门大学演讲"",""path"":""《大李敖全集5.0》（wjm_tcy版）分章节/010.节目演讲类/011.李敖演讲集/048.20110403李敖厦门大学演讲.txt"",""line"":31,""lines"":[31]},""crossReferences"":[],""dataFile"":""data/timeline-events-li-ao-yanjiangji.json""}"
"25254","2011","2011-04-03","2011年4月3日","day","confirmed","李敖在厦门大学笑说若北大会商李戡他可能学鲁迅转来厦大","李敖借北大对李戡会商一事开玩笑，说如果北京大学继续这样，李戡或许也会像鲁迅离开北方一样转到厦门大学。","李敖、李戡、鲁迅","厦门大学、北京大学","李敖演讲集、演讲、厦门大学、大学演讲、李戡、北京大学、会商","演讲线、思想论述线","李敖演讲集、048.20110403李敖厦门大学演讲","","李敖演讲集","048.20110403李敖厦门大学演讲","19","《大李敖全集5.0》（wjm_tcy版）分章节/010.节目演讲类/011.李敖演讲集/048.20110403李敖厦门大学演讲.txt","","[]","data/timeline-events-li-ao-yanjiangji.json","li-ao-yanjiangji-048-jokes-li-kan-may-follow-lu-xun-from-pku-to-xiamen-if-counseled","{""id"":""li-ao-yanjiangji-048-jokes-li-kan-may-follow-lu-xun-from-pku-to-xiamen-if-counseled"",""date"":""2011-04-03"",""displayDate"":""2011年4月3日"",""datePrecision"":""day"",""title"":""李敖在厦门大学笑说若北大会商李戡他可能学鲁迅转来厦大"",""summary"":""李敖借北大对李戡会商一事开玩笑，说如果北京大学继续这样，李戡或许也会像鲁迅离开北方一样转到厦门大学。"",""view"":[""演讲线"",""思想论述线""],""tags"":[""李敖演讲集"",""演讲"",""厦门大学"",""大学演讲"",""李戡"",""北京大学"",""会商""],""people"":[""李敖"",""李戡"",""鲁迅""],""places"":[""厦门大学"",""北京大学""],""works"":[""李敖演讲集"",""048.20110403李敖厦门大学演讲""],""certainty"":""confirmed"",""source"":{""book"":""李敖演讲集"",""chapter"":""048.20110403李敖厦门大学演讲"",""path"":""《大李敖全集5.0》（wjm_tcy版）分章节/010.节目演讲类/011.李敖演讲集/048.20110403李敖厦门大学演讲.txt"",""line"":19,""lines"":[19]},""crossReferences"":[],""dataFile"":""data/timeline-events-li-ao-yanjiangji.json""}"
"25255","2011","2011-04-03","2011年4月3日","day","confirmed","李敖在厦门大学揭鲁迅曾秘密领国民党大学院干薪四年","李敖说鲁迅一面有革命形象，一面秘密领取国民党大学院干薪四年，折算金额可观，应纳入完整评价。","李敖、鲁迅","厦门大学","李敖演讲集、演讲、厦门大学、大学演讲、鲁迅、国民党、大学院、薪水","演讲线、思想论述线","李敖演讲集、048.20110403李敖厦门大学演讲","","李敖演讲集","048.20110403李敖厦门大学演讲","23","《大李敖全集5.0》（wjm_tcy版）分章节/010.节目演讲类/011.李敖演讲集/048.20110403李敖厦门大学演讲.txt","","[]","data/timeline-events-li-ao-yanjiangji.json","li-ao-yanjiangji-048-says-lu-xun-secretly-took-kmt-academy-salary-for-four-years","{""id"":""li-ao-yanjiangji-048-says-lu-xun-secretly-took-kmt-academy-salary-for-four-years"",""date"":""2011-04-03"",""displayDate"":""2011年4月3日"",""datePrecision"":""day"",""title"":""李敖在厦门大学揭鲁迅曾秘密领国民党大学院干薪四年"",""summary"":""李敖说鲁迅一面有革命形象，一面秘密领取国民党大学院干薪四年，折算金额可观，应纳入完整评价。"",""view"":[""演讲线"",""思想论述线""],""tags"":[""李敖演讲集"",""演讲"",""厦门大学"",""大学演讲"",""鲁迅"",""国民党"",""大学院"",""薪水""],""people"":[""李敖"",""鲁迅""],""places"":[""厦门大学""],""works"":[""李敖演讲集"",""048.20110403李敖厦门大学演讲""],""certainty"":""confirmed"",""source"":{""book"":""李敖演讲集"",""chapter"":""048.20110403李敖厦门大学演讲"",""path"":""《大李敖全集5.0》（wjm_tcy版）分章节/010.节目演讲类/011.李敖演讲集/048.20110403李敖厦门大学演讲.txt"",""line"":23,""lines"":[23]},""crossReferences"":[],""dataFile"":""data/timeline-events-li-ao-yanjiangji.json""}"
"25256","2011","2011-04-03","2011年4月3日星期日","day","confirmed","李敖应朱崇实之邀在厦门大学建南大礼堂演讲","2011年4月3日，李敖应朱崇实邀请，在厦门大学建南大礼堂以鲁迅在厦大为切口演讲，并被现场报道记为受聘厦门大学名誉教授。他在演讲中把鲁迅到厦门大学解释为与许广平关系有关，又承认自己短篇文章多、专书少的创作比较；后来《李敖风流自传》回看此行时，他自评这场厦大演讲是自己一生最好的一场，比北大那场更激越，并说明因怕连累刘长乐而未事先告知厦门行。","李敖、朱崇实、刘长乐、吴成典","厦门大学、厦门","厦门大学、朱崇实、演讲、刘长乐、大陆行","大陆线、媒体线、演讲线","李敖风流自传","book7-2011-03-31-receives-xiamen-university-honorary-professorship、li-ao-fangtanlu-2011-04-03-xiamen-stage-li-kan-denies-counseling-joke","李敖风流自传","636.厦门大学","5","《大李敖全集5.0》（wjm_tcy版）分章节/001.自传回忆类/007.李敖风流自传/636.厦门大学.txt","李敖访谈录1990-2018 / 051.20110404《厦门商报》李敖专题 / line 5 / 说明：《厦门商报》现场报道李敖2011年4月3日在厦门大学建南大礼堂演讲、受聘名誉教授并被学生指出口误。 / 《大李敖全集5.0》（wjm_tcy版）分章节/007.采访序跋类/005.李敖访谈录1990-2018/051.20110404《厦门商报》李敖专题.txt || 李敖访谈录1990-2018 / 060.20120523《外滩画报》专访李敖 / line 205 / 说明：2012年《外滩画报》访问中，李敖回述去年去厦门大学时没有告诉刘长乐，是怕连累对方。 / 《大李敖全集5.0》（wjm_tcy版）分章节/007.采访序跋类/005.李敖访谈录1990-2018/060.20120523《外滩画报》专访李敖.txt","[{""book"":""李敖访谈录1990-2018"",""chapter"":""051.20110404《厦门商报》李敖专题"",""path"":""《大李敖全集5.0》（wjm_tcy版）分章节/007.采访序跋类/005.李敖访谈录1990-2018/051.20110404《厦门商报》李敖专题.txt"",""line"":5,""lines"":[5,9,13,15,17,25,29,41,65,67],""note"":""《厦门商报》现场报道李敖2011年4月3日在厦门大学建南大礼堂演讲、受聘名誉教授并被学生指出口误。""},{""book"":""李敖访谈录1990-2018"",""chapter"":""060.20120523《外滩画报》专访李敖"",""path"":""《大李敖全集5.0》（wjm_tcy版）分章节/007.采访序跋类/005.李敖访谈录1990-2018/060.20120523《外滩画报》专访李敖.txt"",""line"":205,""lines"":[203,205],""note"":""2012年《外滩画报》访问中，李敖回述去年去厦门大学时没有告诉刘长乐，是怕连累对方。""}]","data/timeline-events-seventh-book.json","book7-2011-xiamen-university-lecture-considered-best-of-life","{""id"":""book7-2011-xiamen-university-lecture-considered-best-of-life"",""date"":""2011-04-03"",""displayDate"":""2011年4月3日星期日"",""datePrecision"":""day"",""title"":""李敖应朱崇实之邀在厦门大学建南大礼堂演讲"",""summary"":""2011年4月3日，李敖应朱崇实邀请，在厦门大学建南大礼堂以鲁迅在厦大为切口演讲，并被现场报道记为受聘厦门大学名誉教授。他在演讲中把鲁迅到厦门大学解释为与许广平关系有关，又承认自己短篇文章多、专书少的创作比较；后来《李敖风流自传》回看此行时，他自评这场厦大演讲是自己一生最好的一场，比北大那场更激越，并说明因怕连累刘长乐而未事先告知厦门行。"",""view"":[""大陆线"",""媒体线"",""演讲线""],""tags"":[""厦门大学"",""朱崇实"",""演讲"",""刘长乐"",""大陆行""],""people"":[""李敖"",""朱崇实"",""刘长乐"",""吴成典""],""places"":[""厦门大学"",""厦门""],""works"":[""李敖风流自传""],""certainty"":""confirmed"",""crossReferences"":[""book7-2011-03-31-receives-xiamen-university-honorary-professorship"",""li-ao-fangtanlu-2011-04-03-xiamen-stage-li-kan-denies-counseling-joke""],""source"":{""book"":""李敖风流自传"",""chapter"":""636.厦门大学"",""path"":""《大李敖全集5.0》（wjm_tcy版）分章节/001.自传回忆类/007.李敖风流自传/636.厦门大学.txt"",""line"":5},""additionalSources"":[{""book"":""李敖访谈录1990-2018"",""chapter"":""051.20110404《厦门商报》李敖专题"",""path"":""《大李敖全集5.0》（wjm_tcy版）分章节/007.采访序跋类/005.李敖访谈录1990-2018/051.20110404《厦门商报》李敖专题.txt"",""line"":5,""lines"":[5,9,13,15,17,25,29,41,65,67],""note"":""《厦门商报》现场报道李敖2011年4月3日在厦门大学建南大礼堂演讲、受聘名誉教授并被学生指出口误。""},{""book"":""李敖访谈录1990-2018"",""chapter"":""060.20120523《外滩画报》专访李敖"",""path"":""《大李敖全集5.0》（wjm_tcy版）分章节/007.采访序跋类/005.李敖访谈录1990-2018/060.20120523《外滩画报》专访李敖.txt"",""line"":205,""lines"":[203,205],""note"":""2012年《外滩画报》访问中，李敖回述去年去厦门大学时没有告诉刘长乐，是怕连累对方。""}],""dataFile"":""data/timeline-events-seventh-book.json""}"
"25257","2011","2011-04-03","2011年4月3日星期日","day","confirmed","厦门大学演讲时父子同台澄清李戡“会商名单”玩笑","《厦门商报》报道，李敖在厦门大学建南大礼堂演讲时，针对媒体把他在广东演讲中关于李戡进入北大学业“会商名单”的玩笑说成“网瘾咨询”，当场把李戡叫上台。李敖先说那只是玩笑，又让李戡亲口否认；这个小插曲把2011年南方演讲行中的父子同台、媒体误读和李敖即场辟谣合成一个具体现场。","李敖、李戡","厦门大学、厦门大学建南大礼堂、厦门","厦门大学、李戡、父子同台、媒体误读、演讲","演讲线、家庭线、媒体线","李敖访谈录1990-2018","book7-2011-xiamen-university-lecture-considered-best-of-life、book8-2011-04-02-gives-lecture-at-shantou-university、li-ao-fangtanlu-2011-04-01-jinan-post-lecture-media-scrum","李敖访谈录1990-2018","051.20110404《厦门商报》李敖专题","51","《大李敖全集5.0》（wjm_tcy版）分章节/007.采访序跋类/005.李敖访谈录1990-2018/051.20110404《厦门商报》李敖专题.txt","","[]","data/timeline-events-li-ao-fangtanlu-1990-2018.json","li-ao-fangtanlu-2011-04-03-xiamen-stage-li-kan-denies-counseling-joke","{""id"":""li-ao-fangtanlu-2011-04-03-xiamen-stage-li-kan-denies-counseling-joke"",""date"":""2011-04-03"",""displayDate"":""2011年4月3日星期日"",""datePrecision"":""day"",""title"":""厦门大学演讲时父子同台澄清李戡“会商名单”玩笑"",""summary"":""《厦门商报》报道，李敖在厦门大学建南大礼堂演讲时，针对媒体把他在广东演讲中关于李戡进入北大学业“会商名单”的玩笑说成“网瘾咨询”，当场把李戡叫上台。李敖先说那只是玩笑，又让李戡亲口否认；这个小插曲把2011年南方演讲行中的父子同台、媒体误读和李敖即场辟谣合成一个具体现场。"",""category"":""lecture"",""type"":""李敖当事人事件"",""source"":{""book"":""李敖访谈录1990-2018"",""chapter"":""051.20110404《厦门商报》李敖专题"",""path"":""《大李敖全集5.0》（wjm_tcy版）分章节/007.采访序跋类/005.李敖访谈录1990-2018/051.20110404《厦门商报》李敖专题.txt"",""line"":51,""lines"":[51,53,55,57,59],""note"":""《厦门商报》记录李敖在厦门大学演讲中请李戡上台，澄清“会商名单”玩笑被误读。""},""certainty"":""confirmed"",""tags"":[""厦门大学"",""李戡"",""父子同台"",""媒体误读"",""演讲""],""people"":[""李敖"",""李戡""],""places"":[""厦门大学"",""厦门大学建南大礼堂"",""厦门""],""works"":[""李敖访谈录1990-2018""],""view"":[""演讲线"",""家庭线"",""媒体线""],""crossReferences"":[""book7-2011-xiamen-university-lecture-considered-best-of-life"",""book8-2011-04-02-gives-lecture-at-shantou-university"",""li-ao-fangtanlu-2011-04-01-jinan-post-lecture-media-scrum""],""dataFile"":""data/timeline-events-li-ao-fangtanlu-1990-2018.json""}"
"25258","2011","2011-04-27","2011年4月27日星期三","day","confirmed","李敖特意把《第73烈士》版权页印成4月27日，以纠正黄花岗纪念日期误传","《〈第73烈士〉志缘》写，李敖特意把《第73烈士》版权页印为2011年4月27日，用来对应辛亥黄花岗起义一百周年的正确阳历日期，并借此纠正长期把“三月二十九”阴历误当阳历来过的百年错误。这使本书出版本身也成为一次史实校正动作。","李敖","台北","第73烈士、黄花岗、4月27日、版权页、日期校正","写作线、出版线、史识线","第73烈士、李敖风流自传","martyr-73-1961-about-collects-mo-jipeng-calligraphy-and-conceives-novel、book7-2011-03-03-submits-manuscript-of-the-73rd-martyr、book7-2011-03-11-asks-wang-yu-for-photo-for-the-73rd-martyr、book8-2011-04-01-gives-lecture-at-jinan-university","李敖风流自传","237.《第73烈士》志缘","19","《大李敖全集5.0》（wjm_tcy版）分章节/001.自传回忆类/007.李敖风流自传/237.《第73烈士》志缘.txt","第73烈士 / 008.附录——《第73烈士》志缘 / line 19 / 《大李敖全集5.0》（wjm_tcy版）分章节/004.小说剧本类/006.第73烈士/008.附录——《第73烈士》志缘.txt || 李敖访谈录1990-2018 / 050.20110402《南方日报》李敖专题 / line 19 / 说明：《南方日报》暨南演讲报道中，李敖现场解释《黄花岗第七十三烈士》书名、莫纪彭线索和小说真假结构。 / 《大李敖全集5.0》（wjm_tcy版）分章节/007.采访序跋类/005.李敖访谈录1990-2018/050.20110402《南方日报》李敖专题.txt","[{""book"":""第73烈士"",""chapter"":""008.附录——《第73烈士》志缘"",""path"":""《大李敖全集5.0》（wjm_tcy版）分章节/004.小说剧本类/006.第73烈士/008.附录——《第73烈士》志缘.txt"",""line"":19},{""book"":""李敖访谈录1990-2018"",""chapter"":""050.20110402《南方日报》李敖专题"",""path"":""《大李敖全集5.0》（wjm_tcy版）分章节/007.采访序跋类/005.李敖访谈录1990-2018/050.20110402《南方日报》李敖专题.txt"",""line"":19,""lines"":[19,21,23,25],""note"":""《南方日报》暨南演讲报道中，李敖现场解释《黄花岗第七十三烈士》书名、莫纪彭线索和小说真假结构。""}]","data/timeline-events-seventh-book.json","book7-2011-04-27-marks-publication-of-the-73rd-martyr-with-corrected-date","{""id"":""book7-2011-04-27-marks-publication-of-the-73rd-martyr-with-corrected-date"",""date"":""2011-04-27"",""displayDate"":""2011年4月27日星期三"",""datePrecision"":""day"",""title"":""李敖特意把《第73烈士》版权页印成4月27日，以纠正黄花岗纪念日期误传"",""summary"":""《〈第73烈士〉志缘》写，李敖特意把《第73烈士》版权页印为2011年4月27日，用来对应辛亥黄花岗起义一百周年的正确阳历日期，并借此纠正长期把“三月二十九”阴历误当阳历来过的百年错误。这使本书出版本身也成为一次史实校正动作。"",""view"":[""写作线"",""出版线"",""史识线""],""tags"":[""第73烈士"",""黄花岗"",""4月27日"",""版权页"",""日期校正""],""people"":[""李敖""],""places"":[""台北""],""works"":[""第73烈士"",""李敖风流自传""],""certainty"":""confirmed"",""crossReferences"":[""martyr-73-1961-about-collects-mo-jipeng-calligraphy-and-conceives-novel"",""book7-2011-03-03-submits-manuscript-of-the-73rd-martyr"",""book7-2011-03-11-asks-wang-yu-for-photo-for-the-73rd-martyr"",""book8-2011-04-01-gives-lecture-at-jinan-university""],""source"":{""book"":""李敖风流自传"",""chapter"":""237.《第73烈士》志缘"",""path"":""《大李敖全集5.0》（wjm_tcy版）分章节/001.自传回忆类/007.李敖风流自传/237.《第73烈士》志缘.txt"",""line"":19},""additionalSources"":[{""book"":""第73烈士"",""chapter"":""008.附录——《第73烈士》志缘"",""path"":""《大李敖全集5.0》（wjm_tcy版）分章节/004.小说剧本类/006.第73烈士/008.附录——《第73烈士》志缘.txt"",""line"":19},{""book"":""李敖访谈录1990-2018"",""chapter"":""050.20110402《南方日报》李敖专题"",""path"":""《大李敖全集5.0》（wjm_tcy版）分章节/007.采访序跋类/005.李敖访谈录1990-2018/050.20110402《南方日报》李敖专题.txt"",""line"":19,""lines"":[19,21,23,25],""note"":""《南方日报》暨南演讲报道中，李敖现场解释《黄花岗第七十三烈士》书名、莫纪彭线索和小说真假结构。""}],""dataFile"":""data/timeline-events-seventh-book.json""}"
"25259","2011","2011-05-17","2011年5月17日星期二","day","confirmed","开通新浪微博","《李敖五十年表》记，2011年5月17日，李敖开通新浪微博。与同年连续出版《大江大海骗了你》《第73烈士》《你笨蛋，你笨蛋》及赴暨南、汕头、厦门、香港演讲相连，这条补出了李敖进入社交媒体公共传播场的一颗明确时间钉。","李敖","中国大陆","新浪微博、社交媒体、网络传播","网络线、媒体线、生平线","新浪微博、李敖相关","ni-bendan-2011-02-writes-book-jacket-words-for-big-river-sea-deceived-you、book7-2011-03-03-submits-manuscript-of-the-73rd-martyr、ni-bendan-2011-08-29-rewrites-you-idiot-you-idiot","李敖相关","001.李敖五十年表","179","《大李敖全集5.0》（wjm_tcy版）分章节/001.自传回忆类/008.李敖相关/001.李敖五十年表.txt","虽千万人，李敖往矣 / 003.2011年7月 / line 179 / 说明：李敖在演讲当天上午预告下午将在香港书展讲“中国知识分子的走向”。 / 《大李敖全集5.0》（wjm_tcy版）分章节/005.诗集语录类/005.虽千万人，李敖往矣/003.2011年7月.txt || 虽千万人，李敖往矣 / 003.2011年7月 / line 183 / 说明：补出演讲前后：独吃早午餐、马家辉/赖岳忠新书发表会、沈星主持记者会、4点演讲会与两千多人到场。 / 《大李敖全集5.0》（wjm_tcy版）分章节/005.诗集语录类/005.虽千万人，李敖往矣/003.2011年7月.txt","[{""book"":""虽千万人，李敖往矣"",""chapter"":""003.2011年7月"",""path"":""《大李敖全集5.0》（wjm_tcy版）分章节/005.诗集语录类/005.虽千万人，李敖往矣/003.2011年7月.txt"",""line"":179,""note"":""李敖在演讲当天上午预告下午将在香港书展讲“中国知识分子的走向”。""},{""book"":""虽千万人，李敖往矣"",""chapter"":""003.2011年7月"",""path"":""《大李敖全集5.0》（wjm_tcy版）分章节/005.诗集语录类/005.虽千万人，李敖往矣/003.2011年7月.txt"",""line"":183,""note"":""补出演讲前后：独吃早午餐、马家辉/赖岳忠新书发表会、沈星主持记者会、4点演讲会与两千多人到场。""}]","data/timeline-events-eighth-book.json","book8-2011-05-17-opens-sina-weibo-account","{""id"":""book8-2011-05-17-opens-sina-weibo-account"",""date"":""2011-05-17"",""displayDate"":""2011年5月17日星期二"",""datePrecision"":""day"",""title"":""开通新浪微博"",""summary"":""《李敖五十年表》记，2011年5月17日，李敖开通新浪微博。与同年连续出版《大江大海骗了你》《第73烈士》《你笨蛋，你笨蛋》及赴暨南、汕头、厦门、香港演讲相连，这条补出了李敖进入社交媒体公共传播场的一颗明确时间钉。"",""view"":[""网络线"",""媒体线"",""生平线""],""tags"":[""新浪微博"",""社交媒体"",""网络传播""],""people"":[""李敖""],""places"":[""中国大陆""],""works"":[""新浪微博"",""李敖相关""],""certainty"":""confirmed"",""crossReferences"":[""ni-bendan-2011-02-writes-book-jacket-words-for-big-river-sea-deceived-you"",""book7-2011-03-03-submits-manuscript-of-the-73rd-martyr"",""ni-bendan-2011-08-29-rewrites-you-idiot-you-idiot""],""source"":{""book"":""李敖相关"",""chapter"":""001.李敖五十年表"",""path"":""《大李敖全集5.0》（wjm_tcy版）分章节/001.自传回忆类/008.李敖相关/001.李敖五十年表.txt"",""line"":179},""additionalSources"":[{""book"":""虽千万人，李敖往矣"",""chapter"":""003.2011年7月"",""path"":""《大李敖全集5.0》（wjm_tcy版）分章节/005.诗集语录类/005.虽千万人，李敖往矣/003.2011年7月.txt"",""line"":179,""note"":""李敖在演讲当天上午预告下午将在香港书展讲“中国知识分子的走向”。""},{""book"":""虽千万人，李敖往矣"",""chapter"":""003.2011年7月"",""path"":""《大李敖全集5.0》（wjm_tcy版）分章节/005.诗集语录类/005.虽千万人，李敖往矣/003.2011年7月.txt"",""line"":183,""note"":""补出演讲前后：独吃早午餐、马家辉/赖岳忠新书发表会、沈星主持记者会、4点演讲会与两千多人到场。""}],""dataFile"":""data/timeline-events-eighth-book.json""}"
"25260","2011","2011-05-17","2011年5月17日星期二","day","confirmed","李敖以“拿牛刀的来了”开启“哈囉李敖”140字网路写作","《2011年5月》第一日开篇即题“拿牛刀的来了”，李敖把自己进入140字网路写作写成“我来了、我看见了、我征服了”。《开微博的缘由》又说明他在网路时代开设“哈啰李敖”相关网站，台湾用 Facebook，大陆用博客、微博和 QQ；因书不能流传，只好下海写每则140字的网站短文。","李敖","台湾、大陆网络平台","虽千万人，李敖往矣、哈囉李敖、微博、Facebook、140字","写作线、媒体线、晚年线","虽千万人，李敖往矣、哈囉李敖","book7-2015-early-turns-hello-li-ao-into-full-book-though-ten-million-followers-milestone","虽千万人，李敖往矣","001.2011年5月","7","《大李敖全集5.0》（wjm_tcy版）分章节/005.诗集语录类/005.虽千万人，李敖往矣/001.2011年5月.txt","虽千万人，李敖往矣 / 054.开微博的缘由 / line 3 / 说明：说明“哈啰李敖”命名、台湾 Facebook 与大陆博客/微博/QQ 的平台分布。 / 《大李敖全集5.0》（wjm_tcy版）分章节/005.诗集语录类/005.虽千万人，李敖往矣/054.开微博的缘由.txt || 虽千万人，李敖往矣 / 054.开微博的缘由 / line 11 / 说明：李敖自述因书不能流传，只好写140字网站短文。 / 《大李敖全集5.0》（wjm_tcy版）分章节/005.诗集语录类/005.虽千万人，李敖往矣/054.开微博的缘由.txt || 虽千万人，李敖往矣 / 016.2013年10月 / line 19 / 说明：补述“哈啰李敖”每晚8点20分在新浪网发布、140字内写作的固定形态。 / 《大李敖全集5.0》（wjm_tcy版）分章节/005.诗集语录类/005.虽千万人，李敖往矣/016.2013年10月.txt || 虽千万人，李敖往矣 / 019.2014年1月 / line 85 / 说明：2014年1月回述“哈啰李敖”连续写满一年，每天20分钟完成。 / 《大李敖全集5.0》（wjm_tcy版）分章节/005.诗集语录类/005.虽千万人，李敖往矣/019.2014年1月.txt || 虽千万人，李敖往矣 / 028.2014年10月 / line 25 / 说明：2014年10月继续说明每天半小时微博只是一天四十八分之一。 / 《大李敖全集5.0》（wjm_tcy版）分章节/005.诗集语录类/005.虽千万人，李敖往矣/028.2014年10月.txt || 虽千万人，李敖往矣 / 033.2015年3月 / line 25 / 说明：2015年3月6日回述4年前李戡点化他使用每则140字微博，并由小屯每晚8点20翻成简体直奔祖国。 / 《大李敖全集5.0》（wjm_tcy版）分章节/005.诗集语录类/005.虽千万人，李敖往矣/033.2015年3月.txt || 虽千万人，李敖往矣 / 047.2016年10月 / line 113 / 说明：2016年10月28日李敖自评自己以140字完成快速起承转合的短文技法。 / 《大李敖全集5.0》（wjm_tcy版）分章节/005.诗集语录类/005.虽千万人，李敖往矣/047.2016年10月.txt || 虽千万人，李敖往矣 / 048.2016年11月 / line 57 / 说明：2016年11月14日说明天天在微博发言的三重目的。 / 《大李敖全集5.0》（wjm_tcy版）分章节/005.诗集语录类/005.虽千万人，李敖往矣/048.2016年11月.txt || 虽千万人，李敖往矣 / 《虽千万人，李敖往矣》自序 / line 3 / 说明：自序回述李戡四年前点化微博管道、每晚8点20由小屯翻成简体字直奔祖国，并说明粉丝已千万。 / 《大李敖全集5.0》（wjm_tcy版）分章节/005.诗集语录类/005.虽千万人，李敖往矣/《虽千万人，李敖往矣》自序.txt || 虽千万人，李敖往矣 / 《虽千万人，李敖往矣》自序 / line 5 / 说明：自序说明“哈囉李敖”开笔时已预告会在岛上出未删完整版，后由《虽千万人，李敖往矣》兑现。 / 《大李敖全集5.0》（wjm_tcy版）分章节/005.诗集语录类/005.虽千万人，李敖往矣/《虽千万人，李敖往矣》自序.txt || 虽千万人，李敖往矣 / 《虽千万人，李敖往矣》自序 / line 9 / 说明：自序概括每天一则写了30个月，除2012全年缺货外迄未小休，并称140字成为一种新文体。 / 《大李敖全集5.0》（wjm_tcy版）分章节/005.诗集语录类/005.虽千万人，李敖往矣/《虽千万人，李敖往矣》自序.txt || 虽千万人，李敖往矣 / 054.开微博的缘由 / line 5 / 说明：补述坚持每天写140字微博，且基本不回复来信，只让人知道自己在做什么。 / 《大李敖全集5.0》（wjm_tcy版）分章节/005.诗集语录类/005.虽千万人，李敖往矣/054.开微博的缘由.txt || 虽千万人，李敖往矣 / 054.开微博的缘由 / line 9 / 说明：补述微博以小故事为主，并会减少与“党中央”不合的内容以免被封杀。 / 《大李敖全集5.0》（wjm_tcy版）分章节/005.诗集语录类/005.虽千万人，李敖往矣/054.开微博的缘由.txt || 李敖访谈录1990-2018 / 053.20110821《晶报·深港书评》专访李敖 / line 85 / 说明：《晶报·深港书评》访问中，李敖说明微博起因、写多读少、妻子代看留言和不回复原则。 / 《大李敖全集5.0》（wjm_tcy版）分章节/007.采访序跋类/005.李敖访谈录1990-2018/053.20110821《晶报·深港书评》专访李敖.txt || 李敖访谈录1990-2018 / 056.20110831《辽沈晚报》专访李敖 / line 9 / 说明：《辽沈晚报》访问补充微博由赖岳忠申请设计，李敖用 iPad2 手写输入并保持日均两则以上。 / 《大李敖全集5.0》（wjm_tcy版）分章节/007.采访序跋类/005.李敖访谈录1990-2018/056.20110831《辽沈晚报》专访李敖.txt || 李敖访谈录1990-2018 / 060.20120523《外滩画报》专访李敖 / line 53 / 说明：《外滩画报》访问中李敖回述微博粉丝到260万后停发、太太曾代发并会改文，以及自己只学会电脑打字。 / 《大李敖全集5.0》（wjm_tcy版）分章节/007.采访序跋类/005.李敖访谈录1990-2018/060.20120523《外滩画报》专访李敖.txt || 李敖访谈录1990-2018 / 061.20121010《成都商报》专访李敖 / line 43 / 说明：《成都商报》访问中李敖说明自己不上网，微博写好后由妻子代发，并视140字为考验文字功夫的媒介。 / 《大李敖全集5.0》（wjm_tcy版）分章节/007.采访序跋类/005.李敖访谈录1990-2018/061.20121010《成都商报》专访李敖.txt || 李敖访谈录1990-2018 / 062.20121010《华西都市报》专访李敖 / line 33 / 说明：《华西都市报》访问中李敖说微博太费时间、不用电脑、常躺在床上仰写后由夫人发到网上。 / 《大李敖全集5.0》（wjm_tcy版）分章节/007.采访序跋类/005.李敖访谈录1990-2018/062.20121010《华西都市报》专访李敖.txt","[{""book"":""虽千万人，李敖往矣"",""chapter"":""054.开微博的缘由"",""path"":""《大李敖全集5.0》（wjm_tcy版）分章节/005.诗集语录类/005.虽千万人，李敖往矣/054.开微博的缘由.txt"",""line"":3,""note"":""说明“哈啰李敖”命名、台湾 Facebook 与大陆博客/微博/QQ 的平台分布。""},{""book"":""虽千万人，李敖往矣"",""chapter"":""054.开微博的缘由"",""path"":""《大李敖全集5.0》（wjm_tcy版）分章节/005.诗集语录类/005.虽千万人，李敖往矣/054.开微博的缘由.txt"",""line"":11,""note"":""李敖自述因书不能流传，只好写140字网站短文。""},{""book"":""虽千万人，李敖往矣"",""chapter"":""016.2013年10月"",""path"":""《大李敖全集5.0》（wjm_tcy版）分章节/005.诗集语录类/005.虽千万人，李敖往矣/016.2013年10月.txt"",""line"":19,""note"":""补述“哈啰李敖”每晚8点20分在新浪网发布、140字内写作的固定形态。""},{""book"":""虽千万人，李敖往矣"",""chapter"":""019.2014年1月"",""path"":""《大李敖全集5.0》（wjm_tcy版）分章节/005.诗集语录类/005.虽千万人，李敖往矣/019.2014年1月.txt"",""line"":85,""note"":""2014年1月回述“哈啰李敖”连续写满一年，每天20分钟完成。""},{""book"":""虽千万人，李敖往矣"",""chapter"":""028.2014年10月"",""path"":""《大李敖全集5.0》（wjm_tcy版）分章节/005.诗集语录类/005.虽千万人，李敖往矣/028.2014年10月.txt"",""line"":25,""note"":""2014年10月继续说明每天半小时微博只是一天四十八分之一。""},{""book"":""虽千万人，李敖往矣"",""chapter"":""033.2015年3月"",""path"":""《大李敖全集5.0》（wjm_tcy版）分章节/005.诗集语录类/005.虽千万人，李敖往矣/033.2015年3月.txt"",""line"":25,""note"":""2015年3月6日回述4年前李戡点化他使用每则140字微博，并由小屯每晚8点20翻成简体直奔祖国。""},{""book"":""虽千万人，李敖往矣"",""chapter"":""047.2016年10月"",""path"":""《大李敖全集5.0》（wjm_tcy版）分章节/005.诗集语录类/005.虽千万人，李敖往矣/047.2016年10月.txt"",""line"":113,""note"":""2016年10月28日李敖自评自己以140字完成快速起承转合的短文技法。""},{""book"":""虽千万人，李敖往矣"",""chapter"":""048.2016年11月"",""path"":""《大李敖全集5.0》（wjm_tcy版）分章节/005.诗集语录类/005.虽千万人，李敖往矣/048.2016年11月.txt"",""line"":57,""note"":""2016年11月14日说明天天在微博发言的三重目的。""},{""book"":""虽千万人，李敖往矣"",""chapter"":""《虽千万人，李敖往矣》自序"",""path"":""《大李敖全集5.0》（wjm_tcy版）分章节/005.诗集语录类/005.虽千万人，李敖往矣/《虽千万人，李敖往矣》自序.txt"",""line"":3,""note"":""自序回述李戡四年前点化微博管道、每晚8点20由小屯翻成简体字直奔祖国，并说明粉丝已千万。""},{""book"":""虽千万人，李敖往矣"",""chapter"":""《虽千万人，李敖往矣》自序"",""path"":""《大李敖全集5.0》（wjm_tcy版）分章节/005.诗集语录类/005.虽千万人，李敖往矣/《虽千万人，李敖往矣》自序.txt"",""line"":5,""note"":""自序说明“哈囉李敖”开笔时已预告会在岛上出未删完整版，后由《虽千万人，李敖往矣》兑现。""},{""book"":""虽千万人，李敖往矣"",""chapter"":""《虽千万人，李敖往矣》自序"",""path"":""《大李敖全集5.0》（wjm_tcy版）分章节/005.诗集语录类/005.虽千万人，李敖往矣/《虽千万人，李敖往矣》自序.txt"",""line"":9,""note"":""自序概括每天一则写了30个月，除2012全年缺货外迄未小休，并称140字成为一种新文体。""},{""book"":""虽千万人，李敖往矣"",""chapter"":""054.开微博的缘由"",""path"":""《大李敖全集5.0》（wjm_tcy版）分章节/005.诗集语录类/005.虽千万人，李敖往矣/054.开微博的缘由.txt"",""line"":5,""note"":""补述坚持每天写140字微博，且基本不回复来信，只让人知道自己在做什么。""},{""book"":""虽千万人，李敖往矣"",""chapter"":""054.开微博的缘由"",""path"":""《大李敖全集5.0》（wjm_tcy版）分章节/005.诗集语录类/005.虽千万人，李敖往矣/054.开微博的缘由.txt"",""line"":9,""note"":""补述微博以小故事为主，并会减少与“党中央”不合的内容以免被封杀。""},{""book"":""李敖访谈录1990-2018"",""chapter"":""053.20110821《晶报·深港书评》专访李敖"",""path"":""《大李敖全集5.0》（wjm_tcy版）分章节/007.采访序跋类/005.李敖访谈录1990-2018/053.20110821《晶报·深港书评》专访李敖.txt"",""line"":85,""lines"":[85,87,89,91,93,95,97,99,101],""note"":""《晶报·深港书评》访问中，李敖说明微博起因、写多读少、妻子代看留言和不回复原则。""},{""book"":""李敖访谈录1990-2018"",""chapter"":""056.20110831《辽沈晚报》专访李敖"",""path"":""《大李敖全集5.0》（wjm_tcy版）分章节/007.采访序跋类/005.李敖访谈录1990-2018/056.20110831《辽沈晚报》专访李敖.txt"",""line"":9,""lines"":[9,13,17,21],""note"":""《辽沈晚报》访问补充微博由赖岳忠申请设计，李敖用 iPad2 手写输入并保持日均两则以上。""},{""book"":""李敖访谈录1990-2018"",""chapter"":""060.20120523《外滩画报》专访李敖"",""path"":""《大李敖全集5.0》（wjm_tcy版）分章节/007.采访序跋类/005.李敖访谈录1990-2018/060.20120523《外滩画报》专访李敖.txt"",""line"":53,""lines"":[53,55,57,59,61,63,65],""note"":""《外滩画报》访问中李敖回述微博粉丝到260万后停发、太太曾代发并会改文，以及自己只学会电脑打字。""},{""book"":""李敖访谈录1990-2018"",""chapter"":""061.20121010《成都商报》专访李敖"",""path"":""《大李敖全集5.0》（wjm_tcy版）分章节/007.采访序跋类/005.李敖访谈录1990-2018/061.20121010《成都商报》专访李敖.txt"",""line"":43,""lines"":[43,45],""note"":""《成都商报》访问中李敖说明自己不上网，微博写好后由妻子代发，并视140字为考验文字功夫的媒介。""},{""book"":""李敖访谈录1990-2018"",""chapter"":""062.20121010《华西都市报》专访李敖"",""path"":""《大李敖全集5.0》（wjm_tcy版）分章节/007.采访序跋类/005.李敖访谈录1990-2018/062.20121010《华西都市报》专访李敖.txt"",""line"":33,""lines"":[33,35],""note"":""《华西都市报》访问中李敖说微博太费时间、不用电脑、常躺在床上仰写后由夫人发到网上。""}]","data/timeline-events-sui-qianwan-li-ao-wangyi.json","sui-qianwan-2011-05-17-starts-hello-li-ao-140-char-web-writing","{""id"":""sui-qianwan-2011-05-17-starts-hello-li-ao-140-char-web-writing"",""date"":""2011-05-17"",""displayDate"":""2011年5月17日星期二"",""datePrecision"":""day"",""title"":""李敖以“拿牛刀的来了”开启“哈囉李敖”140字网路写作"",""summary"":""《2011年5月》第一日开篇即题“拿牛刀的来了”，李敖把自己进入140字网路写作写成“我来了、我看见了、我征服了”。《开微博的缘由》又说明他在网路时代开设“哈啰李敖”相关网站，台湾用 Facebook，大陆用博客、微博和 QQ；因书不能流传，只好下海写每则140字的网站短文。"",""view"":[""写作线"",""媒体线"",""晚年线""],""tags"":[""虽千万人，李敖往矣"",""哈囉李敖"",""微博"",""Facebook"",""140字""],""people"":[""李敖""],""places"":[""台湾"",""大陆网络平台""],""works"":[""虽千万人，李敖往矣"",""哈囉李敖""],""certainty"":""confirmed"",""crossReferences"":[""book7-2015-early-turns-hello-li-ao-into-full-book-though-ten-million-followers-milestone""],""source"":{""book"":""虽千万人，李敖往矣"",""chapter"":""001.2011年5月"",""path"":""《大李敖全集5.0》（wjm_tcy版）分章节/005.诗集语录类/005.虽千万人，李敖往矣/001.2011年5月.txt"",""line"":7},""additionalSources"":[{""book"":""虽千万人，李敖往矣"",""chapter"":""054.开微博的缘由"",""path"":""《大李敖全集5.0》（wjm_tcy版）分章节/005.诗集语录类/005.虽千万人，李敖往矣/054.开微博的缘由.txt"",""line"":3,""note"":""说明“哈啰李敖”命名、台湾 Facebook 与大陆博客/微博/QQ 的平台分布。""},{""book"":""虽千万人，李敖往矣"",""chapter"":""054.开微博的缘由"",""path"":""《大李敖全集5.0》（wjm_tcy版）分章节/005.诗集语录类/005.虽千万人，李敖往矣/054.开微博的缘由.txt"",""line"":11,""note"":""李敖自述因书不能流传，只好写140字网站短文。""},{""book"":""虽千万人，李敖往矣"",""chapter"":""016.2013年10月"",""path"":""《大李敖全集5.0》（wjm_tcy版）分章节/005.诗集语录类/005.虽千万人，李敖往矣/016.2013年10月.txt"",""line"":19,""note"":""补述“哈啰李敖”每晚8点20分在新浪网发布、140字内写作的固定形态。""},{""book"":""虽千万人，李敖往矣"",""chapter"":""019.2014年1月"",""path"":""《大李敖全集5.0》（wjm_tcy版）分章节/005.诗集语录类/005.虽千万人，李敖往矣/019.2014年1月.txt"",""line"":85,""note"":""2014年1月回述“哈啰李敖”连续写满一年，每天20分钟完成。""},{""book"":""虽千万人，李敖往矣"",""chapter"":""028.2014年10月"",""path"":""《大李敖全集5.0》（wjm_tcy版）分章节/005.诗集语录类/005.虽千万人，李敖往矣/028.2014年10月.txt"",""line"":25,""note"":""2014年10月继续说明每天半小时微博只是一天四十八分之一。""},{""book"":""虽千万人，李敖往矣"",""chapter"":""033.2015年3月"",""path"":""《大李敖全集5.0》（wjm_tcy版）分章节/005.诗集语录类/005.虽千万人，李敖往矣/033.2015年3月.txt"",""line"":25,""note"":""2015年3月6日回述4年前李戡点化他使用每则140字微博，并由小屯每晚8点20翻成简体直奔祖国。""},{""book"":""虽千万人，李敖往矣"",""chapter"":""047.2016年10月"",""path"":""《大李敖全集5.0》（wjm_tcy版）分章节/005.诗集语录类/005.虽千万人，李敖往矣/047.2016年10月.txt"",""line"":113,""note"":""2016年10月28日李敖自评自己以140字完成快速起承转合的短文技法。""},{""book"":""虽千万人，李敖往矣"",""chapter"":""048.2016年11月"",""path"":""《大李敖全集5.0》（wjm_tcy版）分章节/005.诗集语录类/005.虽千万人，李敖往矣/048.2016年11月.txt"",""line"":57,""note"":""2016年11月14日说明天天在微博发言的三重目的。""},{""book"":""虽千万人，李敖往矣"",""chapter"":""《虽千万人，李敖往矣》自序"",""path"":""《大李敖全集5.0》（wjm_tcy版）分章节/005.诗集语录类/005.虽千万人，李敖往矣/《虽千万人，李敖往矣》自序.txt"",""line"":3,""note"":""自序回述李戡四年前点化微博管道、每晚8点20由小屯翻成简体字直奔祖国，并说明粉丝已千万。""},{""book"":""虽千万人，李敖往矣"",""chapter"":""《虽千万人，李敖往矣》自序"",""path"":""《大李敖全集5.0》（wjm_tcy版）分章节/005.诗集语录类/005.虽千万人，李敖往矣/《虽千万人，李敖往矣》自序.txt"",""line"":5,""note"":""自序说明“哈囉李敖”开笔时已预告会在岛上出未删完整版，后由《虽千万人，李敖往矣》兑现。""},{""book"":""虽千万人，李敖往矣"",""chapter"":""《虽千万人，李敖往矣》自序"",""path"":""《大李敖全集5.0》（wjm_tcy版）分章节/005.诗集语录类/005.虽千万人，李敖往矣/《虽千万人，李敖往矣》自序.txt"",""line"":9,""note"":""自序概括每天一则写了30个月，除2012全年缺货外迄未小休，并称140字成为一种新文体。""},{""book"":""虽千万人，李敖往矣"",""chapter"":""054.开微博的缘由"",""path"":""《大李敖全集5.0》（wjm_tcy版）分章节/005.诗集语录类/005.虽千万人，李敖往矣/054.开微博的缘由.txt"",""line"":5,""note"":""补述坚持每天写140字微博，且基本不回复来信，只让人知道自己在做什么。""},{""book"":""虽千万人，李敖往矣"",""chapter"":""054.开微博的缘由"",""path"":""《大李敖全集5.0》（wjm_tcy版）分章节/005.诗集语录类/005.虽千万人，李敖往矣/054.开微博的缘由.txt"",""line"":9,""note"":""补述微博以小故事为主，并会减少与“党中央”不合的内容以免被封杀。""},{""book"":""李敖访谈录1990-2018"",""chapter"":""053.20110821《晶报·深港书评》专访李敖"",""path"":""《大李敖全集5.0》（wjm_tcy版）分章节/007.采访序跋类/005.李敖访谈录1990-2018/053.20110821《晶报·深港书评》专访李敖.txt"",""line"":85,""lines"":[85,87,89,91,93,95,97,99,101],""note"":""《晶报·深港书评》访问中，李敖说明微博起因、写多读少、妻子代看留言和不回复原则。""},{""book"":""李敖访谈录1990-2018"",""chapter"":""056.20110831《辽沈晚报》专访李敖"",""path"":""《大李敖全集5.0》（wjm_tcy版）分章节/007.采访序跋类/005.李敖访谈录1990-2018/056.20110831《辽沈晚报》专访李敖.txt"",""line"":9,""lines"":[9,13,17,21],""note"":""《辽沈晚报》访问补充微博由赖岳忠申请设计，李敖用 iPad2 手写输入并保持日均两则以上。""},{""book"":""李敖访谈录1990-2018"",""chapter"":""060.20120523《外滩画报》专访李敖"",""path"":""《大李敖全集5.0》（wjm_tcy版）分章节/007.采访序跋类/005.李敖访谈录1990-2018/060.20120523《外滩画报》专访李敖.txt"",""line"":53,""lines"":[53,55,57,59,61,63,65],""note"":""《外滩画报》访问中李敖回述微博粉丝到260万后停发、太太曾代发并会改文，以及自己只学会电脑打字。""},{""book"":""李敖访谈录1990-2018"",""chapter"":""061.20121010《成都商报》专访李敖"",""path"":""《大李敖全集5.0》（wjm_tcy版）分章节/007.采访序跋类/005.李敖访谈录1990-2018/061.20121010《成都商报》专访李敖.txt"",""line"":43,""lines"":[43,45],""note"":""《成都商报》访问中李敖说明自己不上网，微博写好后由妻子代发，并视140字为考验文字功夫的媒介。""},{""book"":""李敖访谈录1990-2018"",""chapter"":""062.20121010《华西都市报》专访李敖"",""path"":""《大李敖全集5.0》（wjm_tcy版）分章节/007.采访序跋类/005.李敖访谈录1990-2018/062.20121010《华西都市报》专访李敖.txt"",""line"":33,""lines"":[33,35],""note"":""《华西都市报》访问中李敖说微博太费时间、不用电脑、常躺在床上仰写后由夫人发到网上。""}],""dataFile"":""data/timeline-events-sui-qianwan-li-ao-wangyi.json""}"
"25261","2011","2011-05-17","2011年5月17日星期二","day","confirmed","晓娥来电告知《阳痿美国》等书在大陆出版受阻","《2011年5月》“共产党盯上了”写，晓娥来电告诉李敖，继《阳痿美国》不能出版后，《大江大海骗了你》《第73烈士》也都有阻力；李敖回应说国民党查禁他的书到第96本后垮台，如今由共产党接力，已超过100本。此条与三书既有写作/交稿/出版链交叉引用，不重复改写旧节点。","李敖、晓娥","台湾、大陆出版界","虽千万人，李敖往矣、阳痿美国、大江大海骗了你、第73烈士、出版受阻","出版线、两岸线、晚年线","虽千万人，李敖往矣、阳痿美国、大江大海骗了你、第73烈士","ni-bendan-2010-08-13-writes-impotent-america、book7-2010-10-publishes-yangwei-america、book7-2011-03-03-submits-manuscript-of-the-73rd-martyr、dream-awake-2011-10-09-asia-weekly-publishes-li-ao-bombards-kmt-ccp-interview","虽千万人，李敖往矣","001.2011年5月","15","《大李敖全集5.0》（wjm_tcy版）分章节/005.诗集语录类/005.虽千万人，李敖往矣/001.2011年5月.txt","虽千万人，李敖往矣 / 054.开微博的缘由 / line 13 / 说明：同文补述三本新书在大陆“出不来”或“胎死腹中”，并解释他写微博是为突破封锁。 / 《大李敖全集5.0》（wjm_tcy版）分章节/005.诗集语录类/005.虽千万人，李敖往矣/054.开微博的缘由.txt","[{""book"":""虽千万人，李敖往矣"",""chapter"":""054.开微博的缘由"",""path"":""《大李敖全集5.0》（wjm_tcy版）分章节/005.诗集语录类/005.虽千万人，李敖往矣/054.开微博的缘由.txt"",""line"":13,""note"":""同文补述三本新书在大陆“出不来”或“胎死腹中”，并解释他写微博是为突破封锁。""}]","data/timeline-events-sui-qianwan-li-ao-wangyi.json","sui-qianwan-2011-05-17-xiaoe-calls-about-mainland-publication-blockage","{""id"":""sui-qianwan-2011-05-17-xiaoe-calls-about-mainland-publication-blockage"",""date"":""2011-05-17"",""displayDate"":""2011年5月17日星期二"",""datePrecision"":""day"",""title"":""晓娥来电告知《阳痿美国》等书在大陆出版受阻"",""summary"":""《2011年5月》“共产党盯上了”写，晓娥来电告诉李敖，继《阳痿美国》不能出版后，《大江大海骗了你》《第73烈士》也都有阻力；李敖回应说国民党查禁他的书到第96本后垮台，如今由共产党接力，已超过100本。此条与三书既有写作/交稿/出版链交叉引用，不重复改写旧节点。"",""view"":[""出版线"",""两岸线"",""晚年线""],""tags"":[""虽千万人，李敖往矣"",""阳痿美国"",""大江大海骗了你"",""第73烈士"",""出版受阻""],""people"":[""李敖"",""晓娥""],""places"":[""台湾"",""大陆出版界""],""works"":[""虽千万人，李敖往矣"",""阳痿美国"",""大江大海骗了你"",""第73烈士""],""certainty"":""confirmed"",""crossReferences"":[""ni-bendan-2010-08-13-writes-impotent-america"",""book7-2010-10-publishes-yangwei-america"",""book7-2011-03-03-submits-manuscript-of-the-73rd-martyr"",""dream-awake-2011-10-09-asia-weekly-publishes-li-ao-bombards-kmt-ccp-interview""],""source"":{""book"":""虽千万人，李敖往矣"",""chapter"":""001.2011年5月"",""path"":""《大李敖全集5.0》（wjm_tcy版）分章节/005.诗集语录类/005.虽千万人，李敖往矣/001.2011年5月.txt"",""line"":15},""additionalSources"":[{""book"":""虽千万人，李敖往矣"",""chapter"":""054.开微博的缘由"",""path"":""《大李敖全集5.0》（wjm_tcy版）分章节/005.诗集语录类/005.虽千万人，李敖往矣/054.开微博的缘由.txt"",""line"":13,""note"":""同文补述三本新书在大陆“出不来”或“胎死腹中”，并解释他写微博是为突破封锁。""}],""dataFile"":""data/timeline-events-sui-qianwan-li-ao-wangyi.json""}"
"25262","2011","2011-05-19","2011年5月19日星期四","day","confirmed","李敖公开“哈囉李敖”班子：手写、小屯打字、赖岳忠制作后发布","《2011年5月》“随我魂归祖国”写，当时“哈囉李敖”的工作班子是李敖手写、太太小屯打字、好友赖岳忠制作后发布；其中可能惹来杀身之祸的文章，由赖岳忠斟酌只在台湾 Facebook 发出。李敖还预告写成1000则、14万字后，会在台湾出一部未删完整版。","李敖、王小屯、赖岳忠","台湾","虽千万人，李敖往矣、哈囉李敖、王小屯、赖岳忠、Facebook","写作线、媒体线、家庭线","虽千万人，李敖往矣、哈囉李敖","book7-2015-early-turns-hello-li-ao-into-full-book-though-ten-million-followers-milestone","虽千万人，李敖往矣","001.2011年5月","179","《大李敖全集5.0》（wjm_tcy版）分章节/005.诗集语录类/005.虽千万人，李敖往矣/001.2011年5月.txt","","[]","data/timeline-events-sui-qianwan-li-ao-wangyi.json","sui-qianwan-2011-05-19-documents-hello-li-ao-production-team","{""id"":""sui-qianwan-2011-05-19-documents-hello-li-ao-production-team"",""date"":""2011-05-19"",""displayDate"":""2011年5月19日星期四"",""datePrecision"":""day"",""title"":""李敖公开“哈囉李敖”班子：手写、小屯打字、赖岳忠制作后发布"",""summary"":""《2011年5月》“随我魂归祖国”写，当时“哈囉李敖”的工作班子是李敖手写、太太小屯打字、好友赖岳忠制作后发布；其中可能惹来杀身之祸的文章，由赖岳忠斟酌只在台湾 Facebook 发出。李敖还预告写成1000则、14万字后，会在台湾出一部未删完整版。"",""view"":[""写作线"",""媒体线"",""家庭线""],""tags"":[""虽千万人，李敖往矣"",""哈囉李敖"",""王小屯"",""赖岳忠"",""Facebook""],""people"":[""李敖"",""王小屯"",""赖岳忠""],""places"":[""台湾""],""works"":[""虽千万人，李敖往矣"",""哈囉李敖""],""certainty"":""confirmed"",""crossReferences"":[""book7-2015-early-turns-hello-li-ao-into-full-book-though-ten-million-followers-milestone""],""source"":{""book"":""虽千万人，李敖往矣"",""chapter"":""001.2011年5月"",""path"":""《大李敖全集5.0》（wjm_tcy版）分章节/005.诗集语录类/005.虽千万人，李敖往矣/001.2011年5月.txt"",""line"":179},""dataFile"":""data/timeline-events-sui-qianwan-li-ao-wangyi.json""}"
"25263","2011","2011-05-19","2011年5月19日星期四","day","confirmed","李敖说明“哈囉李敖”首批近30篇由杨宗儒律师助理代打","《2011年5月》“打字之谜”写，李敖承认自己不会电脑打字，因此“哈囉李敖”上网后虽文章是真的，打字却是假的；第一批近30篇，是他找杨宗儒律师告小S时，顺便请杨宗儒助理们代打。这条保留“哈囉李敖”初期制作的具体日常流程。","李敖、杨宗儒、小S","台北","虽千万人，李敖往矣、哈囉李敖、打字、杨宗儒、小S","写作线、日常线、媒体线","虽千万人，李敖往矣、哈囉李敖","","虽千万人，李敖往矣","001.2011年5月","151","《大李敖全集5.0》（wjm_tcy版）分章节/005.诗集语录类/005.虽千万人，李敖往矣/001.2011年5月.txt","","[]","data/timeline-events-sui-qianwan-li-ao-wangyi.json","sui-qianwan-2011-05-19-law-office-assistants-type-first-posts","{""id"":""sui-qianwan-2011-05-19-law-office-assistants-type-first-posts"",""date"":""2011-05-19"",""displayDate"":""2011年5月19日星期四"",""datePrecision"":""day"",""title"":""李敖说明“哈囉李敖”首批近30篇由杨宗儒律师助理代打"",""summary"":""《2011年5月》“打字之谜”写，李敖承认自己不会电脑打字，因此“哈囉李敖”上网后虽文章是真的，打字却是假的；第一批近30篇，是他找杨宗儒律师告小S时，顺便请杨宗儒助理们代打。这条保留“哈囉李敖”初期制作的具体日常流程。"",""view"":[""写作线"",""日常线"",""媒体线""],""tags"":[""虽千万人，李敖往矣"",""哈囉李敖"",""打字"",""杨宗儒"",""小S""],""people"":[""李敖"",""杨宗儒"",""小S""],""places"":[""台北""],""works"":[""虽千万人，李敖往矣"",""哈囉李敖""],""certainty"":""confirmed"",""source"":{""book"":""虽千万人，李敖往矣"",""chapter"":""001.2011年5月"",""path"":""《大李敖全集5.0》（wjm_tcy版）分章节/005.诗集语录类/005.虽千万人，李敖往矣/001.2011年5月.txt"",""line"":151},""dataFile"":""data/timeline-events-sui-qianwan-li-ao-wangyi.json""}"
"25264","2011","2011-05-20","2011年5月20日星期五","day","confirmed","李敖称李戡是“哈囉李敖”的北京“闇将军”","《2011年5月》“李戡是‘闇将军’”写，身在北京的李戡最早鼓动李敖玩140字，并每天电话遥控；李敖称他是真正操盘者。文中还提到在北京的小额鼓舞他尽快起动，并承担将来“魂归祖国版”的伏线。","李敖、李戡、小额","北京、台湾","虽千万人，李敖往矣、哈囉李敖、李戡、小额、140字","家庭线、写作线、媒体线","虽千万人，李敖往矣、哈囉李敖","","虽千万人，李敖往矣","001.2011年5月","185","《大李敖全集5.0》（wjm_tcy版）分章节/005.诗集语录类/005.虽千万人，李敖往矣/001.2011年5月.txt","虽千万人，李敖往矣 / 《虽千万人，李敖往矣》自序 / line 3 / 说明：自序追述李戡四年前点化他，提示微博140字管道尚有零星透气可能。 / 《大李敖全集5.0》（wjm_tcy版）分章节/005.诗集语录类/005.虽千万人，李敖往矣/《虽千万人，李敖往矣》自序.txt","[{""book"":""虽千万人，李敖往矣"",""chapter"":""《虽千万人，李敖往矣》自序"",""path"":""《大李敖全集5.0》（wjm_tcy版）分章节/005.诗集语录类/005.虽千万人，李敖往矣/《虽千万人，李敖往矣》自序.txt"",""line"":3,""note"":""自序追述李戡四年前点化他，提示微博140字管道尚有零星透气可能。""}]","data/timeline-events-sui-qianwan-li-ao-wangyi.json","sui-qianwan-2011-05-20-li-kan-operates-as-beijing-remote-strategist","{""id"":""sui-qianwan-2011-05-20-li-kan-operates-as-beijing-remote-strategist"",""date"":""2011-05-20"",""displayDate"":""2011年5月20日星期五"",""datePrecision"":""day"",""title"":""李敖称李戡是“哈囉李敖”的北京“闇将军”"",""summary"":""《2011年5月》“李戡是‘闇将军’”写，身在北京的李戡最早鼓动李敖玩140字，并每天电话遥控；李敖称他是真正操盘者。文中还提到在北京的小额鼓舞他尽快起动，并承担将来“魂归祖国版”的伏线。"",""view"":[""家庭线"",""写作线"",""媒体线""],""tags"":[""虽千万人，李敖往矣"",""哈囉李敖"",""李戡"",""小额"",""140字""],""people"":[""李敖"",""李戡"",""小额""],""places"":[""北京"",""台湾""],""works"":[""虽千万人，李敖往矣"",""哈囉李敖""],""certainty"":""confirmed"",""source"":{""book"":""虽千万人，李敖往矣"",""chapter"":""001.2011年5月"",""path"":""《大李敖全集5.0》（wjm_tcy版）分章节/005.诗集语录类/005.虽千万人，李敖往矣/001.2011年5月.txt"",""line"":185},""additionalSources"":[{""book"":""虽千万人，李敖往矣"",""chapter"":""《虽千万人，李敖往矣》自序"",""path"":""《大李敖全集5.0》（wjm_tcy版）分章节/005.诗集语录类/005.虽千万人，李敖往矣/《虽千万人，李敖往矣》自序.txt"",""line"":3,""note"":""自序追述李戡四年前点化他，提示微博140字管道尚有零星透气可能。""}],""dataFile"":""data/timeline-events-sui-qianwan-li-ao-wangyi.json""}"
"25265","2011","2011-05-20","2011年5月20日星期五","day","confirmed","李敖清早躺在木板床上仰写四则“哈囉李敖”","《2011年5月》“水獭颂”写，前四则短文是李敖清早未起、躺在木板床上仰着写的；他由此联想到躺在水上吃东西的水獭，并说明自己多年在狱中睡木板，已经上瘾。这条记录了微博短文写作中的身体姿态与狱后日常习惯。","李敖","台湾","虽千万人，李敖往矣、哈囉李敖、木板床、狱后习惯、早晨写作","日常线、写作线、晚年线","虽千万人，李敖往矣、哈囉李敖","","虽千万人，李敖往矣","001.2011年5月","197","《大李敖全集5.0》（wjm_tcy版）分章节/005.诗集语录类/005.虽千万人，李敖往矣/001.2011年5月.txt","","[]","data/timeline-events-sui-qianwan-li-ao-wangyi.json","sui-qianwan-2011-05-20-writes-four-posts-lying-on-wooden-bed","{""id"":""sui-qianwan-2011-05-20-writes-four-posts-lying-on-wooden-bed"",""date"":""2011-05-20"",""displayDate"":""2011年5月20日星期五"",""datePrecision"":""day"",""title"":""李敖清早躺在木板床上仰写四则“哈囉李敖”"",""summary"":""《2011年5月》“水獭颂”写，前四则短文是李敖清早未起、躺在木板床上仰着写的；他由此联想到躺在水上吃东西的水獭，并说明自己多年在狱中睡木板，已经上瘾。这条记录了微博短文写作中的身体姿态与狱后日常习惯。"",""view"":[""日常线"",""写作线"",""晚年线""],""tags"":[""虽千万人，李敖往矣"",""哈囉李敖"",""木板床"",""狱后习惯"",""早晨写作""],""people"":[""李敖""],""places"":[""台湾""],""works"":[""虽千万人，李敖往矣"",""哈囉李敖""],""certainty"":""confirmed"",""source"":{""book"":""虽千万人，李敖往矣"",""chapter"":""001.2011年5月"",""path"":""《大李敖全集5.0》（wjm_tcy版）分章节/005.诗集语录类/005.虽千万人，李敖往矣/001.2011年5月.txt"",""line"":197},""dataFile"":""data/timeline-events-sui-qianwan-li-ao-wangyi.json""}"
"25266","2011","2011-05-22","2011年5月22日星期日","day","confirmed","李敖买水货 iPad II 并当晚手写输入四篇短文","《2011年5月》“李大师会打字了”写，2011年5月22日星期日下午，李敖买了水货 iPad II，晚上就打出4篇，很有成就感；他说明自己用手写法输入，虽会汉语拼音和注音符号，但手写法更得心应手。这条是“哈囉李敖”从代打走向自我输入的重要日常节点。","李敖","台湾","虽千万人，李敖往矣、哈囉李敖、iPad II、打字、手写输入","日常线、写作线、媒体线","虽千万人，李敖往矣、哈囉李敖","","虽千万人，李敖往矣","001.2011年5月","243","《大李敖全集5.0》（wjm_tcy版）分章节/005.诗集语录类/005.虽千万人，李敖往矣/001.2011年5月.txt","","[]","data/timeline-events-sui-qianwan-li-ao-wangyi.json","sui-qianwan-2011-05-22-buys-ipad-and-types-four-posts","{""id"":""sui-qianwan-2011-05-22-buys-ipad-and-types-four-posts"",""date"":""2011-05-22"",""displayDate"":""2011年5月22日星期日"",""datePrecision"":""day"",""title"":""李敖买水货 iPad II 并当晚手写输入四篇短文"",""summary"":""《2011年5月》“李大师会打字了”写，2011年5月22日星期日下午，李敖买了水货 iPad II，晚上就打出4篇，很有成就感；他说明自己用手写法输入，虽会汉语拼音和注音符号，但手写法更得心应手。这条是“哈囉李敖”从代打走向自我输入的重要日常节点。"",""view"":[""日常线"",""写作线"",""媒体线""],""tags"":[""虽千万人，李敖往矣"",""哈囉李敖"",""iPad II"",""打字"",""手写输入""],""people"":[""李敖""],""places"":[""台湾""],""works"":[""虽千万人，李敖往矣"",""哈囉李敖""],""certainty"":""confirmed"",""source"":{""book"":""虽千万人，李敖往矣"",""chapter"":""001.2011年5月"",""path"":""《大李敖全集5.0》（wjm_tcy版）分章节/005.诗集语录类/005.虽千万人，李敖往矣/001.2011年5月.txt"",""line"":243},""dataFile"":""data/timeline-events-sui-qianwan-li-ao-wangyi.json""}"
"25267","2011","2011-05-24","2011年5月24日星期二","day","confirmed","李敖上侯佩岑节目，谈《只爱一点点》","《2011年5月》“只爱一点点”写，李敖多年前写过“不爱那么多，只爱一点点”一诗；5月24日上侯佩岑节目时，侯佩岑特别引进这首诗并加以认同，李敖称她“真是解人也”。此条只收节目现场与旧诗被引入的现实动作，不把诗句本身扩作新事件。","李敖、侯佩岑","台湾","虽千万人，李敖往矣、侯佩岑、只爱一点点、节目、诗","媒体线、写作线、感情线","虽千万人，李敖往矣、只爱一点点","","虽千万人，李敖往矣","001.2011年5月","269","《大李敖全集5.0》（wjm_tcy版）分章节/005.诗集语录类/005.虽千万人，李敖往矣/001.2011年5月.txt","","[]","data/timeline-events-sui-qianwan-li-ao-wangyi.json","sui-qianwan-2011-05-24-appears-on-hou-peicen-program-with-poem","{""id"":""sui-qianwan-2011-05-24-appears-on-hou-peicen-program-with-poem"",""date"":""2011-05-24"",""displayDate"":""2011年5月24日星期二"",""datePrecision"":""day"",""title"":""李敖上侯佩岑节目，谈《只爱一点点》"",""summary"":""《2011年5月》“只爱一点点”写，李敖多年前写过“不爱那么多，只爱一点点”一诗；5月24日上侯佩岑节目时，侯佩岑特别引进这首诗并加以认同，李敖称她“真是解人也”。此条只收节目现场与旧诗被引入的现实动作，不把诗句本身扩作新事件。"",""view"":[""媒体线"",""写作线"",""感情线""],""tags"":[""虽千万人，李敖往矣"",""侯佩岑"",""只爱一点点"",""节目"",""诗""],""people"":[""李敖"",""侯佩岑""],""places"":[""台湾""],""works"":[""虽千万人，李敖往矣"",""只爱一点点""],""certainty"":""confirmed"",""source"":{""book"":""虽千万人，李敖往矣"",""chapter"":""001.2011年5月"",""path"":""《大李敖全集5.0》（wjm_tcy版）分章节/005.诗集语录类/005.虽千万人，李敖往矣/001.2011年5月.txt"",""line"":269},""dataFile"":""data/timeline-events-sui-qianwan-li-ao-wangyi.json""}"
"25268","2011","2011-05-27","2011年5月27日星期五","day","confirmed","李敖收到中信出版社印行的《审判美国》","《2011年5月》“二零一一年五月二十七日”写，李敖于2011年5月27日收到北京中信出版社印行的《审判美国》，看到版权页“2011年5月第1次印刷”，感到“悲欣交集”；他说明此书原本《阳痿美国》历经270天折腾、成品被封杀成纸浆，最后自阉书名为《审判美国》得以出版。","李敖","北京、大陆出版界、台湾","虽千万人，李敖往矣、审判美国、阳痿美国、中信出版社、改名出版","出版线、两岸线、晚年线","虽千万人，李敖往矣、审判美国、阳痿美国","ni-bendan-2010-08-13-writes-impotent-america、book7-2010-10-publishes-yangwei-america、sui-qianwan-2011-05-17-xiaoe-calls-about-mainland-publication-blockage","虽千万人，李敖往矣","001.2011年5月","331","《大李敖全集5.0》（wjm_tcy版）分章节/005.诗集语录类/005.虽千万人，李敖往矣/001.2011年5月.txt","虽千万人，李敖往矣 / 001.2011年5月 / line 327 / 说明：同日前后文先说明《阳痿美国》几经疏通后蒙准改名出版。 / 《大李敖全集5.0》（wjm_tcy版）分章节/005.诗集语录类/005.虽千万人，李敖往矣/001.2011年5月.txt || 虽千万人，李敖往矣 / 001.2011年5月 / line 335 / 说明：补充同一本书在海峡两边分别叫《审判美国》和《阳痿美国》。 / 《大李敖全集5.0》（wjm_tcy版）分章节/005.诗集语录类/005.虽千万人，李敖往矣/001.2011年5月.txt || 李敖访谈录1990-2018 / 056.20110831《辽沈晚报》专访李敖 / line 77 / 说明：《辽沈晚报》访问补充李敖说《阳痿美国》曾保证五十万册，如今大陆出版方趋于谨慎。 / 《大李敖全集5.0》（wjm_tcy版）分章节/007.采访序跋类/005.李敖访谈录1990-2018/056.20110831《辽沈晚报》专访李敖.txt || 李敖访谈录1990-2018 / 057.20110907《中国新闻周刊》专访李敖 / line 13 / 说明：《中国新闻周刊》访问补充《阳痿美国》在大陆改名《审判美国》出版以及写作强度。 / 《大李敖全集5.0》（wjm_tcy版）分章节/007.采访序跋类/005.李敖访谈录1990-2018/057.20110907《中国新闻周刊》专访李敖.txt","[{""book"":""虽千万人，李敖往矣"",""chapter"":""001.2011年5月"",""path"":""《大李敖全集5.0》（wjm_tcy版）分章节/005.诗集语录类/005.虽千万人，李敖往矣/001.2011年5月.txt"",""line"":327,""note"":""同日前后文先说明《阳痿美国》几经疏通后蒙准改名出版。""},{""book"":""虽千万人，李敖往矣"",""chapter"":""001.2011年5月"",""path"":""《大李敖全集5.0》（wjm_tcy版）分章节/005.诗集语录类/005.虽千万人，李敖往矣/001.2011年5月.txt"",""line"":335,""note"":""补充同一本书在海峡两边分别叫《审判美国》和《阳痿美国》。""},{""book"":""李敖访谈录1990-2018"",""chapter"":""056.20110831《辽沈晚报》专访李敖"",""path"":""《大李敖全集5.0》（wjm_tcy版）分章节/007.采访序跋类/005.李敖访谈录1990-2018/056.20110831《辽沈晚报》专访李敖.txt"",""line"":77,""lines"":[77],""note"":""《辽沈晚报》访问补充李敖说《阳痿美国》曾保证五十万册，如今大陆出版方趋于谨慎。""},{""book"":""李敖访谈录1990-2018"",""chapter"":""057.20110907《中国新闻周刊》专访李敖"",""path"":""《大李敖全集5.0》（wjm_tcy版）分章节/007.采访序跋类/005.李敖访谈录1990-2018/057.20110907《中国新闻周刊》专访李敖.txt"",""line"":13,""lines"":[13,15,17],""note"":""《中国新闻周刊》访问补充《阳痿美国》在大陆改名《审判美国》出版以及写作强度。""}]","data/timeline-events-sui-qianwan-li-ao-wangyi.json","sui-qianwan-2011-05-27-receives-citic-edition-of-trial-america","{""id"":""sui-qianwan-2011-05-27-receives-citic-edition-of-trial-america"",""date"":""2011-05-27"",""displayDate"":""2011年5月27日星期五"",""datePrecision"":""day"",""title"":""李敖收到中信出版社印行的《审判美国》"",""summary"":""《2011年5月》“二零一一年五月二十七日”写，李敖于2011年5月27日收到北京中信出版社印行的《审判美国》，看到版权页“2011年5月第1次印刷”，感到“悲欣交集”；他说明此书原本《阳痿美国》历经270天折腾、成品被封杀成纸浆，最后自阉书名为《审判美国》得以出版。"",""view"":[""出版线"",""两岸线"",""晚年线""],""tags"":[""虽千万人，李敖往矣"",""审判美国"",""阳痿美国"",""中信出版社"",""改名出版""],""people"":[""李敖""],""places"":[""北京"",""大陆出版界"",""台湾""],""works"":[""虽千万人，李敖往矣"",""审判美国"",""阳痿美国""],""certainty"":""confirmed"",""crossReferences"":[""ni-bendan-2010-08-13-writes-impotent-america"",""book7-2010-10-publishes-yangwei-america"",""sui-qianwan-2011-05-17-xiaoe-calls-about-mainland-publication-blockage""],""source"":{""book"":""虽千万人，李敖往矣"",""chapter"":""001.2011年5月"",""path"":""《大李敖全集5.0》（wjm_tcy版）分章节/005.诗集语录类/005.虽千万人，李敖往矣/001.2011年5月.txt"",""line"":331},""additionalSources"":[{""book"":""虽千万人，李敖往矣"",""chapter"":""001.2011年5月"",""path"":""《大李敖全集5.0》（wjm_tcy版）分章节/005.诗集语录类/005.虽千万人，李敖往矣/001.2011年5月.txt"",""line"":327,""note"":""同日前后文先说明《阳痿美国》几经疏通后蒙准改名出版。""},{""book"":""虽千万人，李敖往矣"",""chapter"":""001.2011年5月"",""path"":""《大李敖全集5.0》（wjm_tcy版）分章节/005.诗集语录类/005.虽千万人，李敖往矣/001.2011年5月.txt"",""line"":335,""note"":""补充同一本书在海峡两边分别叫《审判美国》和《阳痿美国》。""},{""book"":""李敖访谈录1990-2018"",""chapter"":""056.20110831《辽沈晚报》专访李敖"",""path"":""《大李敖全集5.0》（wjm_tcy版）分章节/007.采访序跋类/005.李敖访谈录1990-2018/056.20110831《辽沈晚报》专访李敖.txt"",""line"":77,""lines"":[77],""note"":""《辽沈晚报》访问补充李敖说《阳痿美国》曾保证五十万册，如今大陆出版方趋于谨慎。""},{""book"":""李敖访谈录1990-2018"",""chapter"":""057.20110907《中国新闻周刊》专访李敖"",""path"":""《大李敖全集5.0》（wjm_tcy版）分章节/007.采访序跋类/005.李敖访谈录1990-2018/057.20110907《中国新闻周刊》专访李敖.txt"",""line"":13,""lines"":[13,15,17],""note"":""《中国新闻周刊》访问补充《阳痿美国》在大陆改名《审判美国》出版以及写作强度。""}],""dataFile"":""data/timeline-events-sui-qianwan-li-ao-wangyi.json""}"
"25269","2011","2011-06-04","2011年6月4日星期六","day","confirmed","李敖搭计程车时自嘲年龄被司机说漏","《2011年6月》记，李敖搭计程车时，司机把他的年龄当面说漏；李敖顺势把这件小事写成晚年面对衰老、名人被认出与自嘲的一则日常。","李敖、计程车司机","台北","虽千万人，李敖往矣、计程车、年龄、自嘲、日常","日常线、晚年线","虽千万人，李敖往矣","","虽千万人，李敖往矣","002.2011年6月","45","《大李敖全集5.0》（wjm_tcy版）分章节/005.诗集语录类/005.虽千万人，李敖往矣/002.2011年6月.txt","","[]","data/timeline-events-sui-qianwan-li-ao-wangyi.json","sui-qianwan-2011-06-04-taxi-age-slip","{""id"":""sui-qianwan-2011-06-04-taxi-age-slip"",""date"":""2011-06-04"",""displayDate"":""2011年6月4日星期六"",""datePrecision"":""day"",""title"":""李敖搭计程车时自嘲年龄被司机说漏"",""summary"":""《2011年6月》记，李敖搭计程车时，司机把他的年龄当面说漏；李敖顺势把这件小事写成晚年面对衰老、名人被认出与自嘲的一则日常。"",""view"":[""日常线"",""晚年线""],""tags"":[""虽千万人，李敖往矣"",""计程车"",""年龄"",""自嘲"",""日常""],""people"":[""李敖"",""计程车司机""],""places"":[""台北""],""works"":[""虽千万人，李敖往矣""],""certainty"":""confirmed"",""source"":{""book"":""虽千万人，李敖往矣"",""chapter"":""002.2011年6月"",""path"":""《大李敖全集5.0》（wjm_tcy版）分章节/005.诗集语录类/005.虽千万人，李敖往矣/002.2011年6月.txt"",""line"":45},""dataFile"":""data/timeline-events-sui-qianwan-li-ao-wangyi.json""}"
"25270","2011","2011-06-08","2011年6月8日星期三","day","confirmed","李敖观看《富春山居图》合璧展相关影像","《2011年6月》写，李敖观看《富春山居图》分藏两岸后合璧展出的相关报道与影像，并借画卷离合谈文物、政治与两岸关系。","李敖","台湾","虽千万人，李敖往矣、富春山居图、两岸、文物、观看","日常线、文物线、两岸线","虽千万人，李敖往矣、富春山居图","","虽千万人，李敖往矣","002.2011年6月","97","《大李敖全集5.0》（wjm_tcy版）分章节/005.诗集语录类/005.虽千万人，李敖往矣/002.2011年6月.txt","","[]","data/timeline-events-sui-qianwan-li-ao-wangyi.json","sui-qianwan-2011-06-08-sees-fuchun-mountains-reunited","{""id"":""sui-qianwan-2011-06-08-sees-fuchun-mountains-reunited"",""date"":""2011-06-08"",""displayDate"":""2011年6月8日星期三"",""datePrecision"":""day"",""title"":""李敖观看《富春山居图》合璧展相关影像"",""summary"":""《2011年6月》写，李敖观看《富春山居图》分藏两岸后合璧展出的相关报道与影像，并借画卷离合谈文物、政治与两岸关系。"",""view"":[""日常线"",""文物线"",""两岸线""],""tags"":[""虽千万人，李敖往矣"",""富春山居图"",""两岸"",""文物"",""观看""],""people"":[""李敖""],""places"":[""台湾""],""works"":[""虽千万人，李敖往矣"",""富春山居图""],""certainty"":""confirmed"",""source"":{""book"":""虽千万人，李敖往矣"",""chapter"":""002.2011年6月"",""path"":""《大李敖全集5.0》（wjm_tcy版）分章节/005.诗集语录类/005.虽千万人，李敖往矣/002.2011年6月.txt"",""line"":97},""dataFile"":""data/timeline-events-sui-qianwan-li-ao-wangyi.json""}"
"25271","2011","2011-06-18","2011年6月18日","day","confirmed","李敖在薇阁中学从毕加索和溥心畬开出富春真假启示","李敖说毕加索可以自己制造自己的假画，继而介绍溥心畬作为最后文人画家，并把《富春山居图》放回文人画真假问题中。","李敖、毕加索、溥心畬","薇阁中学","李敖演讲集、演讲、薇阁中学、富春山居图、真假、毕加索、溥心畬、文人画","演讲线、文物收藏线","李敖演讲集、049.20110618李敖薇阁中学演讲、富春山居图","","李敖演讲集","049.20110618李敖薇阁中学演讲","27","《大李敖全集5.0》（wjm_tcy版）分章节/010.节目演讲类/011.李敖演讲集/049.20110618李敖薇阁中学演讲.txt","","[]","data/timeline-events-li-ao-yanjiangji.json","li-ao-yanjiangji-049-opens-truth-and-fake-lesson-with-picasso-pu-xinyu-and-literati-painting","{""id"":""li-ao-yanjiangji-049-opens-truth-and-fake-lesson-with-picasso-pu-xinyu-and-literati-painting"",""date"":""2011-06-18"",""displayDate"":""2011年6月18日"",""datePrecision"":""day"",""title"":""李敖在薇阁中学从毕加索和溥心畬开出富春真假启示"",""summary"":""李敖说毕加索可以自己制造自己的假画，继而介绍溥心畬作为最后文人画家，并把《富春山居图》放回文人画真假问题中。"",""view"":[""演讲线"",""文物收藏线""],""tags"":[""李敖演讲集"",""演讲"",""薇阁中学"",""富春山居图"",""真假"",""毕加索"",""溥心畬"",""文人画""],""people"":[""李敖"",""毕加索"",""溥心畬""],""places"":[""薇阁中学""],""works"":[""李敖演讲集"",""049.20110618李敖薇阁中学演讲"",""富春山居图""],""certainty"":""confirmed"",""source"":{""book"":""李敖演讲集"",""chapter"":""049.20110618李敖薇阁中学演讲"",""path"":""《大李敖全集5.0》（wjm_tcy版）分章节/010.节目演讲类/011.李敖演讲集/049.20110618李敖薇阁中学演讲.txt"",""line"":27,""lines"":[27]},""crossReferences"":[],""dataFile"":""data/timeline-events-li-ao-yanjiangji.json""}"
"25272","2011","2011-06-18","2011年6月18日","day","confirmed","李敖在薇阁中学从富春山居图开讲并列出五个启示","李敖感谢凤凰与刘长乐早年的节目安排，以《富春山居图》为题展开离合、真假、祸福、穷达、智愚五个启示。","李敖、刘长乐","薇阁中学","李敖演讲集、演讲、薇阁中学、富春山居图、凤凰卫视、五个启示","演讲线、文物收藏线","李敖演讲集、049.20110618李敖薇阁中学演讲、富春山居图","","李敖演讲集","049.20110618李敖薇阁中学演讲","7","《大李敖全集5.0》（wjm_tcy版）分章节/010.节目演讲类/011.李敖演讲集/049.20110618李敖薇阁中学演讲.txt","","[]","data/timeline-events-li-ao-yanjiangji.json","li-ao-yanjiangji-049-opens-weigao-lecture-with-phoenix-layout-and-five-lessons-from-fuchun","{""id"":""li-ao-yanjiangji-049-opens-weigao-lecture-with-phoenix-layout-and-five-lessons-from-fuchun"",""date"":""2011-06-18"",""displayDate"":""2011年6月18日"",""datePrecision"":""day"",""title"":""李敖在薇阁中学从富春山居图开讲并列出五个启示"",""summary"":""李敖感谢凤凰与刘长乐早年的节目安排，以《富春山居图》为题展开离合、真假、祸福、穷达、智愚五个启示。"",""view"":[""演讲线"",""文物收藏线""],""tags"":[""李敖演讲集"",""演讲"",""薇阁中学"",""富春山居图"",""凤凰卫视"",""五个启示""],""people"":[""李敖"",""刘长乐""],""places"":[""薇阁中学""],""works"":[""李敖演讲集"",""049.20110618李敖薇阁中学演讲"",""富春山居图""],""certainty"":""confirmed"",""source"":{""book"":""李敖演讲集"",""chapter"":""049.20110618李敖薇阁中学演讲"",""path"":""《大李敖全集5.0》（wjm_tcy版）分章节/010.节目演讲类/011.李敖演讲集/049.20110618李敖薇阁中学演讲.txt"",""line"":7,""lines"":[7]},""crossReferences"":[],""dataFile"":""data/timeline-events-li-ao-yanjiangji.json""}"
"25273","2011","2011-06-18","2011年6月18日","day","confirmed","李敖在薇阁中学从黄公望贫穷和严子陵不仕讲自己不入党不合作","李敖说黄公望晚年贫穷后入道作画，《富春山居图》又连到严子陵拒不仕官；他借此说自己一生不入党、不和政府合作。","李敖、黄公望、严子陵","薇阁中学","李敖演讲集、演讲、薇阁中学、富春山居图、黄公望、严子陵、不入党","演讲线、文物收藏线","李敖演讲集、049.20110618李敖薇阁中学演讲、富春山居图","li-ao-yanjiangji-034-stresses-independent-character-and-no-party-membership","李敖演讲集","049.20110618李敖薇阁中学演讲","56","《大李敖全集5.0》（wjm_tcy版）分章节/010.节目演讲类/011.李敖演讲集/049.20110618李敖薇阁中学演讲.txt","","[]","data/timeline-events-li-ao-yanjiangji.json","li-ao-yanjiangji-049-links-huang-gongwang-poverty-yan-ziling-and-his-own-no-party-stance","{""id"":""li-ao-yanjiangji-049-links-huang-gongwang-poverty-yan-ziling-and-his-own-no-party-stance"",""date"":""2011-06-18"",""displayDate"":""2011年6月18日"",""datePrecision"":""day"",""title"":""李敖在薇阁中学从黄公望贫穷和严子陵不仕讲自己不入党不合作"",""summary"":""李敖说黄公望晚年贫穷后入道作画，《富春山居图》又连到严子陵拒不仕官；他借此说自己一生不入党、不和政府合作。"",""view"":[""演讲线"",""文物收藏线""],""tags"":[""李敖演讲集"",""演讲"",""薇阁中学"",""富春山居图"",""黄公望"",""严子陵"",""不入党""],""people"":[""李敖"",""黄公望"",""严子陵""],""places"":[""薇阁中学""],""works"":[""李敖演讲集"",""049.20110618李敖薇阁中学演讲"",""富春山居图""],""certainty"":""confirmed"",""source"":{""book"":""李敖演讲集"",""chapter"":""049.20110618李敖薇阁中学演讲"",""path"":""《大李敖全集5.0》（wjm_tcy版）分章节/010.节目演讲类/011.李敖演讲集/049.20110618李敖薇阁中学演讲.txt"",""line"":56,""lines"":[56]},""crossReferences"":[""li-ao-yanjiangji-034-stresses-independent-character-and-no-party-membership""],""dataFile"":""data/timeline-events-li-ao-yanjiangji.json""}"
"25274","2011","2011-06-18","2011年6月18日","day","confirmed","李敖在薇阁中学以富春山居图三百六十一年分合讲离合启示","李敖把人与人、人与物、物与物的离合放在一起，说《富春山居图》分裂三百六十一年后重聚，构成第一层启示。","李敖","薇阁中学","李敖演讲集、演讲、薇阁中学、富春山居图、离合、两岸","演讲线、文物收藏线","李敖演讲集、049.20110618李敖薇阁中学演讲、富春山居图","sui-qianwan-2011-06-08-sees-fuchun-mountains-reunited","李敖演讲集","049.20110618李敖薇阁中学演讲","7","《大李敖全集5.0》（wjm_tcy版）分章节/010.节目演讲类/011.李敖演讲集/049.20110618李敖薇阁中学演讲.txt","","[]","data/timeline-events-li-ao-yanjiangji.json","li-ao-yanjiangji-049-uses-fuchun-reunion-after-361-years-to-teach-parting-and-reunion","{""id"":""li-ao-yanjiangji-049-uses-fuchun-reunion-after-361-years-to-teach-parting-and-reunion"",""date"":""2011-06-18"",""displayDate"":""2011年6月18日"",""datePrecision"":""day"",""title"":""李敖在薇阁中学以富春山居图三百六十一年分合讲离合启示"",""summary"":""李敖把人与人、人与物、物与物的离合放在一起，说《富春山居图》分裂三百六十一年后重聚，构成第一层启示。"",""view"":[""演讲线"",""文物收藏线""],""tags"":[""李敖演讲集"",""演讲"",""薇阁中学"",""富春山居图"",""离合"",""两岸""],""people"":[""李敖""],""places"":[""薇阁中学""],""works"":[""李敖演讲集"",""049.20110618李敖薇阁中学演讲"",""富春山居图""],""certainty"":""confirmed"",""source"":{""book"":""李敖演讲集"",""chapter"":""049.20110618李敖薇阁中学演讲"",""path"":""《大李敖全集5.0》（wjm_tcy版）分章节/010.节目演讲类/011.李敖演讲集/049.20110618李敖薇阁中学演讲.txt"",""line"":7,""lines"":[7]},""crossReferences"":[""sui-qianwan-2011-06-08-sees-fuchun-mountains-reunited""],""dataFile"":""data/timeline-events-li-ao-yanjiangji.json""}"
"25275","2011","2011-06-18","2011年6月18日","day","confirmed","李敖在薇阁中学以塞翁失马和蒋介石授权寿字讲祸福相倚","李敖从富春免遭乾隆题诗转向祸福启示，又举蒋介石秘书代写寿字但经授权仍为真迹的例子，说明真假祸福常会互相转换。","李敖、蒋介石","薇阁中学","李敖演讲集、演讲、薇阁中学、富春山居图、祸福、蒋介石、书法、塞翁失马","演讲线、文物收藏线","李敖演讲集、049.20110618李敖薇阁中学演讲","","李敖演讲集","049.20110618李敖薇阁中学演讲","41","《大李敖全集5.0》（wjm_tcy版）分章节/010.节目演讲类/011.李敖演讲集/049.20110618李敖薇阁中学演讲.txt","","[]","data/timeline-events-li-ao-yanjiangji.json","li-ao-yanjiangji-049-uses-fortune-and-misfortune-through-chiang-authorized-birthday-characters","{""id"":""li-ao-yanjiangji-049-uses-fortune-and-misfortune-through-chiang-authorized-birthday-characters"",""date"":""2011-06-18"",""displayDate"":""2011年6月18日"",""datePrecision"":""day"",""title"":""李敖在薇阁中学以塞翁失马和蒋介石授权寿字讲祸福相倚"",""summary"":""李敖从富春免遭乾隆题诗转向祸福启示，又举蒋介石秘书代写寿字但经授权仍为真迹的例子，说明真假祸福常会互相转换。"",""view"":[""演讲线"",""文物收藏线""],""tags"":[""李敖演讲集"",""演讲"",""薇阁中学"",""富春山居图"",""祸福"",""蒋介石"",""书法"",""塞翁失马""],""people"":[""李敖"",""蒋介石""],""places"":[""薇阁中学""],""works"":[""李敖演讲集"",""049.20110618李敖薇阁中学演讲""],""certainty"":""confirmed"",""source"":{""book"":""李敖演讲集"",""chapter"":""049.20110618李敖薇阁中学演讲"",""path"":""《大李敖全集5.0》（wjm_tcy版）分章节/010.节目演讲类/011.李敖演讲集/049.20110618李敖薇阁中学演讲.txt"",""line"":41,""lines"":[41]},""crossReferences"":[],""dataFile"":""data/timeline-events-li-ao-yanjiangji.json""}"
"25276","2011","2011-06-18","2011年6月18日","day","confirmed","李敖在薇阁中学用毛姆、陈文茜、米芾、唐太宗等故事讲爱物与分离","李敖从毛姆牙刷、陈文茜狗杯、米芾索砚、唐太宗求兰亭序和吴问卿殉画等例子，说明人和物之间也有强烈离合关系。","李敖、毛姆、陈文茜、米芾、唐太宗、吴问卿","薇阁中学","李敖演讲集、演讲、薇阁中学、富春山居图、毛姆、陈文茜、米芾、唐太宗、兰亭序","演讲线、文物收藏线","李敖演讲集、049.20110618李敖薇阁中学演讲、富春山居图、兰亭序","","李敖演讲集","049.20110618李敖薇阁中学演讲","11","《大李敖全集5.0》（wjm_tcy版）分章节/010.节目演讲类/011.李敖演讲集/049.20110618李敖薇阁中学演讲.txt","","[]","data/timeline-events-li-ao-yanjiangji.json","li-ao-yanjiangji-049-builds-love-and-death-examples-from-maugham-chen-wenqian-mi-fu-and-tang-taizong","{""id"":""li-ao-yanjiangji-049-builds-love-and-death-examples-from-maugham-chen-wenqian-mi-fu-and-tang-taizong"",""date"":""2011-06-18"",""displayDate"":""2011年6月18日"",""datePrecision"":""day"",""title"":""李敖在薇阁中学用毛姆、陈文茜、米芾、唐太宗等故事讲爱物与分离"",""summary"":""李敖从毛姆牙刷、陈文茜狗杯、米芾索砚、唐太宗求兰亭序和吴问卿殉画等例子，说明人和物之间也有强烈离合关系。"",""view"":[""演讲线"",""文物收藏线""],""tags"":[""李敖演讲集"",""演讲"",""薇阁中学"",""富春山居图"",""毛姆"",""陈文茜"",""米芾"",""唐太宗"",""兰亭序""],""people"":[""李敖"",""毛姆"",""陈文茜"",""米芾"",""唐太宗"",""吴问卿""],""places"":[""薇阁中学""],""works"":[""李敖演讲集"",""049.20110618李敖薇阁中学演讲"",""富春山居图"",""兰亭序""],""certainty"":""confirmed"",""source"":{""book"":""李敖演讲集"",""chapter"":""049.20110618李敖薇阁中学演讲"",""path"":""《大李敖全集5.0》（wjm_tcy版）分章节/010.节目演讲类/011.李敖演讲集/049.20110618李敖薇阁中学演讲.txt"",""line"":11,""lines"":[11]},""crossReferences"":[],""dataFile"":""data/timeline-events-li-ao-yanjiangji.json""}"
"25277","2011","2011-06-18","2011年6月18日","day","confirmed","李敖在薇阁中学用纳粹毒气室前祖孙微笑说明最后离别仍可自我控制","李敖讲纳粹大屠杀中祖母带孙子走向毒气室前仍微笑的照片，说明即使最后的离别也可保留主动姿态。","李敖","薇阁中学","李敖演讲集、演讲、薇阁中学、富春山居图、纳粹大屠杀、离别、生命态度","演讲线、文物收藏线","李敖演讲集、049.20110618李敖薇阁中学演讲","","李敖演讲集","049.20110618李敖薇阁中学演讲","21","《大李敖全集5.0》（wjm_tcy版）分章节/010.节目演讲类/011.李敖演讲集/049.20110618李敖薇阁中学演讲.txt","","[]","data/timeline-events-li-ao-yanjiangji.json","li-ao-yanjiangji-049-uses-holocaust-grandmother-smile-to-say-final-parting-can-still-be-shaped","{""id"":""li-ao-yanjiangji-049-uses-holocaust-grandmother-smile-to-say-final-parting-can-still-be-shaped"",""date"":""2011-06-18"",""displayDate"":""2011年6月18日"",""datePrecision"":""day"",""title"":""李敖在薇阁中学用纳粹毒气室前祖孙微笑说明最后离别仍可自我控制"",""summary"":""李敖讲纳粹大屠杀中祖母带孙子走向毒气室前仍微笑的照片，说明即使最后的离别也可保留主动姿态。"",""view"":[""演讲线"",""文物收藏线""],""tags"":[""李敖演讲集"",""演讲"",""薇阁中学"",""富春山居图"",""纳粹大屠杀"",""离别"",""生命态度""],""people"":[""李敖""],""places"":[""薇阁中学""],""works"":[""李敖演讲集"",""049.20110618李敖薇阁中学演讲""],""certainty"":""confirmed"",""source"":{""book"":""李敖演讲集"",""chapter"":""049.20110618李敖薇阁中学演讲"",""path"":""《大李敖全集5.0》（wjm_tcy版）分章节/010.节目演讲类/011.李敖演讲集/049.20110618李敖薇阁中学演讲.txt"",""line"":21,""lines"":[21]},""crossReferences"":[],""dataFile"":""data/timeline-events-li-ao-yanjiangji.json""}"
"25278","2011","2011-06-18","2011年6月18日","day","confirmed","李敖在薇阁中学用董其昌文徵明仿作和顾维钧矿物学课讲活知识","李敖说艺术品长存而收藏者更替，董其昌、文徵明仿作与顾维钧矿物学课都显示，教育训练的是面对未知的能力。","李敖、董其昌、文徵明、顾维钧","薇阁中学","李敖演讲集、演讲、薇阁中学、富春山居图、董其昌、文徵明、顾维钧、活知识","演讲线、文物收藏线","李敖演讲集、049.20110618李敖薇阁中学演讲","","李敖演讲集","049.20110618李敖薇阁中学演讲","62","《大李敖全集5.0》（wjm_tcy版）分章节/010.节目演讲类/011.李敖演讲集/049.20110618李敖薇阁中学演讲.txt","","[]","data/timeline-events-li-ao-yanjiangji.json","li-ao-yanjiangji-049-turns-collectors-fakes-and-gu-weijun-mineralogy-into-living-knowledge-lesson","{""id"":""li-ao-yanjiangji-049-turns-collectors-fakes-and-gu-weijun-mineralogy-into-living-knowledge-lesson"",""date"":""2011-06-18"",""displayDate"":""2011年6月18日"",""datePrecision"":""day"",""title"":""李敖在薇阁中学用董其昌文徵明仿作和顾维钧矿物学课讲活知识"",""summary"":""李敖说艺术品长存而收藏者更替，董其昌、文徵明仿作与顾维钧矿物学课都显示，教育训练的是面对未知的能力。"",""view"":[""演讲线"",""文物收藏线""],""tags"":[""李敖演讲集"",""演讲"",""薇阁中学"",""富春山居图"",""董其昌"",""文徵明"",""顾维钧"",""活知识""],""people"":[""李敖"",""董其昌"",""文徵明"",""顾维钧""],""places"":[""薇阁中学""],""works"":[""李敖演讲集"",""049.20110618李敖薇阁中学演讲""],""certainty"":""confirmed"",""source"":{""book"":""李敖演讲集"",""chapter"":""049.20110618李敖薇阁中学演讲"",""path"":""《大李敖全集5.0》（wjm_tcy版）分章节/010.节目演讲类/011.李敖演讲集/049.20110618李敖薇阁中学演讲.txt"",""line"":62,""lines"":[62]},""crossReferences"":[],""dataFile"":""data/timeline-events-li-ao-yanjiangji.json""}"
"25279","2011","2011-06-18","2011年6月18日","day","confirmed","李敖在薇阁中学纠正卧薪尝胆和范蠡救子故事来说明知识不能死背","李敖说勾践尝胆却未必卧薪，范蠡长子因白手致富而舍不得金子，导致次子被杀，这些故事说明课本知识常要重新检验。","李敖、勾践、范蠡","薇阁中学","李敖演讲集、演讲、薇阁中学、富春山居图、勾践、范蠡、陶朱公、活知识","演讲线、文物收藏线","李敖演讲集、049.20110618李敖薇阁中学演讲","","李敖演讲集","049.20110618李敖薇阁中学演讲","70","《大李敖全集5.0》（wjm_tcy版）分章节/010.节目演讲类/011.李敖演讲集/049.20110618李敖薇阁中学演讲.txt","","[]","data/timeline-events-li-ao-yanjiangji.json","li-ao-yanjiangji-049-corrects-goujian-and-fan-li-stories-to-teach-living-knowledge","{""id"":""li-ao-yanjiangji-049-corrects-goujian-and-fan-li-stories-to-teach-living-knowledge"",""date"":""2011-06-18"",""displayDate"":""2011年6月18日"",""datePrecision"":""day"",""title"":""李敖在薇阁中学纠正卧薪尝胆和范蠡救子故事来说明知识不能死背"",""summary"":""李敖说勾践尝胆却未必卧薪，范蠡长子因白手致富而舍不得金子，导致次子被杀，这些故事说明课本知识常要重新检验。"",""view"":[""演讲线"",""文物收藏线""],""tags"":[""李敖演讲集"",""演讲"",""薇阁中学"",""富春山居图"",""勾践"",""范蠡"",""陶朱公"",""活知识""],""people"":[""李敖"",""勾践"",""范蠡""],""places"":[""薇阁中学""],""works"":[""李敖演讲集"",""049.20110618李敖薇阁中学演讲""],""certainty"":""confirmed"",""source"":{""book"":""李敖演讲集"",""chapter"":""049.20110618李敖薇阁中学演讲"",""path"":""《大李敖全集5.0》（wjm_tcy版）分章节/010.节目演讲类/011.李敖演讲集/049.20110618李敖薇阁中学演讲.txt"",""line"":70,""lines"":[70]},""crossReferences"":[],""dataFile"":""data/timeline-events-li-ao-yanjiangji.json""}"
"25280","2011","2011-06-18","2011年6月18日","day","confirmed","李敖在薇阁中学说乾隆误判真假反而让真富春躲过题诗","李敖讲乾隆把子明卷当真、把无用师卷当次等，结果五十五首诗都题在假卷上，真迹反而逃过破坏。","李敖、乾隆","薇阁中学","李敖演讲集、演讲、薇阁中学、富春山居图、乾隆、题诗、真假","演讲线、文物收藏线","李敖演讲集、049.20110618李敖薇阁中学演讲、富春山居图、子明卷、无用师卷","","李敖演讲集","049.20110618李敖薇阁中学演讲","35","《大李敖全集5.0》（wjm_tcy版）分章节/010.节目演讲类/011.李敖演讲集/049.20110618李敖薇阁中学演讲.txt","","[]","data/timeline-events-li-ao-yanjiangji.json","li-ao-yanjiangji-049-says-qianlong-misjudgment-spared-the-real-fuchun-from-poems","{""id"":""li-ao-yanjiangji-049-says-qianlong-misjudgment-spared-the-real-fuchun-from-poems"",""date"":""2011-06-18"",""displayDate"":""2011年6月18日"",""datePrecision"":""day"",""title"":""李敖在薇阁中学说乾隆误判真假反而让真富春躲过题诗"",""summary"":""李敖讲乾隆把子明卷当真、把无用师卷当次等，结果五十五首诗都题在假卷上，真迹反而逃过破坏。"",""view"":[""演讲线"",""文物收藏线""],""tags"":[""李敖演讲集"",""演讲"",""薇阁中学"",""富春山居图"",""乾隆"",""题诗"",""真假""],""people"":[""李敖"",""乾隆""],""places"":[""薇阁中学""],""works"":[""李敖演讲集"",""049.20110618李敖薇阁中学演讲"",""富春山居图"",""子明卷"",""无用师卷""],""certainty"":""confirmed"",""source"":{""book"":""李敖演讲集"",""chapter"":""049.20110618李敖薇阁中学演讲"",""path"":""《大李敖全集5.0》（wjm_tcy版）分章节/010.节目演讲类/011.李敖演讲集/049.20110618李敖薇阁中学演讲.txt"",""line"":35,""lines"":[35]},""crossReferences"":[],""dataFile"":""data/timeline-events-li-ao-yanjiangji.json""}"
"25281","2011","2011-06-18","2011年6月18日","day","confirmed","李敖在薇阁中学借王世杰文件说明子明卷和无用师卷可能都是真","李敖说从王世杰旧文件看，子明卷可能是黄公望草稿或另一版本，因此子明、无用师两卷未必只能一真一假。","李敖、王世杰、黄公望","薇阁中学","李敖演讲集、演讲、薇阁中学、富春山居图、王世杰、子明卷、无用师卷","演讲线、文物收藏线","李敖演讲集、049.20110618李敖薇阁中学演讲、富春山居图、子明卷、无用师卷","","李敖演讲集","049.20110618李敖薇阁中学演讲","47","《大李敖全集5.0》（wjm_tcy版）分章节/010.节目演讲类/011.李敖演讲集/049.20110618李敖薇阁中学演讲.txt","","[]","data/timeline-events-li-ao-yanjiangji.json","li-ao-yanjiangji-049-uses-wang-shijie-documents-to-say-two-fuchun-scrolls-may-both-be-true","{""id"":""li-ao-yanjiangji-049-uses-wang-shijie-documents-to-say-two-fuchun-scrolls-may-both-be-true"",""date"":""2011-06-18"",""displayDate"":""2011年6月18日"",""datePrecision"":""day"",""title"":""李敖在薇阁中学借王世杰文件说明子明卷和无用师卷可能都是真"",""summary"":""李敖说从王世杰旧文件看，子明卷可能是黄公望草稿或另一版本，因此子明、无用师两卷未必只能一真一假。"",""view"":[""演讲线"",""文物收藏线""],""tags"":[""李敖演讲集"",""演讲"",""薇阁中学"",""富春山居图"",""王世杰"",""子明卷"",""无用师卷""],""people"":[""李敖"",""王世杰"",""黄公望""],""places"":[""薇阁中学""],""works"":[""李敖演讲集"",""049.20110618李敖薇阁中学演讲"",""富春山居图"",""子明卷"",""无用师卷""],""certainty"":""confirmed"",""source"":{""book"":""李敖演讲集"",""chapter"":""049.20110618李敖薇阁中学演讲"",""path"":""《大李敖全集5.0》（wjm_tcy版）分章节/010.节目演讲类/011.李敖演讲集/049.20110618李敖薇阁中学演讲.txt"",""line"":47,""lines"":[47]},""crossReferences"":[],""dataFile"":""data/timeline-events-li-ao-yanjiangji.json""}"
"25282","2011","2011-06-18","2011年6月18日","day","confirmed","李敖在薇阁中学称富春山居图合璧构想首先来自刘长乐并说自己看过合璧","李敖说《富春山居图》合璧构想早由刘长乐提出，并非只来自温家宝；他自己也在台北故宫看到合璧后的作品。","李敖、刘长乐、温家宝","薇阁中学、台北故宫","李敖演讲集、演讲、薇阁中学、富春山居图、刘长乐、温家宝、台北故宫","演讲线、文物收藏线","李敖演讲集、049.20110618李敖薇阁中学演讲、富春山居图","li-ao-fangtanlu-2010-08-26-family-expo-fuchun-trip、li-ao-fangtanlu-2010-08-30-phoenix-train-interview-shanghai-hangzhou","李敖演讲集","049.20110618李敖薇阁中学演讲","23","《大李敖全集5.0》（wjm_tcy版）分章节/010.节目演讲类/011.李敖演讲集/049.20110618李敖薇阁中学演讲.txt","","[]","data/timeline-events-li-ao-yanjiangji.json","li-ao-yanjiangji-049-credits-liu-changle-for-fuchun-reunion-idea-and-says-he-saw-scroll","{""id"":""li-ao-yanjiangji-049-credits-liu-changle-for-fuchun-reunion-idea-and-says-he-saw-scroll"",""date"":""2011-06-18"",""displayDate"":""2011年6月18日"",""datePrecision"":""day"",""title"":""李敖在薇阁中学称富春山居图合璧构想首先来自刘长乐并说自己看过合璧"",""summary"":""李敖说《富春山居图》合璧构想早由刘长乐提出，并非只来自温家宝；他自己也在台北故宫看到合璧后的作品。"",""view"":[""演讲线"",""文物收藏线""],""tags"":[""李敖演讲集"",""演讲"",""薇阁中学"",""富春山居图"",""刘长乐"",""温家宝"",""台北故宫""],""people"":[""李敖"",""刘长乐"",""温家宝""],""places"":[""薇阁中学"",""台北故宫""],""works"":[""李敖演讲集"",""049.20110618李敖薇阁中学演讲"",""富春山居图""],""certainty"":""confirmed"",""source"":{""book"":""李敖演讲集"",""chapter"":""049.20110618李敖薇阁中学演讲"",""path"":""《大李敖全集5.0》（wjm_tcy版）分章节/010.节目演讲类/011.李敖演讲集/049.20110618李敖薇阁中学演讲.txt"",""line"":23,""lines"":[23]},""crossReferences"":[""li-ao-fangtanlu-2010-08-26-family-expo-fuchun-trip"",""li-ao-fangtanlu-2010-08-30-phoenix-train-interview-shanghai-hangzhou""],""dataFile"":""data/timeline-events-li-ao-yanjiangji.json""}"
"25283","2011","2011-06-23","2011年6月23日星期四","day","confirmed","刘长乐到李敖家并赠送钢笔","《2011年6月》记，刘长乐到李敖家中看他，并送给他钢笔。李敖由这件礼物谈自己手写、写作工具与凤凰卫视交往的晚年细节。","李敖、刘长乐","李敖家","虽千万人，李敖往矣、刘长乐、钢笔、凤凰卫视、书房","交游线、写作线、媒体线","虽千万人，李敖往矣、凤凰卫视","","虽千万人，李敖往矣","002.2011年6月","259","《大李敖全集5.0》（wjm_tcy版）分章节/005.诗集语录类/005.虽千万人，李敖往矣/002.2011年6月.txt","","[]","data/timeline-events-sui-qianwan-li-ao-wangyi.json","sui-qianwan-2011-06-23-liu-changle-visits-home-and-gives-pen","{""id"":""sui-qianwan-2011-06-23-liu-changle-visits-home-and-gives-pen"",""date"":""2011-06-23"",""displayDate"":""2011年6月23日星期四"",""datePrecision"":""day"",""title"":""刘长乐到李敖家并赠送钢笔"",""summary"":""《2011年6月》记，刘长乐到李敖家中看他，并送给他钢笔。李敖由这件礼物谈自己手写、写作工具与凤凰卫视交往的晚年细节。"",""view"":[""交游线"",""写作线"",""媒体线""],""tags"":[""虽千万人，李敖往矣"",""刘长乐"",""钢笔"",""凤凰卫视"",""书房""],""people"":[""李敖"",""刘长乐""],""places"":[""李敖家""],""works"":[""虽千万人，李敖往矣"",""凤凰卫视""],""certainty"":""confirmed"",""source"":{""book"":""虽千万人，李敖往矣"",""chapter"":""002.2011年6月"",""path"":""《大李敖全集5.0》（wjm_tcy版）分章节/005.诗集语录类/005.虽千万人，李敖往矣/002.2011年6月.txt"",""line"":259},""dataFile"":""data/timeline-events-sui-qianwan-li-ao-wangyi.json""}"
"25284","2011","2011-06-25","2011年6月25日星期六","day","confirmed","“哈啰李敖”粉丝突破一百万","《2011年6月》记，李敖开写“哈啰李敖”后，粉丝数在2011年6月25日突破一百万。这条补出他进入微博传播场一个月后的第一轮量级节点。","李敖","大陆网络平台","虽千万人，李敖往矣、哈啰李敖、微博、一百万粉丝、网络传播","媒体线、网络线、晚年线","虽千万人，李敖往矣、哈啰李敖","sui-qianwan-2011-05-17-starts-hello-li-ao-140-char-web-writing","虽千万人，李敖往矣","002.2011年6月","289","《大李敖全集5.0》（wjm_tcy版）分章节/005.诗集语录类/005.虽千万人，李敖往矣/002.2011年6月.txt","","[]","data/timeline-events-sui-qianwan-li-ao-wangyi.json","sui-qianwan-2011-06-25-hello-li-ao-breaks-one-million","{""id"":""sui-qianwan-2011-06-25-hello-li-ao-breaks-one-million"",""date"":""2011-06-25"",""displayDate"":""2011年6月25日星期六"",""datePrecision"":""day"",""title"":""“哈啰李敖”粉丝突破一百万"",""summary"":""《2011年6月》记，李敖开写“哈啰李敖”后，粉丝数在2011年6月25日突破一百万。这条补出他进入微博传播场一个月后的第一轮量级节点。"",""view"":[""媒体线"",""网络线"",""晚年线""],""tags"":[""虽千万人，李敖往矣"",""哈啰李敖"",""微博"",""一百万粉丝"",""网络传播""],""people"":[""李敖""],""places"":[""大陆网络平台""],""works"":[""虽千万人，李敖往矣"",""哈啰李敖""],""certainty"":""confirmed"",""source"":{""book"":""虽千万人，李敖往矣"",""chapter"":""002.2011年6月"",""path"":""《大李敖全集5.0》（wjm_tcy版）分章节/005.诗集语录类/005.虽千万人，李敖往矣/002.2011年6月.txt"",""line"":289},""crossReferences"":[""sui-qianwan-2011-05-17-starts-hello-li-ao-140-char-web-writing""],""dataFile"":""data/timeline-events-sui-qianwan-li-ao-wangyi.json""}"
"25285","2011","2011-07-08","2011年7月8日星期五","day","confirmed","李敖向柯俊雄询问曹操戏路","《2011年7月》记，李敖向柯俊雄请教曹操的戏剧表现问题，把历史人物、电影表演与自己文章中的用典连到一起。","李敖、柯俊雄","台湾","虽千万人，李敖往矣、柯俊雄、曹操、电影、用典","交游线、写作线、日常线","虽千万人，李敖往矣","","虽千万人，李敖往矣","003.2011年7月","23","《大李敖全集5.0》（wjm_tcy版）分章节/005.诗集语录类/005.虽千万人，李敖往矣/003.2011年7月.txt","","[]","data/timeline-events-sui-qianwan-li-ao-wangyi.json","sui-qianwan-2011-07-08-asks-ke-junxiong-about-cao-cao","{""id"":""sui-qianwan-2011-07-08-asks-ke-junxiong-about-cao-cao"",""date"":""2011-07-08"",""displayDate"":""2011年7月8日星期五"",""datePrecision"":""day"",""title"":""李敖向柯俊雄询问曹操戏路"",""summary"":""《2011年7月》记，李敖向柯俊雄请教曹操的戏剧表现问题，把历史人物、电影表演与自己文章中的用典连到一起。"",""view"":[""交游线"",""写作线"",""日常线""],""tags"":[""虽千万人，李敖往矣"",""柯俊雄"",""曹操"",""电影"",""用典""],""people"":[""李敖"",""柯俊雄""],""places"":[""台湾""],""works"":[""虽千万人，李敖往矣""],""certainty"":""confirmed"",""source"":{""book"":""虽千万人，李敖往矣"",""chapter"":""003.2011年7月"",""path"":""《大李敖全集5.0》（wjm_tcy版）分章节/005.诗集语录类/005.虽千万人，李敖往矣/003.2011年7月.txt"",""line"":23},""dataFile"":""data/timeline-events-sui-qianwan-li-ao-wangyi.json""}"
"25286","2011","2011-07-22","2011年7月22日星期五","day","inferred","李敖抵达香港准备书展演讲","《梦醒时分》附录《李敖香港旋风》写，李敖在香港书展演讲前一天下午步出香港机场，红夹克、红领带、大墨镜，口袋插着五枝笔；他与王志慧、李谌同行但刻意不同机，并拒绝独自走贵宾通道，陪朋友排队过海关。","李敖、王志慧、李谌、赖岳忠","香港、香港机场","我梦碎，所以我梦醒、香港书展、香港、王志慧、李谌、2011","生平线、演讲线、日常线","我梦碎，所以我梦醒","book8-2011-07-23-speaks-at-hong-kong-book-fair","我梦碎，所以我梦醒","061.梦醒时分","59","《大李敖全集5.0》（wjm_tcy版）分章节/003.惊世杂文类/011.我梦碎，所以我梦醒/061.梦醒时分.txt","我梦碎，所以我梦醒 / 061.梦醒时分 / line 61 / 说明：补充李敖安排家人不同机与排队过关细节。 / 《大李敖全集5.0》（wjm_tcy版）分章节/003.惊世杂文类/011.我梦碎，所以我梦醒/061.梦醒时分.txt","[{""book"":""我梦碎，所以我梦醒"",""chapter"":""061.梦醒时分"",""path"":""《大李敖全集5.0》（wjm_tcy版）分章节/003.惊世杂文类/011.我梦碎，所以我梦醒/061.梦醒时分.txt"",""line"":61,""note"":""补充李敖安排家人不同机与排队过关细节。""}]","data/timeline-events-dream-awake.json","dream-awake-2011-07-22-arrives-hong-kong-for-book-fair","{""id"":""dream-awake-2011-07-22-arrives-hong-kong-for-book-fair"",""date"":""2011-07-22"",""displayDate"":""2011年7月22日星期五"",""datePrecision"":""day"",""title"":""李敖抵达香港准备书展演讲"",""summary"":""《梦醒时分》附录《李敖香港旋风》写，李敖在香港书展演讲前一天下午步出香港机场，红夹克、红领带、大墨镜，口袋插着五枝笔；他与王志慧、李谌同行但刻意不同机，并拒绝独自走贵宾通道，陪朋友排队过海关。"",""view"":[""生平线"",""演讲线"",""日常线""],""tags"":[""我梦碎，所以我梦醒"",""香港书展"",""香港"",""王志慧"",""李谌"",""2011""],""people"":[""李敖"",""王志慧"",""李谌"",""赖岳忠""],""places"":[""香港"",""香港机场""],""works"":[""我梦碎，所以我梦醒""],""certainty"":""inferred"",""crossReferences"":[""book8-2011-07-23-speaks-at-hong-kong-book-fair""],""source"":{""book"":""我梦碎，所以我梦醒"",""chapter"":""061.梦醒时分"",""path"":""《大李敖全集5.0》（wjm_tcy版）分章节/003.惊世杂文类/011.我梦碎，所以我梦醒/061.梦醒时分.txt"",""line"":59},""additionalSources"":[{""book"":""我梦碎，所以我梦醒"",""chapter"":""061.梦醒时分"",""path"":""《大李敖全集5.0》（wjm_tcy版）分章节/003.惊世杂文类/011.我梦碎，所以我梦醒/061.梦醒时分.txt"",""line"":61,""note"":""补充李敖安排家人不同机与排队过关细节。""}],""dataFile"":""data/timeline-events-dream-awake.json""}"
"25287","2011","2011-07-23","2011年7月23日","day","confirmed","李敖在香港书展劝知识分子不要像屈原殷海光刘晓波那样把自己弄死","李敖说知识分子不应只会自我毁灭，马寅初活过毛泽东才是真本事，知识人要快乐、健康、活过敌人。","李敖、屈原、殷海光、刘晓波、马寅初、毛泽东","香港","李敖演讲集、演讲、香港书展、书展演讲、知识分子、屈原、殷海光、刘晓波、马寅初","演讲线、公共事件线","李敖演讲集、050.20110723李敖香港书展演讲","li-ao-yanjiangji-038-criticizes-pku-being-too-tame-with-ma-yinchu-example","李敖演讲集","050.20110723李敖香港书展演讲","105","《大李敖全集5.0》（wjm_tcy版）分章节/010.节目演讲类/011.李敖演讲集/050.20110723李敖香港书展演讲.txt","","[]","data/timeline-events-li-ao-yanjiangji.json","li-ao-yanjiangji-050-tells-intellectuals-to-live-past-enemies-instead-of-dying-like-qu-yuan-yin-haiguang-liu-xiaobo","{""id"":""li-ao-yanjiangji-050-tells-intellectuals-to-live-past-enemies-instead-of-dying-like-qu-yuan-yin-haiguang-liu-xiaobo"",""date"":""2011-07-23"",""displayDate"":""2011年7月23日"",""datePrecision"":""day"",""title"":""李敖在香港书展劝知识分子不要像屈原殷海光刘晓波那样把自己弄死"",""summary"":""李敖说知识分子不应只会自我毁灭，马寅初活过毛泽东才是真本事，知识人要快乐、健康、活过敌人。"",""view"":[""演讲线"",""公共事件线""],""tags"":[""李敖演讲集"",""演讲"",""香港书展"",""书展演讲"",""知识分子"",""屈原"",""殷海光"",""刘晓波"",""马寅初""],""people"":[""李敖"",""屈原"",""殷海光"",""刘晓波"",""马寅初"",""毛泽东""],""places"":[""香港""],""works"":[""李敖演讲集"",""050.20110723李敖香港书展演讲""],""certainty"":""confirmed"",""source"":{""book"":""李敖演讲集"",""chapter"":""050.20110723李敖香港书展演讲"",""path"":""《大李敖全集5.0》（wjm_tcy版）分章节/010.节目演讲类/011.李敖演讲集/050.20110723李敖香港书展演讲.txt"",""line"":105,""lines"":[105]},""crossReferences"":[""li-ao-yanjiangji-038-criticizes-pku-being-too-tame-with-ma-yinchu-example""],""dataFile"":""data/timeline-events-li-ao-yanjiangji.json""}"
"25288","2011","2011-07-23","2011年7月23日","day","confirmed","李敖在香港书展劝香港重回经济领先而不是沉迷政治民主","李敖说香港历史上并非政治城市，真正目标应是恢复经济领先，让国家因香港实力而重视它。","李敖","香港","李敖演讲集、演讲、香港书展、书展演讲、香港、经济领先、政治民主","演讲线、公共事件线","李敖演讲集、050.20110723李敖香港书展演讲","","李敖演讲集","050.20110723李敖香港书展演讲","79","《大李敖全集5.0》（wjm_tcy版）分章节/010.节目演讲类/011.李敖演讲集/050.20110723李敖香港书展演讲.txt","","[]","data/timeline-events-li-ao-yanjiangji.json","li-ao-yanjiangji-050-urges-hong-kong-to-regain-economic-lead-instead-of-chasing-political-democracy","{""id"":""li-ao-yanjiangji-050-urges-hong-kong-to-regain-economic-lead-instead-of-chasing-political-democracy"",""date"":""2011-07-23"",""displayDate"":""2011年7月23日"",""datePrecision"":""day"",""title"":""李敖在香港书展劝香港重回经济领先而不是沉迷政治民主"",""summary"":""李敖说香港历史上并非政治城市，真正目标应是恢复经济领先，让国家因香港实力而重视它。"",""view"":[""演讲线"",""公共事件线""],""tags"":[""李敖演讲集"",""演讲"",""香港书展"",""书展演讲"",""香港"",""经济领先"",""政治民主""],""people"":[""李敖""],""places"":[""香港""],""works"":[""李敖演讲集"",""050.20110723李敖香港书展演讲""],""certainty"":""confirmed"",""source"":{""book"":""李敖演讲集"",""chapter"":""050.20110723李敖香港书展演讲"",""path"":""《大李敖全集5.0》（wjm_tcy版）分章节/010.节目演讲类/011.李敖演讲集/050.20110723李敖香港书展演讲.txt"",""line"":79,""lines"":[79]},""crossReferences"":[],""dataFile"":""data/timeline-events-li-ao-yanjiangji.json""}"
"25289","2011","2011-07-23","2011年7月23日","day","confirmed","李敖在香港书展劝读者别在书展买太多坏书而要用好脑筋","李敖说书展让人容易买太多书，但出版速度早已超过消化能力，多数书都不好，真正要紧的是选择和好脑筋。","李敖、霍金","香港","李敖演讲集、演讲、香港书展、书展演讲、读书方法、霍金、好脑筋","演讲线、公共事件线","李敖演讲集、050.20110723李敖香港书展演讲","","李敖演讲集","050.20110723李敖香港书展演讲","91","《大李敖全集5.0》（wjm_tcy版）分章节/010.节目演讲类/011.李敖演讲集/050.20110723李敖香港书展演讲.txt","","[]","data/timeline-events-li-ao-yanjiangji.json","li-ao-yanjiangji-050-teaches-book-fair-audience-to-buy-fewer-bad-books-and-use-good-brain","{""id"":""li-ao-yanjiangji-050-teaches-book-fair-audience-to-buy-fewer-bad-books-and-use-good-brain"",""date"":""2011-07-23"",""displayDate"":""2011年7月23日"",""datePrecision"":""day"",""title"":""李敖在香港书展劝读者别在书展买太多坏书而要用好脑筋"",""summary"":""李敖说书展让人容易买太多书，但出版速度早已超过消化能力，多数书都不好，真正要紧的是选择和好脑筋。"",""view"":[""演讲线"",""公共事件线""],""tags"":[""李敖演讲集"",""演讲"",""香港书展"",""书展演讲"",""读书方法"",""霍金"",""好脑筋""],""people"":[""李敖"",""霍金""],""places"":[""香港""],""works"":[""李敖演讲集"",""050.20110723李敖香港书展演讲""],""certainty"":""confirmed"",""source"":{""book"":""李敖演讲集"",""chapter"":""050.20110723李敖香港书展演讲"",""path"":""《大李敖全集5.0》（wjm_tcy版）分章节/010.节目演讲类/011.李敖演讲集/050.20110723李敖香港书展演讲.txt"",""line"":91,""lines"":[91]},""crossReferences"":[],""dataFile"":""data/timeline-events-li-ao-yanjiangji.json""}"
"25290","2011","2011-07-23","2011年7月23日","day","confirmed","李敖在香港书展开场感谢亚洲周刊、邱立本和马家辉安排","李敖在香港书展演讲开场感谢亚洲周刊、邱立本、马家辉等人，并先纠正主持人关于猛龙过江的说法。","李敖、邱立本、马家辉","香港","李敖演讲集、演讲、香港书展、书展演讲、亚洲周刊、马家辉","演讲线、公共事件线","李敖演讲集、050.20110723李敖香港书展演讲","","李敖演讲集","050.20110723李敖香港书展演讲","33","《大李敖全集5.0》（wjm_tcy版）分章节/010.节目演讲类/011.李敖演讲集/050.20110723李敖香港书展演讲.txt","","[]","data/timeline-events-li-ao-yanjiangji.json","li-ao-yanjiangji-050-opens-hong-kong-book-fair-by-thanking-asian-weekly-and-ma-jiahui","{""id"":""li-ao-yanjiangji-050-opens-hong-kong-book-fair-by-thanking-asian-weekly-and-ma-jiahui"",""date"":""2011-07-23"",""displayDate"":""2011年7月23日"",""datePrecision"":""day"",""title"":""李敖在香港书展开场感谢亚洲周刊、邱立本和马家辉安排"",""summary"":""李敖在香港书展演讲开场感谢亚洲周刊、邱立本、马家辉等人，并先纠正主持人关于猛龙过江的说法。"",""view"":[""演讲线"",""公共事件线""],""tags"":[""李敖演讲集"",""演讲"",""香港书展"",""书展演讲"",""亚洲周刊"",""马家辉""],""people"":[""李敖"",""邱立本"",""马家辉""],""places"":[""香港""],""works"":[""李敖演讲集"",""050.20110723李敖香港书展演讲""],""certainty"":""confirmed"",""source"":{""book"":""李敖演讲集"",""chapter"":""050.20110723李敖香港书展演讲"",""path"":""《大李敖全集5.0》（wjm_tcy版）分章节/010.节目演讲类/011.李敖演讲集/050.20110723李敖香港书展演讲.txt"",""line"":33,""lines"":[33]},""crossReferences"":[],""dataFile"":""data/timeline-events-li-ao-yanjiangji.json""}"
"25291","2011","2011-07-23","2011年7月23日","day","confirmed","李敖在香港书展以阎锡山共产主义给圣人说重申美国美元伤害","李敖引用阎锡山说共产主义是给圣人用的，又把各尽所能各取所需与美元、量化宽松的现实伤害相对照。","李敖、阎锡山","香港、美国、中国大陆","李敖演讲集、演讲、香港书展、书展演讲、阎锡山、共产主义、美元、量化宽松","演讲线、公共事件线","李敖演讲集、050.20110723李敖香港书展演讲","","李敖演讲集","050.20110723李敖香港书展演讲","121","《大李敖全集5.0》（wjm_tcy版）分章节/010.节目演讲类/011.李敖演讲集/050.20110723李敖香港书展演讲.txt","","[]","data/timeline-events-li-ao-yanjiangji.json","li-ao-yanjiangji-050-repeats-yan-xishan-communism-for-saints-and-us-dollar-harm","{""id"":""li-ao-yanjiangji-050-repeats-yan-xishan-communism-for-saints-and-us-dollar-harm"",""date"":""2011-07-23"",""displayDate"":""2011年7月23日"",""datePrecision"":""day"",""title"":""李敖在香港书展以阎锡山共产主义给圣人说重申美国美元伤害"",""summary"":""李敖引用阎锡山说共产主义是给圣人用的，又把各尽所能各取所需与美元、量化宽松的现实伤害相对照。"",""view"":[""演讲线"",""公共事件线""],""tags"":[""李敖演讲集"",""演讲"",""香港书展"",""书展演讲"",""阎锡山"",""共产主义"",""美元"",""量化宽松""],""people"":[""李敖"",""阎锡山""],""places"":[""香港"",""美国"",""中国大陆""],""works"":[""李敖演讲集"",""050.20110723李敖香港书展演讲""],""certainty"":""confirmed"",""source"":{""book"":""李敖演讲集"",""chapter"":""050.20110723李敖香港书展演讲"",""path"":""《大李敖全集5.0》（wjm_tcy版）分章节/010.节目演讲类/011.李敖演讲集/050.20110723李敖香港书展演讲.txt"",""line"":121,""lines"":[121]},""crossReferences"":[],""dataFile"":""data/timeline-events-li-ao-yanjiangji.json""}"
"25292","2011","2011-07-23","2011年7月23日","day","confirmed","李敖在香港书展用毛泽东词、柳直荀和王实味谈自己人杀自己人","李敖从毛泽东词中的杨柳转到柳直荀、王实味和倒霉鬼比例，说明革命阵营也常杀害自己人。","李敖、毛泽东、柳直荀、王实味","香港","李敖演讲集、演讲、香港书展、书展演讲、毛泽东、柳直荀、王实味、革命","演讲线、公共事件线","李敖演讲集、050.20110723李敖香港书展演讲","li-ao-youhua-shuo-644-shows-dictionary-entry-on-liu-zhixun-wrongful-killing、li-ao-yumiao-tianxia-062-shows-liu-zhixun-photo-and-own-side-killing","李敖演讲集","050.20110723李敖香港书展演讲","135","《大李敖全集5.0》（wjm_tcy版）分章节/010.节目演讲类/011.李敖演讲集/050.20110723李敖香港书展演讲.txt","","[]","data/timeline-events-li-ao-yanjiangji.json","li-ao-yanjiangji-050-uses-mao-poem-liu-zhixun-and-wang-shiwei-to-discuss-own-side-killings","{""id"":""li-ao-yanjiangji-050-uses-mao-poem-liu-zhixun-and-wang-shiwei-to-discuss-own-side-killings"",""date"":""2011-07-23"",""displayDate"":""2011年7月23日"",""datePrecision"":""day"",""title"":""李敖在香港书展用毛泽东词、柳直荀和王实味谈自己人杀自己人"",""summary"":""李敖从毛泽东词中的杨柳转到柳直荀、王实味和倒霉鬼比例，说明革命阵营也常杀害自己人。"",""view"":[""演讲线"",""公共事件线""],""tags"":[""李敖演讲集"",""演讲"",""香港书展"",""书展演讲"",""毛泽东"",""柳直荀"",""王实味"",""革命""],""people"":[""李敖"",""毛泽东"",""柳直荀"",""王实味""],""places"":[""香港""],""works"":[""李敖演讲集"",""050.20110723李敖香港书展演讲""],""certainty"":""confirmed"",""source"":{""book"":""李敖演讲集"",""chapter"":""050.20110723李敖香港书展演讲"",""path"":""《大李敖全集5.0》（wjm_tcy版）分章节/010.节目演讲类/011.李敖演讲集/050.20110723李敖香港书展演讲.txt"",""line"":135,""lines"":[135]},""crossReferences"":[""li-ao-youhua-shuo-644-shows-dictionary-entry-on-liu-zhixun-wrongful-killing"",""li-ao-yumiao-tianxia-062-shows-liu-zhixun-photo-and-own-side-killing""],""dataFile"":""data/timeline-events-li-ao-yanjiangji.json""}"
"25293","2011","2011-07-23","2011年7月23日","day","confirmed","李敖在香港书展用希腊一比十八和中国十八比一说明民主不是第一选择","李敖把古希腊少数公民民主和中国共产党党内人数比例相对照，说民主不应被当作任何情境下的第一选项。","李敖","香港、希腊、中国大陆","李敖演讲集、演讲、香港书展、书展演讲、民主、希腊、中国共产党","演讲线、公共事件线","李敖演讲集、050.20110723李敖香港书展演讲","","李敖演讲集","050.20110723李敖香港书展演讲","75","《大李敖全集5.0》（wjm_tcy版）分章节/010.节目演讲类/011.李敖演讲集/050.20110723李敖香港书展演讲.txt","","[]","data/timeline-events-li-ao-yanjiangji.json","li-ao-yanjiangji-050-says-democracy-is-not-first-option-through-greek-and-prc-party-ratios","{""id"":""li-ao-yanjiangji-050-says-democracy-is-not-first-option-through-greek-and-prc-party-ratios"",""date"":""2011-07-23"",""displayDate"":""2011年7月23日"",""datePrecision"":""day"",""title"":""李敖在香港书展用希腊一比十八和中国十八比一说明民主不是第一选择"",""summary"":""李敖把古希腊少数公民民主和中国共产党党内人数比例相对照，说民主不应被当作任何情境下的第一选项。"",""view"":[""演讲线"",""公共事件线""],""tags"":[""李敖演讲集"",""演讲"",""香港书展"",""书展演讲"",""民主"",""希腊"",""中国共产党""],""people"":[""李敖""],""places"":[""香港"",""希腊"",""中国大陆""],""works"":[""李敖演讲集"",""050.20110723李敖香港书展演讲""],""certainty"":""confirmed"",""source"":{""book"":""李敖演讲集"",""chapter"":""050.20110723李敖香港书展演讲"",""path"":""《大李敖全集5.0》（wjm_tcy版）分章节/010.节目演讲类/011.李敖演讲集/050.20110723李敖香港书展演讲.txt"",""line"":75,""lines"":[75]},""crossReferences"":[],""dataFile"":""data/timeline-events-li-ao-yanjiangji.json""}"
"25294","2011","2011-07-23","2011年7月23日","day","confirmed","李敖在香港书展用杨衢云和南京条约重读香港历史","李敖讲杨衢云曾是合众国第一任大总统，又从《南京条约》割让香港谈起，提出若清朝更早把中国整体托给英国也许历史不同。","李敖、杨衢云","香港、英国、中国","李敖演讲集、演讲、香港书展、书展演讲、杨衢云、南京条约、香港史","演讲线、公共事件线","李敖演讲集、050.20110723李敖香港书展演讲、南京条约","li-ao-youhua-shuo-616-shows-yang-quyun-photo-and-john-the-baptist-analogy、ni-bendan-2009-goes-to-palace-museum-vault-and-photographs-with-treaty-of-nanking、xiaoao-liushinian-006-views-treaty-of-nanking-in-palace-museum","李敖演讲集","050.20110723李敖香港书展演讲","111","《大李敖全集5.0》（wjm_tcy版）分章节/010.节目演讲类/011.李敖演讲集/050.20110723李敖香港书展演讲.txt","","[]","data/timeline-events-li-ao-yanjiangji.json","li-ao-yanjiangji-050-uses-yang-quyun-and-treaty-of-nanking-to-reread-hong-kong-history","{""id"":""li-ao-yanjiangji-050-uses-yang-quyun-and-treaty-of-nanking-to-reread-hong-kong-history"",""date"":""2011-07-23"",""displayDate"":""2011年7月23日"",""datePrecision"":""day"",""title"":""李敖在香港书展用杨衢云和南京条约重读香港历史"",""summary"":""李敖讲杨衢云曾是合众国第一任大总统，又从《南京条约》割让香港谈起，提出若清朝更早把中国整体托给英国也许历史不同。"",""view"":[""演讲线"",""公共事件线""],""tags"":[""李敖演讲集"",""演讲"",""香港书展"",""书展演讲"",""杨衢云"",""南京条约"",""香港史""],""people"":[""李敖"",""杨衢云""],""places"":[""香港"",""英国"",""中国""],""works"":[""李敖演讲集"",""050.20110723李敖香港书展演讲"",""南京条约""],""certainty"":""confirmed"",""source"":{""book"":""李敖演讲集"",""chapter"":""050.20110723李敖香港书展演讲"",""path"":""《大李敖全集5.0》（wjm_tcy版）分章节/010.节目演讲类/011.李敖演讲集/050.20110723李敖香港书展演讲.txt"",""line"":111,""lines"":[111]},""crossReferences"":[""li-ao-youhua-shuo-616-shows-yang-quyun-photo-and-john-the-baptist-analogy"",""ni-bendan-2009-goes-to-palace-museum-vault-and-photographs-with-treaty-of-nanking"",""xiaoao-liushinian-006-views-treaty-of-nanking-in-palace-museum""],""dataFile"":""data/timeline-events-li-ao-yanjiangji.json""}"
"25295","2011","2011-07-23","2011年7月23日","day","confirmed","李敖在香港书展用美国第三党和台湾总统门槛说明台湾民主造假","李敖说美国第三党即使票少也能发光，台湾却用二十五万联署和一千六百万元保证金挡人，显示民主制度被做成假的。","李敖","香港、台湾、美国","李敖演讲集、演讲、香港书展、书展演讲、台湾民主、总统选举、第三党、联署门槛","演讲线、公共事件线","李敖演讲集、050.20110723李敖香港书展演讲","","李敖演讲集","050.20110723李敖香港书展演讲","81","《大李敖全集5.0》（wjm_tcy版）分章节/010.节目演讲类/011.李敖演讲集/050.20110723李敖香港书展演讲.txt","","[]","data/timeline-events-li-ao-yanjiangji.json","li-ao-yanjiangji-050-compares-us-third-parties-with-taiwan-presidential-thresholds","{""id"":""li-ao-yanjiangji-050-compares-us-third-parties-with-taiwan-presidential-thresholds"",""date"":""2011-07-23"",""displayDate"":""2011年7月23日"",""datePrecision"":""day"",""title"":""李敖在香港书展用美国第三党和台湾总统门槛说明台湾民主造假"",""summary"":""李敖说美国第三党即使票少也能发光，台湾却用二十五万联署和一千六百万元保证金挡人，显示民主制度被做成假的。"",""view"":[""演讲线"",""公共事件线""],""tags"":[""李敖演讲集"",""演讲"",""香港书展"",""书展演讲"",""台湾民主"",""总统选举"",""第三党"",""联署门槛""],""people"":[""李敖""],""places"":[""香港"",""台湾"",""美国""],""works"":[""李敖演讲集"",""050.20110723李敖香港书展演讲""],""certainty"":""confirmed"",""source"":{""book"":""李敖演讲集"",""chapter"":""050.20110723李敖香港书展演讲"",""path"":""《大李敖全集5.0》（wjm_tcy版）分章节/010.节目演讲类/011.李敖演讲集/050.20110723李敖香港书展演讲.txt"",""line"":81,""lines"":[81]},""crossReferences"":[],""dataFile"":""data/timeline-events-li-ao-yanjiangji.json""}"
"25296","2011","2011-07-23","2011年7月23日","day","confirmed","李敖在香港书展回忆邓小平对撒切尔说空城也要收回香港","李敖说邓小平面对撒切尔时表明即使得到一座空城也要收回香港，以说明国家主权判断和经济繁荣不是同一层问题。","李敖、邓小平、撒切尔","香港、英国、中国大陆","李敖演讲集、演讲、香港书展、书展演讲、邓小平、撒切尔、香港回归、主权","演讲线、公共事件线","李敖演讲集、050.20110723李敖香港书展演讲","","李敖演讲集","050.20110723李敖香港书展演讲","67","《大李敖全集5.0》（wjm_tcy版）分章节/010.节目演讲类/011.李敖演讲集/050.20110723李敖香港书展演讲.txt","","[]","data/timeline-events-li-ao-yanjiangji.json","li-ao-yanjiangji-050-recalls-deng-telling-thatcher-empty-city-would-also-return-hong-kong","{""id"":""li-ao-yanjiangji-050-recalls-deng-telling-thatcher-empty-city-would-also-return-hong-kong"",""date"":""2011-07-23"",""displayDate"":""2011年7月23日"",""datePrecision"":""day"",""title"":""李敖在香港书展回忆邓小平对撒切尔说空城也要收回香港"",""summary"":""李敖说邓小平面对撒切尔时表明即使得到一座空城也要收回香港，以说明国家主权判断和经济繁荣不是同一层问题。"",""view"":[""演讲线"",""公共事件线""],""tags"":[""李敖演讲集"",""演讲"",""香港书展"",""书展演讲"",""邓小平"",""撒切尔"",""香港回归"",""主权""],""people"":[""李敖"",""邓小平"",""撒切尔""],""places"":[""香港"",""英国"",""中国大陆""],""works"":[""李敖演讲集"",""050.20110723李敖香港书展演讲""],""certainty"":""confirmed"",""source"":{""book"":""李敖演讲集"",""chapter"":""050.20110723李敖香港书展演讲"",""path"":""《大李敖全集5.0》（wjm_tcy版）分章节/010.节目演讲类/011.李敖演讲集/050.20110723李敖香港书展演讲.txt"",""line"":67,""lines"":[67]},""crossReferences"":[],""dataFile"":""data/timeline-events-li-ao-yanjiangji.json""}"
"25297","2011","2011-07-23","2011年7月23日","day","confirmed","李敖在香港书展收到康有为老师朱九江后人提供的照片","李敖谈到康有为老师朱九江，现场有后人提供照片，使他在书展问答中得到新的历史材料。","李敖、朱九江、康有为","香港","李敖演讲集、演讲、香港书展、书展演讲、朱九江、康有为、历史材料","演讲线、公共事件线","李敖演讲集、050.20110723李敖香港书展演讲","","李敖演讲集","050.20110723李敖香港书展演讲","185","《大李敖全集5.0》（wjm_tcy版）分章节/010.节目演讲类/011.李敖演讲集/050.20110723李敖香港书展演讲.txt","","[]","data/timeline-events-li-ao-yanjiangji.json","li-ao-yanjiangji-050-receives-zhu-jiujiang-photo-from-descendant-at-book-fair","{""id"":""li-ao-yanjiangji-050-receives-zhu-jiujiang-photo-from-descendant-at-book-fair"",""date"":""2011-07-23"",""displayDate"":""2011年7月23日"",""datePrecision"":""day"",""title"":""李敖在香港书展收到康有为老师朱九江后人提供的照片"",""summary"":""李敖谈到康有为老师朱九江，现场有后人提供照片，使他在书展问答中得到新的历史材料。"",""view"":[""演讲线"",""公共事件线""],""tags"":[""李敖演讲集"",""演讲"",""香港书展"",""书展演讲"",""朱九江"",""康有为"",""历史材料""],""people"":[""李敖"",""朱九江"",""康有为""],""places"":[""香港""],""works"":[""李敖演讲集"",""050.20110723李敖香港书展演讲""],""certainty"":""confirmed"",""source"":{""book"":""李敖演讲集"",""chapter"":""050.20110723李敖香港书展演讲"",""path"":""《大李敖全集5.0》（wjm_tcy版）分章节/010.节目演讲类/011.李敖演讲集/050.20110723李敖香港书展演讲.txt"",""line"":185,""lines"":[185]},""crossReferences"":[],""dataFile"":""data/timeline-events-li-ao-yanjiangji.json""}"
"25298","2011","2011-07-23","2011年7月23日","day","confirmed","李敖在香港书展问答中说理想两岸关系是根本没有台湾问题","李敖回答中国与台湾理想关系时说，根本没有台湾问题，因为台湾就是中国的一部分。","李敖","香港、台湾、中国大陆","李敖演讲集、演讲、香港书展、书展演讲、两岸关系、台湾问题、中国认同","演讲线、公共事件线","李敖演讲集、050.20110723李敖香港书展演讲","","李敖演讲集","050.20110723李敖香港书展演讲","179","《大李敖全集5.0》（wjm_tcy版）分章节/010.节目演讲类/011.李敖演讲集/050.20110723李敖香港书展演讲.txt","","[]","data/timeline-events-li-ao-yanjiangji.json","li-ao-yanjiangji-050-says-ideal-china-taiwan-relation-has-no-taiwan-problem","{""id"":""li-ao-yanjiangji-050-says-ideal-china-taiwan-relation-has-no-taiwan-problem"",""date"":""2011-07-23"",""displayDate"":""2011年7月23日"",""datePrecision"":""day"",""title"":""李敖在香港书展问答中说理想两岸关系是根本没有台湾问题"",""summary"":""李敖回答中国与台湾理想关系时说，根本没有台湾问题，因为台湾就是中国的一部分。"",""view"":[""演讲线"",""公共事件线""],""tags"":[""李敖演讲集"",""演讲"",""香港书展"",""书展演讲"",""两岸关系"",""台湾问题"",""中国认同""],""people"":[""李敖""],""places"":[""香港"",""台湾"",""中国大陆""],""works"":[""李敖演讲集"",""050.20110723李敖香港书展演讲""],""certainty"":""confirmed"",""source"":{""book"":""李敖演讲集"",""chapter"":""050.20110723李敖香港书展演讲"",""path"":""《大李敖全集5.0》（wjm_tcy版）分章节/010.节目演讲类/011.李敖演讲集/050.20110723李敖香港书展演讲.txt"",""line"":179,""lines"":[179]},""crossReferences"":[],""dataFile"":""data/timeline-events-li-ao-yanjiangji.json""}"
"25299","2011","2011-07-23","2011年7月23日","day","confirmed","李敖在香港书展问答中称陈方安生太英国应更聪明地爱国爱港","李敖答香港特首问题时说陈方安生有可欣赏处，但太英国化，应更聪明地同时爱国与爱香港，别让马英九式做法伤害香港。","李敖、陈方安生、马英九","香港、台湾","李敖演讲集、演讲、香港书展、书展演讲、陈方安生、香港特首、马英九、爱国爱港","演讲线、公共事件线","李敖演讲集、050.20110723李敖香港书展演讲","","李敖演讲集","050.20110723李敖香港书展演讲","153","《大李敖全集5.0》（wjm_tcy版）分章节/010.节目演讲类/011.李敖演讲集/050.20110723李敖香港书展演讲.txt","","[]","data/timeline-events-li-ao-yanjiangji.json","li-ao-yanjiangji-050-says-anson-chan-is-too-british-and-should-love-country-and-hong-kong-smarter","{""id"":""li-ao-yanjiangji-050-says-anson-chan-is-too-british-and-should-love-country-and-hong-kong-smarter"",""date"":""2011-07-23"",""displayDate"":""2011年7月23日"",""datePrecision"":""day"",""title"":""李敖在香港书展问答中称陈方安生太英国应更聪明地爱国爱港"",""summary"":""李敖答香港特首问题时说陈方安生有可欣赏处，但太英国化，应更聪明地同时爱国与爱香港，别让马英九式做法伤害香港。"",""view"":[""演讲线"",""公共事件线""],""tags"":[""李敖演讲集"",""演讲"",""香港书展"",""书展演讲"",""陈方安生"",""香港特首"",""马英九"",""爱国爱港""],""people"":[""李敖"",""陈方安生"",""马英九""],""places"":[""香港"",""台湾""],""works"":[""李敖演讲集"",""050.20110723李敖香港书展演讲""],""certainty"":""confirmed"",""source"":{""book"":""李敖演讲集"",""chapter"":""050.20110723李敖香港书展演讲"",""path"":""《大李敖全集5.0》（wjm_tcy版）分章节/010.节目演讲类/011.李敖演讲集/050.20110723李敖香港书展演讲.txt"",""line"":153,""lines"":[153]},""crossReferences"":[],""dataFile"":""data/timeline-events-li-ao-yanjiangji.json""}"
"25300","2011","2011-07-23","2011年7月23日","day","confirmed","李敖在香港书展把胡温改革比作捧卵过河并说阳痿美国改名审判美国","李敖用摸着卵子过河形容胡温体制的小心，又说《阳痿美国》被挡后改名《审判美国》，他七个月写三本新书仍在进步。","李敖、胡锦涛、温家宝","香港","李敖演讲集、演讲、香港书展、书展演讲、胡锦涛、温家宝、阳痿美国、审判美国、写作","演讲线、公共事件线","李敖演讲集、050.20110723李敖香港书展演讲、阳痿美国、审判美国","sui-qianwan-2011-05-17-xiaoe-calls-about-mainland-publication-blockage","李敖演讲集","050.20110723李敖香港书展演讲","129","《大李敖全集5.0》（wjm_tcy版）分章节/010.节目演讲类/011.李敖演讲集/050.20110723李敖香港书展演讲.txt","","[]","data/timeline-events-li-ao-yanjiangji.json","li-ao-yanjiangji-050-says-hu-wen-cross-river-with-testicles-and-impotent-america-renamed-trial-america","{""id"":""li-ao-yanjiangji-050-says-hu-wen-cross-river-with-testicles-and-impotent-america-renamed-trial-america"",""date"":""2011-07-23"",""displayDate"":""2011年7月23日"",""datePrecision"":""day"",""title"":""李敖在香港书展把胡温改革比作捧卵过河并说阳痿美国改名审判美国"",""summary"":""李敖用摸着卵子过河形容胡温体制的小心，又说《阳痿美国》被挡后改名《审判美国》，他七个月写三本新书仍在进步。"",""view"":[""演讲线"",""公共事件线""],""tags"":[""李敖演讲集"",""演讲"",""香港书展"",""书展演讲"",""胡锦涛"",""温家宝"",""阳痿美国"",""审判美国"",""写作""],""people"":[""李敖"",""胡锦涛"",""温家宝""],""places"":[""香港""],""works"":[""李敖演讲集"",""050.20110723李敖香港书展演讲"",""阳痿美国"",""审判美国""],""certainty"":""confirmed"",""source"":{""book"":""李敖演讲集"",""chapter"":""050.20110723李敖香港书展演讲"",""path"":""《大李敖全集5.0》（wjm_tcy版）分章节/010.节目演讲类/011.李敖演讲集/050.20110723李敖香港书展演讲.txt"",""line"":129,""lines"":[129]},""crossReferences"":[""sui-qianwan-2011-05-17-xiaoe-calls-about-mainland-publication-blockage""],""dataFile"":""data/timeline-events-li-ao-yanjiangji.json""}"
"25301","2011","2011-07-23","2011年7月23日","day","confirmed","李敖在香港书展说两党制不等于民主且看贪腐要有比例感","李敖用美国伊拉克战争和新加坡一党经验说明两党不必然民主、一党不必然坏，又说评价大陆贪腐要看 GDP 比例和大方向。","李敖","香港、美国、新加坡、中国大陆","李敖演讲集、演讲、香港书展、书展演讲、民主、两党制、新加坡、贪腐、比例感","演讲线、公共事件线","李敖演讲集、050.20110723李敖香港书展演讲","","李敖演讲集","050.20110723李敖香港书展演讲","47","《大李敖全集5.0》（wjm_tcy版）分章节/010.节目演讲类/011.李敖演讲集/050.20110723李敖香港书展演讲.txt","","[]","data/timeline-events-li-ao-yanjiangji.json","li-ao-yanjiangji-050-says-two-party-politics-is-not-proof-of-democracy-and-corruption-needs-proportion","{""id"":""li-ao-yanjiangji-050-says-two-party-politics-is-not-proof-of-democracy-and-corruption-needs-proportion"",""date"":""2011-07-23"",""displayDate"":""2011年7月23日"",""datePrecision"":""day"",""title"":""李敖在香港书展说两党制不等于民主且看贪腐要有比例感"",""summary"":""李敖用美国伊拉克战争和新加坡一党经验说明两党不必然民主、一党不必然坏，又说评价大陆贪腐要看 GDP 比例和大方向。"",""view"":[""演讲线"",""公共事件线""],""tags"":[""李敖演讲集"",""演讲"",""香港书展"",""书展演讲"",""民主"",""两党制"",""新加坡"",""贪腐"",""比例感""],""people"":[""李敖""],""places"":[""香港"",""美国"",""新加坡"",""中国大陆""],""works"":[""李敖演讲集"",""050.20110723李敖香港书展演讲""],""certainty"":""confirmed"",""source"":{""book"":""李敖演讲集"",""chapter"":""050.20110723李敖香港书展演讲"",""path"":""《大李敖全集5.0》（wjm_tcy版）分章节/010.节目演讲类/011.李敖演讲集/050.20110723李敖香港书展演讲.txt"",""line"":47,""lines"":[47]},""crossReferences"":[],""dataFile"":""data/timeline-events-li-ao-yanjiangji.json""}"
"25302","2011","2011-07-23","2011年7月23日","day","confirmed","李敖在香港书展说胡锦涛四十年民主说以前宪法早已承诺民主","李敖说胡锦涛称四十年后中国会富强民主，但中华人民共和国宪法六十年前已经写下民主承诺，关键是落实。","李敖、胡锦涛","香港","李敖演讲集、演讲、香港书展、书展演讲、胡锦涛、中华人民共和国宪法、民主","演讲线、公共事件线","李敖演讲集、050.20110723李敖香港书展演讲、中华人民共和国宪法","","李敖演讲集","050.20110723李敖香港书展演讲","87","《大李敖全集5.0》（wjm_tcy版）分章节/010.节目演讲类/011.李敖演讲集/050.20110723李敖香港书展演讲.txt","","[]","data/timeline-events-li-ao-yanjiangji.json","li-ao-yanjiangji-050-says-prc-constitution-promised-democracy-sixty-years-ago-before-hu-jintao-forty-year-line","{""id"":""li-ao-yanjiangji-050-says-prc-constitution-promised-democracy-sixty-years-ago-before-hu-jintao-forty-year-line"",""date"":""2011-07-23"",""displayDate"":""2011年7月23日"",""datePrecision"":""day"",""title"":""李敖在香港书展说胡锦涛四十年民主说以前宪法早已承诺民主"",""summary"":""李敖说胡锦涛称四十年后中国会富强民主，但中华人民共和国宪法六十年前已经写下民主承诺，关键是落实。"",""view"":[""演讲线"",""公共事件线""],""tags"":[""李敖演讲集"",""演讲"",""香港书展"",""书展演讲"",""胡锦涛"",""中华人民共和国宪法"",""民主""],""people"":[""李敖"",""胡锦涛""],""places"":[""香港""],""works"":[""李敖演讲集"",""050.20110723李敖香港书展演讲"",""中华人民共和国宪法""],""certainty"":""confirmed"",""source"":{""book"":""李敖演讲集"",""chapter"":""050.20110723李敖香港书展演讲"",""path"":""《大李敖全集5.0》（wjm_tcy版）分章节/010.节目演讲类/011.李敖演讲集/050.20110723李敖香港书展演讲.txt"",""line"":87,""lines"":[87]},""crossReferences"":[],""dataFile"":""data/timeline-events-li-ao-yanjiangji.json""}"
"25303","2011","2011-07-23","2011年7月23日","day","confirmed","李敖在香港书展说英国给香港法治自由但没有给民主","李敖说英国殖民时代给香港留下法治和自由，却没有给民主；香港一接触民主就立刻面对共产党，造成现实张力。","李敖","香港、英国","李敖演讲集、演讲、香港书展、书展演讲、香港、英国殖民、法治、民主","演讲线、公共事件线","李敖演讲集、050.20110723李敖香港书展演讲","","李敖演讲集","050.20110723李敖香港书展演讲","71","《大李敖全集5.0》（wjm_tcy版）分章节/010.节目演讲类/011.李敖演讲集/050.20110723李敖香港书展演讲.txt","","[]","data/timeline-events-li-ao-yanjiangji.json","li-ao-yanjiangji-050-says-britain-gave-hong-kong-law-and-freedom-but-not-democracy","{""id"":""li-ao-yanjiangji-050-says-britain-gave-hong-kong-law-and-freedom-but-not-democracy"",""date"":""2011-07-23"",""displayDate"":""2011年7月23日"",""datePrecision"":""day"",""title"":""李敖在香港书展说英国给香港法治自由但没有给民主"",""summary"":""李敖说英国殖民时代给香港留下法治和自由，却没有给民主；香港一接触民主就立刻面对共产党，造成现实张力。"",""view"":[""演讲线"",""公共事件线""],""tags"":[""李敖演讲集"",""演讲"",""香港书展"",""书展演讲"",""香港"",""英国殖民"",""法治"",""民主""],""people"":[""李敖""],""places"":[""香港"",""英国""],""works"":[""李敖演讲集"",""050.20110723李敖香港书展演讲""],""certainty"":""confirmed"",""source"":{""book"":""李敖演讲集"",""chapter"":""050.20110723李敖香港书展演讲"",""path"":""《大李敖全集5.0》（wjm_tcy版）分章节/010.节目演讲类/011.李敖演讲集/050.20110723李敖香港书展演讲.txt"",""line"":71,""lines"":[71]},""crossReferences"":[],""dataFile"":""data/timeline-events-li-ao-yanjiangji.json""}"
"25304","2011","2011-07-23","2011年7月23日","day","confirmed","李敖在香港书展说香港相对最幸福且应做中国知识分子的支点","李敖说香港相对最幸福，不应和北京正面对抗，而要用哄、推、掐、挠、拥抱等方式改进共产党，成为中国知识分子的支点。","李敖","香港、北京、中国大陆","李敖演讲集、演讲、香港书展、书展演讲、香港、知识分子、中国共产党、政治技巧","演讲线、公共事件线","李敖演讲集、050.20110723李敖香港书展演讲","","李敖演讲集","050.20110723李敖香港书展演讲","139","《大李敖全集5.0》（wjm_tcy版）分章节/010.节目演讲类/011.李敖演讲集/050.20110723李敖香港书展演讲.txt","","[]","data/timeline-events-li-ao-yanjiangji.json","li-ao-yanjiangji-050-calls-hong-kong-relatively-happiest-and-fulcrum-for-chinese-intellectuals","{""id"":""li-ao-yanjiangji-050-calls-hong-kong-relatively-happiest-and-fulcrum-for-chinese-intellectuals"",""date"":""2011-07-23"",""displayDate"":""2011年7月23日"",""datePrecision"":""day"",""title"":""李敖在香港书展说香港相对最幸福且应做中国知识分子的支点"",""summary"":""李敖说香港相对最幸福，不应和北京正面对抗，而要用哄、推、掐、挠、拥抱等方式改进共产党，成为中国知识分子的支点。"",""view"":[""演讲线"",""公共事件线""],""tags"":[""李敖演讲集"",""演讲"",""香港书展"",""书展演讲"",""香港"",""知识分子"",""中国共产党"",""政治技巧""],""people"":[""李敖""],""places"":[""香港"",""北京"",""中国大陆""],""works"":[""李敖演讲集"",""050.20110723李敖香港书展演讲""],""certainty"":""confirmed"",""source"":{""book"":""李敖演讲集"",""chapter"":""050.20110723李敖香港书展演讲"",""path"":""《大李敖全集5.0》（wjm_tcy版）分章节/010.节目演讲类/011.李敖演讲集/050.20110723李敖香港书展演讲.txt"",""line"":139,""lines"":[139]},""crossReferences"":[],""dataFile"":""data/timeline-events-li-ao-yanjiangji.json""}"
"25305","2011","2011-07-23","2011年7月23日","day","confirmed","李敖在香港书展说选择写作是因为它比拳击更耐久","李敖回答为何写作时说，拳王阿里三十一岁就停下，而他七十六岁仍能写，写作是更耐久的自我实现方式。","李敖、阿里","香港","李敖演讲集、演讲、香港书展、书展演讲、写作、自我说明、阿里","演讲线、公共事件线","李敖演讲集、050.20110723李敖香港书展演讲","","李敖演讲集","050.20110723李敖香港书展演讲","193","《大李敖全集5.0》（wjm_tcy版）分章节/010.节目演讲类/011.李敖演讲集/050.20110723李敖香港书展演讲.txt","","[]","data/timeline-events-li-ao-yanjiangji.json","li-ao-yanjiangji-050-says-he-chose-writing-because-it-lasts-longer-than-boxing","{""id"":""li-ao-yanjiangji-050-says-he-chose-writing-because-it-lasts-longer-than-boxing"",""date"":""2011-07-23"",""displayDate"":""2011年7月23日"",""datePrecision"":""day"",""title"":""李敖在香港书展说选择写作是因为它比拳击更耐久"",""summary"":""李敖回答为何写作时说，拳王阿里三十一岁就停下，而他七十六岁仍能写，写作是更耐久的自我实现方式。"",""view"":[""演讲线"",""公共事件线""],""tags"":[""李敖演讲集"",""演讲"",""香港书展"",""书展演讲"",""写作"",""自我说明"",""阿里""],""people"":[""李敖"",""阿里""],""places"":[""香港""],""works"":[""李敖演讲集"",""050.20110723李敖香港书展演讲""],""certainty"":""confirmed"",""source"":{""book"":""李敖演讲集"",""chapter"":""050.20110723李敖香港书展演讲"",""path"":""《大李敖全集5.0》（wjm_tcy版）分章节/010.节目演讲类/011.李敖演讲集/050.20110723李敖香港书展演讲.txt"",""line"":193,""lines"":[193]},""crossReferences"":[],""dataFile"":""data/timeline-events-li-ao-yanjiangji.json""}"
"25306","2011","2011-07-23","2011年7月23日","day","confirmed","李敖在香港书展重提一九八三香港机会并说香港民主已走向台北式失败","李敖重提《香港的机会，中国的机会》，说当年期待九七后香港成为民主模型，如今却更像台北式粗糙假民主。","李敖","香港、台北","李敖演讲集、演讲、香港书展、书展演讲、香港的机会中国的机会、香港民主、台北政治","演讲线、公共事件线","李敖演讲集、050.20110723李敖香港书展演讲、香港的机会，中国的机会","woshi-tiananmen-1983-09-12-hong-kong-chance-for-china","李敖演讲集","050.20110723李敖香港书展演讲","45","《大李敖全集5.0》（wjm_tcy版）分章节/010.节目演讲类/011.李敖演讲集/050.20110723李敖香港书展演讲.txt","","[]","data/timeline-events-li-ao-yanjiangji.json","li-ao-yanjiangji-050-revisits-1983-hong-kong-chance-and-says-hong-kong-democracy-failed-toward-taipei-style","{""id"":""li-ao-yanjiangji-050-revisits-1983-hong-kong-chance-and-says-hong-kong-democracy-failed-toward-taipei-style"",""date"":""2011-07-23"",""displayDate"":""2011年7月23日"",""datePrecision"":""day"",""title"":""李敖在香港书展重提一九八三香港机会并说香港民主已走向台北式失败"",""summary"":""李敖重提《香港的机会，中国的机会》，说当年期待九七后香港成为民主模型，如今却更像台北式粗糙假民主。"",""view"":[""演讲线"",""公共事件线""],""tags"":[""李敖演讲集"",""演讲"",""香港书展"",""书展演讲"",""香港的机会中国的机会"",""香港民主"",""台北政治""],""people"":[""李敖""],""places"":[""香港"",""台北""],""works"":[""李敖演讲集"",""050.20110723李敖香港书展演讲"",""香港的机会，中国的机会""],""certainty"":""confirmed"",""source"":{""book"":""李敖演讲集"",""chapter"":""050.20110723李敖香港书展演讲"",""path"":""《大李敖全集5.0》（wjm_tcy版）分章节/010.节目演讲类/011.李敖演讲集/050.20110723李敖香港书展演讲.txt"",""line"":45,""lines"":[45]},""crossReferences"":[""woshi-tiananmen-1983-09-12-hong-kong-chance-for-china""],""dataFile"":""data/timeline-events-li-ao-yanjiangji.json""}"
"25307","2011","2011-07-23","2011年7月23日","day","confirmed","李敖在香港书展展示钞票肚皮尿并说明禁书曾靠色情封面黑市流通","李敖展示旧书《钞票·肚皮·尿》，说当年禁书常和色情书混在黑市售卖，裸女封面也是为了在夹缝中流通。","李敖","香港","李敖演讲集、演讲、香港书展、书展演讲、禁书、钞票肚皮尿、黑市、出版","演讲线、公共事件线","李敖演讲集、050.20110723李敖香港书展演讲、钞票·肚皮·尿","","李敖演讲集","050.20110723李敖香港书展演讲","39","《大李敖全集5.0》（wjm_tcy版）分章节/010.节目演讲类/011.李敖演讲集/050.20110723李敖香港书展演讲.txt","","[]","data/timeline-events-li-ao-yanjiangji.json","li-ao-yanjiangji-050-shows-banned-book-with-nude-cover-and-black-market-pornography-context","{""id"":""li-ao-yanjiangji-050-shows-banned-book-with-nude-cover-and-black-market-pornography-context"",""date"":""2011-07-23"",""displayDate"":""2011年7月23日"",""datePrecision"":""day"",""title"":""李敖在香港书展展示钞票肚皮尿并说明禁书曾靠色情封面黑市流通"",""summary"":""李敖展示旧书《钞票·肚皮·尿》，说当年禁书常和色情书混在黑市售卖，裸女封面也是为了在夹缝中流通。"",""view"":[""演讲线"",""公共事件线""],""tags"":[""李敖演讲集"",""演讲"",""香港书展"",""书展演讲"",""禁书"",""钞票肚皮尿"",""黑市"",""出版""],""people"":[""李敖""],""places"":[""香港""],""works"":[""李敖演讲集"",""050.20110723李敖香港书展演讲"",""钞票·肚皮·尿""],""certainty"":""confirmed"",""source"":{""book"":""李敖演讲集"",""chapter"":""050.20110723李敖香港书展演讲"",""path"":""《大李敖全集5.0》（wjm_tcy版）分章节/010.节目演讲类/011.李敖演讲集/050.20110723李敖香港书展演讲.txt"",""line"":39,""lines"":[39]},""crossReferences"":[],""dataFile"":""data/timeline-events-li-ao-yanjiangji.json""}"
"25308","2011","2011-07-23","2011年7月23日","day","confirmed","李敖在香港书展称共产党让中国人多活并结束外国士兵在中国","李敖说不要只骂共产党，因为它让中国人平均寿命增加，也让他小时候见过的外国士兵从中国土地上消失。","李敖","香港、中国大陆","李敖演讲集、演讲、香港书展、书展演讲、中国共产党、寿命、民族国家","演讲线、公共事件线","李敖演讲集、050.20110723李敖香港书展演讲","li-ao-yanjiangji-047-says-ccp-gave-chinese-forty-more-years-and-ended-foreign-soldiers","李敖演讲集","050.20110723李敖香港书展演讲","57","《大李敖全集5.0》（wjm_tcy版）分章节/010.节目演讲类/011.李敖演讲集/050.20110723李敖香港书展演讲.txt","","[]","data/timeline-events-li-ao-yanjiangji.json","li-ao-yanjiangji-050-praises-ccp-for-life-expectancy-and-ending-foreign-soldiers-in-china","{""id"":""li-ao-yanjiangji-050-praises-ccp-for-life-expectancy-and-ending-foreign-soldiers-in-china"",""date"":""2011-07-23"",""displayDate"":""2011年7月23日"",""datePrecision"":""day"",""title"":""李敖在香港书展称共产党让中国人多活并结束外国士兵在中国"",""summary"":""李敖说不要只骂共产党，因为它让中国人平均寿命增加，也让他小时候见过的外国士兵从中国土地上消失。"",""view"":[""演讲线"",""公共事件线""],""tags"":[""李敖演讲集"",""演讲"",""香港书展"",""书展演讲"",""中国共产党"",""寿命"",""民族国家""],""people"":[""李敖""],""places"":[""香港"",""中国大陆""],""works"":[""李敖演讲集"",""050.20110723李敖香港书展演讲""],""certainty"":""confirmed"",""source"":{""book"":""李敖演讲集"",""chapter"":""050.20110723李敖香港书展演讲"",""path"":""《大李敖全集5.0》（wjm_tcy版）分章节/010.节目演讲类/011.李敖演讲集/050.20110723李敖香港书展演讲.txt"",""line"":57,""lines"":[57]},""crossReferences"":[""li-ao-yanjiangji-047-says-ccp-gave-chinese-forty-more-years-and-ended-foreign-soldiers""],""dataFile"":""data/timeline-events-li-ao-yanjiangji.json""}"
"25309","2011","2011-07-23","2011年7月23日","day","confirmed","李敖在香港书展称刘晓波后来抄用英国托管中国想法但政治立场错误","李敖说刘晓波后来也说过中国若被英国殖民会更好，但刘晓波支持台独、藏独和美国伊拉克战争等立场仍然错误。","李敖、刘晓波","香港、中国、英国、美国、伊拉克","李敖演讲集、演讲、香港书展、书展演讲、刘晓波、台独、藏独、伊拉克战争","演讲线、公共事件线","李敖演讲集、050.20110723李敖香港书展演讲","","李敖演讲集","050.20110723李敖香港书展演讲","117","《大李敖全集5.0》（wjm_tcy版）分章节/010.节目演讲类/011.李敖演讲集/050.20110723李敖香港书展演讲.txt","","[]","data/timeline-events-li-ao-yanjiangji.json","li-ao-yanjiangji-050-says-liu-xiaobo-later-copied-his-british-trusteeship-idea-but-held-wrong-positions","{""id"":""li-ao-yanjiangji-050-says-liu-xiaobo-later-copied-his-british-trusteeship-idea-but-held-wrong-positions"",""date"":""2011-07-23"",""displayDate"":""2011年7月23日"",""datePrecision"":""day"",""title"":""李敖在香港书展称刘晓波后来抄用英国托管中国想法但政治立场错误"",""summary"":""李敖说刘晓波后来也说过中国若被英国殖民会更好，但刘晓波支持台独、藏独和美国伊拉克战争等立场仍然错误。"",""view"":[""演讲线"",""公共事件线""],""tags"":[""李敖演讲集"",""演讲"",""香港书展"",""书展演讲"",""刘晓波"",""台独"",""藏独"",""伊拉克战争""],""people"":[""李敖"",""刘晓波""],""places"":[""香港"",""中国"",""英国"",""美国"",""伊拉克""],""works"":[""李敖演讲集"",""050.20110723李敖香港书展演讲""],""certainty"":""confirmed"",""source"":{""book"":""李敖演讲集"",""chapter"":""050.20110723李敖香港书展演讲"",""path"":""《大李敖全集5.0》（wjm_tcy版）分章节/010.节目演讲类/011.李敖演讲集/050.20110723李敖香港书展演讲.txt"",""line"":117,""lines"":[117]},""crossReferences"":[],""dataFile"":""data/timeline-events-li-ao-yanjiangji.json""}"
"25310","2011","2011-07-23","2011年7月23日星期六","day","confirmed","在香港书展演讲","《李敖五十年表》记，2011年7月23日，李敖在香港书展演讲。与2011年春季的大陆高校演讲簇相连，这条补出了其当年公开传播线从校园向香港大型文化场域延展的一次节点。","李敖","香港书展、香港","香港书展、演讲、香港","演讲线、媒体线、海外线","李敖相关","","李敖相关","001.李敖五十年表","179","《大李敖全集5.0》（wjm_tcy版）分章节/001.自传回忆类/008.李敖相关/001.李敖五十年表.txt","","[]","data/timeline-events-eighth-book.json","book8-2011-07-23-speaks-at-hong-kong-book-fair","{""id"":""book8-2011-07-23-speaks-at-hong-kong-book-fair"",""date"":""2011-07-23"",""displayDate"":""2011年7月23日星期六"",""datePrecision"":""day"",""title"":""在香港书展演讲"",""summary"":""《李敖五十年表》记，2011年7月23日，李敖在香港书展演讲。与2011年春季的大陆高校演讲簇相连，这条补出了其当年公开传播线从校园向香港大型文化场域延展的一次节点。"",""view"":[""演讲线"",""媒体线"",""海外线""],""tags"":[""香港书展"",""演讲"",""香港""],""people"":[""李敖""],""places"":[""香港书展"",""香港""],""works"":[""李敖相关""],""certainty"":""confirmed"",""source"":{""book"":""李敖相关"",""chapter"":""001.李敖五十年表"",""path"":""《大李敖全集5.0》（wjm_tcy版）分章节/001.自传回忆类/008.李敖相关/001.李敖五十年表.txt"",""line"":179},""dataFile"":""data/timeline-events-eighth-book.json""}"
"25311","2011","2011-07-23","2011年7月23日星期六","day","inferred","李敖在香港书展后台见林青霞","《梦醒时分》附录写，李敖在香港书展演讲当天收到林青霞祝演讲成功的贺卡和花篮；演讲结束后，他带着妻女到对面会场后台见林青霞，两人以“彼此彼此”互道仍如十几年前模样。","李敖、林青霞、王志慧、李谌","香港书展、香港","我梦碎，所以我梦醒、香港书展、林青霞、书展、2011","交游线、演讲线、媒体线","我梦碎，所以我梦醒、窗里窗外","book8-2011-07-23-speaks-at-hong-kong-book-fair","我梦碎，所以我梦醒","061.梦醒时分","123","《大李敖全集5.0》（wjm_tcy版）分章节/003.惊世杂文类/011.我梦碎，所以我梦醒/061.梦醒时分.txt","我梦碎，所以我梦醒 / 061.梦醒时分 / line 121 / 说明：补充林青霞送贺卡和花篮。 / 《大李敖全集5.0》（wjm_tcy版）分章节/003.惊世杂文类/011.我梦碎，所以我梦醒/061.梦醒时分.txt || 虽千万人，李敖往矣 / 003.2011年7月 / line 183 / 说明：李敖微博补记林青霞送花来，演讲后去看她。 / 《大李敖全集5.0》（wjm_tcy版）分章节/005.诗集语录类/005.虽千万人，李敖往矣/003.2011年7月.txt","[{""book"":""我梦碎，所以我梦醒"",""chapter"":""061.梦醒时分"",""path"":""《大李敖全集5.0》（wjm_tcy版）分章节/003.惊世杂文类/011.我梦碎，所以我梦醒/061.梦醒时分.txt"",""line"":121,""note"":""补充林青霞送贺卡和花篮。""},{""book"":""虽千万人，李敖往矣"",""chapter"":""003.2011年7月"",""path"":""《大李敖全集5.0》（wjm_tcy版）分章节/005.诗集语录类/005.虽千万人，李敖往矣/003.2011年7月.txt"",""line"":183,""note"":""李敖微博补记林青霞送花来，演讲后去看她。""}]","data/timeline-events-dream-awake.json","dream-awake-2011-07-23-meets-brigitte-lin-after-book-fair-lecture","{""id"":""dream-awake-2011-07-23-meets-brigitte-lin-after-book-fair-lecture"",""date"":""2011-07-23"",""displayDate"":""2011年7月23日星期六"",""datePrecision"":""day"",""title"":""李敖在香港书展后台见林青霞"",""summary"":""《梦醒时分》附录写，李敖在香港书展演讲当天收到林青霞祝演讲成功的贺卡和花篮；演讲结束后，他带着妻女到对面会场后台见林青霞，两人以“彼此彼此”互道仍如十几年前模样。"",""view"":[""交游线"",""演讲线"",""媒体线""],""tags"":[""我梦碎，所以我梦醒"",""香港书展"",""林青霞"",""书展"",""2011""],""people"":[""李敖"",""林青霞"",""王志慧"",""李谌""],""places"":[""香港书展"",""香港""],""works"":[""我梦碎，所以我梦醒"",""窗里窗外""],""certainty"":""inferred"",""crossReferences"":[""book8-2011-07-23-speaks-at-hong-kong-book-fair""],""source"":{""book"":""我梦碎，所以我梦醒"",""chapter"":""061.梦醒时分"",""path"":""《大李敖全集5.0》（wjm_tcy版）分章节/003.惊世杂文类/011.我梦碎，所以我梦醒/061.梦醒时分.txt"",""line"":123},""additionalSources"":[{""book"":""我梦碎，所以我梦醒"",""chapter"":""061.梦醒时分"",""path"":""《大李敖全集5.0》（wjm_tcy版）分章节/003.惊世杂文类/011.我梦碎，所以我梦醒/061.梦醒时分.txt"",""line"":121,""note"":""补充林青霞送贺卡和花篮。""},{""book"":""虽千万人，李敖往矣"",""chapter"":""003.2011年7月"",""path"":""《大李敖全集5.0》（wjm_tcy版）分章节/005.诗集语录类/005.虽千万人，李敖往矣/003.2011年7月.txt"",""line"":183,""note"":""李敖微博补记林青霞送花来，演讲后去看她。""}],""dataFile"":""data/timeline-events-dream-awake.json""}"
"25312","2011","2011-07-23","2011年7月23日星期六","day","confirmed","李敖在香港书展演讲中指认潘毓刚","《梦醒时分》附录《李敖香港旋风》写，李敖谈到“要好好的活过敌人”时，指着台下说有一位从美国来的50年老朋友，二人常开玩笑比赛谁更长寿、谁能在对方坟上小便；报道说明这位老友就是世界量子化学界学者潘毓刚。","李敖、潘毓刚","香港书展、香港、美国","我梦碎，所以我梦醒、香港书展、潘毓刚、老友、长寿、2011","交游线、演讲线、日常线","我梦碎，所以我梦醒、李敖香港旋风","book8-2011-07-23-speaks-at-hong-kong-book-fair","我梦碎，所以我梦醒","061.梦醒时分","105","《大李敖全集5.0》（wjm_tcy版）分章节/003.惊世杂文类/011.我梦碎，所以我梦醒/061.梦醒时分.txt","","[]","data/timeline-events-dream-awake.json","dream-awake-2011-07-23-points-out-pan-yugang-at-hong-kong-book-fair-speech","{""id"":""dream-awake-2011-07-23-points-out-pan-yugang-at-hong-kong-book-fair-speech"",""date"":""2011-07-23"",""displayDate"":""2011年7月23日星期六"",""datePrecision"":""day"",""title"":""李敖在香港书展演讲中指认潘毓刚"",""summary"":""《梦醒时分》附录《李敖香港旋风》写，李敖谈到“要好好的活过敌人”时，指着台下说有一位从美国来的50年老朋友，二人常开玩笑比赛谁更长寿、谁能在对方坟上小便；报道说明这位老友就是世界量子化学界学者潘毓刚。"",""view"":[""交游线"",""演讲线"",""日常线""],""tags"":[""我梦碎，所以我梦醒"",""香港书展"",""潘毓刚"",""老友"",""长寿"",""2011""],""people"":[""李敖"",""潘毓刚""],""places"":[""香港书展"",""香港"",""美国""],""works"":[""我梦碎，所以我梦醒"",""李敖香港旋风""],""certainty"":""confirmed"",""crossReferences"":[""book8-2011-07-23-speaks-at-hong-kong-book-fair""],""source"":{""book"":""我梦碎，所以我梦醒"",""chapter"":""061.梦醒时分"",""path"":""《大李敖全集5.0》（wjm_tcy版）分章节/003.惊世杂文类/011.我梦碎，所以我梦醒/061.梦醒时分.txt"",""line"":105},""dataFile"":""data/timeline-events-dream-awake.json""}"
"25313","2011","2011-07-23","2011年7月23日星期六","day","confirmed","李敖戴着新买助听器在香港书展演讲","《梦醒时分》附录《李敖香港旋风》写，李敖在香港书展演讲时不时摸耳边助听器；他说这副西门子助听器效果不好、杂音重，但价值15万新台币，正是为了来香港演讲新买的。这条补入其晚年公开演讲中的身体与工具细节。","李敖","香港书展、香港","我梦碎，所以我梦醒、香港书展、助听器、西门子、身体、2011","身体线、演讲线、日常线","我梦碎，所以我梦醒、李敖香港旋风","book8-2011-07-23-speaks-at-hong-kong-book-fair、li-ao-fangtanlu-2012-04-20-bund-shangri-la-interview-hearing-aid-knife","我梦碎，所以我梦醒","061.梦醒时分","81","《大李敖全集5.0》（wjm_tcy版）分章节/003.惊世杂文类/011.我梦碎，所以我梦醒/061.梦醒时分.txt","李敖访谈录1990-2018 / 060.20120523《外滩画报》专访李敖 / line 9 / 说明：《外滩画报》访问补充这副助听器是李敖2011年为参加香港书展而买，2012年受访时仍需花几分钟戴上。 / 《大李敖全集5.0》（wjm_tcy版）分章节/007.采访序跋类/005.李敖访谈录1990-2018/060.20120523《外滩画报》专访李敖.txt","[{""book"":""李敖访谈录1990-2018"",""chapter"":""060.20120523《外滩画报》专访李敖"",""path"":""《大李敖全集5.0》（wjm_tcy版）分章节/007.采访序跋类/005.李敖访谈录1990-2018/060.20120523《外滩画报》专访李敖.txt"",""line"":9,""lines"":[9],""note"":""《外滩画报》访问补充这副助听器是李敖2011年为参加香港书展而买，2012年受访时仍需花几分钟戴上。""}]","data/timeline-events-dream-awake.json","dream-awake-2011-07-23-wears-new-hearing-aid-for-hong-kong-book-fair-speech","{""id"":""dream-awake-2011-07-23-wears-new-hearing-aid-for-hong-kong-book-fair-speech"",""date"":""2011-07-23"",""displayDate"":""2011年7月23日星期六"",""datePrecision"":""day"",""title"":""李敖戴着新买助听器在香港书展演讲"",""summary"":""《梦醒时分》附录《李敖香港旋风》写，李敖在香港书展演讲时不时摸耳边助听器；他说这副西门子助听器效果不好、杂音重，但价值15万新台币，正是为了来香港演讲新买的。这条补入其晚年公开演讲中的身体与工具细节。"",""view"":[""身体线"",""演讲线"",""日常线""],""tags"":[""我梦碎，所以我梦醒"",""香港书展"",""助听器"",""西门子"",""身体"",""2011""],""people"":[""李敖""],""places"":[""香港书展"",""香港""],""works"":[""我梦碎，所以我梦醒"",""李敖香港旋风""],""certainty"":""confirmed"",""crossReferences"":[""book8-2011-07-23-speaks-at-hong-kong-book-fair"",""li-ao-fangtanlu-2012-04-20-bund-shangri-la-interview-hearing-aid-knife""],""source"":{""book"":""我梦碎，所以我梦醒"",""chapter"":""061.梦醒时分"",""path"":""《大李敖全集5.0》（wjm_tcy版）分章节/003.惊世杂文类/011.我梦碎，所以我梦醒/061.梦醒时分.txt"",""line"":81},""additionalSources"":[{""book"":""李敖访谈录1990-2018"",""chapter"":""060.20120523《外滩画报》专访李敖"",""path"":""《大李敖全集5.0》（wjm_tcy版）分章节/007.采访序跋类/005.李敖访谈录1990-2018/060.20120523《外滩画报》专访李敖.txt"",""line"":9,""lines"":[9],""note"":""《外滩画报》访问补充这副助听器是李敖2011年为参加香港书展而买，2012年受访时仍需花几分钟戴上。""}],""dataFile"":""data/timeline-events-dream-awake.json""}"
"25314","2011","2011-07-24","2011年7月24日星期日","day","inferred","李敖在光华新闻文化中心演讲","《梦醒时分》附录写，香港书展演讲翌日，李敖受亚太台商联合总会邀请，作客光华新闻文化中心，并把这场《李敖的惊世绝艺》称为“总统竞选演讲”。","李敖","香港、光华新闻文化中心","我梦碎，所以我梦醒、光华新闻文化中心、亚太台商联合总会、总统竞选、2011","演讲线、选举线、海外线","我梦碎，所以我梦醒、李敖的惊世绝艺","book8-2011-07-23-speaks-at-hong-kong-book-fair","我梦碎，所以我梦醒","061.梦醒时分","125","《大李敖全集5.0》（wjm_tcy版）分章节/003.惊世杂文类/011.我梦碎，所以我梦醒/061.梦醒时分.txt","","[]","data/timeline-events-dream-awake.json","dream-awake-2011-07-24-speaks-at-kwang-hwa-news-culture-center","{""id"":""dream-awake-2011-07-24-speaks-at-kwang-hwa-news-culture-center"",""date"":""2011-07-24"",""displayDate"":""2011年7月24日星期日"",""datePrecision"":""day"",""title"":""李敖在光华新闻文化中心演讲"",""summary"":""《梦醒时分》附录写，香港书展演讲翌日，李敖受亚太台商联合总会邀请，作客光华新闻文化中心，并把这场《李敖的惊世绝艺》称为“总统竞选演讲”。"",""view"":[""演讲线"",""选举线"",""海外线""],""tags"":[""我梦碎，所以我梦醒"",""光华新闻文化中心"",""亚太台商联合总会"",""总统竞选"",""2011""],""people"":[""李敖""],""places"":[""香港"",""光华新闻文化中心""],""works"":[""我梦碎，所以我梦醒"",""李敖的惊世绝艺""],""certainty"":""inferred"",""crossReferences"":[""book8-2011-07-23-speaks-at-hong-kong-book-fair""],""source"":{""book"":""我梦碎，所以我梦醒"",""chapter"":""061.梦醒时分"",""path"":""《大李敖全集5.0》（wjm_tcy版）分章节/003.惊世杂文类/011.我梦碎，所以我梦醒/061.梦醒时分.txt"",""line"":125},""dataFile"":""data/timeline-events-dream-awake.json""}"
"25315","2011","2011-07-24","2011年7月24日星期日","day","confirmed","李敖第二场香港演讲后与小筠重逢","《2011年7月》写，李敖在香港书展第二场演讲后见到小筠。此条作为香港书展演讲主节点的交游侧面，补出当场活动后的私人会面。","李敖、小筠","香港","虽千万人，李敖往矣、香港书展、小筠、演讲、重逢","交游线、演讲线、香港线","虽千万人，李敖往矣、香港书展","book8-2011-07-23-speaks-at-hong-kong-book-fair","虽千万人，李敖往矣","003.2011年7月","207","《大李敖全集5.0》（wjm_tcy版）分章节/005.诗集语录类/005.虽千万人，李敖往矣/003.2011年7月.txt","","[]","data/timeline-events-sui-qianwan-li-ao-wangyi.json","sui-qianwan-2011-07-24-meets-xiaoyun-at-second-hong-kong-speech","{""id"":""sui-qianwan-2011-07-24-meets-xiaoyun-at-second-hong-kong-speech"",""date"":""2011-07-24"",""displayDate"":""2011年7月24日星期日"",""datePrecision"":""day"",""title"":""李敖第二场香港演讲后与小筠重逢"",""summary"":""《2011年7月》写，李敖在香港书展第二场演讲后见到小筠。此条作为香港书展演讲主节点的交游侧面，补出当场活动后的私人会面。"",""view"":[""交游线"",""演讲线"",""香港线""],""tags"":[""虽千万人，李敖往矣"",""香港书展"",""小筠"",""演讲"",""重逢""],""people"":[""李敖"",""小筠""],""places"":[""香港""],""works"":[""虽千万人，李敖往矣"",""香港书展""],""certainty"":""confirmed"",""source"":{""book"":""虽千万人，李敖往矣"",""chapter"":""003.2011年7月"",""path"":""《大李敖全集5.0》（wjm_tcy版）分章节/005.诗集语录类/005.虽千万人，李敖往矣/003.2011年7月.txt"",""line"":207},""crossReferences"":[""book8-2011-07-23-speaks-at-hong-kong-book-fair""],""dataFile"":""data/timeline-events-sui-qianwan-li-ao-wangyi.json""}"
"25316","2011","2011-07-25","2011年7月25日星期一","day","confirmed","李敖从香港书展返台","《2011年7月》记，李敖结束香港书展行程后返台，并继续把香港演讲、媒体风波和回程感受写入“哈啰李敖”。","李敖","香港、台湾","虽千万人，李敖往矣、香港书展、返台、演讲、亚洲周刊","演讲线、媒体线、行旅线","虽千万人，李敖往矣、香港书展、亚洲周刊","book8-2011-07-23-speaks-at-hong-kong-book-fair、dream-awake-2011-08-07-asia-weekly-publishes-li-ao-hong-kong-whirlwind","虽千万人，李敖往矣","003.2011年7月","193","《大李敖全集5.0》（wjm_tcy版）分章节/005.诗集语录类/005.虽千万人，李敖往矣/003.2011年7月.txt","","[]","data/timeline-events-sui-qianwan-li-ao-wangyi.json","sui-qianwan-2011-07-25-returns-from-hong-kong-book-fair","{""id"":""sui-qianwan-2011-07-25-returns-from-hong-kong-book-fair"",""date"":""2011-07-25"",""displayDate"":""2011年7月25日星期一"",""datePrecision"":""day"",""title"":""李敖从香港书展返台"",""summary"":""《2011年7月》记，李敖结束香港书展行程后返台，并继续把香港演讲、媒体风波和回程感受写入“哈啰李敖”。"",""view"":[""演讲线"",""媒体线"",""行旅线""],""tags"":[""虽千万人，李敖往矣"",""香港书展"",""返台"",""演讲"",""亚洲周刊""],""people"":[""李敖""],""places"":[""香港"",""台湾""],""works"":[""虽千万人，李敖往矣"",""香港书展"",""亚洲周刊""],""certainty"":""confirmed"",""source"":{""book"":""虽千万人，李敖往矣"",""chapter"":""003.2011年7月"",""path"":""《大李敖全集5.0》（wjm_tcy版）分章节/005.诗集语录类/005.虽千万人，李敖往矣/003.2011年7月.txt"",""line"":193},""crossReferences"":[""book8-2011-07-23-speaks-at-hong-kong-book-fair"",""dream-awake-2011-08-07-asia-weekly-publishes-li-ao-hong-kong-whirlwind""],""dataFile"":""data/timeline-events-sui-qianwan-li-ao-wangyi.json""}"
"25317","2011","2011-08-05","2011年8月5日星期五","day","confirmed","詹崇雄去世后李敖送丧葬费","《2011年8月》记，詹崇雄去世后，李敖送去丧葬费。这条补出他晚年处理故旧身后事的一笔小而具体的人情往来。","李敖、詹崇雄","台湾","虽千万人，李敖往矣、詹崇雄、丧葬费、故旧、待校日","交游线、日常线、晚年线","虽千万人，李敖往矣","","虽千万人，李敖往矣","004.2011年8月","117","《大李敖全集5.0》（wjm_tcy版）分章节/005.诗集语录类/005.虽千万人，李敖往矣/004.2011年8月.txt","","[]","data/timeline-events-sui-qianwan-li-ao-wangyi.json","sui-qianwan-2011-08-05-zhan-chongxiong-dies-and-li-ao-sends-funeral-money","{""id"":""sui-qianwan-2011-08-05-zhan-chongxiong-dies-and-li-ao-sends-funeral-money"",""date"":""2011-08-05"",""displayDate"":""2011年8月5日星期五"",""datePrecision"":""day"",""title"":""詹崇雄去世后李敖送丧葬费"",""summary"":""《2011年8月》记，詹崇雄去世后，李敖送去丧葬费。这条补出他晚年处理故旧身后事的一笔小而具体的人情往来。"",""view"":[""交游线"",""日常线"",""晚年线""],""tags"":[""虽千万人，李敖往矣"",""詹崇雄"",""丧葬费"",""故旧"",""待校日""],""people"":[""李敖"",""詹崇雄""],""places"":[""台湾""],""works"":[""虽千万人，李敖往矣""],""certainty"":""confirmed"",""source"":{""book"":""虽千万人，李敖往矣"",""chapter"":""004.2011年8月"",""path"":""《大李敖全集5.0》（wjm_tcy版）分章节/005.诗集语录类/005.虽千万人，李敖往矣/004.2011年8月.txt"",""line"":117},""dataFile"":""data/timeline-events-sui-qianwan-li-ao-wangyi.json""}"
"25318","2011","2011-08-07","2011年8月7日星期日","day","confirmed","《亚洲周刊》刊出《李敖香港旋风》","《梦醒时分》附录一收《亚洲周刊》2011年8月7日《李敖香港旋风》。报道整理了李敖香港书展演讲及相关采访录音，记录他谈共产党功过、香港民主与经济、自己可能参选总统和立委，并补写林青霞送花、潘毓刚在场、翌日光华新闻文化中心演讲等现场细节。","李敖、林青霞、潘毓刚、胡锦涛、温家宝","香港、香港书展、光华新闻文化中心","我梦碎，所以我梦醒、亚洲周刊、李敖香港旋风、香港书展、2011","媒体线、演讲线、香港线","我梦碎，所以我梦醒、李敖香港旋风、亚洲周刊","book8-2011-07-23-speaks-at-hong-kong-book-fair、dream-awake-2011-07-23-wears-new-hearing-aid-for-hong-kong-book-fair-speech、dream-awake-2011-07-23-points-out-pan-yugang-at-hong-kong-book-fair-speech、dream-awake-2011-07-23-meets-brigitte-lin-after-book-fair-lecture、dream-awake-2011-07-24-speaks-at-kwang-hwa-news-culture-center","我梦碎，所以我梦醒","061.梦醒时分","127","《大李敖全集5.0》（wjm_tcy版）分章节/003.惊世杂文类/011.我梦碎，所以我梦醒/061.梦醒时分.txt","我梦碎，所以我梦醒 / 061.梦醒时分 / line 81 / 说明：报道记录演讲时助听器细节。 / 《大李敖全集5.0》（wjm_tcy版）分章节/003.惊世杂文类/011.我梦碎，所以我梦醒/061.梦醒时分.txt || 我梦碎，所以我梦醒 / 061.梦醒时分 / line 105 / 说明：报道记录潘毓刚在场。 / 《大李敖全集5.0》（wjm_tcy版）分章节/003.惊世杂文类/011.我梦碎，所以我梦醒/061.梦醒时分.txt || 虽千万人，李敖往矣 / 003.2011年7月 / line 183 / 说明：李敖微博自记7月23日香港书展演讲会、林青霞送花、潘毓刚从美国来等细节。 / 《大李敖全集5.0》（wjm_tcy版）分章节/005.诗集语录类/005.虽千万人，李敖往矣/003.2011年7月.txt || 虽千万人，李敖往矣 / 003.2011年7月 / line 193 / 说明：李敖回台后补述香港书展两次演讲、多次记者访问、与刘长乐三次饭局等行程。 / 《大李敖全集5.0》（wjm_tcy版）分章节/005.诗集语录类/005.虽千万人，李敖往矣/003.2011年7月.txt","[{""book"":""我梦碎，所以我梦醒"",""chapter"":""061.梦醒时分"",""path"":""《大李敖全集5.0》（wjm_tcy版）分章节/003.惊世杂文类/011.我梦碎，所以我梦醒/061.梦醒时分.txt"",""line"":81,""note"":""报道记录演讲时助听器细节。""},{""book"":""我梦碎，所以我梦醒"",""chapter"":""061.梦醒时分"",""path"":""《大李敖全集5.0》（wjm_tcy版）分章节/003.惊世杂文类/011.我梦碎，所以我梦醒/061.梦醒时分.txt"",""line"":105,""note"":""报道记录潘毓刚在场。""},{""book"":""虽千万人，李敖往矣"",""chapter"":""003.2011年7月"",""path"":""《大李敖全集5.0》（wjm_tcy版）分章节/005.诗集语录类/005.虽千万人，李敖往矣/003.2011年7月.txt"",""line"":183,""note"":""李敖微博自记7月23日香港书展演讲会、林青霞送花、潘毓刚从美国来等细节。""},{""book"":""虽千万人，李敖往矣"",""chapter"":""003.2011年7月"",""path"":""《大李敖全集5.0》（wjm_tcy版）分章节/005.诗集语录类/005.虽千万人，李敖往矣/003.2011年7月.txt"",""line"":193,""note"":""李敖回台后补述香港书展两次演讲、多次记者访问、与刘长乐三次饭局等行程。""}]","data/timeline-events-dream-awake.json","dream-awake-2011-08-07-asia-weekly-publishes-li-ao-hong-kong-whirlwind","{""id"":""dream-awake-2011-08-07-asia-weekly-publishes-li-ao-hong-kong-whirlwind"",""date"":""2011-08-07"",""displayDate"":""2011年8月7日星期日"",""datePrecision"":""day"",""title"":""《亚洲周刊》刊出《李敖香港旋风》"",""summary"":""《梦醒时分》附录一收《亚洲周刊》2011年8月7日《李敖香港旋风》。报道整理了李敖香港书展演讲及相关采访录音，记录他谈共产党功过、香港民主与经济、自己可能参选总统和立委，并补写林青霞送花、潘毓刚在场、翌日光华新闻文化中心演讲等现场细节。"",""view"":[""媒体线"",""演讲线"",""香港线""],""tags"":[""我梦碎，所以我梦醒"",""亚洲周刊"",""李敖香港旋风"",""香港书展"",""2011""],""people"":[""李敖"",""林青霞"",""潘毓刚"",""胡锦涛"",""温家宝""],""places"":[""香港"",""香港书展"",""光华新闻文化中心""],""works"":[""我梦碎，所以我梦醒"",""李敖香港旋风"",""亚洲周刊""],""certainty"":""confirmed"",""crossReferences"":[""book8-2011-07-23-speaks-at-hong-kong-book-fair"",""dream-awake-2011-07-23-wears-new-hearing-aid-for-hong-kong-book-fair-speech"",""dream-awake-2011-07-23-points-out-pan-yugang-at-hong-kong-book-fair-speech"",""dream-awake-2011-07-23-meets-brigitte-lin-after-book-fair-lecture"",""dream-awake-2011-07-24-speaks-at-kwang-hwa-news-culture-center""],""source"":{""book"":""我梦碎，所以我梦醒"",""chapter"":""061.梦醒时分"",""path"":""《大李敖全集5.0》（wjm_tcy版）分章节/003.惊世杂文类/011.我梦碎，所以我梦醒/061.梦醒时分.txt"",""line"":127},""additionalSources"":[{""book"":""我梦碎，所以我梦醒"",""chapter"":""061.梦醒时分"",""path"":""《大李敖全集5.0》（wjm_tcy版）分章节/003.惊世杂文类/011.我梦碎，所以我梦醒/061.梦醒时分.txt"",""line"":81,""note"":""报道记录演讲时助听器细节。""},{""book"":""我梦碎，所以我梦醒"",""chapter"":""061.梦醒时分"",""path"":""《大李敖全集5.0》（wjm_tcy版）分章节/003.惊世杂文类/011.我梦碎，所以我梦醒/061.梦醒时分.txt"",""line"":105,""note"":""报道记录潘毓刚在场。""},{""book"":""虽千万人，李敖往矣"",""chapter"":""003.2011年7月"",""path"":""《大李敖全集5.0》（wjm_tcy版）分章节/005.诗集语录类/005.虽千万人，李敖往矣/003.2011年7月.txt"",""line"":183,""note"":""李敖微博自记7月23日香港书展演讲会、林青霞送花、潘毓刚从美国来等细节。""},{""book"":""虽千万人，李敖往矣"",""chapter"":""003.2011年7月"",""path"":""《大李敖全集5.0》（wjm_tcy版）分章节/005.诗集语录类/005.虽千万人，李敖往矣/003.2011年7月.txt"",""line"":193,""note"":""李敖回台后补述香港书展两次演讲、多次记者访问、与刘长乐三次饭局等行程。""}],""dataFile"":""data/timeline-events-dream-awake.json""}"
"25319","2011","2011-08-07","2011年8月7日星期日","day","confirmed","李敖去看莫文蔚演唱会","《2011年8月》记，李敖去看莫文蔚演唱会，并把晚年少见的娱乐现场经验写入微博短文。","李敖、莫文蔚","台湾","虽千万人，李敖往矣、莫文蔚、演唱会、日常","日常线、文化线、晚年线","虽千万人，李敖往矣、莫文蔚演唱会","","虽千万人，李敖往矣","004.2011年8月","67","《大李敖全集5.0》（wjm_tcy版）分章节/005.诗集语录类/005.虽千万人，李敖往矣/004.2011年8月.txt","李敖访谈录1990-2018 / 054.20110822《现代快报》专访李敖 / line 73 / 说明：《现代快报》访问中李敖回述莫文蔚请他到“回蔚”演唱会，他坐包厢看八千人演唱会。 / 《大李敖全集5.0》（wjm_tcy版）分章节/007.采访序跋类/005.李敖访谈录1990-2018/054.20110822《现代快报》专访李敖.txt","[{""book"":""李敖访谈录1990-2018"",""chapter"":""054.20110822《现代快报》专访李敖"",""path"":""《大李敖全集5.0》（wjm_tcy版）分章节/007.采访序跋类/005.李敖访谈录1990-2018/054.20110822《现代快报》专访李敖.txt"",""line"":73,""lines"":[73],""note"":""《现代快报》访问中李敖回述莫文蔚请他到“回蔚”演唱会，他坐包厢看八千人演唱会。""}]","data/timeline-events-sui-qianwan-li-ao-wangyi.json","sui-qianwan-2011-08-07-attends-karen-mok-concert","{""id"":""sui-qianwan-2011-08-07-attends-karen-mok-concert"",""date"":""2011-08-07"",""displayDate"":""2011年8月7日星期日"",""datePrecision"":""day"",""title"":""李敖去看莫文蔚演唱会"",""summary"":""《2011年8月》记，李敖去看莫文蔚演唱会，并把晚年少见的娱乐现场经验写入微博短文。"",""view"":[""日常线"",""文化线"",""晚年线""],""tags"":[""虽千万人，李敖往矣"",""莫文蔚"",""演唱会"",""日常""],""people"":[""李敖"",""莫文蔚""],""places"":[""台湾""],""works"":[""虽千万人，李敖往矣"",""莫文蔚演唱会""],""certainty"":""confirmed"",""source"":{""book"":""虽千万人，李敖往矣"",""chapter"":""004.2011年8月"",""path"":""《大李敖全集5.0》（wjm_tcy版）分章节/005.诗集语录类/005.虽千万人，李敖往矣/004.2011年8月.txt"",""line"":67},""additionalSources"":[{""book"":""李敖访谈录1990-2018"",""chapter"":""054.20110822《现代快报》专访李敖"",""path"":""《大李敖全集5.0》（wjm_tcy版）分章节/007.采访序跋类/005.李敖访谈录1990-2018/054.20110822《现代快报》专访李敖.txt"",""line"":73,""lines"":[73],""note"":""《现代快报》访问中李敖回述莫文蔚请他到“回蔚”演唱会，他坐包厢看八千人演唱会。""}],""dataFile"":""data/timeline-events-sui-qianwan-li-ao-wangyi.json""}"
"25320","2011","2011-08-17","2011年8月17日星期三","day","confirmed","李敖改写《他》","《他》文末署“2011年8月17日改写”。李敖以第三人称重写自己离开北京后返乡、参选台北市长与晚年自我告别的姿态，把自况写成一篇收束性的短章。","李敖","北京、台湾","你笨蛋，你笨蛋、他、改写、2011","写作线、自况线、政治线","你笨蛋，你笨蛋、他","","你笨蛋，你笨蛋","039.他","21","《大李敖全集5.0》（wjm_tcy版）分章节/003.惊世杂文类/010.你笨蛋，你笨蛋/039.他.txt","","[]","data/timeline-events-ni-bendan.json","ni-bendan-2011-08-17-rewrites-he","{""id"":""ni-bendan-2011-08-17-rewrites-he"",""date"":""2011-08-17"",""displayDate"":""2011年8月17日星期三"",""datePrecision"":""day"",""title"":""李敖改写《他》"",""summary"":""《他》文末署“2011年8月17日改写”。李敖以第三人称重写自己离开北京后返乡、参选台北市长与晚年自我告别的姿态，把自况写成一篇收束性的短章。"",""view"":[""写作线"",""自况线"",""政治线""],""tags"":[""你笨蛋，你笨蛋"",""他"",""改写"",""2011""],""people"":[""李敖""],""places"":[""北京"",""台湾""],""works"":[""你笨蛋，你笨蛋"",""他""],""certainty"":""confirmed"",""source"":{""book"":""你笨蛋，你笨蛋"",""chapter"":""039.他"",""path"":""《大李敖全集5.0》（wjm_tcy版）分章节/003.惊世杂文类/010.你笨蛋，你笨蛋/039.他.txt"",""line"":21},""dataFile"":""data/timeline-events-ni-bendan.json""}"
"25321","2011","2011-08-18","2011年8月18日星期四","day","confirmed","大陆版《坐牢家爸爸给女儿的八十封信》出版且被小删","《2011年8月》记，李敖得知大陆版《坐牢家爸爸给女儿的八十封信》出版，虽有删节但幅度不大；多家2011年8月访谈又补出更具体的再版背景：此书初版于1987年，2000年前后已有大陆版，2011年甘肃人民美术出版社新版以狱中家书为卖点重出；李敖特别介意新版序言中被删的十六个字，并用它比较两岸出版尺度和审查边界。","李敖","大陆","虽千万人，李敖往矣、坐牢家爸爸给女儿的八十封信、大陆版、删节、出版","出版线、家书线、两岸线","虽千万人，李敖往矣、坐牢家爸爸给女儿的八十封信","book8-1987-12-prison-father-letters-published","虽千万人，李敖往矣","004.2011年8月","157","《大李敖全集5.0》（wjm_tcy版）分章节/005.诗集语录类/005.虽千万人，李敖往矣/004.2011年8月.txt","虽千万人，李敖往矣 / 004.2011年8月 / line 181 / 说明：同月继续谈大陆删节与家书出版尺度。 / 《大李敖全集5.0》（wjm_tcy版）分章节/005.诗集语录类/005.虽千万人，李敖往矣/004.2011年8月.txt || 李敖访谈录1990-2018 / 053.20110821《晶报·深港书评》专访李敖 / line 5 / 说明：《晶报·深港书评》访问补充2011年大陆新版、早年台版和2000年大陆授权版背景，以及十六字删节。 / 《大李敖全集5.0》（wjm_tcy版）分章节/007.采访序跋类/005.李敖访谈录1990-2018/053.20110821《晶报·深港书评》专访李敖.txt || 李敖访谈录1990-2018 / 054.20110822《现代快报》专访李敖 / line 13 / 说明：《现代快报》访问补充狱中家书写作限制、旧版绝版十多年和2011年一年五书计划。 / 《大李敖全集5.0》（wjm_tcy版）分章节/007.采访序跋类/005.李敖访谈录1990-2018/054.20110822《现代快报》专访李敖.txt || 李敖访谈录1990-2018 / 055.20110824《京华时报》专访李敖 / line 15 / 说明：《京华时报》访问补充甘肃人民美术出版社新版与十年前大陆版情况。 / 《大李敖全集5.0》（wjm_tcy版）分章节/007.采访序跋类/005.李敖访谈录1990-2018/055.20110824《京华时报》专访李敖.txt || 李敖访谈录1990-2018 / 056.20110831《辽沈晚报》专访李敖 / line 9 / 说明：《辽沈晚报》访问补充李敖称为新版出版受了委屈，以及被删的是序言十六字。 / 《大李敖全集5.0》（wjm_tcy版）分章节/007.采访序跋类/005.李敖访谈录1990-2018/056.20110831《辽沈晚报》专访李敖.txt || 李敖访谈录1990-2018 / 059.2011《新闻晨报》专访李敖 / line 7 / 说明：《新闻晨报》访问补充新版出版后外界看到李敖温情一面，李敖调侃从此别人不怕他。 / 《大李敖全集5.0》（wjm_tcy版）分章节/007.采访序跋类/005.李敖访谈录1990-2018/059.2011《新闻晨报》专访李敖.txt","[{""book"":""虽千万人，李敖往矣"",""chapter"":""004.2011年8月"",""path"":""《大李敖全集5.0》（wjm_tcy版）分章节/005.诗集语录类/005.虽千万人，李敖往矣/004.2011年8月.txt"",""line"":181,""note"":""同月继续谈大陆删节与家书出版尺度。""},{""book"":""李敖访谈录1990-2018"",""chapter"":""053.20110821《晶报·深港书评》专访李敖"",""path"":""《大李敖全集5.0》（wjm_tcy版）分章节/007.采访序跋类/005.李敖访谈录1990-2018/053.20110821《晶报·深港书评》专访李敖.txt"",""line"":5,""lines"":[5,7,19,141,143,145,147,149,151],""note"":""《晶报·深港书评》访问补充2011年大陆新版、早年台版和2000年大陆授权版背景，以及十六字删节。""},{""book"":""李敖访谈录1990-2018"",""chapter"":""054.20110822《现代快报》专访李敖"",""path"":""《大李敖全集5.0》（wjm_tcy版）分章节/007.采访序跋类/005.李敖访谈录1990-2018/054.20110822《现代快报》专访李敖.txt"",""line"":13,""lines"":[13,17,57,59,61,63,65],""note"":""《现代快报》访问补充狱中家书写作限制、旧版绝版十多年和2011年一年五书计划。""},{""book"":""李敖访谈录1990-2018"",""chapter"":""055.20110824《京华时报》专访李敖"",""path"":""《大李敖全集5.0》（wjm_tcy版）分章节/007.采访序跋类/005.李敖访谈录1990-2018/055.20110824《京华时报》专访李敖.txt"",""line"":15,""lines"":[15,17,19,21],""note"":""《京华时报》访问补充甘肃人民美术出版社新版与十年前大陆版情况。""},{""book"":""李敖访谈录1990-2018"",""chapter"":""056.20110831《辽沈晚报》专访李敖"",""path"":""《大李敖全集5.0》（wjm_tcy版）分章节/007.采访序跋类/005.李敖访谈录1990-2018/056.20110831《辽沈晚报》专访李敖.txt"",""line"":9,""lines"":[9,25],""note"":""《辽沈晚报》访问补充李敖称为新版出版受了委屈，以及被删的是序言十六字。""},{""book"":""李敖访谈录1990-2018"",""chapter"":""059.2011《新闻晨报》专访李敖"",""path"":""《大李敖全集5.0》（wjm_tcy版）分章节/007.采访序跋类/005.李敖访谈录1990-2018/059.2011《新闻晨报》专访李敖.txt"",""line"":7,""lines"":[7,13,15],""note"":""《新闻晨报》访问补充新版出版后外界看到李敖温情一面，李敖调侃从此别人不怕他。""}]","data/timeline-events-sui-qianwan-li-ao-wangyi.json","sui-qianwan-2011-08-18-mainland-edition-of-prison-father-letters-published-with-small-cuts","{""id"":""sui-qianwan-2011-08-18-mainland-edition-of-prison-father-letters-published-with-small-cuts"",""date"":""2011-08-18"",""displayDate"":""2011年8月18日星期四"",""datePrecision"":""day"",""title"":""大陆版《坐牢家爸爸给女儿的八十封信》出版且被小删"",""summary"":""《2011年8月》记，李敖得知大陆版《坐牢家爸爸给女儿的八十封信》出版，虽有删节但幅度不大；多家2011年8月访谈又补出更具体的再版背景：此书初版于1987年，2000年前后已有大陆版，2011年甘肃人民美术出版社新版以狱中家书为卖点重出；李敖特别介意新版序言中被删的十六个字，并用它比较两岸出版尺度和审查边界。"",""view"":[""出版线"",""家书线"",""两岸线""],""tags"":[""虽千万人，李敖往矣"",""坐牢家爸爸给女儿的八十封信"",""大陆版"",""删节"",""出版""],""people"":[""李敖""],""places"":[""大陆""],""works"":[""虽千万人，李敖往矣"",""坐牢家爸爸给女儿的八十封信""],""certainty"":""confirmed"",""source"":{""book"":""虽千万人，李敖往矣"",""chapter"":""004.2011年8月"",""path"":""《大李敖全集5.0》（wjm_tcy版）分章节/005.诗集语录类/005.虽千万人，李敖往矣/004.2011年8月.txt"",""line"":157},""crossReferences"":[""book8-1987-12-prison-father-letters-published""],""additionalSources"":[{""book"":""虽千万人，李敖往矣"",""chapter"":""004.2011年8月"",""path"":""《大李敖全集5.0》（wjm_tcy版）分章节/005.诗集语录类/005.虽千万人，李敖往矣/004.2011年8月.txt"",""line"":181,""note"":""同月继续谈大陆删节与家书出版尺度。""},{""book"":""李敖访谈录1990-2018"",""chapter"":""053.20110821《晶报·深港书评》专访李敖"",""path"":""《大李敖全集5.0》（wjm_tcy版）分章节/007.采访序跋类/005.李敖访谈录1990-2018/053.20110821《晶报·深港书评》专访李敖.txt"",""line"":5,""lines"":[5,7,19,141,143,145,147,149,151],""note"":""《晶报·深港书评》访问补充2011年大陆新版、早年台版和2000年大陆授权版背景，以及十六字删节。""},{""book"":""李敖访谈录1990-2018"",""chapter"":""054.20110822《现代快报》专访李敖"",""path"":""《大李敖全集5.0》（wjm_tcy版）分章节/007.采访序跋类/005.李敖访谈录1990-2018/054.20110822《现代快报》专访李敖.txt"",""line"":13,""lines"":[13,17,57,59,61,63,65],""note"":""《现代快报》访问补充狱中家书写作限制、旧版绝版十多年和2011年一年五书计划。""},{""book"":""李敖访谈录1990-2018"",""chapter"":""055.20110824《京华时报》专访李敖"",""path"":""《大李敖全集5.0》（wjm_tcy版）分章节/007.采访序跋类/005.李敖访谈录1990-2018/055.20110824《京华时报》专访李敖.txt"",""line"":15,""lines"":[15,17,19,21],""note"":""《京华时报》访问补充甘肃人民美术出版社新版与十年前大陆版情况。""},{""book"":""李敖访谈录1990-2018"",""chapter"":""056.20110831《辽沈晚报》专访李敖"",""path"":""《大李敖全集5.0》（wjm_tcy版）分章节/007.采访序跋类/005.李敖访谈录1990-2018/056.20110831《辽沈晚报》专访李敖.txt"",""line"":9,""lines"":[9,25],""note"":""《辽沈晚报》访问补充李敖称为新版出版受了委屈，以及被删的是序言十六字。""},{""book"":""李敖访谈录1990-2018"",""chapter"":""059.2011《新闻晨报》专访李敖"",""path"":""《大李敖全集5.0》（wjm_tcy版）分章节/007.采访序跋类/005.李敖访谈录1990-2018/059.2011《新闻晨报》专访李敖.txt"",""line"":7,""lines"":[7,13,15],""note"":""《新闻晨报》访问补充新版出版后外界看到李敖温情一面，李敖调侃从此别人不怕他。""}],""dataFile"":""data/timeline-events-sui-qianwan-li-ao-wangyi.json""}"
"25322","2011","2011-08-18","2011年8月18日星期四","day","confirmed","李敖参加“20110818李敖微访谈”","《20110818李敖微访谈》收录一场微博问答，主持人开场称“现在是真的李敖坐在旁边”，李敖随即回答出版、教育、子女、两岸、未来写作等问题；其中他表示世界性的大书应该写，也说明为什么把儿子送到北京读书。这条按文件题名日期入表，保留为李敖晚年网络互动节点。","李敖、李戡","台湾、大陆网络平台、北京","虽千万人，李敖往矣、微访谈、微博、李戡、网络互动","媒体线、晚年线、家庭线","虽千万人，李敖往矣","","虽千万人，李敖往矣","055.20110818李敖微访谈","3","《大李敖全集5.0》（wjm_tcy版）分章节/005.诗集语录类/005.虽千万人，李敖往矣/055.20110818李敖微访谈.txt","虽千万人，李敖往矣 / 055.20110818李敖微访谈 / line 13 / 说明：回答把儿子送到北京读书的理由。 / 《大李敖全集5.0》（wjm_tcy版）分章节/005.诗集语录类/005.虽千万人，李敖往矣/055.20110818李敖微访谈.txt || 虽千万人，李敖往矣 / 055.20110818李敖微访谈 / line 53 / 说明：回答未来几年写作计划，称世界性的大书应该写。 / 《大李敖全集5.0》（wjm_tcy版）分章节/005.诗集语录类/005.虽千万人，李敖往矣/055.20110818李敖微访谈.txt","[{""book"":""虽千万人，李敖往矣"",""chapter"":""055.20110818李敖微访谈"",""path"":""《大李敖全集5.0》（wjm_tcy版）分章节/005.诗集语录类/005.虽千万人，李敖往矣/055.20110818李敖微访谈.txt"",""line"":13,""note"":""回答把儿子送到北京读书的理由。""},{""book"":""虽千万人，李敖往矣"",""chapter"":""055.20110818李敖微访谈"",""path"":""《大李敖全集5.0》（wjm_tcy版）分章节/005.诗集语录类/005.虽千万人，李敖往矣/055.20110818李敖微访谈.txt"",""line"":53,""note"":""回答未来几年写作计划，称世界性的大书应该写。""}]","data/timeline-events-sui-qianwan-li-ao-wangyi.json","sui-qianwan-2011-08-18-does-micro-interview","{""id"":""sui-qianwan-2011-08-18-does-micro-interview"",""date"":""2011-08-18"",""displayDate"":""2011年8月18日星期四"",""datePrecision"":""day"",""title"":""李敖参加“20110818李敖微访谈”"",""summary"":""《20110818李敖微访谈》收录一场微博问答，主持人开场称“现在是真的李敖坐在旁边”，李敖随即回答出版、教育、子女、两岸、未来写作等问题；其中他表示世界性的大书应该写，也说明为什么把儿子送到北京读书。这条按文件题名日期入表，保留为李敖晚年网络互动节点。"",""view"":[""媒体线"",""晚年线"",""家庭线""],""tags"":[""虽千万人，李敖往矣"",""微访谈"",""微博"",""李戡"",""网络互动""],""people"":[""李敖"",""李戡""],""places"":[""台湾"",""大陆网络平台"",""北京""],""works"":[""虽千万人，李敖往矣""],""certainty"":""confirmed"",""source"":{""book"":""虽千万人，李敖往矣"",""chapter"":""055.20110818李敖微访谈"",""path"":""《大李敖全集5.0》（wjm_tcy版）分章节/005.诗集语录类/005.虽千万人，李敖往矣/055.20110818李敖微访谈.txt"",""line"":3},""additionalSources"":[{""book"":""虽千万人，李敖往矣"",""chapter"":""055.20110818李敖微访谈"",""path"":""《大李敖全集5.0》（wjm_tcy版）分章节/005.诗集语录类/005.虽千万人，李敖往矣/055.20110818李敖微访谈.txt"",""line"":13,""note"":""回答把儿子送到北京读书的理由。""},{""book"":""虽千万人，李敖往矣"",""chapter"":""055.20110818李敖微访谈"",""path"":""《大李敖全集5.0》（wjm_tcy版）分章节/005.诗集语录类/005.虽千万人，李敖往矣/055.20110818李敖微访谈.txt"",""line"":53,""note"":""回答未来几年写作计划，称世界性的大书应该写。""}],""dataFile"":""data/timeline-events-sui-qianwan-li-ao-wangyi.json""}"
"25323","2011","2011-08-19","2011年8月19日星期五","day","confirmed","接受《现代快报》《京华时报》电话访问，围绕家书再版谈父女与子女教育","2011年8月19日前后，《现代快报》和《京华时报》先后电话访问李敖，主题都落在大陆新版《坐牢家爸爸给女儿的八十封信》。李敖解释自己当年在狱中是利用每周给家人的短信机会，把知识和判断送出监狱；谈到李文、李戡和李谌时，他把父爱更多说成经济支持和教育投入，例如送李文赴美读书、为李戡请德文老师、为小女儿安排钢琴和大提琴。","李敖、李文、李戡、李谌","台北、北京、美国","现代快报、京华时报、电话访问、坐牢家爸爸给女儿的八十封信、子女教育","访谈线、家书线、家庭线","李敖访谈录1990-2018、坐牢家爸爸给女儿的八十封信","sui-qianwan-2011-08-18-mainland-edition-of-prison-father-letters-published-with-small-cuts、book8-1987-12-prison-father-letters-published","李敖访谈录1990-2018","054.20110822《现代快报》专访李敖","7","《大李敖全集5.0》（wjm_tcy版）分章节/007.采访序跋类/005.李敖访谈录1990-2018/054.20110822《现代快报》专访李敖.txt","李敖访谈录1990-2018 / 055.20110824《京华时报》专访李敖 / line 7 / 说明：《京华时报》同周电话访问补充大陆新版、李文定居北京和子女教育投入。 / 《大李敖全集5.0》（wjm_tcy版）分章节/007.采访序跋类/005.李敖访谈录1990-2018/055.20110824《京华时报》专访李敖.txt","[{""book"":""李敖访谈录1990-2018"",""chapter"":""055.20110824《京华时报》专访李敖"",""path"":""《大李敖全集5.0》（wjm_tcy版）分章节/007.采访序跋类/005.李敖访谈录1990-2018/055.20110824《京华时报》专访李敖.txt"",""line"":7,""lines"":[7,15,17,19,21,25,27,29],""note"":""《京华时报》同周电话访问补充大陆新版、李文定居北京和子女教育投入。""}]","data/timeline-events-li-ao-fangtanlu-1990-2018.json","li-ao-fangtanlu-2011-08-19-modern-jinghua-phone-interviews-prison-letters-family","{""id"":""li-ao-fangtanlu-2011-08-19-modern-jinghua-phone-interviews-prison-letters-family"",""date"":""2011-08-19"",""displayDate"":""2011年8月19日星期五"",""datePrecision"":""day"",""title"":""接受《现代快报》《京华时报》电话访问，围绕家书再版谈父女与子女教育"",""summary"":""2011年8月19日前后，《现代快报》和《京华时报》先后电话访问李敖，主题都落在大陆新版《坐牢家爸爸给女儿的八十封信》。李敖解释自己当年在狱中是利用每周给家人的短信机会，把知识和判断送出监狱；谈到李文、李戡和李谌时，他把父爱更多说成经济支持和教育投入，例如送李文赴美读书、为李戡请德文老师、为小女儿安排钢琴和大提琴。"",""category"":""interview"",""type"":""李敖当事人事件"",""source"":{""book"":""李敖访谈录1990-2018"",""chapter"":""054.20110822《现代快报》专访李敖"",""path"":""《大李敖全集5.0》（wjm_tcy版）分章节/007.采访序跋类/005.李敖访谈录1990-2018/054.20110822《现代快报》专访李敖.txt"",""line"":7,""lines"":[7,13,17,29,37,45,57],""note"":""《现代快报》电话访问记录李敖谈《坐牢家爸爸给女儿的八十封信》再版、父女关系、子女教育与晚年写作。""},""additionalSources"":[{""book"":""李敖访谈录1990-2018"",""chapter"":""055.20110824《京华时报》专访李敖"",""path"":""《大李敖全集5.0》（wjm_tcy版）分章节/007.采访序跋类/005.李敖访谈录1990-2018/055.20110824《京华时报》专访李敖.txt"",""line"":7,""lines"":[7,15,17,19,21,25,27,29],""note"":""《京华时报》同周电话访问补充大陆新版、李文定居北京和子女教育投入。""}],""certainty"":""confirmed"",""tags"":[""现代快报"",""京华时报"",""电话访问"",""坐牢家爸爸给女儿的八十封信"",""子女教育""],""people"":[""李敖"",""李文"",""李戡"",""李谌""],""places"":[""台北"",""北京"",""美国""],""works"":[""李敖访谈录1990-2018"",""坐牢家爸爸给女儿的八十封信""],""view"":[""访谈线"",""家书线"",""家庭线""],""crossReferences"":[""sui-qianwan-2011-08-18-mainland-edition-of-prison-father-letters-published-with-small-cuts"",""book8-1987-12-prison-father-letters-published""],""dataFile"":""data/timeline-events-li-ao-fangtanlu-1990-2018.json""}"
"25324","2011","2011-08-21","2011年8月21日星期日","day","confirmed","在台北家中接《晶报·深港书评》长途电话，谈家书、微博和晚年写作","《晶报·深港书评》记者拨通李敖台北家中电话，完成约一个半小时长途访问。李敖围绕大陆新版《坐牢家爸爸给女儿的八十封信》，回忆狱中每周两封、每封不得超过二百字的写信限制；又谈到自己开微博后的写法、几乎每天与李戡通电话的父子节奏、每周六天独自在阳明山“小窝”工作的办法，以及2011年还要继续写“九一一”和台湾选举题材两本书。","李敖、李文、李戡","台北、阳明山","晶报、电话访问、坐牢家爸爸给女儿的八十封信、微博、阳明山、李戡","访谈线、写作线、家庭线、网络线","李敖访谈录1990-2018、坐牢家爸爸给女儿的八十封信、阳痿美国、第73烈士","sui-qianwan-2011-08-18-mainland-edition-of-prison-father-letters-published-with-small-cuts、sui-qianwan-2011-05-17-starts-hello-li-ao-140-char-web-writing、sui-qianwan-2011-09-27-records-six-day-mountain-routine","李敖访谈录1990-2018","053.20110821《晶报·深港书评》专访李敖","7","《大李敖全集5.0》（wjm_tcy版）分章节/007.采访序跋类/005.李敖访谈录1990-2018/053.20110821《晶报·深港书评》专访李敖.txt","","[]","data/timeline-events-li-ao-fangtanlu-1990-2018.json","li-ao-fangtanlu-2011-08-21-jingbao-phone-interview-prison-letters-weibo-writing","{""id"":""li-ao-fangtanlu-2011-08-21-jingbao-phone-interview-prison-letters-weibo-writing"",""date"":""2011-08-21"",""displayDate"":""2011年8月21日星期日"",""datePrecision"":""day"",""title"":""在台北家中接《晶报·深港书评》长途电话，谈家书、微博和晚年写作"",""summary"":""《晶报·深港书评》记者拨通李敖台北家中电话，完成约一个半小时长途访问。李敖围绕大陆新版《坐牢家爸爸给女儿的八十封信》，回忆狱中每周两封、每封不得超过二百字的写信限制；又谈到自己开微博后的写法、几乎每天与李戡通电话的父子节奏、每周六天独自在阳明山“小窝”工作的办法，以及2011年还要继续写“九一一”和台湾选举题材两本书。"",""category"":""interview"",""type"":""李敖当事人事件"",""source"":{""book"":""李敖访谈录1990-2018"",""chapter"":""053.20110821《晶报·深港书评》专访李敖"",""path"":""《大李敖全集5.0》（wjm_tcy版）分章节/007.采访序跋类/005.李敖访谈录1990-2018/053.20110821《晶报·深港书评》专访李敖.txt"",""line"":7,""lines"":[5,7,9,19,43,45,85,87,107,109,153,161],""note"":""《晶报·深港书评》长途电话访问记录李敖谈狱中家书、微博、李戡通话、阳明山作息与写作计划。""},""certainty"":""confirmed"",""tags"":[""晶报"",""电话访问"",""坐牢家爸爸给女儿的八十封信"",""微博"",""阳明山"",""李戡""],""people"":[""李敖"",""李文"",""李戡""],""places"":[""台北"",""阳明山""],""works"":[""李敖访谈录1990-2018"",""坐牢家爸爸给女儿的八十封信"",""阳痿美国"",""第73烈士""],""view"":[""访谈线"",""写作线"",""家庭线"",""网络线""],""crossReferences"":[""sui-qianwan-2011-08-18-mainland-edition-of-prison-father-letters-published-with-small-cuts"",""sui-qianwan-2011-05-17-starts-hello-li-ao-140-char-web-writing"",""sui-qianwan-2011-09-27-records-six-day-mountain-routine""],""dataFile"":""data/timeline-events-li-ao-fangtanlu-1990-2018.json""}"
"25325","2011","2011-08-29","2011年8月29日星期一","day","confirmed","李敖改写《你笨蛋，你笨蛋》","《你笨蛋，你笨蛋》文末署“2011年8月29日改写”。李敖回溯1994、1998、2000三次蓝营选举抉择，把“你笨蛋，你笨蛋”写成对国民党与蓝营选民的集中政治讽刺。","李敖、马英九、陈水扁、连战、黄大洲","台湾","你笨蛋，你笨蛋、改写、国民党、陈水扁、2011","写作线、政治线、论战线","你笨蛋，你笨蛋、你笨蛋，你笨蛋","book8-2011-05-17-opens-sina-weibo-account","你笨蛋，你笨蛋","040.你笨蛋，你笨蛋","45","《大李敖全集5.0》（wjm_tcy版）分章节/003.惊世杂文类/010.你笨蛋，你笨蛋/040.你笨蛋，你笨蛋.txt","","[]","data/timeline-events-ni-bendan.json","ni-bendan-2011-08-29-rewrites-you-idiot-you-idiot","{""id"":""ni-bendan-2011-08-29-rewrites-you-idiot-you-idiot"",""date"":""2011-08-29"",""displayDate"":""2011年8月29日星期一"",""datePrecision"":""day"",""title"":""李敖改写《你笨蛋，你笨蛋》"",""summary"":""《你笨蛋，你笨蛋》文末署“2011年8月29日改写”。李敖回溯1994、1998、2000三次蓝营选举抉择，把“你笨蛋，你笨蛋”写成对国民党与蓝营选民的集中政治讽刺。"",""view"":[""写作线"",""政治线"",""论战线""],""tags"":[""你笨蛋，你笨蛋"",""改写"",""国民党"",""陈水扁"",""2011""],""people"":[""李敖"",""马英九"",""陈水扁"",""连战"",""黄大洲""],""places"":[""台湾""],""works"":[""你笨蛋，你笨蛋"",""你笨蛋，你笨蛋""],""certainty"":""confirmed"",""crossReferences"":[""book8-2011-05-17-opens-sina-weibo-account""],""source"":{""book"":""你笨蛋，你笨蛋"",""chapter"":""040.你笨蛋，你笨蛋"",""path"":""《大李敖全集5.0》（wjm_tcy版）分章节/003.惊世杂文类/010.你笨蛋，你笨蛋/040.你笨蛋，你笨蛋.txt"",""line"":45},""dataFile"":""data/timeline-events-ni-bendan.json""}"
"25326","2011","2011-08-31","2011年8月31日星期三","day","confirmed","接受《辽沈晚报》电话访问，谈微博、出版删节和晚年日常","《辽沈晚报》半小时电话访问李敖时，记者注意到他听力已有下降但思路清晰。李敖谈到《坐牢家爸爸给女儿的八十封信》新版序言被删十六字、自己微博已有二百一十多万粉丝且只关注李戡、陈文茜和赖岳忠；他还说明微博账号由赖岳忠申请设计，自己用 iPad2 手写输入，日常仍读书写作，不愿把老年虚耗掉。","李敖、李戡、陈文茜、赖岳忠、李文","台北、大陆网络平台","辽沈晚报、电话访问、微博、iPad、出版删节、听力","访谈线、网络线、出版线、晚年线","李敖访谈录1990-2018、坐牢家爸爸给女儿的八十封信、阳痿美国、大江大海骗了你、第73烈士","sui-qianwan-2011-05-17-starts-hello-li-ao-140-char-web-writing、sui-qianwan-2011-08-18-mainland-edition-of-prison-father-letters-published-with-small-cuts、sui-qianwan-2011-05-27-receives-citic-edition-of-trial-america","李敖访谈录1990-2018","056.20110831《辽沈晚报》专访李敖","5","《大李敖全集5.0》（wjm_tcy版）分章节/007.采访序跋类/005.李敖访谈录1990-2018/056.20110831《辽沈晚报》专访李敖.txt","","[]","data/timeline-events-li-ao-fangtanlu-1990-2018.json","li-ao-fangtanlu-2011-08-31-liaoshen-phone-interview-weibo-publication-and-daily-life","{""id"":""li-ao-fangtanlu-2011-08-31-liaoshen-phone-interview-weibo-publication-and-daily-life"",""date"":""2011-08-31"",""displayDate"":""2011年8月31日星期三"",""datePrecision"":""day"",""title"":""接受《辽沈晚报》电话访问，谈微博、出版删节和晚年日常"",""summary"":""《辽沈晚报》半小时电话访问李敖时，记者注意到他听力已有下降但思路清晰。李敖谈到《坐牢家爸爸给女儿的八十封信》新版序言被删十六字、自己微博已有二百一十多万粉丝且只关注李戡、陈文茜和赖岳忠；他还说明微博账号由赖岳忠申请设计，自己用 iPad2 手写输入，日常仍读书写作，不愿把老年虚耗掉。"",""category"":""interview"",""type"":""李敖当事人事件"",""source"":{""book"":""李敖访谈录1990-2018"",""chapter"":""056.20110831《辽沈晚报》专访李敖"",""path"":""《大李敖全集5.0》（wjm_tcy版）分章节/007.采访序跋类/005.李敖访谈录1990-2018/056.20110831《辽沈晚报》专访李敖.txt"",""line"":5,""lines"":[5,9,13,17,21,25,65,69,77,89],""note"":""《辽沈晚报》电话访问记录李敖听力、微博使用、家书删节、公交出行和出版受阻。""},""certainty"":""confirmed"",""tags"":[""辽沈晚报"",""电话访问"",""微博"",""iPad"",""出版删节"",""听力""],""people"":[""李敖"",""李戡"",""陈文茜"",""赖岳忠"",""李文""],""places"":[""台北"",""大陆网络平台""],""works"":[""李敖访谈录1990-2018"",""坐牢家爸爸给女儿的八十封信"",""阳痿美国"",""大江大海骗了你"",""第73烈士""],""view"":[""访谈线"",""网络线"",""出版线"",""晚年线""],""crossReferences"":[""sui-qianwan-2011-05-17-starts-hello-li-ao-140-char-web-writing"",""sui-qianwan-2011-08-18-mainland-edition-of-prison-father-letters-published-with-small-cuts"",""sui-qianwan-2011-05-27-receives-citic-edition-of-trial-america""],""dataFile"":""data/timeline-events-li-ao-fangtanlu-1990-2018.json""}"
"25327","2011","2011-09-07","2011年9月7日星期三","day","confirmed","接受《中国新闻周刊》访问，解释《审判美国》与晚年写大书的转向","《中国新闻周刊》访问中，李敖把2011年5月17日开微博说成自己“写不过人吗”的斗气入场，又回顾《阳痿美国》改名《审判美国》在大陆出版。他说自己近半年每天写作十五小时以上，已完成《阳痿美国》《大江大海骗了你》《第73烈士》三本大书，并在访谈现场说明未来会少耗力在台湾政论上，转向更有世界性和长篇结构的写作。","李敖","台湾、大陆出版场","中国新闻周刊、微博、审判美国、阳痿美国、第73烈士、晚年写作","访谈线、写作线、出版线、网络线","李敖访谈录1990-2018、审判美国、阳痿美国、大江大海骗了你、第73烈士","sui-qianwan-2011-05-27-receives-citic-edition-of-trial-america、sui-qianwan-2011-09-publishes-you-idiot-you-idiot-and-counts-four-books-in-year、book7-2010-10-publishes-yangwei-america","李敖访谈录1990-2018","057.20110907《中国新闻周刊》专访李敖","5","《大李敖全集5.0》（wjm_tcy版）分章节/007.采访序跋类/005.李敖访谈录1990-2018/057.20110907《中国新闻周刊》专访李敖.txt","","[]","data/timeline-events-li-ao-fangtanlu-1990-2018.json","li-ao-fangtanlu-2011-09-07-china-news-weekly-interview-america-books","{""id"":""li-ao-fangtanlu-2011-09-07-china-news-weekly-interview-america-books"",""date"":""2011-09-07"",""displayDate"":""2011年9月7日星期三"",""datePrecision"":""day"",""title"":""接受《中国新闻周刊》访问，解释《审判美国》与晚年写大书的转向"",""summary"":""《中国新闻周刊》访问中，李敖把2011年5月17日开微博说成自己“写不过人吗”的斗气入场，又回顾《阳痿美国》改名《审判美国》在大陆出版。他说自己近半年每天写作十五小时以上，已完成《阳痿美国》《大江大海骗了你》《第73烈士》三本大书，并在访谈现场说明未来会少耗力在台湾政论上，转向更有世界性和长篇结构的写作。"",""category"":""interview"",""type"":""李敖当事人事件"",""source"":{""book"":""李敖访谈录1990-2018"",""chapter"":""057.20110907《中国新闻周刊》专访李敖"",""path"":""《大李敖全集5.0》（wjm_tcy版）分章节/007.采访序跋类/005.李敖访谈录1990-2018/057.20110907《中国新闻周刊》专访李敖.txt"",""line"":5,""lines"":[5,13,15,17,19,23,25,27,29,37,67],""note"":""《中国新闻周刊》记录李敖谈微博入场、《审判美国》出版、半年高强度写作和未来转向。""},""certainty"":""confirmed"",""tags"":[""中国新闻周刊"",""微博"",""审判美国"",""阳痿美国"",""第73烈士"",""晚年写作""],""people"":[""李敖""],""places"":[""台湾"",""大陆出版场""],""works"":[""李敖访谈录1990-2018"",""审判美国"",""阳痿美国"",""大江大海骗了你"",""第73烈士""],""view"":[""访谈线"",""写作线"",""出版线"",""网络线""],""crossReferences"":[""sui-qianwan-2011-05-27-receives-citic-edition-of-trial-america"",""sui-qianwan-2011-09-publishes-you-idiot-you-idiot-and-counts-four-books-in-year"",""book7-2010-10-publishes-yangwei-america""],""dataFile"":""data/timeline-events-li-ao-fangtanlu-1990-2018.json""}"
"25328","2011","2011-09-27","2011年9月27日星期二","day","confirmed","李敖记录自己一周六天上山工作的规律","《2011年9月》记，李敖说明自己一周六天上山工作，并把山上书房、日常节奏和晚年劳动习惯写成微博材料。2011年8月多次访谈进一步显示，他常把阳明山“小窝”作为独处劳动的场所，每周六天在那里工作、写作十几个小时，靠“来回带物法”和“念念有词法”处理材料与记忆；这些回述把晚年山居写作从微博短句补成了较完整的日课。","李敖","阳明山、山上书房","虽千万人，李敖往矣、山上书房、工作节奏、日常、写作","日常线、写作线、晚年线","虽千万人，李敖往矣","","虽千万人，李敖往矣","005.2011年9月","289","《大李敖全集5.0》（wjm_tcy版）分章节/005.诗集语录类/005.虽千万人，李敖往矣/005.2011年9月.txt","李敖访谈录1990-2018 / 053.20110821《晶报·深港书评》专访李敖 / line 107 / 说明：《晶报·深港书评》访问补充李敖每周六天独自在阳明山小窝工作、用来回带物法和念念有词法。 / 《大李敖全集5.0》（wjm_tcy版）分章节/007.采访序跋类/005.李敖访谈录1990-2018/053.20110821《晶报·深港书评》专访李敖.txt || 李敖访谈录1990-2018 / 054.20110822《现代快报》专访李敖 / line 57 / 说明：《现代快报》访问补充李敖一周六天在山上、一天写作十六小时与2011年写书目标。 / 《大李敖全集5.0》（wjm_tcy版）分章节/007.采访序跋类/005.李敖访谈录1990-2018/054.20110822《现代快报》专访李敖.txt","[{""book"":""李敖访谈录1990-2018"",""chapter"":""053.20110821《晶报·深港书评》专访李敖"",""path"":""《大李敖全集5.0》（wjm_tcy版）分章节/007.采访序跋类/005.李敖访谈录1990-2018/053.20110821《晶报·深港书评》专访李敖.txt"",""line"":107,""lines"":[107,109,113,115],""note"":""《晶报·深港书评》访问补充李敖每周六天独自在阳明山小窝工作、用来回带物法和念念有词法。""},{""book"":""李敖访谈录1990-2018"",""chapter"":""054.20110822《现代快报》专访李敖"",""path"":""《大李敖全集5.0》（wjm_tcy版）分章节/007.采访序跋类/005.李敖访谈录1990-2018/054.20110822《现代快报》专访李敖.txt"",""line"":57,""lines"":[57,59,61,63,65],""note"":""《现代快报》访问补充李敖一周六天在山上、一天写作十六小时与2011年写书目标。""}]","data/timeline-events-sui-qianwan-li-ao-wangyi.json","sui-qianwan-2011-09-27-records-six-day-mountain-routine","{""id"":""sui-qianwan-2011-09-27-records-six-day-mountain-routine"",""date"":""2011-09-27"",""displayDate"":""2011年9月27日星期二"",""datePrecision"":""day"",""title"":""李敖记录自己一周六天上山工作的规律"",""summary"":""《2011年9月》记，李敖说明自己一周六天上山工作，并把山上书房、日常节奏和晚年劳动习惯写成微博材料。2011年8月多次访谈进一步显示，他常把阳明山“小窝”作为独处劳动的场所，每周六天在那里工作、写作十几个小时，靠“来回带物法”和“念念有词法”处理材料与记忆；这些回述把晚年山居写作从微博短句补成了较完整的日课。"",""view"":[""日常线"",""写作线"",""晚年线""],""tags"":[""虽千万人，李敖往矣"",""山上书房"",""工作节奏"",""日常"",""写作""],""people"":[""李敖""],""places"":[""阳明山"",""山上书房""],""works"":[""虽千万人，李敖往矣""],""certainty"":""confirmed"",""source"":{""book"":""虽千万人，李敖往矣"",""chapter"":""005.2011年9月"",""path"":""《大李敖全集5.0》（wjm_tcy版）分章节/005.诗集语录类/005.虽千万人，李敖往矣/005.2011年9月.txt"",""line"":289},""additionalSources"":[{""book"":""李敖访谈录1990-2018"",""chapter"":""053.20110821《晶报·深港书评》专访李敖"",""path"":""《大李敖全集5.0》（wjm_tcy版）分章节/007.采访序跋类/005.李敖访谈录1990-2018/053.20110821《晶报·深港书评》专访李敖.txt"",""line"":107,""lines"":[107,109,113,115],""note"":""《晶报·深港书评》访问补充李敖每周六天独自在阳明山小窝工作、用来回带物法和念念有词法。""},{""book"":""李敖访谈录1990-2018"",""chapter"":""054.20110822《现代快报》专访李敖"",""path"":""《大李敖全集5.0》（wjm_tcy版）分章节/007.采访序跋类/005.李敖访谈录1990-2018/054.20110822《现代快报》专访李敖.txt"",""line"":57,""lines"":[57,59,61,63,65],""note"":""《现代快报》访问补充李敖一周六天在山上、一天写作十六小时与2011年写书目标。""}],""dataFile"":""data/timeline-events-sui-qianwan-li-ao-wangyi.json""}"
"25329","2011","2011-09-27","2011年9月27日星期二","day","confirmed","李敖到赖岳忠工作室看猫","《2011年9月》记，李敖到赖岳忠工作室，看见猫并由此写出一则日常短文。这条补出赖岳忠作为李敖晚年身边摄影与代发助手之外的生活场景。","李敖、赖岳忠","赖岳忠工作室","虽千万人，李敖往矣、赖岳忠、工作室、猫、日常","交游线、日常线、晚年线","虽千万人，李敖往矣","","虽千万人，李敖往矣","005.2011年9月","283","《大李敖全集5.0》（wjm_tcy版）分章节/005.诗集语录类/005.虽千万人，李敖往矣/005.2011年9月.txt","","[]","data/timeline-events-sui-qianwan-li-ao-wangyi.json","sui-qianwan-2011-09-27-visits-lai-yuezhong-studio-cat","{""id"":""sui-qianwan-2011-09-27-visits-lai-yuezhong-studio-cat"",""date"":""2011-09-27"",""displayDate"":""2011年9月27日星期二"",""datePrecision"":""day"",""title"":""李敖到赖岳忠工作室看猫"",""summary"":""《2011年9月》记，李敖到赖岳忠工作室，看见猫并由此写出一则日常短文。这条补出赖岳忠作为李敖晚年身边摄影与代发助手之外的生活场景。"",""view"":[""交游线"",""日常线"",""晚年线""],""tags"":[""虽千万人，李敖往矣"",""赖岳忠"",""工作室"",""猫"",""日常""],""people"":[""李敖"",""赖岳忠""],""places"":[""赖岳忠工作室""],""works"":[""虽千万人，李敖往矣""],""certainty"":""confirmed"",""source"":{""book"":""虽千万人，李敖往矣"",""chapter"":""005.2011年9月"",""path"":""《大李敖全集5.0》（wjm_tcy版）分章节/005.诗集语录类/005.虽千万人，李敖往矣/005.2011年9月.txt"",""line"":283},""dataFile"":""data/timeline-events-sui-qianwan-li-ao-wangyi.json""}"
"25330","2011","2011-10-09","2011年10月9日星期日","day","confirmed","《亚洲周刊》刊出李敖炮轰国共访问","《梦醒时分》附录二《李敖炮轰国共》刊于香港《亚洲周刊》2011年10月9日。访谈中李敖证实大陆方面曾透过连战劝退宋楚瑜，宋向他征询意见时，他劝宋不要配合共产党；又说自己因大陆打压《阳痿美国》而替宋煽风点火，准备代表亲民党在文山区打马英九老家。","李敖、宋楚瑜、连战、马英九、杨洁篪、童清峰","台湾、香港","我梦碎，所以我梦醒、亚洲周刊、宋楚瑜、马英九、阳痿美国、2011","媒体线、选举线、两岸线","我梦碎，所以我梦醒、阳痿美国、审判美国、你笨蛋，你笨蛋","book6-2005-03-14-questions-xue-shimin-on-nsb-secrecy-and-taizongyuan-money、book6-2005-03-28-presses-xue-to-sue-lee-tenghui-and-attach-taizongyuan-assets、book6-2006-03-06-presses-su-tsengchang-to-admit-abolishing-nuc、ni-bendan-2010-08-13-writes-impotent-america、book7-2010-10-publishes-yangwei-america、li-ao-fangtanlu-2011-08-joins-pfp-and-legislative-run","我梦碎，所以我梦醒","061.梦醒时分","197","《大李敖全集5.0》（wjm_tcy版）分章节/003.惊世杂文类/011.我梦碎，所以我梦醒/061.梦醒时分.txt","我梦碎，所以我梦醒 / 061.梦醒时分 / line 133 / 说明：访谈开头交代宋楚瑜问计与李敖煽动宋参选。 / 《大李敖全集5.0》（wjm_tcy版）分章节/003.惊世杂文类/011.我梦碎，所以我梦醒/061.梦醒时分.txt || 我梦碎，所以我梦醒 / 061.梦醒时分 / line 165 / 说明：补充《阳痿美国》大陆出版受阻与李敖报复说法。 / 《大李敖全集5.0》（wjm_tcy版）分章节/003.惊世杂文类/011.我梦碎，所以我梦醒/061.梦醒时分.txt || 我梦碎，所以我梦醒 / 061.梦醒时分 / line 185 / 说明：补充李敖自述在立法院追台综院款项、并准备向监察院告马英九“内乱外患罪”。 / 《大李敖全集5.0》（wjm_tcy版）分章节/003.惊世杂文类/011.我梦碎，所以我梦醒/061.梦醒时分.txt || 虽千万人，李敖往矣 / 006.2011年10月 / line 41 / 说明：李敖在10月4日微博预告业已上市的10月9日《亚洲周刊》可见完整的李敖。 / 《大李敖全集5.0》（wjm_tcy版）分章节/005.诗集语录类/005.虽千万人，李敖往矣/006.2011年10月.txt || 虽千万人，李敖往矣 / 006.2011年10月 / line 163 / 说明：10月15日微博再把10月9日香港《亚洲周刊》列为自己在媒体封锁下转入第三地出现的一例。 / 《大李敖全集5.0》（wjm_tcy版）分章节/005.诗集语录类/005.虽千万人，李敖往矣/006.2011年10月.txt || 李敖访谈录1990-2018 / 060.20120523《外滩画报》专访李敖 / line 77 / 说明：《外滩画报》访问中李敖回述参选2012年文山区“立委”的目的、宋楚瑜被煽动参选和自己得票约9600票。 / 《大李敖全集5.0》（wjm_tcy版）分章节/007.采访序跋类/005.李敖访谈录1990-2018/060.20120523《外滩画报》专访李敖.txt","[{""book"":""我梦碎，所以我梦醒"",""chapter"":""061.梦醒时分"",""path"":""《大李敖全集5.0》（wjm_tcy版）分章节/003.惊世杂文类/011.我梦碎，所以我梦醒/061.梦醒时分.txt"",""line"":133,""note"":""访谈开头交代宋楚瑜问计与李敖煽动宋参选。""},{""book"":""我梦碎，所以我梦醒"",""chapter"":""061.梦醒时分"",""path"":""《大李敖全集5.0》（wjm_tcy版）分章节/003.惊世杂文类/011.我梦碎，所以我梦醒/061.梦醒时分.txt"",""line"":165,""note"":""补充《阳痿美国》大陆出版受阻与李敖报复说法。""},{""book"":""我梦碎，所以我梦醒"",""chapter"":""061.梦醒时分"",""path"":""《大李敖全集5.0》（wjm_tcy版）分章节/003.惊世杂文类/011.我梦碎，所以我梦醒/061.梦醒时分.txt"",""line"":185,""note"":""补充李敖自述在立法院追台综院款项、并准备向监察院告马英九“内乱外患罪”。""},{""book"":""虽千万人，李敖往矣"",""chapter"":""006.2011年10月"",""path"":""《大李敖全集5.0》（wjm_tcy版）分章节/005.诗集语录类/005.虽千万人，李敖往矣/006.2011年10月.txt"",""line"":41,""note"":""李敖在10月4日微博预告业已上市的10月9日《亚洲周刊》可见完整的李敖。""},{""book"":""虽千万人，李敖往矣"",""chapter"":""006.2011年10月"",""path"":""《大李敖全集5.0》（wjm_tcy版）分章节/005.诗集语录类/005.虽千万人，李敖往矣/006.2011年10月.txt"",""line"":163,""note"":""10月15日微博再把10月9日香港《亚洲周刊》列为自己在媒体封锁下转入第三地出现的一例。""},{""book"":""李敖访谈录1990-2018"",""chapter"":""060.20120523《外滩画报》专访李敖"",""path"":""《大李敖全集5.0》（wjm_tcy版）分章节/007.采访序跋类/005.李敖访谈录1990-2018/060.20120523《外滩画报》专访李敖.txt"",""line"":77,""lines"":[77,79,81,83,91,93,95,99],""note"":""《外滩画报》访问中李敖回述参选2012年文山区“立委”的目的、宋楚瑜被煽动参选和自己得票约9600票。""}]","data/timeline-events-dream-awake.json","dream-awake-2011-10-09-asia-weekly-publishes-li-ao-bombards-kmt-ccp-interview","{""id"":""dream-awake-2011-10-09-asia-weekly-publishes-li-ao-bombards-kmt-ccp-interview"",""date"":""2011-10-09"",""displayDate"":""2011年10月9日星期日"",""datePrecision"":""day"",""title"":""《亚洲周刊》刊出李敖炮轰国共访问"",""summary"":""《梦醒时分》附录二《李敖炮轰国共》刊于香港《亚洲周刊》2011年10月9日。访谈中李敖证实大陆方面曾透过连战劝退宋楚瑜，宋向他征询意见时，他劝宋不要配合共产党；又说自己因大陆打压《阳痿美国》而替宋煽风点火，准备代表亲民党在文山区打马英九老家。"",""view"":[""媒体线"",""选举线"",""两岸线""],""tags"":[""我梦碎，所以我梦醒"",""亚洲周刊"",""宋楚瑜"",""马英九"",""阳痿美国"",""2011""],""people"":[""李敖"",""宋楚瑜"",""连战"",""马英九"",""杨洁篪"",""童清峰""],""places"":[""台湾"",""香港""],""works"":[""我梦碎，所以我梦醒"",""阳痿美国"",""审判美国"",""你笨蛋，你笨蛋""],""certainty"":""confirmed"",""crossReferences"":[""book6-2005-03-14-questions-xue-shimin-on-nsb-secrecy-and-taizongyuan-money"",""book6-2005-03-28-presses-xue-to-sue-lee-tenghui-and-attach-taizongyuan-assets"",""book6-2006-03-06-presses-su-tsengchang-to-admit-abolishing-nuc"",""ni-bendan-2010-08-13-writes-impotent-america"",""book7-2010-10-publishes-yangwei-america"",""li-ao-fangtanlu-2011-08-joins-pfp-and-legislative-run""],""source"":{""book"":""我梦碎，所以我梦醒"",""chapter"":""061.梦醒时分"",""path"":""《大李敖全集5.0》（wjm_tcy版）分章节/003.惊世杂文类/011.我梦碎，所以我梦醒/061.梦醒时分.txt"",""line"":197},""additionalSources"":[{""book"":""我梦碎，所以我梦醒"",""chapter"":""061.梦醒时分"",""path"":""《大李敖全集5.0》（wjm_tcy版）分章节/003.惊世杂文类/011.我梦碎，所以我梦醒/061.梦醒时分.txt"",""line"":133,""note"":""访谈开头交代宋楚瑜问计与李敖煽动宋参选。""},{""book"":""我梦碎，所以我梦醒"",""chapter"":""061.梦醒时分"",""path"":""《大李敖全集5.0》（wjm_tcy版）分章节/003.惊世杂文类/011.我梦碎，所以我梦醒/061.梦醒时分.txt"",""line"":165,""note"":""补充《阳痿美国》大陆出版受阻与李敖报复说法。""},{""book"":""我梦碎，所以我梦醒"",""chapter"":""061.梦醒时分"",""path"":""《大李敖全集5.0》（wjm_tcy版）分章节/003.惊世杂文类/011.我梦碎，所以我梦醒/061.梦醒时分.txt"",""line"":185,""note"":""补充李敖自述在立法院追台综院款项、并准备向监察院告马英九“内乱外患罪”。""},{""book"":""虽千万人，李敖往矣"",""chapter"":""006.2011年10月"",""path"":""《大李敖全集5.0》（wjm_tcy版）分章节/005.诗集语录类/005.虽千万人，李敖往矣/006.2011年10月.txt"",""line"":41,""note"":""李敖在10月4日微博预告业已上市的10月9日《亚洲周刊》可见完整的李敖。""},{""book"":""虽千万人，李敖往矣"",""chapter"":""006.2011年10月"",""path"":""《大李敖全集5.0》（wjm_tcy版）分章节/005.诗集语录类/005.虽千万人，李敖往矣/006.2011年10月.txt"",""line"":163,""note"":""10月15日微博再把10月9日香港《亚洲周刊》列为自己在媒体封锁下转入第三地出现的一例。""},{""book"":""李敖访谈录1990-2018"",""chapter"":""060.20120523《外滩画报》专访李敖"",""path"":""《大李敖全集5.0》（wjm_tcy版）分章节/007.采访序跋类/005.李敖访谈录1990-2018/060.20120523《外滩画报》专访李敖.txt"",""line"":77,""lines"":[77,79,81,83,91,93,95,99],""note"":""《外滩画报》访问中李敖回述参选2012年文山区“立委”的目的、宋楚瑜被煽动参选和自己得票约9600票。""}],""dataFile"":""data/timeline-events-dream-awake.json""}"
"25331","2011","2011-10-10","2011年10月10日星期一","day","confirmed","小屯来电提醒简体转换造成“文件夹”误写","《2011年10月》记，小屯来电指出李敖文本由繁体转简体时，“档案夹”被转换成“文件夹”等问题。李敖把这件小事写成两岸文字转换、出版编辑与家庭协作的一则日常。","李敖、小屯","台湾","虽千万人，李敖往矣、小屯、简繁转换、文件夹、编辑","家庭线、写作线、编辑线","虽千万人，李敖往矣、哈啰李敖","sui-qianwan-2011-05-19-documents-hello-li-ao-production-team","虽千万人，李敖往矣","006.2011年10月","109","《大李敖全集5.0》（wjm_tcy版）分章节/005.诗集语录类/005.虽千万人，李敖往矣/006.2011年10月.txt","","[]","data/timeline-events-sui-qianwan-li-ao-wangyi.json","sui-qianwan-2011-10-10-xiaotun-calls-about-simplified-conversion-error","{""id"":""sui-qianwan-2011-10-10-xiaotun-calls-about-simplified-conversion-error"",""date"":""2011-10-10"",""displayDate"":""2011年10月10日星期一"",""datePrecision"":""day"",""title"":""小屯来电提醒简体转换造成“文件夹”误写"",""summary"":""《2011年10月》记，小屯来电指出李敖文本由繁体转简体时，“档案夹”被转换成“文件夹”等问题。李敖把这件小事写成两岸文字转换、出版编辑与家庭协作的一则日常。"",""view"":[""家庭线"",""写作线"",""编辑线""],""tags"":[""虽千万人，李敖往矣"",""小屯"",""简繁转换"",""文件夹"",""编辑""],""people"":[""李敖"",""小屯""],""places"":[""台湾""],""works"":[""虽千万人，李敖往矣"",""哈啰李敖""],""certainty"":""confirmed"",""source"":{""book"":""虽千万人，李敖往矣"",""chapter"":""006.2011年10月"",""path"":""《大李敖全集5.0》（wjm_tcy版）分章节/005.诗集语录类/005.虽千万人，李敖往矣/006.2011年10月.txt"",""line"":109},""crossReferences"":[""sui-qianwan-2011-05-19-documents-hello-li-ao-production-team""],""dataFile"":""data/timeline-events-sui-qianwan-li-ao-wangyi.json""}"
"25332","2011","2011-10-11","2011年10月11日星期二","day","confirmed","李敖访谈后到华冈路旧书店买书","《2011年10月》记，李敖接受访谈后下午4点多到华冈路一带旧书店买书，并把逛书店、淘旧书与晚年工作材料的补给写进微博。","李敖、赖岳忠","台北、华冈路、旧书店","虽千万人，李敖往矣、访谈、华冈路、旧书店、买书、藏书","日常线、藏书线、媒体线","虽千万人，李敖往矣","","虽千万人，李敖往矣","006.2011年10月","115","《大李敖全集5.0》（wjm_tcy版）分章节/005.诗集语录类/005.虽千万人，李敖往矣/006.2011年10月.txt","","[]","data/timeline-events-sui-qianwan-li-ao-wangyi.json","sui-qianwan-2011-10-11-after-interview-visits-huagang-road-bookstore","{""id"":""sui-qianwan-2011-10-11-after-interview-visits-huagang-road-bookstore"",""date"":""2011-10-11"",""displayDate"":""2011年10月11日星期二"",""datePrecision"":""day"",""title"":""李敖访谈后到华冈路旧书店买书"",""summary"":""《2011年10月》记，李敖接受访谈后下午4点多到华冈路一带旧书店买书，并把逛书店、淘旧书与晚年工作材料的补给写进微博。"",""view"":[""日常线"",""藏书线"",""媒体线""],""tags"":[""虽千万人，李敖往矣"",""访谈"",""华冈路"",""旧书店"",""买书"",""藏书""],""people"":[""李敖"",""赖岳忠""],""places"":[""台北"",""华冈路"",""旧书店""],""works"":[""虽千万人，李敖往矣""],""certainty"":""confirmed"",""source"":{""book"":""虽千万人，李敖往矣"",""chapter"":""006.2011年10月"",""path"":""《大李敖全集5.0》（wjm_tcy版）分章节/005.诗集语录类/005.虽千万人，李敖往矣/006.2011年10月.txt"",""line"":115},""dataFile"":""data/timeline-events-sui-qianwan-li-ao-wangyi.json""}"
"25333","2011","2011-11-05","2011年11月5日","day","confirmed","李敖在政大公企中心以梦碎所以梦醒为演讲题旨","李敖在政大公企中心演讲残本中以“我梦碎所以我梦醒”为题旨，先把个人年龄、历史例证和资料来源说明连在一起。","李敖","台北","李敖演讲集、演讲、政大公企中心、我梦碎所以我梦醒、演讲题旨、梦碎梦醒","演讲线、公共事件线","李敖演讲集、051.20111105李敖政大公企中心演讲","","李敖演讲集","051.20111105李敖政大公企中心演讲","3","《大李敖全集5.0》（wjm_tcy版）分章节/010.节目演讲类/011.李敖演讲集/051.20111105李敖政大公企中心演讲.txt","","[]","data/timeline-events-li-ao-yanjiangji.json","li-ao-yanjiangji-051-frames-fragment-talk-as-wake-after-dream-shattered","{""id"":""li-ao-yanjiangji-051-frames-fragment-talk-as-wake-after-dream-shattered"",""date"":""2011-11-05"",""displayDate"":""2011年11月5日"",""datePrecision"":""day"",""title"":""李敖在政大公企中心以梦碎所以梦醒为演讲题旨"",""summary"":""李敖在政大公企中心演讲残本中以“我梦碎所以我梦醒”为题旨，先把个人年龄、历史例证和资料来源说明连在一起。"",""view"":[""演讲线"",""公共事件线""],""tags"":[""李敖演讲集"",""演讲"",""政大公企中心"",""我梦碎所以我梦醒"",""演讲题旨"",""梦碎梦醒""],""people"":[""李敖""],""places"":[""台北""],""works"":[""李敖演讲集"",""051.20111105李敖政大公企中心演讲""],""certainty"":""confirmed"",""source"":{""book"":""李敖演讲集"",""chapter"":""051.20111105李敖政大公企中心演讲"",""path"":""《大李敖全集5.0》（wjm_tcy版）分章节/010.节目演讲类/011.李敖演讲集/051.20111105李敖政大公企中心演讲.txt"",""line"":3,""lines"":[3,7]},""crossReferences"":[],""dataFile"":""data/timeline-events-li-ao-yanjiangji.json""}"
"25334","2011","2011-11-05","2011年11月5日","day","confirmed","李敖在政大公企中心用《史记》槟榔与西施典故引入商业问题","李敖向听众提起《史记·货殖列传》、台湾槟榔西施和王羲之吃槟榔等材料，把古典文本和商业观察接到一起。","李敖、王羲之、西施","台北","李敖演讲集、演讲、政大公企中心、我梦碎所以我梦醒、史记、货殖列传、槟榔西施、王羲之","演讲线、公共事件线","李敖演讲集、051.20111105李敖政大公企中心演讲、史记·货殖列传","","李敖演讲集","051.20111105李敖政大公企中心演讲","13","《大李敖全集5.0》（wjm_tcy版）分章节/010.节目演讲类/011.李敖演讲集/051.20111105李敖政大公企中心演讲.txt","","[]","data/timeline-events-li-ao-yanjiangji.json","li-ao-yanjiangji-051-uses-shiji-betel-nut-and-xishi-to-lead-business-talk","{""id"":""li-ao-yanjiangji-051-uses-shiji-betel-nut-and-xishi-to-lead-business-talk"",""date"":""2011-11-05"",""displayDate"":""2011年11月5日"",""datePrecision"":""day"",""title"":""李敖在政大公企中心用《史记》槟榔与西施典故引入商业问题"",""summary"":""李敖向听众提起《史记·货殖列传》、台湾槟榔西施和王羲之吃槟榔等材料，把古典文本和商业观察接到一起。"",""view"":[""演讲线"",""公共事件线""],""tags"":[""李敖演讲集"",""演讲"",""政大公企中心"",""我梦碎所以我梦醒"",""史记"",""货殖列传"",""槟榔西施"",""王羲之""],""people"":[""李敖"",""王羲之"",""西施""],""places"":[""台北""],""works"":[""李敖演讲集"",""051.20111105李敖政大公企中心演讲"",""史记·货殖列传""],""certainty"":""confirmed"",""source"":{""book"":""李敖演讲集"",""chapter"":""051.20111105李敖政大公企中心演讲"",""path"":""《大李敖全集5.0》（wjm_tcy版）分章节/010.节目演讲类/011.李敖演讲集/051.20111105李敖政大公企中心演讲.txt"",""line"":13,""lines"":[13]},""crossReferences"":[],""dataFile"":""data/timeline-events-li-ao-yanjiangji.json""}"
"25335","2011","2011-11-05","2011年11月5日","day","confirmed","李敖在政大公企中心用乔治五世年寿与健忘笑话解释自己的演讲方式","李敖谈乔治五世、爱德华八世和同龄歌唱家之死，再以乔治五世健忘笑话说明自己年纪大了会东扯西扯，但会交代每个材料的来源和用意。","李敖、乔治五世、爱德华八世","台北","李敖演讲集、演讲、政大公企中心、我梦碎所以我梦醒、乔治五世、爱德华八世、年龄、演讲方法","演讲线、公共事件线","李敖演讲集、051.20111105李敖政大公企中心演讲","","李敖演讲集","051.20111105李敖政大公企中心演讲","7","《大李敖全集5.0》（wjm_tcy版）分章节/010.节目演讲类/011.李敖演讲集/051.20111105李敖政大公企中心演讲.txt","","[]","data/timeline-events-li-ao-yanjiangji.json","li-ao-yanjiangji-051-uses-george-v-age-and-forgetfulness-to-explain-speaking-style","{""id"":""li-ao-yanjiangji-051-uses-george-v-age-and-forgetfulness-to-explain-speaking-style"",""date"":""2011-11-05"",""displayDate"":""2011年11月5日"",""datePrecision"":""day"",""title"":""李敖在政大公企中心用乔治五世年寿与健忘笑话解释自己的演讲方式"",""summary"":""李敖谈乔治五世、爱德华八世和同龄歌唱家之死，再以乔治五世健忘笑话说明自己年纪大了会东扯西扯，但会交代每个材料的来源和用意。"",""view"":[""演讲线"",""公共事件线""],""tags"":[""李敖演讲集"",""演讲"",""政大公企中心"",""我梦碎所以我梦醒"",""乔治五世"",""爱德华八世"",""年龄"",""演讲方法""],""people"":[""李敖"",""乔治五世"",""爱德华八世""],""places"":[""台北""],""works"":[""李敖演讲集"",""051.20111105李敖政大公企中心演讲""],""certainty"":""confirmed"",""source"":{""book"":""李敖演讲集"",""chapter"":""051.20111105李敖政大公企中心演讲"",""path"":""《大李敖全集5.0》（wjm_tcy版）分章节/010.节目演讲类/011.李敖演讲集/051.20111105李敖政大公企中心演讲.txt"",""line"":7,""lines"":[7,9]},""crossReferences"":[],""dataFile"":""data/timeline-events-li-ao-yanjiangji.json""}"
"25336","2011","2011-11-05","2011年11月5日","day","confirmed","李敖在政大公企中心用范蠡陶朱公说明财富会逼人而来","李敖讲范蠡、西施、勾践和陶朱公故事，说真正懂商业的人不但会赚钱，也会把钱送出去，所以财富会“逼人来”甚至“扑人来”。","李敖、范蠡、西施、勾践","台北","李敖演讲集、演讲、政大公企中心、我梦碎所以我梦醒、范蠡、陶朱公、西施、商业观、财富观","演讲线、公共事件线","李敖演讲集、051.20111105李敖政大公企中心演讲","","李敖演讲集","051.20111105李敖政大公企中心演讲","15","《大李敖全集5.0》（wjm_tcy版）分章节/010.节目演讲类/011.李敖演讲集/051.20111105李敖政大公企中心演讲.txt","","[]","data/timeline-events-li-ao-yanjiangji.json","li-ao-yanjiangji-051-uses-fan-li-and-tao-zhugong-to-say-wealth-forces-itself","{""id"":""li-ao-yanjiangji-051-uses-fan-li-and-tao-zhugong-to-say-wealth-forces-itself"",""date"":""2011-11-05"",""displayDate"":""2011年11月5日"",""datePrecision"":""day"",""title"":""李敖在政大公企中心用范蠡陶朱公说明财富会逼人而来"",""summary"":""李敖讲范蠡、西施、勾践和陶朱公故事，说真正懂商业的人不但会赚钱，也会把钱送出去，所以财富会“逼人来”甚至“扑人来”。"",""view"":[""演讲线"",""公共事件线""],""tags"":[""李敖演讲集"",""演讲"",""政大公企中心"",""我梦碎所以我梦醒"",""范蠡"",""陶朱公"",""西施"",""商业观"",""财富观""],""people"":[""李敖"",""范蠡"",""西施"",""勾践""],""places"":[""台北""],""works"":[""李敖演讲集"",""051.20111105李敖政大公企中心演讲""],""certainty"":""confirmed"",""source"":{""book"":""李敖演讲集"",""chapter"":""051.20111105李敖政大公企中心演讲"",""path"":""《大李敖全集5.0》（wjm_tcy版）分章节/010.节目演讲类/011.李敖演讲集/051.20111105李敖政大公企中心演讲.txt"",""line"":15,""lines"":[15]},""crossReferences"":[],""dataFile"":""data/timeline-events-li-ao-yanjiangji.json""}"
"25337","2011","2011-11-05","2011年11月5日","day","confirmed","李敖在政大公企中心把《阳痿美国》改名删节讲成买书转售经验","李敖对商学院听众说，原名《阳痿美国》的书在大陆只能改作《审判美国》，十五万本一度化成纸浆，最后在胡锦涛访美后才以改名删节本流通。","李敖、胡锦涛","台北","李敖演讲集、演讲、政大公企中心、我梦碎所以我梦醒、阳痿美国、审判美国、出版审查、买书转售","演讲线、公共事件线","李敖演讲集、051.20111105李敖政大公企中心演讲、阳痿美国、审判美国","","李敖演讲集","051.20111105李敖政大公企中心演讲","11","《大李敖全集5.0》（wjm_tcy版）分章节/010.节目演讲类/011.李敖演讲集/051.20111105李敖政大公企中心演讲.txt","","[]","data/timeline-events-li-ao-yanjiangji.json","li-ao-yanjiangji-051-turns-yangwei-america-title-change-into-book-market-lesson","{""id"":""li-ao-yanjiangji-051-turns-yangwei-america-title-change-into-book-market-lesson"",""date"":""2011-11-05"",""displayDate"":""2011年11月5日"",""datePrecision"":""day"",""title"":""李敖在政大公企中心把《阳痿美国》改名删节讲成买书转售经验"",""summary"":""李敖对商学院听众说，原名《阳痿美国》的书在大陆只能改作《审判美国》，十五万本一度化成纸浆，最后在胡锦涛访美后才以改名删节本流通。"",""view"":[""演讲线"",""公共事件线""],""tags"":[""李敖演讲集"",""演讲"",""政大公企中心"",""我梦碎所以我梦醒"",""阳痿美国"",""审判美国"",""出版审查"",""买书转售""],""people"":[""李敖"",""胡锦涛""],""places"":[""台北""],""works"":[""李敖演讲集"",""051.20111105李敖政大公企中心演讲"",""阳痿美国"",""审判美国""],""certainty"":""confirmed"",""source"":{""book"":""李敖演讲集"",""chapter"":""051.20111105李敖政大公企中心演讲"",""path"":""《大李敖全集5.0》（wjm_tcy版）分章节/010.节目演讲类/011.李敖演讲集/051.20111105李敖政大公企中心演讲.txt"",""line"":11,""lines"":[11]},""crossReferences"":[],""dataFile"":""data/timeline-events-li-ao-yanjiangji.json""}"
"25338","2011","2011-11-17","2011年11月17日星期四","day","confirmed","李敖卧床仰写《梦醒时分》","《梦醒时分》文末署“2011年11月17日清早6点20分，卧床仰写在中国台湾”。李敖在本书收束章中把前面各类“梦碎”样本归纳为十三点结论，并明确把“中国是唯一选择”作为梦醒后的方向。","李敖","台湾","我梦碎，所以我梦醒、梦醒时分、卧床仰写、2011","写作线、思想线、晚年线","我梦碎，所以我梦醒、梦醒时分","","我梦碎，所以我梦醒","061.梦醒时分","55","《大李敖全集5.0》（wjm_tcy版）分章节/003.惊世杂文类/011.我梦碎，所以我梦醒/061.梦醒时分.txt","","[]","data/timeline-events-dream-awake.json","dream-awake-2011-11-17-writes-closing-chapter-while-lying-in-bed","{""id"":""dream-awake-2011-11-17-writes-closing-chapter-while-lying-in-bed"",""date"":""2011-11-17"",""displayDate"":""2011年11月17日星期四"",""datePrecision"":""day"",""title"":""李敖卧床仰写《梦醒时分》"",""summary"":""《梦醒时分》文末署“2011年11月17日清早6点20分，卧床仰写在中国台湾”。李敖在本书收束章中把前面各类“梦碎”样本归纳为十三点结论，并明确把“中国是唯一选择”作为梦醒后的方向。"",""view"":[""写作线"",""思想线"",""晚年线""],""tags"":[""我梦碎，所以我梦醒"",""梦醒时分"",""卧床仰写"",""2011""],""people"":[""李敖""],""places"":[""台湾""],""works"":[""我梦碎，所以我梦醒"",""梦醒时分""],""certainty"":""confirmed"",""source"":{""book"":""我梦碎，所以我梦醒"",""chapter"":""061.梦醒时分"",""path"":""《大李敖全集5.0》（wjm_tcy版）分章节/003.惊世杂文类/011.我梦碎，所以我梦醒/061.梦醒时分.txt"",""line"":55},""dataFile"":""data/timeline-events-dream-awake.json""}"
"25339","2011","2011-11-23","2011年11月23日星期三","day","confirmed","接受《华西都市报》107分钟专访，回应晚年形象、财富、亲情和遗体捐赠","“2011第六届中国作家富豪榜”发布前夕，李敖接受《华西都市报》107分钟独家专访。访谈中他从2010年上海世博行的生活礼貌谈到文字中的争斗，又谈亲情距离、希望李戡做大学教授、钱与自由、在狱中如何靠知识把心放到牢外，以及早年已公开把遗体和遗骨都捐给台大医院“大体解剖”。","李敖、李戡、李文、马寅初","上海、台湾、台大医院","华西都市报、作家富豪榜、李戡、亲情、遗体捐赠、狱中思考","访谈线、家庭线、晚年线、身体线","李敖访谈录1990-2018、北京法源寺","book5-1998-08-07-finishes-zhili-ji-and-body-donation-note、li-ao-fangtanlu-2010-08-26-family-expo-fuchun-trip","李敖访谈录1990-2018","058.20111123《华西都市报》专访李敖","17","《大李敖全集5.0》（wjm_tcy版）分章节/007.采访序跋类/005.李敖访谈录1990-2018/058.20111123《华西都市报》专访李敖.txt","","[]","data/timeline-events-li-ao-fangtanlu-1990-2018.json","li-ao-fangtanlu-2011-11-23-huaxi-107-minute-interview-many-sided-life","{""id"":""li-ao-fangtanlu-2011-11-23-huaxi-107-minute-interview-many-sided-life"",""date"":""2011-11-23"",""displayDate"":""2011年11月23日星期三"",""datePrecision"":""day"",""title"":""接受《华西都市报》107分钟专访，回应晚年形象、财富、亲情和遗体捐赠"",""summary"":""“2011第六届中国作家富豪榜”发布前夕，李敖接受《华西都市报》107分钟独家专访。访谈中他从2010年上海世博行的生活礼貌谈到文字中的争斗，又谈亲情距离、希望李戡做大学教授、钱与自由、在狱中如何靠知识把心放到牢外，以及早年已公开把遗体和遗骨都捐给台大医院“大体解剖”。"",""category"":""interview"",""type"":""李敖当事人事件"",""source"":{""book"":""李敖访谈录1990-2018"",""chapter"":""058.20111123《华西都市报》专访李敖"",""path"":""《大李敖全集5.0》（wjm_tcy版）分章节/007.采访序跋类/005.李敖访谈录1990-2018/058.20111123《华西都市报》专访李敖.txt"",""line"":17,""lines"":[17,19,31,45,61,67,77,93,97,115,117,121,153,155,173,175,221,223],""note"":""《华西都市报》107分钟访问记录李敖回应晚年形象、父子关系、财富自由、狱中精神活动和遗体捐赠。""},""certainty"":""confirmed"",""tags"":[""华西都市报"",""作家富豪榜"",""李戡"",""亲情"",""遗体捐赠"",""狱中思考""],""people"":[""李敖"",""李戡"",""李文"",""马寅初""],""places"":[""上海"",""台湾"",""台大医院""],""works"":[""李敖访谈录1990-2018"",""北京法源寺""],""view"":[""访谈线"",""家庭线"",""晚年线"",""身体线""],""crossReferences"":[""book5-1998-08-07-finishes-zhili-ji-and-body-donation-note"",""li-ao-fangtanlu-2010-08-26-family-expo-fuchun-trip""],""dataFile"":""data/timeline-events-li-ao-fangtanlu-1990-2018.json""}"
"25340","2011","2011-11-26","2011年11月26日星期六","day","confirmed","李敖写《我梦碎，所以我梦醒》序","《我梦碎，所以我梦醒》序文末署“2011年11月26日在中国台湾”。李敖在序中说自己继2011年2月用40天写《大江大海骗了你》后，9个月后只花17天写成这本书；又说明自己75岁后渐弃电视口伐、回归书房笔诛，每天工作18小时，并以躺着仰写的方式完成这部应时之书。","李敖","台湾","我梦碎，所以我梦醒、序、大江大海骗了你、17天、2011","写作线、晚年线、思想线","我梦碎，所以我梦醒、大江大海骗了你","book7-2011-publishes-i-dream-broken-so-i-awake-and-lists-eight-directions","我梦碎，所以我梦醒","《我梦碎，所以我梦醒》序","121","《大李敖全集5.0》（wjm_tcy版）分章节/003.惊世杂文类/011.我梦碎，所以我梦醒/《我梦碎，所以我梦醒》序.txt","我梦碎，所以我梦醒 / 《我梦碎，所以我梦醒》序 / line 5 / 说明：序中自述继《大江大海骗了你》后用17天写成本书。 / 《大李敖全集5.0》（wjm_tcy版）分章节/003.惊世杂文类/011.我梦碎，所以我梦醒/《我梦碎，所以我梦醒》序.txt || 我梦碎，所以我梦醒 / 《我梦碎，所以我梦醒》序 / line 111 / 说明：补充躺着仰写和使用PILOT G-2 05钢珠笔的写作细节。 / 《大李敖全集5.0》（wjm_tcy版）分章节/003.惊世杂文类/011.我梦碎，所以我梦醒/《我梦碎，所以我梦醒》序.txt || 虽千万人，李敖往矣 / 012.2013年6月 / line 163 / 说明：2013年6月回述2011岁暮写成《我梦碎，所以我梦醒》，并说明该书因《阳痿美国》余波在大陆出版受阻。 / 《大李敖全集5.0》（wjm_tcy版）分章节/005.诗集语录类/005.虽千万人，李敖往矣/012.2013年6月.txt","[{""book"":""我梦碎，所以我梦醒"",""chapter"":""《我梦碎，所以我梦醒》序"",""path"":""《大李敖全集5.0》（wjm_tcy版）分章节/003.惊世杂文类/011.我梦碎，所以我梦醒/《我梦碎，所以我梦醒》序.txt"",""line"":5,""note"":""序中自述继《大江大海骗了你》后用17天写成本书。""},{""book"":""我梦碎，所以我梦醒"",""chapter"":""《我梦碎，所以我梦醒》序"",""path"":""《大李敖全集5.0》（wjm_tcy版）分章节/003.惊世杂文类/011.我梦碎，所以我梦醒/《我梦碎，所以我梦醒》序.txt"",""line"":111,""note"":""补充躺着仰写和使用PILOT G-2 05钢珠笔的写作细节。""},{""book"":""虽千万人，李敖往矣"",""chapter"":""012.2013年6月"",""path"":""《大李敖全集5.0》（wjm_tcy版）分章节/005.诗集语录类/005.虽千万人，李敖往矣/012.2013年6月.txt"",""line"":163,""note"":""2013年6月回述2011岁暮写成《我梦碎，所以我梦醒》，并说明该书因《阳痿美国》余波在大陆出版受阻。""}]","data/timeline-events-dream-awake.json","dream-awake-2011-11-26-writes-preface-after-seventeen-day-book","{""id"":""dream-awake-2011-11-26-writes-preface-after-seventeen-day-book"",""date"":""2011-11-26"",""displayDate"":""2011年11月26日星期六"",""datePrecision"":""day"",""title"":""李敖写《我梦碎，所以我梦醒》序"",""summary"":""《我梦碎，所以我梦醒》序文末署“2011年11月26日在中国台湾”。李敖在序中说自己继2011年2月用40天写《大江大海骗了你》后，9个月后只花17天写成这本书；又说明自己75岁后渐弃电视口伐、回归书房笔诛，每天工作18小时，并以躺着仰写的方式完成这部应时之书。"",""view"":[""写作线"",""晚年线"",""思想线""],""tags"":[""我梦碎，所以我梦醒"",""序"",""大江大海骗了你"",""17天"",""2011""],""people"":[""李敖""],""places"":[""台湾""],""works"":[""我梦碎，所以我梦醒"",""大江大海骗了你""],""certainty"":""confirmed"",""crossReferences"":[""book7-2011-publishes-i-dream-broken-so-i-awake-and-lists-eight-directions""],""source"":{""book"":""我梦碎，所以我梦醒"",""chapter"":""《我梦碎，所以我梦醒》序"",""path"":""《大李敖全集5.0》（wjm_tcy版）分章节/003.惊世杂文类/011.我梦碎，所以我梦醒/《我梦碎，所以我梦醒》序.txt"",""line"":121},""additionalSources"":[{""book"":""我梦碎，所以我梦醒"",""chapter"":""《我梦碎，所以我梦醒》序"",""path"":""《大李敖全集5.0》（wjm_tcy版）分章节/003.惊世杂文类/011.我梦碎，所以我梦醒/《我梦碎，所以我梦醒》序.txt"",""line"":5,""note"":""序中自述继《大江大海骗了你》后用17天写成本书。""},{""book"":""我梦碎，所以我梦醒"",""chapter"":""《我梦碎，所以我梦醒》序"",""path"":""《大李敖全集5.0》（wjm_tcy版）分章节/003.惊世杂文类/011.我梦碎，所以我梦醒/《我梦碎，所以我梦醒》序.txt"",""line"":111,""note"":""补充躺着仰写和使用PILOT G-2 05钢珠笔的写作细节。""},{""book"":""虽千万人，李敖往矣"",""chapter"":""012.2013年6月"",""path"":""《大李敖全集5.0》（wjm_tcy版）分章节/005.诗集语录类/005.虽千万人，李敖往矣/012.2013年6月.txt"",""line"":163,""note"":""2013年6月回述2011岁暮写成《我梦碎，所以我梦醒》，并说明该书因《阳痿美国》余波在大陆出版受阻。""}],""dataFile"":""data/timeline-events-dream-awake.json""}"
"25341","2011","2011-02-28","2011年2月","month","confirmed","李敖为《大江大海骗了你》写书衣词","《〈大江大海骗了你〉书衣词》署期仅作“2011年2月”。李敖在书衣词中集中火力批驳龙应台《大江大海一九四九》的叙事与姿态，把这本书包装成拆穿“文明话术”的入口。","李敖、龙应台","台湾","你笨蛋，你笨蛋、大江大海骗了你、龙应台、待校日、2011","写作线、出版线、论战线","你笨蛋，你笨蛋、大江大海骗了你、大江大海一九四九","book8-2011-05-17-opens-sina-weibo-account、book7-2011-03-03-submits-manuscript-of-the-73rd-martyr、book7-2011-03-11-asks-wang-yu-for-photo-for-the-73rd-martyr","你笨蛋，你笨蛋","035.《大江大海骗了你》书衣词","33","《大李敖全集5.0》（wjm_tcy版）分章节/003.惊世杂文类/010.你笨蛋，你笨蛋/035.《大江大海骗了你》书衣词.txt","","[]","data/timeline-events-ni-bendan.json","ni-bendan-2011-02-writes-book-jacket-words-for-big-river-sea-deceived-you","{""id"":""ni-bendan-2011-02-writes-book-jacket-words-for-big-river-sea-deceived-you"",""date"":""2011-02-28"",""displayDate"":""2011年2月"",""datePrecision"":""month"",""title"":""李敖为《大江大海骗了你》写书衣词"",""summary"":""《〈大江大海骗了你〉书衣词》署期仅作“2011年2月”。李敖在书衣词中集中火力批驳龙应台《大江大海一九四九》的叙事与姿态，把这本书包装成拆穿“文明话术”的入口。"",""view"":[""写作线"",""出版线"",""论战线""],""tags"":[""你笨蛋，你笨蛋"",""大江大海骗了你"",""龙应台"",""待校日"",""2011""],""people"":[""李敖"",""龙应台""],""places"":[""台湾""],""works"":[""你笨蛋，你笨蛋"",""大江大海骗了你"",""大江大海一九四九""],""certainty"":""confirmed"",""crossReferences"":[""book8-2011-05-17-opens-sina-weibo-account"",""book7-2011-03-03-submits-manuscript-of-the-73rd-martyr"",""book7-2011-03-11-asks-wang-yu-for-photo-for-the-73rd-martyr""],""source"":{""book"":""你笨蛋，你笨蛋"",""chapter"":""035.《大江大海骗了你》书衣词"",""path"":""《大李敖全集5.0》（wjm_tcy版）分章节/003.惊世杂文类/010.你笨蛋，你笨蛋/035.《大江大海骗了你》书衣词.txt"",""line"":33},""dataFile"":""data/timeline-events-ni-bendan.json""}"
"25342","2011","2011-03-02","约2011年3月2日星期三","undated-context","contextual","李敖为《第73烈士》赴李师科与圆山忠烈祠取材","《〈第73烈士〉志缘》写，陈中雄陪李敖去看李师科的“忠烈祠”，赖岳忠又陪他去圆山“忠烈祠”；李敖还骗开宪兵，让赖岳忠偷拍到禁止摄影的画面。这些动作构成《第73烈士》写作期的现场取材链。","李敖、陈中雄、赖岳忠","李师科忠烈祠、圆山忠烈祠、台北","你笨蛋，你笨蛋、第73烈士、李师科、忠烈祠、待校日、2011","写作线、取材线、交游线","你笨蛋，你笨蛋、第73烈士","martyr-73-2011-before-mar-03-li-shike-event-shapes-composite-plot、book7-2011-03-03-submits-manuscript-of-the-73rd-martyr、ni-bendan-2011-spring-month-range-writes-73rd-martyr-epilogue、micang-diary-1984-05-12-visits-yuanshan-taiyuan-martyrs-tomb","你笨蛋，你笨蛋","036.《第73烈士》志缘","15","《大李敖全集5.0》（wjm_tcy版）分章节/003.惊世杂文类/010.你笨蛋，你笨蛋/036.《第73烈士》志缘.txt","第73烈士 / 008.附录——《第73烈士》志缘 / line 15 / 《大李敖全集5.0》（wjm_tcy版）分章节/004.小说剧本类/006.第73烈士/008.附录——《第73烈士》志缘.txt","[{""book"":""第73烈士"",""chapter"":""008.附录——《第73烈士》志缘"",""path"":""《大李敖全集5.0》（wjm_tcy版）分章节/004.小说剧本类/006.第73烈士/008.附录——《第73烈士》志缘.txt"",""line"":15}]","data/timeline-events-ni-bendan.json","ni-bendan-2011-before-mar-03-researches-li-shike-and-yuanshan-martyrs-shrines","{""id"":""ni-bendan-2011-before-mar-03-researches-li-shike-and-yuanshan-martyrs-shrines"",""date"":""2011-03-02"",""displayDate"":""约2011年3月2日星期三"",""datePrecision"":""undated-context"",""title"":""李敖为《第73烈士》赴李师科与圆山忠烈祠取材"",""summary"":""《〈第73烈士〉志缘》写，陈中雄陪李敖去看李师科的“忠烈祠”，赖岳忠又陪他去圆山“忠烈祠”；李敖还骗开宪兵，让赖岳忠偷拍到禁止摄影的画面。这些动作构成《第73烈士》写作期的现场取材链。"",""view"":[""写作线"",""取材线"",""交游线""],""tags"":[""你笨蛋，你笨蛋"",""第73烈士"",""李师科"",""忠烈祠"",""待校日"",""2011""],""people"":[""李敖"",""陈中雄"",""赖岳忠""],""places"":[""李师科忠烈祠"",""圆山忠烈祠"",""台北""],""works"":[""你笨蛋，你笨蛋"",""第73烈士""],""certainty"":""contextual"",""crossReferences"":[""martyr-73-2011-before-mar-03-li-shike-event-shapes-composite-plot"",""book7-2011-03-03-submits-manuscript-of-the-73rd-martyr"",""ni-bendan-2011-spring-month-range-writes-73rd-martyr-epilogue"",""micang-diary-1984-05-12-visits-yuanshan-taiyuan-martyrs-tomb""],""source"":{""book"":""你笨蛋，你笨蛋"",""chapter"":""036.《第73烈士》志缘"",""path"":""《大李敖全集5.0》（wjm_tcy版）分章节/003.惊世杂文类/010.你笨蛋，你笨蛋/036.《第73烈士》志缘.txt"",""line"":15},""additionalSources"":[{""book"":""第73烈士"",""chapter"":""008.附录——《第73烈士》志缘"",""path"":""《大李敖全集5.0》（wjm_tcy版）分章节/004.小说剧本类/006.第73烈士/008.附录——《第73烈士》志缘.txt"",""line"":15}],""dataFile"":""data/timeline-events-ni-bendan.json""}"
"25343","2011","2011-03-02","约2011年3月2日星期三","undated-context","reported-by-author","李敖因李师科事件形成合并《第73烈士》小说情节的构想","《〈第73烈士〉志缘》写，李师科事件引起李敖“合并小说情节的构想”。此条只记录附录中李敖自述的现实创作构思，不把正文里的李师科、林光烈、王宇等剧情当作现实事件；因原文未给构思发生日期，暂以上交完稿前的构思定型期作约略锚点。","李敖、李师科","台北","第73烈士、李师科、小说构思、情节合并、待校日、2011","写作线、取材线、史识线","第73烈士、《第73烈士》志缘","martyr-73-1961-about-collects-mo-jipeng-calligraphy-and-conceives-novel、ni-bendan-2011-before-mar-03-researches-li-shike-and-yuanshan-martyrs-shrines、book7-2011-03-03-submits-manuscript-of-the-73rd-martyr、ni-bendan-2011-spring-month-range-writes-73rd-martyr-epilogue","第73烈士","008.附录——《第73烈士》志缘","7","《大李敖全集5.0》（wjm_tcy版）分章节/004.小说剧本类/006.第73烈士/008.附录——《第73烈士》志缘.txt","","[]","data/timeline-events-73rd-martyr.json","martyr-73-2011-before-mar-03-li-shike-event-shapes-composite-plot","{""id"":""martyr-73-2011-before-mar-03-li-shike-event-shapes-composite-plot"",""date"":""2011-03-02"",""displayDate"":""约2011年3月2日星期三"",""datePrecision"":""undated-context"",""title"":""李敖因李师科事件形成合并《第73烈士》小说情节的构想"",""summary"":""《〈第73烈士〉志缘》写，李师科事件引起李敖“合并小说情节的构想”。此条只记录附录中李敖自述的现实创作构思，不把正文里的李师科、林光烈、王宇等剧情当作现实事件；因原文未给构思发生日期，暂以上交完稿前的构思定型期作约略锚点。"",""view"":[""写作线"",""取材线"",""史识线""],""tags"":[""第73烈士"",""李师科"",""小说构思"",""情节合并"",""待校日"",""2011""],""people"":[""李敖"",""李师科""],""places"":[""台北""],""works"":[""第73烈士"",""《第73烈士》志缘""],""certainty"":""reported-by-author"",""crossReferences"":[""martyr-73-1961-about-collects-mo-jipeng-calligraphy-and-conceives-novel"",""ni-bendan-2011-before-mar-03-researches-li-shike-and-yuanshan-martyrs-shrines"",""book7-2011-03-03-submits-manuscript-of-the-73rd-martyr"",""ni-bendan-2011-spring-month-range-writes-73rd-martyr-epilogue""],""source"":{""book"":""第73烈士"",""chapter"":""008.附录——《第73烈士》志缘"",""path"":""《大李敖全集5.0》（wjm_tcy版）分章节/004.小说剧本类/006.第73烈士/008.附录——《第73烈士》志缘.txt"",""line"":7},""dataFile"":""data/timeline-events-73rd-martyr.json""}"
"25344","2011","2011-03-02","约2011年3月2日星期三","undated-context","contextual","李敖赴广州上黄花岗后决心快速写完《第73烈士》","《〈第73烈士〉志缘》写，李敖在刘长乐安排下特别去了一趟广州、上了一次黄花岗，回来以后决心快速写完《第73烈士》。这一趟实地到访构成了交稿前最明确的写作触发动作。","李敖、刘长乐","广州、黄花岗","你笨蛋，你笨蛋、第73烈士、黄花岗、广州、待校日、2011","写作线、取材线、大陆线","你笨蛋，你笨蛋、第73烈士","book7-2011-03-03-submits-manuscript-of-the-73rd-martyr、book7-2011-04-27-marks-publication-of-the-73rd-martyr-with-corrected-date","你笨蛋，你笨蛋","036.《第73烈士》志缘","9","《大李敖全集5.0》（wjm_tcy版）分章节/003.惊世杂文类/010.你笨蛋，你笨蛋/036.《第73烈士》志缘.txt","第73烈士 / 008.附录——《第73烈士》志缘 / line 9 / 《大李敖全集5.0》（wjm_tcy版）分章节/004.小说剧本类/006.第73烈士/008.附录——《第73烈士》志缘.txt","[{""book"":""第73烈士"",""chapter"":""008.附录——《第73烈士》志缘"",""path"":""《大李敖全集5.0》（wjm_tcy版）分章节/004.小说剧本类/006.第73烈士/008.附录——《第73烈士》志缘.txt"",""line"":9}]","data/timeline-events-ni-bendan.json","ni-bendan-2011-before-mar-03-visits-huanghuagang-and-decides-to-finish-73rd-martyr","{""id"":""ni-bendan-2011-before-mar-03-visits-huanghuagang-and-decides-to-finish-73rd-martyr"",""date"":""2011-03-02"",""displayDate"":""约2011年3月2日星期三"",""datePrecision"":""undated-context"",""title"":""李敖赴广州上黄花岗后决心快速写完《第73烈士》"",""summary"":""《〈第73烈士〉志缘》写，李敖在刘长乐安排下特别去了一趟广州、上了一次黄花岗，回来以后决心快速写完《第73烈士》。这一趟实地到访构成了交稿前最明确的写作触发动作。"",""view"":[""写作线"",""取材线"",""大陆线""],""tags"":[""你笨蛋，你笨蛋"",""第73烈士"",""黄花岗"",""广州"",""待校日"",""2011""],""people"":[""李敖"",""刘长乐""],""places"":[""广州"",""黄花岗""],""works"":[""你笨蛋，你笨蛋"",""第73烈士""],""certainty"":""contextual"",""crossReferences"":[""book7-2011-03-03-submits-manuscript-of-the-73rd-martyr"",""book7-2011-04-27-marks-publication-of-the-73rd-martyr-with-corrected-date""],""source"":{""book"":""你笨蛋，你笨蛋"",""chapter"":""036.《第73烈士》志缘"",""path"":""《大李敖全集5.0》（wjm_tcy版）分章节/003.惊世杂文类/010.你笨蛋，你笨蛋/036.《第73烈士》志缘.txt"",""line"":9},""additionalSources"":[{""book"":""第73烈士"",""chapter"":""008.附录——《第73烈士》志缘"",""path"":""《大李敖全集5.0》（wjm_tcy版）分章节/004.小说剧本类/006.第73烈士/008.附录——《第73烈士》志缘.txt"",""line"":9}],""dataFile"":""data/timeline-events-ni-bendan.json""}"
"25345","2011","2011-03-31","2011年3月31日星期四后","after-date-context","inferred","李敖为厦门大学聘书写三首诗，分别致朱崇实、陈支平、陈平景","《关于厦门大学聘书诗三首》说明，厦门大学跟进聘李敖为终身讲座教授后，李敖写三首诗：一给朱崇实校长，一给陈支平院长，一给居中传信的陈平景。此事与2011年3月31日厦门大学名誉教授聘书链相连。","李敖、朱崇实、陈支平、陈平景","厦门大学、厦门","厦门大学、聘书诗、朱崇实、陈支平、陈平景、2011","写作线、交游线、大陆线","关于厦门大学聘书诗三首、李敖杂文集","book7-2011-03-31-receives-xiamen-university-honorary-professorship","李敖杂文集","009.关于厦门大学聘书诗三首","3","《大李敖全集5.0》（wjm_tcy版）分章节/003.惊世杂文类/014.李敖杂文集/009.关于厦门大学聘书诗三首.txt","","[]","data/timeline-events-li-ao-zawenji.json","li-ao-zawenji-2011-after-mar-31-writes-three-poems-for-xiamen-honorary-post","{""id"":""li-ao-zawenji-2011-after-mar-31-writes-three-poems-for-xiamen-honorary-post"",""date"":""2011-03-31"",""displayDate"":""2011年3月31日星期四后"",""datePrecision"":""after-date-context"",""title"":""李敖为厦门大学聘书写三首诗，分别致朱崇实、陈支平、陈平景"",""summary"":""《关于厦门大学聘书诗三首》说明，厦门大学跟进聘李敖为终身讲座教授后，李敖写三首诗：一给朱崇实校长，一给陈支平院长，一给居中传信的陈平景。此事与2011年3月31日厦门大学名誉教授聘书链相连。"",""view"":[""写作线"",""交游线"",""大陆线""],""tags"":[""厦门大学"",""聘书诗"",""朱崇实"",""陈支平"",""陈平景"",""2011""],""people"":[""李敖"",""朱崇实"",""陈支平"",""陈平景""],""places"":[""厦门大学"",""厦门""],""works"":[""关于厦门大学聘书诗三首"",""李敖杂文集""],""certainty"":""inferred"",""source"":{""book"":""李敖杂文集"",""chapter"":""009.关于厦门大学聘书诗三首"",""path"":""《大李敖全集5.0》（wjm_tcy版）分章节/003.惊世杂文类/014.李敖杂文集/009.关于厦门大学聘书诗三首.txt"",""line"":3},""crossReferences"":[""book7-2011-03-31-receives-xiamen-university-honorary-professorship""],""dataFile"":""data/timeline-events-li-ao-zawenji.json""}"
"25346","2011","2011-03-31","2011年春季","season","confirmed","李敖为《我也李敖一下》祖国版写序","《潘毓刚〈我也李敖一下〉祖国版序》末署“2011年，建国百年之春”。李敖借为潘毓刚此书写祖国版序，继续铺陈自己关于第一流知识分子的标准、中国认同与政治归属的判断。","李敖、潘毓刚","台湾、中国大陆","你笨蛋，你笨蛋、我也李敖一下、潘毓刚、祖国版序、2011","写作线、出版线、思想线","你笨蛋，你笨蛋、我也李敖一下","","你笨蛋，你笨蛋","033.潘毓刚《我也李敖一下》祖国版序","94","《大李敖全集5.0》（wjm_tcy版）分章节/003.惊世杂文类/010.你笨蛋，你笨蛋/033.潘毓刚《我也李敖一下》祖国版序.txt","","[]","data/timeline-events-ni-bendan.json","ni-bendan-2011-spring-writes-mainland-preface-for-wo-ye-li-ao-yixia","{""id"":""ni-bendan-2011-spring-writes-mainland-preface-for-wo-ye-li-ao-yixia"",""date"":""2011-03-31"",""displayDate"":""2011年春季"",""datePrecision"":""season"",""title"":""李敖为《我也李敖一下》祖国版写序"",""summary"":""《潘毓刚〈我也李敖一下〉祖国版序》末署“2011年，建国百年之春”。李敖借为潘毓刚此书写祖国版序，继续铺陈自己关于第一流知识分子的标准、中国认同与政治归属的判断。"",""view"":[""写作线"",""出版线"",""思想线""],""tags"":[""你笨蛋，你笨蛋"",""我也李敖一下"",""潘毓刚"",""祖国版序"",""2011""],""people"":[""李敖"",""潘毓刚""],""places"":[""台湾"",""中国大陆""],""works"":[""你笨蛋，你笨蛋"",""我也李敖一下""],""certainty"":""confirmed"",""source"":{""book"":""你笨蛋，你笨蛋"",""chapter"":""033.潘毓刚《我也李敖一下》祖国版序"",""path"":""《大李敖全集5.0》（wjm_tcy版）分章节/003.惊世杂文类/010.你笨蛋，你笨蛋/033.潘毓刚《我也李敖一下》祖国版序.txt"",""line"":94},""dataFile"":""data/timeline-events-ni-bendan.json""}"
"25347","2011","2011-04-26","约2011年4月26日星期二","undated-context","contextual","李敖亲手触到温生才遗留的辫子和脚镣","《〈第73烈士〉志缘》写，李敖称自己“亲眼看到、亲手触到”温生才被砍头后留下的辫子和脚镣，并感谢邵铭煌主任给他这个机会。此举为《第73烈士》提供了极强的实物史料触感。","李敖、邵铭煌、温生才","台北","你笨蛋，你笨蛋、第73烈士、温生才、脚镣、待校日、2011","写作线、文献线、取材线","你笨蛋，你笨蛋、第73烈士","book7-2011-04-27-marks-publication-of-the-73rd-martyr-with-corrected-date、ni-bendan-2011-spring-month-range-writes-73rd-martyr-epilogue","你笨蛋，你笨蛋","036.《第73烈士》志缘","17","《大李敖全集5.0》（wjm_tcy版）分章节/003.惊世杂文类/010.你笨蛋，你笨蛋/036.《第73烈士》志缘.txt","第73烈士 / 008.附录——《第73烈士》志缘 / line 17 / 《大李敖全集5.0》（wjm_tcy版）分章节/004.小说剧本类/006.第73烈士/008.附录——《第73烈士》志缘.txt","[{""book"":""第73烈士"",""chapter"":""008.附录——《第73烈士》志缘"",""path"":""《大李敖全集5.0》（wjm_tcy版）分章节/004.小说剧本类/006.第73烈士/008.附录——《第73烈士》志缘.txt"",""line"":17}]","data/timeline-events-ni-bendan.json","ni-bendan-2011-before-apr-27-handles-wen-shengcai-relics","{""id"":""ni-bendan-2011-before-apr-27-handles-wen-shengcai-relics"",""date"":""2011-04-26"",""displayDate"":""约2011年4月26日星期二"",""datePrecision"":""undated-context"",""title"":""李敖亲手触到温生才遗留的辫子和脚镣"",""summary"":""《〈第73烈士〉志缘》写，李敖称自己“亲眼看到、亲手触到”温生才被砍头后留下的辫子和脚镣，并感谢邵铭煌主任给他这个机会。此举为《第73烈士》提供了极强的实物史料触感。"",""view"":[""写作线"",""文献线"",""取材线""],""tags"":[""你笨蛋，你笨蛋"",""第73烈士"",""温生才"",""脚镣"",""待校日"",""2011""],""people"":[""李敖"",""邵铭煌"",""温生才""],""places"":[""台北""],""works"":[""你笨蛋，你笨蛋"",""第73烈士""],""certainty"":""contextual"",""crossReferences"":[""book7-2011-04-27-marks-publication-of-the-73rd-martyr-with-corrected-date"",""ni-bendan-2011-spring-month-range-writes-73rd-martyr-epilogue""],""source"":{""book"":""你笨蛋，你笨蛋"",""chapter"":""036.《第73烈士》志缘"",""path"":""《大李敖全集5.0》（wjm_tcy版）分章节/003.惊世杂文类/010.你笨蛋，你笨蛋/036.《第73烈士》志缘.txt"",""line"":17},""additionalSources"":[{""book"":""第73烈士"",""chapter"":""008.附录——《第73烈士》志缘"",""path"":""《大李敖全集5.0》（wjm_tcy版）分章节/004.小说剧本类/006.第73烈士/008.附录——《第73烈士》志缘.txt"",""line"":17}],""dataFile"":""data/timeline-events-ni-bendan.json""}"
"25348","2011","2011-04-30","2011年4月","month","confirmed","李敖写《第73烈士》志缘后记说明","《〈第73烈士〉志缘》末署“2011年三四之月在中国台北”。李敖在书末总括这部作品的半世纪酝酿、写作完成与日期校正用意；此处只保留为书末后记署期，不重造已在旧库成链的3月3日交稿、3月11日索照与4月27日版权页校正事件。","李敖","台北","你笨蛋，你笨蛋、第73烈士、后记、待校日、2011","写作线、出版线、史识线","你笨蛋，你笨蛋、第73烈士","martyr-73-1961-about-collects-mo-jipeng-calligraphy-and-conceives-novel、book7-2011-03-03-submits-manuscript-of-the-73rd-martyr、book7-2011-03-11-asks-wang-yu-for-photo-for-the-73rd-martyr、book7-2011-04-27-marks-publication-of-the-73rd-martyr-with-corrected-date","你笨蛋，你笨蛋","036.《第73烈士》志缘","23","《大李敖全集5.0》（wjm_tcy版）分章节/003.惊世杂文类/010.你笨蛋，你笨蛋/036.《第73烈士》志缘.txt","第73烈士 / 008.附录——《第73烈士》志缘 / line 23 / 《大李敖全集5.0》（wjm_tcy版）分章节/004.小说剧本类/006.第73烈士/008.附录——《第73烈士》志缘.txt || 第73烈士 / 008.附录——《第73烈士》志缘 / line 5 / 说明：补充半世纪酝酿起点。 / 《大李敖全集5.0》（wjm_tcy版）分章节/004.小说剧本类/006.第73烈士/008.附录——《第73烈士》志缘.txt","[{""book"":""第73烈士"",""chapter"":""008.附录——《第73烈士》志缘"",""path"":""《大李敖全集5.0》（wjm_tcy版）分章节/004.小说剧本类/006.第73烈士/008.附录——《第73烈士》志缘.txt"",""line"":23},{""book"":""第73烈士"",""chapter"":""008.附录——《第73烈士》志缘"",""path"":""《大李敖全集5.0》（wjm_tcy版）分章节/004.小说剧本类/006.第73烈士/008.附录——《第73烈士》志缘.txt"",""line"":5,""note"":""补充半世纪酝酿起点。""}]","data/timeline-events-ni-bendan.json","ni-bendan-2011-spring-month-range-writes-73rd-martyr-epilogue","{""id"":""ni-bendan-2011-spring-month-range-writes-73rd-martyr-epilogue"",""date"":""2011-04-30"",""displayDate"":""2011年4月"",""datePrecision"":""month"",""title"":""李敖写《第73烈士》志缘后记说明"",""summary"":""《〈第73烈士〉志缘》末署“2011年三四之月在中国台北”。李敖在书末总括这部作品的半世纪酝酿、写作完成与日期校正用意；此处只保留为书末后记署期，不重造已在旧库成链的3月3日交稿、3月11日索照与4月27日版权页校正事件。"",""view"":[""写作线"",""出版线"",""史识线""],""tags"":[""你笨蛋，你笨蛋"",""第73烈士"",""后记"",""待校日"",""2011""],""people"":[""李敖""],""places"":[""台北""],""works"":[""你笨蛋，你笨蛋"",""第73烈士""],""certainty"":""confirmed"",""crossReferences"":[""martyr-73-1961-about-collects-mo-jipeng-calligraphy-and-conceives-novel"",""book7-2011-03-03-submits-manuscript-of-the-73rd-martyr"",""book7-2011-03-11-asks-wang-yu-for-photo-for-the-73rd-martyr"",""book7-2011-04-27-marks-publication-of-the-73rd-martyr-with-corrected-date""],""source"":{""book"":""你笨蛋，你笨蛋"",""chapter"":""036.《第73烈士》志缘"",""path"":""《大李敖全集5.0》（wjm_tcy版）分章节/003.惊世杂文类/010.你笨蛋，你笨蛋/036.《第73烈士》志缘.txt"",""line"":23},""additionalSources"":[{""book"":""第73烈士"",""chapter"":""008.附录——《第73烈士》志缘"",""path"":""《大李敖全集5.0》（wjm_tcy版）分章节/004.小说剧本类/006.第73烈士/008.附录——《第73烈士》志缘.txt"",""line"":23},{""book"":""第73烈士"",""chapter"":""008.附录——《第73烈士》志缘"",""path"":""《大李敖全集5.0》（wjm_tcy版）分章节/004.小说剧本类/006.第73烈士/008.附录——《第73烈士》志缘.txt"",""line"":5,""note"":""补充半世纪酝酿起点。""}],""dataFile"":""data/timeline-events-ni-bendan.json""}"
"25349","2011","2011-05-20","2011年5月20日星期五","day-context","contextual","李敖在“哈囉李敖”披露美国国会图书馆成立“李敖特藏”","《2011年5月》“李敖特藏”写，美国国会图书馆成立 Li Ao Collection；李敖把这件事同自己的大陆、台湾、美国三地出版处境并置，还说《阳痿美国》将在美国出版、在大陆反倒被查禁。此条记录的是2011年5月20日李敖披露并评论“李敖特藏”，特藏成立日待后续校准。","李敖","美国国会图书馆、华盛顿、台湾、大陆出版界","虽千万人，李敖往矣、李敖特藏、美国国会图书馆、阳痿美国、出版受阻","出版线、媒体线、国际线","虽千万人，李敖往矣、阳痿美国","dream-awake-2011-09-refuses-library-of-congress-speech-after-confucius-institute-pressure、sui-qianwan-2011-05-17-xiaoe-calls-about-mainland-publication-blockage","虽千万人，李敖往矣","001.2011年5月","189","《大李敖全集5.0》（wjm_tcy版）分章节/005.诗集语录类/005.虽千万人，李敖往矣/001.2011年5月.txt","虽千万人，李敖往矣 / 031.2015年1月 / line 73 / 说明：2015年1月12日回述国会图书馆演讲与特藏同时因孔子学院施压告吹，补足2011年披露“李敖特藏”的后续。 / 《大李敖全集5.0》（wjm_tcy版）分章节/005.诗集语录类/005.虽千万人，李敖往矣/031.2015年1月.txt","[{""book"":""虽千万人，李敖往矣"",""chapter"":""031.2015年1月"",""path"":""《大李敖全集5.0》（wjm_tcy版）分章节/005.诗集语录类/005.虽千万人，李敖往矣/031.2015年1月.txt"",""line"":73,""note"":""2015年1月12日回述国会图书馆演讲与特藏同时因孔子学院施压告吹，补足2011年披露“李敖特藏”的后续。""}]","data/timeline-events-sui-qianwan-li-ao-wangyi.json","sui-qianwan-2011-05-20-discloses-library-of-congress-li-ao-collection","{""id"":""sui-qianwan-2011-05-20-discloses-library-of-congress-li-ao-collection"",""date"":""2011-05-20"",""displayDate"":""2011年5月20日星期五"",""datePrecision"":""day-context"",""title"":""李敖在“哈囉李敖”披露美国国会图书馆成立“李敖特藏”"",""summary"":""《2011年5月》“李敖特藏”写，美国国会图书馆成立 Li Ao Collection；李敖把这件事同自己的大陆、台湾、美国三地出版处境并置，还说《阳痿美国》将在美国出版、在大陆反倒被查禁。此条记录的是2011年5月20日李敖披露并评论“李敖特藏”，特藏成立日待后续校准。"",""view"":[""出版线"",""媒体线"",""国际线""],""tags"":[""虽千万人，李敖往矣"",""李敖特藏"",""美国国会图书馆"",""阳痿美国"",""出版受阻""],""people"":[""李敖""],""places"":[""美国国会图书馆"",""华盛顿"",""台湾"",""大陆出版界""],""works"":[""虽千万人，李敖往矣"",""阳痿美国""],""certainty"":""contextual"",""crossReferences"":[""dream-awake-2011-09-refuses-library-of-congress-speech-after-confucius-institute-pressure"",""sui-qianwan-2011-05-17-xiaoe-calls-about-mainland-publication-blockage""],""source"":{""book"":""虽千万人，李敖往矣"",""chapter"":""001.2011年5月"",""path"":""《大李敖全集5.0》（wjm_tcy版）分章节/005.诗集语录类/005.虽千万人，李敖往矣/001.2011年5月.txt"",""line"":189},""additionalSources"":[{""book"":""虽千万人，李敖往矣"",""chapter"":""031.2015年1月"",""path"":""《大李敖全集5.0》（wjm_tcy版）分章节/005.诗集语录类/005.虽千万人，李敖往矣/031.2015年1月.txt"",""line"":73,""note"":""2015年1月12日回述国会图书馆演讲与特藏同时因孔子学院施压告吹，补足2011年披露“李敖特藏”的后续。""}],""dataFile"":""data/timeline-events-sui-qianwan-li-ao-wangyi.json""}"
"25350","2011","2011-08-16","约2011年8月16日星期二","undated-context","contextual","李敖特意搜集联语例子留存","《联语对比举例》正文写，李敖在成文前几年特别搜集了一些有代表性的联语作为举例留存；他把这件事视作对联语传统的一次“反革命”式保存。","李敖、陈寅恪、刘叔雅","台湾","你笨蛋，你笨蛋、联语对比举例、联语、待校日、2011","写作线、文献线、思想线","你笨蛋，你笨蛋、联语对比举例","","你笨蛋，你笨蛋","038.联语对比举例","3","《大李敖全集5.0》（wjm_tcy版）分章节/003.惊世杂文类/010.你笨蛋，你笨蛋/038.联语对比举例.txt","","[]","data/timeline-events-ni-bendan.json","ni-bendan-2011-before-aug-17-collects-couplet-examples","{""id"":""ni-bendan-2011-before-aug-17-collects-couplet-examples"",""date"":""2011-08-16"",""displayDate"":""约2011年8月16日星期二"",""datePrecision"":""undated-context"",""title"":""李敖特意搜集联语例子留存"",""summary"":""《联语对比举例》正文写，李敖在成文前几年特别搜集了一些有代表性的联语作为举例留存；他把这件事视作对联语传统的一次“反革命”式保存。"",""view"":[""写作线"",""文献线"",""思想线""],""tags"":[""你笨蛋，你笨蛋"",""联语对比举例"",""联语"",""待校日"",""2011""],""people"":[""李敖"",""陈寅恪"",""刘叔雅""],""places"":[""台湾""],""works"":[""你笨蛋，你笨蛋"",""联语对比举例""],""certainty"":""contextual"",""source"":{""book"":""你笨蛋，你笨蛋"",""chapter"":""038.联语对比举例"",""path"":""《大李敖全集5.0》（wjm_tcy版）分章节/003.惊世杂文类/010.你笨蛋，你笨蛋/038.联语对比举例.txt"",""line"":3},""dataFile"":""data/timeline-events-ni-bendan.json""}"
"25351","2011","2011-08-31","2011年8月","month","confirmed","李敖加入亲民党并宣布参选“立法委员”","《外滩画报》2012年回述，2011年8月，76岁的李敖突然加入亲民党并宣布参加“立法委员”选举；同年《现代快报》访问中，他解释自己要借选举证明台湾民主并不充分，登记还要跨过高额保证金和联署门槛。到2012年4月20日在台北香格里拉受访时，他回看文山区选举，说自己几乎不去跑也拿到约九千六百票，明知选不上仍要选，是为了争取最后一次冲破两党钳制的机会。","李敖、宋楚瑜、马英九","台湾、台北文山区","亲民党、立法委员选举、宋楚瑜、文山区、两党政治","选举线、政治线、晚年线","李敖访谈录1990-2018","dream-awake-2011-10-09-asia-weekly-publishes-li-ao-bombards-kmt-ccp-interview、book6-2006-12-09-loses-taipei-mayor-election-after-predicting-votes","李敖访谈录1990-2018","060.20120523《外滩画报》专访李敖","35","《大李敖全集5.0》（wjm_tcy版）分章节/007.采访序跋类/005.李敖访谈录1990-2018/060.20120523《外滩画报》专访李敖.txt","李敖访谈录1990-2018 / 054.20110822《现代快报》专访李敖 / line 87 / 说明：《现代快报》访问补充李敖谈参选门槛、保证金和以选举证明台湾民主问题。 / 《大李敖全集5.0》（wjm_tcy版）分章节/007.采访序跋类/005.李敖访谈录1990-2018/054.20110822《现代快报》专访李敖.txt","[{""book"":""李敖访谈录1990-2018"",""chapter"":""054.20110822《现代快报》专访李敖"",""path"":""《大李敖全集5.0》（wjm_tcy版）分章节/007.采访序跋类/005.李敖访谈录1990-2018/054.20110822《现代快报》专访李敖.txt"",""line"":87,""lines"":[87,89,91,93],""note"":""《现代快报》访问补充李敖谈参选门槛、保证金和以选举证明台湾民主问题。""}]","data/timeline-events-li-ao-fangtanlu-1990-2018.json","li-ao-fangtanlu-2011-08-joins-pfp-and-legislative-run","{""id"":""li-ao-fangtanlu-2011-08-joins-pfp-and-legislative-run"",""date"":""2011-08-31"",""displayDate"":""2011年8月"",""datePrecision"":""month"",""title"":""李敖加入亲民党并宣布参选“立法委员”"",""summary"":""《外滩画报》2012年回述，2011年8月，76岁的李敖突然加入亲民党并宣布参加“立法委员”选举；同年《现代快报》访问中，他解释自己要借选举证明台湾民主并不充分，登记还要跨过高额保证金和联署门槛。到2012年4月20日在台北香格里拉受访时，他回看文山区选举，说自己几乎不去跑也拿到约九千六百票，明知选不上仍要选，是为了争取最后一次冲破两党钳制的机会。"",""category"":""politics"",""type"":""李敖当事人事件"",""source"":{""book"":""李敖访谈录1990-2018"",""chapter"":""060.20120523《外滩画报》专访李敖"",""path"":""《大李敖全集5.0》（wjm_tcy版）分章节/007.采访序跋类/005.李敖访谈录1990-2018/060.20120523《外滩画报》专访李敖.txt"",""line"":35,""lines"":[35,43,45,77,79,81,83,91,93,95,99],""note"":""《外滩画报》回述李敖2011年8月加入亲民党参选，并记录2012年4月对选举结果和目的的说明。""},""additionalSources"":[{""book"":""李敖访谈录1990-2018"",""chapter"":""054.20110822《现代快报》专访李敖"",""path"":""《大李敖全集5.0》（wjm_tcy版）分章节/007.采访序跋类/005.李敖访谈录1990-2018/054.20110822《现代快报》专访李敖.txt"",""line"":87,""lines"":[87,89,91,93],""note"":""《现代快报》访问补充李敖谈参选门槛、保证金和以选举证明台湾民主问题。""}],""certainty"":""confirmed"",""tags"":[""亲民党"",""立法委员选举"",""宋楚瑜"",""文山区"",""两党政治""],""people"":[""李敖"",""宋楚瑜"",""马英九""],""places"":[""台湾"",""台北文山区""],""works"":[""李敖访谈录1990-2018""],""view"":[""选举线"",""政治线"",""晚年线""],""crossReferences"":[""dream-awake-2011-10-09-asia-weekly-publishes-li-ao-bombards-kmt-ccp-interview"",""book6-2006-12-09-loses-taipei-mayor-election-after-predicting-votes""],""dataFile"":""data/timeline-events-li-ao-fangtanlu-1990-2018.json""}"
"25352","2011","2011-08-31","2011年8月","month","confirmed","李敖发表《英文汉诂》残稿以纪念朱良箴","《〈英文汉诂〉残稿》说明，朱良箴病逝后，李敖仍未忘情，于2011年8月把自己写下的一篇序和前十篇合并发表，一面纪念朱良箴，一面保存这部未竟之书的残稿。","李敖、朱良箴","台湾","你笨蛋，你笨蛋、英文汉诂、朱良箴、残稿、2011","写作线、学术线、纪念线","你笨蛋，你笨蛋、英文汉诂","ni-bendan-2007-spring-starts-yingwen-hangu-and-writes-preface-plus-ten-pieces","你笨蛋，你笨蛋","037.《英文汉诂》残稿","3","《大李敖全集5.0》（wjm_tcy版）分章节/003.惊世杂文类/010.你笨蛋，你笨蛋/037.《英文汉诂》残稿.txt","","[]","data/timeline-events-ni-bendan.json","ni-bendan-2011-08-publishes-yingwen-hangu-remnants","{""id"":""ni-bendan-2011-08-publishes-yingwen-hangu-remnants"",""date"":""2011-08-31"",""displayDate"":""2011年8月"",""datePrecision"":""month"",""title"":""李敖发表《英文汉诂》残稿以纪念朱良箴"",""summary"":""《〈英文汉诂〉残稿》说明，朱良箴病逝后，李敖仍未忘情，于2011年8月把自己写下的一篇序和前十篇合并发表，一面纪念朱良箴，一面保存这部未竟之书的残稿。"",""view"":[""写作线"",""学术线"",""纪念线""],""tags"":[""你笨蛋，你笨蛋"",""英文汉诂"",""朱良箴"",""残稿"",""2011""],""people"":[""李敖"",""朱良箴""],""places"":[""台湾""],""works"":[""你笨蛋，你笨蛋"",""英文汉诂""],""certainty"":""confirmed"",""crossReferences"":[""ni-bendan-2007-spring-starts-yingwen-hangu-and-writes-preface-plus-ten-pieces""],""source"":{""book"":""你笨蛋，你笨蛋"",""chapter"":""037.《英文汉诂》残稿"",""path"":""《大李敖全集5.0》（wjm_tcy版）分章节/003.惊世杂文类/010.你笨蛋，你笨蛋/037.《英文汉诂》残稿.txt"",""line"":3},""dataFile"":""data/timeline-events-ni-bendan.json""}"
"25353","2011","2011-09-01","2011年9月","month","confirmed","《你笨蛋，你笨蛋》出版后李敖自数一年四书与1682页","《2011年9月》记，李敖从2010年9月《阳痿美国》、2011年2月《大江大海骗了你》、2011年4月《第73烈士》数到2011年9月《你笨蛋，你笨蛋》，一年十二个月内推出四本书，总页数达1682页；他把这视作自己晚年笔力仍在的明证。","李敖","台湾、大陆出版场","虽千万人，李敖往矣、你笨蛋，你笨蛋、阳痿美国、大江大海骗了你、第73烈士、出版","出版线、写作线、晚年线","虽千万人，李敖往矣、你笨蛋，你笨蛋、阳痿美国、大江大海骗了你、第73烈士","ni-bendan-2011-08-29-rewrites-you-idiot-you-idiot、book7-2011-03-03-submits-manuscript-of-the-73rd-martyr、book7-2010-10-publishes-yangwei-america","虽千万人，李敖往矣","005.2011年9月","153","《大李敖全集5.0》（wjm_tcy版）分章节/005.诗集语录类/005.虽千万人，李敖往矣/005.2011年9月.txt","虽千万人，李敖往矣 / 005.2011年9月 / line 157 / 说明：补述一年十二个月四本书与总页数。 / 《大李敖全集5.0》（wjm_tcy版）分章节/005.诗集语录类/005.虽千万人，李敖往矣/005.2011年9月.txt || 李敖访谈录1990-2018 / 053.20110821《晶报·深港书评》专访李敖 / line 153 / 说明：《晶报·深港书评》访问中李敖自数一年内推出《大江大海骗了你》《阳痿美国》《第七十三烈士》，且还要写九一一和台湾选举两书。 / 《大李敖全集5.0》（wjm_tcy版）分章节/007.采访序跋类/005.李敖访谈录1990-2018/053.20110821《晶报·深港书评》专访李敖.txt || 李敖访谈录1990-2018 / 054.20110822《现代快报》专访李敖 / line 57 / 说明：《现代快报》访问中李敖称2011年目标是五本书，已出三本，年底前还要完成《你笨蛋，你笨蛋》等两本。 / 《大李敖全集5.0》（wjm_tcy版）分章节/007.采访序跋类/005.李敖访谈录1990-2018/054.20110822《现代快报》专访李敖.txt || 李敖访谈录1990-2018 / 057.20110907《中国新闻周刊》专访李敖 / line 13 / 说明：《中国新闻周刊》访问补充李敖近半年每天十五小时以上同时写数本书，已完成三本大书。 / 《大李敖全集5.0》（wjm_tcy版）分章节/007.采访序跋类/005.李敖访谈录1990-2018/057.20110907《中国新闻周刊》专访李敖.txt","[{""book"":""虽千万人，李敖往矣"",""chapter"":""005.2011年9月"",""path"":""《大李敖全集5.0》（wjm_tcy版）分章节/005.诗集语录类/005.虽千万人，李敖往矣/005.2011年9月.txt"",""line"":157,""note"":""补述一年十二个月四本书与总页数。""},{""book"":""李敖访谈录1990-2018"",""chapter"":""053.20110821《晶报·深港书评》专访李敖"",""path"":""《大李敖全集5.0》（wjm_tcy版）分章节/007.采访序跋类/005.李敖访谈录1990-2018/053.20110821《晶报·深港书评》专访李敖.txt"",""line"":153,""lines"":[153,155,157,159,161,163],""note"":""《晶报·深港书评》访问中李敖自数一年内推出《大江大海骗了你》《阳痿美国》《第七十三烈士》，且还要写九一一和台湾选举两书。""},{""book"":""李敖访谈录1990-2018"",""chapter"":""054.20110822《现代快报》专访李敖"",""path"":""《大李敖全集5.0》（wjm_tcy版）分章节/007.采访序跋类/005.李敖访谈录1990-2018/054.20110822《现代快报》专访李敖.txt"",""line"":57,""lines"":[57,59,61,63,65],""note"":""《现代快报》访问中李敖称2011年目标是五本书，已出三本，年底前还要完成《你笨蛋，你笨蛋》等两本。""},{""book"":""李敖访谈录1990-2018"",""chapter"":""057.20110907《中国新闻周刊》专访李敖"",""path"":""《大李敖全集5.0》（wjm_tcy版）分章节/007.采访序跋类/005.李敖访谈录1990-2018/057.20110907《中国新闻周刊》专访李敖.txt"",""line"":13,""lines"":[13,15,17,19],""note"":""《中国新闻周刊》访问补充李敖近半年每天十五小时以上同时写数本书，已完成三本大书。""}]","data/timeline-events-sui-qianwan-li-ao-wangyi.json","sui-qianwan-2011-09-publishes-you-idiot-you-idiot-and-counts-four-books-in-year","{""id"":""sui-qianwan-2011-09-publishes-you-idiot-you-idiot-and-counts-four-books-in-year"",""date"":""2011-09-01"",""displayDate"":""2011年9月"",""datePrecision"":""month"",""title"":""《你笨蛋，你笨蛋》出版后李敖自数一年四书与1682页"",""summary"":""《2011年9月》记，李敖从2010年9月《阳痿美国》、2011年2月《大江大海骗了你》、2011年4月《第73烈士》数到2011年9月《你笨蛋，你笨蛋》，一年十二个月内推出四本书，总页数达1682页；他把这视作自己晚年笔力仍在的明证。"",""view"":[""出版线"",""写作线"",""晚年线""],""tags"":[""虽千万人，李敖往矣"",""你笨蛋，你笨蛋"",""阳痿美国"",""大江大海骗了你"",""第73烈士"",""出版""],""people"":[""李敖""],""places"":[""台湾"",""大陆出版场""],""works"":[""虽千万人，李敖往矣"",""你笨蛋，你笨蛋"",""阳痿美国"",""大江大海骗了你"",""第73烈士""],""certainty"":""confirmed"",""source"":{""book"":""虽千万人，李敖往矣"",""chapter"":""005.2011年9月"",""path"":""《大李敖全集5.0》（wjm_tcy版）分章节/005.诗集语录类/005.虽千万人，李敖往矣/005.2011年9月.txt"",""line"":153},""crossReferences"":[""ni-bendan-2011-08-29-rewrites-you-idiot-you-idiot"",""book7-2011-03-03-submits-manuscript-of-the-73rd-martyr"",""book7-2010-10-publishes-yangwei-america""],""additionalSources"":[{""book"":""虽千万人，李敖往矣"",""chapter"":""005.2011年9月"",""path"":""《大李敖全集5.0》（wjm_tcy版）分章节/005.诗集语录类/005.虽千万人，李敖往矣/005.2011年9月.txt"",""line"":157,""note"":""补述一年十二个月四本书与总页数。""},{""book"":""李敖访谈录1990-2018"",""chapter"":""053.20110821《晶报·深港书评》专访李敖"",""path"":""《大李敖全集5.0》（wjm_tcy版）分章节/007.采访序跋类/005.李敖访谈录1990-2018/053.20110821《晶报·深港书评》专访李敖.txt"",""line"":153,""lines"":[153,155,157,159,161,163],""note"":""《晶报·深港书评》访问中李敖自数一年内推出《大江大海骗了你》《阳痿美国》《第七十三烈士》，且还要写九一一和台湾选举两书。""},{""book"":""李敖访谈录1990-2018"",""chapter"":""054.20110822《现代快报》专访李敖"",""path"":""《大李敖全集5.0》（wjm_tcy版）分章节/007.采访序跋类/005.李敖访谈录1990-2018/054.20110822《现代快报》专访李敖.txt"",""line"":57,""lines"":[57,59,61,63,65],""note"":""《现代快报》访问中李敖称2011年目标是五本书，已出三本，年底前还要完成《你笨蛋，你笨蛋》等两本。""},{""book"":""李敖访谈录1990-2018"",""chapter"":""057.20110907《中国新闻周刊》专访李敖"",""path"":""《大李敖全集5.0》（wjm_tcy版）分章节/007.采访序跋类/005.李敖访谈录1990-2018/057.20110907《中国新闻周刊》专访李敖.txt"",""line"":13,""lines"":[13,15,17,19],""note"":""《中国新闻周刊》访问补充李敖近半年每天十五小时以上同时写数本书，已完成三本大书。""}],""dataFile"":""data/timeline-events-sui-qianwan-li-ao-wangyi.json""}"
"25354","2011","2011-09-30","2011年9月","month","confirmed","李敖拒赴美国国会图书馆演说","《“黑猫”梦碎，“白猫”也梦碎》写，美国国会图书馆原本以白纸黑字邀请函请李敖于2011年9月莅馆演说；马里兰大学“孔菩萨学院”闻风施压，要求他演说时不得颠覆辛亥革命史、不得批评孙中山。李敖因此拒绝前往，并把此事作为大陆软实力与宣传体制失误的反面样本。","李敖、孙中山","美国、华盛顿、马里兰","我梦碎，所以我梦醒、美国国会图书馆、马里兰大学、孔菩萨学院、孔子学院、辛亥革命、孙中山、2011","演讲线、思想线、两岸线","我梦碎，所以我梦醒、“黑猫”梦碎，“白猫”也梦碎","","我梦碎，所以我梦醒","034.“黑猫”梦碎，“白猫”也梦碎","9","《大李敖全集5.0》（wjm_tcy版）分章节/003.惊世杂文类/011.我梦碎，所以我梦醒/034.“黑猫”梦碎，“白猫”也梦碎.txt","虽千万人，李敖往矣 / 031.2015年1月 / line 73 / 说明：2015年1月12日微博回述美国国会图书馆邀请演讲并开办李敖特藏，因马里兰大学孔子学院施压而告吹。 / 《大李敖全集5.0》（wjm_tcy版）分章节/005.诗集语录类/005.虽千万人，李敖往矣/031.2015年1月.txt","[{""book"":""虽千万人，李敖往矣"",""chapter"":""031.2015年1月"",""path"":""《大李敖全集5.0》（wjm_tcy版）分章节/005.诗集语录类/005.虽千万人，李敖往矣/031.2015年1月.txt"",""line"":73,""note"":""2015年1月12日微博回述美国国会图书馆邀请演讲并开办李敖特藏，因马里兰大学孔子学院施压而告吹。""}]","data/timeline-events-dream-awake.json","dream-awake-2011-09-refuses-library-of-congress-speech-after-confucius-institute-pressure","{""id"":""dream-awake-2011-09-refuses-library-of-congress-speech-after-confucius-institute-pressure"",""date"":""2011-09-30"",""displayDate"":""2011年9月"",""datePrecision"":""month"",""title"":""李敖拒赴美国国会图书馆演说"",""summary"":""《“黑猫”梦碎，“白猫”也梦碎》写，美国国会图书馆原本以白纸黑字邀请函请李敖于2011年9月莅馆演说；马里兰大学“孔菩萨学院”闻风施压，要求他演说时不得颠覆辛亥革命史、不得批评孙中山。李敖因此拒绝前往，并把此事作为大陆软实力与宣传体制失误的反面样本。"",""view"":[""演讲线"",""思想线"",""两岸线""],""tags"":[""我梦碎，所以我梦醒"",""美国国会图书馆"",""马里兰大学"",""孔菩萨学院"",""孔子学院"",""辛亥革命"",""孙中山"",""2011""],""people"":[""李敖"",""孙中山""],""places"":[""美国"",""华盛顿"",""马里兰""],""works"":[""我梦碎，所以我梦醒"",""“黑猫”梦碎，“白猫”也梦碎""],""certainty"":""confirmed"",""source"":{""book"":""我梦碎，所以我梦醒"",""chapter"":""034.“黑猫”梦碎，“白猫”也梦碎"",""path"":""《大李敖全集5.0》（wjm_tcy版）分章节/003.惊世杂文类/011.我梦碎，所以我梦醒/034.“黑猫”梦碎，“白猫”也梦碎.txt"",""line"":9},""additionalSources"":[{""book"":""虽千万人，李敖往矣"",""chapter"":""031.2015年1月"",""path"":""《大李敖全集5.0》（wjm_tcy版）分章节/005.诗集语录类/005.虽千万人，李敖往矣/031.2015年1月.txt"",""line"":73,""note"":""2015年1月12日微博回述美国国会图书馆邀请演讲并开办李敖特藏，因马里兰大学孔子学院施压而告吹。""}],""dataFile"":""data/timeline-events-dream-awake.json""}"
"25355","2011","2011-12-31","2011年","year","confirmed","在台北仁爱路家中接《新闻晨报》电话专访，谈家书、死亡和遗产","《新闻晨报》2011年电话访问李敖时，正逢《坐牢家爸爸给女儿的80封信》出版；李敖在台北仁爱路家中接听访问，谈自己如何用金钱弥补李文成长中的父爱缺席，也说所谓作家富豪榜多属造谣。谈生死时，他重申自己多年前已经立下遗嘱，遗体将捐给台大医学院，留给儿女的不是财产而是他自认九死无悔的人格。","李敖、李文、李戡、李谌","台北仁爱路、台大医学院","新闻晨报、电话访问、仁爱路、坐牢家爸爸给女儿的80封信、遗体捐赠","访谈线、家庭线、晚年线、身体线","李敖访谈录1990-2018、坐牢家爸爸给女儿的80封信","sui-qianwan-2011-08-18-mainland-edition-of-prison-father-letters-published-with-small-cuts、book5-1998-08-07-finishes-zhili-ji-and-body-donation-note","李敖访谈录1990-2018","059.2011《新闻晨报》专访李敖","7","《大李敖全集5.0》（wjm_tcy版）分章节/007.采访序跋类/005.李敖访谈录1990-2018/059.2011《新闻晨报》专访李敖.txt","","[]","data/timeline-events-li-ao-fangtanlu-1990-2018.json","li-ao-fangtanlu-2011-news-morning-post-renai-home-interview-prison-letters","{""id"":""li-ao-fangtanlu-2011-news-morning-post-renai-home-interview-prison-letters"",""date"":""2011-12-31"",""displayDate"":""2011年"",""datePrecision"":""year"",""title"":""在台北仁爱路家中接《新闻晨报》电话专访，谈家书、死亡和遗产"",""summary"":""《新闻晨报》2011年电话访问李敖时，正逢《坐牢家爸爸给女儿的80封信》出版；李敖在台北仁爱路家中接听访问，谈自己如何用金钱弥补李文成长中的父爱缺席，也说所谓作家富豪榜多属造谣。谈生死时，他重申自己多年前已经立下遗嘱，遗体将捐给台大医学院，留给儿女的不是财产而是他自认九死无悔的人格。"",""category"":""interview"",""type"":""李敖当事人事件"",""source"":{""book"":""李敖访谈录1990-2018"",""chapter"":""059.2011《新闻晨报》专访李敖"",""path"":""《大李敖全集5.0》（wjm_tcy版）分章节/007.采访序跋类/005.李敖访谈录1990-2018/059.2011《新闻晨报》专访李敖.txt"",""line"":7,""lines"":[7,13,15,21,23,27,45,47,53,55,77,79,81,83],""note"":""《新闻晨报》电话访问记录李敖在台北仁爱路家中谈家书、父爱补偿、生死和遗产。""},""certainty"":""confirmed"",""tags"":[""新闻晨报"",""电话访问"",""仁爱路"",""坐牢家爸爸给女儿的80封信"",""遗体捐赠""],""people"":[""李敖"",""李文"",""李戡"",""李谌""],""places"":[""台北仁爱路"",""台大医学院""],""works"":[""李敖访谈录1990-2018"",""坐牢家爸爸给女儿的80封信""],""view"":[""访谈线"",""家庭线"",""晚年线"",""身体线""],""crossReferences"":[""sui-qianwan-2011-08-18-mainland-edition-of-prison-father-letters-published-with-small-cuts"",""book5-1998-08-07-finishes-zhili-ji-and-body-donation-note""],""dataFile"":""data/timeline-events-li-ao-fangtanlu-1990-2018.json""}"
"25356","2011","2011-12-31","2011年","year","confirmed","李敖写《顽童哲学家》","《顽童哲学家》末署“2011年”。李敖借追影子、转圈圈与 Peter Pan 的意象，写自己理解中的“顽童哲学家”——不断追赶自己的那种人。","李敖","台湾","你笨蛋，你笨蛋、顽童哲学家、Peter Pan、2011","写作线、思想线、自况线","你笨蛋，你笨蛋、顽童哲学家","","你笨蛋，你笨蛋","034.顽童哲学家","17","《大李敖全集5.0》（wjm_tcy版）分章节/003.惊世杂文类/010.你笨蛋，你笨蛋/034.顽童哲学家.txt","","[]","data/timeline-events-ni-bendan.json","ni-bendan-2011-writes-child-philosopher","{""id"":""ni-bendan-2011-writes-child-philosopher"",""date"":""2011-12-31"",""displayDate"":""2011年"",""datePrecision"":""year"",""title"":""李敖写《顽童哲学家》"",""summary"":""《顽童哲学家》末署“2011年”。李敖借追影子、转圈圈与 Peter Pan 的意象，写自己理解中的“顽童哲学家”——不断追赶自己的那种人。"",""view"":[""写作线"",""思想线"",""自况线""],""tags"":[""你笨蛋，你笨蛋"",""顽童哲学家"",""Peter Pan"",""2011""],""people"":[""李敖""],""places"":[""台湾""],""works"":[""你笨蛋，你笨蛋"",""顽童哲学家""],""certainty"":""confirmed"",""source"":{""book"":""你笨蛋，你笨蛋"",""chapter"":""034.顽童哲学家"",""path"":""《大李敖全集5.0》（wjm_tcy版）分章节/003.惊世杂文类/010.你笨蛋，你笨蛋/034.顽童哲学家.txt"",""line"":17},""dataFile"":""data/timeline-events-ni-bendan.json""}"
"25357","2011","2011-12-31","2011年","year","confirmed","李敖出版《我梦碎，所以我梦醒》，提出“八点方向”","《八点方向》写，2011年李敖出版《我梦碎，所以我梦醒》，在书中提出“八点方向”，把自己对中国、台湾、共产党、美国以及两岸相处的判断压缩成八条原则。这是他晚年政治总论的一次集中定稿，也可视作《议坛》阶段之后的思想结穴。","李敖","台北","我梦碎，所以我梦醒、八点方向、2011年、两岸、政治总论","写作线、思想线、晚年线","我梦碎，所以我梦醒、李敖风流自传","book7-2011-xiamen-university-lecture-considered-best-of-life、book7-2011-03-31-receives-xiamen-university-honorary-professorship","李敖风流自传","552.八点方向","3","《大李敖全集5.0》（wjm_tcy版）分章节/001.自传回忆类/007.李敖风流自传/552.八点方向.txt","","[]","data/timeline-events-seventh-book.json","book7-2011-publishes-i-dream-broken-so-i-awake-and-lists-eight-directions","{""id"":""book7-2011-publishes-i-dream-broken-so-i-awake-and-lists-eight-directions"",""date"":""2011-12-31"",""displayDate"":""2011年"",""datePrecision"":""year"",""title"":""李敖出版《我梦碎，所以我梦醒》，提出“八点方向”"",""summary"":""《八点方向》写，2011年李敖出版《我梦碎，所以我梦醒》，在书中提出“八点方向”，把自己对中国、台湾、共产党、美国以及两岸相处的判断压缩成八条原则。这是他晚年政治总论的一次集中定稿，也可视作《议坛》阶段之后的思想结穴。"",""view"":[""写作线"",""思想线"",""晚年线""],""tags"":[""我梦碎，所以我梦醒"",""八点方向"",""2011年"",""两岸"",""政治总论""],""people"":[""李敖""],""places"":[""台北""],""works"":[""我梦碎，所以我梦醒"",""李敖风流自传""],""certainty"":""confirmed"",""crossReferences"":[""book7-2011-xiamen-university-lecture-considered-best-of-life"",""book7-2011-03-31-receives-xiamen-university-honorary-professorship""],""source"":{""book"":""李敖风流自传"",""chapter"":""552.八点方向"",""path"":""《大李敖全集5.0》（wjm_tcy版）分章节/001.自传回忆类/007.李敖风流自传/552.八点方向.txt"",""line"":3},""dataFile"":""data/timeline-events-seventh-book.json""}"
"25358","2012","2012-04-20","2012年4月20日星期五","day","confirmed","在台北香格里拉饭店接受《外滩画报》访问，戴助听器并用随身匕首拆书","2012年4月20日下午，李敖在台北敦化南路二段香格里拉饭店茶轩接受《外滩画报》访问。距离77岁生日还有5天，他穿白夹克、灰衬衫、红领带，提着最近在台湾出版的5本书进场；坐下后先花几分钟戴上为香港书展买的助听器，又从腰间取出美国产 Gerber 匕首划开新书塑封，边演示边说这是随身防身之物。访问结束到下午5点多，外面下雨，他仍坚持起身与记者告别。","李敖","台北、敦化南路二段香格里拉饭店茶轩","外滩画报、香格里拉饭店、助听器、Gerber匕首、新书、77岁前夕","访谈线、身体线、晚年线","李敖访谈录1990-2018","dream-awake-2011-07-23-wears-new-hearing-aid-for-hong-kong-book-fair-speech、li-ao-fangtanlu-2012-01-moves-from-yangmingshan-to-jinlan-apartment","李敖访谈录1990-2018","060.20120523《外滩画报》专访李敖","5","《大李敖全集5.0》（wjm_tcy版）分章节/007.采访序跋类/005.李敖访谈录1990-2018/060.20120523《外滩画报》专访李敖.txt","","[]","data/timeline-events-li-ao-fangtanlu-1990-2018.json","li-ao-fangtanlu-2012-04-20-bund-shangri-la-interview-hearing-aid-knife","{""id"":""li-ao-fangtanlu-2012-04-20-bund-shangri-la-interview-hearing-aid-knife"",""date"":""2012-04-20"",""displayDate"":""2012年4月20日星期五"",""datePrecision"":""day"",""title"":""在台北香格里拉饭店接受《外滩画报》访问，戴助听器并用随身匕首拆书"",""summary"":""2012年4月20日下午，李敖在台北敦化南路二段香格里拉饭店茶轩接受《外滩画报》访问。距离77岁生日还有5天，他穿白夹克、灰衬衫、红领带，提着最近在台湾出版的5本书进场；坐下后先花几分钟戴上为香港书展买的助听器，又从腰间取出美国产 Gerber 匕首划开新书塑封，边演示边说这是随身防身之物。访问结束到下午5点多，外面下雨，他仍坚持起身与记者告别。"",""category"":""interview"",""type"":""李敖当事人事件"",""source"":{""book"":""李敖访谈录1990-2018"",""chapter"":""060.20120523《外滩画报》专访李敖"",""path"":""《大李敖全集5.0》（wjm_tcy版）分章节/007.采访序跋类/005.李敖访谈录1990-2018/060.20120523《外滩画报》专访李敖.txt"",""line"":5,""lines"":[5,7,9,11,21,23,25,27],""note"":""《外滩画报》现场记录李敖2012年4月20日在台北香格里拉饭店受访、戴助听器、用匕首拆书和访后告别。""},""certainty"":""confirmed"",""tags"":[""外滩画报"",""香格里拉饭店"",""助听器"",""Gerber匕首"",""新书"",""77岁前夕""],""people"":[""李敖""],""places"":[""台北"",""敦化南路二段香格里拉饭店茶轩""],""works"":[""李敖访谈录1990-2018""],""view"":[""访谈线"",""身体线"",""晚年线""],""crossReferences"":[""dream-awake-2011-07-23-wears-new-hearing-aid-for-hong-kong-book-fair-speech"",""li-ao-fangtanlu-2012-01-moves-from-yangmingshan-to-jinlan-apartment""],""dataFile"":""data/timeline-events-li-ao-fangtanlu-1990-2018.json""}"
"25359","2012","2012-04-20","2012年4月20日星期五","day","confirmed","在香格里拉访谈现场规划八十岁推出《李敖大全集》后四十本和《李敖140》","在台北香格里拉饭店接受《外滩画报》访问时，李敖把晚年写作计划说得很具体：他称《李敖大全集》已出40本、2800万字，等再过三年到80岁时，要把第41至80本一起推出，前后合计5000万字；凤凰电视台节目也要全部变成文字，微博文字则准备整理成《李敖140》。这类“打算”明确发生在2012年4月20日采访现场，地点和语境清楚。","李敖","台北、敦化南路二段香格里拉饭店茶轩","李敖大全集、李敖140、微博、凤凰卫视、写作计划","写作线、出版线、媒体线、晚年线","李敖访谈录1990-2018、李敖大全集、李敖140","sui-qianwan-2011-05-17-starts-hello-li-ao-140-char-web-writing、book8-2012-publishes-only-selected-works-in-mainland","李敖访谈录1990-2018","060.20120523《外滩画报》专访李敖","245","《大李敖全集5.0》（wjm_tcy版）分章节/007.采访序跋类/005.李敖访谈录1990-2018/060.20120523《外滩画报》专访李敖.txt","李敖访谈录1990-2018 / 061.20121010《成都商报》专访李敖 / line 51 / 说明：《成都商报》访问补充李敖2012年10月仍在同时写十本书，并计划两年零八个月后推出80本《李敖大全集》。 / 《大李敖全集5.0》（wjm_tcy版）分章节/007.采访序跋类/005.李敖访谈录1990-2018/061.20121010《成都商报》专访李敖.txt || 李敖访谈录1990-2018 / 062.20121010《华西都市报》专访李敖 / line 33 / 说明：《华西都市报》访问补充《李敖大全集》前40本已出、30本写好、10本正在写，以及微博停更后的文字准备日后再发。 / 《大李敖全集5.0》（wjm_tcy版）分章节/007.采访序跋类/005.李敖访谈录1990-2018/062.20121010《华西都市报》专访李敖.txt || 李敖访谈录1990-2018 / 063.20121010《长江日报》专访李敖 / line 33 / 说明：《长江日报》书面访问补充80本大全集、纸质全集和未完成十本计划。 / 《大李敖全集5.0》（wjm_tcy版）分章节/007.采访序跋类/005.李敖访谈录1990-2018/063.20121010《长江日报》专访李敖.txt","[{""book"":""李敖访谈录1990-2018"",""chapter"":""061.20121010《成都商报》专访李敖"",""path"":""《大李敖全集5.0》（wjm_tcy版）分章节/007.采访序跋类/005.李敖访谈录1990-2018/061.20121010《成都商报》专访李敖.txt"",""line"":51,""lines"":[51,53],""note"":""《成都商报》访问补充李敖2012年10月仍在同时写十本书，并计划两年零八个月后推出80本《李敖大全集》。""},{""book"":""李敖访谈录1990-2018"",""chapter"":""062.20121010《华西都市报》专访李敖"",""path"":""《大李敖全集5.0》（wjm_tcy版）分章节/007.采访序跋类/005.李敖访谈录1990-2018/062.20121010《华西都市报》专访李敖.txt"",""line"":33,""lines"":[33,35,37,39],""note"":""《华西都市报》访问补充《李敖大全集》前40本已出、30本写好、10本正在写，以及微博停更后的文字准备日后再发。""},{""book"":""李敖访谈录1990-2018"",""chapter"":""063.20121010《长江日报》专访李敖"",""path"":""《大李敖全集5.0》（wjm_tcy版）分章节/007.采访序跋类/005.李敖访谈录1990-2018/063.20121010《长江日报》专访李敖.txt"",""line"":33,""lines"":[33],""note"":""《长江日报》书面访问补充80本大全集、纸质全集和未完成十本计划。""}]","data/timeline-events-li-ao-fangtanlu-1990-2018.json","li-ao-fangtanlu-2012-04-20-plans-complete-works-and-li-ao-140","{""id"":""li-ao-fangtanlu-2012-04-20-plans-complete-works-and-li-ao-140"",""date"":""2012-04-20"",""displayDate"":""2012年4月20日星期五"",""datePrecision"":""day"",""title"":""在香格里拉访谈现场规划八十岁推出《李敖大全集》后四十本和《李敖140》"",""summary"":""在台北香格里拉饭店接受《外滩画报》访问时，李敖把晚年写作计划说得很具体：他称《李敖大全集》已出40本、2800万字，等再过三年到80岁时，要把第41至80本一起推出，前后合计5000万字；凤凰电视台节目也要全部变成文字，微博文字则准备整理成《李敖140》。这类“打算”明确发生在2012年4月20日采访现场，地点和语境清楚。"",""category"":""writing"",""type"":""李敖当事人事件"",""source"":{""book"":""李敖访谈录1990-2018"",""chapter"":""060.20120523《外滩画报》专访李敖"",""path"":""《大李敖全集5.0》（wjm_tcy版）分章节/007.采访序跋类/005.李敖访谈录1990-2018/060.20120523《外滩画报》专访李敖.txt"",""line"":245,""lines"":[245,247,249,251,253,255],""note"":""《外滩画报》记录李敖在香格里拉访谈现场谈全天候写作、《李敖大全集》后四十本和《李敖140》计划。""},""certainty"":""confirmed"",""tags"":[""李敖大全集"",""李敖140"",""微博"",""凤凰卫视"",""写作计划""],""people"":[""李敖""],""places"":[""台北"",""敦化南路二段香格里拉饭店茶轩""],""works"":[""李敖访谈录1990-2018"",""李敖大全集"",""李敖140""],""view"":[""写作线"",""出版线"",""媒体线"",""晚年线""],""crossReferences"":[""sui-qianwan-2011-05-17-starts-hello-li-ao-140-char-web-writing"",""book8-2012-publishes-only-selected-works-in-mainland""],""additionalSources"":[{""book"":""李敖访谈录1990-2018"",""chapter"":""061.20121010《成都商报》专访李敖"",""path"":""《大李敖全集5.0》（wjm_tcy版）分章节/007.采访序跋类/005.李敖访谈录1990-2018/061.20121010《成都商报》专访李敖.txt"",""line"":51,""lines"":[51,53],""note"":""《成都商报》访问补充李敖2012年10月仍在同时写十本书，并计划两年零八个月后推出80本《李敖大全集》。""},{""book"":""李敖访谈录1990-2018"",""chapter"":""062.20121010《华西都市报》专访李敖"",""path"":""《大李敖全集5.0》（wjm_tcy版）分章节/007.采访序跋类/005.李敖访谈录1990-2018/062.20121010《华西都市报》专访李敖.txt"",""line"":33,""lines"":[33,35,37,39],""note"":""《华西都市报》访问补充《李敖大全集》前40本已出、30本写好、10本正在写，以及微博停更后的文字准备日后再发。""},{""book"":""李敖访谈录1990-2018"",""chapter"":""063.20121010《长江日报》专访李敖"",""path"":""《大李敖全集5.0》（wjm_tcy版）分章节/007.采访序跋类/005.李敖访谈录1990-2018/063.20121010《长江日报》专访李敖.txt"",""line"":33,""lines"":[33],""note"":""《长江日报》书面访问补充80本大全集、纸质全集和未完成十本计划。""}],""dataFile"":""data/timeline-events-li-ao-fangtanlu-1990-2018.json""}"
"25360","2012","2012-10-10","2012年10月10日前后","day","confirmed","《李敖50年唯一自选集》推出后密集接受内地媒体书面、邮件和录音访问","《李敖50年唯一自选集》推出后，李敖在2012年10月前后密集接受《成都商报》《华西都市报》《长江日报》等内地媒体访问；方式包括邮件专访、书面回复，以及出版方把问题带到台北书房后由李敖录音回答。他把这套自选集说成自己50年来第一次真正“选”，是上半生写作精华和水面上的八分之一，同时又借访问继续谈微博代发、李戡北大生活、刘晓庆诗作、80岁前推出80本《李敖大全集》的计划。","李敖、李戡、刘晓庆、陈文茜","台北书房、中国大陆","李敖50年唯一自选集、成都商报、华西都市报、长江日报、书面访问、录音访问","访谈线、出版线、写作线、家庭线","李敖访谈录1990-2018、李敖50年唯一自选集、李敖大全集、李敖情书集","book8-2012-publishes-only-selected-works-in-mainland、li-ao-fangtanlu-2012-04-20-plans-complete-works-and-li-ao-140","李敖访谈录1990-2018","061.20121010《成都商报》专访李敖","15","《大李敖全集5.0》（wjm_tcy版）分章节/007.采访序跋类/005.李敖访谈录1990-2018/061.20121010《成都商报》专访李敖.txt","李敖访谈录1990-2018 / 062.20121010《华西都市报》专访李敖 / line 11 / 说明：《华西都市报》经出版方把问题带到台北书房，由李敖录音回答自选集、眼睛手术、日课、微博和李戡。 / 《大李敖全集5.0》（wjm_tcy版）分章节/007.采访序跋类/005.李敖访谈录1990-2018/062.20121010《华西都市报》专访李敖.txt || 李敖访谈录1990-2018 / 063.20121010《长江日报》专访李敖 / line 17 / 说明：《长江日报》书面采访中李敖谈诺奖、《北京法源寺》、自选集、大全集、遗体捐赠和李戡。 / 《大李敖全集5.0》（wjm_tcy版）分章节/007.采访序跋类/005.李敖访谈录1990-2018/063.20121010《长江日报》专访李敖.txt || 李敖访谈录1990-2018 / 064.20121028《长春晚报》专访李敖 / line 7 / 说明：《长春晚报》访问补充自选集首批上市书目、微博被删停更和遗体捐赠。 / 《大李敖全集5.0》（wjm_tcy版）分章节/007.采访序跋类/005.李敖访谈录1990-2018/064.20121028《长春晚报》专访李敖.txt","[{""book"":""李敖访谈录1990-2018"",""chapter"":""062.20121010《华西都市报》专访李敖"",""path"":""《大李敖全集5.0》（wjm_tcy版）分章节/007.采访序跋类/005.李敖访谈录1990-2018/062.20121010《华西都市报》专访李敖.txt"",""line"":11,""lines"":[9,11,19,21,23,25,33,35,37,39,47,53,59,61],""note"":""《华西都市报》经出版方把问题带到台北书房，由李敖录音回答自选集、眼睛手术、日课、微博和李戡。""},{""book"":""李敖访谈录1990-2018"",""chapter"":""063.20121010《长江日报》专访李敖"",""path"":""《大李敖全集5.0》（wjm_tcy版）分章节/007.采访序跋类/005.李敖访谈录1990-2018/063.20121010《长江日报》专访李敖.txt"",""line"":17,""lines"":[17,23,31,33,49,55,57],""note"":""《长江日报》书面采访中李敖谈诺奖、《北京法源寺》、自选集、大全集、遗体捐赠和李戡。""},{""book"":""李敖访谈录1990-2018"",""chapter"":""064.20121028《长春晚报》专访李敖"",""path"":""《大李敖全集5.0》（wjm_tcy版）分章节/007.采访序跋类/005.李敖访谈录1990-2018/064.20121028《长春晚报》专访李敖.txt"",""line"":7,""lines"":[7,9,11,13,19,21,31,33],""note"":""《长春晚报》访问补充自选集首批上市书目、微博被删停更和遗体捐赠。""}]","data/timeline-events-li-ao-fangtanlu-1990-2018.json","li-ao-fangtanlu-2012-10-10-selected-works-media-interviews","{""id"":""li-ao-fangtanlu-2012-10-10-selected-works-media-interviews"",""date"":""2012-10-10"",""displayDate"":""2012年10月10日前后"",""datePrecision"":""day"",""title"":""《李敖50年唯一自选集》推出后密集接受内地媒体书面、邮件和录音访问"",""summary"":""《李敖50年唯一自选集》推出后，李敖在2012年10月前后密集接受《成都商报》《华西都市报》《长江日报》等内地媒体访问；方式包括邮件专访、书面回复，以及出版方把问题带到台北书房后由李敖录音回答。他把这套自选集说成自己50年来第一次真正“选”，是上半生写作精华和水面上的八分之一，同时又借访问继续谈微博代发、李戡北大生活、刘晓庆诗作、80岁前推出80本《李敖大全集》的计划。"",""category"":""interview"",""type"":""李敖当事人事件"",""source"":{""book"":""李敖访谈录1990-2018"",""chapter"":""061.20121010《成都商报》专访李敖"",""path"":""《大李敖全集5.0》（wjm_tcy版）分章节/007.采访序跋类/005.李敖访谈录1990-2018/061.20121010《成都商报》专访李敖.txt"",""line"":15,""lines"":[15,17,23,25,29,35,37,43,45,51,53,59,61],""note"":""《成都商报》邮件专访记录李敖谈《李敖50年唯一自选集》、微博、刘晓庆、李戡和80本大全集。""},""additionalSources"":[{""book"":""李敖访谈录1990-2018"",""chapter"":""062.20121010《华西都市报》专访李敖"",""path"":""《大李敖全集5.0》（wjm_tcy版）分章节/007.采访序跋类/005.李敖访谈录1990-2018/062.20121010《华西都市报》专访李敖.txt"",""line"":11,""lines"":[9,11,19,21,23,25,33,35,37,39,47,53,59,61],""note"":""《华西都市报》经出版方把问题带到台北书房，由李敖录音回答自选集、眼睛手术、日课、微博和李戡。""},{""book"":""李敖访谈录1990-2018"",""chapter"":""063.20121010《长江日报》专访李敖"",""path"":""《大李敖全集5.0》（wjm_tcy版）分章节/007.采访序跋类/005.李敖访谈录1990-2018/063.20121010《长江日报》专访李敖.txt"",""line"":17,""lines"":[17,23,31,33,49,55,57],""note"":""《长江日报》书面采访中李敖谈诺奖、《北京法源寺》、自选集、大全集、遗体捐赠和李戡。""},{""book"":""李敖访谈录1990-2018"",""chapter"":""064.20121028《长春晚报》专访李敖"",""path"":""《大李敖全集5.0》（wjm_tcy版）分章节/007.采访序跋类/005.李敖访谈录1990-2018/064.20121028《长春晚报》专访李敖.txt"",""line"":7,""lines"":[7,9,11,13,19,21,31,33],""note"":""《长春晚报》访问补充自选集首批上市书目、微博被删停更和遗体捐赠。""}],""certainty"":""confirmed"",""tags"":[""李敖50年唯一自选集"",""成都商报"",""华西都市报"",""长江日报"",""书面访问"",""录音访问""],""people"":[""李敖"",""李戡"",""刘晓庆"",""陈文茜""],""places"":[""台北书房"",""中国大陆""],""works"":[""李敖访谈录1990-2018"",""李敖50年唯一自选集"",""李敖大全集"",""李敖情书集""],""view"":[""访谈线"",""出版线"",""写作线"",""家庭线""],""crossReferences"":[""book8-2012-publishes-only-selected-works-in-mainland"",""li-ao-fangtanlu-2012-04-20-plans-complete-works-and-li-ao-140""],""dataFile"":""data/timeline-events-li-ao-fangtanlu-1990-2018.json""}"
"25361","2012","2012-01-20","2012年1月前后","month","confirmed","因心律不齐搬离阳明山书房，住回金兰大厦","《外滩画报》2012年4月20日访问时记录，李敖三个月前搬离住了多年的阳明山书房，住回敦化南路一段金兰大厦。他解释自己心脏不太好、出现心律不齐，半夜若需急救住山下更方便；搬回旧公寓后仍选择独居，每周回家一次，与家人待一整天。","李敖","阳明山、台北敦化南路一段、金兰大厦","阳明山书房、金兰大厦、心律不齐、独居、晚年生活","日常线、身体线、晚年线","李敖访谈录1990-2018","sui-qianwan-2011-09-27-records-six-day-mountain-routine、sui-qianwan-2013-07-12-sells-mountain-study-and-moves-last-mementos、li-ao-fangtanlu-2014-08-28-southern-weekend-jinlan-chinese-interview","李敖访谈录1990-2018","060.20120523《外滩画报》专访李敖","13","《大李敖全集5.0》（wjm_tcy版）分章节/007.采访序跋类/005.李敖访谈录1990-2018/060.20120523《外滩画报》专访李敖.txt","李敖访谈录1990-2018 / 070.20140828《南方周末》专访李敖 / line 7 / 说明：《南方周末》访问补充李敖2014年在台北敦南大道金兰大厦书房的日常：自己擦地、整理资料、每天待14小时。 / 《大李敖全集5.0》（wjm_tcy版）分章节/007.采访序跋类/005.李敖访谈录1990-2018/070.20140828《南方周末》专访李敖.txt","[{""book"":""李敖访谈录1990-2018"",""chapter"":""070.20140828《南方周末》专访李敖"",""path"":""《大李敖全集5.0》（wjm_tcy版）分章节/007.采访序跋类/005.李敖访谈录1990-2018/070.20140828《南方周末》专访李敖.txt"",""line"":7,""lines"":[7,9,11],""note"":""《南方周末》访问补充李敖2014年在台北敦南大道金兰大厦书房的日常：自己擦地、整理资料、每天待14小时。""}]","data/timeline-events-li-ao-fangtanlu-1990-2018.json","li-ao-fangtanlu-2012-01-moves-from-yangmingshan-to-jinlan-apartment","{""id"":""li-ao-fangtanlu-2012-01-moves-from-yangmingshan-to-jinlan-apartment"",""date"":""2012-01-20"",""displayDate"":""2012年1月前后"",""datePrecision"":""month"",""title"":""因心律不齐搬离阳明山书房，住回金兰大厦"",""summary"":""《外滩画报》2012年4月20日访问时记录，李敖三个月前搬离住了多年的阳明山书房，住回敦化南路一段金兰大厦。他解释自己心脏不太好、出现心律不齐，半夜若需急救住山下更方便；搬回旧公寓后仍选择独居，每周回家一次，与家人待一整天。"",""category"":""daily"",""type"":""李敖当事人事件"",""source"":{""book"":""李敖访谈录1990-2018"",""chapter"":""060.20120523《外滩画报》专访李敖"",""path"":""《大李敖全集5.0》（wjm_tcy版）分章节/007.采访序跋类/005.李敖访谈录1990-2018/060.20120523《外滩画报》专访李敖.txt"",""line"":13,""lines"":[13,15,183,185,187,189],""note"":""《外滩画报》记录李敖三个月前因心律不齐从阳明山搬回金兰大厦，并说明独居和每周回家安排。""},""certainty"":""confirmed"",""tags"":[""阳明山书房"",""金兰大厦"",""心律不齐"",""独居"",""晚年生活""],""people"":[""李敖""],""places"":[""阳明山"",""台北敦化南路一段"",""金兰大厦""],""works"":[""李敖访谈录1990-2018""],""view"":[""日常线"",""身体线"",""晚年线""],""crossReferences"":[""sui-qianwan-2011-09-27-records-six-day-mountain-routine"",""sui-qianwan-2013-07-12-sells-mountain-study-and-moves-last-mementos"",""li-ao-fangtanlu-2014-08-28-southern-weekend-jinlan-chinese-interview""],""additionalSources"":[{""book"":""李敖访谈录1990-2018"",""chapter"":""070.20140828《南方周末》专访李敖"",""path"":""《大李敖全集5.0》（wjm_tcy版）分章节/007.采访序跋类/005.李敖访谈录1990-2018/070.20140828《南方周末》专访李敖.txt"",""line"":7,""lines"":[7,9,11],""note"":""《南方周末》访问补充李敖2014年在台北敦南大道金兰大厦书房的日常：自己擦地、整理资料、每天待14小时。""}],""dataFile"":""data/timeline-events-li-ao-fangtanlu-1990-2018.json""}"
"25362","2012","2012-03-01","2012年春季","season","confirmed","信义书局林家成送来杨西崑旧藏十五箱书","《2013年1月》回述，杨西崑退休后曾到李敖家请教，死后故居转手；2012年春，信义书局林家成送给李敖十五箱书，李敖打开后见到“杨西崑印”，等于隔街旧交的藏书转入自己的书房。","李敖、杨西崑、林家成","台北、信义书局","虽千万人，李敖往矣、杨西崑、林家成、信义书局、藏书、待校日","藏书线、交游线、晚年线","虽千万人，李敖往矣","","虽千万人，李敖往矣","007.2013年1月","97","《大李敖全集5.0》（wjm_tcy版）分章节/005.诗集语录类/005.虽千万人，李敖往矣/007.2013年1月.txt","","[]","data/timeline-events-sui-qianwan-li-ao-wangyi.json","sui-qianwan-2012-spring-receives-yang-xikun-books-from-xinyi-bookstore","{""id"":""sui-qianwan-2012-spring-receives-yang-xikun-books-from-xinyi-bookstore"",""date"":""2012-03-01"",""displayDate"":""2012年春季"",""datePrecision"":""season"",""title"":""信义书局林家成送来杨西崑旧藏十五箱书"",""summary"":""《2013年1月》回述，杨西崑退休后曾到李敖家请教，死后故居转手；2012年春，信义书局林家成送给李敖十五箱书，李敖打开后见到“杨西崑印”，等于隔街旧交的藏书转入自己的书房。"",""view"":[""藏书线"",""交游线"",""晚年线""],""tags"":[""虽千万人，李敖往矣"",""杨西崑"",""林家成"",""信义书局"",""藏书"",""待校日""],""people"":[""李敖"",""杨西崑"",""林家成""],""places"":[""台北"",""信义书局""],""works"":[""虽千万人，李敖往矣""],""certainty"":""confirmed"",""source"":{""book"":""虽千万人，李敖往矣"",""chapter"":""007.2013年1月"",""path"":""《大李敖全集5.0》（wjm_tcy版）分章节/005.诗集语录类/005.虽千万人，李敖往矣/007.2013年1月.txt"",""line"":97},""dataFile"":""data/timeline-events-sui-qianwan-li-ao-wangyi.json""}"
"25363","2012","2012-07-31","2012年7月前后","month","confirmed","白内障小手术后继续独居书房写作","《华西都市报》访问前，陈文茜曾在微博透露李敖因白内障看诊并开刀；李敖在录音回答中把它称为“不碍事”的小手术，说年纪大了眼睛有毛病正常，身体还不错，但也要当心。术后他的日常仍是一个人住在书房，早上六点起床，自己整理书房，除吃饭外一整天都在写，正在同时写九部作品。","李敖、陈文茜","台北书房","白内障、眼睛手术、书房、独居、写作日课","身体线、日常线、写作线、晚年线","李敖访谈录1990-2018、李敖大全集","li-ao-fangtanlu-2012-10-10-selected-works-media-interviews","李敖访谈录1990-2018","062.20121010《华西都市报》专访李敖","17","《大李敖全集5.0》（wjm_tcy版）分章节/007.采访序跋类/005.李敖访谈录1990-2018/062.20121010《华西都市报》专访李敖.txt","","[]","data/timeline-events-li-ao-fangtanlu-1990-2018.json","li-ao-fangtanlu-2012-07-cataract-surgery-and-study-routine","{""id"":""li-ao-fangtanlu-2012-07-cataract-surgery-and-study-routine"",""date"":""2012-07-31"",""displayDate"":""2012年7月前后"",""datePrecision"":""month"",""title"":""白内障小手术后继续独居书房写作"",""summary"":""《华西都市报》访问前，陈文茜曾在微博透露李敖因白内障看诊并开刀；李敖在录音回答中把它称为“不碍事”的小手术，说年纪大了眼睛有毛病正常，身体还不错，但也要当心。术后他的日常仍是一个人住在书房，早上六点起床，自己整理书房，除吃饭外一整天都在写，正在同时写九部作品。"",""category"":""health"",""type"":""李敖当事人事件"",""source"":{""book"":""李敖访谈录1990-2018"",""chapter"":""062.20121010《华西都市报》专访李敖"",""path"":""《大李敖全集5.0》（wjm_tcy版）分章节/007.采访序跋类/005.李敖访谈录1990-2018/062.20121010《华西都市报》专访李敖.txt"",""line"":17,""lines"":[17,19,21,23,25],""note"":""《华西都市报》访问记录陈文茜微博提及李敖白内障开刀，李敖回应术后身体、独居书房和写作日课。""},""certainty"":""confirmed"",""tags"":[""白内障"",""眼睛手术"",""书房"",""独居"",""写作日课""],""people"":[""李敖"",""陈文茜""],""places"":[""台北书房""],""works"":[""李敖访谈录1990-2018"",""李敖大全集""],""view"":[""身体线"",""日常线"",""写作线"",""晚年线""],""crossReferences"":[""li-ao-fangtanlu-2012-10-10-selected-works-media-interviews""],""dataFile"":""data/timeline-events-li-ao-fangtanlu-1990-2018.json""}"
"25364","2012","2012-12-31","2012年","year","reported-by-third-party","田沁鑫在李敖书房与李敖讨论改编《北京法源寺》，李敖授权舞台化","《北京青年报》2018年报道回溯，田沁鑫2012年因《风华绝代》赴台北时经刘晓庆首次见到李敖；在李敖书房里，两人讨论哪部作品适合改编，田沁鑫提出《法源寺》，李敖认为语言密度高、适合对话。报道又称田沁鑫随后六次赴台北与李敖见面，李敖赠她万宝龙钢笔和印章，签约时几乎不审合同，只电话询问能否保留康有为关于历史必然性的观点。此条为第三方报道回溯，不是李敖本人自述。","李敖、田沁鑫、刘晓庆","台北、李敖书房","北京法源寺、田沁鑫、刘晓庆、舞台剧、改编授权、第三方报道","改编线、访谈线、创作线","北京法源寺、风华绝代、北京青年报","beijing-fayuansi-1991-06-30-published-by-wenxing、beijing-fayuansi-2017-11-stage-play-taipei-while-hospitalized","李敖访谈录1990-2018","077.20180319《北京青年报》报导","27","《大李敖全集5.0》（wjm_tcy版）分章节/007.采访序跋类/005.李敖访谈录1990-2018/077.20180319《北京青年报》报导.txt","李敖访谈录1990-2018 / 077.20180319《北京青年报》报导 / line 31 / 《大李敖全集5.0》（wjm_tcy版）分章节/007.采访序跋类/005.李敖访谈录1990-2018/077.20180319《北京青年报》报导.txt || 李敖访谈录1990-2018 / 077.20180319《北京青年报》报导 / line 33 / 《大李敖全集5.0》（wjm_tcy版）分章节/007.采访序跋类/005.李敖访谈录1990-2018/077.20180319《北京青年报》报导.txt || 李敖访谈录1990-2018 / 077.20180319《北京青年报》报导 / line 35 / 《大李敖全集5.0》（wjm_tcy版）分章节/007.采访序跋类/005.李敖访谈录1990-2018/077.20180319《北京青年报》报导.txt","[{""book"":""李敖访谈录1990-2018"",""chapter"":""077.20180319《北京青年报》报导"",""path"":""《大李敖全集5.0》（wjm_tcy版）分章节/007.采访序跋类/005.李敖访谈录1990-2018/077.20180319《北京青年报》报导.txt"",""line"":31},{""book"":""李敖访谈录1990-2018"",""chapter"":""077.20180319《北京青年报》报导"",""path"":""《大李敖全集5.0》（wjm_tcy版）分章节/007.采访序跋类/005.李敖访谈录1990-2018/077.20180319《北京青年报》报导.txt"",""line"":33},{""book"":""李敖访谈录1990-2018"",""chapter"":""077.20180319《北京青年报》报导"",""path"":""《大李敖全集5.0》（wjm_tcy版）分章节/007.采访序跋类/005.李敖访谈录1990-2018/077.20180319《北京青年报》报导.txt"",""line"":35}]","data/timeline-events-beijing-fayuansi.json","beijing-fayuansi-2012-tian-qinxin-adaptation-study-meetings","{""id"":""beijing-fayuansi-2012-tian-qinxin-adaptation-study-meetings"",""date"":""2012-12-31"",""displayDate"":""2012年"",""datePrecision"":""year"",""title"":""田沁鑫在李敖书房与李敖讨论改编《北京法源寺》，李敖授权舞台化"",""summary"":""《北京青年报》2018年报道回溯，田沁鑫2012年因《风华绝代》赴台北时经刘晓庆首次见到李敖；在李敖书房里，两人讨论哪部作品适合改编，田沁鑫提出《法源寺》，李敖认为语言密度高、适合对话。报道又称田沁鑫随后六次赴台北与李敖见面，李敖赠她万宝龙钢笔和印章，签约时几乎不审合同，只电话询问能否保留康有为关于历史必然性的观点。此条为第三方报道回溯，不是李敖本人自述。"",""view"":[""改编线"",""访谈线"",""创作线""],""tags"":[""北京法源寺"",""田沁鑫"",""刘晓庆"",""舞台剧"",""改编授权"",""第三方报道""],""people"":[""李敖"",""田沁鑫"",""刘晓庆""],""places"":[""台北"",""李敖书房""],""works"":[""北京法源寺"",""风华绝代"",""北京青年报""],""certainty"":""reported-by-third-party"",""source"":{""book"":""李敖访谈录1990-2018"",""chapter"":""077.20180319《北京青年报》报导"",""path"":""《大李敖全集5.0》（wjm_tcy版）分章节/007.采访序跋类/005.李敖访谈录1990-2018/077.20180319《北京青年报》报导.txt"",""line"":27,""note"":""第三方报道回溯；明示为非李敖本人说法。""},""additionalSources"":[{""book"":""李敖访谈录1990-2018"",""chapter"":""077.20180319《北京青年报》报导"",""path"":""《大李敖全集5.0》（wjm_tcy版）分章节/007.采访序跋类/005.李敖访谈录1990-2018/077.20180319《北京青年报》报导.txt"",""line"":31},{""book"":""李敖访谈录1990-2018"",""chapter"":""077.20180319《北京青年报》报导"",""path"":""《大李敖全集5.0》（wjm_tcy版）分章节/007.采访序跋类/005.李敖访谈录1990-2018/077.20180319《北京青年报》报导.txt"",""line"":33},{""book"":""李敖访谈录1990-2018"",""chapter"":""077.20180319《北京青年报》报导"",""path"":""《大李敖全集5.0》（wjm_tcy版）分章节/007.采访序跋类/005.李敖访谈录1990-2018/077.20180319《北京青年报》报导.txt"",""line"":35}],""crossReferences"":[""beijing-fayuansi-1991-06-30-published-by-wenxing"",""beijing-fayuansi-2017-11-stage-play-taipei-while-hospitalized""],""dataFile"":""data/timeline-events-beijing-fayuansi.json""}"
"25365","2012","2012-12-31","2012年","year","confirmed","在内地出版《李敖50年唯一自选集》","《李敖五十年表》记，李敖在2012年全年没发微博，但在内地出版《李敖50年唯一自选集》。2012年10月多家媒体访问进一步补出，这套书由李敖本人亲自选定，以《传统下的独白》《李敖情书集》等组成，首批上市包括《传统下的独白》《为自由招魂》《北京法源寺》《李敖情书集》《蒋介石评传》《胡适研究》等；李敖把它说成上半生写作精华、水面上的八分之一，也借此重新进入大陆出版公共场。","李敖","中国大陆","李敖50年唯一自选集、内地出版、自选集","出版线、大陆线、生平线","李敖50年唯一自选集、李敖相关","li-ao-fangtanlu-2012-10-10-selected-works-media-interviews","李敖相关","001.李敖五十年表","181","《大李敖全集5.0》（wjm_tcy版）分章节/001.自传回忆类/008.李敖相关/001.李敖五十年表.txt","李敖访谈录1990-2018 / 061.20121010《成都商报》专访李敖 / line 15 / 说明：《成都商报》访问补充李敖亲谈《李敖50年唯一自选集》的选本痛苦和意义。 / 《大李敖全集5.0》（wjm_tcy版）分章节/007.采访序跋类/005.李敖访谈录1990-2018/061.20121010《成都商报》专访李敖.txt || 李敖访谈录1990-2018 / 062.20121010《华西都市报》专访李敖 / line 7 / 说明：《华西都市报》补充自选集由李敖亲自选定、包含《传统下的独白》《李敖情书集》等。 / 《大李敖全集5.0》（wjm_tcy版）分章节/007.采访序跋类/005.李敖访谈录1990-2018/062.20121010《华西都市报》专访李敖.txt || 李敖访谈录1990-2018 / 064.20121028《长春晚报》专访李敖 / line 7 / 说明：《长春晚报》补充自选集13部图书分类和首批上市书目。 / 《大李敖全集5.0》（wjm_tcy版）分章节/007.采访序跋类/005.李敖访谈录1990-2018/064.20121028《长春晚报》专访李敖.txt","[{""book"":""李敖访谈录1990-2018"",""chapter"":""061.20121010《成都商报》专访李敖"",""path"":""《大李敖全集5.0》（wjm_tcy版）分章节/007.采访序跋类/005.李敖访谈录1990-2018/061.20121010《成都商报》专访李敖.txt"",""line"":15,""lines"":[15,23,25,27,29],""note"":""《成都商报》访问补充李敖亲谈《李敖50年唯一自选集》的选本痛苦和意义。""},{""book"":""李敖访谈录1990-2018"",""chapter"":""062.20121010《华西都市报》专访李敖"",""path"":""《大李敖全集5.0》（wjm_tcy版）分章节/007.采访序跋类/005.李敖访谈录1990-2018/062.20121010《华西都市报》专访李敖.txt"",""line"":7,""lines"":[7,9,11],""note"":""《华西都市报》补充自选集由李敖亲自选定、包含《传统下的独白》《李敖情书集》等。""},{""book"":""李敖访谈录1990-2018"",""chapter"":""064.20121028《长春晚报》专访李敖"",""path"":""《大李敖全集5.0》（wjm_tcy版）分章节/007.采访序跋类/005.李敖访谈录1990-2018/064.20121028《长春晚报》专访李敖.txt"",""line"":7,""lines"":[7,9,11,13],""note"":""《长春晚报》补充自选集13部图书分类和首批上市书目。""}]","data/timeline-events-eighth-book.json","book8-2012-publishes-only-selected-works-in-mainland","{""id"":""book8-2012-publishes-only-selected-works-in-mainland"",""date"":""2012-12-31"",""displayDate"":""2012年"",""datePrecision"":""year"",""title"":""在内地出版《李敖50年唯一自选集》"",""summary"":""《李敖五十年表》记，李敖在2012年全年没发微博，但在内地出版《李敖50年唯一自选集》。2012年10月多家媒体访问进一步补出，这套书由李敖本人亲自选定，以《传统下的独白》《李敖情书集》等组成，首批上市包括《传统下的独白》《为自由招魂》《北京法源寺》《李敖情书集》《蒋介石评传》《胡适研究》等；李敖把它说成上半生写作精华、水面上的八分之一，也借此重新进入大陆出版公共场。"",""view"":[""出版线"",""大陆线"",""生平线""],""tags"":[""李敖50年唯一自选集"",""内地出版"",""自选集""],""people"":[""李敖""],""places"":[""中国大陆""],""works"":[""李敖50年唯一自选集"",""李敖相关""],""certainty"":""confirmed"",""source"":{""book"":""李敖相关"",""chapter"":""001.李敖五十年表"",""path"":""《大李敖全集5.0》（wjm_tcy版）分章节/001.自传回忆类/008.李敖相关/001.李敖五十年表.txt"",""line"":181},""additionalSources"":[{""book"":""李敖访谈录1990-2018"",""chapter"":""061.20121010《成都商报》专访李敖"",""path"":""《大李敖全集5.0》（wjm_tcy版）分章节/007.采访序跋类/005.李敖访谈录1990-2018/061.20121010《成都商报》专访李敖.txt"",""line"":15,""lines"":[15,23,25,27,29],""note"":""《成都商报》访问补充李敖亲谈《李敖50年唯一自选集》的选本痛苦和意义。""},{""book"":""李敖访谈录1990-2018"",""chapter"":""062.20121010《华西都市报》专访李敖"",""path"":""《大李敖全集5.0》（wjm_tcy版）分章节/007.采访序跋类/005.李敖访谈录1990-2018/062.20121010《华西都市报》专访李敖.txt"",""line"":7,""lines"":[7,9,11],""note"":""《华西都市报》补充自选集由李敖亲自选定、包含《传统下的独白》《李敖情书集》等。""},{""book"":""李敖访谈录1990-2018"",""chapter"":""064.20121028《长春晚报》专访李敖"",""path"":""《大李敖全集5.0》（wjm_tcy版）分章节/007.采访序跋类/005.李敖访谈录1990-2018/064.20121028《长春晚报》专访李敖.txt"",""line"":7,""lines"":[7,9,11,13],""note"":""《长春晚报》补充自选集13部图书分类和首批上市书目。""}],""crossReferences"":[""li-ao-fangtanlu-2012-10-10-selected-works-media-interviews""],""dataFile"":""data/timeline-events-eighth-book.json""}"
"25366","2013","2013-01-13","2013年1月13日星期日","day","confirmed","重新发微博并接受《环球人物杂志》专访","《李敖五十年表》记，2013年1月13日开始，李敖重新发微博，并接受《环球人物杂志》专访。这条把他从2012年微博沉默转回网络与媒体公共空间的时点明确落成日级。","李敖","中国大陆","新浪微博、环球人物杂志、专访、重新发微博","网络线、媒体线、生平线","环球人物杂志、新浪微博、李敖相关","li-ao-fangtanlu-2013-07-30-global-people-interview-after-study-sale","李敖相关","001.李敖五十年表","183","《大李敖全集5.0》（wjm_tcy版）分章节/001.自传回忆类/008.李敖相关/001.李敖五十年表.txt","虽千万人，李敖往矣 / 007.2013年1月 / line 3 / 说明：《虽千万人，李敖往矣》2013年第一则从1月13日起，补证其重新进入微博写作的起点。 / 《大李敖全集5.0》（wjm_tcy版）分章节/005.诗集语录类/005.虽千万人，李敖往矣/007.2013年1月.txt || 李敖访谈录1990-2018 / 065.20130730《环球人物杂志》专访李敖 / line 43 / 说明：《环球人物杂志》2013年7月访问补充李敖微博前后加起来约九个月、粉丝突破五百万，并解释以微博和媒体争取让言论被听到。 / 《大李敖全集5.0》（wjm_tcy版）分章节/007.采访序跋类/005.李敖访谈录1990-2018/065.20130730《环球人物杂志》专访李敖.txt","[{""book"":""虽千万人，李敖往矣"",""chapter"":""007.2013年1月"",""path"":""《大李敖全集5.0》（wjm_tcy版）分章节/005.诗集语录类/005.虽千万人，李敖往矣/007.2013年1月.txt"",""line"":3,""note"":""《虽千万人，李敖往矣》2013年第一则从1月13日起，补证其重新进入微博写作的起点。""},{""book"":""李敖访谈录1990-2018"",""chapter"":""065.20130730《环球人物杂志》专访李敖"",""path"":""《大李敖全集5.0》（wjm_tcy版）分章节/007.采访序跋类/005.李敖访谈录1990-2018/065.20130730《环球人物杂志》专访李敖.txt"",""line"":43,""lines"":[43,47,49,51,53,59,61],""note"":""《环球人物杂志》2013年7月访问补充李敖微博前后加起来约九个月、粉丝突破五百万，并解释以微博和媒体争取让言论被听到。""}]","data/timeline-events-eighth-book.json","book8-2013-01-13-resumes-weibo-and-accepts-global-people-interview","{""id"":""book8-2013-01-13-resumes-weibo-and-accepts-global-people-interview"",""date"":""2013-01-13"",""displayDate"":""2013年1月13日星期日"",""datePrecision"":""day"",""title"":""重新发微博并接受《环球人物杂志》专访"",""summary"":""《李敖五十年表》记，2013年1月13日开始，李敖重新发微博，并接受《环球人物杂志》专访。这条把他从2012年微博沉默转回网络与媒体公共空间的时点明确落成日级。"",""view"":[""网络线"",""媒体线"",""生平线""],""tags"":[""新浪微博"",""环球人物杂志"",""专访"",""重新发微博""],""people"":[""李敖""],""places"":[""中国大陆""],""works"":[""环球人物杂志"",""新浪微博"",""李敖相关""],""certainty"":""confirmed"",""source"":{""book"":""李敖相关"",""chapter"":""001.李敖五十年表"",""path"":""《大李敖全集5.0》（wjm_tcy版）分章节/001.自传回忆类/008.李敖相关/001.李敖五十年表.txt"",""line"":183},""additionalSources"":[{""book"":""虽千万人，李敖往矣"",""chapter"":""007.2013年1月"",""path"":""《大李敖全集5.0》（wjm_tcy版）分章节/005.诗集语录类/005.虽千万人，李敖往矣/007.2013年1月.txt"",""line"":3,""note"":""《虽千万人，李敖往矣》2013年第一则从1月13日起，补证其重新进入微博写作的起点。""},{""book"":""李敖访谈录1990-2018"",""chapter"":""065.20130730《环球人物杂志》专访李敖"",""path"":""《大李敖全集5.0》（wjm_tcy版）分章节/007.采访序跋类/005.李敖访谈录1990-2018/065.20130730《环球人物杂志》专访李敖.txt"",""line"":43,""lines"":[43,47,49,51,53,59,61],""note"":""《环球人物杂志》2013年7月访问补充李敖微博前后加起来约九个月、粉丝突破五百万，并解释以微博和媒体争取让言论被听到。""}],""crossReferences"":[""li-ao-fangtanlu-2013-07-30-global-people-interview-after-study-sale""],""dataFile"":""data/timeline-events-eighth-book.json""}"
"25367","2013","2013-01-24","2013年1月24日星期四","day","confirmed","陈舜政带来《樊江关》剧本答李敖戏文疑问","《2013年1月》写，老同学陈舜政每周到李敖邻居家票戏，电梯相遇时李敖向他请教京戏典故；两天后陈舜政拿来《樊江关》剧本，替他找到出处。","李敖、陈舜政","李敖住处","虽千万人，李敖往矣、陈舜政、京戏、樊江关、电梯相遇、待校日","交游线、写作线、日常线","虽千万人，李敖往矣、樊江关","","虽千万人，李敖往矣","007.2013年1月","73","《大李敖全集5.0》（wjm_tcy版）分章节/005.诗集语录类/005.虽千万人，李敖往矣/007.2013年1月.txt","","[]","data/timeline-events-sui-qianwan-li-ao-wangyi.json","sui-qianwan-2013-01-24-chen-shunzheng-brings-fanjiangguan-script","{""id"":""sui-qianwan-2013-01-24-chen-shunzheng-brings-fanjiangguan-script"",""date"":""2013-01-24"",""displayDate"":""2013年1月24日星期四"",""datePrecision"":""day"",""title"":""陈舜政带来《樊江关》剧本答李敖戏文疑问"",""summary"":""《2013年1月》写，老同学陈舜政每周到李敖邻居家票戏，电梯相遇时李敖向他请教京戏典故；两天后陈舜政拿来《樊江关》剧本，替他找到出处。"",""view"":[""交游线"",""写作线"",""日常线""],""tags"":[""虽千万人，李敖往矣"",""陈舜政"",""京戏"",""樊江关"",""电梯相遇"",""待校日""],""people"":[""李敖"",""陈舜政""],""places"":[""李敖住处""],""works"":[""虽千万人，李敖往矣"",""樊江关""],""certainty"":""confirmed"",""source"":{""book"":""虽千万人，李敖往矣"",""chapter"":""007.2013年1月"",""path"":""《大李敖全集5.0》（wjm_tcy版）分章节/005.诗集语录类/005.虽千万人，李敖往矣/007.2013年1月.txt"",""line"":73},""dataFile"":""data/timeline-events-sui-qianwan-li-ao-wangyi.json""}"
"25368","2013","2013-02-04","2013年2月4日星期一","day","confirmed","宋楚瑜在李敖书房想起陈万水而落泪","《2013年2月》2月5日短文写，前一天宋楚瑜在李敖书房，想到亡妻陈万水在日记中写过羡慕李敖书房，凄然泪下；李敖随即以以色列总理贝京丧妻后的故事劝慰。","李敖、宋楚瑜、陈万水","李敖书房","虽千万人，李敖往矣、宋楚瑜、陈万水、书房、贝京","交游线、政治人物线、书房线","虽千万人，李敖往矣","","虽千万人，李敖往矣","008.2013年2月","31","《大李敖全集5.0》（wjm_tcy版）分章节/005.诗集语录类/005.虽千万人，李敖往矣/008.2013年2月.txt","","[]","data/timeline-events-sui-qianwan-li-ao-wangyi.json","sui-qianwan-2013-02-04-song-chuyu-cries-in-li-ao-study","{""id"":""sui-qianwan-2013-02-04-song-chuyu-cries-in-li-ao-study"",""date"":""2013-02-04"",""displayDate"":""2013年2月4日星期一"",""datePrecision"":""day"",""title"":""宋楚瑜在李敖书房想起陈万水而落泪"",""summary"":""《2013年2月》2月5日短文写，前一天宋楚瑜在李敖书房，想到亡妻陈万水在日记中写过羡慕李敖书房，凄然泪下；李敖随即以以色列总理贝京丧妻后的故事劝慰。"",""view"":[""交游线"",""政治人物线"",""书房线""],""tags"":[""虽千万人，李敖往矣"",""宋楚瑜"",""陈万水"",""书房"",""贝京""],""people"":[""李敖"",""宋楚瑜"",""陈万水""],""places"":[""李敖书房""],""works"":[""虽千万人，李敖往矣""],""certainty"":""confirmed"",""source"":{""book"":""虽千万人，李敖往矣"",""chapter"":""008.2013年2月"",""path"":""《大李敖全集5.0》（wjm_tcy版）分章节/005.诗集语录类/005.虽千万人，李敖往矣/008.2013年2月.txt"",""line"":31},""dataFile"":""data/timeline-events-sui-qianwan-li-ao-wangyi.json""}"
"25369","2013","2013-02-17","2013年2月17日星期日","day","confirmed","李敖在小巷理发时遇到程建英谈选举","《2013年2月》写，李敖在小巷中理发，碰到洗头的程建英；两人谈到一年前她支持宋楚瑜、后来后悔选马英九，以及大陆对台湾政治判断的问题。","李敖、程建英、宋楚瑜、马英九、陈水扁","台北","虽千万人，李敖往矣、程建英、理发、宋楚瑜、马英九、日常","日常线、政治线、交游线","虽千万人，李敖往矣","","虽千万人，李敖往矣","008.2013年2月","103","《大李敖全集5.0》（wjm_tcy版）分章节/005.诗集语录类/005.虽千万人，李敖往矣/008.2013年2月.txt","","[]","data/timeline-events-sui-qianwan-li-ao-wangyi.json","sui-qianwan-2013-02-17-meets-cheng-jianying-at-barber-alley","{""id"":""sui-qianwan-2013-02-17-meets-cheng-jianying-at-barber-alley"",""date"":""2013-02-17"",""displayDate"":""2013年2月17日星期日"",""datePrecision"":""day"",""title"":""李敖在小巷理发时遇到程建英谈选举"",""summary"":""《2013年2月》写，李敖在小巷中理发，碰到洗头的程建英；两人谈到一年前她支持宋楚瑜、后来后悔选马英九，以及大陆对台湾政治判断的问题。"",""view"":[""日常线"",""政治线"",""交游线""],""tags"":[""虽千万人，李敖往矣"",""程建英"",""理发"",""宋楚瑜"",""马英九"",""日常""],""people"":[""李敖"",""程建英"",""宋楚瑜"",""马英九"",""陈水扁""],""places"":[""台北""],""works"":[""虽千万人，李敖往矣""],""certainty"":""confirmed"",""source"":{""book"":""虽千万人，李敖往矣"",""chapter"":""008.2013年2月"",""path"":""《大李敖全集5.0》（wjm_tcy版）分章节/005.诗集语录类/005.虽千万人，李敖往矣/008.2013年2月.txt"",""line"":103},""dataFile"":""data/timeline-events-sui-qianwan-li-ao-wangyi.json""}"
"25370","2013","2013-03-13","2013年3月13日星期三","day","confirmed","“哈啰李敖”恢复两个月后逼近四百万粉丝","《2013年3月》写，李敖恢复“哈啰李敖”两个月后，粉丝数已逼近四百万。他把欧亨利《四百万》的纽约众生相挪用到自己的微博读者规模上。","李敖","大陆网络平台","虽千万人，李敖往矣、哈啰李敖、微博、四百万粉丝、欧亨利","媒体线、网络线、晚年线","虽千万人，李敖往矣、哈啰李敖、四百万","book8-2013-01-13-resumes-weibo-and-accepts-global-people-interview","虽千万人，李敖往矣","009.2013年3月","79","《大李敖全集5.0》（wjm_tcy版）分章节/005.诗集语录类/005.虽千万人，李敖往矣/009.2013年3月.txt","","[]","data/timeline-events-sui-qianwan-li-ao-wangyi.json","sui-qianwan-2013-03-13-hello-li-ao-nears-four-million-followers","{""id"":""sui-qianwan-2013-03-13-hello-li-ao-nears-four-million-followers"",""date"":""2013-03-13"",""displayDate"":""2013年3月13日星期三"",""datePrecision"":""day"",""title"":""“哈啰李敖”恢复两个月后逼近四百万粉丝"",""summary"":""《2013年3月》写，李敖恢复“哈啰李敖”两个月后，粉丝数已逼近四百万。他把欧亨利《四百万》的纽约众生相挪用到自己的微博读者规模上。"",""view"":[""媒体线"",""网络线"",""晚年线""],""tags"":[""虽千万人，李敖往矣"",""哈啰李敖"",""微博"",""四百万粉丝"",""欧亨利""],""people"":[""李敖""],""places"":[""大陆网络平台""],""works"":[""虽千万人，李敖往矣"",""哈啰李敖"",""四百万""],""certainty"":""confirmed"",""source"":{""book"":""虽千万人，李敖往矣"",""chapter"":""009.2013年3月"",""path"":""《大李敖全集5.0》（wjm_tcy版）分章节/005.诗集语录类/005.虽千万人，李敖往矣/009.2013年3月.txt"",""line"":79},""crossReferences"":[""book8-2013-01-13-resumes-weibo-and-accepts-global-people-interview""],""dataFile"":""data/timeline-events-sui-qianwan-li-ao-wangyi.json""}"
"25371","2013","2013-03-16","2013年3月16日星期六","day","confirmed","李敖在认证“哈啰李敖”下引导读者到“李敖丛书·上书网”买书","《2013年3月》写，李敖在“哈啰李敖”V字认证下第二行标出“李敖丛书·上书网”，提醒读者可购买台湾出版的繁体字书和禁书。这条补出他把微博流量导入图书销售与真本辨识的实际做法。","李敖","大陆网络平台、台湾","虽千万人，李敖往矣、哈啰李敖、上书网、李敖丛书、繁体书、禁书","出版线、网络线、商业线","虽千万人，李敖往矣、哈啰李敖、李敖丛书","","虽千万人，李敖往矣","009.2013年3月","97","《大李敖全集5.0》（wjm_tcy版）分章节/005.诗集语录类/005.虽千万人，李敖往矣/009.2013年3月.txt","","[]","data/timeline-events-sui-qianwan-li-ao-wangyi.json","sui-qianwan-2013-03-16-promotes-shangshuwang-under-verified-hello-li-ao","{""id"":""sui-qianwan-2013-03-16-promotes-shangshuwang-under-verified-hello-li-ao"",""date"":""2013-03-16"",""displayDate"":""2013年3月16日星期六"",""datePrecision"":""day"",""title"":""李敖在认证“哈啰李敖”下引导读者到“李敖丛书·上书网”买书"",""summary"":""《2013年3月》写，李敖在“哈啰李敖”V字认证下第二行标出“李敖丛书·上书网”，提醒读者可购买台湾出版的繁体字书和禁书。这条补出他把微博流量导入图书销售与真本辨识的实际做法。"",""view"":[""出版线"",""网络线"",""商业线""],""tags"":[""虽千万人，李敖往矣"",""哈啰李敖"",""上书网"",""李敖丛书"",""繁体书"",""禁书""],""people"":[""李敖""],""places"":[""大陆网络平台"",""台湾""],""works"":[""虽千万人，李敖往矣"",""哈啰李敖"",""李敖丛书""],""certainty"":""confirmed"",""source"":{""book"":""虽千万人，李敖往矣"",""chapter"":""009.2013年3月"",""path"":""《大李敖全集5.0》（wjm_tcy版）分章节/005.诗集语录类/005.虽千万人，李敖往矣/009.2013年3月.txt"",""line"":97},""dataFile"":""data/timeline-events-sui-qianwan-li-ao-wangyi.json""}"
"25372","2013","2013-04-08","2013年4月8日星期一","day","confirmed","李敖单干编纂八十巨册《李敖大全集》","《2013年4月》写，李敖称自己书房充栋却没有助手，当前主力是在2015年前编完八十巨册《李敖大全集》，且称这种工作别人帮不上忙，是典型手工业。","李敖","李敖书房","虽千万人，李敖往矣、李敖大全集、八十册、书房、单干、手工业","写作线、出版线、书房线","虽千万人，李敖往矣、李敖大全集","","虽千万人，李敖往矣","010.2013年4月","49","《大李敖全集5.0》（wjm_tcy版）分章节/005.诗集语录类/005.虽千万人，李敖往矣/010.2013年4月.txt","","[]","data/timeline-events-sui-qianwan-li-ao-wangyi.json","sui-qianwan-2013-04-08-compiles-eighty-volume-li-ao-complete-works-alone","{""id"":""sui-qianwan-2013-04-08-compiles-eighty-volume-li-ao-complete-works-alone"",""date"":""2013-04-08"",""displayDate"":""2013年4月8日星期一"",""datePrecision"":""day"",""title"":""李敖单干编纂八十巨册《李敖大全集》"",""summary"":""《2013年4月》写，李敖称自己书房充栋却没有助手，当前主力是在2015年前编完八十巨册《李敖大全集》，且称这种工作别人帮不上忙，是典型手工业。"",""view"":[""写作线"",""出版线"",""书房线""],""tags"":[""虽千万人，李敖往矣"",""李敖大全集"",""八十册"",""书房"",""单干"",""手工业""],""people"":[""李敖""],""places"":[""李敖书房""],""works"":[""虽千万人，李敖往矣"",""李敖大全集""],""certainty"":""confirmed"",""source"":{""book"":""虽千万人，李敖往矣"",""chapter"":""010.2013年4月"",""path"":""《大李敖全集5.0》（wjm_tcy版）分章节/005.诗集语录类/005.虽千万人，李敖往矣/010.2013年4月.txt"",""line"":49},""dataFile"":""data/timeline-events-sui-qianwan-li-ao-wangyi.json""}"
"25373","2013","2013-04-12","2013年4月12日星期五","day","confirmed","李敖在西餐厅看见彭明敏","《2013年4月》写，李敖在西餐厅坐下后，小屯提醒他那边是彭明敏；李敖回头确认，并由此回想43年前二人同吃西餐后，彭亡命海外、自己入狱的往事。","李敖、彭明敏、小屯","台湾、西餐厅","虽千万人，李敖往矣、彭明敏、小屯、西餐厅、旧交、台独","交游线、政治旧案线、日常线","虽千万人，李敖往矣","","虽千万人，李敖往矣","010.2013年4月","73","《大李敖全集5.0》（wjm_tcy版）分章节/005.诗集语录类/005.虽千万人，李敖往矣/010.2013年4月.txt","","[]","data/timeline-events-sui-qianwan-li-ao-wangyi.json","sui-qianwan-2013-04-12-sees-peng-mingmin-in-western-restaurant","{""id"":""sui-qianwan-2013-04-12-sees-peng-mingmin-in-western-restaurant"",""date"":""2013-04-12"",""displayDate"":""2013年4月12日星期五"",""datePrecision"":""day"",""title"":""李敖在西餐厅看见彭明敏"",""summary"":""《2013年4月》写，李敖在西餐厅坐下后，小屯提醒他那边是彭明敏；李敖回头确认，并由此回想43年前二人同吃西餐后，彭亡命海外、自己入狱的往事。"",""view"":[""交游线"",""政治旧案线"",""日常线""],""tags"":[""虽千万人，李敖往矣"",""彭明敏"",""小屯"",""西餐厅"",""旧交"",""台独""],""people"":[""李敖"",""彭明敏"",""小屯""],""places"":[""台湾"",""西餐厅""],""works"":[""虽千万人，李敖往矣""],""certainty"":""confirmed"",""source"":{""book"":""虽千万人，李敖往矣"",""chapter"":""010.2013年4月"",""path"":""《大李敖全集5.0》（wjm_tcy版）分章节/005.诗集语录类/005.虽千万人，李敖往矣/010.2013年4月.txt"",""line"":73},""dataFile"":""data/timeline-events-sui-qianwan-li-ao-wangyi.json""}"
"25374","2013","2013-04-13","2013年4月13日星期六","day","confirmed","李敖给石齐平新书写序后被出版社“断头求生”","《2013年4月》写，石齐平新书《中国：大趋势，大博弈》请李敖写序；序写好后，长江文艺出版社说审查通不过，只好把序删去。李敖说他由此联想到自己近五十年前在台湾写序被国民党掐死的旧经验。","李敖、石齐平","台湾、大陆","虽千万人，李敖往矣、石齐平、中国：大趋势，大博弈、序、长江文艺出版社、审查","写作线、出版线、审查线","虽千万人，李敖往矣、中国：大趋势，大博弈","ni-bendan-2010-02-26-writes-preface-for-chinas-big-trend","虽千万人，李敖往矣","010.2013年4月","79","《大李敖全集5.0》（wjm_tcy版）分章节/005.诗集语录类/005.虽千万人，李敖往矣/010.2013年4月.txt","","[]","data/timeline-events-sui-qianwan-li-ao-wangyi.json","sui-qianwan-2013-04-13-shi-qiping-new-book-preface-censored","{""id"":""sui-qianwan-2013-04-13-shi-qiping-new-book-preface-censored"",""date"":""2013-04-13"",""displayDate"":""2013年4月13日星期六"",""datePrecision"":""day"",""title"":""李敖给石齐平新书写序后被出版社“断头求生”"",""summary"":""《2013年4月》写，石齐平新书《中国：大趋势，大博弈》请李敖写序；序写好后，长江文艺出版社说审查通不过，只好把序删去。李敖说他由此联想到自己近五十年前在台湾写序被国民党掐死的旧经验。"",""view"":[""写作线"",""出版线"",""审查线""],""tags"":[""虽千万人，李敖往矣"",""石齐平"",""中国：大趋势，大博弈"",""序"",""长江文艺出版社"",""审查""],""people"":[""李敖"",""石齐平""],""places"":[""台湾"",""大陆""],""works"":[""虽千万人，李敖往矣"",""中国：大趋势，大博弈""],""certainty"":""confirmed"",""source"":{""book"":""虽千万人，李敖往矣"",""chapter"":""010.2013年4月"",""path"":""《大李敖全集5.0》（wjm_tcy版）分章节/005.诗集语录类/005.虽千万人，李敖往矣/010.2013年4月.txt"",""line"":79},""crossReferences"":[""ni-bendan-2010-02-26-writes-preface-for-chinas-big-trend""],""dataFile"":""data/timeline-events-sui-qianwan-li-ao-wangyi.json""}"
"25375","2013","2013-04-29","2013年4月29日星期一","day","confirmed","高金素梅在十字路口叫住李敖","《2013年4月》写，高金素梅在十字路口叫住李敖，并先为没有化妆道歉；李敖称赞她淡妆也是美人，又提到自己曾以百万元捐款赞助她赴靖国神社抗争。","李敖、高金素梅","台湾","虽千万人，李敖往矣、高金素梅、十字路口、靖国神社、捐款","交游线、政治线、日常线","虽千万人，李敖往矣","","虽千万人，李敖往矣","010.2013年4月","175","《大李敖全集5.0》（wjm_tcy版）分章节/005.诗集语录类/005.虽千万人，李敖往矣/010.2013年4月.txt","","[]","data/timeline-events-sui-qianwan-li-ao-wangyi.json","sui-qianwan-2013-04-29-meets-kao-chin-sumei-at-crossroad","{""id"":""sui-qianwan-2013-04-29-meets-kao-chin-sumei-at-crossroad"",""date"":""2013-04-29"",""displayDate"":""2013年4月29日星期一"",""datePrecision"":""day"",""title"":""高金素梅在十字路口叫住李敖"",""summary"":""《2013年4月》写，高金素梅在十字路口叫住李敖，并先为没有化妆道歉；李敖称赞她淡妆也是美人，又提到自己曾以百万元捐款赞助她赴靖国神社抗争。"",""view"":[""交游线"",""政治线"",""日常线""],""tags"":[""虽千万人，李敖往矣"",""高金素梅"",""十字路口"",""靖国神社"",""捐款""],""people"":[""李敖"",""高金素梅""],""places"":[""台湾""],""works"":[""虽千万人，李敖往矣""],""certainty"":""confirmed"",""source"":{""book"":""虽千万人，李敖往矣"",""chapter"":""010.2013年4月"",""path"":""《大李敖全集5.0》（wjm_tcy版）分章节/005.诗集语录类/005.虽千万人，李敖往矣/010.2013年4月.txt"",""line"":175},""dataFile"":""data/timeline-events-sui-qianwan-li-ao-wangyi.json""}"
"25376","2013","2013-05-01","2013年5月1日星期三","day","confirmed","外界盛传李敖暴毙，李敖建议李庆华以“李敖之鬼”回应","《2013年5月》写，外界从4月初到5月初盛传李敖暴毙，记者涌到好友李庆华办公室求证；李敖建议李庆华说刚通过电话，但对方不是李敖而是“李敖之鬼”。","李敖、李庆华","台湾","虽千万人，李敖往矣、死讯谣言、李庆华、记者、自嘲","媒体线、交游线、晚年线","虽千万人，李敖往矣","","虽千万人，李敖往矣","011.2013年5月","7","《大李敖全集5.0》（wjm_tcy版）分章节/005.诗集语录类/005.虽千万人，李敖往矣/011.2013年5月.txt","","[]","data/timeline-events-sui-qianwan-li-ao-wangyi.json","sui-qianwan-2013-05-01-death-rumor-and-li-qinghua-response","{""id"":""sui-qianwan-2013-05-01-death-rumor-and-li-qinghua-response"",""date"":""2013-05-01"",""displayDate"":""2013年5月1日星期三"",""datePrecision"":""day"",""title"":""外界盛传李敖暴毙，李敖建议李庆华以“李敖之鬼”回应"",""summary"":""《2013年5月》写，外界从4月初到5月初盛传李敖暴毙，记者涌到好友李庆华办公室求证；李敖建议李庆华说刚通过电话，但对方不是李敖而是“李敖之鬼”。"",""view"":[""媒体线"",""交游线"",""晚年线""],""tags"":[""虽千万人，李敖往矣"",""死讯谣言"",""李庆华"",""记者"",""自嘲""],""people"":[""李敖"",""李庆华""],""places"":[""台湾""],""works"":[""虽千万人，李敖往矣""],""certainty"":""confirmed"",""source"":{""book"":""虽千万人，李敖往矣"",""chapter"":""011.2013年5月"",""path"":""《大李敖全集5.0》（wjm_tcy版）分章节/005.诗集语录类/005.虽千万人，李敖往矣/011.2013年5月.txt"",""line"":7},""dataFile"":""data/timeline-events-sui-qianwan-li-ao-wangyi.json""}"
"25377","2013","2013-05-02","2013年5月2日星期四","day","confirmed","北京新鲜胡同小学转来给李敖校友的纪念册","《2013年5月》写，北京新鲜胡同小学校长孙文燕转来礼物，是小朋友们为李敖校友制作的纪念册。李敖由这所小学的历史，追想魏忠贤生祠、八旗贵族学校与人民学校的变迁。","李敖、孙文燕","北京、新鲜胡同小学","虽千万人，李敖往矣、新鲜胡同小学、孙文燕、纪念册、校友、北京","教育线、交游线、身世线","虽千万人，李敖往矣","","虽千万人，李敖往矣","011.2013年5月","13","《大李敖全集5.0》（wjm_tcy版）分章节/005.诗集语录类/005.虽千万人，李敖往矣/011.2013年5月.txt","","[]","data/timeline-events-sui-qianwan-li-ao-wangyi.json","sui-qianwan-2013-05-02-receives-xinxian-hutong-primary-school-album","{""id"":""sui-qianwan-2013-05-02-receives-xinxian-hutong-primary-school-album"",""date"":""2013-05-02"",""displayDate"":""2013年5月2日星期四"",""datePrecision"":""day"",""title"":""北京新鲜胡同小学转来给李敖校友的纪念册"",""summary"":""《2013年5月》写，北京新鲜胡同小学校长孙文燕转来礼物，是小朋友们为李敖校友制作的纪念册。李敖由这所小学的历史，追想魏忠贤生祠、八旗贵族学校与人民学校的变迁。"",""view"":[""教育线"",""交游线"",""身世线""],""tags"":[""虽千万人，李敖往矣"",""新鲜胡同小学"",""孙文燕"",""纪念册"",""校友"",""北京""],""people"":[""李敖"",""孙文燕""],""places"":[""北京"",""新鲜胡同小学""],""works"":[""虽千万人，李敖往矣""],""certainty"":""confirmed"",""source"":{""book"":""虽千万人，李敖往矣"",""chapter"":""011.2013年5月"",""path"":""《大李敖全集5.0》（wjm_tcy版）分章节/005.诗集语录类/005.虽千万人，李敖往矣/011.2013年5月.txt"",""line"":13},""dataFile"":""data/timeline-events-sui-qianwan-li-ao-wangyi.json""}"
"25378","2013","2013-05-06","2013年5月6日星期一","day","confirmed","磨铁取得《李敖大全集》版权后重出仍遇重新审查","《2013年5月》写，磨铁从友谊公司取得《李敖大全集》版权，李敖讥其只敢出别人出过的旧书；但重出之日仍躲不过官方重新审查，删得比十一年前还凶。","李敖","大陆","虽千万人，李敖往矣、磨铁、友谊公司、李敖大全集、版权、重新审查","出版线、审查线、两岸线","虽千万人，李敖往矣、李敖大全集","","虽千万人，李敖往矣","011.2013年5月","37","《大李敖全集5.0》（wjm_tcy版）分章节/005.诗集语录类/005.虽千万人，李敖往矣/011.2013年5月.txt","","[]","data/timeline-events-sui-qianwan-li-ao-wangyi.json","sui-qianwan-2013-05-06-motie-gets-complete-works-rights-and-faces-recensorship","{""id"":""sui-qianwan-2013-05-06-motie-gets-complete-works-rights-and-faces-recensorship"",""date"":""2013-05-06"",""displayDate"":""2013年5月6日星期一"",""datePrecision"":""day"",""title"":""磨铁取得《李敖大全集》版权后重出仍遇重新审查"",""summary"":""《2013年5月》写，磨铁从友谊公司取得《李敖大全集》版权，李敖讥其只敢出别人出过的旧书；但重出之日仍躲不过官方重新审查，删得比十一年前还凶。"",""view"":[""出版线"",""审查线"",""两岸线""],""tags"":[""虽千万人，李敖往矣"",""磨铁"",""友谊公司"",""李敖大全集"",""版权"",""重新审查""],""people"":[""李敖""],""places"":[""大陆""],""works"":[""虽千万人，李敖往矣"",""李敖大全集""],""certainty"":""confirmed"",""source"":{""book"":""虽千万人，李敖往矣"",""chapter"":""011.2013年5月"",""path"":""《大李敖全集5.0》（wjm_tcy版）分章节/005.诗集语录类/005.虽千万人，李敖往矣/011.2013年5月.txt"",""line"":37},""dataFile"":""data/timeline-events-sui-qianwan-li-ao-wangyi.json""}"
"25379","2013","2013-05-11","2013年5月11日星期六","day","confirmed","许以祺从北京来台与李敖共进“最后的午餐”","《2013年5月》写，老友许以祺从北京来，与李敖在故友黄三追随者开的店中午餐；李敖对他说，除非自己活过一百岁，以后不再见面，称这顿饭是“最后的午餐”。","李敖、许以祺、黄三","台湾","虽千万人，李敖往矣、许以祺、黄三、午餐、北京、故友","交游线、日常线、晚年线","虽千万人，李敖往矣","micang-diary-1985-03-19-receives-xu-yiqi-hong-kong-call-on-jiangnan-risk-and-travelogues","虽千万人，李敖往矣","011.2013年5月","67","《大李敖全集5.0》（wjm_tcy版）分章节/005.诗集语录类/005.虽千万人，李敖往矣/011.2013年5月.txt","","[]","data/timeline-events-sui-qianwan-li-ao-wangyi.json","sui-qianwan-2013-05-11-lunches-with-xu-yiqi","{""id"":""sui-qianwan-2013-05-11-lunches-with-xu-yiqi"",""date"":""2013-05-11"",""displayDate"":""2013年5月11日星期六"",""datePrecision"":""day"",""title"":""许以祺从北京来台与李敖共进“最后的午餐”"",""summary"":""《2013年5月》写，老友许以祺从北京来，与李敖在故友黄三追随者开的店中午餐；李敖对他说，除非自己活过一百岁，以后不再见面，称这顿饭是“最后的午餐”。"",""view"":[""交游线"",""日常线"",""晚年线""],""tags"":[""虽千万人，李敖往矣"",""许以祺"",""黄三"",""午餐"",""北京"",""故友""],""people"":[""李敖"",""许以祺"",""黄三""],""places"":[""台湾""],""works"":[""虽千万人，李敖往矣""],""certainty"":""confirmed"",""source"":{""book"":""虽千万人，李敖往矣"",""chapter"":""011.2013年5月"",""path"":""《大李敖全集5.0》（wjm_tcy版）分章节/005.诗集语录类/005.虽千万人，李敖往矣/011.2013年5月.txt"",""line"":67},""crossReferences"":[""micang-diary-1985-03-19-receives-xu-yiqi-hong-kong-call-on-jiangnan-risk-and-travelogues""],""dataFile"":""data/timeline-events-sui-qianwan-li-ao-wangyi.json""}"
"25380","2013","2013-05-17","2013年5月17日星期五","day","confirmed","李敖与小屯、赖岳忠、慧婷重游碧潭","《2013年5月》写，小屯提议去碧潭午餐，赖岳忠与慧婷附议；李敖到了碧潭并走上吊桥，被小屯说是重温五十年前曾租屋于此的旧梦。","李敖、小屯、赖岳忠、慧婷","碧潭","虽千万人，李敖往矣、碧潭、小屯、赖岳忠、慧婷、午餐","日常线、家庭线、交游线","虽千万人，李敖往矣","","虽千万人，李敖往矣","011.2013年5月","103","《大李敖全集5.0》（wjm_tcy版）分章节/005.诗集语录类/005.虽千万人，李敖往矣/011.2013年5月.txt","","[]","data/timeline-events-sui-qianwan-li-ao-wangyi.json","sui-qianwan-2013-05-17-revisits-bitan-with-xiaotun-lai-yuezhong-huiting","{""id"":""sui-qianwan-2013-05-17-revisits-bitan-with-xiaotun-lai-yuezhong-huiting"",""date"":""2013-05-17"",""displayDate"":""2013年5月17日星期五"",""datePrecision"":""day"",""title"":""李敖与小屯、赖岳忠、慧婷重游碧潭"",""summary"":""《2013年5月》写，小屯提议去碧潭午餐，赖岳忠与慧婷附议；李敖到了碧潭并走上吊桥，被小屯说是重温五十年前曾租屋于此的旧梦。"",""view"":[""日常线"",""家庭线"",""交游线""],""tags"":[""虽千万人，李敖往矣"",""碧潭"",""小屯"",""赖岳忠"",""慧婷"",""午餐""],""people"":[""李敖"",""小屯"",""赖岳忠"",""慧婷""],""places"":[""碧潭""],""works"":[""虽千万人，李敖往矣""],""certainty"":""confirmed"",""source"":{""book"":""虽千万人，李敖往矣"",""chapter"":""011.2013年5月"",""path"":""《大李敖全集5.0》（wjm_tcy版）分章节/005.诗集语录类/005.虽千万人，李敖往矣/011.2013年5月.txt"",""line"":103},""dataFile"":""data/timeline-events-sui-qianwan-li-ao-wangyi.json""}"
"25381","2013","2013-05-18","2013年5月18日星期六","day","confirmed","李敖与赖岳忠去书店，途中与读者合照并同乞丐握手","《2013年5月》写，李敖与赖岳忠去书店，坐捷运、穿过地下道后遇到读者要求合照；路边乞丐忽然起身伸手，李敖也笑着与他握手。","李敖、赖岳忠、读者","台北、捷运、书店","虽千万人，李敖往矣、书店、捷运、读者、乞丐、握手","日常线、读者线、交游线","虽千万人，李敖往矣","","虽千万人，李敖往矣","011.2013年5月","109","《大李敖全集5.0》（wjm_tcy版）分章节/005.诗集语录类/005.虽千万人，李敖往矣/011.2013年5月.txt","","[]","data/timeline-events-sui-qianwan-li-ao-wangyi.json","sui-qianwan-2013-05-18-bookstore-mrt-reader-and-beggar-handshake","{""id"":""sui-qianwan-2013-05-18-bookstore-mrt-reader-and-beggar-handshake"",""date"":""2013-05-18"",""displayDate"":""2013年5月18日星期六"",""datePrecision"":""day"",""title"":""李敖与赖岳忠去书店，途中与读者合照并同乞丐握手"",""summary"":""《2013年5月》写，李敖与赖岳忠去书店，坐捷运、穿过地下道后遇到读者要求合照；路边乞丐忽然起身伸手，李敖也笑着与他握手。"",""view"":[""日常线"",""读者线"",""交游线""],""tags"":[""虽千万人，李敖往矣"",""书店"",""捷运"",""读者"",""乞丐"",""握手""],""people"":[""李敖"",""赖岳忠"",""读者""],""places"":[""台北"",""捷运"",""书店""],""works"":[""虽千万人，李敖往矣""],""certainty"":""confirmed"",""source"":{""book"":""虽千万人，李敖往矣"",""chapter"":""011.2013年5月"",""path"":""《大李敖全集5.0》（wjm_tcy版）分章节/005.诗集语录类/005.虽千万人，李敖往矣/011.2013年5月.txt"",""line"":109},""dataFile"":""data/timeline-events-sui-qianwan-li-ao-wangyi.json""}"
"25382","2013","2013-05-28","2013年5月28日星期二","day","confirmed","陈淑琬从香港来并把最新网络内容给李敖看","《2013年5月》写，陈淑琬从香港来，打开手机把最新网络内容给李敖看；李敖一边看一边赞叹大陆网友写出的讽刺顺口溜，把它视为民声与民心变化。","李敖、陈淑琬","香港、台湾、大陆网络","虽千万人，李敖往矣、陈淑琬、香港、手机、网络、顺口溜","交游线、网络线、两岸线","虽千万人，李敖往矣","","虽千万人，李敖往矣","011.2013年5月","169","《大李敖全集5.0》（wjm_tcy版）分章节/005.诗集语录类/005.虽千万人，李敖往矣/011.2013年5月.txt","","[]","data/timeline-events-sui-qianwan-li-ao-wangyi.json","sui-qianwan-2013-05-28-chen-shuwan-shows-online-rhymes-from-hong-kong","{""id"":""sui-qianwan-2013-05-28-chen-shuwan-shows-online-rhymes-from-hong-kong"",""date"":""2013-05-28"",""displayDate"":""2013年5月28日星期二"",""datePrecision"":""day"",""title"":""陈淑琬从香港来并把最新网络内容给李敖看"",""summary"":""《2013年5月》写，陈淑琬从香港来，打开手机把最新网络内容给李敖看；李敖一边看一边赞叹大陆网友写出的讽刺顺口溜，把它视为民声与民心变化。"",""view"":[""交游线"",""网络线"",""两岸线""],""tags"":[""虽千万人，李敖往矣"",""陈淑琬"",""香港"",""手机"",""网络"",""顺口溜""],""people"":[""李敖"",""陈淑琬""],""places"":[""香港"",""台湾"",""大陆网络""],""works"":[""虽千万人，李敖往矣""],""certainty"":""confirmed"",""source"":{""book"":""虽千万人，李敖往矣"",""chapter"":""011.2013年5月"",""path"":""《大李敖全集5.0》（wjm_tcy版）分章节/005.诗集语录类/005.虽千万人，李敖往矣/011.2013年5月.txt"",""line"":169},""dataFile"":""data/timeline-events-sui-qianwan-li-ao-wangyi.json""}"
"25383","2013","2013-06-01","2013年6月1日星期六","day","confirmed","李戡传来《人民日报》宪法专论并问李敖意见","《2013年6月》写，李戡传来5月31日《人民日报》专论，并询问李敖对百年来中国宪法问题的看法；李敖据此写下对中国近代宪政失败的短评。","李敖、李戡","台湾、北京","虽千万人，李敖往矣、李戡、人民日报、宪法、宪政、父子","家庭线、政治线、写作线","虽千万人，李敖往矣、人民日报","","虽千万人，李敖往矣","012.2013年6月","7","《大李敖全集5.0》（wjm_tcy版）分章节/005.诗集语录类/005.虽千万人，李敖往矣/012.2013年6月.txt","","[]","data/timeline-events-sui-qianwan-li-ao-wangyi.json","sui-qianwan-2013-06-01-li-kan-sends-peoples-daily-constitutionalism-article","{""id"":""sui-qianwan-2013-06-01-li-kan-sends-peoples-daily-constitutionalism-article"",""date"":""2013-06-01"",""displayDate"":""2013年6月1日星期六"",""datePrecision"":""day"",""title"":""李戡传来《人民日报》宪法专论并问李敖意见"",""summary"":""《2013年6月》写，李戡传来5月31日《人民日报》专论，并询问李敖对百年来中国宪法问题的看法；李敖据此写下对中国近代宪政失败的短评。"",""view"":[""家庭线"",""政治线"",""写作线""],""tags"":[""虽千万人，李敖往矣"",""李戡"",""人民日报"",""宪法"",""宪政"",""父子""],""people"":[""李敖"",""李戡""],""places"":[""台湾"",""北京""],""works"":[""虽千万人，李敖往矣"",""人民日报""],""certainty"":""confirmed"",""source"":{""book"":""虽千万人，李敖往矣"",""chapter"":""012.2013年6月"",""path"":""《大李敖全集5.0》（wjm_tcy版）分章节/005.诗集语录类/005.虽千万人，李敖往矣/012.2013年6月.txt"",""line"":7},""dataFile"":""data/timeline-events-sui-qianwan-li-ao-wangyi.json""}"
"25384","2013","2013-06-09","2013年6月9日星期日","day","confirmed","李敖放弃清晨伏案工作出门散步","《2013年6月》写，李敖清晨因阳光相邀，放弃6点到8点的伏案工作，走出户外散步；他也借此说明自己是工作狂，对运动和散步的态度。","李敖","台湾","虽千万人，李敖往矣、散步、伏案工作、阳光、工作狂、健康","日常线、健康线、写作线","虽千万人，李敖往矣","","虽千万人，李敖往矣","012.2013年6月","55","《大李敖全集5.0》（wjm_tcy版）分章节/005.诗集语录类/005.虽千万人，李敖往矣/012.2013年6月.txt","","[]","data/timeline-events-sui-qianwan-li-ao-wangyi.json","sui-qianwan-2013-06-09-skips-desk-work-for-sunshine-walk","{""id"":""sui-qianwan-2013-06-09-skips-desk-work-for-sunshine-walk"",""date"":""2013-06-09"",""displayDate"":""2013年6月9日星期日"",""datePrecision"":""day"",""title"":""李敖放弃清晨伏案工作出门散步"",""summary"":""《2013年6月》写，李敖清晨因阳光相邀，放弃6点到8点的伏案工作，走出户外散步；他也借此说明自己是工作狂，对运动和散步的态度。"",""view"":[""日常线"",""健康线"",""写作线""],""tags"":[""虽千万人，李敖往矣"",""散步"",""伏案工作"",""阳光"",""工作狂"",""健康""],""people"":[""李敖""],""places"":[""台湾""],""works"":[""虽千万人，李敖往矣""],""certainty"":""confirmed"",""source"":{""book"":""虽千万人，李敖往矣"",""chapter"":""012.2013年6月"",""path"":""《大李敖全集5.0》（wjm_tcy版）分章节/005.诗集语录类/005.虽千万人，李敖往矣/012.2013年6月.txt"",""line"":55},""dataFile"":""data/timeline-events-sui-qianwan-li-ao-wangyi.json""}"
"25385","2013","2013-06-22","2013年6月22日星期六","day","confirmed","李敖在电话中拒绝陈又亮来台探望","《2013年6月》写，老友陈又亮想拿一万美元来台湾看李敖，认为可能是最后一次见面；李敖在电话里拒绝，说相见一回老，不如看照片、看遗照。","李敖、陈又亮","台湾","虽千万人，李敖往矣、陈又亮、电话、探望、晚年、拒绝会面","交游线、晚年线、日常线","虽千万人，李敖往矣","","虽千万人，李敖往矣","012.2013年6月","133","《大李敖全集5.0》（wjm_tcy版）分章节/005.诗集语录类/005.虽千万人，李敖往矣/012.2013年6月.txt","","[]","data/timeline-events-sui-qianwan-li-ao-wangyi.json","sui-qianwan-2013-06-22-refuses-chen-youliang-final-visit","{""id"":""sui-qianwan-2013-06-22-refuses-chen-youliang-final-visit"",""date"":""2013-06-22"",""displayDate"":""2013年6月22日星期六"",""datePrecision"":""day"",""title"":""李敖在电话中拒绝陈又亮来台探望"",""summary"":""《2013年6月》写，老友陈又亮想拿一万美元来台湾看李敖，认为可能是最后一次见面；李敖在电话里拒绝，说相见一回老，不如看照片、看遗照。"",""view"":[""交游线"",""晚年线"",""日常线""],""tags"":[""虽千万人，李敖往矣"",""陈又亮"",""电话"",""探望"",""晚年"",""拒绝会面""],""people"":[""李敖"",""陈又亮""],""places"":[""台湾""],""works"":[""虽千万人，李敖往矣""],""certainty"":""confirmed"",""source"":{""book"":""虽千万人，李敖往矣"",""chapter"":""012.2013年6月"",""path"":""《大李敖全集5.0》（wjm_tcy版）分章节/005.诗集语录类/005.虽千万人，李敖往矣/012.2013年6月.txt"",""line"":133},""dataFile"":""data/timeline-events-sui-qianwan-li-ao-wangyi.json""}"
"25386","2013","2013-06-27","2013年6月27日星期四","day","confirmed","李敖称《我梦碎，所以我梦醒》因《阳痿美国》余波在大陆被禁","《2013年6月》写，李敖回述自己2011岁暮写成《我梦碎，所以我梦醒》，但像近年许多书一样被祖国禁止出版；他把原因归到《阳痿美国》引发自己与共产党的冲突。","李敖","大陆、台湾","虽千万人，李敖往矣、我梦碎，所以我梦醒、阳痿美国、禁止出版、大陆、审查","出版线、审查线、写作线","虽千万人，李敖往矣、我梦碎，所以我梦醒、阳痿美国","dream-awake-2011-11-26-writes-preface-after-seventeen-day-book、book7-2010-10-publishes-yangwei-america","虽千万人，李敖往矣","012.2013年6月","163","《大李敖全集5.0》（wjm_tcy版）分章节/005.诗集语录类/005.虽千万人，李敖往矣/012.2013年6月.txt","","[]","data/timeline-events-sui-qianwan-li-ao-wangyi.json","sui-qianwan-2013-06-27-says-dream-awake-banned-after-yangwei-america-conflict","{""id"":""sui-qianwan-2013-06-27-says-dream-awake-banned-after-yangwei-america-conflict"",""date"":""2013-06-27"",""displayDate"":""2013年6月27日星期四"",""datePrecision"":""day"",""title"":""李敖称《我梦碎，所以我梦醒》因《阳痿美国》余波在大陆被禁"",""summary"":""《2013年6月》写，李敖回述自己2011岁暮写成《我梦碎，所以我梦醒》，但像近年许多书一样被祖国禁止出版；他把原因归到《阳痿美国》引发自己与共产党的冲突。"",""view"":[""出版线"",""审查线"",""写作线""],""tags"":[""虽千万人，李敖往矣"",""我梦碎，所以我梦醒"",""阳痿美国"",""禁止出版"",""大陆"",""审查""],""people"":[""李敖""],""places"":[""大陆"",""台湾""],""works"":[""虽千万人，李敖往矣"",""我梦碎，所以我梦醒"",""阳痿美国""],""certainty"":""confirmed"",""source"":{""book"":""虽千万人，李敖往矣"",""chapter"":""012.2013年6月"",""path"":""《大李敖全集5.0》（wjm_tcy版）分章节/005.诗集语录类/005.虽千万人，李敖往矣/012.2013年6月.txt"",""line"":163},""crossReferences"":[""dream-awake-2011-11-26-writes-preface-after-seventeen-day-book"",""book7-2010-10-publishes-yangwei-america""],""dataFile"":""data/timeline-events-sui-qianwan-li-ao-wangyi.json""}"
"25387","2013","2013-07-12","2013年7月12日星期五","day","confirmed","李敖卖掉山上书房并搬回最后纪念品","《2013年7月》写，李敖前一天卖掉山上的书房，次日与小屯上山搬回最后纪念品；十七年的山居清供自此成为过去式，他打扫干净后望了最后一眼。随后《环球人物杂志》访问又补出，采访前他刚把书房藏书一半搬到仁爱路家里，另一半搬到敦化南路书房，并自称很会整理东西。","李敖、小屯","阳明山、山上书房","虽千万人，李敖往矣、山上书房、小屯、阳明山、搬迁、十七年山居","居所线、书房线、晚年线","虽千万人，李敖往矣","li-ao-fangtanlu-2013-07-30-global-people-interview-after-study-sale","虽千万人，李敖往矣","013.2013年7月","73","《大李敖全集5.0》（wjm_tcy版）分章节/005.诗集语录类/005.虽千万人，李敖往矣/013.2013年7月.txt","李敖访谈录1990-2018 / 065.20130730《环球人物杂志》专访李敖 / line 9 / 说明：《环球人物杂志》访问补充李敖卖掉阳明山书房后分搬藏书到仁爱路家里和敦化南路书房。 / 《大李敖全集5.0》（wjm_tcy版）分章节/007.采访序跋类/005.李敖访谈录1990-2018/065.20130730《环球人物杂志》专访李敖.txt","[{""book"":""李敖访谈录1990-2018"",""chapter"":""065.20130730《环球人物杂志》专访李敖"",""path"":""《大李敖全集5.0》（wjm_tcy版）分章节/007.采访序跋类/005.李敖访谈录1990-2018/065.20130730《环球人物杂志》专访李敖.txt"",""line"":9,""lines"":[9],""note"":""《环球人物杂志》访问补充李敖卖掉阳明山书房后分搬藏书到仁爱路家里和敦化南路书房。""}]","data/timeline-events-sui-qianwan-li-ao-wangyi.json","sui-qianwan-2013-07-12-sells-mountain-study-and-moves-last-mementos","{""id"":""sui-qianwan-2013-07-12-sells-mountain-study-and-moves-last-mementos"",""date"":""2013-07-12"",""displayDate"":""2013年7月12日星期五"",""datePrecision"":""day"",""title"":""李敖卖掉山上书房并搬回最后纪念品"",""summary"":""《2013年7月》写，李敖前一天卖掉山上的书房，次日与小屯上山搬回最后纪念品；十七年的山居清供自此成为过去式，他打扫干净后望了最后一眼。随后《环球人物杂志》访问又补出，采访前他刚把书房藏书一半搬到仁爱路家里，另一半搬到敦化南路书房，并自称很会整理东西。"",""view"":[""居所线"",""书房线"",""晚年线""],""tags"":[""虽千万人，李敖往矣"",""山上书房"",""小屯"",""阳明山"",""搬迁"",""十七年山居""],""people"":[""李敖"",""小屯""],""places"":[""阳明山"",""山上书房""],""works"":[""虽千万人，李敖往矣""],""certainty"":""confirmed"",""source"":{""book"":""虽千万人，李敖往矣"",""chapter"":""013.2013年7月"",""path"":""《大李敖全集5.0》（wjm_tcy版）分章节/005.诗集语录类/005.虽千万人，李敖往矣/013.2013年7月.txt"",""line"":73},""additionalSources"":[{""book"":""李敖访谈录1990-2018"",""chapter"":""065.20130730《环球人物杂志》专访李敖"",""path"":""《大李敖全集5.0》（wjm_tcy版）分章节/007.采访序跋类/005.李敖访谈录1990-2018/065.20130730《环球人物杂志》专访李敖.txt"",""line"":9,""lines"":[9],""note"":""《环球人物杂志》访问补充李敖卖掉阳明山书房后分搬藏书到仁爱路家里和敦化南路书房。""}],""crossReferences"":[""li-ao-fangtanlu-2013-07-30-global-people-interview-after-study-sale""],""dataFile"":""data/timeline-events-sui-qianwan-li-ao-wangyi.json""}"
"25388","2013","2013-07-15","2013年7月15日星期一","day","confirmed","“哈啰李敖”粉丝达到五百万","《2013年7月》明写，2013年7月15日，五百万粉丝来过“哈啰李敖”。李敖说明自己每天花二十分钟写微博，另用六百分鈡秘密写其他书。","李敖","大陆网络平台","虽千万人，李敖往矣、哈啰李敖、微博、五百万粉丝、每日写作","媒体线、网络线、写作线","虽千万人，李敖往矣、哈啰李敖","sui-qianwan-2013-03-13-hello-li-ao-nears-four-million-followers","虽千万人，李敖往矣","013.2013年7月","97","《大李敖全集5.0》（wjm_tcy版）分章节/005.诗集语录类/005.虽千万人，李敖往矣/013.2013年7月.txt","李敖访谈录1990-2018 / 065.20130730《环球人物杂志》专访李敖 / line 43 / 说明：《环球人物杂志》访问补充记者问及7月15日微博粉丝突破五百万，李敖回应用《阳痿美国》/《审判美国》作为证据链例子。 / 《大李敖全集5.0》（wjm_tcy版）分章节/007.采访序跋类/005.李敖访谈录1990-2018/065.20130730《环球人物杂志》专访李敖.txt","[{""book"":""李敖访谈录1990-2018"",""chapter"":""065.20130730《环球人物杂志》专访李敖"",""path"":""《大李敖全集5.0》（wjm_tcy版）分章节/007.采访序跋类/005.李敖访谈录1990-2018/065.20130730《环球人物杂志》专访李敖.txt"",""line"":43,""lines"":[43,45,47,49],""note"":""《环球人物杂志》访问补充记者问及7月15日微博粉丝突破五百万，李敖回应用《阳痿美国》/《审判美国》作为证据链例子。""}]","data/timeline-events-sui-qianwan-li-ao-wangyi.json","sui-qianwan-2013-07-15-hello-li-ao-reaches-five-million-followers","{""id"":""sui-qianwan-2013-07-15-hello-li-ao-reaches-five-million-followers"",""date"":""2013-07-15"",""displayDate"":""2013年7月15日星期一"",""datePrecision"":""day"",""title"":""“哈啰李敖”粉丝达到五百万"",""summary"":""《2013年7月》明写，2013年7月15日，五百万粉丝来过“哈啰李敖”。李敖说明自己每天花二十分钟写微博，另用六百分鈡秘密写其他书。"",""view"":[""媒体线"",""网络线"",""写作线""],""tags"":[""虽千万人，李敖往矣"",""哈啰李敖"",""微博"",""五百万粉丝"",""每日写作""],""people"":[""李敖""],""places"":[""大陆网络平台""],""works"":[""虽千万人，李敖往矣"",""哈啰李敖""],""certainty"":""confirmed"",""source"":{""book"":""虽千万人，李敖往矣"",""chapter"":""013.2013年7月"",""path"":""《大李敖全集5.0》（wjm_tcy版）分章节/005.诗集语录类/005.虽千万人，李敖往矣/013.2013年7月.txt"",""line"":97},""crossReferences"":[""sui-qianwan-2013-03-13-hello-li-ao-nears-four-million-followers""],""additionalSources"":[{""book"":""李敖访谈录1990-2018"",""chapter"":""065.20130730《环球人物杂志》专访李敖"",""path"":""《大李敖全集5.0》（wjm_tcy版）分章节/007.采访序跋类/005.李敖访谈录1990-2018/065.20130730《环球人物杂志》专访李敖.txt"",""line"":43,""lines"":[43,45,47,49],""note"":""《环球人物杂志》访问补充记者问及7月15日微博粉丝突破五百万，李敖回应用《阳痿美国》/《审判美国》作为证据链例子。""}],""dataFile"":""data/timeline-events-sui-qianwan-li-ao-wangyi.json""}"
"25389","2013","2013-07-18","2013年7月18日星期四","day","confirmed","胡镇埔私下向李敖谈反对买美国武器后被撤职","《2013年7月》写，胡镇埔上将下台后约李敖秘密一见，说自己反对买美国武器、指出阿帕契直升机是钱坑，结果陆军总司令职务遭无预警撤换；李敖劝他写出来，胡镇埔果然动笔。","李敖、胡镇埔","台湾","虽千万人，李敖往矣、胡镇埔、反军购、美国武器、阿帕契、陆军总司令","政治线、交游线、反军购线","虽千万人，李敖往矣","","虽千万人，李敖往矣","013.2013年7月","109","《大李敖全集5.0》（wjm_tcy版）分章节/005.诗集语录类/005.虽千万人，李敖往矣/013.2013年7月.txt","","[]","data/timeline-events-sui-qianwan-li-ao-wangyi.json","sui-qianwan-2013-07-18-hu-zhenpu-privately-tells-anti-us-weapons-removal","{""id"":""sui-qianwan-2013-07-18-hu-zhenpu-privately-tells-anti-us-weapons-removal"",""date"":""2013-07-18"",""displayDate"":""2013年7月18日星期四"",""datePrecision"":""day"",""title"":""胡镇埔私下向李敖谈反对买美国武器后被撤职"",""summary"":""《2013年7月》写，胡镇埔上将下台后约李敖秘密一见，说自己反对买美国武器、指出阿帕契直升机是钱坑，结果陆军总司令职务遭无预警撤换；李敖劝他写出来，胡镇埔果然动笔。"",""view"":[""政治线"",""交游线"",""反军购线""],""tags"":[""虽千万人，李敖往矣"",""胡镇埔"",""反军购"",""美国武器"",""阿帕契"",""陆军总司令""],""people"":[""李敖"",""胡镇埔""],""places"":[""台湾""],""works"":[""虽千万人，李敖往矣""],""certainty"":""confirmed"",""source"":{""book"":""虽千万人，李敖往矣"",""chapter"":""013.2013年7月"",""path"":""《大李敖全集5.0》（wjm_tcy版）分章节/005.诗集语录类/005.虽千万人，李敖往矣/013.2013年7月.txt"",""line"":109},""dataFile"":""data/timeline-events-sui-qianwan-li-ao-wangyi.json""}"
"25390","2013","2013-07-19","2013年7月19日星期五","day","confirmed","李敖说明自己每晚8点20分上网发“哈啰李敖”","《2013年7月》写，李敖把自己每晚8点20分上网称作“上网有常”，并说即使被掐也不是自己闭嘴，而是读者没眼福。这条补出“哈啰李敖”的固定发布时间与审查处境。","李敖","大陆网络平台","虽千万人，李敖往矣、哈啰李敖、新浪微博、每晚8点20分、审查、上网有常","媒体线、网络线、写作线","虽千万人，李敖往矣、哈啰李敖","sui-qianwan-2011-05-17-starts-hello-li-ao-140-char-web-writing","虽千万人，李敖往矣","013.2013年7月","115","《大李敖全集5.0》（wjm_tcy版）分章节/005.诗集语录类/005.虽千万人，李敖往矣/013.2013年7月.txt","李敖访谈录1990-2018 / 065.20130730《环球人物杂志》专访李敖 / line 59 / 说明：《环球人物杂志》访问中李敖说明每天写140字只需20分钟，微博以外大部分时间在写小说。 / 《大李敖全集5.0》（wjm_tcy版）分章节/007.采访序跋类/005.李敖访谈录1990-2018/065.20130730《环球人物杂志》专访李敖.txt","[{""book"":""李敖访谈录1990-2018"",""chapter"":""065.20130730《环球人物杂志》专访李敖"",""path"":""《大李敖全集5.0》（wjm_tcy版）分章节/007.采访序跋类/005.李敖访谈录1990-2018/065.20130730《环球人物杂志》专访李敖.txt"",""line"":59,""lines"":[59,61],""note"":""《环球人物杂志》访问中李敖说明每天写140字只需20分钟，微博以外大部分时间在写小说。""}]","data/timeline-events-sui-qianwan-li-ao-wangyi.json","sui-qianwan-2013-07-19-describes-nightly-820-sina-routine-and-censorship","{""id"":""sui-qianwan-2013-07-19-describes-nightly-820-sina-routine-and-censorship"",""date"":""2013-07-19"",""displayDate"":""2013年7月19日星期五"",""datePrecision"":""day"",""title"":""李敖说明自己每晚8点20分上网发“哈啰李敖”"",""summary"":""《2013年7月》写，李敖把自己每晚8点20分上网称作“上网有常”，并说即使被掐也不是自己闭嘴，而是读者没眼福。这条补出“哈啰李敖”的固定发布时间与审查处境。"",""view"":[""媒体线"",""网络线"",""写作线""],""tags"":[""虽千万人，李敖往矣"",""哈啰李敖"",""新浪微博"",""每晚8点20分"",""审查"",""上网有常""],""people"":[""李敖""],""places"":[""大陆网络平台""],""works"":[""虽千万人，李敖往矣"",""哈啰李敖""],""certainty"":""confirmed"",""source"":{""book"":""虽千万人，李敖往矣"",""chapter"":""013.2013年7月"",""path"":""《大李敖全集5.0》（wjm_tcy版）分章节/005.诗集语录类/005.虽千万人，李敖往矣/013.2013年7月.txt"",""line"":115},""crossReferences"":[""sui-qianwan-2011-05-17-starts-hello-li-ao-140-char-web-writing""],""additionalSources"":[{""book"":""李敖访谈录1990-2018"",""chapter"":""065.20130730《环球人物杂志》专访李敖"",""path"":""《大李敖全集5.0》（wjm_tcy版）分章节/007.采访序跋类/005.李敖访谈录1990-2018/065.20130730《环球人物杂志》专访李敖.txt"",""line"":59,""lines"":[59,61],""note"":""《环球人物杂志》访问中李敖说明每天写140字只需20分钟，微博以外大部分时间在写小说。""}],""dataFile"":""data/timeline-events-sui-qianwan-li-ao-wangyi.json""}"
"25391","2013","2013-07-29","2013年7月29日星期一","day","confirmed","“哈啰李敖”被新浪以社区管理规定拒发","《2013年7月》写，当晚“哈啰李敖”被新浪拒发，理由是违反《新浪微博社区管理规定（试行）》。李敖随即用《中华人民共和国宪法》第35条与“试行”规定对比，批评平台审查。","李敖","大陆网络平台","虽千万人，李敖往矣、哈啰李敖、新浪微博、拒发、社区管理规定、言论自由","媒体线、审查线、网络线","虽千万人，李敖往矣、哈啰李敖、新浪微博社区管理规定","sui-qianwan-2013-07-19-describes-nightly-820-sina-routine-and-censorship","虽千万人，李敖往矣","013.2013年7月","175","《大李敖全集5.0》（wjm_tcy版）分章节/005.诗集语录类/005.虽千万人，李敖往矣/013.2013年7月.txt","虽千万人，李敖往矣 / 013.2013年7月 / line 181 / 说明：次日继续以曹操、刘表和新浪作比，回应拒发。 / 《大李敖全集5.0》（wjm_tcy版）分章节/005.诗集语录类/005.虽千万人，李敖往矣/013.2013年7月.txt","[{""book"":""虽千万人，李敖往矣"",""chapter"":""013.2013年7月"",""path"":""《大李敖全集5.0》（wjm_tcy版）分章节/005.诗集语录类/005.虽千万人，李敖往矣/013.2013年7月.txt"",""line"":181,""note"":""次日继续以曹操、刘表和新浪作比，回应拒发。""}]","data/timeline-events-sui-qianwan-li-ao-wangyi.json","sui-qianwan-2013-07-29-hello-li-ao-rejected-by-sina-community-rules","{""id"":""sui-qianwan-2013-07-29-hello-li-ao-rejected-by-sina-community-rules"",""date"":""2013-07-29"",""displayDate"":""2013年7月29日星期一"",""datePrecision"":""day"",""title"":""“哈啰李敖”被新浪以社区管理规定拒发"",""summary"":""《2013年7月》写，当晚“哈啰李敖”被新浪拒发，理由是违反《新浪微博社区管理规定（试行）》。李敖随即用《中华人民共和国宪法》第35条与“试行”规定对比，批评平台审查。"",""view"":[""媒体线"",""审查线"",""网络线""],""tags"":[""虽千万人，李敖往矣"",""哈啰李敖"",""新浪微博"",""拒发"",""社区管理规定"",""言论自由""],""people"":[""李敖""],""places"":[""大陆网络平台""],""works"":[""虽千万人，李敖往矣"",""哈啰李敖"",""新浪微博社区管理规定""],""certainty"":""confirmed"",""source"":{""book"":""虽千万人，李敖往矣"",""chapter"":""013.2013年7月"",""path"":""《大李敖全集5.0》（wjm_tcy版）分章节/005.诗集语录类/005.虽千万人，李敖往矣/013.2013年7月.txt"",""line"":175},""crossReferences"":[""sui-qianwan-2013-07-19-describes-nightly-820-sina-routine-and-censorship""],""additionalSources"":[{""book"":""虽千万人，李敖往矣"",""chapter"":""013.2013年7月"",""path"":""《大李敖全集5.0》（wjm_tcy版）分章节/005.诗集语录类/005.虽千万人，李敖往矣/013.2013年7月.txt"",""line"":181,""note"":""次日继续以曹操、刘表和新浪作比，回应拒发。""}],""dataFile"":""data/timeline-events-sui-qianwan-li-ao-wangyi.json""}"
"25392","2013","2013-07-30","2013年7月30日","day","confirmed","卖掉阳明山书房后接受《环球人物》专访，谈《我梦碎所以我梦醒》和微博发声","《环球人物杂志》访问李敖时，他这两年较少受访、少上电视，刚卖掉阳明山书房，把书一半搬到仁爱路家里、一半搬到敦化南路书房。访问中李敖谈新作《我梦碎所以我梦醒》、身体与饮食、随身小刀、微博粉丝刚过五百万和“言论自由必须让人听到”的发声逻辑；他又说自己每天在书房六张桌子间游走，各桌处理不同文章，微博以外大部分时间仍在写小说。","李敖","阳明山、仁爱路家中、敦化南路书房、台北","环球人物杂志、阳明山书房、敦化南路书房、仁爱路、微博、我梦碎所以我梦醒","访谈线、书房线、网络线、写作线","李敖访谈录1990-2018、我梦碎所以我梦醒、阳痿美国、审判美国","sui-qianwan-2013-07-12-sells-mountain-study-and-moves-last-mementos、sui-qianwan-2013-07-15-hello-li-ao-reaches-five-million-followers、book8-2013-01-13-resumes-weibo-and-accepts-global-people-interview","李敖访谈录1990-2018","065.20130730《环球人物杂志》专访李敖","9","《大李敖全集5.0》（wjm_tcy版）分章节/007.采访序跋类/005.李敖访谈录1990-2018/065.20130730《环球人物杂志》专访李敖.txt","","[]","data/timeline-events-li-ao-fangtanlu-1990-2018.json","li-ao-fangtanlu-2013-07-30-global-people-interview-after-study-sale","{""id"":""li-ao-fangtanlu-2013-07-30-global-people-interview-after-study-sale"",""date"":""2013-07-30"",""displayDate"":""2013年7月30日"",""datePrecision"":""day"",""title"":""卖掉阳明山书房后接受《环球人物》专访，谈《我梦碎所以我梦醒》和微博发声"",""summary"":""《环球人物杂志》访问李敖时，他这两年较少受访、少上电视，刚卖掉阳明山书房，把书一半搬到仁爱路家里、一半搬到敦化南路书房。访问中李敖谈新作《我梦碎所以我梦醒》、身体与饮食、随身小刀、微博粉丝刚过五百万和“言论自由必须让人听到”的发声逻辑；他又说自己每天在书房六张桌子间游走，各桌处理不同文章，微博以外大部分时间仍在写小说。"",""category"":""interview"",""type"":""李敖当事人事件"",""source"":{""book"":""李敖访谈录1990-2018"",""chapter"":""065.20130730《环球人物杂志》专访李敖"",""path"":""《大李敖全集5.0》（wjm_tcy版）分章节/007.采访序跋类/005.李敖访谈录1990-2018/065.20130730《环球人物杂志》专访李敖.txt"",""line"":9,""lines"":[9,13,15,21,23,25,27,43,45,47,49,51,53,59,61],""note"":""《环球人物杂志》记录李敖卖掉阳明山书房后受访，谈《我梦碎所以我梦醒》、身体、书房六张桌、微博和媒体发声。""},""certainty"":""confirmed"",""tags"":[""环球人物杂志"",""阳明山书房"",""敦化南路书房"",""仁爱路"",""微博"",""我梦碎所以我梦醒""],""people"":[""李敖""],""places"":[""阳明山"",""仁爱路家中"",""敦化南路书房"",""台北""],""works"":[""李敖访谈录1990-2018"",""我梦碎所以我梦醒"",""阳痿美国"",""审判美国""],""view"":[""访谈线"",""书房线"",""网络线"",""写作线""],""crossReferences"":[""sui-qianwan-2013-07-12-sells-mountain-study-and-moves-last-mementos"",""sui-qianwan-2013-07-15-hello-li-ao-reaches-five-million-followers"",""book8-2013-01-13-resumes-weibo-and-accepts-global-people-interview""],""dataFile"":""data/timeline-events-li-ao-fangtanlu-1990-2018.json""}"
"25393","2013","2013-08-03","2013年8月3日星期六","day","confirmed","潘毓刚转来伪作《李敖评毛泽东》，李敖辨为冒名","《2013年8月》写，潘毓刚传来所谓《李敖评毛泽东》，小屯打印九页转给李敖；李敖看后认定是捏造冒充，称文章写得太烂，自己“一闻就知道”。","李敖、潘毓刚、小屯","台湾","虽千万人，李敖往矣、潘毓刚、李敖评毛泽东、伪作、小屯、冒名","伪书线、交游线、写作线","虽千万人，李敖往矣、李敖评毛泽东","","虽千万人，李敖往矣","014.2013年8月","19","《大李敖全集5.0》（wjm_tcy版）分章节/005.诗集语录类/005.虽千万人，李敖往矣/014.2013年8月.txt","","[]","data/timeline-events-sui-qianwan-li-ao-wangyi.json","sui-qianwan-2013-08-03-identifies-fake-li-ao-comments-on-mao","{""id"":""sui-qianwan-2013-08-03-identifies-fake-li-ao-comments-on-mao"",""date"":""2013-08-03"",""displayDate"":""2013年8月3日星期六"",""datePrecision"":""day"",""title"":""潘毓刚转来伪作《李敖评毛泽东》，李敖辨为冒名"",""summary"":""《2013年8月》写，潘毓刚传来所谓《李敖评毛泽东》，小屯打印九页转给李敖；李敖看后认定是捏造冒充，称文章写得太烂，自己“一闻就知道”。"",""view"":[""伪书线"",""交游线"",""写作线""],""tags"":[""虽千万人，李敖往矣"",""潘毓刚"",""李敖评毛泽东"",""伪作"",""小屯"",""冒名""],""people"":[""李敖"",""潘毓刚"",""小屯""],""places"":[""台湾""],""works"":[""虽千万人，李敖往矣"",""李敖评毛泽东""],""certainty"":""confirmed"",""source"":{""book"":""虽千万人，李敖往矣"",""chapter"":""014.2013年8月"",""path"":""《大李敖全集5.0》（wjm_tcy版）分章节/005.诗集语录类/005.虽千万人，李敖往矣/014.2013年8月.txt"",""line"":19},""dataFile"":""data/timeline-events-sui-qianwan-li-ao-wangyi.json""}"
"25394","2013","2013-08-14","2013年8月14日星期三","day","confirmed","李敖用毛泽东诗句考李戡","《2013年8月》写，李敖拿毛泽东《人民解放军占领南京》给李戡看，考他八句中哪句最好；李戡指出“天若有情天亦老”，李敖随即说明这句本出唐代李贺。","李敖、李戡、毛泽东、李贺","台湾","虽千万人，李敖往矣、李戡、毛泽东、李贺、诗、父子","家庭线、读书线、日常线","虽千万人，李敖往矣、人民解放军占领南京、金铜仙人辞汉歌","","虽千万人，李敖往矣","014.2013年8月","79","《大李敖全集5.0》（wjm_tcy版）分章节/005.诗集语录类/005.虽千万人，李敖往矣/014.2013年8月.txt","","[]","data/timeline-events-sui-qianwan-li-ao-wangyi.json","sui-qianwan-2013-08-14-tests-li-kan-on-mao-poem","{""id"":""sui-qianwan-2013-08-14-tests-li-kan-on-mao-poem"",""date"":""2013-08-14"",""displayDate"":""2013年8月14日星期三"",""datePrecision"":""day"",""title"":""李敖用毛泽东诗句考李戡"",""summary"":""《2013年8月》写，李敖拿毛泽东《人民解放军占领南京》给李戡看，考他八句中哪句最好；李戡指出“天若有情天亦老”，李敖随即说明这句本出唐代李贺。"",""view"":[""家庭线"",""读书线"",""日常线""],""tags"":[""虽千万人，李敖往矣"",""李戡"",""毛泽东"",""李贺"",""诗"",""父子""],""people"":[""李敖"",""李戡"",""毛泽东"",""李贺""],""places"":[""台湾""],""works"":[""虽千万人，李敖往矣"",""人民解放军占领南京"",""金铜仙人辞汉歌""],""certainty"":""confirmed"",""source"":{""book"":""虽千万人，李敖往矣"",""chapter"":""014.2013年8月"",""path"":""《大李敖全集5.0》（wjm_tcy版）分章节/005.诗集语录类/005.虽千万人，李敖往矣/014.2013年8月.txt"",""line"":79},""dataFile"":""data/timeline-events-sui-qianwan-li-ao-wangyi.json""}"
"25395","2013","2013-08-30","2013年8月30日星期五","day","confirmed","李敖由经纪人乃嘉哥经手启动正版电子书清算","《2013年8月》写，李敖认为自己的书被查禁、盗印、冒充甚多，晚年想“验明自己正身”；于是由经纪人乃嘉哥经手，先从电子书下手，一本一本清算真假。","李敖、乃嘉哥","台湾、大陆网络平台","虽千万人，李敖往矣、乃嘉哥、电子书、正版、盗印、李敖藏书阁","出版线、电子书线、维权线","虽千万人，李敖往矣、李敖藏书阁","","虽千万人，李敖往矣","014.2013年8月","177","《大李敖全集5.0》（wjm_tcy版）分章节/005.诗集语录类/005.虽千万人，李敖往矣/014.2013年8月.txt","","[]","data/timeline-events-sui-qianwan-li-ao-wangyi.json","sui-qianwan-2013-08-30-starts-authentic-li-ao-ebook-project","{""id"":""sui-qianwan-2013-08-30-starts-authentic-li-ao-ebook-project"",""date"":""2013-08-30"",""displayDate"":""2013年8月30日星期五"",""datePrecision"":""day"",""title"":""李敖由经纪人乃嘉哥经手启动正版电子书清算"",""summary"":""《2013年8月》写，李敖认为自己的书被查禁、盗印、冒充甚多，晚年想“验明自己正身”；于是由经纪人乃嘉哥经手，先从电子书下手，一本一本清算真假。"",""view"":[""出版线"",""电子书线"",""维权线""],""tags"":[""虽千万人，李敖往矣"",""乃嘉哥"",""电子书"",""正版"",""盗印"",""李敖藏书阁""],""people"":[""李敖"",""乃嘉哥""],""places"":[""台湾"",""大陆网络平台""],""works"":[""虽千万人，李敖往矣"",""李敖藏书阁""],""certainty"":""confirmed"",""source"":{""book"":""虽千万人，李敖往矣"",""chapter"":""014.2013年8月"",""path"":""《大李敖全集5.0》（wjm_tcy版）分章节/005.诗集语录类/005.虽千万人，李敖往矣/014.2013年8月.txt"",""line"":177},""dataFile"":""data/timeline-events-sui-qianwan-li-ao-wangyi.json""}"
"25396","2013","2013-09-09","2013年9月9日星期一","day","confirmed","李敖去医院验血并谢绝志工安排插队","《2013年9月》写，李敖去医院验血，志工小姐看他排在91号，偷偷安排插队；李敖谢绝，坐在角落一边看书，一边观察等候呼叫的人群。","李敖、志工","台湾、医院","虽千万人，李敖往矣、医院、验血、志工、排队、看书","健康线、日常线、读书线","虽千万人，李敖往矣","","虽千万人，李敖往矣","015.2013年9月","55","《大李敖全集5.0》（wjm_tcy版）分章节/005.诗集语录类/005.虽千万人，李敖往矣/015.2013年9月.txt","","[]","data/timeline-events-sui-qianwan-li-ao-wangyi.json","sui-qianwan-2013-09-09-blood-test-refuses-queue-jump-and-reads","{""id"":""sui-qianwan-2013-09-09-blood-test-refuses-queue-jump-and-reads"",""date"":""2013-09-09"",""displayDate"":""2013年9月9日星期一"",""datePrecision"":""day"",""title"":""李敖去医院验血并谢绝志工安排插队"",""summary"":""《2013年9月》写，李敖去医院验血，志工小姐看他排在91号，偷偷安排插队；李敖谢绝，坐在角落一边看书，一边观察等候呼叫的人群。"",""view"":[""健康线"",""日常线"",""读书线""],""tags"":[""虽千万人，李敖往矣"",""医院"",""验血"",""志工"",""排队"",""看书""],""people"":[""李敖"",""志工""],""places"":[""台湾"",""医院""],""works"":[""虽千万人，李敖往矣""],""certainty"":""confirmed"",""source"":{""book"":""虽千万人，李敖往矣"",""chapter"":""015.2013年9月"",""path"":""《大李敖全集5.0》（wjm_tcy版）分章节/005.诗集语录类/005.虽千万人，李敖往矣/015.2013年9月.txt"",""line"":55},""dataFile"":""data/timeline-events-sui-qianwan-li-ao-wangyi.json""}"
"25397","2013","2013-09-11","2013年9月11日星期三","day","confirmed","小女儿出国留学前李敖影印《暴风雨》一页送她","《2013年9月》写，小女儿前一晚11点出发留学，次日早上到书房帮李敖影印；李敖从莎士比亚全集中翻出《暴风雨》第五幕，亲手影印一页给她。","李敖、李谌","李敖书房","虽千万人，李敖往矣、小女儿、留学、莎士比亚、暴风雨、影印","家庭线、书房线、读书线","虽千万人，李敖往矣、暴风雨、莎士比亚全集","","虽千万人，李敖往矣","015.2013年9月","67","《大李敖全集5.0》（wjm_tcy版）分章节/005.诗集语录类/005.虽千万人，李敖往矣/015.2013年9月.txt","","[]","data/timeline-events-sui-qianwan-li-ao-wangyi.json","sui-qianwan-2013-09-11-daughter-studies-abroad-and-li-ao-copies-tempest-page","{""id"":""sui-qianwan-2013-09-11-daughter-studies-abroad-and-li-ao-copies-tempest-page"",""date"":""2013-09-11"",""displayDate"":""2013年9月11日星期三"",""datePrecision"":""day"",""title"":""小女儿出国留学前李敖影印《暴风雨》一页送她"",""summary"":""《2013年9月》写，小女儿前一晚11点出发留学，次日早上到书房帮李敖影印；李敖从莎士比亚全集中翻出《暴风雨》第五幕，亲手影印一页给她。"",""view"":[""家庭线"",""书房线"",""读书线""],""tags"":[""虽千万人，李敖往矣"",""小女儿"",""留学"",""莎士比亚"",""暴风雨"",""影印""],""people"":[""李敖"",""李谌""],""places"":[""李敖书房""],""works"":[""虽千万人，李敖往矣"",""暴风雨"",""莎士比亚全集""],""certainty"":""confirmed"",""source"":{""book"":""虽千万人，李敖往矣"",""chapter"":""015.2013年9月"",""path"":""《大李敖全集5.0》（wjm_tcy版）分章节/005.诗集语录类/005.虽千万人，李敖往矣/015.2013年9月.txt"",""line"":67},""dataFile"":""data/timeline-events-sui-qianwan-li-ao-wangyi.json""}"
"25398","2013","2013-09-27","2013年9月27日星期五","day","confirmed","货车司机在红灯前认出李敖","《2013年9月》写，红灯前货车司机盯着李敖看，说觉得他很像；李敖回答自己照镜子也觉得自己很像，并与司机展开一段关于“大师也照镜子吗”的街头对话。","李敖、货车司机","台湾","虽千万人，李敖往矣、货车司机、红灯、被认出、街头对话","日常线、读者线、晚年线","虽千万人，李敖往矣","","虽千万人，李敖往矣","015.2013年9月","163","《大李敖全集5.0》（wjm_tcy版）分章节/005.诗集语录类/005.虽千万人，李敖往矣/015.2013年9月.txt","","[]","data/timeline-events-sui-qianwan-li-ao-wangyi.json","sui-qianwan-2013-09-27-truck-driver-recognizes-li-ao-at-red-light","{""id"":""sui-qianwan-2013-09-27-truck-driver-recognizes-li-ao-at-red-light"",""date"":""2013-09-27"",""displayDate"":""2013年9月27日星期五"",""datePrecision"":""day"",""title"":""货车司机在红灯前认出李敖"",""summary"":""《2013年9月》写，红灯前货车司机盯着李敖看，说觉得他很像；李敖回答自己照镜子也觉得自己很像，并与司机展开一段关于“大师也照镜子吗”的街头对话。"",""view"":[""日常线"",""读者线"",""晚年线""],""tags"":[""虽千万人，李敖往矣"",""货车司机"",""红灯"",""被认出"",""街头对话""],""people"":[""李敖"",""货车司机""],""places"":[""台湾""],""works"":[""虽千万人，李敖往矣""],""certainty"":""confirmed"",""source"":{""book"":""虽千万人，李敖往矣"",""chapter"":""015.2013年9月"",""path"":""《大李敖全集5.0》（wjm_tcy版）分章节/005.诗集语录类/005.虽千万人，李敖往矣/015.2013年9月.txt"",""line"":163},""dataFile"":""data/timeline-events-sui-qianwan-li-ao-wangyi.json""}"
"25399","2013","2013-09-28","2013年9月28日星期六","day","confirmed","小屯出国时李敖依靠赖岳忠代发微博","《2013年9月》写，李敖把赖岳忠戏称为“御用摄影家”；小屯一出国，一千公尺以内唯一助手就靠赖岳忠，尤其微博代发也要靠他维持。","李敖、赖岳忠、小屯","台湾","虽千万人，李敖往矣、赖岳忠、小屯、微博代发、摄影、助手","媒体线、交游线、家庭线","虽千万人，李敖往矣、哈啰李敖","sui-qianwan-2011-05-19-documents-hello-li-ao-production-team","虽千万人，李敖往矣","015.2013年9月","169","《大李敖全集5.0》（wjm_tcy版）分章节/005.诗集语录类/005.虽千万人，李敖往矣/015.2013年9月.txt","","[]","data/timeline-events-sui-qianwan-li-ao-wangyi.json","sui-qianwan-2013-09-28-relies-on-lai-yuezhong-to-post-weibo-when-xiaotun-abroad","{""id"":""sui-qianwan-2013-09-28-relies-on-lai-yuezhong-to-post-weibo-when-xiaotun-abroad"",""date"":""2013-09-28"",""displayDate"":""2013年9月28日星期六"",""datePrecision"":""day"",""title"":""小屯出国时李敖依靠赖岳忠代发微博"",""summary"":""《2013年9月》写，李敖把赖岳忠戏称为“御用摄影家”；小屯一出国，一千公尺以内唯一助手就靠赖岳忠，尤其微博代发也要靠他维持。"",""view"":[""媒体线"",""交游线"",""家庭线""],""tags"":[""虽千万人，李敖往矣"",""赖岳忠"",""小屯"",""微博代发"",""摄影"",""助手""],""people"":[""李敖"",""赖岳忠"",""小屯""],""places"":[""台湾""],""works"":[""虽千万人，李敖往矣"",""哈啰李敖""],""certainty"":""confirmed"",""source"":{""book"":""虽千万人，李敖往矣"",""chapter"":""015.2013年9月"",""path"":""《大李敖全集5.0》（wjm_tcy版）分章节/005.诗集语录类/005.虽千万人，李敖往矣/015.2013年9月.txt"",""line"":169},""crossReferences"":[""sui-qianwan-2011-05-19-documents-hello-li-ao-production-team""],""dataFile"":""data/timeline-events-sui-qianwan-li-ao-wangyi.json""}"
"25400","2013","2013-09-30","2013年9月30日星期一","day","confirmed","李敖与前列腺手术名医张树人小聚","《2013年9月》写，前列腺开刀转眼十年，李敖与操刀名医张树人小聚，回想开刀前夜报上登出自己的自嘲联。","李敖、张树人","台湾","虽千万人，李敖往矣、前列腺、张树人、小聚、手术、自嘲联","健康线、交游线、晚年线","虽千万人，李敖往矣","","虽千万人，李敖往矣","015.2013年9月","181","《大李敖全集5.0》（wjm_tcy版）分章节/005.诗集语录类/005.虽千万人，李敖往矣/015.2013年9月.txt","","[]","data/timeline-events-sui-qianwan-li-ao-wangyi.json","sui-qianwan-2013-09-30-meets-prostate-surgeon-zhang-shuren","{""id"":""sui-qianwan-2013-09-30-meets-prostate-surgeon-zhang-shuren"",""date"":""2013-09-30"",""displayDate"":""2013年9月30日星期一"",""datePrecision"":""day"",""title"":""李敖与前列腺手术名医张树人小聚"",""summary"":""《2013年9月》写，前列腺开刀转眼十年，李敖与操刀名医张树人小聚，回想开刀前夜报上登出自己的自嘲联。"",""view"":[""健康线"",""交游线"",""晚年线""],""tags"":[""虽千万人，李敖往矣"",""前列腺"",""张树人"",""小聚"",""手术"",""自嘲联""],""people"":[""李敖"",""张树人""],""places"":[""台湾""],""works"":[""虽千万人，李敖往矣""],""certainty"":""confirmed"",""source"":{""book"":""虽千万人，李敖往矣"",""chapter"":""015.2013年9月"",""path"":""《大李敖全集5.0》（wjm_tcy版）分章节/005.诗集语录类/005.虽千万人，李敖往矣/015.2013年9月.txt"",""line"":181},""dataFile"":""data/timeline-events-sui-qianwan-li-ao-wangyi.json""}"
"25401","2013","2013-10-03","2013年10月3日星期四","day","confirmed","李敖把“哈啰李敖”定义为每晚8点20分的新浪短文","《2013年10月》写，李敖把“尽言”“尽辞”推进到“哈啰李敖”，说它出自每晚8点20分新浪网，绝活是在140字以内发挥中文到极致。","李敖","大陆网络平台","虽千万人，李敖往矣、哈啰李敖、新浪网、每晚8点20分、140字、写作","媒体线、写作线、网络线","虽千万人，李敖往矣、哈啰李敖","sui-qianwan-2013-07-19-describes-nightly-820-sina-routine-and-censorship","虽千万人，李敖往矣","016.2013年10月","19","《大李敖全集5.0》（wjm_tcy版）分章节/005.诗集语录类/005.虽千万人，李敖往矣/016.2013年10月.txt","","[]","data/timeline-events-sui-qianwan-li-ao-wangyi.json","sui-qianwan-2013-10-03-describes-hello-li-ao-as-nightly-820-sina-writing","{""id"":""sui-qianwan-2013-10-03-describes-hello-li-ao-as-nightly-820-sina-writing"",""date"":""2013-10-03"",""displayDate"":""2013年10月3日星期四"",""datePrecision"":""day"",""title"":""李敖把“哈啰李敖”定义为每晚8点20分的新浪短文"",""summary"":""《2013年10月》写，李敖把“尽言”“尽辞”推进到“哈啰李敖”，说它出自每晚8点20分新浪网，绝活是在140字以内发挥中文到极致。"",""view"":[""媒体线"",""写作线"",""网络线""],""tags"":[""虽千万人，李敖往矣"",""哈啰李敖"",""新浪网"",""每晚8点20分"",""140字"",""写作""],""people"":[""李敖""],""places"":[""大陆网络平台""],""works"":[""虽千万人，李敖往矣"",""哈啰李敖""],""certainty"":""confirmed"",""source"":{""book"":""虽千万人，李敖往矣"",""chapter"":""016.2013年10月"",""path"":""《大李敖全集5.0》（wjm_tcy版）分章节/005.诗集语录类/005.虽千万人，李敖往矣/016.2013年10月.txt"",""line"":19},""crossReferences"":[""sui-qianwan-2013-07-19-describes-nightly-820-sina-routine-and-censorship""],""dataFile"":""data/timeline-events-sui-qianwan-li-ao-wangyi.json""}"
"25402","2013","2013-10-10","2013年10月10日星期四","day","confirmed","李敖在“双十”当天再被电视台邀请出场","《2013年10月》写，台湾电视台平时对李敖敬而远之，但10月10日岛上庆典当天，他又被邀请到电视台“大鸣大放”。","李敖","台湾","虽千万人，李敖往矣、电视台、双十、媒体、台湾政治","媒体线、政治线、晚年线","虽千万人，李敖往矣","","虽千万人，李敖往矣","016.2013年10月","61","《大李敖全集5.0》（wjm_tcy版）分章节/005.诗集语录类/005.虽千万人，李敖往矣/016.2013年10月.txt","","[]","data/timeline-events-sui-qianwan-li-ao-wangyi.json","sui-qianwan-2013-10-10-invited-to-tv-station-on-double-ten","{""id"":""sui-qianwan-2013-10-10-invited-to-tv-station-on-double-ten"",""date"":""2013-10-10"",""displayDate"":""2013年10月10日星期四"",""datePrecision"":""day"",""title"":""李敖在“双十”当天再被电视台邀请出场"",""summary"":""《2013年10月》写，台湾电视台平时对李敖敬而远之，但10月10日岛上庆典当天，他又被邀请到电视台“大鸣大放”。"",""view"":[""媒体线"",""政治线"",""晚年线""],""tags"":[""虽千万人，李敖往矣"",""电视台"",""双十"",""媒体"",""台湾政治""],""people"":[""李敖""],""places"":[""台湾""],""works"":[""虽千万人，李敖往矣""],""certainty"":""confirmed"",""source"":{""book"":""虽千万人，李敖往矣"",""chapter"":""016.2013年10月"",""path"":""《大李敖全集5.0》（wjm_tcy版）分章节/005.诗集语录类/005.虽千万人，李敖往矣/016.2013年10月.txt"",""line"":61},""dataFile"":""data/timeline-events-sui-qianwan-li-ao-wangyi.json""}"
"25403","2013","2013-10-21","2013年10月21日星期一","day","confirmed","李敖偶然发现六年前埋在书里的诗并重写","《2013年10月》写，李敖随意看书时发现一首六年前的诗一直埋在书里，遂重新改写为“我正随意看书……”一组诗句。","李敖","台湾","虽千万人，李敖往矣、诗、改写、读书、六年前","写作线、诗歌线、读书线","虽千万人，李敖往矣、我正","","虽千万人，李敖往矣","016.2013年10月","127","《大李敖全集5.0》（wjm_tcy版）分章节/005.诗集语录类/005.虽千万人，李敖往矣/016.2013年10月.txt","","[]","data/timeline-events-sui-qianwan-li-ao-wangyi.json","sui-qianwan-2013-10-21-finds-and-rewrites-six-year-old-poem","{""id"":""sui-qianwan-2013-10-21-finds-and-rewrites-six-year-old-poem"",""date"":""2013-10-21"",""displayDate"":""2013年10月21日星期一"",""datePrecision"":""day"",""title"":""李敖偶然发现六年前埋在书里的诗并重写"",""summary"":""《2013年10月》写，李敖随意看书时发现一首六年前的诗一直埋在书里，遂重新改写为“我正随意看书……”一组诗句。"",""view"":[""写作线"",""诗歌线"",""读书线""],""tags"":[""虽千万人，李敖往矣"",""诗"",""改写"",""读书"",""六年前""],""people"":[""李敖""],""places"":[""台湾""],""works"":[""虽千万人，李敖往矣"",""我正""],""certainty"":""confirmed"",""source"":{""book"":""虽千万人，李敖往矣"",""chapter"":""016.2013年10月"",""path"":""《大李敖全集5.0》（wjm_tcy版）分章节/005.诗集语录类/005.虽千万人，李敖往矣/016.2013年10月.txt"",""line"":127},""dataFile"":""data/timeline-events-sui-qianwan-li-ao-wangyi.json""}"
"25404","2013","2013-10-22","2013年10月22日星期二","day","confirmed","李敖清晨写成“我宁”四句诗","《2013年10月》写，李敖今早写成四句诗：“我宁苟安而不偏安、我宁落花而不落叶、我宁中国而不美国、我宁灰飞而不尘灭。”他并说明其中“灰飞而不尘灭”来自杰克·伦敦句子的意译。","李敖、杰克·伦敦","台湾","虽千万人，李敖往矣、诗、我宁、杰克·伦敦、写作","写作线、诗歌线、晚年线","虽千万人，李敖往矣、我宁","","虽千万人，李敖往矣","016.2013年10月","133","《大李敖全集5.0》（wjm_tcy版）分章节/005.诗集语录类/005.虽千万人，李敖往矣/016.2013年10月.txt","","[]","data/timeline-events-sui-qianwan-li-ao-wangyi.json","sui-qianwan-2013-10-22-writes-four-line-poem-i-would-rather","{""id"":""sui-qianwan-2013-10-22-writes-four-line-poem-i-would-rather"",""date"":""2013-10-22"",""displayDate"":""2013年10月22日星期二"",""datePrecision"":""day"",""title"":""李敖清晨写成“我宁”四句诗"",""summary"":""《2013年10月》写，李敖今早写成四句诗：“我宁苟安而不偏安、我宁落花而不落叶、我宁中国而不美国、我宁灰飞而不尘灭。”他并说明其中“灰飞而不尘灭”来自杰克·伦敦句子的意译。"",""view"":[""写作线"",""诗歌线"",""晚年线""],""tags"":[""虽千万人，李敖往矣"",""诗"",""我宁"",""杰克·伦敦"",""写作""],""people"":[""李敖"",""杰克·伦敦""],""places"":[""台湾""],""works"":[""虽千万人，李敖往矣"",""我宁""],""certainty"":""confirmed"",""source"":{""book"":""虽千万人，李敖往矣"",""chapter"":""016.2013年10月"",""path"":""《大李敖全集5.0》（wjm_tcy版）分章节/005.诗集语录类/005.虽千万人，李敖往矣/016.2013年10月.txt"",""line"":133},""dataFile"":""data/timeline-events-sui-qianwan-li-ao-wangyi.json""}"
"25405","2013","2013-11-08","2013年11月8日星期五","day","confirmed","正版“李敖藏书阁”APP在 iOS 上架","《2013年11月》写，经纪人乃嘉哥告诉李敖，正版“李敖藏书阁”APP确定11月8日在 iOS 上架；李敖称乃嘉哥用APP把作品“数而位之、典而藏之”，打破两岸拦截。","李敖、乃嘉哥、郑乃嘉","台湾、大陆网络平台","虽千万人，李敖往矣、李敖藏书阁、APP、iOS、乃嘉哥、正版","出版线、电子书线、网络线","虽千万人，李敖往矣、李敖藏书阁","sui-qianwan-2013-08-30-starts-authentic-li-ao-ebook-project","虽千万人，李敖往矣","017.2013年11月","43","《大李敖全集5.0》（wjm_tcy版）分章节/005.诗集语录类/005.虽千万人，李敖往矣/017.2013年11月.txt","","[]","data/timeline-events-sui-qianwan-li-ao-wangyi.json","sui-qianwan-2013-11-08-li-ao-library-app-launches-on-ios","{""id"":""sui-qianwan-2013-11-08-li-ao-library-app-launches-on-ios"",""date"":""2013-11-08"",""displayDate"":""2013年11月8日星期五"",""datePrecision"":""day"",""title"":""正版“李敖藏书阁”APP在 iOS 上架"",""summary"":""《2013年11月》写，经纪人乃嘉哥告诉李敖，正版“李敖藏书阁”APP确定11月8日在 iOS 上架；李敖称乃嘉哥用APP把作品“数而位之、典而藏之”，打破两岸拦截。"",""view"":[""出版线"",""电子书线"",""网络线""],""tags"":[""虽千万人，李敖往矣"",""李敖藏书阁"",""APP"",""iOS"",""乃嘉哥"",""正版""],""people"":[""李敖"",""乃嘉哥"",""郑乃嘉""],""places"":[""台湾"",""大陆网络平台""],""works"":[""虽千万人，李敖往矣"",""李敖藏书阁""],""certainty"":""confirmed"",""source"":{""book"":""虽千万人，李敖往矣"",""chapter"":""017.2013年11月"",""path"":""《大李敖全集5.0》（wjm_tcy版）分章节/005.诗集语录类/005.虽千万人，李敖往矣/017.2013年11月.txt"",""line"":43},""crossReferences"":[""sui-qianwan-2013-08-30-starts-authentic-li-ao-ebook-project""],""dataFile"":""data/timeline-events-sui-qianwan-li-ao-wangyi.json""}"
"25406","2013","2013-12-04","2013年12月4日星期三","day","confirmed","李敖心血来潮买下 Leica D-Lux 6","《2013年12月》写，数码相机兴起后李敖已不随身带相机，日前却心血来潮买了一台 Leica D-Lux 6，并把徕卡镜头的清晰与自己的“是非分明”相提并论。","李敖","台湾","虽千万人，李敖往矣、徕卡、Leica D-Lux 6、相机、日常","日常线、收藏线、晚年线","虽千万人，李敖往矣、Leica D-Lux 6","","虽千万人，李敖往矣","018.2013年12月","25","《大李敖全集5.0》（wjm_tcy版）分章节/005.诗集语录类/005.虽千万人，李敖往矣/018.2013年12月.txt","","[]","data/timeline-events-sui-qianwan-li-ao-wangyi.json","sui-qianwan-2013-12-04-buys-leica-d-lux-6","{""id"":""sui-qianwan-2013-12-04-buys-leica-d-lux-6"",""date"":""2013-12-04"",""displayDate"":""2013年12月4日星期三"",""datePrecision"":""day"",""title"":""李敖心血来潮买下 Leica D-Lux 6"",""summary"":""《2013年12月》写，数码相机兴起后李敖已不随身带相机，日前却心血来潮买了一台 Leica D-Lux 6，并把徕卡镜头的清晰与自己的“是非分明”相提并论。"",""view"":[""日常线"",""收藏线"",""晚年线""],""tags"":[""虽千万人，李敖往矣"",""徕卡"",""Leica D-Lux 6"",""相机"",""日常""],""people"":[""李敖""],""places"":[""台湾""],""works"":[""虽千万人，李敖往矣"",""Leica D-Lux 6""],""certainty"":""confirmed"",""source"":{""book"":""虽千万人，李敖往矣"",""chapter"":""018.2013年12月"",""path"":""《大李敖全集5.0》（wjm_tcy版）分章节/005.诗集语录类/005.虽千万人，李敖往矣/018.2013年12月.txt"",""line"":25},""dataFile"":""data/timeline-events-sui-qianwan-li-ao-wangyi.json""}"
"25407","2013","2013-12-22","2013年12月22日星期日","day","confirmed","李敖读半年前旧报才知郭良蕙去世","《2013年12月》写，李敖懒得天天看报，偶然看半年前旧报才得知郭良蕙去世；他随即回忆郭良蕙当年因《心锁》遭文学团体开除，以及梁实秋的评论。","李敖、郭良蕙、梁实秋","台湾","虽千万人，李敖往矣、郭良蕙、旧报、心锁、梁实秋、文学团体","读书线、文坛线、日常线","虽千万人，李敖往矣、心锁","","虽千万人，李敖往矣","018.2013年12月","133","《大李敖全集5.0》（wjm_tcy版）分章节/005.诗集语录类/005.虽千万人，李敖往矣/018.2013年12月.txt","","[]","data/timeline-events-sui-qianwan-li-ao-wangyi.json","sui-qianwan-2013-12-22-reads-old-newspaper-and-learns-guo-lianghui-death","{""id"":""sui-qianwan-2013-12-22-reads-old-newspaper-and-learns-guo-lianghui-death"",""date"":""2013-12-22"",""displayDate"":""2013年12月22日星期日"",""datePrecision"":""day"",""title"":""李敖读半年前旧报才知郭良蕙去世"",""summary"":""《2013年12月》写，李敖懒得天天看报，偶然看半年前旧报才得知郭良蕙去世；他随即回忆郭良蕙当年因《心锁》遭文学团体开除，以及梁实秋的评论。"",""view"":[""读书线"",""文坛线"",""日常线""],""tags"":[""虽千万人，李敖往矣"",""郭良蕙"",""旧报"",""心锁"",""梁实秋"",""文学团体""],""people"":[""李敖"",""郭良蕙"",""梁实秋""],""places"":[""台湾""],""works"":[""虽千万人，李敖往矣"",""心锁""],""certainty"":""confirmed"",""source"":{""book"":""虽千万人，李敖往矣"",""chapter"":""018.2013年12月"",""path"":""《大李敖全集5.0》（wjm_tcy版）分章节/005.诗集语录类/005.虽千万人，李敖往矣/018.2013年12月.txt"",""line"":133},""dataFile"":""data/timeline-events-sui-qianwan-li-ao-wangyi.json""}"
"25408","2013","2013-12-29","2013年12月29日星期日","day","confirmed","李敖记录李戡在北京上网发表毛泽东国民党档案论文","《2013年12月》写，毛泽东120岁冥诞前夜，李戡在北京上网发表重要论文，根据国民党流落民间的机密档案，追查毛泽东在第一次国共合作中于国民党的位阶。此前《2013年11月》已说李戡21岁时用中英文写成该文。","李敖、李戡、毛泽东、蒋介石","北京、台湾","虽千万人，李敖往矣、李戡、毛泽东、国民党档案、论文、北京、待校日","家庭线、学术线、政治史线","虽千万人，李敖往矣、从国民党中执会未公开会议记录看毛泽东在第一次国共合作中的贡献","","虽千万人，李敖往矣","018.2013年12月","175","《大李敖全集5.0》（wjm_tcy版）分章节/005.诗集语录类/005.虽千万人，李敖往矣/018.2013年12月.txt","虽千万人，李敖往矣 / 017.2013年11月 / line 133 / 说明：此前说明李戡21岁时已用中英文写成同一论文。 / 《大李敖全集5.0》（wjm_tcy版）分章节/005.诗集语录类/005.虽千万人，李敖往矣/017.2013年11月.txt","[{""book"":""虽千万人，李敖往矣"",""chapter"":""017.2013年11月"",""path"":""《大李敖全集5.0》（wjm_tcy版）分章节/005.诗集语录类/005.虽千万人，李敖往矣/017.2013年11月.txt"",""line"":133,""note"":""此前说明李戡21岁时已用中英文写成同一论文。""}]","data/timeline-events-sui-qianwan-li-ao-wangyi.json","sui-qianwan-2013-12-29-records-li-kan-publishing-mao-kmt-paper-online","{""id"":""sui-qianwan-2013-12-29-records-li-kan-publishing-mao-kmt-paper-online"",""date"":""2013-12-29"",""displayDate"":""2013年12月29日星期日"",""datePrecision"":""day"",""title"":""李敖记录李戡在北京上网发表毛泽东国民党档案论文"",""summary"":""《2013年12月》写，毛泽东120岁冥诞前夜，李戡在北京上网发表重要论文，根据国民党流落民间的机密档案，追查毛泽东在第一次国共合作中于国民党的位阶。此前《2013年11月》已说李戡21岁时用中英文写成该文。"",""view"":[""家庭线"",""学术线"",""政治史线""],""tags"":[""虽千万人，李敖往矣"",""李戡"",""毛泽东"",""国民党档案"",""论文"",""北京"",""待校日""],""people"":[""李敖"",""李戡"",""毛泽东"",""蒋介石""],""places"":[""北京"",""台湾""],""works"":[""虽千万人，李敖往矣"",""从国民党中执会未公开会议记录看毛泽东在第一次国共合作中的贡献""],""certainty"":""confirmed"",""source"":{""book"":""虽千万人，李敖往矣"",""chapter"":""018.2013年12月"",""path"":""《大李敖全集5.0》（wjm_tcy版）分章节/005.诗集语录类/005.虽千万人，李敖往矣/018.2013年12月.txt"",""line"":175},""additionalSources"":[{""book"":""虽千万人，李敖往矣"",""chapter"":""017.2013年11月"",""path"":""《大李敖全集5.0》（wjm_tcy版）分章节/005.诗集语录类/005.虽千万人，李敖往矣/017.2013年11月.txt"",""line"":133,""note"":""此前说明李戡21岁时已用中英文写成同一论文。""}],""dataFile"":""data/timeline-events-sui-qianwan-li-ao-wangyi.json""}"
"25409","2014","2014-01-14","2014年1月14日星期二","day","confirmed","“哈啰李敖”连续写满一年","《2014年1月》写，“哈啰李敖”已经连续写了一年，李敖每天上网与祖国情牵一线，20分钟写完微博，其他十几个小时则偷写“远水救不了近火”的大作。","李敖","台湾、大陆网络平台","虽千万人，李敖往矣、哈啰李敖、微博、连续一年、每日写作","媒体线、写作线、晚年线","虽千万人，李敖往矣、哈啰李敖","sui-qianwan-2013-03-13-hello-li-ao-nears-four-million-followers、sui-qianwan-2013-10-03-describes-hello-li-ao-as-nightly-820-sina-writing","虽千万人，李敖往矣","019.2014年1月","85","《大李敖全集5.0》（wjm_tcy版）分章节/005.诗集语录类/005.虽千万人，李敖往矣/019.2014年1月.txt","","[]","data/timeline-events-sui-qianwan-li-ao-wangyi.json","sui-qianwan-2014-01-14-hello-li-ao-one-year-writing","{""id"":""sui-qianwan-2014-01-14-hello-li-ao-one-year-writing"",""date"":""2014-01-14"",""displayDate"":""2014年1月14日星期二"",""datePrecision"":""day"",""title"":""“哈啰李敖”连续写满一年"",""summary"":""《2014年1月》写，“哈啰李敖”已经连续写了一年，李敖每天上网与祖国情牵一线，20分钟写完微博，其他十几个小时则偷写“远水救不了近火”的大作。"",""view"":[""媒体线"",""写作线"",""晚年线""],""tags"":[""虽千万人，李敖往矣"",""哈啰李敖"",""微博"",""连续一年"",""每日写作""],""people"":[""李敖""],""places"":[""台湾"",""大陆网络平台""],""works"":[""虽千万人，李敖往矣"",""哈啰李敖""],""certainty"":""confirmed"",""source"":{""book"":""虽千万人，李敖往矣"",""chapter"":""019.2014年1月"",""path"":""《大李敖全集5.0》（wjm_tcy版）分章节/005.诗集语录类/005.虽千万人，李敖往矣/019.2014年1月.txt"",""line"":85},""crossReferences"":[""sui-qianwan-2013-03-13-hello-li-ao-nears-four-million-followers"",""sui-qianwan-2013-10-03-describes-hello-li-ao-as-nightly-820-sina-writing""],""dataFile"":""data/timeline-events-sui-qianwan-li-ao-wangyi.json""}"
"25410","2014","2014-01-15","2014年1月15日星期三","day","confirmed","李敖写自己不逞能运动并管制盐分","《2014年1月》写，李敖身边有人为健身而猝死，他自称不逞能运动，而以管制饮食养生，例如太咸的不吃，并戏称自己“李敖钠少”。","李敖","台湾","虽千万人，李敖往矣、健康、饮食、低盐、养生、晚年日常","健康线、日常线、晚年线","虽千万人，李敖往矣","","虽千万人，李敖往矣","019.2014年1月","91","《大李敖全集5.0》（wjm_tcy版）分章节/005.诗集语录类/005.虽千万人，李敖往矣/019.2014年1月.txt","","[]","data/timeline-events-sui-qianwan-li-ao-wangyi.json","sui-qianwan-2014-01-15-records-low-sodium-health-habit","{""id"":""sui-qianwan-2014-01-15-records-low-sodium-health-habit"",""date"":""2014-01-15"",""displayDate"":""2014年1月15日星期三"",""datePrecision"":""day"",""title"":""李敖写自己不逞能运动并管制盐分"",""summary"":""《2014年1月》写，李敖身边有人为健身而猝死，他自称不逞能运动，而以管制饮食养生，例如太咸的不吃，并戏称自己“李敖钠少”。"",""view"":[""健康线"",""日常线"",""晚年线""],""tags"":[""虽千万人，李敖往矣"",""健康"",""饮食"",""低盐"",""养生"",""晚年日常""],""people"":[""李敖""],""places"":[""台湾""],""works"":[""虽千万人，李敖往矣""],""certainty"":""confirmed"",""source"":{""book"":""虽千万人，李敖往矣"",""chapter"":""019.2014年1月"",""path"":""《大李敖全集5.0》（wjm_tcy版）分章节/005.诗集语录类/005.虽千万人，李敖往矣/019.2014年1月.txt"",""line"":91},""dataFile"":""data/timeline-events-sui-qianwan-li-ao-wangyi.json""}"
"25411","2014","2014-02-13","2014年2月13日星期四","day","confirmed","“哈啰李敖”眼看粉丝到六百万","《2014年2月》写，李敖每天写一篇“哈啰李敖”已一年，眼看粉丝达到六百万；他把读者分成文字公安、文字白痴和文字解人三类。","李敖","大陆网络平台","虽千万人，李敖往矣、哈啰李敖、微博、六百万粉丝、读者","媒体线、网络线、晚年线","虽千万人，李敖往矣、哈啰李敖","sui-qianwan-2013-07-15-hello-li-ao-reaches-five-million-followers","虽千万人，李敖往矣","020.2014年2月","79","《大李敖全集5.0》（wjm_tcy版）分章节/005.诗集语录类/005.虽千万人，李敖往矣/020.2014年2月.txt","","[]","data/timeline-events-sui-qianwan-li-ao-wangyi.json","sui-qianwan-2014-02-13-hello-li-ao-nears-six-million-followers","{""id"":""sui-qianwan-2014-02-13-hello-li-ao-nears-six-million-followers"",""date"":""2014-02-13"",""displayDate"":""2014年2月13日星期四"",""datePrecision"":""day"",""title"":""“哈啰李敖”眼看粉丝到六百万"",""summary"":""《2014年2月》写，李敖每天写一篇“哈啰李敖”已一年，眼看粉丝达到六百万；他把读者分成文字公安、文字白痴和文字解人三类。"",""view"":[""媒体线"",""网络线"",""晚年线""],""tags"":[""虽千万人，李敖往矣"",""哈啰李敖"",""微博"",""六百万粉丝"",""读者""],""people"":[""李敖""],""places"":[""大陆网络平台""],""works"":[""虽千万人，李敖往矣"",""哈啰李敖""],""certainty"":""confirmed"",""source"":{""book"":""虽千万人，李敖往矣"",""chapter"":""020.2014年2月"",""path"":""《大李敖全集5.0》（wjm_tcy版）分章节/005.诗集语录类/005.虽千万人，李敖往矣/020.2014年2月.txt"",""line"":79},""crossReferences"":[""sui-qianwan-2013-07-15-hello-li-ao-reaches-five-million-followers""],""dataFile"":""data/timeline-events-sui-qianwan-li-ao-wangyi.json""}"
"25412","2014","2014-02-19","2014年2月19日星期三","day","confirmed","李敖致中信出版公司催告《第73烈士》履约或终止合同","《2014年2月》收录李敖2014年2月19日致中信出版公司的短信，称双方2011年8月30日签约《第73烈士》且明定首印不低于十万册，但至今一册未出；他谅解中信因《阳痿美国》受压力而吓破胆，催告若不能履约就终止合同。","李敖","台湾、大陆","虽千万人，李敖往矣、第73烈士、中信出版公司、合同、出版受阻、催告","出版线、审查线、书信线","虽千万人，李敖往矣、第73烈士、阳痿美国","book7-2011-03-03-submits-manuscript-of-the-73rd-martyr、book7-2011-04-27-marks-publication-of-the-73rd-martyr-with-corrected-date、sui-qianwan-2011-05-17-xiaoe-calls-about-mainland-publication-blockage、sui-qianwan-2011-05-27-receives-citic-edition-of-trial-america","虽千万人，李敖往矣","020.2014年2月","115","《大李敖全集5.0》（wjm_tcy版）分章节/005.诗集语录类/005.虽千万人，李敖往矣/020.2014年2月.txt","虽千万人，李敖往矣 / 019.2014年1月 / line 139 / 说明：提前回述2011年8月22日或8月30日中信签约、首印十万册与《阳痿美国》余波。 / 《大李敖全集5.0》（wjm_tcy版）分章节/005.诗集语录类/005.虽千万人，李敖往矣/019.2014年1月.txt || 虽千万人，李敖往矣 / 020.2014年2月 / line 163 / 说明：继续说明中信以“经友好协商”解约文件要求李敖承认自愿解约。 / 《大李敖全集5.0》（wjm_tcy版）分章节/005.诗集语录类/005.虽千万人，李敖往矣/020.2014年2月.txt","[{""book"":""虽千万人，李敖往矣"",""chapter"":""019.2014年1月"",""path"":""《大李敖全集5.0》（wjm_tcy版）分章节/005.诗集语录类/005.虽千万人，李敖往矣/019.2014年1月.txt"",""line"":139,""note"":""提前回述2011年8月22日或8月30日中信签约、首印十万册与《阳痿美国》余波。""},{""book"":""虽千万人，李敖往矣"",""chapter"":""020.2014年2月"",""path"":""《大李敖全集5.0》（wjm_tcy版）分章节/005.诗集语录类/005.虽千万人，李敖往矣/020.2014年2月.txt"",""line"":163,""note"":""继续说明中信以“经友好协商”解约文件要求李敖承认自愿解约。""}]","data/timeline-events-sui-qianwan-li-ao-wangyi.json","sui-qianwan-2014-02-19-demands-citic-terminate-73rd-martyr-contract","{""id"":""sui-qianwan-2014-02-19-demands-citic-terminate-73rd-martyr-contract"",""date"":""2014-02-19"",""displayDate"":""2014年2月19日星期三"",""datePrecision"":""day"",""title"":""李敖致中信出版公司催告《第73烈士》履约或终止合同"",""summary"":""《2014年2月》收录李敖2014年2月19日致中信出版公司的短信，称双方2011年8月30日签约《第73烈士》且明定首印不低于十万册，但至今一册未出；他谅解中信因《阳痿美国》受压力而吓破胆，催告若不能履约就终止合同。"",""view"":[""出版线"",""审查线"",""书信线""],""tags"":[""虽千万人，李敖往矣"",""第73烈士"",""中信出版公司"",""合同"",""出版受阻"",""催告""],""people"":[""李敖""],""places"":[""台湾"",""大陆""],""works"":[""虽千万人，李敖往矣"",""第73烈士"",""阳痿美国""],""certainty"":""confirmed"",""source"":{""book"":""虽千万人，李敖往矣"",""chapter"":""020.2014年2月"",""path"":""《大李敖全集5.0》（wjm_tcy版）分章节/005.诗集语录类/005.虽千万人，李敖往矣/020.2014年2月.txt"",""line"":115},""crossReferences"":[""book7-2011-03-03-submits-manuscript-of-the-73rd-martyr"",""book7-2011-04-27-marks-publication-of-the-73rd-martyr-with-corrected-date"",""sui-qianwan-2011-05-17-xiaoe-calls-about-mainland-publication-blockage"",""sui-qianwan-2011-05-27-receives-citic-edition-of-trial-america""],""additionalSources"":[{""book"":""虽千万人，李敖往矣"",""chapter"":""019.2014年1月"",""path"":""《大李敖全集5.0》（wjm_tcy版）分章节/005.诗集语录类/005.虽千万人，李敖往矣/019.2014年1月.txt"",""line"":139,""note"":""提前回述2011年8月22日或8月30日中信签约、首印十万册与《阳痿美国》余波。""},{""book"":""虽千万人，李敖往矣"",""chapter"":""020.2014年2月"",""path"":""《大李敖全集5.0》（wjm_tcy版）分章节/005.诗集语录类/005.虽千万人，李敖往矣/020.2014年2月.txt"",""line"":163,""note"":""继续说明中信以“经友好协商”解约文件要求李敖承认自愿解约。""}],""dataFile"":""data/timeline-events-sui-qianwan-li-ao-wangyi.json""}"
"25413","2014","2014-03-30","2014年3月30日星期日","day","confirmed","李敖记录李戡上网发表台湾学运追踪分析","《2014年3月》写，李戡继《李戡戡乱记》《国民党员毛泽东》后，又以台湾学运为专题上网发表追踪材料；李敖称其追出的来龙去脉与一般理解不同。","李敖、李戡","台湾、北京、网络","虽千万人，李敖往矣、李戡、台湾学运、上网发表、李戡戡乱记、国民党员毛泽东","家庭线、网络线、政治线","虽千万人，李敖往矣、李戡戡乱记、国民党员毛泽东","li-ao-fangtanlu-2014-03-31-asia-weekly-sunflower-interview、li-ao-fangtanlu-2014-04-09-haixia-phone-interview-sunflower-withdrawal","虽千万人，李敖往矣","021.2013年3月","181","《大李敖全集5.0》（wjm_tcy版）分章节/005.诗集语录类/005.虽千万人，李敖往矣/021.2013年3月.txt","李敖访谈录1990-2018 / 066.20140410《海峡导报》专访李敖 / line 5 / 说明：《海峡导报》电话访问补充李敖本人也在太阳花学运退场前夕公开评论学生水平和两岸定位。 / 《大李敖全集5.0》（wjm_tcy版）分章节/007.采访序跋类/005.李敖访谈录1990-2018/066.20140410《海峡导报》专访李敖.txt || 李敖访谈录1990-2018 / 067.20140413《亚洲周刊》专访李敖 / line 7 / 说明：《亚洲周刊》访问补充李敖在3月31日上午长谈反服贸学运，并特别点出台湾学生缺少敢作敢当的英雄。 / 《大李敖全集5.0》（wjm_tcy版）分章节/007.采访序跋类/005.李敖访谈录1990-2018/067.20140413《亚洲周刊》专访李敖.txt","[{""book"":""李敖访谈录1990-2018"",""chapter"":""066.20140410《海峡导报》专访李敖"",""path"":""《大李敖全集5.0》（wjm_tcy版）分章节/007.采访序跋类/005.李敖访谈录1990-2018/066.20140410《海峡导报》专访李敖.txt"",""line"":5,""lines"":[5,11,13],""note"":""《海峡导报》电话访问补充李敖本人也在太阳花学运退场前夕公开评论学生水平和两岸定位。""},{""book"":""李敖访谈录1990-2018"",""chapter"":""067.20140413《亚洲周刊》专访李敖"",""path"":""《大李敖全集5.0》（wjm_tcy版）分章节/007.采访序跋类/005.李敖访谈录1990-2018/067.20140413《亚洲周刊》专访李敖.txt"",""line"":7,""lines"":[7,11,15,55],""note"":""《亚洲周刊》访问补充李敖在3月31日上午长谈反服贸学运，并特别点出台湾学生缺少敢作敢当的英雄。""}]","data/timeline-events-sui-qianwan-li-ao-wangyi.json","sui-qianwan-2014-03-30-records-li-kan-posts-taiwan-student-movement-analysis","{""id"":""sui-qianwan-2014-03-30-records-li-kan-posts-taiwan-student-movement-analysis"",""date"":""2014-03-30"",""displayDate"":""2014年3月30日星期日"",""datePrecision"":""day"",""title"":""李敖记录李戡上网发表台湾学运追踪分析"",""summary"":""《2014年3月》写，李戡继《李戡戡乱记》《国民党员毛泽东》后，又以台湾学运为专题上网发表追踪材料；李敖称其追出的来龙去脉与一般理解不同。"",""view"":[""家庭线"",""网络线"",""政治线""],""tags"":[""虽千万人，李敖往矣"",""李戡"",""台湾学运"",""上网发表"",""李戡戡乱记"",""国民党员毛泽东""],""people"":[""李敖"",""李戡""],""places"":[""台湾"",""北京"",""网络""],""works"":[""虽千万人，李敖往矣"",""李戡戡乱记"",""国民党员毛泽东""],""certainty"":""confirmed"",""source"":{""book"":""虽千万人，李敖往矣"",""chapter"":""021.2013年3月"",""path"":""《大李敖全集5.0》（wjm_tcy版）分章节/005.诗集语录类/005.虽千万人，李敖往矣/021.2013年3月.txt"",""line"":181},""additionalSources"":[{""book"":""李敖访谈录1990-2018"",""chapter"":""066.20140410《海峡导报》专访李敖"",""path"":""《大李敖全集5.0》（wjm_tcy版）分章节/007.采访序跋类/005.李敖访谈录1990-2018/066.20140410《海峡导报》专访李敖.txt"",""line"":5,""lines"":[5,11,13],""note"":""《海峡导报》电话访问补充李敖本人也在太阳花学运退场前夕公开评论学生水平和两岸定位。""},{""book"":""李敖访谈录1990-2018"",""chapter"":""067.20140413《亚洲周刊》专访李敖"",""path"":""《大李敖全集5.0》（wjm_tcy版）分章节/007.采访序跋类/005.李敖访谈录1990-2018/067.20140413《亚洲周刊》专访李敖.txt"",""line"":7,""lines"":[7,11,15,55],""note"":""《亚洲周刊》访问补充李敖在3月31日上午长谈反服贸学运，并特别点出台湾学生缺少敢作敢当的英雄。""}],""crossReferences"":[""li-ao-fangtanlu-2014-03-31-asia-weekly-sunflower-interview"",""li-ao-fangtanlu-2014-04-09-haixia-phone-interview-sunflower-withdrawal""],""dataFile"":""data/timeline-events-sui-qianwan-li-ao-wangyi.json""}"
"25414","2014","2014-03-31","2014年3月31日上午","day","confirmed","接受《亚洲周刊》访问，痛批台湾反服贸学运","反服贸学运延烧期间，李敖在3月27日晚列出七点判断，认为学运证明台湾民主全是假、青年对祖国无向心力、两岸台湾专家外行等；3月31日上午，他接受《亚洲周刊》访问，围绕学生不敢面对中国问题、马英九团队软弱、服贸背后的美国全球化和台湾国会瘫痪展开长谈。这场访问是他在太阳花学运高峰期的一次集中公开判断。","李敖、马英九、王金平、陈独秀、谢聪敏","台湾、立法院","亚洲周刊、太阳花学运、反服贸、台湾政治、马英九","访谈线、政治线、两岸线","李敖访谈录1990-2018","sui-qianwan-2014-03-30-records-li-kan-posts-taiwan-student-movement-analysis","李敖访谈录1990-2018","067.20140413《亚洲周刊》专访李敖","7","《大李敖全集5.0》（wjm_tcy版）分章节/007.采访序跋类/005.李敖访谈录1990-2018/067.20140413《亚洲周刊》专访李敖.txt","","[]","data/timeline-events-li-ao-fangtanlu-1990-2018.json","li-ao-fangtanlu-2014-03-31-asia-weekly-sunflower-interview","{""id"":""li-ao-fangtanlu-2014-03-31-asia-weekly-sunflower-interview"",""date"":""2014-03-31"",""displayDate"":""2014年3月31日上午"",""datePrecision"":""day"",""title"":""接受《亚洲周刊》访问，痛批台湾反服贸学运"",""summary"":""反服贸学运延烧期间，李敖在3月27日晚列出七点判断，认为学运证明台湾民主全是假、青年对祖国无向心力、两岸台湾专家外行等；3月31日上午，他接受《亚洲周刊》访问，围绕学生不敢面对中国问题、马英九团队软弱、服贸背后的美国全球化和台湾国会瘫痪展开长谈。这场访问是他在太阳花学运高峰期的一次集中公开判断。"",""category"":""interview"",""type"":""李敖当事人事件"",""source"":{""book"":""李敖访谈录1990-2018"",""chapter"":""067.20140413《亚洲周刊》专访李敖"",""path"":""《大李敖全集5.0》（wjm_tcy版）分章节/007.采访序跋类/005.李敖访谈录1990-2018/067.20140413《亚洲周刊》专访李敖.txt"",""line"":7,""lines"":[7,9,11,15,21,23,35,39,41,43,47,51,53,55],""note"":""《亚洲周刊》说明李敖3月31日上午受访，集中评论台湾反服贸学运、马英九、两岸与美国全球化。""},""certainty"":""confirmed"",""tags"":[""亚洲周刊"",""太阳花学运"",""反服贸"",""台湾政治"",""马英九""],""people"":[""李敖"",""马英九"",""王金平"",""陈独秀"",""谢聪敏""],""places"":[""台湾"",""立法院""],""works"":[""李敖访谈录1990-2018""],""view"":[""访谈线"",""政治线"",""两岸线""],""crossReferences"":[""sui-qianwan-2014-03-30-records-li-kan-posts-taiwan-student-movement-analysis""],""dataFile"":""data/timeline-events-li-ao-fangtanlu-1990-2018.json""}"
"25415","2014","2014-03-31","2014年3月31日星期一","day","confirmed","李敖在眼镜店外摔倒伤到左膝","《2014年3月》写，眼镜店送李敖一瓶矿泉水，他出门失手让水瓶滚地，冲去捡时没看到台阶，一跤摔得不轻，左膝出血、裤子也破了；随后坐捷运回家，还和小屯拿对面女孩的破膝裤开玩笑。","李敖、小屯","台湾、捷运","虽千万人，李敖往矣、眼镜店、摔倒、左膝、捷运、小屯","健康线、日常线、家庭线","虽千万人，李敖往矣","","虽千万人，李敖往矣","021.2013年3月","187","《大李敖全集5.0》（wjm_tcy版）分章节/005.诗集语录类/005.虽千万人，李敖往矣/021.2013年3月.txt","","[]","data/timeline-events-sui-qianwan-li-ao-wangyi.json","sui-qianwan-2014-03-31-falls-outside-optical-shop-and-hurts-left-knee","{""id"":""sui-qianwan-2014-03-31-falls-outside-optical-shop-and-hurts-left-knee"",""date"":""2014-03-31"",""displayDate"":""2014年3月31日星期一"",""datePrecision"":""day"",""title"":""李敖在眼镜店外摔倒伤到左膝"",""summary"":""《2014年3月》写，眼镜店送李敖一瓶矿泉水，他出门失手让水瓶滚地，冲去捡时没看到台阶，一跤摔得不轻，左膝出血、裤子也破了；随后坐捷运回家，还和小屯拿对面女孩的破膝裤开玩笑。"",""view"":[""健康线"",""日常线"",""家庭线""],""tags"":[""虽千万人，李敖往矣"",""眼镜店"",""摔倒"",""左膝"",""捷运"",""小屯""],""people"":[""李敖"",""小屯""],""places"":[""台湾"",""捷运""],""works"":[""虽千万人，李敖往矣""],""certainty"":""confirmed"",""source"":{""book"":""虽千万人，李敖往矣"",""chapter"":""021.2013年3月"",""path"":""《大李敖全集5.0》（wjm_tcy版）分章节/005.诗集语录类/005.虽千万人，李敖往矣/021.2013年3月.txt"",""line"":187},""dataFile"":""data/timeline-events-sui-qianwan-li-ao-wangyi.json""}"
"25416","2014","2014-04-07","2014年4月7日星期一","day","confirmed","李敖发现新浪把诗句“九州”误转成“九州岛”","《2014年4月》写，李敖前一天评论学运时顺口溜了一首七绝，不料新浪网把“月儿弯弯照九州”七字变成“月儿弯弯照九州岛”八字；他将此作为电脑转字荒谬的又一例。","李敖","大陆网络平台","虽千万人，李敖往矣、新浪微博、简繁转换、九州、九州岛、学运","媒体线、写作线、编辑线","虽千万人，李敖往矣、哈啰李敖","sui-qianwan-2011-10-10-xiaotun-calls-about-simplified-conversion-error","虽千万人，李敖往矣","022.2014年4月","43","《大李敖全集5.0》（wjm_tcy版）分章节/005.诗集语录类/005.虽千万人，李敖往矣/022.2014年4月.txt","","[]","data/timeline-events-sui-qianwan-li-ao-wangyi.json","sui-qianwan-2014-04-07-sina-converts-jiuzhou-line-to-jiuzhoudao","{""id"":""sui-qianwan-2014-04-07-sina-converts-jiuzhou-line-to-jiuzhoudao"",""date"":""2014-04-07"",""displayDate"":""2014年4月7日星期一"",""datePrecision"":""day"",""title"":""李敖发现新浪把诗句“九州”误转成“九州岛”"",""summary"":""《2014年4月》写，李敖前一天评论学运时顺口溜了一首七绝，不料新浪网把“月儿弯弯照九州”七字变成“月儿弯弯照九州岛”八字；他将此作为电脑转字荒谬的又一例。"",""view"":[""媒体线"",""写作线"",""编辑线""],""tags"":[""虽千万人，李敖往矣"",""新浪微博"",""简繁转换"",""九州"",""九州岛"",""学运""],""people"":[""李敖""],""places"":[""大陆网络平台""],""works"":[""虽千万人，李敖往矣"",""哈啰李敖""],""certainty"":""confirmed"",""source"":{""book"":""虽千万人，李敖往矣"",""chapter"":""022.2014年4月"",""path"":""《大李敖全集5.0》（wjm_tcy版）分章节/005.诗集语录类/005.虽千万人，李敖往矣/022.2014年4月.txt"",""line"":43},""crossReferences"":[""sui-qianwan-2011-10-10-xiaotun-calls-about-simplified-conversion-error""],""dataFile"":""data/timeline-events-sui-qianwan-li-ao-wangyi.json""}"
"25417","2014","2014-04-09","2014年4月9日下午","day","confirmed","在台北家中接《海峡导报》电话，评论太阳花学运退场","《海峡导报》报道，台湾反服贸学生将于4月10日从“立法院”撤出前一天下午，记者独家电话采访在台北家中的李敖。李敖把学生退场解释为美国对民进党翻脸，并认为背后有北京给华盛顿压力；他又批评马英九软弱、王金平“收割”，称学运证明台湾“假民主”，最后判断马英九、民进党和学生都不是赢家。","李敖、马英九、王金平、金溥聪、赖清德","台北家中、台湾立法院、台湾","海峡导报、电话访问、台北家中、太阳花学运、反服贸、退场","访谈线、政治线、两岸线","李敖访谈录1990-2018","li-ao-fangtanlu-2014-03-31-asia-weekly-sunflower-interview、sui-qianwan-2014-03-30-records-li-kan-posts-taiwan-student-movement-analysis","李敖访谈录1990-2018","066.20140410《海峡导报》专访李敖","5","《大李敖全集5.0》（wjm_tcy版）分章节/007.采访序跋类/005.李敖访谈录1990-2018/066.20140410《海峡导报》专访李敖.txt","","[]","data/timeline-events-li-ao-fangtanlu-1990-2018.json","li-ao-fangtanlu-2014-04-09-haixia-phone-interview-sunflower-withdrawal","{""id"":""li-ao-fangtanlu-2014-04-09-haixia-phone-interview-sunflower-withdrawal"",""date"":""2014-04-09"",""displayDate"":""2014年4月9日下午"",""datePrecision"":""day"",""title"":""在台北家中接《海峡导报》电话，评论太阳花学运退场"",""summary"":""《海峡导报》报道，台湾反服贸学生将于4月10日从“立法院”撤出前一天下午，记者独家电话采访在台北家中的李敖。李敖把学生退场解释为美国对民进党翻脸，并认为背后有北京给华盛顿压力；他又批评马英九软弱、王金平“收割”，称学运证明台湾“假民主”，最后判断马英九、民进党和学生都不是赢家。"",""category"":""interview"",""type"":""李敖当事人事件"",""source"":{""book"":""李敖访谈录1990-2018"",""chapter"":""066.20140410《海峡导报》专访李敖"",""path"":""《大李敖全集5.0》（wjm_tcy版）分章节/007.采访序跋类/005.李敖访谈录1990-2018/066.20140410《海峡导报》专访李敖.txt"",""line"":5,""lines"":[5,11,13,21,23,25,27,31,33,35,37,45,47,49,51],""note"":""《海峡导报》记录2014年4月9日下午电话采访台北家中的李敖，主题为太阳花学运退场及台湾政治判断。""},""certainty"":""confirmed"",""tags"":[""海峡导报"",""电话访问"",""台北家中"",""太阳花学运"",""反服贸"",""退场""],""people"":[""李敖"",""马英九"",""王金平"",""金溥聪"",""赖清德""],""places"":[""台北家中"",""台湾立法院"",""台湾""],""works"":[""李敖访谈录1990-2018""],""view"":[""访谈线"",""政治线"",""两岸线""],""crossReferences"":[""li-ao-fangtanlu-2014-03-31-asia-weekly-sunflower-interview"",""sui-qianwan-2014-03-30-records-li-kan-posts-taiwan-student-movement-analysis""],""dataFile"":""data/timeline-events-li-ao-fangtanlu-1990-2018.json""}"
"25418","2014","2014-04-25","2014年4月25日星期五","day","confirmed","赖岳忠近距为李敖七十九岁祝寿","《2014年4月》写，李敖住台北，方圆五百公尺以内赖岳忠首当其冲，一切“唯赖是赖”；当天李敖七十九岁，赖岳忠近距离为他祝寿。","李敖、赖岳忠","台北","虽千万人，李敖往矣、赖岳忠、生日、七十九岁、台北","交游线、生日线、晚年线","虽千万人，李敖往矣","","虽千万人，李敖往矣","022.2014年4月","151","《大李敖全集5.0》（wjm_tcy版）分章节/005.诗集语录类/005.虽千万人，李敖往矣/022.2014年4月.txt","","[]","data/timeline-events-sui-qianwan-li-ao-wangyi.json","sui-qianwan-2014-04-25-lai-yuezhong-celebrates-li-ao-seventy-ninth-birthday","{""id"":""sui-qianwan-2014-04-25-lai-yuezhong-celebrates-li-ao-seventy-ninth-birthday"",""date"":""2014-04-25"",""displayDate"":""2014年4月25日星期五"",""datePrecision"":""day"",""title"":""赖岳忠近距为李敖七十九岁祝寿"",""summary"":""《2014年4月》写，李敖住台北，方圆五百公尺以内赖岳忠首当其冲，一切“唯赖是赖”；当天李敖七十九岁，赖岳忠近距离为他祝寿。"",""view"":[""交游线"",""生日线"",""晚年线""],""tags"":[""虽千万人，李敖往矣"",""赖岳忠"",""生日"",""七十九岁"",""台北""],""people"":[""李敖"",""赖岳忠""],""places"":[""台北""],""works"":[""虽千万人，李敖往矣""],""certainty"":""confirmed"",""source"":{""book"":""虽千万人，李敖往矣"",""chapter"":""022.2014年4月"",""path"":""《大李敖全集5.0》（wjm_tcy版）分章节/005.诗集语录类/005.虽千万人，李敖往矣/022.2014年4月.txt"",""line"":151},""dataFile"":""data/timeline-events-sui-qianwan-li-ao-wangyi.json""}"
"25419","2014","2014-04-26","2014年4月26日星期六","day","confirmed","李庆华送花到李敖台北家门口","《2014年4月》写，李敖在台北回家时，门口有一盆李庆华送来的锦簇盆花；他并把这盆花与当年香港演讲台上林青霞送的花相提并论。","李敖、李庆华、林青霞","台北、香港","虽千万人，李敖往矣、李庆华、林青霞、盆花、生日后、台北","交游线、日常线、晚年线","虽千万人，李敖往矣","","虽千万人，李敖往矣","022.2014年4月","157","《大李敖全集5.0》（wjm_tcy版）分章节/005.诗集语录类/005.虽千万人，李敖往矣/022.2014年4月.txt","","[]","data/timeline-events-sui-qianwan-li-ao-wangyi.json","sui-qianwan-2014-04-26-li-qinghua-sends-flower-to-li-ao-home","{""id"":""sui-qianwan-2014-04-26-li-qinghua-sends-flower-to-li-ao-home"",""date"":""2014-04-26"",""displayDate"":""2014年4月26日星期六"",""datePrecision"":""day"",""title"":""李庆华送花到李敖台北家门口"",""summary"":""《2014年4月》写，李敖在台北回家时，门口有一盆李庆华送来的锦簇盆花；他并把这盆花与当年香港演讲台上林青霞送的花相提并论。"",""view"":[""交游线"",""日常线"",""晚年线""],""tags"":[""虽千万人，李敖往矣"",""李庆华"",""林青霞"",""盆花"",""生日后"",""台北""],""people"":[""李敖"",""李庆华"",""林青霞""],""places"":[""台北"",""香港""],""works"":[""虽千万人，李敖往矣""],""certainty"":""confirmed"",""source"":{""book"":""虽千万人，李敖往矣"",""chapter"":""022.2014年4月"",""path"":""《大李敖全集5.0》（wjm_tcy版）分章节/005.诗集语录类/005.虽千万人，李敖往矣/022.2014年4月.txt"",""line"":157},""dataFile"":""data/timeline-events-sui-qianwan-li-ao-wangyi.json""}"
"25420","2014","2014-05-24","2014年5月24日星期六","day","confirmed","李敖写小屯一路尾随自己三十年","《2014年5月》写，小屯最能理解李敖自认伟大的真相，一路尾随他三十年；李敖称她用三十年的青春证明“自大狂是可以传染的、并且是无害的”。","李敖、小屯","台湾","虽千万人，李敖往矣、小屯、三十年、家庭、婚姻","家庭线、婚姻线、晚年线","虽千万人，李敖往矣","","虽千万人，李敖往矣","023.2014年5月","145","《大李敖全集5.0》（wjm_tcy版）分章节/005.诗集语录类/005.虽千万人，李敖往矣/023.2014年5月.txt","","[]","data/timeline-events-sui-qianwan-li-ao-wangyi.json","sui-qianwan-2014-05-24-xiaotun-has-followed-li-ao-for-thirty-years","{""id"":""sui-qianwan-2014-05-24-xiaotun-has-followed-li-ao-for-thirty-years"",""date"":""2014-05-24"",""displayDate"":""2014年5月24日星期六"",""datePrecision"":""day"",""title"":""李敖写小屯一路尾随自己三十年"",""summary"":""《2014年5月》写，小屯最能理解李敖自认伟大的真相，一路尾随他三十年；李敖称她用三十年的青春证明“自大狂是可以传染的、并且是无害的”。"",""view"":[""家庭线"",""婚姻线"",""晚年线""],""tags"":[""虽千万人，李敖往矣"",""小屯"",""三十年"",""家庭"",""婚姻""],""people"":[""李敖"",""小屯""],""places"":[""台湾""],""works"":[""虽千万人，李敖往矣""],""certainty"":""confirmed"",""source"":{""book"":""虽千万人，李敖往矣"",""chapter"":""023.2014年5月"",""path"":""《大李敖全集5.0》（wjm_tcy版）分章节/005.诗集语录类/005.虽千万人，李敖往矣/023.2014年5月.txt"",""line"":145},""dataFile"":""data/timeline-events-sui-qianwan-li-ao-wangyi.json""}"
"25421","2014","2014-05-28","2014年5月28日星期三","day","confirmed","李敖记录“哈啰李敖”六百万粉丝限额与内容硬删","《2014年5月》写，“哈啰李敖”除被官方拦截外，又出现粉丝限额六百万、严打六百万以上成长率的情况；5月27日谈911的一则文字还被硬删九个字。此前3月、5月他已多次写到粉丝数在六百万关口上下起落。","李敖","大陆网络平台","虽千万人，李敖往矣、哈啰李敖、新浪微博、六百万粉丝、硬删、审查","媒体线、审查线、网络线","虽千万人，李敖往矣、哈啰李敖","sui-qianwan-2014-02-13-hello-li-ao-nears-six-million-followers","虽千万人，李敖往矣","023.2014年5月","169","《大李敖全集5.0》（wjm_tcy版）分章节/005.诗集语录类/005.虽千万人，李敖往矣/023.2014年5月.txt","虽千万人，李敖往矣 / 021.2013年3月 / line 43 / 说明：3月7日短文已写粉丝数“七上以后就八下”，迟迟难过六百万关。 / 《大李敖全集5.0》（wjm_tcy版）分章节/005.诗集语录类/005.虽千万人，李敖往矣/021.2013年3月.txt || 虽千万人，李敖往矣 / 023.2014年5月 / line 31 / 说明：5月5日短文写粉丝数在六百万上下如 yo-yo 起落不定。 / 《大李敖全集5.0》（wjm_tcy版）分章节/005.诗集语录类/005.虽千万人，李敖往矣/023.2014年5月.txt","[{""book"":""虽千万人，李敖往矣"",""chapter"":""021.2013年3月"",""path"":""《大李敖全集5.0》（wjm_tcy版）分章节/005.诗集语录类/005.虽千万人，李敖往矣/021.2013年3月.txt"",""line"":43,""note"":""3月7日短文已写粉丝数“七上以后就八下”，迟迟难过六百万关。""},{""book"":""虽千万人，李敖往矣"",""chapter"":""023.2014年5月"",""path"":""《大李敖全集5.0》（wjm_tcy版）分章节/005.诗集语录类/005.虽千万人，李敖往矣/023.2014年5月.txt"",""line"":31,""note"":""5月5日短文写粉丝数在六百万上下如 yo-yo 起落不定。""}]","data/timeline-events-sui-qianwan-li-ao-wangyi.json","sui-qianwan-2014-05-28-sina-limits-six-million-followers-and-deletes-nine-characters","{""id"":""sui-qianwan-2014-05-28-sina-limits-six-million-followers-and-deletes-nine-characters"",""date"":""2014-05-28"",""displayDate"":""2014年5月28日星期三"",""datePrecision"":""day"",""title"":""李敖记录“哈啰李敖”六百万粉丝限额与内容硬删"",""summary"":""《2014年5月》写，“哈啰李敖”除被官方拦截外，又出现粉丝限额六百万、严打六百万以上成长率的情况；5月27日谈911的一则文字还被硬删九个字。此前3月、5月他已多次写到粉丝数在六百万关口上下起落。"",""view"":[""媒体线"",""审查线"",""网络线""],""tags"":[""虽千万人，李敖往矣"",""哈啰李敖"",""新浪微博"",""六百万粉丝"",""硬删"",""审查""],""people"":[""李敖""],""places"":[""大陆网络平台""],""works"":[""虽千万人，李敖往矣"",""哈啰李敖""],""certainty"":""confirmed"",""source"":{""book"":""虽千万人，李敖往矣"",""chapter"":""023.2014年5月"",""path"":""《大李敖全集5.0》（wjm_tcy版）分章节/005.诗集语录类/005.虽千万人，李敖往矣/023.2014年5月.txt"",""line"":169},""crossReferences"":[""sui-qianwan-2014-02-13-hello-li-ao-nears-six-million-followers""],""additionalSources"":[{""book"":""虽千万人，李敖往矣"",""chapter"":""021.2013年3月"",""path"":""《大李敖全集5.0》（wjm_tcy版）分章节/005.诗集语录类/005.虽千万人，李敖往矣/021.2013年3月.txt"",""line"":43,""note"":""3月7日短文已写粉丝数“七上以后就八下”，迟迟难过六百万关。""},{""book"":""虽千万人，李敖往矣"",""chapter"":""023.2014年5月"",""path"":""《大李敖全集5.0》（wjm_tcy版）分章节/005.诗集语录类/005.虽千万人，李敖往矣/023.2014年5月.txt"",""line"":31,""note"":""5月5日短文写粉丝数在六百万上下如 yo-yo 起落不定。""}],""dataFile"":""data/timeline-events-sui-qianwan-li-ao-wangyi.json""}"
"25422","2014","2014-06-11","2014年6月11日星期三","day","confirmed","李敖预言国民党不只连家败选，还会失陷包括台北的五都","《2014年11月》回述，李敖在2014年6月11日预言国民党不但连家会败选，还会失陷包括台北在内的五都；11月29日开票后，他以此自称“李敖是先知”。","李敖、连胜文、国民党","台湾、台北","虽千万人，李敖往矣、选举预测、国民党、连家、台北、五都","政治线、选举线、晚年线","虽千万人，李敖往矣","","虽千万人，李敖往矣","029.2014年11月","175","《大李敖全集5.0》（wjm_tcy版）分章节/005.诗集语录类/005.虽千万人，李敖往矣/029.2014年11月.txt","","[]","data/timeline-events-sui-qianwan-li-ao-wangyi.json","sui-qianwan-2014-06-11-predicts-kmt-will-lose-five-cities","{""id"":""sui-qianwan-2014-06-11-predicts-kmt-will-lose-five-cities"",""date"":""2014-06-11"",""displayDate"":""2014年6月11日星期三"",""datePrecision"":""day"",""title"":""李敖预言国民党不只连家败选，还会失陷包括台北的五都"",""summary"":""《2014年11月》回述，李敖在2014年6月11日预言国民党不但连家会败选，还会失陷包括台北在内的五都；11月29日开票后，他以此自称“李敖是先知”。"",""view"":[""政治线"",""选举线"",""晚年线""],""tags"":[""虽千万人，李敖往矣"",""选举预测"",""国民党"",""连家"",""台北"",""五都""],""people"":[""李敖"",""连胜文"",""国民党""],""places"":[""台湾"",""台北""],""works"":[""虽千万人，李敖往矣""],""certainty"":""confirmed"",""source"":{""book"":""虽千万人，李敖往矣"",""chapter"":""029.2014年11月"",""path"":""《大李敖全集5.0》（wjm_tcy版）分章节/005.诗集语录类/005.虽千万人，李敖往矣/029.2014年11月.txt"",""line"":175},""dataFile"":""data/timeline-events-sui-qianwan-li-ao-wangyi.json""}"
"25423","2014","2014-06-15","2014年6月15日星期日","day","confirmed","李敖预告李戡《国民党员毛泽东》七月香港书展问世","《2014年6月》写，黄埔军校九十年之际，李敖预告李戡根据尘封档案写成《国民党员毛泽东》，将于七月香港书展问世，揭露黄埔时代国共两党秘史。","李敖、李戡、毛泽东、蒋介石","香港、北京、台湾","虽千万人，李敖往矣、李戡、国民党员毛泽东、香港书展、黄埔军校、档案","家庭线、出版线、香港线","虽千万人，李敖往矣、国民党员毛泽东","","虽千万人，李敖往矣","024.2014年6月","85","《大李敖全集5.0》（wjm_tcy版）分章节/005.诗集语录类/005.虽千万人，李敖往矣/024.2014年6月.txt","虽千万人，李敖往矣 / 024.2014年6月 / line 91 / 说明：翌日继续说明李戡戴口罩与手套深入私人和国民党党史馆秘藏档案。 / 《大李敖全集5.0》（wjm_tcy版）分章节/005.诗集语录类/005.虽千万人，李敖往矣/024.2014年6月.txt || 李敖访谈录1990-2018 / 069.20140728《澎湃新闻网》李敖、李戡专题 / line 43 / 说明：《澎湃新闻网》专题补充李戡《国民党员毛泽东》的史料来源包括李敖收藏的国民党内部会议记录，并说明此书先在香港出版。 / 《大李敖全集5.0》（wjm_tcy版）分章节/007.采访序跋类/005.李敖访谈录1990-2018/069.20140728《澎湃新闻网》李敖、李戡专题.txt","[{""book"":""虽千万人，李敖往矣"",""chapter"":""024.2014年6月"",""path"":""《大李敖全集5.0》（wjm_tcy版）分章节/005.诗集语录类/005.虽千万人，李敖往矣/024.2014年6月.txt"",""line"":91,""note"":""翌日继续说明李戡戴口罩与手套深入私人和国民党党史馆秘藏档案。""},{""book"":""李敖访谈录1990-2018"",""chapter"":""069.20140728《澎湃新闻网》李敖、李戡专题"",""path"":""《大李敖全集5.0》（wjm_tcy版）分章节/007.采访序跋类/005.李敖访谈录1990-2018/069.20140728《澎湃新闻网》李敖、李戡专题.txt"",""line"":43,""lines"":[43,45,47,49,91],""note"":""《澎湃新闻网》专题补充李戡《国民党员毛泽东》的史料来源包括李敖收藏的国民党内部会议记录，并说明此书先在香港出版。""}]","data/timeline-events-sui-qianwan-li-ao-wangyi.json","sui-qianwan-2014-06-15-li-kan-kmt-member-mao-to-debut-at-hong-kong-book-fair","{""id"":""sui-qianwan-2014-06-15-li-kan-kmt-member-mao-to-debut-at-hong-kong-book-fair"",""date"":""2014-06-15"",""displayDate"":""2014年6月15日星期日"",""datePrecision"":""day"",""title"":""李敖预告李戡《国民党员毛泽东》七月香港书展问世"",""summary"":""《2014年6月》写，黄埔军校九十年之际，李敖预告李戡根据尘封档案写成《国民党员毛泽东》，将于七月香港书展问世，揭露黄埔时代国共两党秘史。"",""view"":[""家庭线"",""出版线"",""香港线""],""tags"":[""虽千万人，李敖往矣"",""李戡"",""国民党员毛泽东"",""香港书展"",""黄埔军校"",""档案""],""people"":[""李敖"",""李戡"",""毛泽东"",""蒋介石""],""places"":[""香港"",""北京"",""台湾""],""works"":[""虽千万人，李敖往矣"",""国民党员毛泽东""],""certainty"":""confirmed"",""source"":{""book"":""虽千万人，李敖往矣"",""chapter"":""024.2014年6月"",""path"":""《大李敖全集5.0》（wjm_tcy版）分章节/005.诗集语录类/005.虽千万人，李敖往矣/024.2014年6月.txt"",""line"":85},""additionalSources"":[{""book"":""虽千万人，李敖往矣"",""chapter"":""024.2014年6月"",""path"":""《大李敖全集5.0》（wjm_tcy版）分章节/005.诗集语录类/005.虽千万人，李敖往矣/024.2014年6月.txt"",""line"":91,""note"":""翌日继续说明李戡戴口罩与手套深入私人和国民党党史馆秘藏档案。""},{""book"":""李敖访谈录1990-2018"",""chapter"":""069.20140728《澎湃新闻网》李敖、李戡专题"",""path"":""《大李敖全集5.0》（wjm_tcy版）分章节/007.采访序跋类/005.李敖访谈录1990-2018/069.20140728《澎湃新闻网》李敖、李戡专题.txt"",""line"":43,""lines"":[43,45,47,49,91],""note"":""《澎湃新闻网》专题补充李戡《国民党员毛泽东》的史料来源包括李敖收藏的国民党内部会议记录，并说明此书先在香港出版。""}],""dataFile"":""data/timeline-events-sui-qianwan-li-ao-wangyi.json""}"
"25424","2014","2014-06-16","2014年6月16日","day","confirmed","《半岛都市报》刊出李敖“混世宝典”三部曲专题","《半岛都市报》专题称，80岁的李敖近日再出“混世宝典”三部曲：《李敖有种：活着你就得有种》《李敖有趣：活着你就得有趣》《李敖有料：活着你就得有料》。这套书主要面向年轻人重新编录，围绕“不信邪”“有情趣”“拼实力”三个主题；专题摘出李敖关于年轻人大脑要起飞、分手要趁早、消灭负能量等说法，作为他晚年把旧文章重新包装给年轻读者的出版节点。","李敖、宋涛涛","中国大陆","半岛都市报、混世宝典、李敖有种、李敖有趣、李敖有料、年轻人","出版线、媒体线、晚年线","李敖访谈录1990-2018、李敖有种：活着你就得有种、李敖有趣：活着你就得有趣、李敖有料：活着你就得有料","book8-2012-publishes-only-selected-works-in-mainland","李敖访谈录1990-2018","068.20140616《半岛都市报》李敖专题","3","《大李敖全集5.0》（wjm_tcy版）分章节/007.采访序跋类/005.李敖访谈录1990-2018/068.20140616《半岛都市报》李敖专题.txt","","[]","data/timeline-events-li-ao-fangtanlu-1990-2018.json","li-ao-fangtanlu-2014-06-16-bandao-hunshi-baodian-trilogy","{""id"":""li-ao-fangtanlu-2014-06-16-bandao-hunshi-baodian-trilogy"",""date"":""2014-06-16"",""displayDate"":""2014年6月16日"",""datePrecision"":""day"",""title"":""《半岛都市报》刊出李敖“混世宝典”三部曲专题"",""summary"":""《半岛都市报》专题称，80岁的李敖近日再出“混世宝典”三部曲：《李敖有种：活着你就得有种》《李敖有趣：活着你就得有趣》《李敖有料：活着你就得有料》。这套书主要面向年轻人重新编录，围绕“不信邪”“有情趣”“拼实力”三个主题；专题摘出李敖关于年轻人大脑要起飞、分手要趁早、消灭负能量等说法，作为他晚年把旧文章重新包装给年轻读者的出版节点。"",""category"":""publication"",""type"":""李敖当事人事件"",""source"":{""book"":""李敖访谈录1990-2018"",""chapter"":""068.20140616《半岛都市报》李敖专题"",""path"":""《大李敖全集5.0》（wjm_tcy版）分章节/007.采访序跋类/005.李敖访谈录1990-2018/068.20140616《半岛都市报》李敖专题.txt"",""line"":3,""lines"":[3,9,11,13,19,21,27,29,35,37],""note"":""《半岛都市报》专题记录李敖“混世宝典”三部曲近日出版、面向年轻人和三大主题。""},""certainty"":""confirmed"",""tags"":[""半岛都市报"",""混世宝典"",""李敖有种"",""李敖有趣"",""李敖有料"",""年轻人""],""people"":[""李敖"",""宋涛涛""],""places"":[""中国大陆""],""works"":[""李敖访谈录1990-2018"",""李敖有种：活着你就得有种"",""李敖有趣：活着你就得有趣"",""李敖有料：活着你就得有料""],""view"":[""出版线"",""媒体线"",""晚年线""],""crossReferences"":[""book8-2012-publishes-only-selected-works-in-mainland""],""dataFile"":""data/timeline-events-li-ao-fangtanlu-1990-2018.json""}"
"25425","2014","2014-06-21","2014年6月21日星期六","day","confirmed","李敖接受三立电视台一个半小时专访","《2014年6月》写，绿色的三立电视台为收视率破格邀请李敖做专访；李敖在一个半小时中“言人所不敢言”，谈台湾与祖国六十五年来政策疏离等问题。","李敖","台湾","虽千万人，李敖往矣、三立电视台、专访、一个半小时、台湾","媒体线、电视线、政治线","虽千万人，李敖往矣、三立电视台专访","","虽千万人，李敖往矣","024.2014年6月","121","《大李敖全集5.0》（wjm_tcy版）分章节/005.诗集语录类/005.虽千万人，李敖往矣/024.2014年6月.txt","","[]","data/timeline-events-sui-qianwan-li-ao-wangyi.json","sui-qianwan-2014-06-21-does-90-minute-sanlih-tv-interview","{""id"":""sui-qianwan-2014-06-21-does-90-minute-sanlih-tv-interview"",""date"":""2014-06-21"",""displayDate"":""2014年6月21日星期六"",""datePrecision"":""day"",""title"":""李敖接受三立电视台一个半小时专访"",""summary"":""《2014年6月》写，绿色的三立电视台为收视率破格邀请李敖做专访；李敖在一个半小时中“言人所不敢言”，谈台湾与祖国六十五年来政策疏离等问题。"",""view"":[""媒体线"",""电视线"",""政治线""],""tags"":[""虽千万人，李敖往矣"",""三立电视台"",""专访"",""一个半小时"",""台湾""],""people"":[""李敖""],""places"":[""台湾""],""works"":[""虽千万人，李敖往矣"",""三立电视台专访""],""certainty"":""confirmed"",""source"":{""book"":""虽千万人，李敖往矣"",""chapter"":""024.2014年6月"",""path"":""《大李敖全集5.0》（wjm_tcy版）分章节/005.诗集语录类/005.虽千万人，李敖往矣/024.2014年6月.txt"",""line"":121},""dataFile"":""data/timeline-events-sui-qianwan-li-ao-wangyi.json""}"
"25426","2014","2014-07-04","2014年7月4日星期五","day","confirmed","李敖决定应江迅之邀参加香港书展发表会","《2014年7月》写，李敖没有进北京参加李戡北大毕业典礼，但7月中香港书展有李戡新书《国民党员毛泽东》上市，他决定应《亚洲周刊》江迅之邀，参加发表会。","李敖、李戡、江迅","香港、北京、台湾","虽千万人，李敖往矣、香港书展、李戡、国民党员毛泽东、亚洲周刊、江迅","演讲线、家庭线、香港线","虽千万人，李敖往矣、国民党员毛泽东、亚洲周刊","book8-2014-07-16-speaks-with-li-kan-at-hong-kong-book-fair","虽千万人，李敖往矣","025.2014年7月","25","《大李敖全集5.0》（wjm_tcy版）分章节/005.诗集语录类/005.虽千万人，李敖往矣/025.2014年7月.txt","李敖访谈录1990-2018 / 069.20140728《澎湃新闻网》李敖、李戡专题 / line 5 / 说明：《澎湃新闻网》专题补充7月16日李戡在香港出席书展活动，推出关于国共合作历史的新书。 / 《大李敖全集5.0》（wjm_tcy版）分章节/007.采访序跋类/005.李敖访谈录1990-2018/069.20140728《澎湃新闻网》李敖、李戡专题.txt","[{""book"":""李敖访谈录1990-2018"",""chapter"":""069.20140728《澎湃新闻网》李敖、李戡专题"",""path"":""《大李敖全集5.0》（wjm_tcy版）分章节/007.采访序跋类/005.李敖访谈录1990-2018/069.20140728《澎湃新闻网》李敖、李戡专题.txt"",""line"":5,""lines"":[5,7,11],""note"":""《澎湃新闻网》专题补充7月16日李戡在香港出席书展活动，推出关于国共合作历史的新书。""}]","data/timeline-events-sui-qianwan-li-ao-wangyi.json","sui-qianwan-2014-07-04-decides-to-attend-li-kan-book-event-at-hong-kong-book-fair","{""id"":""sui-qianwan-2014-07-04-decides-to-attend-li-kan-book-event-at-hong-kong-book-fair"",""date"":""2014-07-04"",""displayDate"":""2014年7月4日星期五"",""datePrecision"":""day"",""title"":""李敖决定应江迅之邀参加香港书展发表会"",""summary"":""《2014年7月》写，李敖没有进北京参加李戡北大毕业典礼，但7月中香港书展有李戡新书《国民党员毛泽东》上市，他决定应《亚洲周刊》江迅之邀，参加发表会。"",""view"":[""演讲线"",""家庭线"",""香港线""],""tags"":[""虽千万人，李敖往矣"",""香港书展"",""李戡"",""国民党员毛泽东"",""亚洲周刊"",""江迅""],""people"":[""李敖"",""李戡"",""江迅""],""places"":[""香港"",""北京"",""台湾""],""works"":[""虽千万人，李敖往矣"",""国民党员毛泽东"",""亚洲周刊""],""certainty"":""confirmed"",""source"":{""book"":""虽千万人，李敖往矣"",""chapter"":""025.2014年7月"",""path"":""《大李敖全集5.0》（wjm_tcy版）分章节/005.诗集语录类/005.虽千万人，李敖往矣/025.2014年7月.txt"",""line"":25},""crossReferences"":[""book8-2014-07-16-speaks-with-li-kan-at-hong-kong-book-fair""],""additionalSources"":[{""book"":""李敖访谈录1990-2018"",""chapter"":""069.20140728《澎湃新闻网》李敖、李戡专题"",""path"":""《大李敖全集5.0》（wjm_tcy版）分章节/007.采访序跋类/005.李敖访谈录1990-2018/069.20140728《澎湃新闻网》李敖、李戡专题.txt"",""line"":5,""lines"":[5,7,11],""note"":""《澎湃新闻网》专题补充7月16日李戡在香港出席书展活动，推出关于国共合作历史的新书。""}],""dataFile"":""data/timeline-events-sui-qianwan-li-ao-wangyi.json""}"
"25427","2014","2014-07-12","2014年7月12日星期六","day","confirmed","李敖记录李戡《国民党员毛泽东》在香港上市","《2014年7月》写，李戡新书《国民党员毛泽东》在香港上市；李敖称这本书不仅发掘历史，也发掘早年共产党所信念、所坚守的道德。","李敖、李戡、毛泽东","香港","虽千万人，李敖往矣、李戡、国民党员毛泽东、香港上市、出版","出版线、家庭线、香港线","虽千万人，李敖往矣、国民党员毛泽东","sui-qianwan-2014-06-15-li-kan-kmt-member-mao-to-debut-at-hong-kong-book-fair","虽千万人，李敖往矣","025.2014年7月","73","《大李敖全集5.0》（wjm_tcy版）分章节/005.诗集语录类/005.虽千万人，李敖往矣/025.2014年7月.txt","李敖访谈录1990-2018 / 069.20140728《澎湃新闻网》李敖、李戡专题 / line 45 / 说明：《澎湃新闻网》专题补充《国民党员毛泽东》的史料来源、香港出版状态和李敖收藏文献的作用。 / 《大李敖全集5.0》（wjm_tcy版）分章节/007.采访序跋类/005.李敖访谈录1990-2018/069.20140728《澎湃新闻网》李敖、李戡专题.txt","[{""book"":""李敖访谈录1990-2018"",""chapter"":""069.20140728《澎湃新闻网》李敖、李戡专题"",""path"":""《大李敖全集5.0》（wjm_tcy版）分章节/007.采访序跋类/005.李敖访谈录1990-2018/069.20140728《澎湃新闻网》李敖、李戡专题.txt"",""line"":45,""lines"":[45,47,49,91],""note"":""《澎湃新闻网》专题补充《国民党员毛泽东》的史料来源、香港出版状态和李敖收藏文献的作用。""}]","data/timeline-events-sui-qianwan-li-ao-wangyi.json","sui-qianwan-2014-07-12-records-li-kan-kmt-member-mao-listed-in-hong-kong","{""id"":""sui-qianwan-2014-07-12-records-li-kan-kmt-member-mao-listed-in-hong-kong"",""date"":""2014-07-12"",""displayDate"":""2014年7月12日星期六"",""datePrecision"":""day"",""title"":""李敖记录李戡《国民党员毛泽东》在香港上市"",""summary"":""《2014年7月》写，李戡新书《国民党员毛泽东》在香港上市；李敖称这本书不仅发掘历史，也发掘早年共产党所信念、所坚守的道德。"",""view"":[""出版线"",""家庭线"",""香港线""],""tags"":[""虽千万人，李敖往矣"",""李戡"",""国民党员毛泽东"",""香港上市"",""出版""],""people"":[""李敖"",""李戡"",""毛泽东""],""places"":[""香港""],""works"":[""虽千万人，李敖往矣"",""国民党员毛泽东""],""certainty"":""confirmed"",""source"":{""book"":""虽千万人，李敖往矣"",""chapter"":""025.2014年7月"",""path"":""《大李敖全集5.0》（wjm_tcy版）分章节/005.诗集语录类/005.虽千万人，李敖往矣/025.2014年7月.txt"",""line"":73},""crossReferences"":[""sui-qianwan-2014-06-15-li-kan-kmt-member-mao-to-debut-at-hong-kong-book-fair""],""additionalSources"":[{""book"":""李敖访谈录1990-2018"",""chapter"":""069.20140728《澎湃新闻网》李敖、李戡专题"",""path"":""《大李敖全集5.0》（wjm_tcy版）分章节/007.采访序跋类/005.李敖访谈录1990-2018/069.20140728《澎湃新闻网》李敖、李戡专题.txt"",""line"":45,""lines"":[45,47,49,91],""note"":""《澎湃新闻网》专题补充《国民党员毛泽东》的史料来源、香港出版状态和李敖收藏文献的作用。""}],""dataFile"":""data/timeline-events-sui-qianwan-li-ao-wangyi.json""}"
"25428","2014","2014-07-16","2014年7月16日","day","confirmed","李敖在香港书展父子对谈中以有警察笑话开场","李敖出席香港书展《国民党员毛泽东》父子对谈，马家辉问他会不会粤语粗话时，他用“有警察”作现场笑话。","李敖、马家辉、李戡","香港","李敖演讲集、演讲、香港书展、国民党员毛泽东、父子对谈、现场笑话、马家辉","演讲线、公共事件线","李敖演讲集、052.20140716李敖香港书展演讲、国民党员毛泽东","","李敖演讲集","052.20140716李敖香港书展演讲","13","《大李敖全集5.0》（wjm_tcy版）分章节/010.节目演讲类/011.李敖演讲集/052.20140716李敖香港书展演讲.txt","","[]","data/timeline-events-li-ao-yanjiangji.json","li-ao-yanjiangji-052-opens-hong-kong-book-fair-talk-with-police-joke","{""id"":""li-ao-yanjiangji-052-opens-hong-kong-book-fair-talk-with-police-joke"",""date"":""2014-07-16"",""displayDate"":""2014年7月16日"",""datePrecision"":""day"",""title"":""李敖在香港书展父子对谈中以有警察笑话开场"",""summary"":""李敖出席香港书展《国民党员毛泽东》父子对谈，马家辉问他会不会粤语粗话时，他用“有警察”作现场笑话。"",""view"":[""演讲线"",""公共事件线""],""tags"":[""李敖演讲集"",""演讲"",""香港书展"",""国民党员毛泽东"",""父子对谈"",""现场笑话"",""马家辉""],""people"":[""李敖"",""马家辉"",""李戡""],""places"":[""香港""],""works"":[""李敖演讲集"",""052.20140716李敖香港书展演讲"",""国民党员毛泽东""],""certainty"":""confirmed"",""source"":{""book"":""李敖演讲集"",""chapter"":""052.20140716李敖香港书展演讲"",""path"":""《大李敖全集5.0》（wjm_tcy版）分章节/010.节目演讲类/011.李敖演讲集/052.20140716李敖香港书展演讲.txt"",""line"":13,""lines"":[13]},""crossReferences"":[],""dataFile"":""data/timeline-events-li-ao-yanjiangji.json""}"
"25429","2014","2014-07-16","2014年7月16日","day","confirmed","李敖在香港书展以佛朗哥说明坏统治者也能保护国家利益","李敖举佛朗哥为例，说他不是好人，却让西班牙没有跟希特勒、墨索里尼一起参战，从国家利益角度有其作用。","李敖、佛朗哥、希特勒、墨索里尼","香港","李敖演讲集、演讲、香港书展、国民党员毛泽东、父子对谈、佛朗哥、西班牙、国家利益、第二次世界大战","演讲线、公共事件线","李敖演讲集、052.20140716李敖香港书展演讲","","李敖演讲集","052.20140716李敖香港书展演讲","61","《大李敖全集5.0》（wjm_tcy版）分章节/010.节目演讲类/011.李敖演讲集/052.20140716李敖香港书展演讲.txt","","[]","data/timeline-events-li-ao-yanjiangji.json","li-ao-yanjiangji-052-uses-franco-as-bad-ruler-who-kept-spain-out-of-war","{""id"":""li-ao-yanjiangji-052-uses-franco-as-bad-ruler-who-kept-spain-out-of-war"",""date"":""2014-07-16"",""displayDate"":""2014年7月16日"",""datePrecision"":""day"",""title"":""李敖在香港书展以佛朗哥说明坏统治者也能保护国家利益"",""summary"":""李敖举佛朗哥为例，说他不是好人，却让西班牙没有跟希特勒、墨索里尼一起参战，从国家利益角度有其作用。"",""view"":[""演讲线"",""公共事件线""],""tags"":[""李敖演讲集"",""演讲"",""香港书展"",""国民党员毛泽东"",""父子对谈"",""佛朗哥"",""西班牙"",""国家利益"",""第二次世界大战""],""people"":[""李敖"",""佛朗哥"",""希特勒"",""墨索里尼""],""places"":[""香港""],""works"":[""李敖演讲集"",""052.20140716李敖香港书展演讲""],""certainty"":""confirmed"",""source"":{""book"":""李敖演讲集"",""chapter"":""052.20140716李敖香港书展演讲"",""path"":""《大李敖全集5.0》（wjm_tcy版）分章节/010.节目演讲类/011.李敖演讲集/052.20140716李敖香港书展演讲.txt"",""line"":61,""lines"":[61]},""crossReferences"":[],""dataFile"":""data/timeline-events-li-ao-yanjiangji.json""}"
"25430","2014","2014-07-16","2014年7月16日","day","confirmed","李敖在香港书展用女儿李文和控告小布什说明人民可以告国家领袖","李敖谈北京出生的女儿李文时说，她作为美国人有花明天钱和别人钱的观念；他又提到自己曾和她一起告小布什，展示人民可以告国家领袖。","李敖、李文、乔治·W·布什","香港、美国","李敖演讲集、演讲、香港书展、国民党员毛泽东、父子对谈、李文、小布什、诉讼、美国","演讲线、公共事件线","李敖演讲集、052.20140716李敖香港书展演讲","","李敖演讲集","052.20140716李敖香港书展演讲","139","《大李敖全集5.0》（wjm_tcy版）分章节/010.节目演讲类/011.李敖演讲集/052.20140716李敖香港书展演讲.txt","","[]","data/timeline-events-li-ao-yanjiangji.json","li-ao-yanjiangji-052-uses-daughter-li-wen-and-bush-lawsuit-to-show-suing-leaders","{""id"":""li-ao-yanjiangji-052-uses-daughter-li-wen-and-bush-lawsuit-to-show-suing-leaders"",""date"":""2014-07-16"",""displayDate"":""2014年7月16日"",""datePrecision"":""day"",""title"":""李敖在香港书展用女儿李文和控告小布什说明人民可以告国家领袖"",""summary"":""李敖谈北京出生的女儿李文时说，她作为美国人有花明天钱和别人钱的观念；他又提到自己曾和她一起告小布什，展示人民可以告国家领袖。"",""view"":[""演讲线"",""公共事件线""],""tags"":[""李敖演讲集"",""演讲"",""香港书展"",""国民党员毛泽东"",""父子对谈"",""李文"",""小布什"",""诉讼"",""美国""],""people"":[""李敖"",""李文"",""乔治·W·布什""],""places"":[""香港"",""美国""],""works"":[""李敖演讲集"",""052.20140716李敖香港书展演讲""],""certainty"":""confirmed"",""source"":{""book"":""李敖演讲集"",""chapter"":""052.20140716李敖香港书展演讲"",""path"":""《大李敖全集5.0》（wjm_tcy版）分章节/010.节目演讲类/011.李敖演讲集/052.20140716李敖香港书展演讲.txt"",""line"":139,""lines"":[139]},""crossReferences"":[],""dataFile"":""data/timeline-events-li-ao-yanjiangji.json""}"
"25431","2014","2014-07-16","2014年7月16日","day","confirmed","李敖在香港书展用中共创党者和毛家牺牲解释毛泽东的残酷逻辑","李敖说中共十三个创党者后来十一人被消灭，毛泽东家中也有多人为革命死亡，因此他可能形成了牺牲别人也不在乎的政治逻辑。","李敖、毛泽东","香港","李敖演讲集、演讲、香港书展、国民党员毛泽东、父子对谈、毛泽东、中共创党、牺牲、政治残酷","演讲线、公共事件线","李敖演讲集、052.20140716李敖香港书展演讲","li-ao-yanjiangji-046-balances-ccp-life-expectancy-achievement-with-book-bans","李敖演讲集","052.20140716李敖香港书展演讲","63","《大李敖全集5.0》（wjm_tcy版）分章节/010.节目演讲类/011.李敖演讲集/052.20140716李敖香港书展演讲.txt","","[]","data/timeline-events-li-ao-yanjiangji.json","li-ao-yanjiangji-052-reads-mao-through-ccp-founders-and-family-sacrifice","{""id"":""li-ao-yanjiangji-052-reads-mao-through-ccp-founders-and-family-sacrifice"",""date"":""2014-07-16"",""displayDate"":""2014年7月16日"",""datePrecision"":""day"",""title"":""李敖在香港书展用中共创党者和毛家牺牲解释毛泽东的残酷逻辑"",""summary"":""李敖说中共十三个创党者后来十一人被消灭，毛泽东家中也有多人为革命死亡，因此他可能形成了牺牲别人也不在乎的政治逻辑。"",""view"":[""演讲线"",""公共事件线""],""tags"":[""李敖演讲集"",""演讲"",""香港书展"",""国民党员毛泽东"",""父子对谈"",""毛泽东"",""中共创党"",""牺牲"",""政治残酷""],""people"":[""李敖"",""毛泽东""],""places"":[""香港""],""works"":[""李敖演讲集"",""052.20140716李敖香港书展演讲""],""certainty"":""confirmed"",""source"":{""book"":""李敖演讲集"",""chapter"":""052.20140716李敖香港书展演讲"",""path"":""《大李敖全集5.0》（wjm_tcy版）分章节/010.节目演讲类/011.李敖演讲集/052.20140716李敖香港书展演讲.txt"",""line"":63,""lines"":[63]},""crossReferences"":[""li-ao-yanjiangji-046-balances-ccp-life-expectancy-achievement-with-book-bans""],""dataFile"":""data/timeline-events-li-ao-yanjiangji.json""}"
"25432","2014","2014-07-16","2014年7月16日","day","confirmed","李敖在香港书展用杨衢云纠正孙中山檀香山兴中会叙事","李敖说关于孙中山在檀香山成立兴中会的历史有假，真正较早的革命组织在香港，由杨衢云领导，而杨衢云后来被遗忘在跑马地坟场。","李敖、杨衢云、孙中山","香港","李敖演讲集、演讲、香港书展、国民党员毛泽东、父子对谈、杨衢云、孙中山、兴中会、香港史、跑马地","演讲线、公共事件线","李敖演讲集、052.20140716李敖香港书展演讲","li-ao-yanjiangji-050-uses-yang-quyun-and-treaty-of-nanking-to-reread-hong-kong-history、li-ao-youhua-shuo-616-shows-yang-quyun-photo-and-john-the-baptist-analogy","李敖演讲集","052.20140716李敖香港书展演讲","53","《大李敖全集5.0》（wjm_tcy版）分章节/010.节目演讲类/011.李敖演讲集/052.20140716李敖香港书展演讲.txt","","[]","data/timeline-events-li-ao-yanjiangji.json","li-ao-yanjiangji-052-restores-yang-quyun-before-sun-yatsen-honolulu-myth","{""id"":""li-ao-yanjiangji-052-restores-yang-quyun-before-sun-yatsen-honolulu-myth"",""date"":""2014-07-16"",""displayDate"":""2014年7月16日"",""datePrecision"":""day"",""title"":""李敖在香港书展用杨衢云纠正孙中山檀香山兴中会叙事"",""summary"":""李敖说关于孙中山在檀香山成立兴中会的历史有假，真正较早的革命组织在香港，由杨衢云领导，而杨衢云后来被遗忘在跑马地坟场。"",""view"":[""演讲线"",""公共事件线""],""tags"":[""李敖演讲集"",""演讲"",""香港书展"",""国民党员毛泽东"",""父子对谈"",""杨衢云"",""孙中山"",""兴中会"",""香港史"",""跑马地""],""people"":[""李敖"",""杨衢云"",""孙中山""],""places"":[""香港""],""works"":[""李敖演讲集"",""052.20140716李敖香港书展演讲""],""certainty"":""confirmed"",""source"":{""book"":""李敖演讲集"",""chapter"":""052.20140716李敖香港书展演讲"",""path"":""《大李敖全集5.0》（wjm_tcy版）分章节/010.节目演讲类/011.李敖演讲集/052.20140716李敖香港书展演讲.txt"",""line"":53,""lines"":[53]},""crossReferences"":[""li-ao-yanjiangji-050-uses-yang-quyun-and-treaty-of-nanking-to-reread-hong-kong-history"",""li-ao-youhua-shuo-616-shows-yang-quyun-photo-and-john-the-baptist-analogy""],""dataFile"":""data/timeline-events-li-ao-yanjiangji.json""}"
"25433","2014","2014-07-16","2014年7月16日","day","confirmed","李敖在香港书展用武三思标准戏说好人与坏人","李敖引用武三思的逻辑说，称赞我的就是好人，批评我的就是坏人，借此把好坏判断化成政治讽刺。","李敖、武三思","香港","李敖演讲集、演讲、香港书展、国民党员毛泽东、父子对谈、武三思、好坏判断、政治讽刺","演讲线、公共事件线","李敖演讲集、052.20140716李敖香港书展演讲","","李敖演讲集","052.20140716李敖香港书展演讲","129","《大李敖全集5.0》（wjm_tcy版）分章节/010.节目演讲类/011.李敖演讲集/052.20140716李敖香港书展演讲.txt","","[]","data/timeline-events-li-ao-yanjiangji.json","li-ao-yanjiangji-052-defines-good-and-bad-with-wu-sansi-praise-rule","{""id"":""li-ao-yanjiangji-052-defines-good-and-bad-with-wu-sansi-praise-rule"",""date"":""2014-07-16"",""displayDate"":""2014年7月16日"",""datePrecision"":""day"",""title"":""李敖在香港书展用武三思标准戏说好人与坏人"",""summary"":""李敖引用武三思的逻辑说，称赞我的就是好人，批评我的就是坏人，借此把好坏判断化成政治讽刺。"",""view"":[""演讲线"",""公共事件线""],""tags"":[""李敖演讲集"",""演讲"",""香港书展"",""国民党员毛泽东"",""父子对谈"",""武三思"",""好坏判断"",""政治讽刺""],""people"":[""李敖"",""武三思""],""places"":[""香港""],""works"":[""李敖演讲集"",""052.20140716李敖香港书展演讲""],""certainty"":""confirmed"",""source"":{""book"":""李敖演讲集"",""chapter"":""052.20140716李敖香港书展演讲"",""path"":""《大李敖全集5.0》（wjm_tcy版）分章节/010.节目演讲类/011.李敖演讲集/052.20140716李敖香港书展演讲.txt"",""line"":129,""lines"":[129]},""crossReferences"":[],""dataFile"":""data/timeline-events-li-ao-yanjiangji.json""}"
"25434","2014","2014-07-16","2014年7月16日","day","confirmed","李敖在香港书展用罗素命题说明坏统治者也可能做好国家事情","李敖说左右两边的政治人物很少是好人，并借罗素“为什么坏人胜利”的问题说明，坏统治者仍可能做出对国家有利的事情。","李敖、罗素","香港","李敖演讲集、演讲、香港书展、国民党员毛泽东、父子对谈、政治判断、罗素、坏人胜利、统治者","演讲线、公共事件线","李敖演讲集、052.20140716李敖香港书展演讲","","李敖演讲集","052.20140716李敖香港书展演讲","59","《大李敖全集5.0》（wjm_tcy版）分章节/010.节目演讲类/011.李敖演讲集/052.20140716李敖香港书展演讲.txt","","[]","data/timeline-events-li-ao-yanjiangji.json","li-ao-yanjiangji-052-says-bad-rulers-can-still-do-good-national-things","{""id"":""li-ao-yanjiangji-052-says-bad-rulers-can-still-do-good-national-things"",""date"":""2014-07-16"",""displayDate"":""2014年7月16日"",""datePrecision"":""day"",""title"":""李敖在香港书展用罗素命题说明坏统治者也可能做好国家事情"",""summary"":""李敖说左右两边的政治人物很少是好人，并借罗素“为什么坏人胜利”的问题说明，坏统治者仍可能做出对国家有利的事情。"",""view"":[""演讲线"",""公共事件线""],""tags"":[""李敖演讲集"",""演讲"",""香港书展"",""国民党员毛泽东"",""父子对谈"",""政治判断"",""罗素"",""坏人胜利"",""统治者""],""people"":[""李敖"",""罗素""],""places"":[""香港""],""works"":[""李敖演讲集"",""052.20140716李敖香港书展演讲""],""certainty"":""confirmed"",""source"":{""book"":""李敖演讲集"",""chapter"":""052.20140716李敖香港书展演讲"",""path"":""《大李敖全集5.0》（wjm_tcy版）分章节/010.节目演讲类/011.李敖演讲集/052.20140716李敖香港书展演讲.txt"",""line"":59,""lines"":[59]},""crossReferences"":[],""dataFile"":""data/timeline-events-li-ao-yanjiangji.json""}"
"25435","2014","2014-07-16","2014年7月16日","day","confirmed","李敖在香港书展用逃港游泳和阿拉斯加说明个人选择与国家眼光不同","李敖从有人游泳逃到香港谈到个人眼前选择，又以美国买阿拉斯加说明政治眼光常常超出个人即时感受。","李敖","香港、阿拉斯加","李敖演讲集、演讲、香港书展、国民党员毛泽东、父子对谈、逃港、阿拉斯加、国家眼光、个人选择","演讲线、公共事件线","李敖演讲集、052.20140716李敖香港书展演讲","","李敖演讲集","052.20140716李敖香港书展演讲","103","《大李敖全集5.0》（wjm_tcy版）分章节/010.节目演讲类/011.李敖演讲集/052.20140716李敖香港书展演讲.txt","","[]","data/timeline-events-li-ao-yanjiangji.json","li-ao-yanjiangji-052-uses-swimming-to-hong-kong-and-alaska-to-contrast-individual-and-state","{""id"":""li-ao-yanjiangji-052-uses-swimming-to-hong-kong-and-alaska-to-contrast-individual-and-state"",""date"":""2014-07-16"",""displayDate"":""2014年7月16日"",""datePrecision"":""day"",""title"":""李敖在香港书展用逃港游泳和阿拉斯加说明个人选择与国家眼光不同"",""summary"":""李敖从有人游泳逃到香港谈到个人眼前选择，又以美国买阿拉斯加说明政治眼光常常超出个人即时感受。"",""view"":[""演讲线"",""公共事件线""],""tags"":[""李敖演讲集"",""演讲"",""香港书展"",""国民党员毛泽东"",""父子对谈"",""逃港"",""阿拉斯加"",""国家眼光"",""个人选择""],""people"":[""李敖""],""places"":[""香港"",""阿拉斯加""],""works"":[""李敖演讲集"",""052.20140716李敖香港书展演讲""],""certainty"":""confirmed"",""source"":{""book"":""李敖演讲集"",""chapter"":""052.20140716李敖香港书展演讲"",""path"":""《大李敖全集5.0》（wjm_tcy版）分章节/010.节目演讲类/011.李敖演讲集/052.20140716李敖香港书展演讲.txt"",""line"":103,""lines"":[103]},""crossReferences"":[],""dataFile"":""data/timeline-events-li-ao-yanjiangji.json""}"
"25436","2014","2014-07-16","2014年7月16日","day","confirmed","李敖在香港书展用高玉树故事提醒中共民选反对派也能被收编","李敖说蒋介石时代面对高玉树这样的民选反对者有办法安置，中共不该笨到只用爱国条件卡特首选举，普通人也不该幼稚。","李敖、高玉树、蒋介石","香港","李敖演讲集、演讲、香港书展、国民党员毛泽东、父子对谈、高玉树、蒋介石、特首选举、反对派","演讲线、公共事件线","李敖演讲集、052.20140716李敖香港书展演讲","","李敖演讲集","052.20140716李敖香港书展演讲","117","《大李敖全集5.0》（wjm_tcy版）分章节/010.节目演讲类/011.李敖演讲集/052.20140716李敖香港书展演讲.txt","","[]","data/timeline-events-li-ao-yanjiangji.json","li-ao-yanjiangji-052-uses-gao-yushu-to-teach-ccp-elected-opponents-can-be-managed","{""id"":""li-ao-yanjiangji-052-uses-gao-yushu-to-teach-ccp-elected-opponents-can-be-managed"",""date"":""2014-07-16"",""displayDate"":""2014年7月16日"",""datePrecision"":""day"",""title"":""李敖在香港书展用高玉树故事提醒中共民选反对派也能被收编"",""summary"":""李敖说蒋介石时代面对高玉树这样的民选反对者有办法安置，中共不该笨到只用爱国条件卡特首选举，普通人也不该幼稚。"",""view"":[""演讲线"",""公共事件线""],""tags"":[""李敖演讲集"",""演讲"",""香港书展"",""国民党员毛泽东"",""父子对谈"",""高玉树"",""蒋介石"",""特首选举"",""反对派""],""people"":[""李敖"",""高玉树"",""蒋介石""],""places"":[""香港""],""works"":[""李敖演讲集"",""052.20140716李敖香港书展演讲""],""certainty"":""confirmed"",""source"":{""book"":""李敖演讲集"",""chapter"":""052.20140716李敖香港书展演讲"",""path"":""《大李敖全集5.0》（wjm_tcy版）分章节/010.节目演讲类/011.李敖演讲集/052.20140716李敖香港书展演讲.txt"",""line"":117,""lines"":[117,119]},""crossReferences"":[],""dataFile"":""data/timeline-events-li-ao-yanjiangji.json""}"
"25437","2014","2014-07-16","2014年7月16日","day","confirmed","李敖在香港书展夸李戡材料掌握快并对照自己的复习记忆法","李敖说李戡能够很快抓住复杂材料，书写得很好；他自己不自称天才，而靠记忆、复习和顾炎武式资料方法。","李敖、李戡、顾炎武","香港","李敖演讲集、演讲、香港书展、国民党员毛泽东、父子对谈、李戡、资料方法、记忆、顾炎武","演讲线、公共事件线","李敖演讲集、052.20140716李敖香港书展演讲、国民党员毛泽东","","李敖演讲集","052.20140716李敖香港书展演讲","137","《大李敖全集5.0》（wjm_tcy版）分章节/010.节目演讲类/011.李敖演讲集/052.20140716李敖香港书展演讲.txt","","[]","data/timeline-events-li-ao-yanjiangji.json","li-ao-yanjiangji-052-praises-li-kan-archive-speed-and-contrasts-own-review-method","{""id"":""li-ao-yanjiangji-052-praises-li-kan-archive-speed-and-contrasts-own-review-method"",""date"":""2014-07-16"",""displayDate"":""2014年7月16日"",""datePrecision"":""day"",""title"":""李敖在香港书展夸李戡材料掌握快并对照自己的复习记忆法"",""summary"":""李敖说李戡能够很快抓住复杂材料，书写得很好；他自己不自称天才，而靠记忆、复习和顾炎武式资料方法。"",""view"":[""演讲线"",""公共事件线""],""tags"":[""李敖演讲集"",""演讲"",""香港书展"",""国民党员毛泽东"",""父子对谈"",""李戡"",""资料方法"",""记忆"",""顾炎武""],""people"":[""李敖"",""李戡"",""顾炎武""],""places"":[""香港""],""works"":[""李敖演讲集"",""052.20140716李敖香港书展演讲"",""国民党员毛泽东""],""certainty"":""confirmed"",""source"":{""book"":""李敖演讲集"",""chapter"":""052.20140716李敖香港书展演讲"",""path"":""《大李敖全集5.0》（wjm_tcy版）分章节/010.节目演讲类/011.李敖演讲集/052.20140716李敖香港书展演讲.txt"",""line"":137,""lines"":[137]},""crossReferences"":[],""dataFile"":""data/timeline-events-li-ao-yanjiangji.json""}"
"25438","2014","2014-07-16","2014年7月16日","day","confirmed","李敖在香港书展说历史研究必须靠档案对抗被冰冻与改写的材料","李敖说他没有鼓励李戡做历史，因为历史需要很强的资料能力，许多材料被冰冻、被改写，不能只凭现成叙述。","李敖、李戡","香港","李敖演讲集、演讲、香港书展、国民党员毛泽东、父子对谈、历史方法、档案、资料、李戡","演讲线、公共事件线","李敖演讲集、052.20140716李敖香港书展演讲","","李敖演讲集","052.20140716李敖香港书展演讲","53","《大李敖全集5.0》（wjm_tcy版）分章节/010.节目演讲类/011.李敖演讲集/052.20140716李敖香港书展演讲.txt","","[]","data/timeline-events-li-ao-yanjiangji.json","li-ao-yanjiangji-052-says-history-needs-archives-because-sources-are-frozen-and-rewritten","{""id"":""li-ao-yanjiangji-052-says-history-needs-archives-because-sources-are-frozen-and-rewritten"",""date"":""2014-07-16"",""displayDate"":""2014年7月16日"",""datePrecision"":""day"",""title"":""李敖在香港书展说历史研究必须靠档案对抗被冰冻与改写的材料"",""summary"":""李敖说他没有鼓励李戡做历史，因为历史需要很强的资料能力，许多材料被冰冻、被改写，不能只凭现成叙述。"",""view"":[""演讲线"",""公共事件线""],""tags"":[""李敖演讲集"",""演讲"",""香港书展"",""国民党员毛泽东"",""父子对谈"",""历史方法"",""档案"",""资料"",""李戡""],""people"":[""李敖"",""李戡""],""places"":[""香港""],""works"":[""李敖演讲集"",""052.20140716李敖香港书展演讲""],""certainty"":""confirmed"",""source"":{""book"":""李敖演讲集"",""chapter"":""052.20140716李敖香港书展演讲"",""path"":""《大李敖全集5.0》（wjm_tcy版）分章节/010.节目演讲类/011.李敖演讲集/052.20140716李敖香港书展演讲.txt"",""line"":53,""lines"":[53]},""crossReferences"":[],""dataFile"":""data/timeline-events-li-ao-yanjiangji.json""}"
"25439","2014","2014-07-16","2014年7月16日","day","confirmed","李敖在香港书展说他让李戡凭《李戡戡乱记》经验进入档案","李敖说他告诉李戡要进档案，李戡在写《李戡戡乱记》时已经学会资料处理，所以能把档案型写作做起来。","李敖、李戡","香港","李敖演讲集、演讲、香港书展、国民党员毛泽东、父子对谈、李戡、档案、李戡戡乱记","演讲线、公共事件线","李敖演讲集、052.20140716李敖香港书展演讲、李戡戡乱记、国民党员毛泽东","","李敖演讲集","052.20140716李敖香港书展演讲","55","《大李敖全集5.0》（wjm_tcy版）分章节/010.节目演讲类/011.李敖演讲集/052.20140716李敖香港书展演讲.txt","","[]","data/timeline-events-li-ao-yanjiangji.json","li-ao-yanjiangji-052-tells-li-kan-to-enter-archives-from-likan-kanluanji-skill","{""id"":""li-ao-yanjiangji-052-tells-li-kan-to-enter-archives-from-likan-kanluanji-skill"",""date"":""2014-07-16"",""displayDate"":""2014年7月16日"",""datePrecision"":""day"",""title"":""李敖在香港书展说他让李戡凭《李戡戡乱记》经验进入档案"",""summary"":""李敖说他告诉李戡要进档案，李戡在写《李戡戡乱记》时已经学会资料处理，所以能把档案型写作做起来。"",""view"":[""演讲线"",""公共事件线""],""tags"":[""李敖演讲集"",""演讲"",""香港书展"",""国民党员毛泽东"",""父子对谈"",""李戡"",""档案"",""李戡戡乱记""],""people"":[""李敖"",""李戡""],""places"":[""香港""],""works"":[""李敖演讲集"",""052.20140716李敖香港书展演讲"",""李戡戡乱记"",""国民党员毛泽东""],""certainty"":""confirmed"",""source"":{""book"":""李敖演讲集"",""chapter"":""052.20140716李敖香港书展演讲"",""path"":""《大李敖全集5.0》（wjm_tcy版）分章节/010.节目演讲类/011.李敖演讲集/052.20140716李敖香港书展演讲.txt"",""line"":55,""lines"":[55]},""crossReferences"":[],""dataFile"":""data/timeline-events-li-ao-yanjiangji.json""}"
"25440","2014","2014-07-16","2014年7月16日","day","confirmed","李敖在香港书展说占中会伤害香港繁荣并让深圳上海取代香港","李敖说占中伤害香港繁荣，而共产党早已制造深圳这个假香港和上海这个替代香港，香港走错路会让自身优势流失。","李敖","香港、深圳、上海","李敖演讲集、演讲、香港书展、国民党员毛泽东、父子对谈、占中、香港繁荣、深圳、上海","演讲线、公共事件线","李敖演讲集、052.20140716李敖香港书展演讲","","李敖演讲集","052.20140716李敖香港书展演讲","113","《大李敖全集5.0》（wjm_tcy版）分章节/010.节目演讲类/011.李敖演讲集/052.20140716李敖香港书展演讲.txt","","[]","data/timeline-events-li-ao-yanjiangji.json","li-ao-yanjiangji-052-warns-occupy-central-damages-hong-kong-prosperity","{""id"":""li-ao-yanjiangji-052-warns-occupy-central-damages-hong-kong-prosperity"",""date"":""2014-07-16"",""displayDate"":""2014年7月16日"",""datePrecision"":""day"",""title"":""李敖在香港书展说占中会伤害香港繁荣并让深圳上海取代香港"",""summary"":""李敖说占中伤害香港繁荣，而共产党早已制造深圳这个假香港和上海这个替代香港，香港走错路会让自身优势流失。"",""view"":[""演讲线"",""公共事件线""],""tags"":[""李敖演讲集"",""演讲"",""香港书展"",""国民党员毛泽东"",""父子对谈"",""占中"",""香港繁荣"",""深圳"",""上海""],""people"":[""李敖""],""places"":[""香港"",""深圳"",""上海""],""works"":[""李敖演讲集"",""052.20140716李敖香港书展演讲""],""certainty"":""confirmed"",""source"":{""book"":""李敖演讲集"",""chapter"":""052.20140716李敖香港书展演讲"",""path"":""《大李敖全集5.0》（wjm_tcy版）分章节/010.节目演讲类/011.李敖演讲集/052.20140716李敖香港书展演讲.txt"",""line"":113,""lines"":[113]},""crossReferences"":[],""dataFile"":""data/timeline-events-li-ao-yanjiangji.json""}"
"25441","2014","2014-07-16","2014年7月16日","day","confirmed","李敖在香港书展说占中式民主不是香港的答案","李敖说英国给香港法律、自由和繁荣却没有民主，而民主常只是把担子从一个肩膀换到另一个肩膀；占中不能解决香港困局。","李敖、陈方安生","香港","李敖演讲集、演讲、香港书展、国民党员毛泽东、父子对谈、香港民主、占中、英国统治、法律自由","演讲线、公共事件线","李敖演讲集、052.20140716李敖香港书展演讲","","李敖演讲集","052.20140716李敖香港书展演讲","105","《大李敖全集5.0》（wjm_tcy版）分章节/010.节目演讲类/011.李敖演讲集/052.20140716李敖香港书展演讲.txt","","[]","data/timeline-events-li-ao-yanjiangji.json","li-ao-yanjiangji-052-says-democracy-is-empty-shoulder-switch-for-hong-kong","{""id"":""li-ao-yanjiangji-052-says-democracy-is-empty-shoulder-switch-for-hong-kong"",""date"":""2014-07-16"",""displayDate"":""2014年7月16日"",""datePrecision"":""day"",""title"":""李敖在香港书展说占中式民主不是香港的答案"",""summary"":""李敖说英国给香港法律、自由和繁荣却没有民主，而民主常只是把担子从一个肩膀换到另一个肩膀；占中不能解决香港困局。"",""view"":[""演讲线"",""公共事件线""],""tags"":[""李敖演讲集"",""演讲"",""香港书展"",""国民党员毛泽东"",""父子对谈"",""香港民主"",""占中"",""英国统治"",""法律自由""],""people"":[""李敖"",""陈方安生""],""places"":[""香港""],""works"":[""李敖演讲集"",""052.20140716李敖香港书展演讲""],""certainty"":""confirmed"",""source"":{""book"":""李敖演讲集"",""chapter"":""052.20140716李敖香港书展演讲"",""path"":""《大李敖全集5.0》（wjm_tcy版）分章节/010.节目演讲类/011.李敖演讲集/052.20140716李敖香港书展演讲.txt"",""line"":105,""lines"":[105]},""crossReferences"":[],""dataFile"":""data/timeline-events-li-ao-yanjiangji.json""}"
"25442","2014","2014-07-16","2014年7月16日","day","confirmed","李敖在香港书展说自己八十岁并把长寿标准从宋美龄改到邵逸夫","李敖说自己八十岁了，看到蔡同荣健身后去世，也想到张思之仍在八十七岁奔波，于是把长寿标准从宋美龄的一百零六岁改成邵逸夫的一百零七岁。","李敖、蔡同荣、张思之、宋美龄、邵逸夫","香港","李敖演讲集、演讲、香港书展、国民党员毛泽东、父子对谈、八十岁、长寿、蔡同荣、张思之、邵逸夫","演讲线、公共事件线","李敖演讲集、052.20140716李敖香港书展演讲","","李敖演讲集","052.20140716李敖香港书展演讲","37","《大李敖全集5.0》（wjm_tcy版）分章节/010.节目演讲类/011.李敖演讲集/052.20140716李敖香港书展演讲.txt","","[]","data/timeline-events-li-ao-yanjiangji.json","li-ao-yanjiangji-052-marks-age-eighty-and-resets-longevity-standard","{""id"":""li-ao-yanjiangji-052-marks-age-eighty-and-resets-longevity-standard"",""date"":""2014-07-16"",""displayDate"":""2014年7月16日"",""datePrecision"":""day"",""title"":""李敖在香港书展说自己八十岁并把长寿标准从宋美龄改到邵逸夫"",""summary"":""李敖说自己八十岁了，看到蔡同荣健身后去世，也想到张思之仍在八十七岁奔波，于是把长寿标准从宋美龄的一百零六岁改成邵逸夫的一百零七岁。"",""view"":[""演讲线"",""公共事件线""],""tags"":[""李敖演讲集"",""演讲"",""香港书展"",""国民党员毛泽东"",""父子对谈"",""八十岁"",""长寿"",""蔡同荣"",""张思之"",""邵逸夫""],""people"":[""李敖"",""蔡同荣"",""张思之"",""宋美龄"",""邵逸夫""],""places"":[""香港""],""works"":[""李敖演讲集"",""052.20140716李敖香港书展演讲""],""certainty"":""confirmed"",""source"":{""book"":""李敖演讲集"",""chapter"":""052.20140716李敖香港书展演讲"",""path"":""《大李敖全集5.0》（wjm_tcy版）分章节/010.节目演讲类/011.李敖演讲集/052.20140716李敖香港书展演讲.txt"",""line"":37,""lines"":[37]},""crossReferences"":[],""dataFile"":""data/timeline-events-li-ao-yanjiangji.json""}"
"25443","2014","2014-07-16","2014年7月16日","day","confirmed","李敖在香港书展说自己想通过优秀人才入境计划做香港人却被年龄挡下","李敖说他希望通过优秀人才入境计划成为香港人，吴思远帮忙也没有成功，因为香港制度有年龄限制，他借此笑香港小气。","李敖、吴思远","香港","李敖演讲集、演讲、香港书展、国民党员毛泽东、父子对谈、香港身份、优秀人才入境计划、吴思远、年龄限制","演讲线、公共事件线","李敖演讲集、052.20140716李敖香港书展演讲","","李敖演讲集","052.20140716李敖香港书展演讲","67","《大李敖全集5.0》（wjm_tcy版）分章节/010.节目演讲类/011.李敖演讲集/052.20140716李敖香港书展演讲.txt","","[]","data/timeline-events-li-ao-yanjiangji.json","li-ao-yanjiangji-052-fails-quality-migrant-plan-because-of-hong-kong-age-limit","{""id"":""li-ao-yanjiangji-052-fails-quality-migrant-plan-because-of-hong-kong-age-limit"",""date"":""2014-07-16"",""displayDate"":""2014年7月16日"",""datePrecision"":""day"",""title"":""李敖在香港书展说自己想通过优秀人才入境计划做香港人却被年龄挡下"",""summary"":""李敖说他希望通过优秀人才入境计划成为香港人，吴思远帮忙也没有成功，因为香港制度有年龄限制，他借此笑香港小气。"",""view"":[""演讲线"",""公共事件线""],""tags"":[""李敖演讲集"",""演讲"",""香港书展"",""国民党员毛泽东"",""父子对谈"",""香港身份"",""优秀人才入境计划"",""吴思远"",""年龄限制""],""people"":[""李敖"",""吴思远""],""places"":[""香港""],""works"":[""李敖演讲集"",""052.20140716李敖香港书展演讲""],""certainty"":""confirmed"",""source"":{""book"":""李敖演讲集"",""chapter"":""052.20140716李敖香港书展演讲"",""path"":""《大李敖全集5.0》（wjm_tcy版）分章节/010.节目演讲类/011.李敖演讲集/052.20140716李敖香港书展演讲.txt"",""line"":67,""lines"":[67,69,71,73,75]},""crossReferences"":[],""dataFile"":""data/timeline-events-li-ao-yanjiangji.json""}"
"25444","2014","2014-07-16","2014年7月16日","day","confirmed","李敖在香港书展说贪污是制度问题不只是道德问题","李敖谈辽宁号、明代剥皮、刘志军和新加坡高薪养廉，说贪污要从制度比例和约束方式看，不能只当作个人道德问题。","李敖、刘志军","香港、新加坡","李敖演讲集、演讲、香港书展、国民党员毛泽东、父子对谈、贪污、制度、辽宁号、刘志军、新加坡","演讲线、公共事件线","李敖演讲集、052.20140716李敖香港书展演讲","li-ao-yanjiangji-050-says-two-party-politics-is-not-proof-of-democracy-and-corruption-needs-proportion","李敖演讲集","052.20140716李敖香港书展演讲","79","《大李敖全集5.0》（wjm_tcy版）分章节/010.节目演讲类/011.李敖演讲集/052.20140716李敖香港书展演讲.txt","","[]","data/timeline-events-li-ao-yanjiangji.json","li-ao-yanjiangji-052-treats-corruption-as-system-problem-not-moral-problem","{""id"":""li-ao-yanjiangji-052-treats-corruption-as-system-problem-not-moral-problem"",""date"":""2014-07-16"",""displayDate"":""2014年7月16日"",""datePrecision"":""day"",""title"":""李敖在香港书展说贪污是制度问题不只是道德问题"",""summary"":""李敖谈辽宁号、明代剥皮、刘志军和新加坡高薪养廉，说贪污要从制度比例和约束方式看，不能只当作个人道德问题。"",""view"":[""演讲线"",""公共事件线""],""tags"":[""李敖演讲集"",""演讲"",""香港书展"",""国民党员毛泽东"",""父子对谈"",""贪污"",""制度"",""辽宁号"",""刘志军"",""新加坡""],""people"":[""李敖"",""刘志军""],""places"":[""香港"",""新加坡""],""works"":[""李敖演讲集"",""052.20140716李敖香港书展演讲""],""certainty"":""confirmed"",""source"":{""book"":""李敖演讲集"",""chapter"":""052.20140716李敖香港书展演讲"",""path"":""《大李敖全集5.0》（wjm_tcy版）分章节/010.节目演讲类/011.李敖演讲集/052.20140716李敖香港书展演讲.txt"",""line"":79,""lines"":[79]},""crossReferences"":[""li-ao-yanjiangji-050-says-two-party-politics-is-not-proof-of-democracy-and-corruption-needs-proportion""],""dataFile"":""data/timeline-events-li-ao-yanjiangji.json""}"
"25445","2014","2014-07-16","2014年7月16日","day","confirmed","李敖在香港书展说陈水扁做台北市长不错但败选后变坏","李敖说陈水扁做台北市长时不错，却在高满意度下输给军眷和外省票后发生转变，人的失望会让他走向无耻。","李敖、陈水扁","香港","李敖演讲集、演讲、香港书展、国民党员毛泽东、父子对谈、陈水扁、台北市长、族群投票、政治转变","演讲线、公共事件线","李敖演讲集、052.20140716李敖香港书展演讲","","李敖演讲集","052.20140716李敖香港书展演讲","85","《大李敖全集5.0》（wjm_tcy版）分章节/010.节目演讲类/011.李敖演讲集/052.20140716李敖香港书展演讲.txt","","[]","data/timeline-events-li-ao-yanjiangji.json","li-ao-yanjiangji-052-explains-chen-shuibian-shift-through-taipei-mayor-loss","{""id"":""li-ao-yanjiangji-052-explains-chen-shuibian-shift-through-taipei-mayor-loss"",""date"":""2014-07-16"",""displayDate"":""2014年7月16日"",""datePrecision"":""day"",""title"":""李敖在香港书展说陈水扁做台北市长不错但败选后变坏"",""summary"":""李敖说陈水扁做台北市长时不错，却在高满意度下输给军眷和外省票后发生转变，人的失望会让他走向无耻。"",""view"":[""演讲线"",""公共事件线""],""tags"":[""李敖演讲集"",""演讲"",""香港书展"",""国民党员毛泽东"",""父子对谈"",""陈水扁"",""台北市长"",""族群投票"",""政治转变""],""people"":[""李敖"",""陈水扁""],""places"":[""香港""],""works"":[""李敖演讲集"",""052.20140716李敖香港书展演讲""],""certainty"":""confirmed"",""source"":{""book"":""李敖演讲集"",""chapter"":""052.20140716李敖香港书展演讲"",""path"":""《大李敖全集5.0》（wjm_tcy版）分章节/010.节目演讲类/011.李敖演讲集/052.20140716李敖香港书展演讲.txt"",""line"":85,""lines"":[85]},""crossReferences"":[],""dataFile"":""data/timeline-events-li-ao-yanjiangji.json""}"
"25446","2014","2014-07-16","2014年7月16日","day","confirmed","李敖在香港书展说若留在大陆可能不是异议者而是高级情报官","李敖说如果自己当年留在大陆，不一定会成为异议者，也可能成为高级特务或官僚，用另一种方式爱国。","李敖","香港","李敖演讲集、演讲、香港书展、国民党员毛泽东、父子对谈、自我设想、大陆、爱国方式、情报官","演讲线、公共事件线","李敖演讲集、052.20140716李敖香港书展演讲","","李敖演讲集","052.20140716李敖香港书展演讲","101","《大李敖全集5.0》（wjm_tcy版）分章节/010.节目演讲类/011.李敖演讲集/052.20140716李敖香港书展演讲.txt","","[]","data/timeline-events-li-ao-yanjiangji.json","li-ao-yanjiangji-052-imagines-mainland-self-as-spy-official-not-dissident","{""id"":""li-ao-yanjiangji-052-imagines-mainland-self-as-spy-official-not-dissident"",""date"":""2014-07-16"",""displayDate"":""2014年7月16日"",""datePrecision"":""day"",""title"":""李敖在香港书展说若留在大陆可能不是异议者而是高级情报官"",""summary"":""李敖说如果自己当年留在大陆，不一定会成为异议者，也可能成为高级特务或官僚，用另一种方式爱国。"",""view"":[""演讲线"",""公共事件线""],""tags"":[""李敖演讲集"",""演讲"",""香港书展"",""国民党员毛泽东"",""父子对谈"",""自我设想"",""大陆"",""爱国方式"",""情报官""],""people"":[""李敖""],""places"":[""香港""],""works"":[""李敖演讲集"",""052.20140716李敖香港书展演讲""],""certainty"":""confirmed"",""source"":{""book"":""李敖演讲集"",""chapter"":""052.20140716李敖香港书展演讲"",""path"":""《大李敖全集5.0》（wjm_tcy版）分章节/010.节目演讲类/011.李敖演讲集/052.20140716李敖香港书展演讲.txt"",""line"":101,""lines"":[101]},""crossReferences"":[],""dataFile"":""data/timeline-events-li-ao-yanjiangji.json""}"
"25447","2014","2014-07-16","2014年7月16日","day","confirmed","李敖在香港书展说香港老一代接受英国无民主是因为有法律自由和繁荣","李敖谈香港身份时说，老一代香港人在英国统治下没有民主，却有法律、自由和繁荣；他批评后来的香港人欢迎长毛却不欢迎李敖。","李敖、梁国雄","香港","李敖演讲集、演讲、香港书展、国民党员毛泽东、父子对谈、香港身份、法律、自由、繁荣、长毛","演讲线、公共事件线","李敖演讲集、052.20140716李敖香港书展演讲","li-ao-yanjiangji-050-calls-hong-kong-relatively-happiest-and-fulcrum-for-chinese-intellectuals","李敖演讲集","052.20140716李敖香港书展演讲","87","《大李敖全集5.0》（wjm_tcy版）分章节/010.节目演讲类/011.李敖演讲集/052.20140716李敖香港书展演讲.txt","","[]","data/timeline-events-li-ao-yanjiangji.json","li-ao-yanjiangji-052-says-hong-kong-old-generations-valued-law-freedom-prosperity-over-democracy","{""id"":""li-ao-yanjiangji-052-says-hong-kong-old-generations-valued-law-freedom-prosperity-over-democracy"",""date"":""2014-07-16"",""displayDate"":""2014年7月16日"",""datePrecision"":""day"",""title"":""李敖在香港书展说香港老一代接受英国无民主是因为有法律自由和繁荣"",""summary"":""李敖谈香港身份时说，老一代香港人在英国统治下没有民主，却有法律、自由和繁荣；他批评后来的香港人欢迎长毛却不欢迎李敖。"",""view"":[""演讲线"",""公共事件线""],""tags"":[""李敖演讲集"",""演讲"",""香港书展"",""国民党员毛泽东"",""父子对谈"",""香港身份"",""法律"",""自由"",""繁荣"",""长毛""],""people"":[""李敖"",""梁国雄""],""places"":[""香港""],""works"":[""李敖演讲集"",""052.20140716李敖香港书展演讲""],""certainty"":""confirmed"",""source"":{""book"":""李敖演讲集"",""chapter"":""052.20140716李敖香港书展演讲"",""path"":""《大李敖全集5.0》（wjm_tcy版）分章节/010.节目演讲类/011.李敖演讲集/052.20140716李敖香港书展演讲.txt"",""line"":87,""lines"":[87]},""crossReferences"":[""li-ao-yanjiangji-050-calls-hong-kong-relatively-happiest-and-fulcrum-for-chinese-intellectuals""],""dataFile"":""data/timeline-events-li-ao-yanjiangji.json""}"
"25448","2014","2014-07-16","2014年7月16日","day","confirmed","李敖在香港书展重提一九八三年香港方案并说香港后来走向台北式道路","李敖说他三十一年前在《百姓》杂志写过香港前途方案，主张保留英国议会制度并示范广东、中国；但香港后来没有走这条路，而是越来越像台北。","李敖","香港","李敖演讲集、演讲、香港书展、国民党员毛泽东、父子对谈、香港前途、百姓杂志、一九八三、台湾化","演讲线、公共事件线","李敖演讲集、052.20140716李敖香港书展演讲、百姓杂志","woshi-tiananmen-1983-09-12-hong-kong-chance-for-china、li-ao-yanjiangji-050-revisits-1983-hong-kong-chance-and-says-hong-kong-democracy-failed-toward-taipei-style","李敖演讲集","052.20140716李敖香港书展演讲","109","《大李敖全集5.0》（wjm_tcy版）分章节/010.节目演讲类/011.李敖演讲集/052.20140716李敖香港书展演讲.txt","","[]","data/timeline-events-li-ao-yanjiangji.json","li-ao-yanjiangji-052-revisits-1983-hong-kong-plan-and-says-hong-kong-turned-toward-taipei","{""id"":""li-ao-yanjiangji-052-revisits-1983-hong-kong-plan-and-says-hong-kong-turned-toward-taipei"",""date"":""2014-07-16"",""displayDate"":""2014年7月16日"",""datePrecision"":""day"",""title"":""李敖在香港书展重提一九八三年香港方案并说香港后来走向台北式道路"",""summary"":""李敖说他三十一年前在《百姓》杂志写过香港前途方案，主张保留英国议会制度并示范广东、中国；但香港后来没有走这条路，而是越来越像台北。"",""view"":[""演讲线"",""公共事件线""],""tags"":[""李敖演讲集"",""演讲"",""香港书展"",""国民党员毛泽东"",""父子对谈"",""香港前途"",""百姓杂志"",""一九八三"",""台湾化""],""people"":[""李敖""],""places"":[""香港""],""works"":[""李敖演讲集"",""052.20140716李敖香港书展演讲"",""百姓杂志""],""certainty"":""confirmed"",""source"":{""book"":""李敖演讲集"",""chapter"":""052.20140716李敖香港书展演讲"",""path"":""《大李敖全集5.0》（wjm_tcy版）分章节/010.节目演讲类/011.李敖演讲集/052.20140716李敖香港书展演讲.txt"",""line"":109,""lines"":[109]},""crossReferences"":[""woshi-tiananmen-1983-09-12-hong-kong-chance-for-china"",""li-ao-yanjiangji-050-revisits-1983-hong-kong-chance-and-says-hong-kong-democracy-failed-toward-taipei-style""],""dataFile"":""data/timeline-events-li-ao-yanjiangji.json""}"
"25449","2014","2014-07-16","2014年7月16日","day","confirmed","李敖在香港书展借李戡开封考察谈刘少奇化名死去","李敖说李戡到开封看过刘少奇被关押和死亡的地方，刘少奇以刘卫黄的名字死去，这也显示共产党能牺牲自己、别人和香港人。","李敖、李戡、刘少奇","香港","李敖演讲集、演讲、香港书展、国民党员毛泽东、父子对谈、刘少奇、开封、李戡、共产党牺牲","演讲线、公共事件线","李敖演讲集、052.20140716李敖香港书展演讲","","李敖演讲集","052.20140716李敖香港书展演讲","65","《大李敖全集5.0》（wjm_tcy版）分章节/010.节目演讲类/011.李敖演讲集/052.20140716李敖香港书展演讲.txt","","[]","data/timeline-events-li-ao-yanjiangji.json","li-ao-yanjiangji-052-visits-liu-shaoqi-death-place-through-li-kan-kaifeng-trip","{""id"":""li-ao-yanjiangji-052-visits-liu-shaoqi-death-place-through-li-kan-kaifeng-trip"",""date"":""2014-07-16"",""displayDate"":""2014年7月16日"",""datePrecision"":""day"",""title"":""李敖在香港书展借李戡开封考察谈刘少奇化名死去"",""summary"":""李敖说李戡到开封看过刘少奇被关押和死亡的地方，刘少奇以刘卫黄的名字死去，这也显示共产党能牺牲自己、别人和香港人。"",""view"":[""演讲线"",""公共事件线""],""tags"":[""李敖演讲集"",""演讲"",""香港书展"",""国民党员毛泽东"",""父子对谈"",""刘少奇"",""开封"",""李戡"",""共产党牺牲""],""people"":[""李敖"",""李戡"",""刘少奇""],""places"":[""香港""],""works"":[""李敖演讲集"",""052.20140716李敖香港书展演讲""],""certainty"":""confirmed"",""source"":{""book"":""李敖演讲集"",""chapter"":""052.20140716李敖香港书展演讲"",""path"":""《大李敖全集5.0》（wjm_tcy版）分章节/010.节目演讲类/011.李敖演讲集/052.20140716李敖香港书展演讲.txt"",""line"":65,""lines"":[65]},""crossReferences"":[],""dataFile"":""data/timeline-events-li-ao-yanjiangji.json""}"
"25450","2014","2014-07-16","2014年7月16日","day","confirmed","李敖在香港书展解释自己在立法院用瓦斯枪是为破坏烂制度","李敖说他在台湾立法院使用瓦斯枪，是依照列宁式逻辑去破坏一个烂制度，并曾把二百二十四名立法委员列为被告。","李敖、列宁","香港","李敖演讲集、演讲、香港书展、国民党员毛泽东、父子对谈、立法院、瓦斯枪、列宁、制度破坏、诉讼","演讲线、公共事件线","李敖演讲集、052.20140716李敖香港书展演讲","li-ao-yanjiangji-048-defends-legislative-tear-gas-and-addresses-pku-counseling-backlash","李敖演讲集","052.20140716李敖香港书展演讲","111","《大李敖全集5.0》（wjm_tcy版）分章节/010.节目演讲类/011.李敖演讲集/052.20140716李敖香港书展演讲.txt","","[]","data/timeline-events-li-ao-yanjiangji.json","li-ao-yanjiangji-052-defends-legislative-gas-gun-as-destroying-rotten-system","{""id"":""li-ao-yanjiangji-052-defends-legislative-gas-gun-as-destroying-rotten-system"",""date"":""2014-07-16"",""displayDate"":""2014年7月16日"",""datePrecision"":""day"",""title"":""李敖在香港书展解释自己在立法院用瓦斯枪是为破坏烂制度"",""summary"":""李敖说他在台湾立法院使用瓦斯枪，是依照列宁式逻辑去破坏一个烂制度，并曾把二百二十四名立法委员列为被告。"",""view"":[""演讲线"",""公共事件线""],""tags"":[""李敖演讲集"",""演讲"",""香港书展"",""国民党员毛泽东"",""父子对谈"",""立法院"",""瓦斯枪"",""列宁"",""制度破坏"",""诉讼""],""people"":[""李敖"",""列宁""],""places"":[""香港""],""works"":[""李敖演讲集"",""052.20140716李敖香港书展演讲""],""certainty"":""confirmed"",""source"":{""book"":""李敖演讲集"",""chapter"":""052.20140716李敖香港书展演讲"",""path"":""《大李敖全集5.0》（wjm_tcy版）分章节/010.节目演讲类/011.李敖演讲集/052.20140716李敖香港书展演讲.txt"",""line"":111,""lines"":[111]},""crossReferences"":[""li-ao-yanjiangji-048-defends-legislative-tear-gas-and-addresses-pku-counseling-backlash""],""dataFile"":""data/timeline-events-li-ao-yanjiangji.json""}"
"25451","2014","2014-07-16","2014年7月16日星期三","day","confirmed","与李戡在香港书展演讲","《李敖五十年表》记，2014年7月16日，李敖和李戡在香港书展演讲。与2011年香港书展节点相比，这条补出了其晚年公共活动中父子同场的一次传播场景。","李敖、李戡","香港书展、香港","香港书展、李戡、父子同台、演讲","演讲线、家庭线、海外线","李敖相关","sui-qianwan-2014-07-04-decides-to-attend-li-kan-book-event-at-hong-kong-book-fair","李敖相关","001.李敖五十年表","185","《大李敖全集5.0》（wjm_tcy版）分章节/001.自传回忆类/008.李敖相关/001.李敖五十年表.txt","虽千万人，李敖往矣 / 025.2014年7月 / line 25 / 说明：会前说明李戡新书在香港书展上市，李敖决定应《亚洲周刊》江迅之邀参加发表会。 / 《大李敖全集5.0》（wjm_tcy版）分章节/005.诗集语录类/005.虽千万人，李敖往矣/025.2014年7月.txt || 虽千万人，李敖往矣 / 025.2014年7月 / line 139 / 说明：会后在港第三天到红毛坟场看杨衢云墓，补足香港行程侧面。 / 《大李敖全集5.0》（wjm_tcy版）分章节/005.诗集语录类/005.虽千万人，李敖往矣/025.2014年7月.txt || 李敖访谈录1990-2018 / 069.20140728《澎湃新闻网》李敖、李戡专题 / line 5 / 说明：《澎湃新闻网》专题补充李戡7月16日出席香港书展活动并推出第二本新书，旁及李敖父子同场的背景。 / 《大李敖全集5.0》（wjm_tcy版）分章节/007.采访序跋类/005.李敖访谈录1990-2018/069.20140728《澎湃新闻网》李敖、李戡专题.txt","[{""book"":""虽千万人，李敖往矣"",""chapter"":""025.2014年7月"",""path"":""《大李敖全集5.0》（wjm_tcy版）分章节/005.诗集语录类/005.虽千万人，李敖往矣/025.2014年7月.txt"",""line"":25,""note"":""会前说明李戡新书在香港书展上市，李敖决定应《亚洲周刊》江迅之邀参加发表会。""},{""book"":""虽千万人，李敖往矣"",""chapter"":""025.2014年7月"",""path"":""《大李敖全集5.0》（wjm_tcy版）分章节/005.诗集语录类/005.虽千万人，李敖往矣/025.2014年7月.txt"",""line"":139,""note"":""会后在港第三天到红毛坟场看杨衢云墓，补足香港行程侧面。""},{""book"":""李敖访谈录1990-2018"",""chapter"":""069.20140728《澎湃新闻网》李敖、李戡专题"",""path"":""《大李敖全集5.0》（wjm_tcy版）分章节/007.采访序跋类/005.李敖访谈录1990-2018/069.20140728《澎湃新闻网》李敖、李戡专题.txt"",""line"":5,""lines"":[5,7,11,13],""note"":""《澎湃新闻网》专题补充李戡7月16日出席香港书展活动并推出第二本新书，旁及李敖父子同场的背景。""}]","data/timeline-events-eighth-book.json","book8-2014-07-16-speaks-with-li-kan-at-hong-kong-book-fair","{""id"":""book8-2014-07-16-speaks-with-li-kan-at-hong-kong-book-fair"",""date"":""2014-07-16"",""displayDate"":""2014年7月16日星期三"",""datePrecision"":""day"",""title"":""与李戡在香港书展演讲"",""summary"":""《李敖五十年表》记，2014年7月16日，李敖和李戡在香港书展演讲。与2011年香港书展节点相比，这条补出了其晚年公共活动中父子同场的一次传播场景。"",""view"":[""演讲线"",""家庭线"",""海外线""],""tags"":[""香港书展"",""李戡"",""父子同台"",""演讲""],""people"":[""李敖"",""李戡""],""places"":[""香港书展"",""香港""],""works"":[""李敖相关""],""certainty"":""confirmed"",""source"":{""book"":""李敖相关"",""chapter"":""001.李敖五十年表"",""path"":""《大李敖全集5.0》（wjm_tcy版）分章节/001.自传回忆类/008.李敖相关/001.李敖五十年表.txt"",""line"":185},""additionalSources"":[{""book"":""虽千万人，李敖往矣"",""chapter"":""025.2014年7月"",""path"":""《大李敖全集5.0》（wjm_tcy版）分章节/005.诗集语录类/005.虽千万人，李敖往矣/025.2014年7月.txt"",""line"":25,""note"":""会前说明李戡新书在香港书展上市，李敖决定应《亚洲周刊》江迅之邀参加发表会。""},{""book"":""虽千万人，李敖往矣"",""chapter"":""025.2014年7月"",""path"":""《大李敖全集5.0》（wjm_tcy版）分章节/005.诗集语录类/005.虽千万人，李敖往矣/025.2014年7月.txt"",""line"":139,""note"":""会后在港第三天到红毛坟场看杨衢云墓，补足香港行程侧面。""},{""book"":""李敖访谈录1990-2018"",""chapter"":""069.20140728《澎湃新闻网》李敖、李戡专题"",""path"":""《大李敖全集5.0》（wjm_tcy版）分章节/007.采访序跋类/005.李敖访谈录1990-2018/069.20140728《澎湃新闻网》李敖、李戡专题.txt"",""line"":5,""lines"":[5,7,11,13],""note"":""《澎湃新闻网》专题补充李戡7月16日出席香港书展活动并推出第二本新书，旁及李敖父子同场的背景。""}],""crossReferences"":[""sui-qianwan-2014-07-04-decides-to-attend-li-kan-book-event-at-hong-kong-book-fair""],""dataFile"":""data/timeline-events-eighth-book.json""}"
"25452","2014","2014-07-23","2014年7月23日星期三","day","confirmed","李敖在香港第三天到红毛坟场看杨衢云墓","《2014年7月》写，李敖在香港第三天，行程只安排了一件事：去红毛坟场看一座无名坟。他指出墓中人是兴中会真正会长杨衢云，其存在证明孙中山创建檀香山兴中会的说法有问题。","李敖、杨衢云、孙中山","香港、红毛坟场","虽千万人，李敖往矣、香港、红毛坟场、杨衢云、兴中会、孙中山","行旅线、香港线、史料线","虽千万人，李敖往矣","book8-2014-07-16-speaks-with-li-kan-at-hong-kong-book-fair","虽千万人，李敖往矣","025.2014年7月","139","《大李敖全集5.0》（wjm_tcy版）分章节/005.诗集语录类/005.虽千万人，李敖往矣/025.2014年7月.txt","","[]","data/timeline-events-sui-qianwan-li-ao-wangyi.json","sui-qianwan-2014-07-23-visits-yang-quyun-grave-in-hong-kong","{""id"":""sui-qianwan-2014-07-23-visits-yang-quyun-grave-in-hong-kong"",""date"":""2014-07-23"",""displayDate"":""2014年7月23日星期三"",""datePrecision"":""day"",""title"":""李敖在香港第三天到红毛坟场看杨衢云墓"",""summary"":""《2014年7月》写，李敖在香港第三天，行程只安排了一件事：去红毛坟场看一座无名坟。他指出墓中人是兴中会真正会长杨衢云，其存在证明孙中山创建檀香山兴中会的说法有问题。"",""view"":[""行旅线"",""香港线"",""史料线""],""tags"":[""虽千万人，李敖往矣"",""香港"",""红毛坟场"",""杨衢云"",""兴中会"",""孙中山""],""people"":[""李敖"",""杨衢云"",""孙中山""],""places"":[""香港"",""红毛坟场""],""works"":[""虽千万人，李敖往矣""],""certainty"":""confirmed"",""source"":{""book"":""虽千万人，李敖往矣"",""chapter"":""025.2014年7月"",""path"":""《大李敖全集5.0》（wjm_tcy版）分章节/005.诗集语录类/005.虽千万人，李敖往矣/025.2014年7月.txt"",""line"":139},""crossReferences"":[""book8-2014-07-16-speaks-with-li-kan-at-hong-kong-book-fair""],""dataFile"":""data/timeline-events-sui-qianwan-li-ao-wangyi.json""}"
"25453","2014","2014-08-11","2014年8月11日星期一","day","confirmed","“中国好文辞”拟请李敖当裁判后被广电单位封杀","《2014年8月》写，广东某杂志联合四川某电视台计划办“中国好文辞”节目，请李敖当裁判；方案报上去后，广电单位立刻封杀。","李敖、陶晶莹","广东、四川、大陆","虽千万人，李敖往矣、中国好文辞、裁判、广电单位、封杀、电视节目","媒体线、电视线、审查线","虽千万人，李敖往矣、中国好文辞","","虽千万人，李敖往矣","026.2014年8月","67","《大李敖全集5.0》（wjm_tcy版）分章节/005.诗集语录类/005.虽千万人，李敖往矣/026.2014年8月.txt","","[]","data/timeline-events-sui-qianwan-li-ao-wangyi.json","sui-qianwan-2014-08-11-china-good-prose-show-invites-li-ao-as-judge-and-is-blocked","{""id"":""sui-qianwan-2014-08-11-china-good-prose-show-invites-li-ao-as-judge-and-is-blocked"",""date"":""2014-08-11"",""displayDate"":""2014年8月11日星期一"",""datePrecision"":""day"",""title"":""“中国好文辞”拟请李敖当裁判后被广电单位封杀"",""summary"":""《2014年8月》写，广东某杂志联合四川某电视台计划办“中国好文辞”节目，请李敖当裁判；方案报上去后，广电单位立刻封杀。"",""view"":[""媒体线"",""电视线"",""审查线""],""tags"":[""虽千万人，李敖往矣"",""中国好文辞"",""裁判"",""广电单位"",""封杀"",""电视节目""],""people"":[""李敖"",""陶晶莹""],""places"":[""广东"",""四川"",""大陆""],""works"":[""虽千万人，李敖往矣"",""中国好文辞""],""certainty"":""confirmed"",""source"":{""book"":""虽千万人，李敖往矣"",""chapter"":""026.2014年8月"",""path"":""《大李敖全集5.0》（wjm_tcy版）分章节/005.诗集语录类/005.虽千万人，李敖往矣/026.2014年8月.txt"",""line"":67},""dataFile"":""data/timeline-events-sui-qianwan-li-ao-wangyi.json""}"
"25454","2014","2014-08-19","2014年8月19日星期二","day","confirmed","李敖陪李戡到中央研究院并找回三本有自己墨迹的旧书","《2014年8月》写，李敖年轻时从北京到上海搜集的一些书，后来为念完大学卖进中央研究院；8月19日前一天，他陪李戡去研究院，在书库里凭记忆找到三本，上面还有自己的墨迹。","李敖、李戡","中央研究院、台湾","虽千万人，李敖往矣、李戡、中央研究院、旧书、墨迹、藏书","藏书线、家庭线、日常线","虽千万人，李敖往矣","","虽千万人，李敖往矣","026.2014年8月","115","《大李敖全集5.0》（wjm_tcy版）分章节/005.诗集语录类/005.虽千万人，李敖往矣/026.2014年8月.txt","","[]","data/timeline-events-sui-qianwan-li-ao-wangyi.json","sui-qianwan-2014-08-19-accompanies-li-kan-to-academia-sinica-and-finds-old-books","{""id"":""sui-qianwan-2014-08-19-accompanies-li-kan-to-academia-sinica-and-finds-old-books"",""date"":""2014-08-19"",""displayDate"":""2014年8月19日星期二"",""datePrecision"":""day"",""title"":""李敖陪李戡到中央研究院并找回三本有自己墨迹的旧书"",""summary"":""《2014年8月》写，李敖年轻时从北京到上海搜集的一些书，后来为念完大学卖进中央研究院；8月19日前一天，他陪李戡去研究院，在书库里凭记忆找到三本，上面还有自己的墨迹。"",""view"":[""藏书线"",""家庭线"",""日常线""],""tags"":[""虽千万人，李敖往矣"",""李戡"",""中央研究院"",""旧书"",""墨迹"",""藏书""],""people"":[""李敖"",""李戡""],""places"":[""中央研究院"",""台湾""],""works"":[""虽千万人，李敖往矣""],""certainty"":""confirmed"",""source"":{""book"":""虽千万人，李敖往矣"",""chapter"":""026.2014年8月"",""path"":""《大李敖全集5.0》（wjm_tcy版）分章节/005.诗集语录类/005.虽千万人，李敖往矣/026.2014年8月.txt"",""line"":115},""dataFile"":""data/timeline-events-sui-qianwan-li-ao-wangyi.json""}"
"25455","2014","2014-08-23","2014年8月23日星期六","day","confirmed","李敖到秀传医院看望渐冻症中的吴彰炯","《2014年8月》写，国民党军头吴彰炯当年抓李敖到案，三十年后成了渐冻人，仰卧在老旧的秀传医院；李敖写到自己出现在病床前，以友善的脸面对这位旧日抓捕者。","李敖、吴彰炯","秀传医院、台湾","虽千万人，李敖往矣、吴彰炯、秀传医院、渐冻症、探病、旧案","交游线、健康线、政治旧案线","虽千万人，李敖往矣","","虽千万人，李敖往矣","026.2014年8月","139","《大李敖全集5.0》（wjm_tcy版）分章节/005.诗集语录类/005.虽千万人，李敖往矣/026.2014年8月.txt","","[]","data/timeline-events-sui-qianwan-li-ao-wangyi.json","sui-qianwan-2014-08-23-visits-als-stricken-wu-zhangjiong-in-hospital","{""id"":""sui-qianwan-2014-08-23-visits-als-stricken-wu-zhangjiong-in-hospital"",""date"":""2014-08-23"",""displayDate"":""2014年8月23日星期六"",""datePrecision"":""day"",""title"":""李敖到秀传医院看望渐冻症中的吴彰炯"",""summary"":""《2014年8月》写，国民党军头吴彰炯当年抓李敖到案，三十年后成了渐冻人，仰卧在老旧的秀传医院；李敖写到自己出现在病床前，以友善的脸面对这位旧日抓捕者。"",""view"":[""交游线"",""健康线"",""政治旧案线""],""tags"":[""虽千万人，李敖往矣"",""吴彰炯"",""秀传医院"",""渐冻症"",""探病"",""旧案""],""people"":[""李敖"",""吴彰炯""],""places"":[""秀传医院"",""台湾""],""works"":[""虽千万人，李敖往矣""],""certainty"":""confirmed"",""source"":{""book"":""虽千万人，李敖往矣"",""chapter"":""026.2014年8月"",""path"":""《大李敖全集5.0》（wjm_tcy版）分章节/005.诗集语录类/005.虽千万人，李敖往矣/026.2014年8月.txt"",""line"":139},""dataFile"":""data/timeline-events-sui-qianwan-li-ao-wangyi.json""}"
"25456","2014","2014-08-28","2014年8月28日","day","confirmed","在金兰大厦书房接受《南方周末》访问，谈《我知道》和抢救中文","《南方周末》访问时，李敖坐在台北敦南大道金兰大厦两百多平米书房里，向记者建议把填字节目《我知道》改名为《你知道我知道》，并把这个节目想成让有趣中文起死回生的机会。他每天一早坐进书房，自己擦地、整理书和资料，常在书房待14小时；访谈中他从《康熙字典》、鲁迅翻译、欧阳修炼字、王安石“绿”字、简体字和电脑词库一路谈到《最美句典》，说若能由全中国人一起造句、再由他讲评，是抢救中文的最后机会。这个“计划”发生在金兰大厦书房访问现场，地点和语境明确。","李敖、袁蕾、鲁迅、欧阳修、王安石、胡适","台北、敦南大道金兰大厦书房","南方周末、金兰大厦、我知道、你知道我知道、最美句典、中文、句典","访谈线、写作线、文化线、书房线","李敖访谈录1990-2018、我知道、最美句典、李敖中文大句典","li-ao-zawenji-2008-09-06-writes-chinese-sentence-dictionary-plan、li-ao-zawenji-1999-09-01-yanglan-interview-chinese-sentence-dictionary、li-ao-fangtanlu-2012-01-moves-from-yangmingshan-to-jinlan-apartment","李敖访谈录1990-2018","070.20140828《南方周末》专访李敖","7","《大李敖全集5.0》（wjm_tcy版）分章节/007.采访序跋类/005.李敖访谈录1990-2018/070.20140828《南方周末》专访李敖.txt","","[]","data/timeline-events-li-ao-fangtanlu-1990-2018.json","li-ao-fangtanlu-2014-08-28-southern-weekend-jinlan-chinese-interview","{""id"":""li-ao-fangtanlu-2014-08-28-southern-weekend-jinlan-chinese-interview"",""date"":""2014-08-28"",""displayDate"":""2014年8月28日"",""datePrecision"":""day"",""title"":""在金兰大厦书房接受《南方周末》访问，谈《我知道》和抢救中文"",""summary"":""《南方周末》访问时，李敖坐在台北敦南大道金兰大厦两百多平米书房里，向记者建议把填字节目《我知道》改名为《你知道我知道》，并把这个节目想成让有趣中文起死回生的机会。他每天一早坐进书房，自己擦地、整理书和资料，常在书房待14小时；访谈中他从《康熙字典》、鲁迅翻译、欧阳修炼字、王安石“绿”字、简体字和电脑词库一路谈到《最美句典》，说若能由全中国人一起造句、再由他讲评，是抢救中文的最后机会。这个“计划”发生在金兰大厦书房访问现场，地点和语境明确。"",""category"":""interview"",""type"":""李敖当事人事件"",""source"":{""book"":""李敖访谈录1990-2018"",""chapter"":""070.20140828《南方周末》专访李敖"",""path"":""《大李敖全集5.0》（wjm_tcy版）分章节/007.采访序跋类/005.李敖访谈录1990-2018/070.20140828《南方周末》专访李敖.txt"",""line"":7,""lines"":[7,9,11,13,17,21,45,47,55,57,65,67,79,83,95,105,153,155,161,163],""note"":""《南方周末》记录李敖在金兰大厦书房受访，围绕《我知道》、中文趣味、《最美句典》和全民造句计划展开自述。""},""certainty"":""confirmed"",""tags"":[""南方周末"",""金兰大厦"",""我知道"",""你知道我知道"",""最美句典"",""中文"",""句典""],""people"":[""李敖"",""袁蕾"",""鲁迅"",""欧阳修"",""王安石"",""胡适""],""places"":[""台北"",""敦南大道金兰大厦书房""],""works"":[""李敖访谈录1990-2018"",""我知道"",""最美句典"",""李敖中文大句典""],""view"":[""访谈线"",""写作线"",""文化线"",""书房线""],""crossReferences"":[""li-ao-zawenji-2008-09-06-writes-chinese-sentence-dictionary-plan"",""li-ao-zawenji-1999-09-01-yanglan-interview-chinese-sentence-dictionary"",""li-ao-fangtanlu-2012-01-moves-from-yangmingshan-to-jinlan-apartment""],""dataFile"":""data/timeline-events-li-ao-fangtanlu-1990-2018.json""}"
"25457","2014","2014-09-04","2014年9月4日星期四","day","confirmed","李敖称书被查禁拒售后“我就微博啦”","《2014年9月》写，李敖一生出书破百，被国民党查禁九十六种，共产党接力查禁后已过三位数；除被禁外还有书摊拒售情事。面对查禁、拒售和发行资本垄断，他把出口转到微博。","李敖","台湾、大陆网络平台","虽千万人，李敖往矣、微博、查禁、拒售、观音不男不女、出版","出版线、媒体线、审查线","虽千万人，李敖往矣、哈啰李敖、观音不男不女","sui-qianwan-2011-05-17-starts-hello-li-ao-140-char-web-writing","虽千万人，李敖往矣","027.2014年9月","25","《大李敖全集5.0》（wjm_tcy版）分章节/005.诗集语录类/005.虽千万人，李敖往矣/027.2014年9月.txt","","[]","data/timeline-events-sui-qianwan-li-ao-wangyi.json","sui-qianwan-2014-09-04-says-books-banned-and-refused-so-he-weibos","{""id"":""sui-qianwan-2014-09-04-says-books-banned-and-refused-so-he-weibos"",""date"":""2014-09-04"",""displayDate"":""2014年9月4日星期四"",""datePrecision"":""day"",""title"":""李敖称书被查禁拒售后“我就微博啦”"",""summary"":""《2014年9月》写，李敖一生出书破百，被国民党查禁九十六种，共产党接力查禁后已过三位数；除被禁外还有书摊拒售情事。面对查禁、拒售和发行资本垄断，他把出口转到微博。"",""view"":[""出版线"",""媒体线"",""审查线""],""tags"":[""虽千万人，李敖往矣"",""微博"",""查禁"",""拒售"",""观音不男不女"",""出版""],""people"":[""李敖""],""places"":[""台湾"",""大陆网络平台""],""works"":[""虽千万人，李敖往矣"",""哈啰李敖"",""观音不男不女""],""certainty"":""confirmed"",""source"":{""book"":""虽千万人，李敖往矣"",""chapter"":""027.2014年9月"",""path"":""《大李敖全集5.0》（wjm_tcy版）分章节/005.诗集语录类/005.虽千万人，李敖往矣/027.2014年9月.txt"",""line"":25},""crossReferences"":[""sui-qianwan-2011-05-17-starts-hello-li-ao-140-char-web-writing""],""dataFile"":""data/timeline-events-sui-qianwan-li-ao-wangyi.json""}"
"25458","2014","2014-09-09","2014年9月9日星期二","day","confirmed","李敖主动疏远刘长乐以免使其处境尴尬","《2014年9月》写，凤凰卫视主席刘长乐本来与李敖越走越近，后来渐行渐远；李敖称自己有“与朝廷争胜”的恶习，任何政府迟早吃不消，为了不使刘长乐处境尴尬，他主动疏远。","李敖、刘长乐","台湾、香港、大陆","虽千万人，李敖往矣、刘长乐、凤凰卫视、主动疏远、两岸","交游线、媒体线、两岸线","虽千万人，李敖往矣、凤凰卫视","","虽千万人，李敖往矣","027.2014年9月","55","《大李敖全集5.0》（wjm_tcy版）分章节/005.诗集语录类/005.虽千万人，李敖往矣/027.2014年9月.txt","","[]","data/timeline-events-sui-qianwan-li-ao-wangyi.json","sui-qianwan-2014-09-09-distances-liu-changle-to-avoid-embarrassing-him","{""id"":""sui-qianwan-2014-09-09-distances-liu-changle-to-avoid-embarrassing-him"",""date"":""2014-09-09"",""displayDate"":""2014年9月9日星期二"",""datePrecision"":""day"",""title"":""李敖主动疏远刘长乐以免使其处境尴尬"",""summary"":""《2014年9月》写，凤凰卫视主席刘长乐本来与李敖越走越近，后来渐行渐远；李敖称自己有“与朝廷争胜”的恶习，任何政府迟早吃不消，为了不使刘长乐处境尴尬，他主动疏远。"",""view"":[""交游线"",""媒体线"",""两岸线""],""tags"":[""虽千万人，李敖往矣"",""刘长乐"",""凤凰卫视"",""主动疏远"",""两岸""],""people"":[""李敖"",""刘长乐""],""places"":[""台湾"",""香港"",""大陆""],""works"":[""虽千万人，李敖往矣"",""凤凰卫视""],""certainty"":""confirmed"",""source"":{""book"":""虽千万人，李敖往矣"",""chapter"":""027.2014年9月"",""path"":""《大李敖全集5.0》（wjm_tcy版）分章节/005.诗集语录类/005.虽千万人，李敖往矣/027.2014年9月.txt"",""line"":55},""dataFile"":""data/timeline-events-sui-qianwan-li-ao-wangyi.json""}"
"25459","2014","2014-09-21","2014年9月21日星期日","day","confirmed","李敖记录书房十三张椅子与孔雀石绿椅面","《2014年9月》写，李敖书房有十三张椅子，其中六张欧洲古典椅，椅面孔雀石绿者最为出色；他又提到书架上掀开苹果绿衣服的裸女图。","李敖","李敖书房、台湾","虽千万人，李敖往矣、书房、椅子、孔雀石绿、欧洲古典、收藏","书房线、日常线、收藏线","虽千万人，李敖往矣","","虽千万人，李敖往矣","027.2014年9月","127","《大李敖全集5.0》（wjm_tcy版）分章节/005.诗集语录类/005.虽千万人，李敖往矣/027.2014年9月.txt","","[]","data/timeline-events-sui-qianwan-li-ao-wangyi.json","sui-qianwan-2014-09-21-describes-study-chairs-and-malachite-green-color","{""id"":""sui-qianwan-2014-09-21-describes-study-chairs-and-malachite-green-color"",""date"":""2014-09-21"",""displayDate"":""2014年9月21日星期日"",""datePrecision"":""day"",""title"":""李敖记录书房十三张椅子与孔雀石绿椅面"",""summary"":""《2014年9月》写，李敖书房有十三张椅子，其中六张欧洲古典椅，椅面孔雀石绿者最为出色；他又提到书架上掀开苹果绿衣服的裸女图。"",""view"":[""书房线"",""日常线"",""收藏线""],""tags"":[""虽千万人，李敖往矣"",""书房"",""椅子"",""孔雀石绿"",""欧洲古典"",""收藏""],""people"":[""李敖""],""places"":[""李敖书房"",""台湾""],""works"":[""虽千万人，李敖往矣""],""certainty"":""confirmed"",""source"":{""book"":""虽千万人，李敖往矣"",""chapter"":""027.2014年9月"",""path"":""《大李敖全集5.0》（wjm_tcy版）分章节/005.诗集语录类/005.虽千万人，李敖往矣/027.2014年9月.txt"",""line"":127},""dataFile"":""data/timeline-events-sui-qianwan-li-ao-wangyi.json""}"
"25460","2014","2014-10-04","2014年10月4日星期六","day","confirmed","李敖把每日半小时微博写作称为自己的四十八分之一","《2014年10月》写，李敖每天半小时把“尾数”化成微博；每天四十八个半小时，读者看到的只是每天四十八分之一的他，其余四十八分之四十七仍在别处。","李敖","台湾、大陆网络平台","虽千万人，李敖往矣、哈啰李敖、微博、半小时、每日写作","媒体线、写作线、晚年线","虽千万人，李敖往矣、哈啰李敖","sui-qianwan-2014-01-14-hello-li-ao-one-year-writing","虽千万人，李敖往矣","028.2014年10月","25","《大李敖全集5.0》（wjm_tcy版）分章节/005.诗集语录类/005.虽千万人，李敖往矣/028.2014年10月.txt","","[]","data/timeline-events-sui-qianwan-li-ao-wangyi.json","sui-qianwan-2014-10-04-defines-daily-weibo-as-one-forty-eighth-of-himself","{""id"":""sui-qianwan-2014-10-04-defines-daily-weibo-as-one-forty-eighth-of-himself"",""date"":""2014-10-04"",""displayDate"":""2014年10月4日星期六"",""datePrecision"":""day"",""title"":""李敖把每日半小时微博写作称为自己的四十八分之一"",""summary"":""《2014年10月》写，李敖每天半小时把“尾数”化成微博；每天四十八个半小时，读者看到的只是每天四十八分之一的他，其余四十八分之四十七仍在别处。"",""view"":[""媒体线"",""写作线"",""晚年线""],""tags"":[""虽千万人，李敖往矣"",""哈啰李敖"",""微博"",""半小时"",""每日写作""],""people"":[""李敖""],""places"":[""台湾"",""大陆网络平台""],""works"":[""虽千万人，李敖往矣"",""哈啰李敖""],""certainty"":""confirmed"",""source"":{""book"":""虽千万人，李敖往矣"",""chapter"":""028.2014年10月"",""path"":""《大李敖全集5.0》（wjm_tcy版）分章节/005.诗集语录类/005.虽千万人，李敖往矣/028.2014年10月.txt"",""line"":25},""crossReferences"":[""sui-qianwan-2014-01-14-hello-li-ao-one-year-writing""],""dataFile"":""data/timeline-events-sui-qianwan-li-ao-wangyi.json""}"
"25461","2014","2014-10-10","2014年10月10日星期五","day","confirmed","李敖写小屯二十年来身兼夫人与“小老婆”","《2014年10月》写，李敖盛赞小屯，称她结婚时开玩笑以“小老婆”自居，二十年下来身兼夫人和“小老婆”，使他深通英文 uxorious 一词。","李敖、小屯","台湾","虽千万人，李敖往矣、小屯、婚姻、二十年、誉妻癖","家庭线、婚姻线、晚年线","虽千万人，李敖往矣","","虽千万人，李敖往矣","028.2014年10月","61","《大李敖全集5.0》（wjm_tcy版）分章节/005.诗集语录类/005.虽千万人，李敖往矣/028.2014年10月.txt","","[]","data/timeline-events-sui-qianwan-li-ao-wangyi.json","sui-qianwan-2014-10-10-praises-xiaotun-as-wife-and-little-wife-after-twenty-years","{""id"":""sui-qianwan-2014-10-10-praises-xiaotun-as-wife-and-little-wife-after-twenty-years"",""date"":""2014-10-10"",""displayDate"":""2014年10月10日星期五"",""datePrecision"":""day"",""title"":""李敖写小屯二十年来身兼夫人与“小老婆”"",""summary"":""《2014年10月》写，李敖盛赞小屯，称她结婚时开玩笑以“小老婆”自居，二十年下来身兼夫人和“小老婆”，使他深通英文 uxorious 一词。"",""view"":[""家庭线"",""婚姻线"",""晚年线""],""tags"":[""虽千万人，李敖往矣"",""小屯"",""婚姻"",""二十年"",""誉妻癖""],""people"":[""李敖"",""小屯""],""places"":[""台湾""],""works"":[""虽千万人，李敖往矣""],""certainty"":""confirmed"",""source"":{""book"":""虽千万人，李敖往矣"",""chapter"":""028.2014年10月"",""path"":""《大李敖全集5.0》（wjm_tcy版）分章节/005.诗集语录类/005.虽千万人，李敖往矣/028.2014年10月.txt"",""line"":61},""dataFile"":""data/timeline-events-sui-qianwan-li-ao-wangyi.json""}"
"25462","2014","2014-11-01","2014年11月1日星期六","day","confirmed","李敖在马路上第三次见到罗文嘉","《2014年11月》写，李敖第一次见罗文嘉，是罗作为台大学生在书房向他求援；第二次是罗当陈水扁的部长时在国会打招呼；第三次则是2014年11月1日早上在马路上碰到，罗问李敖是否还记得他。","李敖、罗文嘉、陈水扁","台湾、台北","虽千万人，李敖往矣、罗文嘉、台大、书房、马路相遇","交游线、政治人物线、日常线","虽千万人，李敖往矣","","虽千万人，李敖往矣","029.2014年11月","7","《大李敖全集5.0》（wjm_tcy版）分章节/005.诗集语录类/005.虽千万人，李敖往矣/029.2014年11月.txt","","[]","data/timeline-events-sui-qianwan-li-ao-wangyi.json","sui-qianwan-2014-11-01-meets-luo-wenjia-third-time-on-street","{""id"":""sui-qianwan-2014-11-01-meets-luo-wenjia-third-time-on-street"",""date"":""2014-11-01"",""displayDate"":""2014年11月1日星期六"",""datePrecision"":""day"",""title"":""李敖在马路上第三次见到罗文嘉"",""summary"":""《2014年11月》写，李敖第一次见罗文嘉，是罗作为台大学生在书房向他求援；第二次是罗当陈水扁的部长时在国会打招呼；第三次则是2014年11月1日早上在马路上碰到，罗问李敖是否还记得他。"",""view"":[""交游线"",""政治人物线"",""日常线""],""tags"":[""虽千万人，李敖往矣"",""罗文嘉"",""台大"",""书房"",""马路相遇""],""people"":[""李敖"",""罗文嘉"",""陈水扁""],""places"":[""台湾"",""台北""],""works"":[""虽千万人，李敖往矣""],""certainty"":""confirmed"",""source"":{""book"":""虽千万人，李敖往矣"",""chapter"":""029.2014年11月"",""path"":""《大李敖全集5.0》（wjm_tcy版）分章节/005.诗集语录类/005.虽千万人，李敖往矣/029.2014年11月.txt"",""line"":7},""dataFile"":""data/timeline-events-sui-qianwan-li-ao-wangyi.json""}"
"25463","2014","2014-11-17","2014年11月17日星期一","day","confirmed","李敖记录李戡《国民党员毛泽东》在海外和台湾先后出版","《2014年11月》写，李戡根据尘封档案和独得之秘写成国共两党都不喜欢的《国民党员毛泽东》，已在海外和台湾先后出版；李敖读后以英文给出总评。","李敖、李戡、毛泽东","台湾、海外","虽千万人，李敖往矣、李戡、国民党员毛泽东、海外出版、台湾出版、档案","家庭线、出版线、政治史线","虽千万人，李敖往矣、国民党员毛泽东","sui-qianwan-2014-07-12-records-li-kan-kmt-member-mao-listed-in-hong-kong、sui-qianwan-2013-12-29-records-li-kan-publishing-mao-kmt-paper-online","虽千万人，李敖往矣","029.2014年11月","103","《大李敖全集5.0》（wjm_tcy版）分章节/005.诗集语录类/005.虽千万人，李敖往矣/029.2014年11月.txt","虽千万人，李敖往矣 / 047.2016年10月 / line 85 / 说明：2016年10月21日补述李戡《国民党员毛泽东》在祖国不能出版，成为两岸出版边界的后续说明。 / 《大李敖全集5.0》（wjm_tcy版）分章节/005.诗集语录类/005.虽千万人，李敖往矣/047.2016年10月.txt","[{""book"":""虽千万人，李敖往矣"",""chapter"":""047.2016年10月"",""path"":""《大李敖全集5.0》（wjm_tcy版）分章节/005.诗集语录类/005.虽千万人，李敖往矣/047.2016年10月.txt"",""line"":85,""note"":""2016年10月21日补述李戡《国民党员毛泽东》在祖国不能出版，成为两岸出版边界的后续说明。""}]","data/timeline-events-sui-qianwan-li-ao-wangyi.json","sui-qianwan-2014-11-17-notes-li-kan-kmt-member-mao-published-overseas-and-taiwan","{""id"":""sui-qianwan-2014-11-17-notes-li-kan-kmt-member-mao-published-overseas-and-taiwan"",""date"":""2014-11-17"",""displayDate"":""2014年11月17日星期一"",""datePrecision"":""day"",""title"":""李敖记录李戡《国民党员毛泽东》在海外和台湾先后出版"",""summary"":""《2014年11月》写，李戡根据尘封档案和独得之秘写成国共两党都不喜欢的《国民党员毛泽东》，已在海外和台湾先后出版；李敖读后以英文给出总评。"",""view"":[""家庭线"",""出版线"",""政治史线""],""tags"":[""虽千万人，李敖往矣"",""李戡"",""国民党员毛泽东"",""海外出版"",""台湾出版"",""档案""],""people"":[""李敖"",""李戡"",""毛泽东""],""places"":[""台湾"",""海外""],""works"":[""虽千万人，李敖往矣"",""国民党员毛泽东""],""certainty"":""confirmed"",""source"":{""book"":""虽千万人，李敖往矣"",""chapter"":""029.2014年11月"",""path"":""《大李敖全集5.0》（wjm_tcy版）分章节/005.诗集语录类/005.虽千万人，李敖往矣/029.2014年11月.txt"",""line"":103},""crossReferences"":[""sui-qianwan-2014-07-12-records-li-kan-kmt-member-mao-listed-in-hong-kong"",""sui-qianwan-2013-12-29-records-li-kan-publishing-mao-kmt-paper-online""],""additionalSources"":[{""book"":""虽千万人，李敖往矣"",""chapter"":""047.2016年10月"",""path"":""《大李敖全集5.0》（wjm_tcy版）分章节/005.诗集语录类/005.虽千万人，李敖往矣/047.2016年10月.txt"",""line"":85,""note"":""2016年10月21日补述李戡《国民党员毛泽东》在祖国不能出版，成为两岸出版边界的后续说明。""}],""dataFile"":""data/timeline-events-sui-qianwan-li-ao-wangyi.json""}"
"25464","2014","2014-12-17","2014年12月17日星期三","day","confirmed","李敖在日记中由反对转向同意写《李敖风流自传》","《书成后记》写，2014年12月17日，李敖在日记中仍表示不赞成写《李敖风流自传》，认为八十年来许多岛上俗事不值得花时间；但紧接着他又转念，觉得自己八十岁应出一书表示表示，若能把俗事写成别有施教作用的“纪功碑”，写了也好。此日记成为《李敖风流自传》真正动笔前的重要心理转折。","李敖","台湾","风流自传、书成后记、日记、八十岁、纪功碑","写作线、生平线","李敖风流自传","","李敖风流自传","674.书成后记","3","《大李敖全集5.0》（wjm_tcy版）分章节/001.自传回忆类/007.李敖风流自传/674.书成后记.txt","","[]","data/timeline-events-seventh-book.json","book7-2014-12-17-records-diary-turning-toward-writing-fengliu-zizhuan","{""id"":""book7-2014-12-17-records-diary-turning-toward-writing-fengliu-zizhuan"",""date"":""2014-12-17"",""displayDate"":""2014年12月17日星期三"",""datePrecision"":""day"",""title"":""李敖在日记中由反对转向同意写《李敖风流自传》"",""summary"":""《书成后记》写，2014年12月17日，李敖在日记中仍表示不赞成写《李敖风流自传》，认为八十年来许多岛上俗事不值得花时间；但紧接着他又转念，觉得自己八十岁应出一书表示表示，若能把俗事写成别有施教作用的“纪功碑”，写了也好。此日记成为《李敖风流自传》真正动笔前的重要心理转折。"",""view"":[""写作线"",""生平线""],""tags"":[""风流自传"",""书成后记"",""日记"",""八十岁"",""纪功碑""],""people"":[""李敖""],""places"":[""台湾""],""works"":[""李敖风流自传""],""certainty"":""confirmed"",""source"":{""book"":""李敖风流自传"",""chapter"":""674.书成后记"",""path"":""《大李敖全集5.0》（wjm_tcy版）分章节/001.自传回忆类/007.李敖风流自传/674.书成后记.txt"",""line"":3},""dataFile"":""data/timeline-events-seventh-book.json""}"
"25465","2014","2014-12-18","2014年12月18日星期四","day","confirmed","李敖带 iPad 到小西餐馆并立刻打出两篇微博","《2014年12月》写，阴冷午后李敖带着 iPad 穿过马路，走进一家小西餐馆；他自称年轻人只会吹牛，自己能立刻打出两篇微博，并声明不吃美国牛肉。","李敖","台湾、小西餐馆","虽千万人，李敖往矣、iPad、小西餐馆、微博、美国牛肉、日常","日常线、媒体线、写作线","虽千万人，李敖往矣、哈啰李敖","","虽千万人，李敖往矣","030.2014年12月","109","《大李敖全集5.0》（wjm_tcy版）分章节/005.诗集语录类/005.虽千万人，李敖往矣/030.2014年12月.txt","","[]","data/timeline-events-sui-qianwan-li-ao-wangyi.json","sui-qianwan-2014-12-18-writes-two-weibo-posts-with-ipad-in-small-western-restaurant","{""id"":""sui-qianwan-2014-12-18-writes-two-weibo-posts-with-ipad-in-small-western-restaurant"",""date"":""2014-12-18"",""displayDate"":""2014年12月18日星期四"",""datePrecision"":""day"",""title"":""李敖带 iPad 到小西餐馆并立刻打出两篇微博"",""summary"":""《2014年12月》写，阴冷午后李敖带着 iPad 穿过马路，走进一家小西餐馆；他自称年轻人只会吹牛，自己能立刻打出两篇微博，并声明不吃美国牛肉。"",""view"":[""日常线"",""媒体线"",""写作线""],""tags"":[""虽千万人，李敖往矣"",""iPad"",""小西餐馆"",""微博"",""美国牛肉"",""日常""],""people"":[""李敖""],""places"":[""台湾"",""小西餐馆""],""works"":[""虽千万人，李敖往矣"",""哈啰李敖""],""certainty"":""confirmed"",""source"":{""book"":""虽千万人，李敖往矣"",""chapter"":""030.2014年12月"",""path"":""《大李敖全集5.0》（wjm_tcy版）分章节/005.诗集语录类/005.虽千万人，李敖往矣/030.2014年12月.txt"",""line"":109},""dataFile"":""data/timeline-events-sui-qianwan-li-ao-wangyi.json""}"
"25466","2014","2014-12-21","2014年12月21日星期日","day","confirmed","李敖把《虚拟的十七岁》与人工智能毁灭人类警告相连","《2014年12月》写，李敖称自己的主要著作被共产党禁印，只有鸡零狗碎的杂感每天流到祖国；他又说六年前出版《虚拟的十七岁》时，对人工智能的远景和忧虑早已预言，并回应英国物理学家关于人工智能将毁灭人类的警告。","李敖、史蒂芬·霍金","台湾、大陆","虽千万人，李敖往矣、虚拟的十七岁、人工智能、禁印、微博、霍金","写作线、科幻线、出版线","虽千万人，李敖往矣、虚拟的十七岁","virtual-seventeen-2008-04-10-writes-about-writing","虽千万人，李敖往矣","030.2014年12月","127","《大李敖全集5.0》（wjm_tcy版）分章节/005.诗集语录类/005.虽千万人，李敖往矣/030.2014年12月.txt","","[]","data/timeline-events-sui-qianwan-li-ao-wangyi.json","sui-qianwan-2014-12-21-links-virtual-seventeen-to-ai-warning","{""id"":""sui-qianwan-2014-12-21-links-virtual-seventeen-to-ai-warning"",""date"":""2014-12-21"",""displayDate"":""2014年12月21日星期日"",""datePrecision"":""day"",""title"":""李敖把《虚拟的十七岁》与人工智能毁灭人类警告相连"",""summary"":""《2014年12月》写，李敖称自己的主要著作被共产党禁印，只有鸡零狗碎的杂感每天流到祖国；他又说六年前出版《虚拟的十七岁》时，对人工智能的远景和忧虑早已预言，并回应英国物理学家关于人工智能将毁灭人类的警告。"",""view"":[""写作线"",""科幻线"",""出版线""],""tags"":[""虽千万人，李敖往矣"",""虚拟的十七岁"",""人工智能"",""禁印"",""微博"",""霍金""],""people"":[""李敖"",""史蒂芬·霍金""],""places"":[""台湾"",""大陆""],""works"":[""虽千万人，李敖往矣"",""虚拟的十七岁""],""certainty"":""confirmed"",""source"":{""book"":""虽千万人，李敖往矣"",""chapter"":""030.2014年12月"",""path"":""《大李敖全集5.0》（wjm_tcy版）分章节/005.诗集语录类/005.虽千万人，李敖往矣/030.2014年12月.txt"",""line"":127},""crossReferences"":[""virtual-seventeen-2008-04-10-writes-about-writing""],""dataFile"":""data/timeline-events-sui-qianwan-li-ao-wangyi.json""}"
"25467","2014","2014-07-01","2014年7月","month","confirmed","李戡从北京大学毕业，小屯赴毕业典礼而李敖未进京","《2014年7月》写，1925年祖父李鼎彝毕业北京大学，2014年孙子李戡毕业北京大学；同月4日李敖补述，7月初李戡北大毕业典礼，小屯飞去参加，而他自己没有进京。","李敖、李戡、小屯、李鼎彝","北京、北京大学、台湾","虽千万人，李敖往矣、李戡、北京大学、毕业典礼、小屯、待校日","家庭线、教育线、晚年线","虽千万人，李敖往矣","","虽千万人，李敖往矣","025.2014年7月","7","《大李敖全集5.0》（wjm_tcy版）分章节/005.诗集语录类/005.虽千万人，李敖往矣/025.2014年7月.txt","虽千万人，李敖往矣 / 025.2014年7月 / line 25 / 说明：补述小屯飞去参加毕业典礼，李敖自己没有进京。 / 《大李敖全集5.0》（wjm_tcy版）分章节/005.诗集语录类/005.虽千万人，李敖往矣/025.2014年7月.txt","[{""book"":""虽千万人，李敖往矣"",""chapter"":""025.2014年7月"",""path"":""《大李敖全集5.0》（wjm_tcy版）分章节/005.诗集语录类/005.虽千万人，李敖往矣/025.2014年7月.txt"",""line"":25,""note"":""补述小屯飞去参加毕业典礼，李敖自己没有进京。""}]","data/timeline-events-sui-qianwan-li-ao-wangyi.json","sui-qianwan-2014-07-01-li-kan-graduates-from-peking-university","{""id"":""sui-qianwan-2014-07-01-li-kan-graduates-from-peking-university"",""date"":""2014-07-01"",""displayDate"":""2014年7月"",""datePrecision"":""month"",""title"":""李戡从北京大学毕业，小屯赴毕业典礼而李敖未进京"",""summary"":""《2014年7月》写，1925年祖父李鼎彝毕业北京大学，2014年孙子李戡毕业北京大学；同月4日李敖补述，7月初李戡北大毕业典礼，小屯飞去参加，而他自己没有进京。"",""view"":[""家庭线"",""教育线"",""晚年线""],""tags"":[""虽千万人，李敖往矣"",""李戡"",""北京大学"",""毕业典礼"",""小屯"",""待校日""],""people"":[""李敖"",""李戡"",""小屯"",""李鼎彝""],""places"":[""北京"",""北京大学"",""台湾""],""works"":[""虽千万人，李敖往矣""],""certainty"":""confirmed"",""source"":{""book"":""虽千万人，李敖往矣"",""chapter"":""025.2014年7月"",""path"":""《大李敖全集5.0》（wjm_tcy版）分章节/005.诗集语录类/005.虽千万人，李敖往矣/025.2014年7月.txt"",""line"":7},""additionalSources"":[{""book"":""虽千万人，李敖往矣"",""chapter"":""025.2014年7月"",""path"":""《大李敖全集5.0》（wjm_tcy版）分章节/005.诗集语录类/005.虽千万人，李敖往矣/025.2014年7月.txt"",""line"":25,""note"":""补述小屯飞去参加毕业典礼，李敖自己没有进京。""}],""dataFile"":""data/timeline-events-sui-qianwan-li-ao-wangyi.json""}"
"25468","2015","2015-01-18","2015年1月18日星期日","day","confirmed","李敖写母亲手杖辗转回到自己手上","《2015年1月》“手杖”写，李敖早年送给母亲一根藤制欧洲手杖；李戡小时候曾跟着奶奶握住手杖下半截，小屯从后拍下照片。到2015年1月18日，李戡已长大，李敖老去，同一根手杖又到了李敖手上，成为三代家庭记忆的物证。","李敖、李敖母亲、李戡、小屯","台北","手杖、母亲、李戡、小屯、晚年日常","家庭线、晚年线、日常线","虽千万人，李敖往矣","","虽千万人，李敖往矣","031.2015年1月","109","《大李敖全集5.0》（wjm_tcy版）分章节/005.诗集语录类/005.虽千万人，李敖往矣/031.2015年1月.txt","","[]","data/timeline-events-sui-qianwan-li-ao-wangyi.json","sui-qianwan-2015-01-18-mothers-cane-returns-to-li-ao","{""id"":""sui-qianwan-2015-01-18-mothers-cane-returns-to-li-ao"",""date"":""2015-01-18"",""displayDate"":""2015年1月18日星期日"",""datePrecision"":""day"",""title"":""李敖写母亲手杖辗转回到自己手上"",""summary"":""《2015年1月》“手杖”写，李敖早年送给母亲一根藤制欧洲手杖；李戡小时候曾跟着奶奶握住手杖下半截，小屯从后拍下照片。到2015年1月18日，李戡已长大，李敖老去，同一根手杖又到了李敖手上，成为三代家庭记忆的物证。"",""view"":[""家庭线"",""晚年线"",""日常线""],""tags"":[""手杖"",""母亲"",""李戡"",""小屯"",""晚年日常""],""people"":[""李敖"",""李敖母亲"",""李戡"",""小屯""],""places"":[""台北""],""works"":[""虽千万人，李敖往矣""],""certainty"":""confirmed"",""source"":{""book"":""虽千万人，李敖往矣"",""chapter"":""031.2015年1月"",""path"":""《大李敖全集5.0》（wjm_tcy版）分章节/005.诗集语录类/005.虽千万人，李敖往矣/031.2015年1月.txt"",""line"":109},""dataFile"":""data/timeline-events-sui-qianwan-li-ao-wangyi.json""}"
"25469","2015","2015-01-23","2015年1月23日星期五","day","contextual","李敖因大吃水饺与豆浆酸奶气胀急诊住院两天","《2015年1月》1月25日“原来它在前面”回述，李敖“前天”自以为肠胃年轻，大吃水饺13个，又喝浓豆浆、酸奶，凌晨3点气胀如蛙，被送急诊并住院两天。他借此感到老病已经走在自己前面。","李敖","台北","急诊、住院、肠胃、饮食","健康线、晚年线、日常线","虽千万人，李敖往矣","","虽千万人，李敖往矣","031.2015年1月","151","《大李敖全集5.0》（wjm_tcy版）分章节/005.诗集语录类/005.虽千万人，李敖往矣/031.2015年1月.txt","","[]","data/timeline-events-sui-qianwan-li-ao-wangyi.json","sui-qianwan-2015-01-23-er-after-eating-thirteen-dumplings","{""id"":""sui-qianwan-2015-01-23-er-after-eating-thirteen-dumplings"",""date"":""2015-01-23"",""displayDate"":""2015年1月23日星期五"",""datePrecision"":""day"",""title"":""李敖因大吃水饺与豆浆酸奶气胀急诊住院两天"",""summary"":""《2015年1月》1月25日“原来它在前面”回述，李敖“前天”自以为肠胃年轻，大吃水饺13个，又喝浓豆浆、酸奶，凌晨3点气胀如蛙，被送急诊并住院两天。他借此感到老病已经走在自己前面。"",""view"":[""健康线"",""晚年线"",""日常线""],""tags"":[""急诊"",""住院"",""肠胃"",""饮食""],""people"":[""李敖""],""places"":[""台北""],""works"":[""虽千万人，李敖往矣""],""certainty"":""contextual"",""source"":{""book"":""虽千万人，李敖往矣"",""chapter"":""031.2015年1月"",""path"":""《大李敖全集5.0》（wjm_tcy版）分章节/005.诗集语录类/005.虽千万人，李敖往矣/031.2015年1月.txt"",""line"":151,""note"":""1月25日回述“前天”急诊住院，故暂系于2015-01-23前后。""},""dataFile"":""data/timeline-events-sui-qianwan-li-ao-wangyi.json""}"
"25470","2015","2015-01-29","2015年1月29日星期四","day","confirmed","李敖为检查小肠在X光室折腾两小时","《2015年1月》“X光与我”写，2015年1月29日，李敖为检查小肠，在X光室进进出出两个小时；他由此联想到李鸿章中枪疗伤成为最早使用X光的中国人之一。","李敖","台北","X光、小肠检查、医院","健康线、晚年线","虽千万人，李敖往矣","","虽千万人，李敖往矣","031.2015年1月","175","《大李敖全集5.0》（wjm_tcy版）分章节/005.诗集语录类/005.虽千万人，李敖往矣/031.2015年1月.txt","","[]","data/timeline-events-sui-qianwan-li-ao-wangyi.json","sui-qianwan-2015-01-29-small-intestine-xray-two-hours","{""id"":""sui-qianwan-2015-01-29-small-intestine-xray-two-hours"",""date"":""2015-01-29"",""displayDate"":""2015年1月29日星期四"",""datePrecision"":""day"",""title"":""李敖为检查小肠在X光室折腾两小时"",""summary"":""《2015年1月》“X光与我”写，2015年1月29日，李敖为检查小肠，在X光室进进出出两个小时；他由此联想到李鸿章中枪疗伤成为最早使用X光的中国人之一。"",""view"":[""健康线"",""晚年线""],""tags"":[""X光"",""小肠检查"",""医院""],""people"":[""李敖""],""places"":[""台北""],""works"":[""虽千万人，李敖往矣""],""certainty"":""confirmed"",""source"":{""book"":""虽千万人，李敖往矣"",""chapter"":""031.2015年1月"",""path"":""《大李敖全集5.0》（wjm_tcy版）分章节/005.诗集语录类/005.虽千万人，李敖往矣/031.2015年1月.txt"",""line"":175},""dataFile"":""data/timeline-events-sui-qianwan-li-ao-wangyi.json""}"
"25471","2015","2015-02-01","2015年2月1日星期日","day","confirmed","李敖在天母地下街与陈彦增小吃并用iPad写他","《2015年2月》“老友陈彦增”写，2015年2月1日中午，李敖到天母地下街与60年老友陈彦增小吃；面对面坐下后，李敖拿出iPad，说当天要“写生”，就写陈彦增。他还记起自己坐牢时陈彦增曾送进4000元。","李敖、陈彦增","台北、天母地下街","陈彦增、天母地下街、iPad、老友","交游线、日常线、晚年线","虽千万人，李敖往矣","","虽千万人，李敖往矣","032.2015年2月","7","《大李敖全集5.0》（wjm_tcy版）分章节/005.诗集语录类/005.虽千万人，李敖往矣/032.2015年2月.txt","","[]","data/timeline-events-sui-qianwan-li-ao-wangyi.json","sui-qianwan-2015-02-01-lunches-with-chen-yanzeng-and-sketches-on-ipad","{""id"":""sui-qianwan-2015-02-01-lunches-with-chen-yanzeng-and-sketches-on-ipad"",""date"":""2015-02-01"",""displayDate"":""2015年2月1日星期日"",""datePrecision"":""day"",""title"":""李敖在天母地下街与陈彦增小吃并用iPad写他"",""summary"":""《2015年2月》“老友陈彦增”写，2015年2月1日中午，李敖到天母地下街与60年老友陈彦增小吃；面对面坐下后，李敖拿出iPad，说当天要“写生”，就写陈彦增。他还记起自己坐牢时陈彦增曾送进4000元。"",""view"":[""交游线"",""日常线"",""晚年线""],""tags"":[""陈彦增"",""天母地下街"",""iPad"",""老友""],""people"":[""李敖"",""陈彦增""],""places"":[""台北"",""天母地下街""],""works"":[""虽千万人，李敖往矣""],""certainty"":""confirmed"",""source"":{""book"":""虽千万人，李敖往矣"",""chapter"":""032.2015年2月"",""path"":""《大李敖全集5.0》（wjm_tcy版）分章节/005.诗集语录类/005.虽千万人，李敖往矣/032.2015年2月.txt"",""line"":7},""dataFile"":""data/timeline-events-sui-qianwan-li-ao-wangyi.json""}"
"25472","2015","2015-03-25","2015年3月25日星期三","day","confirmed","李戡在华盛顿大学图书馆借到保留李敖序的《中国文学史》","《2015年3月》写，2015年3月25日，李戡来电话说，自己在华盛顿大学图书馆借到李鼎彝的《中国文学史》。李敖告诉他，此书原有自己写的序，出版后被国民党政府下令撕掉；李戡手中那本序仍健在，使李敖感慨“外国图书馆竟有我们祖孙三代的书”。","李敖、李戡、李鼎彝","华盛顿大学图书馆","李戡、李鼎彝、中国文学史、华盛顿大学图书馆、序","家庭线、著作线、藏书线","中国文学史、虽千万人，李敖往矣","","虽千万人，李敖往矣","033.2015年3月","93","《大李敖全集5.0》（wjm_tcy版）分章节/005.诗集语录类/005.虽千万人，李敖往矣/033.2015年3月.txt","","[]","data/timeline-events-sui-qianwan-li-ao-wangyi.json","sui-qianwan-2015-03-25-li-kan-finds-li-dingyi-book-with-intact-preface-at-uw","{""id"":""sui-qianwan-2015-03-25-li-kan-finds-li-dingyi-book-with-intact-preface-at-uw"",""date"":""2015-03-25"",""displayDate"":""2015年3月25日星期三"",""datePrecision"":""day"",""title"":""李戡在华盛顿大学图书馆借到保留李敖序的《中国文学史》"",""summary"":""《2015年3月》写，2015年3月25日，李戡来电话说，自己在华盛顿大学图书馆借到李鼎彝的《中国文学史》。李敖告诉他，此书原有自己写的序，出版后被国民党政府下令撕掉；李戡手中那本序仍健在，使李敖感慨“外国图书馆竟有我们祖孙三代的书”。"",""view"":[""家庭线"",""著作线"",""藏书线""],""tags"":[""李戡"",""李鼎彝"",""中国文学史"",""华盛顿大学图书馆"",""序""],""people"":[""李敖"",""李戡"",""李鼎彝""],""places"":[""华盛顿大学图书馆""],""works"":[""中国文学史"",""虽千万人，李敖往矣""],""certainty"":""confirmed"",""source"":{""book"":""虽千万人，李敖往矣"",""chapter"":""033.2015年3月"",""path"":""《大李敖全集5.0》（wjm_tcy版）分章节/005.诗集语录类/005.虽千万人，李敖往矣/033.2015年3月.txt"",""line"":93},""dataFile"":""data/timeline-events-sui-qianwan-li-ao-wangyi.json""}"
"25473","2015","2015-04-04","2015年4月4日下午，台北敦化南路家中","day","confirmed","李敖在敦化南路家中接受《海峡导报》采访，谈80岁新书和微博","4月4日下午，《海峡导报》驻台记者到台北市敦化南路李敖家中拜访，并把此前多次专访李敖父子的报纸作为生日礼物送给他。李敖感谢长期关注，受访一个多小时；采访中他说自己每天坚持写一条微博、写满140字且粉丝已一千多万，4月25日80岁生日将出《李敖风流自传》和《虽千万人，李敖往矣》两本书庆生。记者手记又记，李敖原以正在出书为由婉拒，听说记者将返厦门后答应受访，还在门外贴“李”字、递水、延长访谈并合影。","李敖、吴生林、李戡","台北、敦化南路李敖家中、厦门","海峡导报、台北家中、80岁生日、微博、李敖风流自传、虽千万人，李敖往矣","访谈线、出版线、微博线、晚年线","李敖访谈录1990-2018、李敖风流自传、虽千万人，李敖往矣","book7-2015-early-turns-hello-li-ao-into-full-book-though-ten-million-followers-milestone、sui-qianwan-2015-04-25-fengliu-zizhuan-published-in-taiwan","李敖访谈录1990-2018","071.20150407《海峡导报》专访李敖","5","《大李敖全集5.0》（wjm_tcy版）分章节/007.采访序跋类/005.李敖访谈录1990-2018/071.20150407《海峡导报》专访李敖.txt","","[]","data/timeline-events-li-ao-fangtanlu-1990-2018.json","li-ao-fangtanlu-2015-04-04-haixia-daobao-home-interview-before-80th-birthday","{""id"":""li-ao-fangtanlu-2015-04-04-haixia-daobao-home-interview-before-80th-birthday"",""date"":""2015-04-04"",""displayDate"":""2015年4月4日下午，台北敦化南路家中"",""datePrecision"":""day"",""title"":""李敖在敦化南路家中接受《海峡导报》采访，谈80岁新书和微博"",""summary"":""4月4日下午，《海峡导报》驻台记者到台北市敦化南路李敖家中拜访，并把此前多次专访李敖父子的报纸作为生日礼物送给他。李敖感谢长期关注，受访一个多小时；采访中他说自己每天坚持写一条微博、写满140字且粉丝已一千多万，4月25日80岁生日将出《李敖风流自传》和《虽千万人，李敖往矣》两本书庆生。记者手记又记，李敖原以正在出书为由婉拒，听说记者将返厦门后答应受访，还在门外贴“李”字、递水、延长访谈并合影。"",""category"":""interview"",""type"":""李敖当事人事件"",""source"":{""book"":""李敖访谈录1990-2018"",""chapter"":""071.20150407《海峡导报》专访李敖"",""path"":""《大李敖全集5.0》（wjm_tcy版）分章节/007.采访序跋类/005.李敖访谈录1990-2018/071.20150407《海峡导报》专访李敖.txt"",""line"":5,""lines"":[3,5,7,41,45,47,49,59,61,63]},""certainty"":""confirmed"",""tags"":[""海峡导报"",""台北家中"",""80岁生日"",""微博"",""李敖风流自传"",""虽千万人，李敖往矣""],""people"":[""李敖"",""吴生林"",""李戡""],""places"":[""台北"",""敦化南路李敖家中"",""厦门""],""works"":[""李敖访谈录1990-2018"",""李敖风流自传"",""虽千万人，李敖往矣""],""view"":[""访谈线"",""出版线"",""微博线"",""晚年线""],""crossReferences"":[""book7-2015-early-turns-hello-li-ao-into-full-book-though-ten-million-followers-milestone"",""sui-qianwan-2015-04-25-fengliu-zizhuan-published-in-taiwan""],""dataFile"":""data/timeline-events-li-ao-fangtanlu-1990-2018.json""}"
"25474","2015","2015-04-19","2015年4月19日星期日","day","confirmed","李敖在八十岁生日前逐一向身体部位祝寿","《2015年4月》“个别祝寿”写，2015年4月19日，李敖把即将到来的八十岁生日拆成身体各部位来祝贺：眼睛、鼻子、耳朵、嘴巴一一点名，最后又以玩笑方式面对男性身体和衰老。","李敖","台北","八十岁、祝寿、身体、自况","晚年线、健康线、日常线","虽千万人，李敖往矣","","虽千万人，李敖往矣","034.2015年4月","111","《大李敖全集5.0》（wjm_tcy版）分章节/005.诗集语录类/005.虽千万人，李敖往矣/034.2015年4月.txt","","[]","data/timeline-events-sui-qianwan-li-ao-wangyi.json","sui-qianwan-2015-04-19-addresses-body-parts-before-eightieth-birthday","{""id"":""sui-qianwan-2015-04-19-addresses-body-parts-before-eightieth-birthday"",""date"":""2015-04-19"",""displayDate"":""2015年4月19日星期日"",""datePrecision"":""day"",""title"":""李敖在八十岁生日前逐一向身体部位祝寿"",""summary"":""《2015年4月》“个别祝寿”写，2015年4月19日，李敖把即将到来的八十岁生日拆成身体各部位来祝贺：眼睛、鼻子、耳朵、嘴巴一一点名，最后又以玩笑方式面对男性身体和衰老。"",""view"":[""晚年线"",""健康线"",""日常线""],""tags"":[""八十岁"",""祝寿"",""身体"",""自况""],""people"":[""李敖""],""places"":[""台北""],""works"":[""虽千万人，李敖往矣""],""certainty"":""confirmed"",""source"":{""book"":""虽千万人，李敖往矣"",""chapter"":""034.2015年4月"",""path"":""《大李敖全集5.0》（wjm_tcy版）分章节/005.诗集语录类/005.虽千万人，李敖往矣/034.2015年4月.txt"",""line"":111},""dataFile"":""data/timeline-events-sui-qianwan-li-ao-wangyi.json""}"
"25475","2015","2015-04-20","2015年4月20日星期一","day","confirmed","潘毓刚不断传资料给李敖并提醒冒名假文","《2015年4月》“小蟋蟀潘毓刚”写，2015年4月20日，李敖称潘毓刚是终身级好友，也是自己在美国的“网民”，常一再传资料给他，并提醒许多化名李敖的假文章。4月23日，潘毓刚又传来一篇冒充李敖的假文。","李敖、潘毓刚","美国、台北","潘毓刚、假文章、网民、资料","交游线、网络线、写作线","虽千万人，李敖往矣","","虽千万人，李敖往矣","034.2015年4月","117","《大李敖全集5.0》（wjm_tcy版）分章节/005.诗集语录类/005.虽千万人，李敖往矣/034.2015年4月.txt","虽千万人，李敖往矣 / 034.2015年4月 / line 135 / 说明：4月23日潘毓刚又传来冒充李敖的假文章。 / 《大李敖全集5.0》（wjm_tcy版）分章节/005.诗集语录类/005.虽千万人，李敖往矣/034.2015年4月.txt || 虽千万人，李敖往矣 / 045.2016年8月 / line 87 / 说明：2016年8月21日李敖再次声明外界捏造文章、借李敖文章泄私情，所捧所骂均非他写。 / 《大李敖全集5.0》（wjm_tcy版）分章节/005.诗集语录类/005.虽千万人，李敖往矣/045.2016年8月.txt || 虽千万人，李敖往矣 / 048.2016年11月 / line 57 / 说明：2016年11月14日说明外面假文章太多，李敖天天在微博宣示主权、一概否认。 / 《大李敖全集5.0》（wjm_tcy版）分章节/005.诗集语录类/005.虽千万人，李敖往矣/048.2016年11月.txt","[{""book"":""虽千万人，李敖往矣"",""chapter"":""034.2015年4月"",""path"":""《大李敖全集5.0》（wjm_tcy版）分章节/005.诗集语录类/005.虽千万人，李敖往矣/034.2015年4月.txt"",""line"":135,""note"":""4月23日潘毓刚又传来冒充李敖的假文章。""},{""book"":""虽千万人，李敖往矣"",""chapter"":""045.2016年8月"",""path"":""《大李敖全集5.0》（wjm_tcy版）分章节/005.诗集语录类/005.虽千万人，李敖往矣/045.2016年8月.txt"",""line"":87,""note"":""2016年8月21日李敖再次声明外界捏造文章、借李敖文章泄私情，所捧所骂均非他写。""},{""book"":""虽千万人，李敖往矣"",""chapter"":""048.2016年11月"",""path"":""《大李敖全集5.0》（wjm_tcy版）分章节/005.诗集语录类/005.虽千万人，李敖往矣/048.2016年11月.txt"",""line"":57,""note"":""2016年11月14日说明外面假文章太多，李敖天天在微博宣示主权、一概否认。""}]","data/timeline-events-sui-qianwan-li-ao-wangyi.json","sui-qianwan-2015-04-20-pan-yugang-sends-materials-and-fake-articles","{""id"":""sui-qianwan-2015-04-20-pan-yugang-sends-materials-and-fake-articles"",""date"":""2015-04-20"",""displayDate"":""2015年4月20日星期一"",""datePrecision"":""day"",""title"":""潘毓刚不断传资料给李敖并提醒冒名假文"",""summary"":""《2015年4月》“小蟋蟀潘毓刚”写，2015年4月20日，李敖称潘毓刚是终身级好友，也是自己在美国的“网民”，常一再传资料给他，并提醒许多化名李敖的假文章。4月23日，潘毓刚又传来一篇冒充李敖的假文。"",""view"":[""交游线"",""网络线"",""写作线""],""tags"":[""潘毓刚"",""假文章"",""网民"",""资料""],""people"":[""李敖"",""潘毓刚""],""places"":[""美国"",""台北""],""works"":[""虽千万人，李敖往矣""],""certainty"":""confirmed"",""source"":{""book"":""虽千万人，李敖往矣"",""chapter"":""034.2015年4月"",""path"":""《大李敖全集5.0》（wjm_tcy版）分章节/005.诗集语录类/005.虽千万人，李敖往矣/034.2015年4月.txt"",""line"":117},""additionalSources"":[{""book"":""虽千万人，李敖往矣"",""chapter"":""034.2015年4月"",""path"":""《大李敖全集5.0》（wjm_tcy版）分章节/005.诗集语录类/005.虽千万人，李敖往矣/034.2015年4月.txt"",""line"":135,""note"":""4月23日潘毓刚又传来冒充李敖的假文章。""},{""book"":""虽千万人，李敖往矣"",""chapter"":""045.2016年8月"",""path"":""《大李敖全集5.0》（wjm_tcy版）分章节/005.诗集语录类/005.虽千万人，李敖往矣/045.2016年8月.txt"",""line"":87,""note"":""2016年8月21日李敖再次声明外界捏造文章、借李敖文章泄私情，所捧所骂均非他写。""},{""book"":""虽千万人，李敖往矣"",""chapter"":""048.2016年11月"",""path"":""《大李敖全集5.0》（wjm_tcy版）分章节/005.诗集语录类/005.虽千万人，李敖往矣/048.2016年11月.txt"",""line"":57,""note"":""2016年11月14日说明外面假文章太多，李敖天天在微博宣示主权、一概否认。""}],""dataFile"":""data/timeline-events-sui-qianwan-li-ao-wangyi.json""}"
"25476","2015","2015-04-24","2015年4月24日星期五","day","confirmed","海峡彼岸旧战友专机赴台为李敖八十岁生日送礼","《2015年4月》“送来礼物的人”写，2015年4月24日，李敖记一位十多年前曾共事同梦的旧战友，从海峡彼岸专机飞到台湾，四小时后飞离；对方送来八件礼物，也亲自到场，成为李敖八十岁生日里“深沉的生日礼物”。原文未点名此人，本条据书内文本不作外推。","李敖","台湾","八十岁、生日、专机、礼物、旧战友","交游线、晚年线","虽千万人，李敖往矣","","虽千万人，李敖往矣","034.2015年4月","141","《大李敖全集5.0》（wjm_tcy版）分章节/005.诗集语录类/005.虽千万人，李敖往矣/034.2015年4月.txt","","[]","data/timeline-events-sui-qianwan-li-ao-wangyi.json","sui-qianwan-2015-04-24-old-comrade-flies-private-jet-for-eightieth-birthday","{""id"":""sui-qianwan-2015-04-24-old-comrade-flies-private-jet-for-eightieth-birthday"",""date"":""2015-04-24"",""displayDate"":""2015年4月24日星期五"",""datePrecision"":""day"",""title"":""海峡彼岸旧战友专机赴台为李敖八十岁生日送礼"",""summary"":""《2015年4月》“送来礼物的人”写，2015年4月24日，李敖记一位十多年前曾共事同梦的旧战友，从海峡彼岸专机飞到台湾，四小时后飞离；对方送来八件礼物，也亲自到场，成为李敖八十岁生日里“深沉的生日礼物”。原文未点名此人，本条据书内文本不作外推。"",""view"":[""交游线"",""晚年线""],""tags"":[""八十岁"",""生日"",""专机"",""礼物"",""旧战友""],""people"":[""李敖""],""places"":[""台湾""],""works"":[""虽千万人，李敖往矣""],""certainty"":""confirmed"",""source"":{""book"":""虽千万人，李敖往矣"",""chapter"":""034.2015年4月"",""path"":""《大李敖全集5.0》（wjm_tcy版）分章节/005.诗集语录类/005.虽千万人，李敖往矣/034.2015年4月.txt"",""line"":141},""dataFile"":""data/timeline-events-sui-qianwan-li-ao-wangyi.json""}"
"25477","2015","2015-04-25","2015年4月25日星期六","day","confirmed","《李敖风流自传》在台湾出版","《2015年5月》“《李敖风流自传》”写，《李敖风流自传》已于2015年4月25日在台湾出版，全书目录44页、正文674页、扉页4页、配图48页，共770页。此前3月29日，李敖已在微博中预告该书将作为八十岁生日新书出版，并说明内容“太麻辣”而没有大陆版。","李敖","台湾","李敖风流自传、出版、台湾、八十岁、无大陆版","出版线、著作线、晚年线","李敖风流自传、虽千万人，李敖往矣","book7-2014-12-17-records-diary-turning-toward-writing-fengliu-zizhuan、book7-2015-early-turns-hello-li-ao-into-full-book-though-ten-million-followers-milestone、li-ao-fangtanlu-2015-04-04-haixia-daobao-home-interview-before-80th-birthday、li-ao-fangtanlu-2015-07-30-ctv-interview-love-marriage-and-fengliu-zizhuan","虽千万人，李敖往矣","035.2015年5月","13","《大李敖全集5.0》（wjm_tcy版）分章节/005.诗集语录类/005.虽千万人，李敖往矣/035.2015年5月.txt","虽千万人，李敖往矣 / 033.2015年3月 / line 109 / 说明：3月29日预告4月25日将出版《李敖风流自传》庆祝八十岁，并说明无大陆版。 / 《大李敖全集5.0》（wjm_tcy版）分章节/005.诗集语录类/005.虽千万人，李敖往矣/033.2015年3月.txt || 李敖访谈录1990-2018 / 071.20150407《海峡导报》专访李敖 / line 49 / 说明：《海峡导报》访问中李敖说明《李敖风流自传》是80岁生日新书之一。 / 《大李敖全集5.0》（wjm_tcy版）分章节/007.采访序跋类/005.李敖访谈录1990-2018/071.20150407《海峡导报》专访李敖.txt || 李敖访谈录1990-2018 / 072.20150730中视专访李敖 / line 15 / 说明：中视专访报道补充80岁李敖为自己写《李敖风流自传》。 / 《大李敖全集5.0》（wjm_tcy版）分章节/007.采访序跋类/005.李敖访谈录1990-2018/072.20150730中视专访李敖.txt","[{""book"":""虽千万人，李敖往矣"",""chapter"":""033.2015年3月"",""path"":""《大李敖全集5.0》（wjm_tcy版）分章节/005.诗集语录类/005.虽千万人，李敖往矣/033.2015年3月.txt"",""line"":109,""note"":""3月29日预告4月25日将出版《李敖风流自传》庆祝八十岁，并说明无大陆版。""},{""book"":""李敖访谈录1990-2018"",""chapter"":""071.20150407《海峡导报》专访李敖"",""path"":""《大李敖全集5.0》（wjm_tcy版）分章节/007.采访序跋类/005.李敖访谈录1990-2018/071.20150407《海峡导报》专访李敖.txt"",""line"":49,""lines"":[49],""note"":""《海峡导报》访问中李敖说明《李敖风流自传》是80岁生日新书之一。""},{""book"":""李敖访谈录1990-2018"",""chapter"":""072.20150730中视专访李敖"",""path"":""《大李敖全集5.0》（wjm_tcy版）分章节/007.采访序跋类/005.李敖访谈录1990-2018/072.20150730中视专访李敖.txt"",""line"":15,""lines"":[15],""note"":""中视专访报道补充80岁李敖为自己写《李敖风流自传》。""}]","data/timeline-events-sui-qianwan-li-ao-wangyi.json","sui-qianwan-2015-04-25-fengliu-zizhuan-published-in-taiwan","{""id"":""sui-qianwan-2015-04-25-fengliu-zizhuan-published-in-taiwan"",""date"":""2015-04-25"",""displayDate"":""2015年4月25日星期六"",""datePrecision"":""day"",""title"":""《李敖风流自传》在台湾出版"",""summary"":""《2015年5月》“《李敖风流自传》”写，《李敖风流自传》已于2015年4月25日在台湾出版，全书目录44页、正文674页、扉页4页、配图48页，共770页。此前3月29日，李敖已在微博中预告该书将作为八十岁生日新书出版，并说明内容“太麻辣”而没有大陆版。"",""view"":[""出版线"",""著作线"",""晚年线""],""tags"":[""李敖风流自传"",""出版"",""台湾"",""八十岁"",""无大陆版""],""people"":[""李敖""],""places"":[""台湾""],""works"":[""李敖风流自传"",""虽千万人，李敖往矣""],""certainty"":""confirmed"",""crossReferences"":[""book7-2014-12-17-records-diary-turning-toward-writing-fengliu-zizhuan"",""book7-2015-early-turns-hello-li-ao-into-full-book-though-ten-million-followers-milestone"",""li-ao-fangtanlu-2015-04-04-haixia-daobao-home-interview-before-80th-birthday"",""li-ao-fangtanlu-2015-07-30-ctv-interview-love-marriage-and-fengliu-zizhuan""],""source"":{""book"":""虽千万人，李敖往矣"",""chapter"":""035.2015年5月"",""path"":""《大李敖全集5.0》（wjm_tcy版）分章节/005.诗集语录类/005.虽千万人，李敖往矣/035.2015年5月.txt"",""line"":13},""additionalSources"":[{""book"":""虽千万人，李敖往矣"",""chapter"":""033.2015年3月"",""path"":""《大李敖全集5.0》（wjm_tcy版）分章节/005.诗集语录类/005.虽千万人，李敖往矣/033.2015年3月.txt"",""line"":109,""note"":""3月29日预告4月25日将出版《李敖风流自传》庆祝八十岁，并说明无大陆版。""},{""book"":""李敖访谈录1990-2018"",""chapter"":""071.20150407《海峡导报》专访李敖"",""path"":""《大李敖全集5.0》（wjm_tcy版）分章节/007.采访序跋类/005.李敖访谈录1990-2018/071.20150407《海峡导报》专访李敖.txt"",""line"":49,""lines"":[49],""note"":""《海峡导报》访问中李敖说明《李敖风流自传》是80岁生日新书之一。""},{""book"":""李敖访谈录1990-2018"",""chapter"":""072.20150730中视专访李敖"",""path"":""《大李敖全集5.0》（wjm_tcy版）分章节/007.采访序跋类/005.李敖访谈录1990-2018/072.20150730中视专访李敖.txt"",""line"":15,""lines"":[15],""note"":""中视专访报道补充80岁李敖为自己写《李敖风流自传》。""}],""dataFile"":""data/timeline-events-sui-qianwan-li-ao-wangyi.json""}"
"25478","2015","2015-05-01","2015年5月1日星期五","day","confirmed","张小燕再邀李敖上节目，郑乃嘉因附加第三人条件拒绝","《2015年5月》“给张小燕的一封信”写，张小燕日前再次邀请李敖上节目，但制作班子附加条件，要求找一位年轻第三者参加。李敖说经纪人郑乃嘉因此拒绝参加，并以写给张小燕的信记录这次节目邀约与拒绝。","李敖、张小燕、郑乃嘉","台湾","张小燕、郑乃嘉、电视节目、经纪","媒体线、交游线、晚年线","虽千万人，李敖往矣","","虽千万人，李敖往矣","035.2015年5月","7","《大李敖全集5.0》（wjm_tcy版）分章节/005.诗集语录类/005.虽千万人，李敖往矣/035.2015年5月.txt","","[]","data/timeline-events-sui-qianwan-li-ao-wangyi.json","sui-qianwan-2015-05-01-zheng-naijia-declines-chang-xiaoyan-program-condition","{""id"":""sui-qianwan-2015-05-01-zheng-naijia-declines-chang-xiaoyan-program-condition"",""date"":""2015-05-01"",""displayDate"":""2015年5月1日星期五"",""datePrecision"":""day"",""title"":""张小燕再邀李敖上节目，郑乃嘉因附加第三人条件拒绝"",""summary"":""《2015年5月》“给张小燕的一封信”写，张小燕日前再次邀请李敖上节目，但制作班子附加条件，要求找一位年轻第三者参加。李敖说经纪人郑乃嘉因此拒绝参加，并以写给张小燕的信记录这次节目邀约与拒绝。"",""view"":[""媒体线"",""交游线"",""晚年线""],""tags"":[""张小燕"",""郑乃嘉"",""电视节目"",""经纪""],""people"":[""李敖"",""张小燕"",""郑乃嘉""],""places"":[""台湾""],""works"":[""虽千万人，李敖往矣""],""certainty"":""confirmed"",""source"":{""book"":""虽千万人，李敖往矣"",""chapter"":""035.2015年5月"",""path"":""《大李敖全集5.0》（wjm_tcy版）分章节/005.诗集语录类/005.虽千万人，李敖往矣/035.2015年5月.txt"",""line"":7},""dataFile"":""data/timeline-events-sui-qianwan-li-ao-wangyi.json""}"
"25479","2015","2015-05-08","2015年5月8日星期五","day","confirmed","陪伴李敖十多年的浪琴表在八十岁生日后停走","《2015年5月》“浪琴表”写，十多年前，一位17岁女生在钟表行为李敖选了一支浪琴表；从70岁生日到80岁生日，李敖一直戴着它。80岁生日刚过，表停了，李敖说自己知道不会再修它。","李敖","台湾","浪琴表、八十岁、十七岁、日常物件","日常线、晚年线、情感线","虽千万人，李敖往矣、虚拟的十七岁","","虽千万人，李敖往矣","035.2015年5月","49","《大李敖全集5.0》（wjm_tcy版）分章节/005.诗集语录类/005.虽千万人，李敖往矣/035.2015年5月.txt","","[]","data/timeline-events-sui-qianwan-li-ao-wangyi.json","sui-qianwan-2015-05-08-longines-watch-stops-after-eightieth-birthday","{""id"":""sui-qianwan-2015-05-08-longines-watch-stops-after-eightieth-birthday"",""date"":""2015-05-08"",""displayDate"":""2015年5月8日星期五"",""datePrecision"":""day"",""title"":""陪伴李敖十多年的浪琴表在八十岁生日后停走"",""summary"":""《2015年5月》“浪琴表”写，十多年前，一位17岁女生在钟表行为李敖选了一支浪琴表；从70岁生日到80岁生日，李敖一直戴着它。80岁生日刚过，表停了，李敖说自己知道不会再修它。"",""view"":[""日常线"",""晚年线"",""情感线""],""tags"":[""浪琴表"",""八十岁"",""十七岁"",""日常物件""],""people"":[""李敖""],""places"":[""台湾""],""works"":[""虽千万人，李敖往矣"",""虚拟的十七岁""],""certainty"":""confirmed"",""source"":{""book"":""虽千万人，李敖往矣"",""chapter"":""035.2015年5月"",""path"":""《大李敖全集5.0》（wjm_tcy版）分章节/005.诗集语录类/005.虽千万人，李敖往矣/035.2015年5月.txt"",""line"":49},""dataFile"":""data/timeline-events-sui-qianwan-li-ao-wangyi.json""}"
"25480","2015","2015-06-09","2015年6月9日","day","confirmed","李敖在青年论坛八十演讲大会开场承认听力变差反应变慢","李敖在与陈文茜的青年论坛对谈开场说自己听力差、反应变慢，并笑称陈文茜有恶意，他只能准备招架。","李敖、陈文茜","台北","李敖演讲集、演讲、青年论坛、80演讲大会、陈文茜对谈、八十演讲大会、听力、陈文茜","演讲线、公共事件线","李敖演讲集、053.20150609李敖青年论坛演讲","","李敖演讲集","053.20150609李敖青年论坛演讲","29","《大李敖全集5.0》（wjm_tcy版）分章节/010.节目演讲类/011.李敖演讲集/053.20150609李敖青年论坛演讲.txt","","[]","data/timeline-events-li-ao-yanjiangji.json","li-ao-yanjiangji-053-opens-eighty-talk-with-hearing-loss-and-slower-reaction","{""id"":""li-ao-yanjiangji-053-opens-eighty-talk-with-hearing-loss-and-slower-reaction"",""date"":""2015-06-09"",""displayDate"":""2015年6月9日"",""datePrecision"":""day"",""title"":""李敖在青年论坛八十演讲大会开场承认听力变差反应变慢"",""summary"":""李敖在与陈文茜的青年论坛对谈开场说自己听力差、反应变慢，并笑称陈文茜有恶意，他只能准备招架。"",""view"":[""演讲线"",""公共事件线""],""tags"":[""李敖演讲集"",""演讲"",""青年论坛"",""80演讲大会"",""陈文茜对谈"",""八十演讲大会"",""听力"",""陈文茜""],""people"":[""李敖"",""陈文茜""],""places"":[""台北""],""works"":[""李敖演讲集"",""053.20150609李敖青年论坛演讲""],""certainty"":""confirmed"",""source"":{""book"":""李敖演讲集"",""chapter"":""053.20150609李敖青年论坛演讲"",""path"":""《大李敖全集5.0》（wjm_tcy版）分章节/010.节目演讲类/011.李敖演讲集/053.20150609李敖青年论坛演讲.txt"",""line"":29,""lines"":[29]},""crossReferences"":[],""dataFile"":""data/timeline-events-li-ao-yanjiangji.json""}"
"25481","2015","2015-06-09","2015年6月9日","day","confirmed","李敖在青年论坛从把马子词源讲到老年欲望阶段","李敖说自己不忌讳生命和死亡，再解释“把马子”来自唐代避虎讳的语言变化，并把男性年轻、中年、老年的欲望对象讲成阶段笑话。","李敖","台北","李敖演讲集、演讲、青年论坛、80演讲大会、陈文茜对谈、把马子、避讳、老年、生命死亡、语言","演讲线、公共事件线","李敖演讲集、053.20150609李敖青年论坛演讲","","李敖演讲集","053.20150609李敖青年论坛演讲","97","《大李敖全集5.0》（wjm_tcy版）分章节/010.节目演讲类/011.李敖演讲集/053.20150609李敖青年论坛演讲.txt","","[]","data/timeline-events-li-ao-yanjiangji.json","li-ao-yanjiangji-053-explains-bamazi-taboo-etymology-and-aging-desire-stages","{""id"":""li-ao-yanjiangji-053-explains-bamazi-taboo-etymology-and-aging-desire-stages"",""date"":""2015-06-09"",""displayDate"":""2015年6月9日"",""datePrecision"":""day"",""title"":""李敖在青年论坛从把马子词源讲到老年欲望阶段"",""summary"":""李敖说自己不忌讳生命和死亡，再解释“把马子”来自唐代避虎讳的语言变化，并把男性年轻、中年、老年的欲望对象讲成阶段笑话。"",""view"":[""演讲线"",""公共事件线""],""tags"":[""李敖演讲集"",""演讲"",""青年论坛"",""80演讲大会"",""陈文茜对谈"",""把马子"",""避讳"",""老年"",""生命死亡"",""语言""],""people"":[""李敖""],""places"":[""台北""],""works"":[""李敖演讲集"",""053.20150609李敖青年论坛演讲""],""certainty"":""confirmed"",""source"":{""book"":""李敖演讲集"",""chapter"":""053.20150609李敖青年论坛演讲"",""path"":""《大李敖全集5.0》（wjm_tcy版）分章节/010.节目演讲类/011.李敖演讲集/053.20150609李敖青年论坛演讲.txt"",""line"":97,""lines"":[97]},""crossReferences"":[],""dataFile"":""data/timeline-events-li-ao-yanjiangji.json""}"
"25482","2015","2015-06-09","2015年6月9日","day","confirmed","李敖在青年论坛以五十六岁写《北京法源寺》说明经典要慢慢写","李敖说《北京法源寺》是他五十六岁写的，并借世界经典作品说明真正经得起时间的书常常要慢慢写。","李敖","台北","李敖演讲集、演讲、青年论坛、80演讲大会、陈文茜对谈、北京法源寺、经典、写作速度","演讲线、公共事件线","李敖演讲集、053.20150609李敖青年论坛演讲、北京法源寺","","李敖演讲集","053.20150609李敖青年论坛演讲","357","《大李敖全集5.0》（wjm_tcy版）分章节/010.节目演讲类/011.李敖演讲集/053.20150609李敖青年论坛演讲.txt","","[]","data/timeline-events-li-ao-yanjiangji.json","li-ao-yanjiangji-053-uses-beijing-fayuansi-to-say-classics-are-written-slowly","{""id"":""li-ao-yanjiangji-053-uses-beijing-fayuansi-to-say-classics-are-written-slowly"",""date"":""2015-06-09"",""displayDate"":""2015年6月9日"",""datePrecision"":""day"",""title"":""李敖在青年论坛以五十六岁写《北京法源寺》说明经典要慢慢写"",""summary"":""李敖说《北京法源寺》是他五十六岁写的，并借世界经典作品说明真正经得起时间的书常常要慢慢写。"",""view"":[""演讲线"",""公共事件线""],""tags"":[""李敖演讲集"",""演讲"",""青年论坛"",""80演讲大会"",""陈文茜对谈"",""北京法源寺"",""经典"",""写作速度""],""people"":[""李敖""],""places"":[""台北""],""works"":[""李敖演讲集"",""053.20150609李敖青年论坛演讲"",""北京法源寺""],""certainty"":""confirmed"",""source"":{""book"":""李敖演讲集"",""chapter"":""053.20150609李敖青年论坛演讲"",""path"":""《大李敖全集5.0》（wjm_tcy版）分章节/010.节目演讲类/011.李敖演讲集/053.20150609李敖青年论坛演讲.txt"",""line"":357,""lines"":[357,359,361,363,365]},""crossReferences"":[],""dataFile"":""data/timeline-events-li-ao-yanjiangji.json""}"
"25483","2015","2015-06-09","2015年6月9日","day","confirmed","李敖在青年论坛以同辈死亡和失智标记八十岁处境","李敖说到八十岁时同辈陆续死亡或衰退，包括歌唱家、蔡同荣和失智的石齐平，用这些对照自己的晚年状态。","李敖、蔡同荣、石齐平","台北","李敖演讲集、演讲、青年论坛、80演讲大会、陈文茜对谈、八十岁、同辈、死亡、蔡同荣、石齐平","演讲线、公共事件线","李敖演讲集、053.20150609李敖青年论坛演讲","","李敖演讲集","053.20150609李敖青年论坛演讲","73","《大李敖全集5.0》（wjm_tcy版）分章节/010.节目演讲类/011.李敖演讲集/053.20150609李敖青年论坛演讲.txt","","[]","data/timeline-events-li-ao-yanjiangji.json","li-ao-yanjiangji-053-lists-dead-or-declining-peers-at-age-eighty","{""id"":""li-ao-yanjiangji-053-lists-dead-or-declining-peers-at-age-eighty"",""date"":""2015-06-09"",""displayDate"":""2015年6月9日"",""datePrecision"":""day"",""title"":""李敖在青年论坛以同辈死亡和失智标记八十岁处境"",""summary"":""李敖说到八十岁时同辈陆续死亡或衰退，包括歌唱家、蔡同荣和失智的石齐平，用这些对照自己的晚年状态。"",""view"":[""演讲线"",""公共事件线""],""tags"":[""李敖演讲集"",""演讲"",""青年论坛"",""80演讲大会"",""陈文茜对谈"",""八十岁"",""同辈"",""死亡"",""蔡同荣"",""石齐平""],""people"":[""李敖"",""蔡同荣"",""石齐平""],""places"":[""台北""],""works"":[""李敖演讲集"",""053.20150609李敖青年论坛演讲""],""certainty"":""confirmed"",""source"":{""book"":""李敖演讲集"",""chapter"":""053.20150609李敖青年论坛演讲"",""path"":""《大李敖全集5.0》（wjm_tcy版）分章节/010.节目演讲类/011.李敖演讲集/053.20150609李敖青年论坛演讲.txt"",""line"":73,""lines"":[73]},""crossReferences"":[],""dataFile"":""data/timeline-events-li-ao-yanjiangji.json""}"
"25484","2015","2015-06-09","2015年6月9日","day","confirmed","李敖在青年论坛以殷海光被气死故事发誓自己要活到一百零六","李敖说殷海光因对蒋介石生气而胃癌去世，敌人却活得更久；他因此说自己不能这样想不开，要活到一百零六。","李敖、殷海光、蒋介石","台北","李敖演讲集、演讲、青年论坛、80演讲大会、陈文茜对谈、殷海光、蒋介石、长寿、胃癌","演讲线、公共事件线","李敖演讲集、053.20150609李敖青年论坛演讲","","李敖演讲集","053.20150609李敖青年论坛演讲","207","《大李敖全集5.0》（wjm_tcy版）分章节/010.节目演讲类/011.李敖演讲集/053.20150609李敖青年论坛演讲.txt","","[]","data/timeline-events-li-ao-yanjiangji.json","li-ao-yanjiangji-053-uses-yin-haiguang-stomach-cancer-to-vow-living-to-one-hundred-six","{""id"":""li-ao-yanjiangji-053-uses-yin-haiguang-stomach-cancer-to-vow-living-to-one-hundred-six"",""date"":""2015-06-09"",""displayDate"":""2015年6月9日"",""datePrecision"":""day"",""title"":""李敖在青年论坛以殷海光被气死故事发誓自己要活到一百零六"",""summary"":""李敖说殷海光因对蒋介石生气而胃癌去世，敌人却活得更久；他因此说自己不能这样想不开，要活到一百零六。"",""view"":[""演讲线"",""公共事件线""],""tags"":[""李敖演讲集"",""演讲"",""青年论坛"",""80演讲大会"",""陈文茜对谈"",""殷海光"",""蒋介石"",""长寿"",""胃癌""],""people"":[""李敖"",""殷海光"",""蒋介石""],""places"":[""台北""],""works"":[""李敖演讲集"",""053.20150609李敖青年论坛演讲""],""certainty"":""confirmed"",""source"":{""book"":""李敖演讲集"",""chapter"":""053.20150609李敖青年论坛演讲"",""path"":""《大李敖全集5.0》（wjm_tcy版）分章节/010.节目演讲类/011.李敖演讲集/053.20150609李敖青年论坛演讲.txt"",""line"":207,""lines"":[207,209,211]},""crossReferences"":[],""dataFile"":""data/timeline-events-li-ao-yanjiangji.json""}"
"25485","2015","2015-06-09","2015年6月9日","day","confirmed","李敖在青年论坛用马克吐温回应自己的死讯谣言","李敖谈到外界传他死讯时，借马克吐温说死讯被夸大来回应，表示这类传闻不足为奇。","李敖、马克·吐温","台北","李敖演讲集、演讲、青年论坛、80演讲大会、陈文茜对谈、死讯谣言、马克吐温","演讲线、公共事件线","李敖演讲集、053.20150609李敖青年论坛演讲","","李敖演讲集","053.20150609李敖青年论坛演讲","81","《大李敖全集5.0》（wjm_tcy版）分章节/010.节目演讲类/011.李敖演讲集/053.20150609李敖青年论坛演讲.txt","","[]","data/timeline-events-li-ao-yanjiangji.json","li-ao-yanjiangji-053-answers-death-rumor-with-mark-twain-example","{""id"":""li-ao-yanjiangji-053-answers-death-rumor-with-mark-twain-example"",""date"":""2015-06-09"",""displayDate"":""2015年6月9日"",""datePrecision"":""day"",""title"":""李敖在青年论坛用马克吐温回应自己的死讯谣言"",""summary"":""李敖谈到外界传他死讯时，借马克吐温说死讯被夸大来回应，表示这类传闻不足为奇。"",""view"":[""演讲线"",""公共事件线""],""tags"":[""李敖演讲集"",""演讲"",""青年论坛"",""80演讲大会"",""陈文茜对谈"",""死讯谣言"",""马克吐温""],""people"":[""李敖"",""马克·吐温""],""places"":[""台北""],""works"":[""李敖演讲集"",""053.20150609李敖青年论坛演讲""],""certainty"":""confirmed"",""source"":{""book"":""李敖演讲集"",""chapter"":""053.20150609李敖青年论坛演讲"",""path"":""《大李敖全集5.0》（wjm_tcy版）分章节/010.节目演讲类/011.李敖演讲集/053.20150609李敖青年论坛演讲.txt"",""line"":81,""lines"":[81]},""crossReferences"":[],""dataFile"":""data/timeline-events-li-ao-yanjiangji.json""}"
"25486","2015","2015-06-09","2015年6月9日","day","confirmed","李敖在青年论坛用现代媒体同步动员解释中共为何怕法轮功","李敖说古代宗教传播慢，现代电话和媒体却能同步动员，因此共产党害怕法轮功并加以禁止，媒介必须谨慎使用。","李敖","台北","李敖演讲集、演讲、青年论坛、80演讲大会、陈文茜对谈、法轮功、媒体、动员、共产党","演讲线、公共事件线","李敖演讲集、053.20150609李敖青年论坛演讲、法轮功","","李敖演讲集","053.20150609李敖青年论坛演讲","433","《大李敖全集5.0》（wjm_tcy版）分章节/010.节目演讲类/011.李敖演讲集/053.20150609李敖青年论坛演讲.txt","","[]","data/timeline-events-li-ao-yanjiangji.json","li-ao-yanjiangji-053-explains-falun-gong-ban-through-modern-media-mobilization","{""id"":""li-ao-yanjiangji-053-explains-falun-gong-ban-through-modern-media-mobilization"",""date"":""2015-06-09"",""displayDate"":""2015年6月9日"",""datePrecision"":""day"",""title"":""李敖在青年论坛用现代媒体同步动员解释中共为何怕法轮功"",""summary"":""李敖说古代宗教传播慢，现代电话和媒体却能同步动员，因此共产党害怕法轮功并加以禁止，媒介必须谨慎使用。"",""view"":[""演讲线"",""公共事件线""],""tags"":[""李敖演讲集"",""演讲"",""青年论坛"",""80演讲大会"",""陈文茜对谈"",""法轮功"",""媒体"",""动员"",""共产党""],""people"":[""李敖""],""places"":[""台北""],""works"":[""李敖演讲集"",""053.20150609李敖青年论坛演讲"",""法轮功""],""certainty"":""confirmed"",""source"":{""book"":""李敖演讲集"",""chapter"":""053.20150609李敖青年论坛演讲"",""path"":""《大李敖全集5.0》（wjm_tcy版）分章节/010.节目演讲类/011.李敖演讲集/053.20150609李敖青年论坛演讲.txt"",""line"":433,""lines"":[433]},""crossReferences"":[],""dataFile"":""data/timeline-events-li-ao-yanjiangji.json""}"
"25487","2015","2015-06-09","2015年6月9日","day","confirmed","李敖在青年论坛用苹果香蕉法教人处理失恋和人生不顺","李敖说吃不到苹果就不要写日记、追悼或自怜，而是丢掉苹果去买香蕉；失恋也一样，不要沉溺反省，找下一个对象。","李敖","台北","李敖演讲集、演讲、青年论坛、80演讲大会、陈文茜对谈、人生方法、失恋、苹果香蕉、情感建议","演讲线、公共事件线","李敖演讲集、053.20150609李敖青年论坛演讲","","李敖演讲集","053.20150609李敖青年论坛演讲","275","《大李敖全集5.0》（wjm_tcy版）分章节/010.节目演讲类/011.李敖演讲集/053.20150609李敖青年论坛演讲.txt","","[]","data/timeline-events-li-ao-yanjiangji.json","li-ao-yanjiangji-053-teaches-apple-banana-method-for-lost-love","{""id"":""li-ao-yanjiangji-053-teaches-apple-banana-method-for-lost-love"",""date"":""2015-06-09"",""displayDate"":""2015年6月9日"",""datePrecision"":""day"",""title"":""李敖在青年论坛用苹果香蕉法教人处理失恋和人生不顺"",""summary"":""李敖说吃不到苹果就不要写日记、追悼或自怜，而是丢掉苹果去买香蕉；失恋也一样，不要沉溺反省，找下一个对象。"",""view"":[""演讲线"",""公共事件线""],""tags"":[""李敖演讲集"",""演讲"",""青年论坛"",""80演讲大会"",""陈文茜对谈"",""人生方法"",""失恋"",""苹果香蕉"",""情感建议""],""people"":[""李敖""],""places"":[""台北""],""works"":[""李敖演讲集"",""053.20150609李敖青年论坛演讲""],""certainty"":""confirmed"",""source"":{""book"":""李敖演讲集"",""chapter"":""053.20150609李敖青年论坛演讲"",""path"":""《大李敖全集5.0》（wjm_tcy版）分章节/010.节目演讲类/011.李敖演讲集/053.20150609李敖青年论坛演讲.txt"",""line"":275,""lines"":[275]},""crossReferences"":[],""dataFile"":""data/timeline-events-li-ao-yanjiangji.json""}"
"25488","2015","2015-06-09","2015年6月9日","day","confirmed","李敖在青年论坛用郑成功母亲故事说明改变想法就是内在自由","李敖讲郑成功母亲故事，强调人可以通过改变想法获得内在自由，而不是完全依赖外部制度。","李敖、郑成功","台北","李敖演讲集、演讲、青年论坛、80演讲大会、陈文茜对谈、郑成功、内在自由、思想转变","演讲线、公共事件线","李敖演讲集、053.20150609李敖青年论坛演讲","","李敖演讲集","053.20150609李敖青年论坛演讲","141","《大李敖全集5.0》（wjm_tcy版）分章节/010.节目演讲类/011.李敖演讲集/053.20150609李敖青年论坛演讲.txt","","[]","data/timeline-events-li-ao-yanjiangji.json","li-ao-yanjiangji-053-uses-koxinga-mother-story-to-explain-inner-freedom","{""id"":""li-ao-yanjiangji-053-uses-koxinga-mother-story-to-explain-inner-freedom"",""date"":""2015-06-09"",""displayDate"":""2015年6月9日"",""datePrecision"":""day"",""title"":""李敖在青年论坛用郑成功母亲故事说明改变想法就是内在自由"",""summary"":""李敖讲郑成功母亲故事，强调人可以通过改变想法获得内在自由，而不是完全依赖外部制度。"",""view"":[""演讲线"",""公共事件线""],""tags"":[""李敖演讲集"",""演讲"",""青年论坛"",""80演讲大会"",""陈文茜对谈"",""郑成功"",""内在自由"",""思想转变""],""people"":[""李敖"",""郑成功""],""places"":[""台北""],""works"":[""李敖演讲集"",""053.20150609李敖青年论坛演讲""],""certainty"":""confirmed"",""source"":{""book"":""李敖演讲集"",""chapter"":""053.20150609李敖青年论坛演讲"",""path"":""《大李敖全集5.0》（wjm_tcy版）分章节/010.节目演讲类/011.李敖演讲集/053.20150609李敖青年论坛演讲.txt"",""line"":141,""lines"":[141]},""crossReferences"":[],""dataFile"":""data/timeline-events-li-ao-yanjiangji.json""}"
"25489","2015","2015-06-09","2015年6月9日","day","confirmed","李敖在青年论坛用拿破仑科西嘉例子劝台湾人有统治中国的野心","李敖说拿破仑来自科西嘉却做了法国皇帝，台湾人也不该只守台湾，而应有进入大陆、统治中国的野心。","李敖、拿破仑、郭国基","台北","李敖演讲集、演讲、青年论坛、80演讲大会、陈文茜对谈、拿破仑、科西嘉、台湾人、中国、野心","演讲线、公共事件线","李敖演讲集、053.20150609李敖青年论坛演讲","li-ao-yanjiangji-045-uses-napoleon-corsica-to-urge-taiwanese-ambition-in-mainland","李敖演讲集","053.20150609李敖青年论坛演讲","467","《大李敖全集5.0》（wjm_tcy版）分章节/010.节目演讲类/011.李敖演讲集/053.20150609李敖青年论坛演讲.txt","","[]","data/timeline-events-li-ao-yanjiangji.json","li-ao-yanjiangji-053-uses-napoleon-corsica-to-urge-taiwanese-ambition-to-rule-china","{""id"":""li-ao-yanjiangji-053-uses-napoleon-corsica-to-urge-taiwanese-ambition-to-rule-china"",""date"":""2015-06-09"",""displayDate"":""2015年6月9日"",""datePrecision"":""day"",""title"":""李敖在青年论坛用拿破仑科西嘉例子劝台湾人有统治中国的野心"",""summary"":""李敖说拿破仑来自科西嘉却做了法国皇帝，台湾人也不该只守台湾，而应有进入大陆、统治中国的野心。"",""view"":[""演讲线"",""公共事件线""],""tags"":[""李敖演讲集"",""演讲"",""青年论坛"",""80演讲大会"",""陈文茜对谈"",""拿破仑"",""科西嘉"",""台湾人"",""中国"",""野心""],""people"":[""李敖"",""拿破仑"",""郭国基""],""places"":[""台北""],""works"":[""李敖演讲集"",""053.20150609李敖青年论坛演讲""],""certainty"":""confirmed"",""source"":{""book"":""李敖演讲集"",""chapter"":""053.20150609李敖青年论坛演讲"",""path"":""《大李敖全集5.0》（wjm_tcy版）分章节/010.节目演讲类/011.李敖演讲集/053.20150609李敖青年论坛演讲.txt"",""line"":467,""lines"":[467,469,471]},""crossReferences"":[""li-ao-yanjiangji-045-uses-napoleon-corsica-to-urge-taiwanese-ambition-in-mainland""],""dataFile"":""data/timeline-events-li-ao-yanjiangji.json""}"
"25490","2015","2015-06-09","2015年6月9日","day","confirmed","李敖在青年论坛纠正自己来台是坐船并用空姐笑话化解飞行恐惧","李敖纠正陈文茜说他来台是坐船，不是坐飞机；后来刘长乐为他设计爱船、爱车等赴北京路线，他还是选飞机，并靠注意空姐来处理害怕飞行。","李敖、陈文茜、刘长乐","台北、北京","李敖演讲集、演讲、青年论坛、80演讲大会、陈文茜对谈、来台、坐船、飞行恐惧、刘长乐","演讲线、公共事件线","李敖演讲集、053.20150609李敖青年论坛演讲","","李敖演讲集","053.20150609李敖青年论坛演讲","299","《大李敖全集5.0》（wjm_tcy版）分章节/010.节目演讲类/011.李敖演讲集/053.20150609李敖青年论坛演讲.txt","","[]","data/timeline-events-li-ao-yanjiangji.json","li-ao-yanjiangji-053-corrects-taiwan-arrival-by-ship-and-jokes-through-flight-fear","{""id"":""li-ao-yanjiangji-053-corrects-taiwan-arrival-by-ship-and-jokes-through-flight-fear"",""date"":""2015-06-09"",""displayDate"":""2015年6月9日"",""datePrecision"":""day"",""title"":""李敖在青年论坛纠正自己来台是坐船并用空姐笑话化解飞行恐惧"",""summary"":""李敖纠正陈文茜说他来台是坐船，不是坐飞机；后来刘长乐为他设计爱船、爱车等赴北京路线，他还是选飞机，并靠注意空姐来处理害怕飞行。"",""view"":[""演讲线"",""公共事件线""],""tags"":[""李敖演讲集"",""演讲"",""青年论坛"",""80演讲大会"",""陈文茜对谈"",""来台"",""坐船"",""飞行恐惧"",""刘长乐""],""people"":[""李敖"",""陈文茜"",""刘长乐""],""places"":[""台北"",""北京""],""works"":[""李敖演讲集"",""053.20150609李敖青年论坛演讲""],""certainty"":""confirmed"",""source"":{""book"":""李敖演讲集"",""chapter"":""053.20150609李敖青年论坛演讲"",""path"":""《大李敖全集5.0》（wjm_tcy版）分章节/010.节目演讲类/011.李敖演讲集/053.20150609李敖青年论坛演讲.txt"",""line"":299,""lines"":[299,301,303,305,307,309,311,312]},""crossReferences"":[],""dataFile"":""data/timeline-events-li-ao-yanjiangji.json""}"
"25491","2015","2015-06-09","2015年6月9日","day","confirmed","李敖在青年论坛回忆军法审判中沉默不申诉而刑期因蒋介石之死缩短","李敖说自己受军法审判时像耶稣一样沉默，被判十年也不申诉，后来因为蒋介石去世刑期缩短，岳母还说国民党太宽大。","李敖、蒋介石","台北","李敖演讲集、演讲、青年论坛、80演讲大会、陈文茜对谈、军法审判、坐牢、蒋介石、刑期","演讲线、公共事件线","李敖演讲集、053.20150609李敖青年论坛演讲","","李敖演讲集","053.20150609李敖青年论坛演讲","135","《大李敖全集5.0》（wjm_tcy版）分章节/010.节目演讲类/011.李敖演讲集/053.20150609李敖青年论坛演讲.txt","","[]","data/timeline-events-li-ao-yanjiangji.json","li-ao-yanjiangji-053-recalls-military-trial-silence-no-appeal-and-reduced-sentence","{""id"":""li-ao-yanjiangji-053-recalls-military-trial-silence-no-appeal-and-reduced-sentence"",""date"":""2015-06-09"",""displayDate"":""2015年6月9日"",""datePrecision"":""day"",""title"":""李敖在青年论坛回忆军法审判中沉默不申诉而刑期因蒋介石之死缩短"",""summary"":""李敖说自己受军法审判时像耶稣一样沉默，被判十年也不申诉，后来因为蒋介石去世刑期缩短，岳母还说国民党太宽大。"",""view"":[""演讲线"",""公共事件线""],""tags"":[""李敖演讲集"",""演讲"",""青年论坛"",""80演讲大会"",""陈文茜对谈"",""军法审判"",""坐牢"",""蒋介石"",""刑期""],""people"":[""李敖"",""蒋介石""],""places"":[""台北""],""works"":[""李敖演讲集"",""053.20150609李敖青年论坛演讲""],""certainty"":""confirmed"",""source"":{""book"":""李敖演讲集"",""chapter"":""053.20150609李敖青年论坛演讲"",""path"":""《大李敖全集5.0》（wjm_tcy版）分章节/010.节目演讲类/011.李敖演讲集/053.20150609李敖青年论坛演讲.txt"",""line"":135,""lines"":[135]},""crossReferences"":[],""dataFile"":""data/timeline-events-li-ao-yanjiangji.json""}"
"25492","2015","2015-06-09","2015年6月9日","day","confirmed","李敖在青年论坛回忆狗名李敖大哥大并连接节目名称","李敖回忆与陈文茜有关的狗“李敖大哥大”，说这个名字后来连到节目命名和兽医登记趣事。","李敖、陈文茜","台北","李敖演讲集、演讲、青年论坛、80演讲大会、陈文茜对谈、李敖大哥大、陈文茜、节目名称、狗","演讲线、公共事件线","李敖演讲集、053.20150609李敖青年论坛演讲","","李敖演讲集","053.20150609李敖青年论坛演讲","85","《大李敖全集5.0》（wjm_tcy版）分章节/010.节目演讲类/011.李敖演讲集/053.20150609李敖青年论坛演讲.txt","","[]","data/timeline-events-li-ao-yanjiangji.json","li-ao-yanjiangji-053-recalls-dog-li-ao-dageda-and-program-name","{""id"":""li-ao-yanjiangji-053-recalls-dog-li-ao-dageda-and-program-name"",""date"":""2015-06-09"",""displayDate"":""2015年6月9日"",""datePrecision"":""day"",""title"":""李敖在青年论坛回忆狗名李敖大哥大并连接节目名称"",""summary"":""李敖回忆与陈文茜有关的狗“李敖大哥大”，说这个名字后来连到节目命名和兽医登记趣事。"",""view"":[""演讲线"",""公共事件线""],""tags"":[""李敖演讲集"",""演讲"",""青年论坛"",""80演讲大会"",""陈文茜对谈"",""李敖大哥大"",""陈文茜"",""节目名称"",""狗""],""people"":[""李敖"",""陈文茜""],""places"":[""台北""],""works"":[""李敖演讲集"",""053.20150609李敖青年论坛演讲""],""certainty"":""confirmed"",""source"":{""book"":""李敖演讲集"",""chapter"":""053.20150609李敖青年论坛演讲"",""path"":""《大李敖全集5.0》（wjm_tcy版）分章节/010.节目演讲类/011.李敖演讲集/053.20150609李敖青年论坛演讲.txt"",""line"":85,""lines"":[85]},""crossReferences"":[],""dataFile"":""data/timeline-events-li-ao-yanjiangji.json""}"
"25493","2015","2015-06-09","2015年6月9日","day","confirmed","李敖在青年论坛回忆探望植物人吴璋炯并叉腰还给旧日审讯姿态","李敖说自己曾是国民党情治系统所谓台独五人中央之一，后来见到成为植物人的吴璋炯，故意叉腰站着，把当年被审讯时的姿态还给他。","李敖、吴璋炯","台北","李敖演讲集、演讲、青年论坛、80演讲大会、陈文茜对谈、吴璋炯、台独案、情治系统、复仇","演讲线、公共事件线","李敖演讲集、053.20150609李敖青年论坛演讲","","李敖演讲集","053.20150609李敖青年论坛演讲","161","《大李敖全集5.0》（wjm_tcy版）分章节/010.节目演讲类/011.李敖演讲集/053.20150609李敖青年论坛演讲.txt","","[]","data/timeline-events-li-ao-yanjiangji.json","li-ao-yanjiangji-053-meets-wu-zhangjiong-and-reverses-prison-interrogation-posture","{""id"":""li-ao-yanjiangji-053-meets-wu-zhangjiong-and-reverses-prison-interrogation-posture"",""date"":""2015-06-09"",""displayDate"":""2015年6月9日"",""datePrecision"":""day"",""title"":""李敖在青年论坛回忆探望植物人吴璋炯并叉腰还给旧日审讯姿态"",""summary"":""李敖说自己曾是国民党情治系统所谓台独五人中央之一，后来见到成为植物人的吴璋炯，故意叉腰站着，把当年被审讯时的姿态还给他。"",""view"":[""演讲线"",""公共事件线""],""tags"":[""李敖演讲集"",""演讲"",""青年论坛"",""80演讲大会"",""陈文茜对谈"",""吴璋炯"",""台独案"",""情治系统"",""复仇""],""people"":[""李敖"",""吴璋炯""],""places"":[""台北""],""works"":[""李敖演讲集"",""053.20150609李敖青年论坛演讲""],""certainty"":""confirmed"",""source"":{""book"":""李敖演讲集"",""chapter"":""053.20150609李敖青年论坛演讲"",""path"":""《大李敖全集5.0》（wjm_tcy版）分章节/010.节目演讲类/011.李敖演讲集/053.20150609李敖青年论坛演讲.txt"",""line"":161,""lines"":[161,163,165]},""crossReferences"":[],""dataFile"":""data/timeline-events-li-ao-yanjiangji.json""}"
"25494","2015","2015-06-09","2015年6月9日","day","confirmed","李敖在青年论坛批《巨流河》和白先勇父亲传遮蔽反攻大陆梦","李敖说齐邦媛《巨流河》和白先勇写父亲的书中藏着谎言，因为当年很多人梦想回大陆，蒋介石甚至和肯尼迪讨论过反攻计划，但大陆人不会欢迎侵略者。","李敖、齐邦媛、白先勇、蒋介石、肯尼迪","台北","李敖演讲集、演讲、青年论坛、80演讲大会、陈文茜对谈、巨流河、白先勇、反攻大陆、蒋介石、肯尼迪","演讲线、公共事件线","李敖演讲集、053.20150609李敖青年论坛演讲、巨流河","","李敖演讲集","053.20150609李敖青年论坛演讲","315","《大李敖全集5.0》（wjm_tcy版）分章节/010.节目演讲类/011.李敖演讲集/053.20150609李敖青年论坛演讲.txt","","[]","data/timeline-events-li-ao-yanjiangji.json","li-ao-yanjiangji-053-criticizes-juliuhe-and-bai-book-for-hiding-return-mainland-dream","{""id"":""li-ao-yanjiangji-053-criticizes-juliuhe-and-bai-book-for-hiding-return-mainland-dream"",""date"":""2015-06-09"",""displayDate"":""2015年6月9日"",""datePrecision"":""day"",""title"":""李敖在青年论坛批《巨流河》和白先勇父亲传遮蔽反攻大陆梦"",""summary"":""李敖说齐邦媛《巨流河》和白先勇写父亲的书中藏着谎言，因为当年很多人梦想回大陆，蒋介石甚至和肯尼迪讨论过反攻计划，但大陆人不会欢迎侵略者。"",""view"":[""演讲线"",""公共事件线""],""tags"":[""李敖演讲集"",""演讲"",""青年论坛"",""80演讲大会"",""陈文茜对谈"",""巨流河"",""白先勇"",""反攻大陆"",""蒋介石"",""肯尼迪""],""people"":[""李敖"",""齐邦媛"",""白先勇"",""蒋介石"",""肯尼迪""],""places"":[""台北""],""works"":[""李敖演讲集"",""053.20150609李敖青年论坛演讲"",""巨流河""],""certainty"":""confirmed"",""source"":{""book"":""李敖演讲集"",""chapter"":""053.20150609李敖青年论坛演讲"",""path"":""《大李敖全集5.0》（wjm_tcy版）分章节/010.节目演讲类/011.李敖演讲集/053.20150609李敖青年论坛演讲.txt"",""line"":315,""lines"":[315,316]},""crossReferences"":[],""dataFile"":""data/timeline-events-li-ao-yanjiangji.json""}"
"25495","2015","2015-06-09","2015年6月9日","day","confirmed","李敖在青年论坛把少用互联网和穿长袍列为独立思想方法","李敖回答如何独立思考时说有两个方法：少用互联网，以及穿长袍，通过行为方式抵抗同质化。","李敖","台北","李敖演讲集、演讲、青年论坛、80演讲大会、陈文茜对谈、独立思考、互联网、长袍、方法","演讲线、公共事件线","李敖演讲集、053.20150609李敖青年论坛演讲","","李敖演讲集","053.20150609李敖青年论坛演讲","421","《大李敖全集5.0》（wjm_tcy版）分章节/010.节目演讲类/011.李敖演讲集/053.20150609李敖青年论坛演讲.txt","","[]","data/timeline-events-li-ao-yanjiangji.json","li-ao-yanjiangji-053-offers-independent-thought-methods-less-internet-and-long-robe","{""id"":""li-ao-yanjiangji-053-offers-independent-thought-methods-less-internet-and-long-robe"",""date"":""2015-06-09"",""displayDate"":""2015年6月9日"",""datePrecision"":""day"",""title"":""李敖在青年论坛把少用互联网和穿长袍列为独立思想方法"",""summary"":""李敖回答如何独立思考时说有两个方法：少用互联网，以及穿长袍，通过行为方式抵抗同质化。"",""view"":[""演讲线"",""公共事件线""],""tags"":[""李敖演讲集"",""演讲"",""青年论坛"",""80演讲大会"",""陈文茜对谈"",""独立思考"",""互联网"",""长袍"",""方法""],""people"":[""李敖""],""places"":[""台北""],""works"":[""李敖演讲集"",""053.20150609李敖青年论坛演讲""],""certainty"":""confirmed"",""source"":{""book"":""李敖演讲集"",""chapter"":""053.20150609李敖青年论坛演讲"",""path"":""《大李敖全集5.0》（wjm_tcy版）分章节/010.节目演讲类/011.李敖演讲集/053.20150609李敖青年论坛演讲.txt"",""line"":421,""lines"":[421]},""crossReferences"":[],""dataFile"":""data/timeline-events-li-ao-yanjiangji.json""}"
"25496","2015","2015-06-09","2015年6月9日","day","confirmed","李敖在青年论坛把爱钱说成贫穷经验并回到胡适铜像捐款","李敖说自己穷过所以爱钱，胡适曾给他一千元，他后来在北京大学捐一百三十万做胡适铜像，却因共产党小气没有立成；别人给一百万美元他不收，陈文茜的四万元主持费却要收。","李敖、胡适、陈文茜","台北、北京大学","李敖演讲集、演讲、青年论坛、80演讲大会、陈文茜对谈、金钱观、胡适、北京大学、铜像、陈文茜","演讲线、公共事件线","李敖演讲集、053.20150609李敖青年论坛演讲","","李敖演讲集","053.20150609李敖青年论坛演讲","123","《大李敖全集5.0》（wjm_tcy版）分章节/010.节目演讲类/011.李敖演讲集/053.20150609李敖青年论坛演讲.txt","","[]","data/timeline-events-li-ao-yanjiangji.json","li-ao-yanjiangji-053-connects-love-of-money-with-hu-shih-debt-and-pku-statue-donation","{""id"":""li-ao-yanjiangji-053-connects-love-of-money-with-hu-shih-debt-and-pku-statue-donation"",""date"":""2015-06-09"",""displayDate"":""2015年6月9日"",""datePrecision"":""day"",""title"":""李敖在青年论坛把爱钱说成贫穷经验并回到胡适铜像捐款"",""summary"":""李敖说自己穷过所以爱钱，胡适曾给他一千元，他后来在北京大学捐一百三十万做胡适铜像，却因共产党小气没有立成；别人给一百万美元他不收，陈文茜的四万元主持费却要收。"",""view"":[""演讲线"",""公共事件线""],""tags"":[""李敖演讲集"",""演讲"",""青年论坛"",""80演讲大会"",""陈文茜对谈"",""金钱观"",""胡适"",""北京大学"",""铜像"",""陈文茜""],""people"":[""李敖"",""胡适"",""陈文茜""],""places"":[""台北"",""北京大学""],""works"":[""李敖演讲集"",""053.20150609李敖青年论坛演讲""],""certainty"":""confirmed"",""source"":{""book"":""李敖演讲集"",""chapter"":""053.20150609李敖青年论坛演讲"",""path"":""《大李敖全集5.0》（wjm_tcy版）分章节/010.节目演讲类/011.李敖演讲集/053.20150609李敖青年论坛演讲.txt"",""line"":123,""lines"":[123]},""crossReferences"":[],""dataFile"":""data/timeline-events-li-ao-yanjiangji.json""}"
"25497","2015","2015-06-09","2015年6月9日","day","confirmed","李敖在青年论坛建议年轻人先查父母资产否则接受小日子","李敖面对青年困境时说，现在年轻人机会少，要么先查父母有什么资产，要么接受比较小的生活，不要幻想人人都能走英雄路。","李敖","台北","李敖演讲集、演讲、青年论坛、80演讲大会、陈文茜对谈、青年建议、资产、小生活、机会","演讲线、公共事件线","李敖演讲集、053.20150609李敖青年论坛演讲","","李敖演讲集","053.20150609李敖青年论坛演讲","237","《大李敖全集5.0》（wjm_tcy版）分章节/010.节目演讲类/011.李敖演讲集/053.20150609李敖青年论坛演讲.txt","","[]","data/timeline-events-li-ao-yanjiangji.json","li-ao-yanjiangji-053-advises-youth-to-check-family-assets-or-accept-small-life","{""id"":""li-ao-yanjiangji-053-advises-youth-to-check-family-assets-or-accept-small-life"",""date"":""2015-06-09"",""displayDate"":""2015年6月9日"",""datePrecision"":""day"",""title"":""李敖在青年论坛建议年轻人先查父母资产否则接受小日子"",""summary"":""李敖面对青年困境时说，现在年轻人机会少，要么先查父母有什么资产，要么接受比较小的生活，不要幻想人人都能走英雄路。"",""view"":[""演讲线"",""公共事件线""],""tags"":[""李敖演讲集"",""演讲"",""青年论坛"",""80演讲大会"",""陈文茜对谈"",""青年建议"",""资产"",""小生活"",""机会""],""people"":[""李敖""],""places"":[""台北""],""works"":[""李敖演讲集"",""053.20150609李敖青年论坛演讲""],""certainty"":""confirmed"",""source"":{""book"":""李敖演讲集"",""chapter"":""053.20150609李敖青年论坛演讲"",""path"":""《大李敖全集5.0》（wjm_tcy版）分章节/010.节目演讲类/011.李敖演讲集/053.20150609李敖青年论坛演讲.txt"",""line"":237,""lines"":[237,239]},""crossReferences"":[],""dataFile"":""data/timeline-events-li-ao-yanjiangji.json""}"
"25498","2015","2015-06-09","2015年6月9日","day","confirmed","李敖在青年论坛总结自己的研究方法是剪书分类记忆连接复习","李敖说好脑筋比英文和藏书更重要，他曾一年读完二十四史、二十五史，方法是剪书、分类、记忆、连接和不断复习，使知识活起来。","李敖、顾炎武","台北","李敖演讲集、演讲、青年论坛、80演讲大会、陈文茜对谈、研究方法、剪书、分类、记忆、顾炎武","演讲线、公共事件线","李敖演讲集、053.20150609李敖青年论坛演讲","","李敖演讲集","053.20150609李敖青年论坛演讲","475","《大李敖全集5.0》（wjm_tcy版）分章节/010.节目演讲类/011.李敖演讲集/053.20150609李敖青年论坛演讲.txt","","[]","data/timeline-events-li-ao-yanjiangji.json","li-ao-yanjiangji-053-summarizes-research-method-as-cut-classify-memorize-connect-review","{""id"":""li-ao-yanjiangji-053-summarizes-research-method-as-cut-classify-memorize-connect-review"",""date"":""2015-06-09"",""displayDate"":""2015年6月9日"",""datePrecision"":""day"",""title"":""李敖在青年论坛总结自己的研究方法是剪书分类记忆连接复习"",""summary"":""李敖说好脑筋比英文和藏书更重要，他曾一年读完二十四史、二十五史，方法是剪书、分类、记忆、连接和不断复习，使知识活起来。"",""view"":[""演讲线"",""公共事件线""],""tags"":[""李敖演讲集"",""演讲"",""青年论坛"",""80演讲大会"",""陈文茜对谈"",""研究方法"",""剪书"",""分类"",""记忆"",""顾炎武""],""people"":[""李敖"",""顾炎武""],""places"":[""台北""],""works"":[""李敖演讲集"",""053.20150609李敖青年论坛演讲""],""certainty"":""confirmed"",""source"":{""book"":""李敖演讲集"",""chapter"":""053.20150609李敖青年论坛演讲"",""path"":""《大李敖全集5.0》（wjm_tcy版）分章节/010.节目演讲类/011.李敖演讲集/053.20150609李敖青年论坛演讲.txt"",""line"":475,""lines"":[475,477,479,480]},""crossReferences"":[],""dataFile"":""data/timeline-events-li-ao-yanjiangji.json""}"
"25499","2015","2015-06-09","2015年6月9日","day","confirmed","李敖在青年论坛结尾说这可能是最后一次演讲并请听众学李敖买两本书","李敖结尾说这可能是他的最后一次演讲，要求大家学李敖，也幽默地请听众买两本书。","李敖","台北","李敖演讲集、演讲、青年论坛、80演讲大会、陈文茜对谈、最后演讲、买书、自我告别","演讲线、公共事件线","李敖演讲集、053.20150609李敖青年论坛演讲","","李敖演讲集","053.20150609李敖青年论坛演讲","495","《大李敖全集5.0》（wjm_tcy版）分章节/010.节目演讲类/011.李敖演讲集/053.20150609李敖青年论坛演讲.txt","","[]","data/timeline-events-li-ao-yanjiangji.json","li-ao-yanjiangji-053-ends-possible-last-talk-by-asking-audience-to-learn-from-li-ao","{""id"":""li-ao-yanjiangji-053-ends-possible-last-talk-by-asking-audience-to-learn-from-li-ao"",""date"":""2015-06-09"",""displayDate"":""2015年6月9日"",""datePrecision"":""day"",""title"":""李敖在青年论坛结尾说这可能是最后一次演讲并请听众学李敖买两本书"",""summary"":""李敖结尾说这可能是他的最后一次演讲，要求大家学李敖，也幽默地请听众买两本书。"",""view"":[""演讲线"",""公共事件线""],""tags"":[""李敖演讲集"",""演讲"",""青年论坛"",""80演讲大会"",""陈文茜对谈"",""最后演讲"",""买书"",""自我告别""],""people"":[""李敖""],""places"":[""台北""],""works"":[""李敖演讲集"",""053.20150609李敖青年论坛演讲""],""certainty"":""confirmed"",""source"":{""book"":""李敖演讲集"",""chapter"":""053.20150609李敖青年论坛演讲"",""path"":""《大李敖全集5.0》（wjm_tcy版）分章节/010.节目演讲类/011.李敖演讲集/053.20150609李敖青年论坛演讲.txt"",""line"":495,""lines"":[495,497,499]},""crossReferences"":[],""dataFile"":""data/timeline-events-li-ao-yanjiangji.json""}"
"25500","2015","2015-06-09","2015年6月9日","day","confirmed","李敖在青年论坛要求年轻人把中文写好以抵抗电脑词库和火星文","李敖劝年轻人把中文写好，说电脑输入法和词库会制造坏句子、火星文，陈文茜有好文字能力却容易被分心。","李敖、陈文茜","台北","李敖演讲集、演讲、青年论坛、80演讲大会、陈文茜对谈、中文写作、电脑词库、火星文、青年","演讲线、公共事件线","李敖演讲集、053.20150609李敖青年论坛演讲","","李敖演讲集","053.20150609李敖青年论坛演讲","355","《大李敖全集5.0》（wjm_tcy版）分章节/010.节目演讲类/011.李敖演讲集/053.20150609李敖青年论坛演讲.txt","","[]","data/timeline-events-li-ao-yanjiangji.json","li-ao-yanjiangji-053-urges-youth-to-write-better-chinese-against-computer-lexicon","{""id"":""li-ao-yanjiangji-053-urges-youth-to-write-better-chinese-against-computer-lexicon"",""date"":""2015-06-09"",""displayDate"":""2015年6月9日"",""datePrecision"":""day"",""title"":""李敖在青年论坛要求年轻人把中文写好以抵抗电脑词库和火星文"",""summary"":""李敖劝年轻人把中文写好，说电脑输入法和词库会制造坏句子、火星文，陈文茜有好文字能力却容易被分心。"",""view"":[""演讲线"",""公共事件线""],""tags"":[""李敖演讲集"",""演讲"",""青年论坛"",""80演讲大会"",""陈文茜对谈"",""中文写作"",""电脑词库"",""火星文"",""青年""],""people"":[""李敖"",""陈文茜""],""places"":[""台北""],""works"":[""李敖演讲集"",""053.20150609李敖青年论坛演讲""],""certainty"":""confirmed"",""source"":{""book"":""李敖演讲集"",""chapter"":""053.20150609李敖青年论坛演讲"",""path"":""《大李敖全集5.0》（wjm_tcy版）分章节/010.节目演讲类/011.李敖演讲集/053.20150609李敖青年论坛演讲.txt"",""line"":355,""lines"":[355]},""crossReferences"":[],""dataFile"":""data/timeline-events-li-ao-yanjiangji.json""}"
"25501","2015","2015-06-09","2015年6月9日","day","confirmed","李敖在青年论坛说中华民国已经死了并主张废掉国防部","李敖说蒋介石一九五〇年已经承认中华民国死亡，台湾应废掉国防部、停止向美国买武器，而不是继续维持虚假防务。","李敖、蒋介石、马英九","台北","李敖演讲集、演讲、青年论坛、80演讲大会、陈文茜对谈、中华民国、国防部、军购、台湾前途、蒋介石","演讲线、公共事件线","李敖演讲集、053.20150609李敖青年论坛演讲","li-ao-yanjiangji-045-recalls-prison-toilet-reading-chiang-and-roc-demise、li-ao-yanjiangji-044-says-tra-provides-not-sells-weapons-and-us-will-not-rescue-taiwan","李敖演讲集","053.20150609李敖青年论坛演讲","461","《大李敖全集5.0》（wjm_tcy版）分章节/010.节目演讲类/011.李敖演讲集/053.20150609李敖青年论坛演讲.txt","","[]","data/timeline-events-li-ao-yanjiangji.json","li-ao-yanjiangji-053-calls-roc-dead-and-urges-abolishing-defense-ministry","{""id"":""li-ao-yanjiangji-053-calls-roc-dead-and-urges-abolishing-defense-ministry"",""date"":""2015-06-09"",""displayDate"":""2015年6月9日"",""datePrecision"":""day"",""title"":""李敖在青年论坛说中华民国已经死了并主张废掉国防部"",""summary"":""李敖说蒋介石一九五〇年已经承认中华民国死亡，台湾应废掉国防部、停止向美国买武器，而不是继续维持虚假防务。"",""view"":[""演讲线"",""公共事件线""],""tags"":[""李敖演讲集"",""演讲"",""青年论坛"",""80演讲大会"",""陈文茜对谈"",""中华民国"",""国防部"",""军购"",""台湾前途"",""蒋介石""],""people"":[""李敖"",""蒋介石"",""马英九""],""places"":[""台北""],""works"":[""李敖演讲集"",""053.20150609李敖青年论坛演讲""],""certainty"":""confirmed"",""source"":{""book"":""李敖演讲集"",""chapter"":""053.20150609李敖青年论坛演讲"",""path"":""《大李敖全集5.0》（wjm_tcy版）分章节/010.节目演讲类/011.李敖演讲集/053.20150609李敖青年论坛演讲.txt"",""line"":461,""lines"":[461,463,465,467]},""crossReferences"":[""li-ao-yanjiangji-045-recalls-prison-toilet-reading-chiang-and-roc-demise"",""li-ao-yanjiangji-044-says-tra-provides-not-sells-weapons-and-us-will-not-rescue-taiwan""],""dataFile"":""data/timeline-events-li-ao-yanjiangji.json""}"
"25502","2015","2015-06-09","2015年6月9日","day","confirmed","李敖在青年论坛说他不信银行所以带现金和越战狙击手刀","李敖说他不相信银行，身边放现金和一把美国越战狙击手用的刀；真遇到打斗时，他的策略是把钱丢出去自己逃跑。","李敖","台北、美国","李敖演讲集、演讲、青年论坛、80演讲大会、陈文茜对谈、银行、现金、刀、自我保护、越战","演讲线、公共事件线","李敖演讲集、053.20150609李敖青年论坛演讲","","李敖演讲集","053.20150609李敖青年论坛演讲","247","《大李敖全集5.0》（wjm_tcy版）分章节/010.节目演讲类/011.李敖演讲集/053.20150609李敖青年论坛演讲.txt","","[]","data/timeline-events-li-ao-yanjiangji.json","li-ao-yanjiangji-053-keeps-cash-and-knife-because-he-distrusts-banks","{""id"":""li-ao-yanjiangji-053-keeps-cash-and-knife-because-he-distrusts-banks"",""date"":""2015-06-09"",""displayDate"":""2015年6月9日"",""datePrecision"":""day"",""title"":""李敖在青年论坛说他不信银行所以带现金和越战狙击手刀"",""summary"":""李敖说他不相信银行，身边放现金和一把美国越战狙击手用的刀；真遇到打斗时，他的策略是把钱丢出去自己逃跑。"",""view"":[""演讲线"",""公共事件线""],""tags"":[""李敖演讲集"",""演讲"",""青年论坛"",""80演讲大会"",""陈文茜对谈"",""银行"",""现金"",""刀"",""自我保护"",""越战""],""people"":[""李敖""],""places"":[""台北"",""美国""],""works"":[""李敖演讲集"",""053.20150609李敖青年论坛演讲""],""certainty"":""confirmed"",""source"":{""book"":""李敖演讲集"",""chapter"":""053.20150609李敖青年论坛演讲"",""path"":""《大李敖全集5.0》（wjm_tcy版）分章节/010.节目演讲类/011.李敖演讲集/053.20150609李敖青年论坛演讲.txt"",""line"":247,""lines"":[247,249,251,253,255,257,259,261,263,265,267]},""crossReferences"":[],""dataFile"":""data/timeline-events-li-ao-yanjiangji.json""}"
"25503","2015","2015-06-09","2015年6月9日","day","confirmed","李敖在青年论坛说他从不鼓励年轻人做叛逆者","李敖说自己从不鼓励别人当叛逆者或叛徒，因为这种人物像星星或彗星，漂亮却悲剧，还举文天祥家人投降作反差。","李敖、文天祥","台北","李敖演讲集、演讲、青年论坛、80演讲大会、陈文茜对谈、青年建议、叛逆者、文天祥、悲剧","演讲线、公共事件线","李敖演讲集、053.20150609李敖青年论坛演讲","","李敖演讲集","053.20150609李敖青年论坛演讲","231","《大李敖全集5.0》（wjm_tcy版）分章节/010.节目演讲类/011.李敖演讲集/053.20150609李敖青年论坛演讲.txt","","[]","data/timeline-events-li-ao-yanjiangji.json","li-ao-yanjiangji-053-says-he-never-encourages-youth-to-be-rebels","{""id"":""li-ao-yanjiangji-053-says-he-never-encourages-youth-to-be-rebels"",""date"":""2015-06-09"",""displayDate"":""2015年6月9日"",""datePrecision"":""day"",""title"":""李敖在青年论坛说他从不鼓励年轻人做叛逆者"",""summary"":""李敖说自己从不鼓励别人当叛逆者或叛徒，因为这种人物像星星或彗星，漂亮却悲剧，还举文天祥家人投降作反差。"",""view"":[""演讲线"",""公共事件线""],""tags"":[""李敖演讲集"",""演讲"",""青年论坛"",""80演讲大会"",""陈文茜对谈"",""青年建议"",""叛逆者"",""文天祥"",""悲剧""],""people"":[""李敖"",""文天祥""],""places"":[""台北""],""works"":[""李敖演讲集"",""053.20150609李敖青年论坛演讲""],""certainty"":""confirmed"",""source"":{""book"":""李敖演讲集"",""chapter"":""053.20150609李敖青年论坛演讲"",""path"":""《大李敖全集5.0》（wjm_tcy版）分章节/010.节目演讲类/011.李敖演讲集/053.20150609李敖青年论坛演讲.txt"",""line"":231,""lines"":[231,233,235]},""crossReferences"":[],""dataFile"":""data/timeline-events-li-ao-yanjiangji.json""}"
"25504","2015","2015-06-09","2015年6月9日","day","confirmed","李敖在青年论坛说他出钱让郑南榕杂志实践百分之百言论自由","李敖说郑南榕的杂志有他的资金和“李敖特区”，让他可以在里面写统派文章，证明百分之百言论自由不只保护同一立场。","李敖、郑南榕","台北","李敖演讲集、演讲、青年论坛、80演讲大会、陈文茜对谈、郑南榕、李敖特区、言论自由、统派文章","演讲线、公共事件线","李敖演讲集、053.20150609李敖青年论坛演讲","","李敖演讲集","053.20150609李敖青年论坛演讲","183","《大李敖全集5.0》（wjm_tcy版）分章节/010.节目演讲类/011.李敖演讲集/053.20150609李敖青年论坛演讲.txt","","[]","data/timeline-events-li-ao-yanjiangji.json","li-ao-yanjiangji-053-funds-cheng-nan-jung-magazine-for-one-hundred-percent-free-speech","{""id"":""li-ao-yanjiangji-053-funds-cheng-nan-jung-magazine-for-one-hundred-percent-free-speech"",""date"":""2015-06-09"",""displayDate"":""2015年6月9日"",""datePrecision"":""day"",""title"":""李敖在青年论坛说他出钱让郑南榕杂志实践百分之百言论自由"",""summary"":""李敖说郑南榕的杂志有他的资金和“李敖特区”，让他可以在里面写统派文章，证明百分之百言论自由不只保护同一立场。"",""view"":[""演讲线"",""公共事件线""],""tags"":[""李敖演讲集"",""演讲"",""青年论坛"",""80演讲大会"",""陈文茜对谈"",""郑南榕"",""李敖特区"",""言论自由"",""统派文章""],""people"":[""李敖"",""郑南榕""],""places"":[""台北""],""works"":[""李敖演讲集"",""053.20150609李敖青年论坛演讲""],""certainty"":""confirmed"",""source"":{""book"":""李敖演讲集"",""chapter"":""053.20150609李敖青年论坛演讲"",""path"":""《大李敖全集5.0》（wjm_tcy版）分章节/010.节目演讲类/011.李敖演讲集/053.20150609李敖青年论坛演讲.txt"",""line"":183,""lines"":[183,185,187]},""crossReferences"":[],""dataFile"":""data/timeline-events-li-ao-yanjiangji.json""}"
"25505","2015","2015-06-09","2015年6月9日","day","confirmed","李敖在青年论坛说他的期中判决藏在五部文学作品里","李敖说自己的“期中判决”在《北京法源寺》《上山·上山·爱》《虚拟的十七岁》《红色11》和《第73烈士》五部文学作品里，并请读者读文学而不是杂书。","李敖","台北","李敖演讲集、演讲、青年论坛、80演讲大会、陈文茜对谈、文学作品、期中判决、北京法源寺、上山上山爱、虚拟的十七岁","演讲线、公共事件线","李敖演讲集、053.20150609李敖青年论坛演讲、北京法源寺、上山·上山·爱、虚拟的十七岁、红色11、第73烈士","","李敖演讲集","053.20150609李敖青年论坛演讲","409","《大李敖全集5.0》（wjm_tcy版）分章节/010.节目演讲类/011.李敖演讲集/053.20150609李敖青年论坛演讲.txt","","[]","data/timeline-events-li-ao-yanjiangji.json","li-ao-yanjiangji-053-names-five-literary-works-as-his-midterm-judgment","{""id"":""li-ao-yanjiangji-053-names-five-literary-works-as-his-midterm-judgment"",""date"":""2015-06-09"",""displayDate"":""2015年6月9日"",""datePrecision"":""day"",""title"":""李敖在青年论坛说他的期中判决藏在五部文学作品里"",""summary"":""李敖说自己的“期中判决”在《北京法源寺》《上山·上山·爱》《虚拟的十七岁》《红色11》和《第73烈士》五部文学作品里，并请读者读文学而不是杂书。"",""view"":[""演讲线"",""公共事件线""],""tags"":[""李敖演讲集"",""演讲"",""青年论坛"",""80演讲大会"",""陈文茜对谈"",""文学作品"",""期中判决"",""北京法源寺"",""上山上山爱"",""虚拟的十七岁""],""people"":[""李敖""],""places"":[""台北""],""works"":[""李敖演讲集"",""053.20150609李敖青年论坛演讲"",""北京法源寺"",""上山·上山·爱"",""虚拟的十七岁"",""红色11"",""第73烈士""],""certainty"":""confirmed"",""source"":{""book"":""李敖演讲集"",""chapter"":""053.20150609李敖青年论坛演讲"",""path"":""《大李敖全集5.0》（wjm_tcy版）分章节/010.节目演讲类/011.李敖演讲集/053.20150609李敖青年论坛演讲.txt"",""line"":409,""lines"":[409]},""crossReferences"":[],""dataFile"":""data/timeline-events-li-ao-yanjiangji.json""}"
"25506","2015","2015-06-09","2015年6月9日","day","confirmed","李敖在青年论坛说台湾一国两制谈判筹码已经流失","李敖说他十五年前最早主张台湾谈一国两制，但台湾如今已经失去筹码，只能承认衰落，把自己变成旅游路线。","李敖","台北","李敖演讲集、演讲、青年论坛、80演讲大会、陈文茜对谈、台湾前途、一国两制、谈判筹码、旅游","演讲线、公共事件线","李敖演讲集、053.20150609李敖青年论坛演讲","li-ao-yanjiangji-045-says-taiwan-lost-chances-and-only-octs-negotiation-remains","李敖演讲集","053.20150609李敖青年论坛演讲","453","《大李敖全集5.0》（wjm_tcy版）分章节/010.节目演讲类/011.李敖演讲集/053.20150609李敖青年论坛演讲.txt","","[]","data/timeline-events-li-ao-yanjiangji.json","li-ao-yanjiangji-053-says-taiwan-lost-one-country-two-systems-bargaining-chips","{""id"":""li-ao-yanjiangji-053-says-taiwan-lost-one-country-two-systems-bargaining-chips"",""date"":""2015-06-09"",""displayDate"":""2015年6月9日"",""datePrecision"":""day"",""title"":""李敖在青年论坛说台湾一国两制谈判筹码已经流失"",""summary"":""李敖说他十五年前最早主张台湾谈一国两制，但台湾如今已经失去筹码，只能承认衰落，把自己变成旅游路线。"",""view"":[""演讲线"",""公共事件线""],""tags"":[""李敖演讲集"",""演讲"",""青年论坛"",""80演讲大会"",""陈文茜对谈"",""台湾前途"",""一国两制"",""谈判筹码"",""旅游""],""people"":[""李敖""],""places"":[""台北""],""works"":[""李敖演讲集"",""053.20150609李敖青年论坛演讲""],""certainty"":""confirmed"",""source"":{""book"":""李敖演讲集"",""chapter"":""053.20150609李敖青年论坛演讲"",""path"":""《大李敖全集5.0》（wjm_tcy版）分章节/010.节目演讲类/011.李敖演讲集/053.20150609李敖青年论坛演讲.txt"",""line"":453,""lines"":[453,455]},""crossReferences"":[""li-ao-yanjiangji-045-says-taiwan-lost-chances-and-only-octs-negotiation-remains""],""dataFile"":""data/timeline-events-li-ao-yanjiangji.json""}"
"25507","2015","2015-06-09","2015年6月9日","day","confirmed","李敖在青年论坛说电脑手机图像伤害年轻人的思考和写作","李敖说电脑、手机和图像化环境让年轻人思考与写作能力下降，他自己只用 iPad 写字，并自称是抵抗电脑的最后头脑。","李敖","台北","李敖演讲集、演讲、青年论坛、80演讲大会、陈文茜对谈、电脑、手机、图像、写作、青年","演讲线、公共事件线","李敖演讲集、053.20150609李敖青年论坛演讲","","李敖演讲集","053.20150609李敖青年论坛演讲","319","《大李敖全集5.0》（wjm_tcy版）分章节/010.节目演讲类/011.李敖演讲集/053.20150609李敖青年论坛演讲.txt","","[]","data/timeline-events-li-ao-yanjiangji.json","li-ao-yanjiangji-053-says-computers-and-phones-damage-young-thinking-and-writing","{""id"":""li-ao-yanjiangji-053-says-computers-and-phones-damage-young-thinking-and-writing"",""date"":""2015-06-09"",""displayDate"":""2015年6月9日"",""datePrecision"":""day"",""title"":""李敖在青年论坛说电脑手机图像伤害年轻人的思考和写作"",""summary"":""李敖说电脑、手机和图像化环境让年轻人思考与写作能力下降，他自己只用 iPad 写字，并自称是抵抗电脑的最后头脑。"",""view"":[""演讲线"",""公共事件线""],""tags"":[""李敖演讲集"",""演讲"",""青年论坛"",""80演讲大会"",""陈文茜对谈"",""电脑"",""手机"",""图像"",""写作"",""青年""],""people"":[""李敖""],""places"":[""台北""],""works"":[""李敖演讲集"",""053.20150609李敖青年论坛演讲""],""certainty"":""confirmed"",""source"":{""book"":""李敖演讲集"",""chapter"":""053.20150609李敖青年论坛演讲"",""path"":""《大李敖全集5.0》（wjm_tcy版）分章节/010.节目演讲类/011.李敖演讲集/053.20150609李敖青年论坛演讲.txt"",""line"":319,""lines"":[319,321,323,325,327,329,331]},""crossReferences"":[],""dataFile"":""data/timeline-events-li-ao-yanjiangji.json""}"
"25508","2015","2015-06-09","2015年6月9日","day","confirmed","李敖在青年论坛说年轻人已经失去革命和发财两种机会","李敖说现代政府太强，企业又太全球化、公司化，所以年轻人失去了革命和快速发财两条旧机会。","李敖","台北","李敖演讲集、演讲、青年论坛、80演讲大会、陈文茜对谈、青年机会、革命、发财、全球化","演讲线、公共事件线","李敖演讲集、053.20150609李敖青年论坛演讲","","李敖演讲集","053.20150609李敖青年论坛演讲","439","《大李敖全集5.0》（wjm_tcy版）分章节/010.节目演讲类/011.李敖演讲集/053.20150609李敖青年论坛演讲.txt","","[]","data/timeline-events-li-ao-yanjiangji.json","li-ao-yanjiangji-053-says-youth-lost-revolution-and-getting-rich-opportunities","{""id"":""li-ao-yanjiangji-053-says-youth-lost-revolution-and-getting-rich-opportunities"",""date"":""2015-06-09"",""displayDate"":""2015年6月9日"",""datePrecision"":""day"",""title"":""李敖在青年论坛说年轻人已经失去革命和发财两种机会"",""summary"":""李敖说现代政府太强，企业又太全球化、公司化，所以年轻人失去了革命和快速发财两条旧机会。"",""view"":[""演讲线"",""公共事件线""],""tags"":[""李敖演讲集"",""演讲"",""青年论坛"",""80演讲大会"",""陈文茜对谈"",""青年机会"",""革命"",""发财"",""全球化""],""people"":[""李敖""],""places"":[""台北""],""works"":[""李敖演讲集"",""053.20150609李敖青年论坛演讲""],""certainty"":""confirmed"",""source"":{""book"":""李敖演讲集"",""chapter"":""053.20150609李敖青年论坛演讲"",""path"":""《大李敖全集5.0》（wjm_tcy版）分章节/010.节目演讲类/011.李敖演讲集/053.20150609李敖青年论坛演讲.txt"",""line"":439,""lines"":[439]},""crossReferences"":[],""dataFile"":""data/timeline-events-li-ao-yanjiangji.json""}"
"25509","2015","2015-06-09","2015年6月9日","day","confirmed","李敖在青年论坛说自我吹捧来自出狱后十四年媒体禁名","李敖说他之所以自写赞美、自己吹捧，是因为出狱后台湾媒体和书籍十四年不能出现“李敖”，没有人能公开称赞他。","李敖","台北","李敖演讲集、演讲、青年论坛、80演讲大会、陈文茜对谈、自我赞美、封杀、十四年、出狱","演讲线、公共事件线","李敖演讲集、053.20150609李敖青年论坛演讲","","李敖演讲集","053.20150609李敖青年论坛演讲","291","《大李敖全集5.0》（wjm_tcy版）分章节/010.节目演讲类/011.李敖演讲集/053.20150609李敖青年论坛演讲.txt","","[]","data/timeline-events-li-ao-yanjiangji.json","li-ao-yanjiangji-053-explains-self-praise-as-reaction-to-fourteen-year-name-ban","{""id"":""li-ao-yanjiangji-053-explains-self-praise-as-reaction-to-fourteen-year-name-ban"",""date"":""2015-06-09"",""displayDate"":""2015年6月9日"",""datePrecision"":""day"",""title"":""李敖在青年论坛说自我吹捧来自出狱后十四年媒体禁名"",""summary"":""李敖说他之所以自写赞美、自己吹捧，是因为出狱后台湾媒体和书籍十四年不能出现“李敖”，没有人能公开称赞他。"",""view"":[""演讲线"",""公共事件线""],""tags"":[""李敖演讲集"",""演讲"",""青年论坛"",""80演讲大会"",""陈文茜对谈"",""自我赞美"",""封杀"",""十四年"",""出狱""],""people"":[""李敖""],""places"":[""台北""],""works"":[""李敖演讲集"",""053.20150609李敖青年论坛演讲""],""certainty"":""confirmed"",""source"":{""book"":""李敖演讲集"",""chapter"":""053.20150609李敖青年论坛演讲"",""path"":""《大李敖全集5.0》（wjm_tcy版）分章节/010.节目演讲类/011.李敖演讲集/053.20150609李敖青年论坛演讲.txt"",""line"":291,""lines"":[291,293,295]},""crossReferences"":[],""dataFile"":""data/timeline-events-li-ao-yanjiangji.json""}"
"25510","2015","2015-06-09","2015年6月9日","day","confirmed","李敖在青年论坛说李敖文化基金会没有进展所以取消","李敖说李敖文化基金会没有推进成果，因此计划已经取消。","李敖","台北","李敖演讲集、演讲、青年论坛、80演讲大会、陈文茜对谈、李敖文化基金会、基金会、取消","演讲线、公共事件线","李敖演讲集、053.20150609李敖青年论坛演讲","","李敖演讲集","053.20150609李敖青年论坛演讲","401","《大李敖全集5.0》（wjm_tcy版）分章节/010.节目演讲类/011.李敖演讲集/053.20150609李敖青年论坛演讲.txt","","[]","data/timeline-events-li-ao-yanjiangji.json","li-ao-yanjiangji-053-says-li-ao-cultural-foundation-made-no-progress-and-was-cancelled","{""id"":""li-ao-yanjiangji-053-says-li-ao-cultural-foundation-made-no-progress-and-was-cancelled"",""date"":""2015-06-09"",""displayDate"":""2015年6月9日"",""datePrecision"":""day"",""title"":""李敖在青年论坛说李敖文化基金会没有进展所以取消"",""summary"":""李敖说李敖文化基金会没有推进成果，因此计划已经取消。"",""view"":[""演讲线"",""公共事件线""],""tags"":[""李敖演讲集"",""演讲"",""青年论坛"",""80演讲大会"",""陈文茜对谈"",""李敖文化基金会"",""基金会"",""取消""],""people"":[""李敖""],""places"":[""台北""],""works"":[""李敖演讲集"",""053.20150609李敖青年论坛演讲""],""certainty"":""confirmed"",""source"":{""book"":""李敖演讲集"",""chapter"":""053.20150609李敖青年论坛演讲"",""path"":""《大李敖全集5.0》（wjm_tcy版）分章节/010.节目演讲类/011.李敖演讲集/053.20150609李敖青年论坛演讲.txt"",""line"":401,""lines"":[401]},""crossReferences"":[],""dataFile"":""data/timeline-events-li-ao-yanjiangji.json""}"
"25511","2015","2015-06-09","2015年6月9日","day","confirmed","李敖在青年论坛说过去青年被压制而现在青年缺少被听见的机会","李敖回忆陈诚曾说他是三十岁以下有名男性之一，再说当年青年被压制，如今青年虽可说话却不容易被听见，自由言论不能只是关在家里自说自话。","李敖、陈诚、蒋孝文","台北","李敖演讲集、演讲、青年论坛、80演讲大会、陈文茜对谈、青年、自由言论、陈诚、机会","演讲线、公共事件线","李敖演讲集、053.20150609李敖青年论坛演讲","","李敖演讲集","053.20150609李敖青年论坛演讲","109","《大李敖全集5.0》（wjm_tcy版）分章节/010.节目演讲类/011.李敖演讲集/053.20150609李敖青年论坛演讲.txt","","[]","data/timeline-events-li-ao-yanjiangji.json","li-ao-yanjiangji-053-contrasts-suppressed-youth-then-with-unheard-youth-now","{""id"":""li-ao-yanjiangji-053-contrasts-suppressed-youth-then-with-unheard-youth-now"",""date"":""2015-06-09"",""displayDate"":""2015年6月9日"",""datePrecision"":""day"",""title"":""李敖在青年论坛说过去青年被压制而现在青年缺少被听见的机会"",""summary"":""李敖回忆陈诚曾说他是三十岁以下有名男性之一，再说当年青年被压制，如今青年虽可说话却不容易被听见，自由言论不能只是关在家里自说自话。"",""view"":[""演讲线"",""公共事件线""],""tags"":[""李敖演讲集"",""演讲"",""青年论坛"",""80演讲大会"",""陈文茜对谈"",""青年"",""自由言论"",""陈诚"",""机会""],""people"":[""李敖"",""陈诚"",""蒋孝文""],""places"":[""台北""],""works"":[""李敖演讲集"",""053.20150609李敖青年论坛演讲""],""certainty"":""confirmed"",""source"":{""book"":""李敖演讲集"",""chapter"":""053.20150609李敖青年论坛演讲"",""path"":""《大李敖全集5.0》（wjm_tcy版）分章节/010.节目演讲类/011.李敖演讲集/053.20150609李敖青年论坛演讲.txt"",""line"":109,""lines"":[109]},""crossReferences"":[],""dataFile"":""data/timeline-events-li-ao-yanjiangji.json""}"
"25512","2015","2015-06-09","2015年6月9日","day","confirmed","李敖在青年论坛说宪法民主平等是假而自由有一半是真的","李敖说宪法、民主、平等常常都是假的，只有自由有一半是真的，因为自由可以通过改变观念在内心取得一部分。","李敖","台北","李敖演讲集、演讲、青年论坛、80演讲大会、陈文茜对谈、宪法、民主、平等、自由、内在自由","演讲线、公共事件线","李敖演讲集、053.20150609李敖青年论坛演讲","","李敖演讲集","053.20150609李敖青年论坛演讲","139","《大李敖全集5.0》（wjm_tcy版）分章节/010.节目演讲类/011.李敖演讲集/053.20150609李敖青年论坛演讲.txt","","[]","data/timeline-events-li-ao-yanjiangji.json","li-ao-yanjiangji-053-says-constitution-democracy-equality-are-false-but-freedom-is-half-true","{""id"":""li-ao-yanjiangji-053-says-constitution-democracy-equality-are-false-but-freedom-is-half-true"",""date"":""2015-06-09"",""displayDate"":""2015年6月9日"",""datePrecision"":""day"",""title"":""李敖在青年论坛说宪法民主平等是假而自由有一半是真的"",""summary"":""李敖说宪法、民主、平等常常都是假的，只有自由有一半是真的，因为自由可以通过改变观念在内心取得一部分。"",""view"":[""演讲线"",""公共事件线""],""tags"":[""李敖演讲集"",""演讲"",""青年论坛"",""80演讲大会"",""陈文茜对谈"",""宪法"",""民主"",""平等"",""自由"",""内在自由""],""people"":[""李敖""],""places"":[""台北""],""works"":[""李敖演讲集"",""053.20150609李敖青年论坛演讲""],""certainty"":""confirmed"",""source"":{""book"":""李敖演讲集"",""chapter"":""053.20150609李敖青年论坛演讲"",""path"":""《大李敖全集5.0》（wjm_tcy版）分章节/010.节目演讲类/011.李敖演讲集/053.20150609李敖青年论坛演讲.txt"",""line"":139,""lines"":[139,141]},""crossReferences"":[],""dataFile"":""data/timeline-events-li-ao-yanjiangji.json""}"
"25513","2015","2015-06-09","2015年6月9日","day","confirmed","李敖在青年论坛说夏天穿父亲长袍训练虽千万人吾往矣","李敖说长袍来自父亲大陆带来的衣服，他在夏天穿长袍并承受旁人反对，正是训练自己“虽千万人吾往矣”的方式。","李敖","台北","李敖演讲集、演讲、青年论坛、80演讲大会、陈文茜对谈、长袍、父亲、反抗训练、虽千万人吾往矣","演讲线、公共事件线","李敖演讲集、053.20150609李敖青年论坛演讲","","李敖演讲集","053.20150609李敖青年论坛演讲","57","《大李敖全集5.0》（wjm_tcy版）分章节/010.节目演讲类/011.李敖演讲集/053.20150609李敖青年论坛演讲.txt","","[]","data/timeline-events-li-ao-yanjiangji.json","li-ao-yanjiangji-053-turns-fathers-mainland-robe-into-training-for-defiance","{""id"":""li-ao-yanjiangji-053-turns-fathers-mainland-robe-into-training-for-defiance"",""date"":""2015-06-09"",""displayDate"":""2015年6月9日"",""datePrecision"":""day"",""title"":""李敖在青年论坛说夏天穿父亲长袍训练虽千万人吾往矣"",""summary"":""李敖说长袍来自父亲大陆带来的衣服，他在夏天穿长袍并承受旁人反对，正是训练自己“虽千万人吾往矣”的方式。"",""view"":[""演讲线"",""公共事件线""],""tags"":[""李敖演讲集"",""演讲"",""青年论坛"",""80演讲大会"",""陈文茜对谈"",""长袍"",""父亲"",""反抗训练"",""虽千万人吾往矣""],""people"":[""李敖""],""places"":[""台北""],""works"":[""李敖演讲集"",""053.20150609李敖青年论坛演讲""],""certainty"":""confirmed"",""source"":{""book"":""李敖演讲集"",""chapter"":""053.20150609李敖青年论坛演讲"",""path"":""《大李敖全集5.0》（wjm_tcy版）分章节/010.节目演讲类/011.李敖演讲集/053.20150609李敖青年论坛演讲.txt"",""line"":57,""lines"":[57,59,61]},""crossReferences"":[],""dataFile"":""data/timeline-events-li-ao-yanjiangji.json""}"
"25514","2015","2015-06-09","2015年6月9日","day","confirmed","李敖在青年论坛说被捕不是因为真台独而是岛上无处可逃且政府早要抓他","李敖解释自己为什么被抓，说台湾是岛，逃不了，而政府早就想抓他；事件本质是为自由，不是真正台独，最后却以台独案办他。","李敖","台北","李敖演讲集、演讲、青年论坛、80演讲大会、陈文茜对谈、被捕、坐牢、自由、台独案","演讲线、公共事件线","李敖演讲集、053.20150609李敖青年论坛演讲","","李敖演讲集","053.20150609李敖青年论坛演讲","153","《大李敖全集5.0》（wjm_tcy版）分章节/010.节目演讲类/011.李敖演讲集/053.20150609李敖青年论坛演讲.txt","","[]","data/timeline-events-li-ao-yanjiangji.json","li-ao-yanjiangji-053-says-he-was-arrested-because-island-left-no-escape-and-government-wanted-him","{""id"":""li-ao-yanjiangji-053-says-he-was-arrested-because-island-left-no-escape-and-government-wanted-him"",""date"":""2015-06-09"",""displayDate"":""2015年6月9日"",""datePrecision"":""day"",""title"":""李敖在青年论坛说被捕不是因为真台独而是岛上无处可逃且政府早要抓他"",""summary"":""李敖解释自己为什么被抓，说台湾是岛，逃不了，而政府早就想抓他；事件本质是为自由，不是真正台独，最后却以台独案办他。"",""view"":[""演讲线"",""公共事件线""],""tags"":[""李敖演讲集"",""演讲"",""青年论坛"",""80演讲大会"",""陈文茜对谈"",""被捕"",""坐牢"",""自由"",""台独案""],""people"":[""李敖""],""places"":[""台北""],""works"":[""李敖演讲集"",""053.20150609李敖青年论坛演讲""],""certainty"":""confirmed"",""source"":{""book"":""李敖演讲集"",""chapter"":""053.20150609李敖青年论坛演讲"",""path"":""《大李敖全集5.0》（wjm_tcy版）分章节/010.节目演讲类/011.李敖演讲集/053.20150609李敖青年论坛演讲.txt"",""line"":153,""lines"":[153,155,157]},""crossReferences"":[],""dataFile"":""data/timeline-events-li-ao-yanjiangji.json""}"
"25515","2015","2015-06-09","2015年6月9日","day","confirmed","李敖在青年论坛说彭明敏宣言四十二条中只有两条像台独却被扭成台独","李敖说彭明敏宣言四十二条里只有两条看起来像台独，后来却被歪曲成台独文本；民进党一开始也不是台独党，直到许信良以后才变化。","李敖、彭明敏、许信良","台北","李敖演讲集、演讲、青年论坛、80演讲大会、陈文茜对谈、彭明敏、台湾自救宣言、台独、许信良","演讲线、公共事件线","李敖演讲集、053.20150609李敖青年论坛演讲","","李敖演讲集","053.20150609李敖青年论坛演讲","136","《大李敖全集5.0》（wjm_tcy版）分章节/010.节目演讲类/011.李敖演讲集/053.20150609李敖青年论坛演讲.txt","","[]","data/timeline-events-li-ao-yanjiangji.json","li-ao-yanjiangji-053-says-peng-mingmin-declaration-was-distorted-as-taiwan-independence","{""id"":""li-ao-yanjiangji-053-says-peng-mingmin-declaration-was-distorted-as-taiwan-independence"",""date"":""2015-06-09"",""displayDate"":""2015年6月9日"",""datePrecision"":""day"",""title"":""李敖在青年论坛说彭明敏宣言四十二条中只有两条像台独却被扭成台独"",""summary"":""李敖说彭明敏宣言四十二条里只有两条看起来像台独，后来却被歪曲成台独文本；民进党一开始也不是台独党，直到许信良以后才变化。"",""view"":[""演讲线"",""公共事件线""],""tags"":[""李敖演讲集"",""演讲"",""青年论坛"",""80演讲大会"",""陈文茜对谈"",""彭明敏"",""台湾自救宣言"",""台独"",""许信良""],""people"":[""李敖"",""彭明敏"",""许信良""],""places"":[""台北""],""works"":[""李敖演讲集"",""053.20150609李敖青年论坛演讲""],""certainty"":""confirmed"",""source"":{""book"":""李敖演讲集"",""chapter"":""053.20150609李敖青年论坛演讲"",""path"":""《大李敖全集5.0》（wjm_tcy版）分章节/010.节目演讲类/011.李敖演讲集/053.20150609李敖青年论坛演讲.txt"",""line"":136,""lines"":[136,138]},""crossReferences"":[],""dataFile"":""data/timeline-events-li-ao-yanjiangji.json""}"
"25516","2015","2015-06-09","2015年6月9日","day","confirmed","李敖在青年论坛说微博一百四十字限制训练他把文章写短","李敖回看旧文章觉得不够好，认为自己现在写得更短，尤其新浪微博一百四十字限制逼他让故事很快起落。","李敖","台北","李敖演讲集、演讲、青年论坛、80演讲大会、陈文茜对谈、写作方法、微博、短文、自我批评","演讲线、公共事件线","李敖演讲集、053.20150609李敖青年论坛演讲、老年人与棒子","","李敖演讲集","053.20150609李敖青年论坛演讲","105","《大李敖全集5.0》（wjm_tcy版）分章节/010.节目演讲类/011.李敖演讲集/053.20150609李敖青年论坛演讲.txt","","[]","data/timeline-events-li-ao-yanjiangji.json","li-ao-yanjiangji-053-credits-weibo-limit-for-teaching-shorter-writing","{""id"":""li-ao-yanjiangji-053-credits-weibo-limit-for-teaching-shorter-writing"",""date"":""2015-06-09"",""displayDate"":""2015年6月9日"",""datePrecision"":""day"",""title"":""李敖在青年论坛说微博一百四十字限制训练他把文章写短"",""summary"":""李敖回看旧文章觉得不够好，认为自己现在写得更短，尤其新浪微博一百四十字限制逼他让故事很快起落。"",""view"":[""演讲线"",""公共事件线""],""tags"":[""李敖演讲集"",""演讲"",""青年论坛"",""80演讲大会"",""陈文茜对谈"",""写作方法"",""微博"",""短文"",""自我批评""],""people"":[""李敖""],""places"":[""台北""],""works"":[""李敖演讲集"",""053.20150609李敖青年论坛演讲"",""老年人与棒子""],""certainty"":""confirmed"",""source"":{""book"":""李敖演讲集"",""chapter"":""053.20150609李敖青年论坛演讲"",""path"":""《大李敖全集5.0》（wjm_tcy版）分章节/010.节目演讲类/011.李敖演讲集/053.20150609李敖青年论坛演讲.txt"",""line"":105,""lines"":[105]},""crossReferences"":[],""dataFile"":""data/timeline-events-li-ao-yanjiangji.json""}"
"25517","2015","2015-06-09","2015年6月9日","day","confirmed","李敖在青年论坛说禁书压力从国共政府转到资本老板","李敖说国民党禁他九十六本书，共产党禁他一百多本；现在自由言论常不再只被政府控制，也被老板和资本压力控制。","李敖","台北","李敖演讲集、演讲、青年论坛、80演讲大会、陈文茜对谈、禁书、言论自由、资本压力、慈济","演讲线、公共事件线","李敖演讲集、053.20150609李敖青年论坛演讲","li-ao-yanjiangji-046-balances-ccp-life-expectancy-achievement-with-book-bans","李敖演讲集","053.20150609李敖青年论坛演讲","111","《大李敖全集5.0》（wjm_tcy版）分章节/010.节目演讲类/011.李敖演讲集/053.20150609李敖青年论坛演讲.txt","","[]","data/timeline-events-li-ao-yanjiangji.json","li-ao-yanjiangji-053-says-book-bans-changed-from-government-to-capitalist-pressure","{""id"":""li-ao-yanjiangji-053-says-book-bans-changed-from-government-to-capitalist-pressure"",""date"":""2015-06-09"",""displayDate"":""2015年6月9日"",""datePrecision"":""day"",""title"":""李敖在青年论坛说禁书压力从国共政府转到资本老板"",""summary"":""李敖说国民党禁他九十六本书，共产党禁他一百多本；现在自由言论常不再只被政府控制，也被老板和资本压力控制。"",""view"":[""演讲线"",""公共事件线""],""tags"":[""李敖演讲集"",""演讲"",""青年论坛"",""80演讲大会"",""陈文茜对谈"",""禁书"",""言论自由"",""资本压力"",""慈济""],""people"":[""李敖""],""places"":[""台北""],""works"":[""李敖演讲集"",""053.20150609李敖青年论坛演讲""],""certainty"":""confirmed"",""source"":{""book"":""李敖演讲集"",""chapter"":""053.20150609李敖青年论坛演讲"",""path"":""《大李敖全集5.0》（wjm_tcy版）分章节/010.节目演讲类/011.李敖演讲集/053.20150609李敖青年论坛演讲.txt"",""line"":111,""lines"":[111]},""crossReferences"":[""li-ao-yanjiangji-046-balances-ccp-life-expectancy-achievement-with-book-bans""],""dataFile"":""data/timeline-events-li-ao-yanjiangji.json""}"
"25518","2015","2015-06-09","2015年6月9日","day","confirmed","李敖在青年论坛说蔡英文接受中华民国宪法就等于接受统一条款","李敖说蔡英文讲中华民国宪法时，其实也接受宪法增修条文中的国家统一、自由地区和大陆地区逻辑，因此按文本等于统一。","李敖、蔡英文","台北","李敖演讲集、演讲、青年论坛、80演讲大会、陈文茜对谈、蔡英文、中华民国宪法、国家统一、两岸关系","演讲线、公共事件线","李敖演讲集、053.20150609李敖青年论坛演讲","","李敖演讲集","053.20150609李敖青年论坛演讲","138","《大李敖全集5.0》（wjm_tcy版）分章节/010.节目演讲类/011.李敖演讲集/053.20150609李敖青年论坛演讲.txt","","[]","data/timeline-events-li-ao-yanjiangji.json","li-ao-yanjiangji-053-reads-tsai-ingwen-roc-constitution-line-as-unification","{""id"":""li-ao-yanjiangji-053-reads-tsai-ingwen-roc-constitution-line-as-unification"",""date"":""2015-06-09"",""displayDate"":""2015年6月9日"",""datePrecision"":""day"",""title"":""李敖在青年论坛说蔡英文接受中华民国宪法就等于接受统一条款"",""summary"":""李敖说蔡英文讲中华民国宪法时，其实也接受宪法增修条文中的国家统一、自由地区和大陆地区逻辑，因此按文本等于统一。"",""view"":[""演讲线"",""公共事件线""],""tags"":[""李敖演讲集"",""演讲"",""青年论坛"",""80演讲大会"",""陈文茜对谈"",""蔡英文"",""中华民国宪法"",""国家统一"",""两岸关系""],""people"":[""李敖"",""蔡英文""],""places"":[""台北""],""works"":[""李敖演讲集"",""053.20150609李敖青年论坛演讲""],""certainty"":""confirmed"",""source"":{""book"":""李敖演讲集"",""chapter"":""053.20150609李敖青年论坛演讲"",""path"":""《大李敖全集5.0》（wjm_tcy版）分章节/010.节目演讲类/011.李敖演讲集/053.20150609李敖青年论坛演讲.txt"",""line"":138,""lines"":[138]},""crossReferences"":[],""dataFile"":""data/timeline-events-li-ao-yanjiangji.json""}"
"25519","2015","2015-06-09","2015年6月9日","day","confirmed","李敖在青年论坛展示《李敖风流自传》三十五岁照片并说头发是真的","李敖展示《李敖风流自传》封面上三十五岁时的照片，说那时年轻漂亮，头发也是真头发。","李敖","台北","李敖演讲集、演讲、青年论坛、80演讲大会、陈文茜对谈、李敖风流自传、照片、青春、头发","演讲线、公共事件线","李敖演讲集、053.20150609李敖青年论坛演讲、李敖风流自传","","李敖演讲集","053.20150609李敖青年论坛演讲","65","《大李敖全集5.0》（wjm_tcy版）分章节/010.节目演讲类/011.李敖演讲集/053.20150609李敖青年论坛演讲.txt","","[]","data/timeline-events-li-ao-yanjiangji.json","li-ao-yanjiangji-053-shows-fengliu-autobiography-youth-photo-and-real-hair","{""id"":""li-ao-yanjiangji-053-shows-fengliu-autobiography-youth-photo-and-real-hair"",""date"":""2015-06-09"",""displayDate"":""2015年6月9日"",""datePrecision"":""day"",""title"":""李敖在青年论坛展示《李敖风流自传》三十五岁照片并说头发是真的"",""summary"":""李敖展示《李敖风流自传》封面上三十五岁时的照片，说那时年轻漂亮，头发也是真头发。"",""view"":[""演讲线"",""公共事件线""],""tags"":[""李敖演讲集"",""演讲"",""青年论坛"",""80演讲大会"",""陈文茜对谈"",""李敖风流自传"",""照片"",""青春"",""头发""],""people"":[""李敖""],""places"":[""台北""],""works"":[""李敖演讲集"",""053.20150609李敖青年论坛演讲"",""李敖风流自传""],""certainty"":""confirmed"",""source"":{""book"":""李敖演讲集"",""chapter"":""053.20150609李敖青年论坛演讲"",""path"":""《大李敖全集5.0》（wjm_tcy版）分章节/010.节目演讲类/011.李敖演讲集/053.20150609李敖青年论坛演讲.txt"",""line"":65,""lines"":[65]},""crossReferences"":[],""dataFile"":""data/timeline-events-li-ao-yanjiangji.json""}"
"25520","2015","2015-06-09","2015年6月9日","day","confirmed","李敖在青年论坛称郑南榕之死不是简单自焚而是被假台独困住","李敖说郑南榕生前和他通长电话，他认为郑南榕不是简单自焚，而是因为不愿坐牢，被假台独环境困住而走向死亡。","李敖、郑南榕","台北","李敖演讲集、演讲、青年论坛、80演讲大会、陈文茜对谈、郑南榕、自焚、假台独、坐牢","演讲线、公共事件线","李敖演讲集、053.20150609李敖青年论坛演讲","","李敖演讲集","053.20150609李敖青年论坛演讲","189","《大李敖全集5.0》（wjm_tcy版）分章节/010.节目演讲类/011.李敖演讲集/053.20150609李敖青年论坛演讲.txt","","[]","data/timeline-events-li-ao-yanjiangji.json","li-ao-yanjiangji-053-claims-cheng-nan-jung-death-was-not-simple-self-immolation","{""id"":""li-ao-yanjiangji-053-claims-cheng-nan-jung-death-was-not-simple-self-immolation"",""date"":""2015-06-09"",""displayDate"":""2015年6月9日"",""datePrecision"":""day"",""title"":""李敖在青年论坛称郑南榕之死不是简单自焚而是被假台独困住"",""summary"":""李敖说郑南榕生前和他通长电话，他认为郑南榕不是简单自焚，而是因为不愿坐牢，被假台独环境困住而走向死亡。"",""view"":[""演讲线"",""公共事件线""],""tags"":[""李敖演讲集"",""演讲"",""青年论坛"",""80演讲大会"",""陈文茜对谈"",""郑南榕"",""自焚"",""假台独"",""坐牢""],""people"":[""李敖"",""郑南榕""],""places"":[""台北""],""works"":[""李敖演讲集"",""053.20150609李敖青年论坛演讲""],""certainty"":""confirmed"",""source"":{""book"":""李敖演讲集"",""chapter"":""053.20150609李敖青年论坛演讲"",""path"":""《大李敖全集5.0》（wjm_tcy版）分章节/010.节目演讲类/011.李敖演讲集/053.20150609李敖青年论坛演讲.txt"",""line"":189,""lines"":[189,191,193,195]},""crossReferences"":[],""dataFile"":""data/timeline-events-li-ao-yanjiangji.json""}"
"25521","2015","2015-06-09","2015年6月9日","day","confirmed","李敖在青年论坛称蔡英文是替代前辈的机会主义者并揭民进党律师线人问题","李敖说蔡英文是后来上位的机会主义者，取代了早期牺牲者；他又说民进党律师和长辈里不少曾是国民党线民，并以江鹏坚告诉他的陈水扁收费辩护为例。","李敖、蔡英文、江鹏坚、陈水扁、黄信介","台北","李敖演讲集、演讲、青年论坛、80演讲大会、陈文茜对谈、蔡英文、民进党、线民、江鹏坚、陈水扁","演讲线、公共事件线","李敖演讲集、053.20150609李敖青年论坛演讲","","李敖演讲集","053.20150609李敖青年论坛演讲","199","《大李敖全集5.0》（wjm_tcy版）分章节/010.节目演讲类/011.李敖演讲集/053.20150609李敖青年论坛演讲.txt","","[]","data/timeline-events-li-ao-yanjiangji.json","li-ao-yanjiangji-053-calls-tsai-ingwen-opportunist-and-dpp-lawyers-informers","{""id"":""li-ao-yanjiangji-053-calls-tsai-ingwen-opportunist-and-dpp-lawyers-informers"",""date"":""2015-06-09"",""displayDate"":""2015年6月9日"",""datePrecision"":""day"",""title"":""李敖在青年论坛称蔡英文是替代前辈的机会主义者并揭民进党律师线人问题"",""summary"":""李敖说蔡英文是后来上位的机会主义者，取代了早期牺牲者；他又说民进党律师和长辈里不少曾是国民党线民，并以江鹏坚告诉他的陈水扁收费辩护为例。"",""view"":[""演讲线"",""公共事件线""],""tags"":[""李敖演讲集"",""演讲"",""青年论坛"",""80演讲大会"",""陈文茜对谈"",""蔡英文"",""民进党"",""线民"",""江鹏坚"",""陈水扁""],""people"":[""李敖"",""蔡英文"",""江鹏坚"",""陈水扁"",""黄信介""],""places"":[""台北""],""works"":[""李敖演讲集"",""053.20150609李敖青年论坛演讲""],""certainty"":""confirmed"",""source"":{""book"":""李敖演讲集"",""chapter"":""053.20150609李敖青年论坛演讲"",""path"":""《大李敖全集5.0》（wjm_tcy版）分章节/010.节目演讲类/011.李敖演讲集/053.20150609李敖青年论坛演讲.txt"",""line"":199,""lines"":[199,201,203,205,207]},""crossReferences"":[],""dataFile"":""data/timeline-events-li-ao-yanjiangji.json""}"
"25522","2015","2015-06-09","2015年6月9日","day","confirmed","李敖在青年论坛警告年轻人李敖道路在现代国家机器下很悲剧","李敖说年轻人可以过普通生活或坚持信仰，但若走“李敖”式道路会很悲剧，因为现代国家有坦克和枪，个人力量太小，刘邦项羽式造反已不可能。","李敖、刘邦、项羽","台北","李敖演讲集、演讲、青年论坛、80演讲大会、陈文茜对谈、青年建议、国家机器、悲剧、反抗","演讲线、公共事件线","李敖演讲集、053.20150609李敖青年论坛演讲","","李敖演讲集","053.20150609李敖青年论坛演讲","375","《大李敖全集5.0》（wjm_tcy版）分章节/010.节目演讲类/011.李敖演讲集/053.20150609李敖青年论坛演讲.txt","","[]","data/timeline-events-li-ao-yanjiangji.json","li-ao-yanjiangji-053-warns-youth-that-li-ao-path-is-tragic-under-modern-state-power","{""id"":""li-ao-yanjiangji-053-warns-youth-that-li-ao-path-is-tragic-under-modern-state-power"",""date"":""2015-06-09"",""displayDate"":""2015年6月9日"",""datePrecision"":""day"",""title"":""李敖在青年论坛警告年轻人李敖道路在现代国家机器下很悲剧"",""summary"":""李敖说年轻人可以过普通生活或坚持信仰，但若走“李敖”式道路会很悲剧，因为现代国家有坦克和枪，个人力量太小，刘邦项羽式造反已不可能。"",""view"":[""演讲线"",""公共事件线""],""tags"":[""李敖演讲集"",""演讲"",""青年论坛"",""80演讲大会"",""陈文茜对谈"",""青年建议"",""国家机器"",""悲剧"",""反抗""],""people"":[""李敖"",""刘邦"",""项羽""],""places"":[""台北""],""works"":[""李敖演讲集"",""053.20150609李敖青年论坛演讲""],""certainty"":""confirmed"",""source"":{""book"":""李敖演讲集"",""chapter"":""053.20150609李敖青年论坛演讲"",""path"":""《大李敖全集5.0》（wjm_tcy版）分章节/010.节目演讲类/011.李敖演讲集/053.20150609李敖青年论坛演讲.txt"",""line"":375,""lines"":[375,377,379,381]},""crossReferences"":[],""dataFile"":""data/timeline-events-li-ao-yanjiangji.json""}"
"25523","2015","2015-06-09","2015年6月9日星期二","day","confirmed","与陈文茜在《中天青年论坛》对谈演讲","《李敖五十年表》记，2015年6月9日，李敖与陈文茜在《中天青年论坛》对谈演讲。对2015年《虽千万人，李敖往矣》与《李敖风流自传》的出版年而言，这条补出了同年在媒体与思想表达层面的公开对谈节点。","李敖、陈文茜","中天、台湾","中天青年论坛、陈文茜、对谈、演讲","演讲线、媒体线、生平线","中天青年论坛、李敖相关","","李敖相关","001.李敖五十年表","187","《大李敖全集5.0》（wjm_tcy版）分章节/001.自传回忆类/008.李敖相关/001.李敖五十年表.txt","","[]","data/timeline-events-eighth-book.json","book8-2015-06-09-talks-with-chen-wenzhen-at-cti-youth-forum","{""id"":""book8-2015-06-09-talks-with-chen-wenzhen-at-cti-youth-forum"",""date"":""2015-06-09"",""displayDate"":""2015年6月9日星期二"",""datePrecision"":""day"",""title"":""与陈文茜在《中天青年论坛》对谈演讲"",""summary"":""《李敖五十年表》记，2015年6月9日，李敖与陈文茜在《中天青年论坛》对谈演讲。对2015年《虽千万人，李敖往矣》与《李敖风流自传》的出版年而言，这条补出了同年在媒体与思想表达层面的公开对谈节点。"",""view"":[""演讲线"",""媒体线"",""生平线""],""tags"":[""中天青年论坛"",""陈文茜"",""对谈"",""演讲""],""people"":[""李敖"",""陈文茜""],""places"":[""中天"",""台湾""],""works"":[""中天青年论坛"",""李敖相关""],""certainty"":""confirmed"",""source"":{""book"":""李敖相关"",""chapter"":""001.李敖五十年表"",""path"":""《大李敖全集5.0》（wjm_tcy版）分章节/001.自传回忆类/008.李敖相关/001.李敖五十年表.txt"",""line"":187},""dataFile"":""data/timeline-events-eighth-book.json""}"
"25524","2015","2015-07-24","2015年7月24日","day","reported-by-author","李敖短信王尚勤，请转交陈彦增文章并说明体检住院","2015年7月24日，李敖发短信给王尚勤，告知陈彦增写了一篇文章，请她把副本转给小潘夫妇。李敖在短信中说自己八十岁后彻底检查身体，发现脑、肺、心、腿、眼都有问题，自嘲“恶贯满盈，百病丛生”，将于7月28日至31日住院；他又回应王尚勤看好他长寿的话，说活到宋美龄一百零六岁并不容易，并说明自己因搬书伤了右肘，字写得不成样子。","李敖、王尚勤、陈彦增、小潘、宋美龄、马戈","台湾","王尚勤、短信、陈彦增、小潘、体检、住院、右肘、搬书、八十岁","书信线、晚年线、健康线、交游线","李敖书信集、2015年致王尚勤短信、马戈离世前与陈某共处的日子","li-ao-fangtanlu-2015-07-30-ctv-interview-love-marriage-and-fengliu-zizhuan","李敖书信集","069.2015年致王尚勤短信","3","《大李敖全集5.0》（wjm_tcy版）分章节/008.书信函件类/002.李敖书信集/069.2015年致王尚勤短信.txt","","[]","data/timeline-events-li-ao-shuxinji.json","li-ao-shuxinji-2015-07-24-texts-wang-shangqin-hospital-checkup","{""id"":""li-ao-shuxinji-2015-07-24-texts-wang-shangqin-hospital-checkup"",""date"":""2015-07-24"",""displayDate"":""2015年7月24日"",""datePrecision"":""day"",""title"":""李敖短信王尚勤，请转交陈彦增文章并说明体检住院"",""summary"":""2015年7月24日，李敖发短信给王尚勤，告知陈彦增写了一篇文章，请她把副本转给小潘夫妇。李敖在短信中说自己八十岁后彻底检查身体，发现脑、肺、心、腿、眼都有问题，自嘲“恶贯满盈，百病丛生”，将于7月28日至31日住院；他又回应王尚勤看好他长寿的话，说活到宋美龄一百零六岁并不容易，并说明自己因搬书伤了右肘，字写得不成样子。"",""category"":""letters"",""type"":""李敖当事人事件"",""certainty"":""reported-by-author"",""source"":{""book"":""李敖书信集"",""chapter"":""069.2015年致王尚勤短信"",""path"":""《大李敖全集5.0》（wjm_tcy版）分章节/008.书信函件类/002.李敖书信集/069.2015年致王尚勤短信.txt"",""line"":3,""lines"":[3,5]},""tags"":[""王尚勤"",""短信"",""陈彦增"",""小潘"",""体检"",""住院"",""右肘"",""搬书"",""八十岁""],""people"":[""李敖"",""王尚勤"",""陈彦增"",""小潘"",""宋美龄"",""马戈""],""places"":[""台湾""],""works"":[""李敖书信集"",""2015年致王尚勤短信"",""马戈离世前与陈某共处的日子""],""view"":[""书信线"",""晚年线"",""健康线"",""交游线""],""crossReferences"":[""li-ao-fangtanlu-2015-07-30-ctv-interview-love-marriage-and-fengliu-zizhuan""],""dataFile"":""data/timeline-events-li-ao-shuxinji.json""}"
"25525","2015","2015-07-29","2015年7月29日星期三","day","confirmed","李敖以“恶贯满盈，百病丛生”自况八十岁后的身体","《2015年7月》“恶贯满盈，百病丛生”写，2015年7月29日，李敖以这八个字戏谑性描写八十岁后的自己，感慨现代医学检验使人无所遁形，任何健康者都可照出心病和毛病。","李敖","台湾","八十岁、健康、自况、现代医学","健康线、晚年线","虽千万人，李敖往矣","","虽千万人，李敖往矣","037.2015年7月","175","《大李敖全集5.0》（wjm_tcy版）分章节/005.诗集语录类/005.虽千万人，李敖往矣/037.2015年7月.txt","","[]","data/timeline-events-sui-qianwan-li-ao-wangyi.json","sui-qianwan-2015-07-29-after-eighty-self-describes-health","{""id"":""sui-qianwan-2015-07-29-after-eighty-self-describes-health"",""date"":""2015-07-29"",""displayDate"":""2015年7月29日星期三"",""datePrecision"":""day"",""title"":""李敖以“恶贯满盈，百病丛生”自况八十岁后的身体"",""summary"":""《2015年7月》“恶贯满盈，百病丛生”写，2015年7月29日，李敖以这八个字戏谑性描写八十岁后的自己，感慨现代医学检验使人无所遁形，任何健康者都可照出心病和毛病。"",""view"":[""健康线"",""晚年线""],""tags"":[""八十岁"",""健康"",""自况"",""现代医学""],""people"":[""李敖""],""places"":[""台湾""],""works"":[""虽千万人，李敖往矣""],""certainty"":""confirmed"",""source"":{""book"":""虽千万人，李敖往矣"",""chapter"":""037.2015年7月"",""path"":""《大李敖全集5.0》（wjm_tcy版）分章节/005.诗集语录类/005.虽千万人，李敖往矣/037.2015年7月.txt"",""line"":175},""dataFile"":""data/timeline-events-sui-qianwan-li-ao-wangyi.json""}"
"25526","2015","2015-07-30","2015年7月30日，中视专访报道中","day","confirmed","李敖接受中视专访，谈失恋轻生、胡茵梦婚姻和《风流自传》","台湾媒体7月30日报道中视专访李敖，80岁的他在节目中谈初恋受阻后曾在宿舍服药轻生，后来改变爱情观；又回忆自己在公车站搭讪女友、与现任太太的姻缘，以及和胡茵梦婚姻、林青霞、洪秀柱等旧事。节目还以《李敖风流自传》为线索，引出他小时候胆小，上学时要佣人陪在教室外，并在节目中回忆儿时梦魇经验。","李敖、胡茵梦、林青霞、洪秀柱、刘忆如","台湾、中视节目、宿舍、公车站","中视、电视专访、李敖风流自传、初恋、胡茵梦、梦魇","访谈线、情感线、出版线、晚年线","李敖访谈录1990-2018、李敖风流自传、只爱一点点","sui-qianwan-2015-04-25-fengliu-zizhuan-published-in-taiwan","李敖访谈录1990-2018","072.20150730中视专访李敖","3","《大李敖全集5.0》（wjm_tcy版）分章节/007.采访序跋类/005.李敖访谈录1990-2018/072.20150730中视专访李敖.txt","","[]","data/timeline-events-li-ao-fangtanlu-1990-2018.json","li-ao-fangtanlu-2015-07-30-ctv-interview-love-marriage-and-fengliu-zizhuan","{""id"":""li-ao-fangtanlu-2015-07-30-ctv-interview-love-marriage-and-fengliu-zizhuan"",""date"":""2015-07-30"",""displayDate"":""2015年7月30日，中视专访报道中"",""datePrecision"":""day"",""title"":""李敖接受中视专访，谈失恋轻生、胡茵梦婚姻和《风流自传》"",""summary"":""台湾媒体7月30日报道中视专访李敖，80岁的他在节目中谈初恋受阻后曾在宿舍服药轻生，后来改变爱情观；又回忆自己在公车站搭讪女友、与现任太太的姻缘，以及和胡茵梦婚姻、林青霞、洪秀柱等旧事。节目还以《李敖风流自传》为线索，引出他小时候胆小，上学时要佣人陪在教室外，并在节目中回忆儿时梦魇经验。"",""category"":""interview"",""type"":""李敖当事人事件"",""source"":{""book"":""李敖访谈录1990-2018"",""chapter"":""072.20150730中视专访李敖"",""path"":""《大李敖全集5.0》（wjm_tcy版）分章节/007.采访序跋类/005.李敖访谈录1990-2018/072.20150730中视专访李敖.txt"",""line"":3,""lines"":[3,5,7,9,11,13,15]},""certainty"":""confirmed"",""tags"":[""中视"",""电视专访"",""李敖风流自传"",""初恋"",""胡茵梦"",""梦魇""],""people"":[""李敖"",""胡茵梦"",""林青霞"",""洪秀柱"",""刘忆如""],""places"":[""台湾"",""中视节目"",""宿舍"",""公车站""],""works"":[""李敖访谈录1990-2018"",""李敖风流自传"",""只爱一点点""],""view"":[""访谈线"",""情感线"",""出版线"",""晚年线""],""crossReferences"":[""sui-qianwan-2015-04-25-fengliu-zizhuan-published-in-taiwan""],""dataFile"":""data/timeline-events-li-ao-fangtanlu-1990-2018.json""}"
"25527","2015","2015-09-11","2015年9月11日星期五","day","confirmed","陶冬冬听说李敖一再生病后飞来看他","《2015年9月》“画家的茫然”写，2015年9月11日，李敖记好友画家陶冬冬听说自己一再生病，特地飞来看他；李敖说他由“冬冬”的名字联想到画家与乱世中的遁世。","李敖、陶冬冬","台湾","陶冬冬、探病、画家、生病","交游线、健康线、晚年线","虽千万人，李敖往矣","","虽千万人，李敖往矣","039.2015年9月","67","《大李敖全集5.0》（wjm_tcy版）分章节/005.诗集语录类/005.虽千万人，李敖往矣/039.2015年9月.txt","","[]","data/timeline-events-sui-qianwan-li-ao-wangyi.json","sui-qianwan-2015-09-11-tao-dongdong-flies-to-visit-after-illness","{""id"":""sui-qianwan-2015-09-11-tao-dongdong-flies-to-visit-after-illness"",""date"":""2015-09-11"",""displayDate"":""2015年9月11日星期五"",""datePrecision"":""day"",""title"":""陶冬冬听说李敖一再生病后飞来看他"",""summary"":""《2015年9月》“画家的茫然”写，2015年9月11日，李敖记好友画家陶冬冬听说自己一再生病，特地飞来看他；李敖说他由“冬冬”的名字联想到画家与乱世中的遁世。"",""view"":[""交游线"",""健康线"",""晚年线""],""tags"":[""陶冬冬"",""探病"",""画家"",""生病""],""people"":[""李敖"",""陶冬冬""],""places"":[""台湾""],""works"":[""虽千万人，李敖往矣""],""certainty"":""confirmed"",""source"":{""book"":""虽千万人，李敖往矣"",""chapter"":""039.2015年9月"",""path"":""《大李敖全集5.0》（wjm_tcy版）分章节/005.诗集语录类/005.虽千万人，李敖往矣/039.2015年9月.txt"",""line"":67},""dataFile"":""data/timeline-events-sui-qianwan-li-ao-wangyi.json""}"
"25528","2015","2015-09-27","2015年9月27日星期日","day","confirmed","李敖记录一生卖掉三个书房，第四个书房已是最后死穴","《2015年9月》“共产吧”写，2015年9月27日，李敖说自己一生卖掉三个书房，像南极探险家回程中不得不逐一杀狗以免同殉；现在的第四个书房该是最后的“死穴”，人书俱老，房子也老。","李敖","台湾","书房、卖书房、晚年住所、藏书","书房线、晚年线、日常线","虽千万人，李敖往矣","","虽千万人，李敖往矣","039.2015年9月","163","《大李敖全集5.0》（wjm_tcy版）分章节/005.诗集语录类/005.虽千万人，李敖往矣/039.2015年9月.txt","","[]","data/timeline-events-sui-qianwan-li-ao-wangyi.json","sui-qianwan-2015-09-27-records-fourth-study-as-final-dead-point","{""id"":""sui-qianwan-2015-09-27-records-fourth-study-as-final-dead-point"",""date"":""2015-09-27"",""displayDate"":""2015年9月27日星期日"",""datePrecision"":""day"",""title"":""李敖记录一生卖掉三个书房，第四个书房已是最后死穴"",""summary"":""《2015年9月》“共产吧”写，2015年9月27日，李敖说自己一生卖掉三个书房，像南极探险家回程中不得不逐一杀狗以免同殉；现在的第四个书房该是最后的“死穴”，人书俱老，房子也老。"",""view"":[""书房线"",""晚年线"",""日常线""],""tags"":[""书房"",""卖书房"",""晚年住所"",""藏书""],""people"":[""李敖""],""places"":[""台湾""],""works"":[""虽千万人，李敖往矣""],""certainty"":""confirmed"",""source"":{""book"":""虽千万人，李敖往矣"",""chapter"":""039.2015年9月"",""path"":""《大李敖全集5.0》（wjm_tcy版）分章节/005.诗集语录类/005.虽千万人，李敖往矣/039.2015年9月.txt"",""line"":163},""dataFile"":""data/timeline-events-sui-qianwan-li-ao-wangyi.json""}"
"25529","2015","2015-10-05","2015年10月5日星期一","day","confirmed","李敖发微博被拦截并收到《微博社区管理规定》通知","《2015年10月》“全毁与抽毁”写，2015年10月5日，李敖回述前天、昨天发了两篇，其中第一篇被拦截后，收到“违反《微博社区管理规定（试行）》或相关法规政策，无法进行指定操作”的通知。他借此比较清朝禁书的全毁与抽毁。","李敖","大陆网络平台","微博、微博社区管理规定、审查、拦截","网络线、审查线、写作线","虽千万人，李敖往矣、哈囉李敖","","虽千万人，李敖往矣","040.2015年10月","31","《大李敖全集5.0》（wjm_tcy版）分章节/005.诗集语录类/005.虽千万人，李敖往矣/040.2015年10月.txt","","[]","data/timeline-events-sui-qianwan-li-ao-wangyi.json","sui-qianwan-2015-10-05-receives-weibo-community-rules-notice-after-post-blocked","{""id"":""sui-qianwan-2015-10-05-receives-weibo-community-rules-notice-after-post-blocked"",""date"":""2015-10-05"",""displayDate"":""2015年10月5日星期一"",""datePrecision"":""day"",""title"":""李敖发微博被拦截并收到《微博社区管理规定》通知"",""summary"":""《2015年10月》“全毁与抽毁”写，2015年10月5日，李敖回述前天、昨天发了两篇，其中第一篇被拦截后，收到“违反《微博社区管理规定（试行）》或相关法规政策，无法进行指定操作”的通知。他借此比较清朝禁书的全毁与抽毁。"",""view"":[""网络线"",""审查线"",""写作线""],""tags"":[""微博"",""微博社区管理规定"",""审查"",""拦截""],""people"":[""李敖""],""places"":[""大陆网络平台""],""works"":[""虽千万人，李敖往矣"",""哈囉李敖""],""certainty"":""confirmed"",""source"":{""book"":""虽千万人，李敖往矣"",""chapter"":""040.2015年10月"",""path"":""《大李敖全集5.0》（wjm_tcy版）分章节/005.诗集语录类/005.虽千万人，李敖往矣/040.2015年10月.txt"",""line"":31},""dataFile"":""data/timeline-events-sui-qianwan-li-ao-wangyi.json""}"
"25530","2015","2015-10-06","2015年10月6日星期二","day","confirmed","医生劝李敖停止过午不食，李敖傍晚到北方馆吃粥与馅饼","《2015年10月》“盗亦有道”写，2015年10月6日，医生劝李敖不要再“过午不食”，傍晚要吃一点东西。当晚他到北方馆点粥、猪头肉和馅饼，又被一位老太太拍肩问是否记得其亡夫徐忠，李敖随即回忆40年前徐忠卷款旧事。","李敖、徐忠","北方馆、台湾","过午不食、北方馆、医生、徐忠","健康线、日常线、交游线","虽千万人，李敖往矣","","虽千万人，李敖往矣","040.2015年10月","37","《大李敖全集5.0》（wjm_tcy版）分章节/005.诗集语录类/005.虽千万人，李敖往矣/040.2015年10月.txt","","[]","data/timeline-events-sui-qianwan-li-ao-wangyi.json","sui-qianwan-2015-10-06-doctor-stops-noon-fasting-and-beifangguan-dinner","{""id"":""sui-qianwan-2015-10-06-doctor-stops-noon-fasting-and-beifangguan-dinner"",""date"":""2015-10-06"",""displayDate"":""2015年10月6日星期二"",""datePrecision"":""day"",""title"":""医生劝李敖停止过午不食，李敖傍晚到北方馆吃粥与馅饼"",""summary"":""《2015年10月》“盗亦有道”写，2015年10月6日，医生劝李敖不要再“过午不食”，傍晚要吃一点东西。当晚他到北方馆点粥、猪头肉和馅饼，又被一位老太太拍肩问是否记得其亡夫徐忠，李敖随即回忆40年前徐忠卷款旧事。"",""view"":[""健康线"",""日常线"",""交游线""],""tags"":[""过午不食"",""北方馆"",""医生"",""徐忠""],""people"":[""李敖"",""徐忠""],""places"":[""北方馆"",""台湾""],""works"":[""虽千万人，李敖往矣""],""certainty"":""confirmed"",""source"":{""book"":""虽千万人，李敖往矣"",""chapter"":""040.2015年10月"",""path"":""《大李敖全集5.0》（wjm_tcy版）分章节/005.诗集语录类/005.虽千万人，李敖往矣/040.2015年10月.txt"",""line"":37},""dataFile"":""data/timeline-events-sui-qianwan-li-ao-wangyi.json""}"
"25531","2015","2015-10-10","2015年10月10日星期六","day","confirmed","李敖给臧英年戒烟宣传提供一句简明理由","《2015年10月》“戒烟一法”写，2015年10月10日，李敖说朋友臧英年大力提倡戒烟，他对臧英年说戒烟理由要简明有力；臧英年问他的理由，李敖答“老蒋能戒掉，我也能。我比敌人有毅力！”","李敖、臧英年","台湾","臧英年、戒烟、宣传语","交游线、健康线、日常线","虽千万人，李敖往矣","","虽千万人，李敖往矣","040.2015年10月","61","《大李敖全集5.0》（wjm_tcy版）分章节/005.诗集语录类/005.虽千万人，李敖往矣/040.2015年10月.txt","","[]","data/timeline-events-sui-qianwan-li-ao-wangyi.json","sui-qianwan-2015-10-10-gives-zang-yingnian-smoking-cessation-slogan","{""id"":""sui-qianwan-2015-10-10-gives-zang-yingnian-smoking-cessation-slogan"",""date"":""2015-10-10"",""displayDate"":""2015年10月10日星期六"",""datePrecision"":""day"",""title"":""李敖给臧英年戒烟宣传提供一句简明理由"",""summary"":""《2015年10月》“戒烟一法”写，2015年10月10日，李敖说朋友臧英年大力提倡戒烟，他对臧英年说戒烟理由要简明有力；臧英年问他的理由，李敖答“老蒋能戒掉，我也能。我比敌人有毅力！”"",""view"":[""交游线"",""健康线"",""日常线""],""tags"":[""臧英年"",""戒烟"",""宣传语""],""people"":[""李敖"",""臧英年""],""places"":[""台湾""],""works"":[""虽千万人，李敖往矣""],""certainty"":""confirmed"",""source"":{""book"":""虽千万人，李敖往矣"",""chapter"":""040.2015年10月"",""path"":""《大李敖全集5.0》（wjm_tcy版）分章节/005.诗集语录类/005.虽千万人，李敖往矣/040.2015年10月.txt"",""line"":61},""dataFile"":""data/timeline-events-sui-qianwan-li-ao-wangyi.json""}"
"25532","2015","2015-10-17","2015年10月17日星期六","day","confirmed","李敖在书房中提到收藏《The Fred Astaire Dance Book》","《2015年10月》“反面教材”写，2015年10月17日，李敖说自己的书房“卧虎藏龙”，有一本《The Fred Astaire Dance Book》，记录舞王 Fred Astaire 的成就；他又由此谈 Ginger Rogers 的反面教材意义。","李敖、Fred Astaire、Ginger Rogers","台湾","书房、藏书、The Fred Astaire Dance Book、Fred Astaire、Ginger Rogers","书房线、藏书线、日常线","The Fred Astaire Dance Book、虽千万人，李敖往矣","","虽千万人，李敖往矣","040.2015年10月","103","《大李敖全集5.0》（wjm_tcy版）分章节/005.诗集语录类/005.虽千万人，李敖往矣/040.2015年10月.txt","","[]","data/timeline-events-sui-qianwan-li-ao-wangyi.json","sui-qianwan-2015-10-17-notes-fred-astaire-dance-book-in-study","{""id"":""sui-qianwan-2015-10-17-notes-fred-astaire-dance-book-in-study"",""date"":""2015-10-17"",""displayDate"":""2015年10月17日星期六"",""datePrecision"":""day"",""title"":""李敖在书房中提到收藏《The Fred Astaire Dance Book》"",""summary"":""《2015年10月》“反面教材”写，2015年10月17日，李敖说自己的书房“卧虎藏龙”，有一本《The Fred Astaire Dance Book》，记录舞王 Fred Astaire 的成就；他又由此谈 Ginger Rogers 的反面教材意义。"",""view"":[""书房线"",""藏书线"",""日常线""],""tags"":[""书房"",""藏书"",""The Fred Astaire Dance Book"",""Fred Astaire"",""Ginger Rogers""],""people"":[""李敖"",""Fred Astaire"",""Ginger Rogers""],""places"":[""台湾""],""works"":[""The Fred Astaire Dance Book"",""虽千万人，李敖往矣""],""certainty"":""confirmed"",""source"":{""book"":""虽千万人，李敖往矣"",""chapter"":""040.2015年10月"",""path"":""《大李敖全集5.0》（wjm_tcy版）分章节/005.诗集语录类/005.虽千万人，李敖往矣/040.2015年10月.txt"",""line"":103},""dataFile"":""data/timeline-events-sui-qianwan-li-ao-wangyi.json""}"
"25533","2015","2015-10-19","2015年10月19日星期一","day","confirmed","李敖记录多家大陆电视台邀他现身抢救中文却被拦住","《2015年10月》“拉丁文与中文”写，2015年10月19日，李敖说只有中文可以与英文世界语地位一搏，祖国几家电视台都约他现身“抢救、挥洒中文”，但都被党中央拦住。1月19日，他也曾写自己想把文章、演讲、读书“三绝”传授给大陆同胞，却因政府封杀电视节目未能现身说法。","李敖","中国大陆","电视节目、大陆电视台、中文、封杀、三绝","媒体线、审查线、晚年线","虽千万人，李敖往矣","","虽千万人，李敖往矣","040.2015年10月","115","《大李敖全集5.0》（wjm_tcy版）分章节/005.诗集语录类/005.虽千万人，李敖往矣/040.2015年10月.txt","虽千万人，李敖往矣 / 031.2015年1月 / line 115 / 说明：1月19日写到想传授“三绝”给大陆同胞，但电视节目被政府封杀。 / 《大李敖全集5.0》（wjm_tcy版）分章节/005.诗集语录类/005.虽千万人，李敖往矣/031.2015年1月.txt","[{""book"":""虽千万人，李敖往矣"",""chapter"":""031.2015年1月"",""path"":""《大李敖全集5.0》（wjm_tcy版）分章节/005.诗集语录类/005.虽千万人，李敖往矣/031.2015年1月.txt"",""line"":115,""note"":""1月19日写到想传授“三绝”给大陆同胞，但电视节目被政府封杀。""}]","data/timeline-events-sui-qianwan-li-ao-wangyi.json","sui-qianwan-2015-10-19-records-mainland-tv-invitations-blocked","{""id"":""sui-qianwan-2015-10-19-records-mainland-tv-invitations-blocked"",""date"":""2015-10-19"",""displayDate"":""2015年10月19日星期一"",""datePrecision"":""day"",""title"":""李敖记录多家大陆电视台邀他现身抢救中文却被拦住"",""summary"":""《2015年10月》“拉丁文与中文”写，2015年10月19日，李敖说只有中文可以与英文世界语地位一搏，祖国几家电视台都约他现身“抢救、挥洒中文”，但都被党中央拦住。1月19日，他也曾写自己想把文章、演讲、读书“三绝”传授给大陆同胞，却因政府封杀电视节目未能现身说法。"",""view"":[""媒体线"",""审查线"",""晚年线""],""tags"":[""电视节目"",""大陆电视台"",""中文"",""封杀"",""三绝""],""people"":[""李敖""],""places"":[""中国大陆""],""works"":[""虽千万人，李敖往矣""],""certainty"":""confirmed"",""source"":{""book"":""虽千万人，李敖往矣"",""chapter"":""040.2015年10月"",""path"":""《大李敖全集5.0》（wjm_tcy版）分章节/005.诗集语录类/005.虽千万人，李敖往矣/040.2015年10月.txt"",""line"":115},""additionalSources"":[{""book"":""虽千万人，李敖往矣"",""chapter"":""031.2015年1月"",""path"":""《大李敖全集5.0》（wjm_tcy版）分章节/005.诗集语录类/005.虽千万人，李敖往矣/031.2015年1月.txt"",""line"":115,""note"":""1月19日写到想传授“三绝”给大陆同胞，但电视节目被政府封杀。""}],""dataFile"":""data/timeline-events-sui-qianwan-li-ao-wangyi.json""}"
"25534","2015","2015-10-23","2015年10月23日星期五","day","confirmed","李敖电告臧英年自己早已捐尸台大，坟都是假的","《2015年10月》“撒尿权”写，2015年10月23日，李敖说自己与潘毓刚约定后死者可在先死者坟上撒尿；臧英年得知后要求援例，李敖电告臧英年，自己死后所谓坟墓都只是假的，因为他早已把尸体捐给台大医院解剖。本条为1998年遗体捐献旧节点的晚年回述与交游细节。","李敖、臧英年、潘毓刚","台湾、台大医院","臧英年、潘毓刚、遗体捐献、台大医院、身后事","健康线、交游线、晚年线","虽千万人，李敖往矣","book5-1998-08-07-finishes-zhili-ji-and-body-donation-note","虽千万人，李敖往矣","040.2015年10月","139","《大李敖全集5.0》（wjm_tcy版）分章节/005.诗集语录类/005.虽千万人，李敖往矣/040.2015年10月.txt","","[]","data/timeline-events-sui-qianwan-li-ao-wangyi.json","sui-qianwan-2015-10-23-tells-zang-yingnian-about-fake-grave-and-ntu-body-donation","{""id"":""sui-qianwan-2015-10-23-tells-zang-yingnian-about-fake-grave-and-ntu-body-donation"",""date"":""2015-10-23"",""displayDate"":""2015年10月23日星期五"",""datePrecision"":""day"",""title"":""李敖电告臧英年自己早已捐尸台大，坟都是假的"",""summary"":""《2015年10月》“撒尿权”写，2015年10月23日，李敖说自己与潘毓刚约定后死者可在先死者坟上撒尿；臧英年得知后要求援例，李敖电告臧英年，自己死后所谓坟墓都只是假的，因为他早已把尸体捐给台大医院解剖。本条为1998年遗体捐献旧节点的晚年回述与交游细节。"",""view"":[""健康线"",""交游线"",""晚年线""],""tags"":[""臧英年"",""潘毓刚"",""遗体捐献"",""台大医院"",""身后事""],""people"":[""李敖"",""臧英年"",""潘毓刚""],""places"":[""台湾"",""台大医院""],""works"":[""虽千万人，李敖往矣""],""certainty"":""confirmed"",""crossReferences"":[""book5-1998-08-07-finishes-zhili-ji-and-body-donation-note""],""source"":{""book"":""虽千万人，李敖往矣"",""chapter"":""040.2015年10月"",""path"":""《大李敖全集5.0》（wjm_tcy版）分章节/005.诗集语录类/005.虽千万人，李敖往矣/040.2015年10月.txt"",""line"":139},""dataFile"":""data/timeline-events-sui-qianwan-li-ao-wangyi.json""}"
"25535","2015","2015-10-24","2015年10月24日星期六","day","confirmed","李敖否认将亮相《康熙来了》最后一集","《2015年10月》“小S坐大腿”写，2015年10月24日，李敖记媒体连日盛传他将亮相《康熙来了》最后一集，他明确说“并无此事”。他同时回忆12年前《康熙来了》开播时，自己就是第一集来宾。","李敖、小S","台湾","康熙来了、小S、电视节目、辟谣","媒体线、晚年线","康熙来了、虽千万人，李敖往矣","","虽千万人，李敖往矣","040.2015年10月","145","《大李敖全集5.0》（wjm_tcy版）分章节/005.诗集语录类/005.虽千万人，李敖往矣/040.2015年10月.txt","","[]","data/timeline-events-sui-qianwan-li-ao-wangyi.json","sui-qianwan-2015-10-24-denies-kangxi-final-episode-rumor","{""id"":""sui-qianwan-2015-10-24-denies-kangxi-final-episode-rumor"",""date"":""2015-10-24"",""displayDate"":""2015年10月24日星期六"",""datePrecision"":""day"",""title"":""李敖否认将亮相《康熙来了》最后一集"",""summary"":""《2015年10月》“小S坐大腿”写，2015年10月24日，李敖记媒体连日盛传他将亮相《康熙来了》最后一集，他明确说“并无此事”。他同时回忆12年前《康熙来了》开播时，自己就是第一集来宾。"",""view"":[""媒体线"",""晚年线""],""tags"":[""康熙来了"",""小S"",""电视节目"",""辟谣""],""people"":[""李敖"",""小S""],""places"":[""台湾""],""works"":[""康熙来了"",""虽千万人，李敖往矣""],""certainty"":""confirmed"",""source"":{""book"":""虽千万人，李敖往矣"",""chapter"":""040.2015年10月"",""path"":""《大李敖全集5.0》（wjm_tcy版）分章节/005.诗集语录类/005.虽千万人，李敖往矣/040.2015年10月.txt"",""line"":145},""dataFile"":""data/timeline-events-sui-qianwan-li-ao-wangyi.json""}"
"25536","2015","2015-11-14","2015年11月14日星期六","day","confirmed","住院期间护理长林少瑜拿李敖旧作索题，李敖即写打油诗两首","《2015年11月》“住院7天”写，李敖在蒋家荣民医院住院一周期间，护理长林少瑜拿出家藏的李敖旧作请他题字；李敖即时写打油诗两首送给她。这条补出病中签题与医院日常细节。","李敖、林少瑜","蒋家荣民医院、台湾","住院、林少瑜、题字、打油诗、旧作","健康线、日常线、著作线","虽千万人，李敖往矣","","虽千万人，李敖往矣","041.2015年11月","85","《大李敖全集5.0》（wjm_tcy版）分章节/005.诗集语录类/005.虽千万人，李敖往矣/041.2015年11月.txt","","[]","data/timeline-events-sui-qianwan-li-ao-wangyi.json","sui-qianwan-2015-11-14-nurse-lin-shaoyu-asks-for-inscriptions-during-hospitalization","{""id"":""sui-qianwan-2015-11-14-nurse-lin-shaoyu-asks-for-inscriptions-during-hospitalization"",""date"":""2015-11-14"",""displayDate"":""2015年11月14日星期六"",""datePrecision"":""day"",""title"":""住院期间护理长林少瑜拿李敖旧作索题，李敖即写打油诗两首"",""summary"":""《2015年11月》“住院7天”写，李敖在蒋家荣民医院住院一周期间，护理长林少瑜拿出家藏的李敖旧作请他题字；李敖即时写打油诗两首送给她。这条补出病中签题与医院日常细节。"",""view"":[""健康线"",""日常线"",""著作线""],""tags"":[""住院"",""林少瑜"",""题字"",""打油诗"",""旧作""],""people"":[""李敖"",""林少瑜""],""places"":[""蒋家荣民医院"",""台湾""],""works"":[""虽千万人，李敖往矣""],""certainty"":""confirmed"",""source"":{""book"":""虽千万人，李敖往矣"",""chapter"":""041.2015年11月"",""path"":""《大李敖全集5.0》（wjm_tcy版）分章节/005.诗集语录类/005.虽千万人，李敖往矣/041.2015年11月.txt"",""line"":85},""dataFile"":""data/timeline-events-sui-qianwan-li-ao-wangyi.json""}"
"25537","2015","2015-11-20","2015年11月20日星期五","day","confirmed","李敖住院时陈文茜送来一盆花和卡片","《2015年11月》“一盆好花”写，2015年11月20日，李敖回忆自己在台北住院时，只有陈文茜送来一盆好花；陈文茜附卡写“修身养性，美女如云”。李敖又把这与香港演讲时林青霞送花相对照。","李敖、陈文茜、林青霞","台北","陈文茜、住院、送花、卡片","交游线、健康线、晚年线","虽千万人，李敖往矣","","虽千万人，李敖往矣","041.2015年11月","121","《大李敖全集5.0》（wjm_tcy版）分章节/005.诗集语录类/005.虽千万人，李敖往矣/041.2015年11月.txt","","[]","data/timeline-events-sui-qianwan-li-ao-wangyi.json","sui-qianwan-2015-11-20-chen-wenqian-sends-flower-and-card-during-hospitalization","{""id"":""sui-qianwan-2015-11-20-chen-wenqian-sends-flower-and-card-during-hospitalization"",""date"":""2015-11-20"",""displayDate"":""2015年11月20日星期五"",""datePrecision"":""day"",""title"":""李敖住院时陈文茜送来一盆花和卡片"",""summary"":""《2015年11月》“一盆好花”写，2015年11月20日，李敖回忆自己在台北住院时，只有陈文茜送来一盆好花；陈文茜附卡写“修身养性，美女如云”。李敖又把这与香港演讲时林青霞送花相对照。"",""view"":[""交游线"",""健康线"",""晚年线""],""tags"":[""陈文茜"",""住院"",""送花"",""卡片""],""people"":[""李敖"",""陈文茜"",""林青霞""],""places"":[""台北""],""works"":[""虽千万人，李敖往矣""],""certainty"":""confirmed"",""source"":{""book"":""虽千万人，李敖往矣"",""chapter"":""041.2015年11月"",""path"":""《大李敖全集5.0》（wjm_tcy版）分章节/005.诗集语录类/005.虽千万人，李敖往矣/041.2015年11月.txt"",""line"":121},""dataFile"":""data/timeline-events-sui-qianwan-li-ao-wangyi.json""}"
"25538","2015","2015-11-21","2015年11月21日星期六","day","confirmed","李敖观察病房窗户与每夜栖在窗外的孤鸟","《2015年11月》“孤鸽”写，2015年11月21日，李敖住在病房里端详建筑：狭长房间只有一面有窗，下排主窗封闭，上排副窗太高；窗外水泥框角每夜有一只孤鸟栖息。此条为病房日常观察。","李敖","台北","病房、窗户、住院、日常观察","健康线、日常线、晚年线","虽千万人，李敖往矣","","虽千万人，李敖往矣","041.2015年11月","127","《大李敖全集5.0》（wjm_tcy版）分章节/005.诗集语录类/005.虽千万人，李敖往矣/041.2015年11月.txt","","[]","data/timeline-events-sui-qianwan-li-ao-wangyi.json","sui-qianwan-2015-11-21-records-hospital-room-window-and-nightly-bird","{""id"":""sui-qianwan-2015-11-21-records-hospital-room-window-and-nightly-bird"",""date"":""2015-11-21"",""displayDate"":""2015年11月21日星期六"",""datePrecision"":""day"",""title"":""李敖观察病房窗户与每夜栖在窗外的孤鸟"",""summary"":""《2015年11月》“孤鸽”写，2015年11月21日，李敖住在病房里端详建筑：狭长房间只有一面有窗，下排主窗封闭，上排副窗太高；窗外水泥框角每夜有一只孤鸟栖息。此条为病房日常观察。"",""view"":[""健康线"",""日常线"",""晚年线""],""tags"":[""病房"",""窗户"",""住院"",""日常观察""],""people"":[""李敖""],""places"":[""台北""],""works"":[""虽千万人，李敖往矣""],""certainty"":""confirmed"",""source"":{""book"":""虽千万人，李敖往矣"",""chapter"":""041.2015年11月"",""path"":""《大李敖全集5.0》（wjm_tcy版）分章节/005.诗集语录类/005.虽千万人，李敖往矣/041.2015年11月.txt"",""line"":127},""dataFile"":""data/timeline-events-sui-qianwan-li-ao-wangyi.json""}"
"25539","2015","2015-11-27","2015年11月27日星期五","day","confirmed","李敖记录新书与电视被封，只剩微博一面，同时忙写数本大作","《2015年11月》“寿星老吃砒霜”写，李敖说在祖国不但不准出版新书，也不准上电视，其他封杀花样层出不穷，只在微博上网开一面；他并称自己正忙着写好几本“千秋大作”，即使微博再被封也悉听尊便。","李敖","中国大陆","出版受阻、电视封杀、微博、写作","审查线、写作线、晚年线","虽千万人，李敖往矣","","虽千万人，李敖往矣","041.2015年11月","157","《大李敖全集5.0》（wjm_tcy版）分章节/005.诗集语录类/005.虽千万人，李敖往矣/041.2015年11月.txt","","[]","data/timeline-events-sui-qianwan-li-ao-wangyi.json","sui-qianwan-2015-11-27-records-new-books-tv-banned-and-writing-several-works","{""id"":""sui-qianwan-2015-11-27-records-new-books-tv-banned-and-writing-several-works"",""date"":""2015-11-27"",""displayDate"":""2015年11月27日星期五"",""datePrecision"":""day"",""title"":""李敖记录新书与电视被封，只剩微博一面，同时忙写数本大作"",""summary"":""《2015年11月》“寿星老吃砒霜”写，李敖说在祖国不但不准出版新书，也不准上电视，其他封杀花样层出不穷，只在微博上网开一面；他并称自己正忙着写好几本“千秋大作”，即使微博再被封也悉听尊便。"",""view"":[""审查线"",""写作线"",""晚年线""],""tags"":[""出版受阻"",""电视封杀"",""微博"",""写作""],""people"":[""李敖""],""places"":[""中国大陆""],""works"":[""虽千万人，李敖往矣""],""certainty"":""confirmed"",""source"":{""book"":""虽千万人，李敖往矣"",""chapter"":""041.2015年11月"",""path"":""《大李敖全集5.0》（wjm_tcy版）分章节/005.诗集语录类/005.虽千万人，李敖往矣/041.2015年11月.txt"",""line"":157},""dataFile"":""data/timeline-events-sui-qianwan-li-ao-wangyi.json""}"
"25540","2015","2015-01-01","2015年","year","contextual","李敖在微博粉丝破千万后决定把“哈囉李敖”整理成《虽千万人，李敖往矣》足本","《“哈囉李敖”》写，到了“今年初”，李敖已凭140字短文积累上千万粉丝，于是决定把“哈囉李敖”中在大陆被拦截的内容恢复旧观，整理成足本《虽千万人，李敖往矣》。结合2015年4月新书发表报道，这条可作为他把微博短文体正式结集成书的晚年写作节点。","李敖","台北、大陆网络平台","哈囉李敖、虽千万人，李敖往矣、微博、粉丝破千万、2015年初","写作线、媒体线、晚年线","虽千万人，李敖往矣、李敖风流自传","li-ao-fangtanlu-2015-04-04-haixia-daobao-home-interview-before-80th-birthday","李敖风流自传","638.“哈囉李敖”","3","《大李敖全集5.0》（wjm_tcy版）分章节/001.自传回忆类/007.李敖风流自传/638.“哈囉李敖”.txt","外部日期校对 / 李敖推出两本新书庆祝80岁大寿 / line 1 / 说明：2015-04-24 报道确认《虽千万人，李敖往矣》与《李敖风流自传》同场作为80岁新书发布，可用来校定本章所称“今年初”已进入2015年出书阶段。 / https://hkcd.com/content/2015-04/24/content_925817.html || 虽千万人，李敖往矣 / 《虽千万人，李敖往矣》自序 / line 3 / 说明：李敖自序明说粉丝已千万，决定出版《虽千万人，李敖往矣》足本一书，欢庆80岁。 / 《大李敖全集5.0》（wjm_tcy版）分章节/005.诗集语录类/005.虽千万人，李敖往矣/《虽千万人，李敖往矣》自序.txt || 虽千万人，李敖往矣 / 《虽千万人，李敖往矣》自序 / line 5 / 说明：自序补充“哈囉李敖”开笔时已预告将来在岛上出未删完整版，现在完整版兑现。 / 《大李敖全集5.0》（wjm_tcy版）分章节/005.诗集语录类/005.虽千万人，李敖往矣/《虽千万人，李敖往矣》自序.txt || 虽千万人，李敖往矣 / 《虽千万人，李敖往矣》自序 / line 9 / 说明：自序概括每日一则、写了30个月，除了2012全年缺货外迄未小休。 / 《大李敖全集5.0》（wjm_tcy版）分章节/005.诗集语录类/005.虽千万人，李敖往矣/《虽千万人，李敖往矣》自序.txt || 虽千万人，李敖往矣 / 031.2015年1月 / line 91 / 说明：2015年1月14日“哈啰李敖”粉丝破千万，是“粉丝千万”里程碑的日级来源。 / 《大李敖全集5.0》（wjm_tcy版）分章节/005.诗集语录类/005.虽千万人，李敖往矣/031.2015年1月.txt || 虽千万人，李敖往矣 / 033.2015年3月 / line 25 / 说明：李敖明说55年来文字被两岸封杀，4年前由李戡点化开始140字微博；粉丝千万后决定出版《虽千万人，李敖往矣》足本欢庆80岁。 / 《大李敖全集5.0》（wjm_tcy版）分章节/005.诗集语录类/005.虽千万人，李敖往矣/033.2015年3月.txt || 虽千万人，李敖往矣 / 033.2015年3月 / line 29 / 说明：李敖说明开笔时预告的岛上未删完整版已经兑现。 / 《大李敖全集5.0》（wjm_tcy版）分章节/005.诗集语录类/005.虽千万人，李敖往矣/033.2015年3月.txt || 李敖访谈录1990-2018 / 071.20150407《海峡导报》专访李敖 / line 49 / 说明：《海峡导报》访问中，李敖说4月25日80岁生日正出《虽千万人，李敖往矣》，并说明微博粉丝已过千万。 / 《大李敖全集5.0》（wjm_tcy版）分章节/007.采访序跋类/005.李敖访谈录1990-2018/071.20150407《海峡导报》专访李敖.txt","[{""book"":""外部日期校对"",""chapter"":""李敖推出两本新书庆祝80岁大寿"",""path"":""https://hkcd.com/content/2015-04/24/content_925817.html"",""line"":1,""note"":""2015-04-24 报道确认《虽千万人，李敖往矣》与《李敖风流自传》同场作为80岁新书发布，可用来校定本章所称“今年初”已进入2015年出书阶段。""},{""book"":""虽千万人，李敖往矣"",""chapter"":""《虽千万人，李敖往矣》自序"",""path"":""《大李敖全集5.0》（wjm_tcy版）分章节/005.诗集语录类/005.虽千万人，李敖往矣/《虽千万人，李敖往矣》自序.txt"",""line"":3,""note"":""李敖自序明说粉丝已千万，决定出版《虽千万人，李敖往矣》足本一书，欢庆80岁。""},{""book"":""虽千万人，李敖往矣"",""chapter"":""《虽千万人，李敖往矣》自序"",""path"":""《大李敖全集5.0》（wjm_tcy版）分章节/005.诗集语录类/005.虽千万人，李敖往矣/《虽千万人，李敖往矣》自序.txt"",""line"":5,""note"":""自序补充“哈囉李敖”开笔时已预告将来在岛上出未删完整版，现在完整版兑现。""},{""book"":""虽千万人，李敖往矣"",""chapter"":""《虽千万人，李敖往矣》自序"",""path"":""《大李敖全集5.0》（wjm_tcy版）分章节/005.诗集语录类/005.虽千万人，李敖往矣/《虽千万人，李敖往矣》自序.txt"",""line"":9,""note"":""自序概括每日一则、写了30个月，除了2012全年缺货外迄未小休。""},{""book"":""虽千万人，李敖往矣"",""chapter"":""031.2015年1月"",""path"":""《大李敖全集5.0》（wjm_tcy版）分章节/005.诗集语录类/005.虽千万人，李敖往矣/031.2015年1月.txt"",""line"":91,""note"":""2015年1月14日“哈啰李敖”粉丝破千万，是“粉丝千万”里程碑的日级来源。""},{""book"":""虽千万人，李敖往矣"",""chapter"":""033.2015年3月"",""path"":""《大李敖全集5.0》（wjm_tcy版）分章节/005.诗集语录类/005.虽千万人，李敖往矣/033.2015年3月.txt"",""line"":25,""note"":""李敖明说55年来文字被两岸封杀，4年前由李戡点化开始140字微博；粉丝千万后决定出版《虽千万人，李敖往矣》足本欢庆80岁。""},{""book"":""虽千万人，李敖往矣"",""chapter"":""033.2015年3月"",""path"":""《大李敖全集5.0》（wjm_tcy版）分章节/005.诗集语录类/005.虽千万人，李敖往矣/033.2015年3月.txt"",""line"":29,""note"":""李敖说明开笔时预告的岛上未删完整版已经兑现。""},{""book"":""李敖访谈录1990-2018"",""chapter"":""071.20150407《海峡导报》专访李敖"",""path"":""《大李敖全集5.0》（wjm_tcy版）分章节/007.采访序跋类/005.李敖访谈录1990-2018/071.20150407《海峡导报》专访李敖.txt"",""line"":49,""lines"":[45,47,49],""note"":""《海峡导报》访问中，李敖说4月25日80岁生日正出《虽千万人，李敖往矣》，并说明微博粉丝已过千万。""}]","data/timeline-events-seventh-book.json","book7-2015-early-turns-hello-li-ao-into-full-book-though-ten-million-followers-milestone","{""id"":""book7-2015-early-turns-hello-li-ao-into-full-book-though-ten-million-followers-milestone"",""date"":""2015-01-01"",""displayDate"":""2015年"",""datePrecision"":""year"",""title"":""李敖在微博粉丝破千万后决定把“哈囉李敖”整理成《虽千万人，李敖往矣》足本"",""summary"":""《“哈囉李敖”》写，到了“今年初”，李敖已凭140字短文积累上千万粉丝，于是决定把“哈囉李敖”中在大陆被拦截的内容恢复旧观，整理成足本《虽千万人，李敖往矣》。结合2015年4月新书发表报道，这条可作为他把微博短文体正式结集成书的晚年写作节点。"",""view"":[""写作线"",""媒体线"",""晚年线""],""tags"":[""哈囉李敖"",""虽千万人，李敖往矣"",""微博"",""粉丝破千万"",""2015年初""],""people"":[""李敖""],""places"":[""台北"",""大陆网络平台""],""works"":[""虽千万人，李敖往矣"",""李敖风流自传""],""certainty"":""contextual"",""source"":{""book"":""李敖风流自传"",""chapter"":""638.“哈囉李敖”"",""path"":""《大李敖全集5.0》（wjm_tcy版）分章节/001.自传回忆类/007.李敖风流自传/638.“哈囉李敖”.txt"",""line"":3},""additionalSources"":[{""book"":""外部日期校对"",""chapter"":""李敖推出两本新书庆祝80岁大寿"",""path"":""https://hkcd.com/content/2015-04/24/content_925817.html"",""line"":1,""note"":""2015-04-24 报道确认《虽千万人，李敖往矣》与《李敖风流自传》同场作为80岁新书发布，可用来校定本章所称“今年初”已进入2015年出书阶段。""},{""book"":""虽千万人，李敖往矣"",""chapter"":""《虽千万人，李敖往矣》自序"",""path"":""《大李敖全集5.0》（wjm_tcy版）分章节/005.诗集语录类/005.虽千万人，李敖往矣/《虽千万人，李敖往矣》自序.txt"",""line"":3,""note"":""李敖自序明说粉丝已千万，决定出版《虽千万人，李敖往矣》足本一书，欢庆80岁。""},{""book"":""虽千万人，李敖往矣"",""chapter"":""《虽千万人，李敖往矣》自序"",""path"":""《大李敖全集5.0》（wjm_tcy版）分章节/005.诗集语录类/005.虽千万人，李敖往矣/《虽千万人，李敖往矣》自序.txt"",""line"":5,""note"":""自序补充“哈囉李敖”开笔时已预告将来在岛上出未删完整版，现在完整版兑现。""},{""book"":""虽千万人，李敖往矣"",""chapter"":""《虽千万人，李敖往矣》自序"",""path"":""《大李敖全集5.0》（wjm_tcy版）分章节/005.诗集语录类/005.虽千万人，李敖往矣/《虽千万人，李敖往矣》自序.txt"",""line"":9,""note"":""自序概括每日一则、写了30个月，除了2012全年缺货外迄未小休。""},{""book"":""虽千万人，李敖往矣"",""chapter"":""031.2015年1月"",""path"":""《大李敖全集5.0》（wjm_tcy版）分章节/005.诗集语录类/005.虽千万人，李敖往矣/031.2015年1月.txt"",""line"":91,""note"":""2015年1月14日“哈啰李敖”粉丝破千万，是“粉丝千万”里程碑的日级来源。""},{""book"":""虽千万人，李敖往矣"",""chapter"":""033.2015年3月"",""path"":""《大李敖全集5.0》（wjm_tcy版）分章节/005.诗集语录类/005.虽千万人，李敖往矣/033.2015年3月.txt"",""line"":25,""note"":""李敖明说55年来文字被两岸封杀，4年前由李戡点化开始140字微博；粉丝千万后决定出版《虽千万人，李敖往矣》足本欢庆80岁。""},{""book"":""虽千万人，李敖往矣"",""chapter"":""033.2015年3月"",""path"":""《大李敖全集5.0》（wjm_tcy版）分章节/005.诗集语录类/005.虽千万人，李敖往矣/033.2015年3月.txt"",""line"":29,""note"":""李敖说明开笔时预告的岛上未删完整版已经兑现。""},{""book"":""李敖访谈录1990-2018"",""chapter"":""071.20150407《海峡导报》专访李敖"",""path"":""《大李敖全集5.0》（wjm_tcy版）分章节/007.采访序跋类/005.李敖访谈录1990-2018/071.20150407《海峡导报》专访李敖.txt"",""line"":49,""lines"":[45,47,49],""note"":""《海峡导报》访问中，李敖说4月25日80岁生日正出《虽千万人，李敖往矣》，并说明微博粉丝已过千万。""}],""crossReferences"":[""li-ao-fangtanlu-2015-04-04-haixia-daobao-home-interview-before-80th-birthday""],""dataFile"":""data/timeline-events-seventh-book.json""}"
"25541","2015","2015-10-31","2015年10月31日星期六前后","day-range","confirmed","李敖清早被救护车送急诊，照MRI后住院一周","《2015年11月》“10月31日”写，2015年10月31日清早，李敖在救护车中短暂醒来，说了一句“今天闯红灯过瘾”；抵达急诊室后，他与护士开玩笑，再醒时已经在照MRI。11月14日“住院7天”又补明，他从10月31日到11月7日住蒋家荣民医院一周，并说自己一年住院四次。","李敖","蒋家荣民医院、台湾","急诊、救护车、MRI、住院、荣民医院","健康线、晚年线","虽千万人，李敖往矣","","虽千万人，李敖往矣","041.2015年11月","49","《大李敖全集5.0》（wjm_tcy版）分章节/005.诗集语录类/005.虽千万人，李敖往矣/041.2015年11月.txt","虽千万人，李敖往矣 / 041.2015年11月 / line 85 / 说明：11月14日补明住院日期为10月31日至11月7日，住院一周。 / 《大李敖全集5.0》（wjm_tcy版）分章节/005.诗集语录类/005.虽千万人，李敖往矣/041.2015年11月.txt","[{""book"":""虽千万人，李敖往矣"",""chapter"":""041.2015年11月"",""path"":""《大李敖全集5.0》（wjm_tcy版）分章节/005.诗集语录类/005.虽千万人，李敖往矣/041.2015年11月.txt"",""line"":85,""note"":""11月14日补明住院日期为10月31日至11月7日，住院一周。""}]","data/timeline-events-sui-qianwan-li-ao-wangyi.json","sui-qianwan-2015-10-31-ambulance-mri-and-weeklong-hospitalization","{""id"":""sui-qianwan-2015-10-31-ambulance-mri-and-weeklong-hospitalization"",""date"":""2015-10-31"",""displayDate"":""2015年10月31日星期六前后"",""datePrecision"":""day-range"",""title"":""李敖清早被救护车送急诊，照MRI后住院一周"",""summary"":""《2015年11月》“10月31日”写，2015年10月31日清早，李敖在救护车中短暂醒来，说了一句“今天闯红灯过瘾”；抵达急诊室后，他与护士开玩笑，再醒时已经在照MRI。11月14日“住院7天”又补明，他从10月31日到11月7日住蒋家荣民医院一周，并说自己一年住院四次。"",""view"":[""健康线"",""晚年线""],""tags"":[""急诊"",""救护车"",""MRI"",""住院"",""荣民医院""],""people"":[""李敖""],""places"":[""蒋家荣民医院"",""台湾""],""works"":[""虽千万人，李敖往矣""],""certainty"":""confirmed"",""source"":{""book"":""虽千万人，李敖往矣"",""chapter"":""041.2015年11月"",""path"":""《大李敖全集5.0》（wjm_tcy版）分章节/005.诗集语录类/005.虽千万人，李敖往矣/041.2015年11月.txt"",""line"":49},""additionalSources"":[{""book"":""虽千万人，李敖往矣"",""chapter"":""041.2015年11月"",""path"":""《大李敖全集5.0》（wjm_tcy版）分章节/005.诗集语录类/005.虽千万人，李敖往矣/041.2015年11月.txt"",""line"":85,""note"":""11月14日补明住院日期为10月31日至11月7日，住院一周。""}],""dataFile"":""data/timeline-events-sui-qianwan-li-ao-wangyi.json""}"
"25542","2015","2015-12-01","2015年12月前后","month-range","contextual","李敖在微博中辍五个月期间写成《李敖谈艺录》","《2016年5月》5月1日写，李敖七老八十之际住医院四次，每天140字发文因此中辍；他“逍遥了5个月”，写了一本《李敖谈艺录》，自称“不虚此病”。本条据5月1日复更说明，暂系于2015年12月至2016年4月间。","李敖","台湾","李敖谈艺录、微博中辍、住院、写书","写作线、健康线、晚年线","李敖谈艺录、虽千万人，李敖往矣、哈囉李敖","","虽千万人，李敖往矣","042.2016年5月","5","《大李敖全集5.0》（wjm_tcy版）分章节/005.诗集语录类/005.虽千万人，李敖往矣/042.2016年5月.txt","","[]","data/timeline-events-sui-qianwan-li-ao-wangyi.json","sui-qianwan-2015-12-2016-04-writes-li-ao-tan-yilu-during-weibo-hiatus","{""id"":""sui-qianwan-2015-12-2016-04-writes-li-ao-tan-yilu-during-weibo-hiatus"",""date"":""2015-12-01"",""displayDate"":""2015年12月前后"",""datePrecision"":""month-range"",""title"":""李敖在微博中辍五个月期间写成《李敖谈艺录》"",""summary"":""《2016年5月》5月1日写，李敖七老八十之际住医院四次，每天140字发文因此中辍；他“逍遥了5个月”，写了一本《李敖谈艺录》，自称“不虚此病”。本条据5月1日复更说明，暂系于2015年12月至2016年4月间。"",""view"":[""写作线"",""健康线"",""晚年线""],""tags"":[""李敖谈艺录"",""微博中辍"",""住院"",""写书""],""people"":[""李敖""],""places"":[""台湾""],""works"":[""李敖谈艺录"",""虽千万人，李敖往矣"",""哈囉李敖""],""certainty"":""contextual"",""source"":{""book"":""虽千万人，李敖往矣"",""chapter"":""042.2016年5月"",""path"":""《大李敖全集5.0》（wjm_tcy版）分章节/005.诗集语录类/005.虽千万人，李敖往矣/042.2016年5月.txt"",""line"":5},""dataFile"":""data/timeline-events-sui-qianwan-li-ao-wangyi.json""}"
"25543","2016","2016-05-01","2016年5月1日星期日","day","confirmed","停更半年后重新更新微博","《李敖五十年表》记，2016年5月1日，李敖断了半年的微博又开始更新。这条与2011年开通微博、2013年重新发微博的节点相连，补出了他晚年网络传播节奏中的又一次回返。","李敖","中国大陆","新浪微博、恢复更新、网络传播","网络线、媒体线、生平线","新浪微博、李敖相关","","李敖相关","001.李敖五十年表","189","《大李敖全集5.0》（wjm_tcy版）分章节/001.自传回忆类/008.李敖相关/001.李敖五十年表.txt","虽千万人，李敖往矣 / 042.2016年5月 / line 5 / 说明：2016年5月1日李敖自述因七老八十、住院四次而中辍每日140字，五个月后仍想恢复书写。 / 《大李敖全集5.0》（wjm_tcy版）分章节/005.诗集语录类/005.虽千万人，李敖往矣/042.2016年5月.txt","[{""book"":""虽千万人，李敖往矣"",""chapter"":""042.2016年5月"",""path"":""《大李敖全集5.0》（wjm_tcy版）分章节/005.诗集语录类/005.虽千万人，李敖往矣/042.2016年5月.txt"",""line"":5,""note"":""2016年5月1日李敖自述因七老八十、住院四次而中辍每日140字，五个月后仍想恢复书写。""}]","data/timeline-events-eighth-book.json","book8-2016-05-01-resumes-weibo-after-half-year-break","{""id"":""book8-2016-05-01-resumes-weibo-after-half-year-break"",""date"":""2016-05-01"",""displayDate"":""2016年5月1日星期日"",""datePrecision"":""day"",""title"":""停更半年后重新更新微博"",""summary"":""《李敖五十年表》记，2016年5月1日，李敖断了半年的微博又开始更新。这条与2011年开通微博、2013年重新发微博的节点相连，补出了他晚年网络传播节奏中的又一次回返。"",""view"":[""网络线"",""媒体线"",""生平线""],""tags"":[""新浪微博"",""恢复更新"",""网络传播""],""people"":[""李敖""],""places"":[""中国大陆""],""works"":[""新浪微博"",""李敖相关""],""certainty"":""confirmed"",""source"":{""book"":""李敖相关"",""chapter"":""001.李敖五十年表"",""path"":""《大李敖全集5.0》（wjm_tcy版）分章节/001.自传回忆类/008.李敖相关/001.李敖五十年表.txt"",""line"":189},""additionalSources"":[{""book"":""虽千万人，李敖往矣"",""chapter"":""042.2016年5月"",""path"":""《大李敖全集5.0》（wjm_tcy版）分章节/005.诗集语录类/005.虽千万人，李敖往矣/042.2016年5月.txt"",""line"":5,""note"":""2016年5月1日李敖自述因七老八十、住院四次而中辍每日140字，五个月后仍想恢复书写。""}],""dataFile"":""data/timeline-events-eighth-book.json""}"
"25544","2016","2016-05-26","2016年5月26日星期四","day","confirmed","《亚洲周刊》江迅来访，李敖问刊物是否仍被禁止进口","《2016年5月》写，2016年5月26日，《亚洲周刊》江迅来访。李敖问大陆是否仍禁止《亚洲周刊》进门，江迅点头，并补充虽不准进口，却从后门订阅2000本。李敖由此谈自己写作是在给自己留下红线。","李敖、江迅","台湾、中国大陆","江迅、亚洲周刊、禁止进口、来访","交游线、媒体线、审查线","亚洲周刊、虽千万人，李敖往矣","","虽千万人，李敖往矣","042.2016年5月","101","《大李敖全集5.0》（wjm_tcy版）分章节/005.诗集语录类/005.虽千万人，李敖往矣/042.2016年5月.txt","","[]","data/timeline-events-sui-qianwan-li-ao-wangyi.json","sui-qianwan-2016-05-26-jiang-xun-visits-and-discusses-asia-weekly-ban","{""id"":""sui-qianwan-2016-05-26-jiang-xun-visits-and-discusses-asia-weekly-ban"",""date"":""2016-05-26"",""displayDate"":""2016年5月26日星期四"",""datePrecision"":""day"",""title"":""《亚洲周刊》江迅来访，李敖问刊物是否仍被禁止进口"",""summary"":""《2016年5月》写，2016年5月26日，《亚洲周刊》江迅来访。李敖问大陆是否仍禁止《亚洲周刊》进门，江迅点头，并补充虽不准进口，却从后门订阅2000本。李敖由此谈自己写作是在给自己留下红线。"",""view"":[""交游线"",""媒体线"",""审查线""],""tags"":[""江迅"",""亚洲周刊"",""禁止进口"",""来访""],""people"":[""李敖"",""江迅""],""places"":[""台湾"",""中国大陆""],""works"":[""亚洲周刊"",""虽千万人，李敖往矣""],""certainty"":""confirmed"",""source"":{""book"":""虽千万人，李敖往矣"",""chapter"":""042.2016年5月"",""path"":""《大李敖全集5.0》（wjm_tcy版）分章节/005.诗集语录类/005.虽千万人，李敖往矣/042.2016年5月.txt"",""line"":101},""dataFile"":""data/timeline-events-sui-qianwan-li-ao-wangyi.json""}"
"25545","2016","2016-05-30","2016年5月30日星期一","day","confirmed","三立电视台廖晓君付四万元请李敖讲两小时，播出时删去他对共产党的公道话","《2016年5月》写，2016年5月30日，李敖称三立电视台廖晓君付了4万元，请他讲两小时不同声音的话；他骂遍每一个党，也讲了共产党三大功劳：富国、强兵、使中国人平均多活30岁。但电视播出时，这段“公道话”被删掉。","李敖、廖晓君","台湾","三立电视台、廖晓君、电视删节、四万元、访谈","媒体线、审查线、晚年线","虽千万人，李敖往矣","","虽千万人，李敖往矣","042.2016年5月","117","《大李敖全集5.0》（wjm_tcy版）分章节/005.诗集语录类/005.虽千万人，李敖往矣/042.2016年5月.txt","虽千万人，李敖往矣 / 044.2016年7月 / line 65 / 说明：7月16日补述李敖上电视架子大，三立廖筱君每年会冒险做一次一对一专访。 / 《大李敖全集5.0》（wjm_tcy版）分章节/005.诗集语录类/005.虽千万人，李敖往矣/044.2016年7月.txt","[{""book"":""虽千万人，李敖往矣"",""chapter"":""044.2016年7月"",""path"":""《大李敖全集5.0》（wjm_tcy版）分章节/005.诗集语录类/005.虽千万人，李敖往矣/044.2016年7月.txt"",""line"":65,""note"":""7月16日补述李敖上电视架子大，三立廖筱君每年会冒险做一次一对一专访。""}]","data/timeline-events-sui-qianwan-li-ao-wangyi.json","sui-qianwan-2016-05-30-sanli-pays-for-two-hour-talk-and-deletes-fair-remarks","{""id"":""sui-qianwan-2016-05-30-sanli-pays-for-two-hour-talk-and-deletes-fair-remarks"",""date"":""2016-05-30"",""displayDate"":""2016年5月30日星期一"",""datePrecision"":""day"",""title"":""三立电视台廖晓君付四万元请李敖讲两小时，播出时删去他对共产党的公道话"",""summary"":""《2016年5月》写，2016年5月30日，李敖称三立电视台廖晓君付了4万元，请他讲两小时不同声音的话；他骂遍每一个党，也讲了共产党三大功劳：富国、强兵、使中国人平均多活30岁。但电视播出时，这段“公道话”被删掉。"",""view"":[""媒体线"",""审查线"",""晚年线""],""tags"":[""三立电视台"",""廖晓君"",""电视删节"",""四万元"",""访谈""],""people"":[""李敖"",""廖晓君""],""places"":[""台湾""],""works"":[""虽千万人，李敖往矣""],""certainty"":""confirmed"",""source"":{""book"":""虽千万人，李敖往矣"",""chapter"":""042.2016年5月"",""path"":""《大李敖全集5.0》（wjm_tcy版）分章节/005.诗集语录类/005.虽千万人，李敖往矣/042.2016年5月.txt"",""line"":117},""additionalSources"":[{""book"":""虽千万人，李敖往矣"",""chapter"":""044.2016年7月"",""path"":""《大李敖全集5.0》（wjm_tcy版）分章节/005.诗集语录类/005.虽千万人，李敖往矣/044.2016年7月.txt"",""line"":65,""note"":""7月16日补述李敖上电视架子大，三立廖筱君每年会冒险做一次一对一专访。""}],""dataFile"":""data/timeline-events-sui-qianwan-li-ao-wangyi.json""}"
"25546","2016","2016-06-03","2016年6月3日星期五","day","confirmed","李敖劝陈文茜多养几条狗以分散丧犬之痛","《2016年6月》写，陈文茜是爱狗家，李敖劝她说狗走了太痛苦，为什么还养；陈文茜回答痛苦短暂，快乐却有一二十年。李敖于是建议她多养几条，死一条就不至于那么痛苦。这条补出晚年与陈文茜的私下谈话和日常劝慰。","李敖、陈文茜","台湾","陈文茜、爱狗、日常谈话","交游线、日常线、晚年线","虽千万人，李敖往矣","","虽千万人，李敖往矣","043.2016年6月","13","《大李敖全集5.0》（wjm_tcy版）分章节/005.诗集语录类/005.虽千万人，李敖往矣/043.2016年6月.txt","","[]","data/timeline-events-sui-qianwan-li-ao-wangyi.json","sui-qianwan-2016-06-03-advises-chen-wenqian-about-dogs","{""id"":""sui-qianwan-2016-06-03-advises-chen-wenqian-about-dogs"",""date"":""2016-06-03"",""displayDate"":""2016年6月3日星期五"",""datePrecision"":""day"",""title"":""李敖劝陈文茜多养几条狗以分散丧犬之痛"",""summary"":""《2016年6月》写，陈文茜是爱狗家，李敖劝她说狗走了太痛苦，为什么还养；陈文茜回答痛苦短暂，快乐却有一二十年。李敖于是建议她多养几条，死一条就不至于那么痛苦。这条补出晚年与陈文茜的私下谈话和日常劝慰。"",""view"":[""交游线"",""日常线"",""晚年线""],""tags"":[""陈文茜"",""爱狗"",""日常谈话""],""people"":[""李敖"",""陈文茜""],""places"":[""台湾""],""works"":[""虽千万人，李敖往矣""],""certainty"":""confirmed"",""source"":{""book"":""虽千万人，李敖往矣"",""chapter"":""043.2016年6月"",""path"":""《大李敖全集5.0》（wjm_tcy版）分章节/005.诗集语录类/005.虽千万人，李敖往矣/043.2016年6月.txt"",""line"":13},""dataFile"":""data/timeline-events-sui-qianwan-li-ao-wangyi.json""}"
"25547","2016","2016-06-07","2016年6月7日星期二","day","confirmed","李敖在超市被女士盯住并认出","《2016年6月》写，2016年6月7日，李敖在超市被一位女士盯住，对方说记不起他是谁；经过几句对话，女士说“如你不是别人，我想你是李敖”。李敖借演员 Hampden 被错认的典故，把这次街头认人写成一则晚年日常。","李敖","台湾","超市、读者认出、晚年日常","日常线、晚年线","虽千万人，李敖往矣","","虽千万人，李敖往矣","043.2016年6月","29","《大李敖全集5.0》（wjm_tcy版）分章节/005.诗集语录类/005.虽千万人，李敖往矣/043.2016年6月.txt","","[]","data/timeline-events-sui-qianwan-li-ao-wangyi.json","sui-qianwan-2016-06-07-supermarket-woman-recognizes-li-ao","{""id"":""sui-qianwan-2016-06-07-supermarket-woman-recognizes-li-ao"",""date"":""2016-06-07"",""displayDate"":""2016年6月7日星期二"",""datePrecision"":""day"",""title"":""李敖在超市被女士盯住并认出"",""summary"":""《2016年6月》写，2016年6月7日，李敖在超市被一位女士盯住，对方说记不起他是谁；经过几句对话，女士说“如你不是别人，我想你是李敖”。李敖借演员 Hampden 被错认的典故，把这次街头认人写成一则晚年日常。"",""view"":[""日常线"",""晚年线""],""tags"":[""超市"",""读者认出"",""晚年日常""],""people"":[""李敖""],""places"":[""台湾""],""works"":[""虽千万人，李敖往矣""],""certainty"":""confirmed"",""source"":{""book"":""虽千万人，李敖往矣"",""chapter"":""043.2016年6月"",""path"":""《大李敖全集5.0》（wjm_tcy版）分章节/005.诗集语录类/005.虽千万人，李敖往矣/043.2016年6月.txt"",""line"":29},""dataFile"":""data/timeline-events-sui-qianwan-li-ao-wangyi.json""}"
"25548","2016","2016-06-28","2016年6月28日星期二","day","confirmed","陈平景来电问候身体，李敖说八十一岁后每天只能工作十五小时","《2016年6月》写，老友陈平景打电话问李敖身体，李敖说自己老了，每天不能工作16个小时；陈平景追问如今工作几小时，李敖答“每天只能工作15个小时了”。他并说81岁后把工作方式调整得更紧凑，计划中的几本大书要写完。","李敖、陈平景","台湾","陈平景、工作狂、八十一岁、写书、身体","健康线、写作线、交游线","虽千万人，李敖往矣","","虽千万人，李敖往矣","043.2016年6月","113","《大李敖全集5.0》（wjm_tcy版）分章节/005.诗集语录类/005.虽千万人，李敖往矣/043.2016年6月.txt","","[]","data/timeline-events-sui-qianwan-li-ao-wangyi.json","sui-qianwan-2016-06-28-chen-pingjing-calls-and-li-ao-says-works-fifteen-hours","{""id"":""sui-qianwan-2016-06-28-chen-pingjing-calls-and-li-ao-says-works-fifteen-hours"",""date"":""2016-06-28"",""displayDate"":""2016年6月28日星期二"",""datePrecision"":""day"",""title"":""陈平景来电问候身体，李敖说八十一岁后每天只能工作十五小时"",""summary"":""《2016年6月》写，老友陈平景打电话问李敖身体，李敖说自己老了，每天不能工作16个小时；陈平景追问如今工作几小时，李敖答“每天只能工作15个小时了”。他并说81岁后把工作方式调整得更紧凑，计划中的几本大书要写完。"",""view"":[""健康线"",""写作线"",""交游线""],""tags"":[""陈平景"",""工作狂"",""八十一岁"",""写书"",""身体""],""people"":[""李敖"",""陈平景""],""places"":[""台湾""],""works"":[""虽千万人，李敖往矣""],""certainty"":""confirmed"",""source"":{""book"":""虽千万人，李敖往矣"",""chapter"":""043.2016年6月"",""path"":""《大李敖全集5.0》（wjm_tcy版）分章节/005.诗集语录类/005.虽千万人，李敖往矣/043.2016年6月.txt"",""line"":113},""dataFile"":""data/timeline-events-sui-qianwan-li-ao-wangyi.json""}"
"25549","2016","2016-07-09","2016年7月9日星期六","day","confirmed","李敖在书房中提到藏有袁世凯时期政府公报","《2016年7月》写，2016年7月9日，李敖称自己“卧虎藏龙”，藏到不少东西，其中之一是袁世凯时期的政府公报；他由公报中大总统命令须国务卿副署，比较后来台湾政治制度的变化。","李敖、袁世凯","台湾","书房、袁世凯、政府公报、藏书","书房线、藏书线、文献线","虽千万人，李敖往矣","","虽千万人，李敖往矣","044.2016年7月","37","《大李敖全集5.0》（wjm_tcy版）分章节/005.诗集语录类/005.虽千万人，李敖往矣/044.2016年7月.txt","","[]","data/timeline-events-sui-qianwan-li-ao-wangyi.json","sui-qianwan-2016-07-09-notes-yuan-shikai-government-gazette-in-study","{""id"":""sui-qianwan-2016-07-09-notes-yuan-shikai-government-gazette-in-study"",""date"":""2016-07-09"",""displayDate"":""2016年7月9日星期六"",""datePrecision"":""day"",""title"":""李敖在书房中提到藏有袁世凯时期政府公报"",""summary"":""《2016年7月》写，2016年7月9日，李敖称自己“卧虎藏龙”，藏到不少东西，其中之一是袁世凯时期的政府公报；他由公报中大总统命令须国务卿副署，比较后来台湾政治制度的变化。"",""view"":[""书房线"",""藏书线"",""文献线""],""tags"":[""书房"",""袁世凯"",""政府公报"",""藏书""],""people"":[""李敖"",""袁世凯""],""places"":[""台湾""],""works"":[""虽千万人，李敖往矣""],""certainty"":""confirmed"",""source"":{""book"":""虽千万人，李敖往矣"",""chapter"":""044.2016年7月"",""path"":""《大李敖全集5.0》（wjm_tcy版）分章节/005.诗集语录类/005.虽千万人，李敖往矣/044.2016年7月.txt"",""line"":37},""dataFile"":""data/timeline-events-sui-qianwan-li-ao-wangyi.json""}"
"25550","2016","2016-07-14","2016年7月14日星期四","day","confirmed","陈文茜安排秘书 Vicky 每周三到李敖书房陪伴并协助剪贴","《2016年7月》写，李敖自称独来独往，把自己埋在像大坟一样的书房里，昼伏夜不出，整天没有电话也没人说话。陈文茜看不下去，每周三请秘书 Vicky 到书房来陪他；Vicky 又被李敖抓住做工，整天剪贴，从此书房每周三多了一个工作狂。","李敖、陈文茜、Vicky","李敖书房、台湾","陈文茜、Vicky、书房、剪贴、工作狂","书房线、交游线、日常线","虽千万人，李敖往矣","","虽千万人，李敖往矣","044.2016年7月","57","《大李敖全集5.0》（wjm_tcy版）分章节/005.诗集语录类/005.虽千万人，李敖往矣/044.2016年7月.txt","","[]","data/timeline-events-sui-qianwan-li-ao-wangyi.json","sui-qianwan-2016-07-14-chen-wenqian-sends-vicky-weekly-to-study","{""id"":""sui-qianwan-2016-07-14-chen-wenqian-sends-vicky-weekly-to-study"",""date"":""2016-07-14"",""displayDate"":""2016年7月14日星期四"",""datePrecision"":""day"",""title"":""陈文茜安排秘书 Vicky 每周三到李敖书房陪伴并协助剪贴"",""summary"":""《2016年7月》写，李敖自称独来独往，把自己埋在像大坟一样的书房里，昼伏夜不出，整天没有电话也没人说话。陈文茜看不下去，每周三请秘书 Vicky 到书房来陪他；Vicky 又被李敖抓住做工，整天剪贴，从此书房每周三多了一个工作狂。"",""view"":[""书房线"",""交游线"",""日常线""],""tags"":[""陈文茜"",""Vicky"",""书房"",""剪贴"",""工作狂""],""people"":[""李敖"",""陈文茜"",""Vicky""],""places"":[""李敖书房"",""台湾""],""works"":[""虽千万人，李敖往矣""],""certainty"":""confirmed"",""source"":{""book"":""虽千万人，李敖往矣"",""chapter"":""044.2016年7月"",""path"":""《大李敖全集5.0》（wjm_tcy版）分章节/005.诗集语录类/005.虽千万人，李敖往矣/044.2016年7月.txt"",""line"":57},""dataFile"":""data/timeline-events-sui-qianwan-li-ao-wangyi.json""}"
"25551","2016","2016-07-21","2016年7月21日星期四","day","confirmed","刘辰旦来访，与李敖聊四十年前难友王伟中旧事","《2016年7月》写，难友刘辰旦来找李敖聊天，谈起40年前往事，并问李敖是否记得同住五房的王伟中。刘辰旦转述王伟中出狱后回家、妻子为救他改嫁当年整他之人、王伟中醒悟后出家的故事。","李敖、刘辰旦、王伟中","台湾","刘辰旦、王伟中、难友、狱友、旧事","交游线、司法线、晚年线","虽千万人，李敖往矣","","虽千万人，李敖往矣","044.2016年7月","85","《大李敖全集5.0》（wjm_tcy版）分章节/005.诗集语录类/005.虽千万人，李敖往矣/044.2016年7月.txt","","[]","data/timeline-events-sui-qianwan-li-ao-wangyi.json","sui-qianwan-2016-07-21-liu-chendan-visits-and-talks-prison-past","{""id"":""sui-qianwan-2016-07-21-liu-chendan-visits-and-talks-prison-past"",""date"":""2016-07-21"",""displayDate"":""2016年7月21日星期四"",""datePrecision"":""day"",""title"":""刘辰旦来访，与李敖聊四十年前难友王伟中旧事"",""summary"":""《2016年7月》写，难友刘辰旦来找李敖聊天，谈起40年前往事，并问李敖是否记得同住五房的王伟中。刘辰旦转述王伟中出狱后回家、妻子为救他改嫁当年整他之人、王伟中醒悟后出家的故事。"",""view"":[""交游线"",""司法线"",""晚年线""],""tags"":[""刘辰旦"",""王伟中"",""难友"",""狱友"",""旧事""],""people"":[""李敖"",""刘辰旦"",""王伟中""],""places"":[""台湾""],""works"":[""虽千万人，李敖往矣""],""certainty"":""confirmed"",""source"":{""book"":""虽千万人，李敖往矣"",""chapter"":""044.2016年7月"",""path"":""《大李敖全集5.0》（wjm_tcy版）分章节/005.诗集语录类/005.虽千万人，李敖往矣/044.2016年7月.txt"",""line"":85},""dataFile"":""data/timeline-events-sui-qianwan-li-ao-wangyi.json""}"
"25552","2016","2016-07-26","2016年7月26日星期二","day","confirmed","李敖因朋友开刀与化疗感触，写出一首病后歪诗","《2016年7月》写，三年来，李敖有两个朋友做摄护腺开刀，一人死于化疗；他想到自己被“上帝大了我又小了我”，怒而写诗，诗中直写自己开刀后的衰老与身体变化。此条补出晚年健康经验转入诗句的日常写作。","李敖","台湾","前列腺、开刀、化疗、写诗、晚年身体","健康线、写作线、晚年线","虽千万人，李敖往矣","","虽千万人，李敖往矣","044.2016年7月","105","《大李敖全集5.0》（wjm_tcy版）分章节/005.诗集语录类/005.虽千万人，李敖往矣/044.2016年7月.txt","","[]","data/timeline-events-sui-qianwan-li-ao-wangyi.json","sui-qianwan-2016-07-26-writes-poem-after-prostate-surgery-and-chemotherapy-thoughts","{""id"":""sui-qianwan-2016-07-26-writes-poem-after-prostate-surgery-and-chemotherapy-thoughts"",""date"":""2016-07-26"",""displayDate"":""2016年7月26日星期二"",""datePrecision"":""day"",""title"":""李敖因朋友开刀与化疗感触，写出一首病后歪诗"",""summary"":""《2016年7月》写，三年来，李敖有两个朋友做摄护腺开刀，一人死于化疗；他想到自己被“上帝大了我又小了我”，怒而写诗，诗中直写自己开刀后的衰老与身体变化。此条补出晚年健康经验转入诗句的日常写作。"",""view"":[""健康线"",""写作线"",""晚年线""],""tags"":[""前列腺"",""开刀"",""化疗"",""写诗"",""晚年身体""],""people"":[""李敖""],""places"":[""台湾""],""works"":[""虽千万人，李敖往矣""],""certainty"":""confirmed"",""source"":{""book"":""虽千万人，李敖往矣"",""chapter"":""044.2016年7月"",""path"":""《大李敖全集5.0》（wjm_tcy版）分章节/005.诗集语录类/005.虽千万人，李敖往矣/044.2016年7月.txt"",""line"":105},""dataFile"":""data/timeline-events-sui-qianwan-li-ao-wangyi.json""}"
"25553","2016","2016-07-30","2016年7月30日星期六","day","confirmed","萧启庆向李敖私下说老师辈学问并不怎么样","《2016年7月》写，历史系同班好友萧启庆成为哈佛博士后做了“学阀”，曾偷偷告诉李敖：他们老师那辈人学问并不怎么样。李敖借此谈自己常年在书房做学问、六亲不认和不怕得罪人的读书姿态。","李敖、萧启庆","台湾","萧启庆、历史系同学、书房、学问","交游线、学术线、书房线","虽千万人，李敖往矣","","虽千万人，李敖往矣","044.2016年7月","121","《大李敖全集5.0》（wjm_tcy版）分章节/005.诗集语录类/005.虽千万人，李敖往矣/044.2016年7月.txt","","[]","data/timeline-events-sui-qianwan-li-ao-wangyi.json","sui-qianwan-2016-07-30-xiao-qiqing-comments-on-teachers-generation","{""id"":""sui-qianwan-2016-07-30-xiao-qiqing-comments-on-teachers-generation"",""date"":""2016-07-30"",""displayDate"":""2016年7月30日星期六"",""datePrecision"":""day"",""title"":""萧启庆向李敖私下说老师辈学问并不怎么样"",""summary"":""《2016年7月》写，历史系同班好友萧启庆成为哈佛博士后做了“学阀”，曾偷偷告诉李敖：他们老师那辈人学问并不怎么样。李敖借此谈自己常年在书房做学问、六亲不认和不怕得罪人的读书姿态。"",""view"":[""交游线"",""学术线"",""书房线""],""tags"":[""萧启庆"",""历史系同学"",""书房"",""学问""],""people"":[""李敖"",""萧启庆""],""places"":[""台湾""],""works"":[""虽千万人，李敖往矣""],""certainty"":""confirmed"",""source"":{""book"":""虽千万人，李敖往矣"",""chapter"":""044.2016年7月"",""path"":""《大李敖全集5.0》（wjm_tcy版）分章节/005.诗集语录类/005.虽千万人，李敖往矣/044.2016年7月.txt"",""line"":121},""dataFile"":""data/timeline-events-sui-qianwan-li-ao-wangyi.json""}"
"25554","2016","2016-08-02","2016年8月2日星期二","day","confirmed","潘毓刚在美国为李敖成立出版社","《2016年8月》写，李敖说自己的主力不在眼前政治挖苦，而在一部部大著作；潘毓刚已在美国为他成立出版社，李敖称自己“直攻腹心，跟美帝算账”，战场在远方。这条补出晚年海外出版布点。","李敖、潘毓刚","美国、台湾","潘毓刚、美国出版社、出版、大著作","出版线、交游线、晚年线","虽千万人，李敖往矣","","虽千万人，李敖往矣","045.2016年8月","9","《大李敖全集5.0》（wjm_tcy版）分章节/005.诗集语录类/005.虽千万人，李敖往矣/045.2016年8月.txt","","[]","data/timeline-events-sui-qianwan-li-ao-wangyi.json","sui-qianwan-2016-08-02-pan-yugang-establishes-us-publisher-for-li-ao","{""id"":""sui-qianwan-2016-08-02-pan-yugang-establishes-us-publisher-for-li-ao"",""date"":""2016-08-02"",""displayDate"":""2016年8月2日星期二"",""datePrecision"":""day"",""title"":""潘毓刚在美国为李敖成立出版社"",""summary"":""《2016年8月》写，李敖说自己的主力不在眼前政治挖苦，而在一部部大著作；潘毓刚已在美国为他成立出版社，李敖称自己“直攻腹心，跟美帝算账”，战场在远方。这条补出晚年海外出版布点。"",""view"":[""出版线"",""交游线"",""晚年线""],""tags"":[""潘毓刚"",""美国出版社"",""出版"",""大著作""],""people"":[""李敖"",""潘毓刚""],""places"":[""美国"",""台湾""],""works"":[""虽千万人，李敖往矣""],""certainty"":""confirmed"",""source"":{""book"":""虽千万人，李敖往矣"",""chapter"":""045.2016年8月"",""path"":""《大李敖全集5.0》（wjm_tcy版）分章节/005.诗集语录类/005.虽千万人，李敖往矣/045.2016年8月.txt"",""line"":9},""dataFile"":""data/timeline-events-sui-qianwan-li-ao-wangyi.json""}"
"25555","2016","2016-08-23","2016年8月23日星期二","day","confirmed","李敖记录自己在台湾六十七年收罗不少国民党史料","《2016年8月》写，李敖说自己在台湾67年，收罗到不少国民党史料，几十年后重读仍怵目惊心；他举出一册秘件《中华民国四十一年十月施政报告》，称其为陈诚手笔，并摘出其中“反攻大陆后”在废墟上重建中国的文字。","李敖、陈诚","台湾","国民党史料、陈诚、施政报告、藏书","藏书线、文献线、书房线","中华民国四十一年十月施政报告、虽千万人，李敖往矣","","虽千万人，李敖往矣","045.2016年8月","95","《大李敖全集5.0》（wjm_tcy版）分章节/005.诗集语录类/005.虽千万人，李敖往矣/045.2016年8月.txt","","[]","data/timeline-events-sui-qianwan-li-ao-wangyi.json","sui-qianwan-2016-08-23-records-kmt-documents-collected-in-taiwan","{""id"":""sui-qianwan-2016-08-23-records-kmt-documents-collected-in-taiwan"",""date"":""2016-08-23"",""displayDate"":""2016年8月23日星期二"",""datePrecision"":""day"",""title"":""李敖记录自己在台湾六十七年收罗不少国民党史料"",""summary"":""《2016年8月》写，李敖说自己在台湾67年，收罗到不少国民党史料，几十年后重读仍怵目惊心；他举出一册秘件《中华民国四十一年十月施政报告》，称其为陈诚手笔，并摘出其中“反攻大陆后”在废墟上重建中国的文字。"",""view"":[""藏书线"",""文献线"",""书房线""],""tags"":[""国民党史料"",""陈诚"",""施政报告"",""藏书""],""people"":[""李敖"",""陈诚""],""places"":[""台湾""],""works"":[""中华民国四十一年十月施政报告"",""虽千万人，李敖往矣""],""certainty"":""confirmed"",""source"":{""book"":""虽千万人，李敖往矣"",""chapter"":""045.2016年8月"",""path"":""《大李敖全集5.0》（wjm_tcy版）分章节/005.诗集语录类/005.虽千万人，李敖往矣/045.2016年8月.txt"",""line"":95},""dataFile"":""data/timeline-events-sui-qianwan-li-ao-wangyi.json""}"
"25556","2016","2016-08-29","2016年8月29日星期一","day","confirmed","李敖列出自己“不吃三粒以上花生米、不用手机、不开汽车”等生活戒条","《2016年8月》写，2016年8月29日，李敖用一长串“不”列出自己的生活习惯：不抽烟、不喝酒、不摸女人、不买股票、不打牌、不信宗教、不参加婚丧喜庆、不用信用卡、不用手机、不开汽车等，并以“我快乐”收束。这是晚年自我日常画像。","李敖","台湾","生活习惯、不用手机、不开汽车、戒条","日常线、晚年线","虽千万人，李敖往矣","","虽千万人，李敖往矣","045.2016年8月","119","《大李敖全集5.0》（wjm_tcy版）分章节/005.诗集语录类/005.虽千万人，李敖往矣/045.2016年8月.txt","","[]","data/timeline-events-sui-qianwan-li-ao-wangyi.json","sui-qianwan-2016-08-29-lists-personal-abstinences-and-daily-habits","{""id"":""sui-qianwan-2016-08-29-lists-personal-abstinences-and-daily-habits"",""date"":""2016-08-29"",""displayDate"":""2016年8月29日星期一"",""datePrecision"":""day"",""title"":""李敖列出自己“不吃三粒以上花生米、不用手机、不开汽车”等生活戒条"",""summary"":""《2016年8月》写，2016年8月29日，李敖用一长串“不”列出自己的生活习惯：不抽烟、不喝酒、不摸女人、不买股票、不打牌、不信宗教、不参加婚丧喜庆、不用信用卡、不用手机、不开汽车等，并以“我快乐”收束。这是晚年自我日常画像。"",""view"":[""日常线"",""晚年线""],""tags"":[""生活习惯"",""不用手机"",""不开汽车"",""戒条""],""people"":[""李敖""],""places"":[""台湾""],""works"":[""虽千万人，李敖往矣""],""certainty"":""confirmed"",""source"":{""book"":""虽千万人，李敖往矣"",""chapter"":""045.2016年8月"",""path"":""《大李敖全集5.0》（wjm_tcy版）分章节/005.诗集语录类/005.虽千万人，李敖往矣/045.2016年8月.txt"",""line"":119},""dataFile"":""data/timeline-events-sui-qianwan-li-ao-wangyi.json""}"
"25557","2016","2016-09-18","2016年9月18日星期日","day","confirmed","李敖半夜两腿抽筋，去小医院挂韩毅雄门诊","《2016年9月》写，李敖因半夜两腿抽筋，妨碍自己81岁的工作狂节奏，于是跑到小医院挂老同学、骨科名医韩毅雄的门诊。前一天他还写到过午不食后入睡快，但睡五小时后恶梦连连，除非两腿突发性抽筋才能从小困境中腾床而起。","李敖、韩毅雄","台湾","韩毅雄、腿抽筋、小医院、骨科、八十一岁","健康线、交游线、晚年线","虽千万人，李敖往矣","","虽千万人，李敖往矣","046.2016年9月","73","《大李敖全集5.0》（wjm_tcy版）分章节/005.诗集语录类/005.虽千万人，李敖往矣/046.2016年9月.txt","虽千万人，李敖往矣 / 046.2016年9月 / line 69 / 说明：9月17日写过午不食、恶梦与两腿突发性抽筋。 / 《大李敖全集5.0》（wjm_tcy版）分章节/005.诗集语录类/005.虽千万人，李敖往矣/046.2016年9月.txt","[{""book"":""虽千万人，李敖往矣"",""chapter"":""046.2016年9月"",""path"":""《大李敖全集5.0》（wjm_tcy版）分章节/005.诗集语录类/005.虽千万人，李敖往矣/046.2016年9月.txt"",""line"":69,""note"":""9月17日写过午不食、恶梦与两腿突发性抽筋。""}]","data/timeline-events-sui-qianwan-li-ao-wangyi.json","sui-qianwan-2016-09-18-visits-han-yixiong-clinic-for-night-leg-cramps","{""id"":""sui-qianwan-2016-09-18-visits-han-yixiong-clinic-for-night-leg-cramps"",""date"":""2016-09-18"",""displayDate"":""2016年9月18日星期日"",""datePrecision"":""day"",""title"":""李敖半夜两腿抽筋，去小医院挂韩毅雄门诊"",""summary"":""《2016年9月》写，李敖因半夜两腿抽筋，妨碍自己81岁的工作狂节奏，于是跑到小医院挂老同学、骨科名医韩毅雄的门诊。前一天他还写到过午不食后入睡快，但睡五小时后恶梦连连，除非两腿突发性抽筋才能从小困境中腾床而起。"",""view"":[""健康线"",""交游线"",""晚年线""],""tags"":[""韩毅雄"",""腿抽筋"",""小医院"",""骨科"",""八十一岁""],""people"":[""李敖"",""韩毅雄""],""places"":[""台湾""],""works"":[""虽千万人，李敖往矣""],""certainty"":""confirmed"",""source"":{""book"":""虽千万人，李敖往矣"",""chapter"":""046.2016年9月"",""path"":""《大李敖全集5.0》（wjm_tcy版）分章节/005.诗集语录类/005.虽千万人，李敖往矣/046.2016年9月.txt"",""line"":73},""additionalSources"":[{""book"":""虽千万人，李敖往矣"",""chapter"":""046.2016年9月"",""path"":""《大李敖全集5.0》（wjm_tcy版）分章节/005.诗集语录类/005.虽千万人，李敖往矣/046.2016年9月.txt"",""line"":69,""note"":""9月17日写过午不食、恶梦与两腿突发性抽筋。""}],""dataFile"":""data/timeline-events-sui-qianwan-li-ao-wangyi.json""}"
"25558","2016","2016-09-29","2016年9月29日星期四","day","confirmed","李戡清早飞往剑桥","《2016年9月》写，2016年9月29日清早，李戡飞去剑桥。李敖把剑桥写成有米尔顿桑树、罗素符号、八百年智慧尘封之地，并以“李戡勉之”作结。","李敖、李戡","剑桥、台湾","李戡、剑桥、留学、家庭","家庭线、教育线、晚年线","虽千万人，李敖往矣","","虽千万人，李敖往矣","046.2016年9月","117","《大李敖全集5.0》（wjm_tcy版）分章节/005.诗集语录类/005.虽千万人，李敖往矣/046.2016年9月.txt","","[]","data/timeline-events-sui-qianwan-li-ao-wangyi.json","sui-qianwan-2016-09-29-li-kan-flies-to-cambridge","{""id"":""sui-qianwan-2016-09-29-li-kan-flies-to-cambridge"",""date"":""2016-09-29"",""displayDate"":""2016年9月29日星期四"",""datePrecision"":""day"",""title"":""李戡清早飞往剑桥"",""summary"":""《2016年9月》写，2016年9月29日清早，李戡飞去剑桥。李敖把剑桥写成有米尔顿桑树、罗素符号、八百年智慧尘封之地，并以“李戡勉之”作结。"",""view"":[""家庭线"",""教育线"",""晚年线""],""tags"":[""李戡"",""剑桥"",""留学"",""家庭""],""people"":[""李敖"",""李戡""],""places"":[""剑桥"",""台湾""],""works"":[""虽千万人，李敖往矣""],""certainty"":""confirmed"",""source"":{""book"":""虽千万人，李敖往矣"",""chapter"":""046.2016年9月"",""path"":""《大李敖全集5.0》（wjm_tcy版）分章节/005.诗集语录类/005.虽千万人，李敖往矣/046.2016年9月.txt"",""line"":117},""dataFile"":""data/timeline-events-sui-qianwan-li-ao-wangyi.json""}"
"25559","2016","2016-10-28","2016年10月28日星期五","day","confirmed","李敖把自己的140字写作形容为快速完成全套起承转合","《2016年10月》写，李敖提到李开复《140字的惊人力量》开社交短文之道先河，但把140字写作处理成一套快速起承转合、平上去入的作业，他认为自己“居首功”。这条补出他对“哈囉李敖”短文技法的晚年自评。","李敖、李开复","台湾","140字、哈囉李敖、李开复、写作技法","写作线、网络线","虽千万人，李敖往矣、哈囉李敖、140字的惊人力量","","虽千万人，李敖往矣","047.2016年10月","113","《大李敖全集5.0》（wjm_tcy版）分章节/005.诗集语录类/005.虽千万人，李敖往矣/047.2016年10月.txt","","[]","data/timeline-events-sui-qianwan-li-ao-wangyi.json","sui-qianwan-2016-10-28-defines-his-140-character-writing-as-quick-composition","{""id"":""sui-qianwan-2016-10-28-defines-his-140-character-writing-as-quick-composition"",""date"":""2016-10-28"",""displayDate"":""2016年10月28日星期五"",""datePrecision"":""day"",""title"":""李敖把自己的140字写作形容为快速完成全套起承转合"",""summary"":""《2016年10月》写，李敖提到李开复《140字的惊人力量》开社交短文之道先河，但把140字写作处理成一套快速起承转合、平上去入的作业，他认为自己“居首功”。这条补出他对“哈囉李敖”短文技法的晚年自评。"",""view"":[""写作线"",""网络线""],""tags"":[""140字"",""哈囉李敖"",""李开复"",""写作技法""],""people"":[""李敖"",""李开复""],""places"":[""台湾""],""works"":[""虽千万人，李敖往矣"",""哈囉李敖"",""140字的惊人力量""],""certainty"":""confirmed"",""source"":{""book"":""虽千万人，李敖往矣"",""chapter"":""047.2016年10月"",""path"":""《大李敖全集5.0》（wjm_tcy版）分章节/005.诗集语录类/005.虽千万人，李敖往矣/047.2016年10月.txt"",""line"":113},""dataFile"":""data/timeline-events-sui-qianwan-li-ao-wangyi.json""}"
"25560","2016","2016-11-14","2016年11月14日星期一","day","confirmed","李敖说明自己天天在微博发言的三重目的","《2016年11月》写，李敖说自己天天在微博发言的目的有三：一是李敖不忘祖国，二是祖国不忘封锁但网开一面，三是外面假文章太多，李敖要宣示主权、一概否认。11月12日他还说明，自己每天写的不是给政权看，而是给自己留下记录，印在书里、撒在微博里。","李敖","中国大陆、台湾","微博、假文章、宣示主权、哈囉李敖、每日写作","网络线、写作线、审查线","虽千万人，李敖往矣、哈囉李敖","","虽千万人，李敖往矣","048.2016年11月","57","《大李敖全集5.0》（wjm_tcy版）分章节/005.诗集语录类/005.虽千万人，李敖往矣/048.2016年11月.txt","虽千万人，李敖往矣 / 048.2016年11月 / line 49 / 说明：11月12日说明每天写作是给自己留下记录，印在书里、撒在微博里。 / 《大李敖全集5.0》（wjm_tcy版）分章节/005.诗集语录类/005.虽千万人，李敖往矣/048.2016年11月.txt","[{""book"":""虽千万人，李敖往矣"",""chapter"":""048.2016年11月"",""path"":""《大李敖全集5.0》（wjm_tcy版）分章节/005.诗集语录类/005.虽千万人，李敖往矣/048.2016年11月.txt"",""line"":49,""note"":""11月12日说明每天写作是给自己留下记录，印在书里、撒在微博里。""}]","data/timeline-events-sui-qianwan-li-ao-wangyi.json","sui-qianwan-2016-11-14-explains-why-he-posts-on-weibo-daily","{""id"":""sui-qianwan-2016-11-14-explains-why-he-posts-on-weibo-daily"",""date"":""2016-11-14"",""displayDate"":""2016年11月14日星期一"",""datePrecision"":""day"",""title"":""李敖说明自己天天在微博发言的三重目的"",""summary"":""《2016年11月》写，李敖说自己天天在微博发言的目的有三：一是李敖不忘祖国，二是祖国不忘封锁但网开一面，三是外面假文章太多，李敖要宣示主权、一概否认。11月12日他还说明，自己每天写的不是给政权看，而是给自己留下记录，印在书里、撒在微博里。"",""view"":[""网络线"",""写作线"",""审查线""],""tags"":[""微博"",""假文章"",""宣示主权"",""哈囉李敖"",""每日写作""],""people"":[""李敖""],""places"":[""中国大陆"",""台湾""],""works"":[""虽千万人，李敖往矣"",""哈囉李敖""],""certainty"":""confirmed"",""source"":{""book"":""虽千万人，李敖往矣"",""chapter"":""048.2016年11月"",""path"":""《大李敖全集5.0》（wjm_tcy版）分章节/005.诗集语录类/005.虽千万人，李敖往矣/048.2016年11月.txt"",""line"":57},""additionalSources"":[{""book"":""虽千万人，李敖往矣"",""chapter"":""048.2016年11月"",""path"":""《大李敖全集5.0》（wjm_tcy版）分章节/005.诗集语录类/005.虽千万人，李敖往矣/048.2016年11月.txt"",""line"":49,""note"":""11月12日说明每天写作是给自己留下记录，印在书里、撒在微博里。""}],""dataFile"":""data/timeline-events-sui-qianwan-li-ao-wangyi.json""}"
"25561","2016","2016-11-18","2016年11月18日星期五","day","confirmed","陈正澄促成李敖作客百岁经济学家施建生","《2016年11月》写，经济学家施建生一百岁，盼望见李敖一面；施建生的学生陈正澄仗着与李敖67年交情，强邀李敖作客。饭后施建生寄给李敖一篇回忆，谈自己身历两次世界大战、目击共产党崛起与中国成为世界第二大经济体。","李敖、施建生、陈正澄","台湾","施建生、陈正澄、百岁、作客、经济学家","交游线、学术线、晚年线","虽千万人，李敖往矣","","虽千万人，李敖往矣","048.2016年11月","73","《大李敖全集5.0》（wjm_tcy版）分章节/005.诗集语录类/005.虽千万人，李敖往矣/048.2016年11月.txt","","[]","data/timeline-events-sui-qianwan-li-ao-wangyi.json","sui-qianwan-2016-11-18-visits-hundred-year-old-shi-jiansheng","{""id"":""sui-qianwan-2016-11-18-visits-hundred-year-old-shi-jiansheng"",""date"":""2016-11-18"",""displayDate"":""2016年11月18日星期五"",""datePrecision"":""day"",""title"":""陈正澄促成李敖作客百岁经济学家施建生"",""summary"":""《2016年11月》写，经济学家施建生一百岁，盼望见李敖一面；施建生的学生陈正澄仗着与李敖67年交情，强邀李敖作客。饭后施建生寄给李敖一篇回忆，谈自己身历两次世界大战、目击共产党崛起与中国成为世界第二大经济体。"",""view"":[""交游线"",""学术线"",""晚年线""],""tags"":[""施建生"",""陈正澄"",""百岁"",""作客"",""经济学家""],""people"":[""李敖"",""施建生"",""陈正澄""],""places"":[""台湾""],""works"":[""虽千万人，李敖往矣""],""certainty"":""confirmed"",""source"":{""book"":""虽千万人，李敖往矣"",""chapter"":""048.2016年11月"",""path"":""《大李敖全集5.0》（wjm_tcy版）分章节/005.诗集语录类/005.虽千万人，李敖往矣/048.2016年11月.txt"",""line"":73},""dataFile"":""data/timeline-events-sui-qianwan-li-ao-wangyi.json""}"
"25562","2016","2016-11-25","2016年11月25日星期五","day","confirmed","李敖说自己不与朋友来往、拆掉电视线路并日夜工作","《2016年11月》写，李敖说自己并非整天忧国忧民，事实上跟朋友不来往，电视线路也拆了；他日夜工作，但与忧国忧民没有直接关系。此时他觉得中国已无自己容身之地，孤立傲岸，只为未来喘息，并把三千万字以上文字称为遗书。","李敖","台湾","电视线路、日夜工作、遗书、孤立、三千万字","日常线、写作线、晚年线","虽千万人，李敖往矣","","虽千万人，李敖往矣","048.2016年11月","101","《大李敖全集5.0》（wjm_tcy版）分章节/005.诗集语录类/005.虽千万人，李敖往矣/048.2016年11月.txt","","[]","data/timeline-events-sui-qianwan-li-ao-wangyi.json","sui-qianwan-2016-11-25-cuts-tv-line-and-works-day-and-night","{""id"":""sui-qianwan-2016-11-25-cuts-tv-line-and-works-day-and-night"",""date"":""2016-11-25"",""displayDate"":""2016年11月25日星期五"",""datePrecision"":""day"",""title"":""李敖说自己不与朋友来往、拆掉电视线路并日夜工作"",""summary"":""《2016年11月》写，李敖说自己并非整天忧国忧民，事实上跟朋友不来往，电视线路也拆了；他日夜工作，但与忧国忧民没有直接关系。此时他觉得中国已无自己容身之地，孤立傲岸，只为未来喘息，并把三千万字以上文字称为遗书。"",""view"":[""日常线"",""写作线"",""晚年线""],""tags"":[""电视线路"",""日夜工作"",""遗书"",""孤立"",""三千万字""],""people"":[""李敖""],""places"":[""台湾""],""works"":[""虽千万人，李敖往矣""],""certainty"":""confirmed"",""source"":{""book"":""虽千万人，李敖往矣"",""chapter"":""048.2016年11月"",""path"":""《大李敖全集5.0》（wjm_tcy版）分章节/005.诗集语录类/005.虽千万人，李敖往矣/048.2016年11月.txt"",""line"":101},""dataFile"":""data/timeline-events-sui-qianwan-li-ao-wangyi.json""}"
"25563","2016","2016-11-26","2016年11月26日星期六","day","confirmed","李敖记录内蒙古文化出版社盗印《我来剥蒋介石的皮》并署名李敖","《2016年11月》写，李敖提到劳动党主席吴荣元等大学时代即被抓进牢里，又说40多年过去后，内蒙古文化出版社盗印出一本《我来剥蒋介石的皮》，著者署“李敖”。这条补出晚年仍持续出现的盗版/伪书状况。","李敖、吴荣元","内蒙古、台湾","盗印、伪书、内蒙古文化出版社、我来剥蒋介石的皮、吴荣元","出版线、盗版线、晚年线","我来剥蒋介石的皮、虽千万人，李敖往矣","","虽千万人，李敖往矣","048.2016年11月","105","《大李敖全集5.0》（wjm_tcy版）分章节/005.诗集语录类/005.虽千万人，李敖往矣/048.2016年11月.txt","","[]","data/timeline-events-sui-qianwan-li-ao-wangyi.json","sui-qianwan-2016-11-26-records-pirated-book-i-peel-chiang-kai-shek","{""id"":""sui-qianwan-2016-11-26-records-pirated-book-i-peel-chiang-kai-shek"",""date"":""2016-11-26"",""displayDate"":""2016年11月26日星期六"",""datePrecision"":""day"",""title"":""李敖记录内蒙古文化出版社盗印《我来剥蒋介石的皮》并署名李敖"",""summary"":""《2016年11月》写，李敖提到劳动党主席吴荣元等大学时代即被抓进牢里，又说40多年过去后，内蒙古文化出版社盗印出一本《我来剥蒋介石的皮》，著者署“李敖”。这条补出晚年仍持续出现的盗版/伪书状况。"",""view"":[""出版线"",""盗版线"",""晚年线""],""tags"":[""盗印"",""伪书"",""内蒙古文化出版社"",""我来剥蒋介石的皮"",""吴荣元""],""people"":[""李敖"",""吴荣元""],""places"":[""内蒙古"",""台湾""],""works"":[""我来剥蒋介石的皮"",""虽千万人，李敖往矣""],""certainty"":""confirmed"",""source"":{""book"":""虽千万人，李敖往矣"",""chapter"":""048.2016年11月"",""path"":""《大李敖全集5.0》（wjm_tcy版）分章节/005.诗集语录类/005.虽千万人，李敖往矣/048.2016年11月.txt"",""line"":105},""dataFile"":""data/timeline-events-sui-qianwan-li-ao-wangyi.json""}"
"25564","2016","2016-12-06","2016年12月6日星期二","day","confirmed","李敖记录八大山人花鸟册真货在自己手里","《2016年12月》写，李敖说台北故宫大力宣传的八大山人花鸟册被王方宇拆穿是假货，杨仁恺又透露真货原来在李敖手里。李敖借此讥讽“政权是假的，古物也是假的”，而自己抱着真货直笑。","李敖、王方宇、杨仁恺","台湾、台北故宫博物院","八大山人、花鸟册、王方宇、杨仁恺、收藏","藏书线、文物线、书房线","虽千万人，李敖往矣","","虽千万人，李敖往矣","049.2016年12月","25","《大李敖全集5.0》（wjm_tcy版）分章节/005.诗集语录类/005.虽千万人，李敖往矣/049.2016年12月.txt","","[]","data/timeline-events-sui-qianwan-li-ao-wangyi.json","sui-qianwan-2016-12-06-notes-real-bada-shanren-album-in-his-hands","{""id"":""sui-qianwan-2016-12-06-notes-real-bada-shanren-album-in-his-hands"",""date"":""2016-12-06"",""displayDate"":""2016年12月6日星期二"",""datePrecision"":""day"",""title"":""李敖记录八大山人花鸟册真货在自己手里"",""summary"":""《2016年12月》写，李敖说台北故宫大力宣传的八大山人花鸟册被王方宇拆穿是假货，杨仁恺又透露真货原来在李敖手里。李敖借此讥讽“政权是假的，古物也是假的”，而自己抱着真货直笑。"",""view"":[""藏书线"",""文物线"",""书房线""],""tags"":[""八大山人"",""花鸟册"",""王方宇"",""杨仁恺"",""收藏""],""people"":[""李敖"",""王方宇"",""杨仁恺""],""places"":[""台湾"",""台北故宫博物院""],""works"":[""虽千万人，李敖往矣""],""certainty"":""confirmed"",""source"":{""book"":""虽千万人，李敖往矣"",""chapter"":""049.2016年12月"",""path"":""《大李敖全集5.0》（wjm_tcy版）分章节/005.诗集语录类/005.虽千万人，李敖往矣/049.2016年12月.txt"",""line"":25},""dataFile"":""data/timeline-events-sui-qianwan-li-ao-wangyi.json""}"
"25565","2016","2016-12-10","2016年12月10日星期六","day","confirmed","李敖十年不开车，偶坐出租车被司机从声音认出，并写双腿不良于行","《2016年12月》写，李敖已十年不开车，也没开车必要；偶尔坐出租车，司机不关心他的长相，但听到声音立刻回头叫“李大师”。李敖说自己的声音比面容年轻，而双腿又比自己更老，已经不良于行、彳亍其行。","李敖","台湾","出租车、声音、不开车、不良于行、双腿","日常线、健康线、晚年线","虽千万人，李敖往矣","","虽千万人，李敖往矣","049.2016年12月","41","《大李敖全集5.0》（wjm_tcy版）分章节/005.诗集语录类/005.虽千万人，李敖往矣/049.2016年12月.txt","","[]","data/timeline-events-sui-qianwan-li-ao-wangyi.json","sui-qianwan-2016-12-10-taxi-driver-recognizes-voice-and-li-ao-notes-bad-legs","{""id"":""sui-qianwan-2016-12-10-taxi-driver-recognizes-voice-and-li-ao-notes-bad-legs"",""date"":""2016-12-10"",""displayDate"":""2016年12月10日星期六"",""datePrecision"":""day"",""title"":""李敖十年不开车，偶坐出租车被司机从声音认出，并写双腿不良于行"",""summary"":""《2016年12月》写，李敖已十年不开车，也没开车必要；偶尔坐出租车，司机不关心他的长相，但听到声音立刻回头叫“李大师”。李敖说自己的声音比面容年轻，而双腿又比自己更老，已经不良于行、彳亍其行。"",""view"":[""日常线"",""健康线"",""晚年线""],""tags"":[""出租车"",""声音"",""不开车"",""不良于行"",""双腿""],""people"":[""李敖""],""places"":[""台湾""],""works"":[""虽千万人，李敖往矣""],""certainty"":""confirmed"",""source"":{""book"":""虽千万人，李敖往矣"",""chapter"":""049.2016年12月"",""path"":""《大李敖全集5.0》（wjm_tcy版）分章节/005.诗集语录类/005.虽千万人，李敖往矣/049.2016年12月.txt"",""line"":41},""dataFile"":""data/timeline-events-sui-qianwan-li-ao-wangyi.json""}"
"25566","2016","2016-12-22","2016年12月22日星期四","day","confirmed","臧英年主持中央电视英语评论，来电问李敖对港澳的意见","《2016年12月》写，老友臧英年主持中央电视英语评论，电话询问李敖对港澳的意见。李敖答澳门人比香港人聪明，香港人又比台湾人“笨得快”，并由此继续评论香港、台湾与美国的关系。","李敖、臧英年","台湾、澳门、香港","臧英年、中央电视英语评论、港澳、电话","交游线、媒体线、晚年线","虽千万人，李敖往矣","","虽千万人，李敖往矣","049.2016年12月","91","《大李敖全集5.0》（wjm_tcy版）分章节/005.诗集语录类/005.虽千万人，李敖往矣/049.2016年12月.txt","","[]","data/timeline-events-sui-qianwan-li-ao-wangyi.json","sui-qianwan-2016-12-22-zang-yingnian-calls-about-hong-kong-and-macau","{""id"":""sui-qianwan-2016-12-22-zang-yingnian-calls-about-hong-kong-and-macau"",""date"":""2016-12-22"",""displayDate"":""2016年12月22日星期四"",""datePrecision"":""day"",""title"":""臧英年主持中央电视英语评论，来电问李敖对港澳的意见"",""summary"":""《2016年12月》写，老友臧英年主持中央电视英语评论，电话询问李敖对港澳的意见。李敖答澳门人比香港人聪明，香港人又比台湾人“笨得快”，并由此继续评论香港、台湾与美国的关系。"",""view"":[""交游线"",""媒体线"",""晚年线""],""tags"":[""臧英年"",""中央电视英语评论"",""港澳"",""电话""],""people"":[""李敖"",""臧英年""],""places"":[""台湾"",""澳门"",""香港""],""works"":[""虽千万人，李敖往矣""],""certainty"":""confirmed"",""source"":{""book"":""虽千万人，李敖往矣"",""chapter"":""049.2016年12月"",""path"":""《大李敖全集5.0》（wjm_tcy版）分章节/005.诗集语录类/005.虽千万人，李敖往矣/049.2016年12月.txt"",""line"":91},""dataFile"":""data/timeline-events-sui-qianwan-li-ao-wangyi.json""}"
"25567","2017","2017-01-21","2017年1月21日","day","confirmed","李敖在飞页书屋从《阳痿美国》美元九一一和台湾关系法说美国不会保护台湾","李敖说《阳痿美国》批美国，提到美元、九一一和《台湾关系法》，结论是美国不会真正保护台湾。","李敖","台北、美国","李敖演讲集、演讲、飞页书屋、文星、晚年演讲、阳痿美国、美元、九一一、台湾关系法、美国","演讲线、公共事件线","李敖演讲集、054.20170121李敖飞页书屋演讲、阳痿美国、台湾关系法","","李敖演讲集","054.20170121李敖飞页书屋演讲","197","《大李敖全集5.0》（wjm_tcy版）分章节/010.节目演讲类/011.李敖演讲集/054.20170121李敖飞页书屋演讲.txt","","[]","data/timeline-events-li-ao-yanjiangji.json","li-ao-yanjiangji-054-connects-yangwei-america-dollar-and-tra-to-america-not-protecting-taiwan","{""id"":""li-ao-yanjiangji-054-connects-yangwei-america-dollar-and-tra-to-america-not-protecting-taiwan"",""date"":""2017-01-21"",""displayDate"":""2017年1月21日"",""datePrecision"":""day"",""title"":""李敖在飞页书屋从《阳痿美国》美元九一一和台湾关系法说美国不会保护台湾"",""summary"":""李敖说《阳痿美国》批美国，提到美元、九一一和《台湾关系法》，结论是美国不会真正保护台湾。"",""view"":[""演讲线"",""公共事件线""],""tags"":[""李敖演讲集"",""演讲"",""飞页书屋"",""文星"",""晚年演讲"",""阳痿美国"",""美元"",""九一一"",""台湾关系法"",""美国""],""people"":[""李敖""],""places"":[""台北"",""美国""],""works"":[""李敖演讲集"",""054.20170121李敖飞页书屋演讲"",""阳痿美国"",""台湾关系法""],""certainty"":""confirmed"",""source"":{""book"":""李敖演讲集"",""chapter"":""054.20170121李敖飞页书屋演讲"",""path"":""《大李敖全集5.0》（wjm_tcy版）分章节/010.节目演讲类/011.李敖演讲集/054.20170121李敖飞页书屋演讲.txt"",""line"":197,""lines"":[197,199,201,202]},""crossReferences"":[],""dataFile"":""data/timeline-events-li-ao-yanjiangji.json""}"
"25568","2017","2017-01-21","2017年1月21日","day","confirmed","李敖在飞页书屋区分真假文星并回忆许倬云封面案赢八百万","李敖说展览中的文星有真有假，真正的文星从他进入后才开始，后来到九十九期被禁；萧孟能复刊失败，他又提到因许倬云封面赢得八百万元诉讼。","李敖、许倬云、萧孟能","台北","李敖演讲集、演讲、飞页书屋、文星、晚年演讲、许倬云、萧孟能、诉讼、八百万","演讲线、公共事件线","李敖演讲集、054.20170121李敖飞页书屋演讲","","李敖演讲集","054.20170121李敖飞页书屋演讲","19","《大李敖全集5.0》（wjm_tcy版）分章节/010.节目演讲类/011.李敖演讲集/054.20170121李敖飞页书屋演讲.txt","","[]","data/timeline-events-li-ao-yanjiangji.json","li-ao-yanjiangji-054-distinguishes-real-and-fake-wenxing-and-recalls-xu-zhuoyun-lawsuit","{""id"":""li-ao-yanjiangji-054-distinguishes-real-and-fake-wenxing-and-recalls-xu-zhuoyun-lawsuit"",""date"":""2017-01-21"",""displayDate"":""2017年1月21日"",""datePrecision"":""day"",""title"":""李敖在飞页书屋区分真假文星并回忆许倬云封面案赢八百万"",""summary"":""李敖说展览中的文星有真有假，真正的文星从他进入后才开始，后来到九十九期被禁；萧孟能复刊失败，他又提到因许倬云封面赢得八百万元诉讼。"",""view"":[""演讲线"",""公共事件线""],""tags"":[""李敖演讲集"",""演讲"",""飞页书屋"",""文星"",""晚年演讲"",""许倬云"",""萧孟能"",""诉讼"",""八百万""],""people"":[""李敖"",""许倬云"",""萧孟能""],""places"":[""台北""],""works"":[""李敖演讲集"",""054.20170121李敖飞页书屋演讲""],""certainty"":""confirmed"",""source"":{""book"":""李敖演讲集"",""chapter"":""054.20170121李敖飞页书屋演讲"",""path"":""《大李敖全集5.0》（wjm_tcy版）分章节/010.节目演讲类/011.李敖演讲集/054.20170121李敖飞页书屋演讲.txt"",""line"":19,""lines"":[19]},""crossReferences"":[],""dataFile"":""data/timeline-events-li-ao-yanjiangji.json""}"
"25569","2017","2017-01-21","2017年1月21日","day","confirmed","李敖在飞页书屋开场说脑瘤压迫腿神经医生估他剩三年","李敖在飞页书屋说左腿失灵仍因礼貌站着演讲，脑瘤病例罕见且压迫腿神经，医生估计他大约还有三年。","李敖","台北","李敖演讲集、演讲、飞页书屋、文星、晚年演讲、脑瘤、左腿、医生、三年、最后演讲","演讲线、公共事件线","李敖演讲集、054.20170121李敖飞页书屋演讲","","李敖演讲集","054.20170121李敖飞页书屋演讲","17","《大李敖全集5.0》（wjm_tcy版）分章节/010.节目演讲类/011.李敖演讲集/054.20170121李敖飞页书屋演讲.txt","","[]","data/timeline-events-li-ao-yanjiangji.json","li-ao-yanjiangji-054-opens-flypage-talk-with-brain-tumor-leg-impairment-and-three-years-left","{""id"":""li-ao-yanjiangji-054-opens-flypage-talk-with-brain-tumor-leg-impairment-and-three-years-left"",""date"":""2017-01-21"",""displayDate"":""2017年1月21日"",""datePrecision"":""day"",""title"":""李敖在飞页书屋开场说脑瘤压迫腿神经医生估他剩三年"",""summary"":""李敖在飞页书屋说左腿失灵仍因礼貌站着演讲，脑瘤病例罕见且压迫腿神经，医生估计他大约还有三年。"",""view"":[""演讲线"",""公共事件线""],""tags"":[""李敖演讲集"",""演讲"",""飞页书屋"",""文星"",""晚年演讲"",""脑瘤"",""左腿"",""医生"",""三年"",""最后演讲""],""people"":[""李敖""],""places"":[""台北""],""works"":[""李敖演讲集"",""054.20170121李敖飞页书屋演讲""],""certainty"":""confirmed"",""source"":{""book"":""李敖演讲集"",""chapter"":""054.20170121李敖飞页书屋演讲"",""path"":""《大李敖全集5.0》（wjm_tcy版）分章节/010.节目演讲类/011.李敖演讲集/054.20170121李敖飞页书屋演讲.txt"",""line"":17,""lines"":[17]},""crossReferences"":[],""dataFile"":""data/timeline-events-li-ao-yanjiangji.json""}"
"25570","2017","2017-01-21","2017年1月21日","day","confirmed","李敖在飞页书屋认出林衡哲与文星译作《当代智慧人物访问录》","李敖在现场认出林衡哲，记得他和文星翻译《当代智慧人物访问录》的关系。","李敖、林衡哲","台北","李敖演讲集、演讲、飞页书屋、文星、晚年演讲、林衡哲、翻译","演讲线、公共事件线","李敖演讲集、054.20170121李敖飞页书屋演讲、当代智慧人物访问录","","李敖演讲集","054.20170121李敖飞页书屋演讲","33","《大李敖全集5.0》（wjm_tcy版）分章节/010.节目演讲类/011.李敖演讲集/054.20170121李敖飞页书屋演讲.txt","","[]","data/timeline-events-li-ao-yanjiangji.json","li-ao-yanjiangji-054-recognizes-lin-hengzhe-from-wenxing-translation","{""id"":""li-ao-yanjiangji-054-recognizes-lin-hengzhe-from-wenxing-translation"",""date"":""2017-01-21"",""displayDate"":""2017年1月21日"",""datePrecision"":""day"",""title"":""李敖在飞页书屋认出林衡哲与文星译作《当代智慧人物访问录》"",""summary"":""李敖在现场认出林衡哲，记得他和文星翻译《当代智慧人物访问录》的关系。"",""view"":[""演讲线"",""公共事件线""],""tags"":[""李敖演讲集"",""演讲"",""飞页书屋"",""文星"",""晚年演讲"",""林衡哲"",""翻译""],""people"":[""李敖"",""林衡哲""],""places"":[""台北""],""works"":[""李敖演讲集"",""054.20170121李敖飞页书屋演讲"",""当代智慧人物访问录""],""certainty"":""confirmed"",""source"":{""book"":""李敖演讲集"",""chapter"":""054.20170121李敖飞页书屋演讲"",""path"":""《大李敖全集5.0》（wjm_tcy版）分章节/010.节目演讲类/011.李敖演讲集/054.20170121李敖飞页书屋演讲.txt"",""line"":33,""lines"":[33]},""crossReferences"":[],""dataFile"":""data/timeline-events-li-ao-yanjiangji.json""}"
"25571","2017","2017-01-21","2017年1月21日","day","confirmed","李敖在飞页书屋用《第73烈士》说蒋介石篡夺革命且台湾人必须学会不服从","李敖从《第73烈士》谈黄花岗没有浙江人、蒋介石篡夺革命，再说台湾一路受清朝、日本、国民党和后来权力影响，真正的人必须学会不服从并承受名誉和没有同志的代价。","李敖、蒋介石","台北","李敖演讲集、演讲、飞页书屋、文星、晚年演讲、第73烈士、黄花岗、蒋介石、不服从、台湾","演讲线、公共事件线","李敖演讲集、054.20170121李敖飞页书屋演讲、第73烈士","","李敖演讲集","054.20170121李敖飞页书屋演讲","258","《大李敖全集5.0》（wjm_tcy版）分章节/010.节目演讲类/011.李敖演讲集/054.20170121李敖飞页书屋演讲.txt","","[]","data/timeline-events-li-ao-yanjiangji.json","li-ao-yanjiangji-054-uses-seventy-third-martyr-to-say-chiang-usurped-revolution-and-people-must-disobey","{""id"":""li-ao-yanjiangji-054-uses-seventy-third-martyr-to-say-chiang-usurped-revolution-and-people-must-disobey"",""date"":""2017-01-21"",""displayDate"":""2017年1月21日"",""datePrecision"":""day"",""title"":""李敖在飞页书屋用《第73烈士》说蒋介石篡夺革命且台湾人必须学会不服从"",""summary"":""李敖从《第73烈士》谈黄花岗没有浙江人、蒋介石篡夺革命，再说台湾一路受清朝、日本、国民党和后来权力影响，真正的人必须学会不服从并承受名誉和没有同志的代价。"",""view"":[""演讲线"",""公共事件线""],""tags"":[""李敖演讲集"",""演讲"",""飞页书屋"",""文星"",""晚年演讲"",""第73烈士"",""黄花岗"",""蒋介石"",""不服从"",""台湾""],""people"":[""李敖"",""蒋介石""],""places"":[""台北""],""works"":[""李敖演讲集"",""054.20170121李敖飞页书屋演讲"",""第73烈士""],""certainty"":""confirmed"",""source"":{""book"":""李敖演讲集"",""chapter"":""054.20170121李敖飞页书屋演讲"",""path"":""《大李敖全集5.0》（wjm_tcy版）分章节/010.节目演讲类/011.李敖演讲集/054.20170121李敖飞页书屋演讲.txt"",""line"":258,""lines"":[258,260]},""crossReferences"":[],""dataFile"":""data/timeline-events-li-ao-yanjiangji.json""}"
"25572","2017","2017-01-21","2017年1月21日","day","confirmed","李敖在飞页书屋用《蓝色的毛毯》和李远哲评判逃出去又回来的人","李敖讲《蓝色的毛毯》故事，并说李远哲本是美国公民和诺贝尔奖得主，逃出去后回来帮台湾却把教育改革做成灾难，还让中研院制度自肥。","李敖、李远哲","台北","李敖演讲集、演讲、飞页书屋、文星、晚年演讲、蓝色的毛毯、李远哲、教育改革、中研院、诺贝尔奖","演讲线、公共事件线","李敖演讲集、054.20170121李敖飞页书屋演讲、蓝色的毛毯","","李敖演讲集","054.20170121李敖飞页书屋演讲","260","《大李敖全集5.0》（wjm_tcy版）分章节/010.节目演讲类/011.李敖演讲集/054.20170121李敖飞页书屋演讲.txt","","[]","data/timeline-events-li-ao-yanjiangji.json","li-ao-yanjiangji-054-uses-blue-blanket-and-li-yuanzhe-to-judge-returned-escapee-disaster","{""id"":""li-ao-yanjiangji-054-uses-blue-blanket-and-li-yuanzhe-to-judge-returned-escapee-disaster"",""date"":""2017-01-21"",""displayDate"":""2017年1月21日"",""datePrecision"":""day"",""title"":""李敖在飞页书屋用《蓝色的毛毯》和李远哲评判逃出去又回来的人"",""summary"":""李敖讲《蓝色的毛毯》故事，并说李远哲本是美国公民和诺贝尔奖得主，逃出去后回来帮台湾却把教育改革做成灾难，还让中研院制度自肥。"",""view"":[""演讲线"",""公共事件线""],""tags"":[""李敖演讲集"",""演讲"",""飞页书屋"",""文星"",""晚年演讲"",""蓝色的毛毯"",""李远哲"",""教育改革"",""中研院"",""诺贝尔奖""],""people"":[""李敖"",""李远哲""],""places"":[""台北""],""works"":[""李敖演讲集"",""054.20170121李敖飞页书屋演讲"",""蓝色的毛毯""],""certainty"":""confirmed"",""source"":{""book"":""李敖演讲集"",""chapter"":""054.20170121李敖飞页书屋演讲"",""path"":""《大李敖全集5.0》（wjm_tcy版）分章节/010.节目演讲类/011.李敖演讲集/054.20170121李敖飞页书屋演讲.txt"",""line"":260,""lines"":[260,262]},""crossReferences"":[],""dataFile"":""data/timeline-events-li-ao-yanjiangji.json""}"
"25573","2017","2017-01-21","2017年1月21日","day","confirmed","李敖在飞页书屋用毛诗注释漏刘志逊说明《文星》也挖共产党根","李敖说《文星》式挖根也可挖共产党根，例如毛泽东诗注释没有讲刘志逊被共产党杀害这层历史。","李敖、毛泽东、刘志逊","台北","李敖演讲集、演讲、飞页书屋、文星、晚年演讲、毛泽东、刘志逊、共产党、挖根","演讲线、公共事件线","李敖演讲集、054.20170121李敖飞页书屋演讲","li-ao-yanjiangji-050-uses-mao-poem-liu-zhixun-and-wang-shiwei-to-discuss-own-side-killings、li-ao-youhua-shuo-644-shows-dictionary-entry-on-liu-zhixun-wrongful-killing、li-ao-yumiao-tianxia-062-shows-liu-zhixun-photo-and-own-side-killing","李敖演讲集","054.20170121李敖飞页书屋演讲","129","《大李敖全集5.0》（wjm_tcy版）分章节/010.节目演讲类/011.李敖演讲集/054.20170121李敖飞页书屋演讲.txt","","[]","data/timeline-events-li-ao-yanjiangji.json","li-ao-yanjiangji-054-uses-mao-poem-and-liu-zhixun-to-dig-ccp-roots-through-wenxing-method","{""id"":""li-ao-yanjiangji-054-uses-mao-poem-and-liu-zhixun-to-dig-ccp-roots-through-wenxing-method"",""date"":""2017-01-21"",""displayDate"":""2017年1月21日"",""datePrecision"":""day"",""title"":""李敖在飞页书屋用毛诗注释漏刘志逊说明《文星》也挖共产党根"",""summary"":""李敖说《文星》式挖根也可挖共产党根，例如毛泽东诗注释没有讲刘志逊被共产党杀害这层历史。"",""view"":[""演讲线"",""公共事件线""],""tags"":[""李敖演讲集"",""演讲"",""飞页书屋"",""文星"",""晚年演讲"",""毛泽东"",""刘志逊"",""共产党"",""挖根""],""people"":[""李敖"",""毛泽东"",""刘志逊""],""places"":[""台北""],""works"":[""李敖演讲集"",""054.20170121李敖飞页书屋演讲""],""certainty"":""confirmed"",""source"":{""book"":""李敖演讲集"",""chapter"":""054.20170121李敖飞页书屋演讲"",""path"":""《大李敖全集5.0》（wjm_tcy版）分章节/010.节目演讲类/011.李敖演讲集/054.20170121李敖飞页书屋演讲.txt"",""line"":129,""lines"":[129]},""crossReferences"":[""li-ao-yanjiangji-050-uses-mao-poem-liu-zhixun-and-wang-shiwei-to-discuss-own-side-killings"",""li-ao-youhua-shuo-644-shows-dictionary-entry-on-liu-zhixun-wrongful-killing"",""li-ao-yumiao-tianxia-062-shows-liu-zhixun-photo-and-own-side-killing""],""dataFile"":""data/timeline-events-li-ao-yanjiangji.json""}"
"25574","2017","2017-01-21","2017年1月21日","day","confirmed","李敖在飞页书屋用电影和柯达比喻出版业衰落","李敖说沈登恩相信出版还能被拯救是错的，出版像胶片和柯达一样正在被时代淘汰。","李敖、沈登恩","台北","李敖演讲集、演讲、飞页书屋、文星、晚年演讲、出版业、柯达、电影、衰落","演讲线、公共事件线","李敖演讲集、054.20170121李敖飞页书屋演讲","","李敖演讲集","054.20170121李敖飞页书屋演讲","25","《大李敖全集5.0》（wjm_tcy版）分章节/010.节目演讲类/011.李敖演讲集/054.20170121李敖飞页书屋演讲.txt","","[]","data/timeline-events-li-ao-yanjiangji.json","li-ao-yanjiangji-054-compares-publishing-decline-to-film-and-kodak","{""id"":""li-ao-yanjiangji-054-compares-publishing-decline-to-film-and-kodak"",""date"":""2017-01-21"",""displayDate"":""2017年1月21日"",""datePrecision"":""day"",""title"":""李敖在飞页书屋用电影和柯达比喻出版业衰落"",""summary"":""李敖说沈登恩相信出版还能被拯救是错的，出版像胶片和柯达一样正在被时代淘汰。"",""view"":[""演讲线"",""公共事件线""],""tags"":[""李敖演讲集"",""演讲"",""飞页书屋"",""文星"",""晚年演讲"",""出版业"",""柯达"",""电影"",""衰落""],""people"":[""李敖"",""沈登恩""],""places"":[""台北""],""works"":[""李敖演讲集"",""054.20170121李敖飞页书屋演讲""],""certainty"":""confirmed"",""source"":{""book"":""李敖演讲集"",""chapter"":""054.20170121李敖飞页书屋演讲"",""path"":""《大李敖全集5.0》（wjm_tcy版）分章节/010.节目演讲类/011.李敖演讲集/054.20170121李敖飞页书屋演讲.txt"",""line"":25,""lines"":[25]},""crossReferences"":[],""dataFile"":""data/timeline-events-li-ao-yanjiangji.json""}"
"25575","2017","2017-01-21","2017年1月21日","day","confirmed","李敖在飞页书屋纠正自己没有婚纱合照和戒指只有易拉罐环","李敖说照片说明有误，他没有婚纱合照，也没有戒指，只曾用易拉罐拉环当戒指，婚纱照是妻子自己去拍的。","李敖","台北","李敖演讲集、演讲、飞页书屋、文星、晚年演讲、婚礼、照片、戒指、易拉罐环","演讲线、公共事件线","李敖演讲集、054.20170121李敖飞页书屋演讲","","李敖演讲集","054.20170121李敖飞页书屋演讲","23","《大李敖全集5.0》（wjm_tcy版）分章节/010.节目演讲类/011.李敖演讲集/054.20170121李敖飞页书屋演讲.txt","","[]","data/timeline-events-li-ao-yanjiangji.json","li-ao-yanjiangji-054-corrects-wedding-photo-and-pull-tab-ring-story","{""id"":""li-ao-yanjiangji-054-corrects-wedding-photo-and-pull-tab-ring-story"",""date"":""2017-01-21"",""displayDate"":""2017年1月21日"",""datePrecision"":""day"",""title"":""李敖在飞页书屋纠正自己没有婚纱合照和戒指只有易拉罐环"",""summary"":""李敖说照片说明有误，他没有婚纱合照，也没有戒指，只曾用易拉罐拉环当戒指，婚纱照是妻子自己去拍的。"",""view"":[""演讲线"",""公共事件线""],""tags"":[""李敖演讲集"",""演讲"",""飞页书屋"",""文星"",""晚年演讲"",""婚礼"",""照片"",""戒指"",""易拉罐环""],""people"":[""李敖""],""places"":[""台北""],""works"":[""李敖演讲集"",""054.20170121李敖飞页书屋演讲""],""certainty"":""confirmed"",""source"":{""book"":""李敖演讲集"",""chapter"":""054.20170121李敖飞页书屋演讲"",""path"":""《大李敖全集5.0》（wjm_tcy版）分章节/010.节目演讲类/011.李敖演讲集/054.20170121李敖飞页书屋演讲.txt"",""line"":23,""lines"":[23]},""crossReferences"":[],""dataFile"":""data/timeline-events-li-ao-yanjiangji.json""}"
"25576","2017","2017-01-21","2017年1月21日","day","confirmed","李敖在飞页书屋回忆二〇〇五年北大清华复旦演讲及打着红旗反红旗得罪共产党","李敖回忆二〇〇五年到北大、清华、复旦演讲，开红地毯玩笑，并用“打着红旗反红旗”谈毛泽东，因而得罪共产党。","李敖、毛泽东","台北、北京大学、清华大学、复旦大学","李敖演讲集、演讲、飞页书屋、文星、晚年演讲、神州文化之旅、北京大学、清华大学、复旦大学、毛泽东","演讲线、公共事件线","李敖演讲集、054.20170121李敖飞页书屋演讲","","李敖演讲集","054.20170121李敖飞页书屋演讲","91","《大李敖全集5.0》（wjm_tcy版）分章节/010.节目演讲类/011.李敖演讲集/054.20170121李敖飞页书屋演讲.txt","","[]","data/timeline-events-li-ao-yanjiangji.json","li-ao-yanjiangji-054-recalls-2005-mainland-campus-tour-and-offending-ccp-with-red-flag-line","{""id"":""li-ao-yanjiangji-054-recalls-2005-mainland-campus-tour-and-offending-ccp-with-red-flag-line"",""date"":""2017-01-21"",""displayDate"":""2017年1月21日"",""datePrecision"":""day"",""title"":""李敖在飞页书屋回忆二〇〇五年北大清华复旦演讲及打着红旗反红旗得罪共产党"",""summary"":""李敖回忆二〇〇五年到北大、清华、复旦演讲，开红地毯玩笑，并用“打着红旗反红旗”谈毛泽东，因而得罪共产党。"",""view"":[""演讲线"",""公共事件线""],""tags"":[""李敖演讲集"",""演讲"",""飞页书屋"",""文星"",""晚年演讲"",""神州文化之旅"",""北京大学"",""清华大学"",""复旦大学"",""毛泽东""],""people"":[""李敖"",""毛泽东""],""places"":[""台北"",""北京大学"",""清华大学"",""复旦大学""],""works"":[""李敖演讲集"",""054.20170121李敖飞页书屋演讲""],""certainty"":""confirmed"",""source"":{""book"":""李敖演讲集"",""chapter"":""054.20170121李敖飞页书屋演讲"",""path"":""《大李敖全集5.0》（wjm_tcy版）分章节/010.节目演讲类/011.李敖演讲集/054.20170121李敖飞页书屋演讲.txt"",""line"":91,""lines"":[91,93]},""crossReferences"":[],""dataFile"":""data/timeline-events-li-ao-yanjiangji.json""}"
"25577","2017","2017-01-21","2017年1月21日","day","confirmed","李敖在飞页书屋回忆沈登恩出钱出版并相信他出狱后还能回来","李敖说沈登恩的妻子付钱让书能出版，沈登恩在他出狱后见到他，判断他仍是作家、还能回来；他则曾在出狱后把自己关了五个半月，最后被国安局拉出来。","李敖、沈登恩","台北","李敖演讲集、演讲、飞页书屋、文星、晚年演讲、沈登恩、出狱、出版、国安局、五个半月","演讲线、公共事件线","李敖演讲集、054.20170121李敖飞页书屋演讲","","李敖演讲集","054.20170121李敖飞页书屋演讲","25","《大李敖全集5.0》（wjm_tcy版）分章节/010.节目演讲类/011.李敖演讲集/054.20170121李敖飞页书屋演讲.txt","","[]","data/timeline-events-li-ao-yanjiangji.json","li-ao-yanjiangji-054-recalls-shen-dengen-backing-him-after-prison-and-his-five-month-lockup","{""id"":""li-ao-yanjiangji-054-recalls-shen-dengen-backing-him-after-prison-and-his-five-month-lockup"",""date"":""2017-01-21"",""displayDate"":""2017年1月21日"",""datePrecision"":""day"",""title"":""李敖在飞页书屋回忆沈登恩出钱出版并相信他出狱后还能回来"",""summary"":""李敖说沈登恩的妻子付钱让书能出版，沈登恩在他出狱后见到他，判断他仍是作家、还能回来；他则曾在出狱后把自己关了五个半月，最后被国安局拉出来。"",""view"":[""演讲线"",""公共事件线""],""tags"":[""李敖演讲集"",""演讲"",""飞页书屋"",""文星"",""晚年演讲"",""沈登恩"",""出狱"",""出版"",""国安局"",""五个半月""],""people"":[""李敖"",""沈登恩""],""places"":[""台北""],""works"":[""李敖演讲集"",""054.20170121李敖飞页书屋演讲""],""certainty"":""confirmed"",""source"":{""book"":""李敖演讲集"",""chapter"":""054.20170121李敖飞页书屋演讲"",""path"":""《大李敖全集5.0》（wjm_tcy版）分章节/010.节目演讲类/011.李敖演讲集/054.20170121李敖飞页书屋演讲.txt"",""line"":25,""lines"":[25]},""crossReferences"":[],""dataFile"":""data/timeline-events-li-ao-yanjiangji.json""}"
"25578","2017","2017-01-21","2017年1月21日","day","confirmed","李敖在飞页书屋回忆沈登恩高信疆帮他复出并为高信疆买墓","李敖说沈登恩最有眼光的是《尹县长》，后来沈登恩经高信疆和《中国时报》支持他复出；高信疆去世后，他不去追悼会，而花六十万为高买墓。","李敖、沈登恩、高信疆","台北","李敖演讲集、演讲、飞页书屋、文星、晚年演讲、沈登恩、高信疆、中国时报、复出、墓地","演讲线、公共事件线","李敖演讲集、054.20170121李敖飞页书屋演讲、尹县长、中国时报","","李敖演讲集","054.20170121李敖飞页书屋演讲","50","《大李敖全集5.0》（wjm_tcy版）分章节/010.节目演讲类/011.李敖演讲集/054.20170121李敖飞页书屋演讲.txt","","[]","data/timeline-events-li-ao-yanjiangji.json","li-ao-yanjiangji-054-recalls-shen-dengen-gao-xinjiang-and-buying-grave-for-gao","{""id"":""li-ao-yanjiangji-054-recalls-shen-dengen-gao-xinjiang-and-buying-grave-for-gao"",""date"":""2017-01-21"",""displayDate"":""2017年1月21日"",""datePrecision"":""day"",""title"":""李敖在飞页书屋回忆沈登恩高信疆帮他复出并为高信疆买墓"",""summary"":""李敖说沈登恩最有眼光的是《尹县长》，后来沈登恩经高信疆和《中国时报》支持他复出；高信疆去世后，他不去追悼会，而花六十万为高买墓。"",""view"":[""演讲线"",""公共事件线""],""tags"":[""李敖演讲集"",""演讲"",""飞页书屋"",""文星"",""晚年演讲"",""沈登恩"",""高信疆"",""中国时报"",""复出"",""墓地""],""people"":[""李敖"",""沈登恩"",""高信疆""],""places"":[""台北""],""works"":[""李敖演讲集"",""054.20170121李敖飞页书屋演讲"",""尹县长"",""中国时报""],""certainty"":""confirmed"",""source"":{""book"":""李敖演讲集"",""chapter"":""054.20170121李敖飞页书屋演讲"",""path"":""《大李敖全集5.0》（wjm_tcy版）分章节/010.节目演讲类/011.李敖演讲集/054.20170121李敖飞页书屋演讲.txt"",""line"":50,""lines"":[50,51,53]},""crossReferences"":[],""dataFile"":""data/timeline-events-li-ao-yanjiangji.json""}"
"25579","2017","2017-01-21","2017年1月21日","day","confirmed","李敖在飞页书屋回顾从TVBS华视到凤凰卫视《李敖有话说》的电视曝光","李敖回忆早期有线电视、TVBS、华视和苏逸洪，再说刘长乐和凤凰卫视开价促成《李敖有话说》，北京要求三月七日付款三月八日开播。","李敖、苏逸洪、刘长乐","台北","李敖演讲集、演讲、飞页书屋、文星、晚年演讲、电视、TVBS、华视、凤凰卫视、李敖有话说","演讲线、公共事件线","李敖演讲集、054.20170121李敖飞页书屋演讲、李敖有话说","","李敖演讲集","054.20170121李敖飞页书屋演讲","83","《大李敖全集5.0》（wjm_tcy版）分章节/010.节目演讲类/011.李敖演讲集/054.20170121李敖飞页书屋演讲.txt","","[]","data/timeline-events-li-ao-yanjiangji.json","li-ao-yanjiangji-054-traces-tv-exposure-from-tvbs-to-phoenix-and-youhuashuo","{""id"":""li-ao-yanjiangji-054-traces-tv-exposure-from-tvbs-to-phoenix-and-youhuashuo"",""date"":""2017-01-21"",""displayDate"":""2017年1月21日"",""datePrecision"":""day"",""title"":""李敖在飞页书屋回顾从TVBS华视到凤凰卫视《李敖有话说》的电视曝光"",""summary"":""李敖回忆早期有线电视、TVBS、华视和苏逸洪，再说刘长乐和凤凰卫视开价促成《李敖有话说》，北京要求三月七日付款三月八日开播。"",""view"":[""演讲线"",""公共事件线""],""tags"":[""李敖演讲集"",""演讲"",""飞页书屋"",""文星"",""晚年演讲"",""电视"",""TVBS"",""华视"",""凤凰卫视"",""李敖有话说""],""people"":[""李敖"",""苏逸洪"",""刘长乐""],""places"":[""台北""],""works"":[""李敖演讲集"",""054.20170121李敖飞页书屋演讲"",""李敖有话说""],""certainty"":""confirmed"",""source"":{""book"":""李敖演讲集"",""chapter"":""054.20170121李敖飞页书屋演讲"",""path"":""《大李敖全集5.0》（wjm_tcy版）分章节/010.节目演讲类/011.李敖演讲集/054.20170121李敖飞页书屋演讲.txt"",""line"":83,""lines"":[83,85,87,89]},""crossReferences"":[],""dataFile"":""data/timeline-events-li-ao-yanjiangji.json""}"
"25580","2017","2017-01-21","2017年1月21日","day","confirmed","李敖在飞页书屋批马英九军购比陈水扁李登辉更多又捐钱给日本","李敖说马英九买的美国武器比陈水扁和李登辉还多，并非亲北京；他又批台湾捐日本六十六亿新台币，日本仍轻视台湾。","李敖、马英九、陈水扁、李登辉、林全","台北、日本、美国","李敖演讲集、演讲、飞页书屋、文星、晚年演讲、马英九、军购、日本、陈水扁、李登辉","演讲线、公共事件线","李敖演讲集、054.20170121李敖飞页书屋演讲","","李敖演讲集","054.20170121李敖飞页书屋演讲","204","《大李敖全集5.0》（wjm_tcy版）分章节/010.节目演讲类/011.李敖演讲集/054.20170121李敖飞页书屋演讲.txt","","[]","data/timeline-events-li-ao-yanjiangji.json","li-ao-yanjiangji-054-criticizes-ma-yingjeou-arms-purchases-and-japan-donation","{""id"":""li-ao-yanjiangji-054-criticizes-ma-yingjeou-arms-purchases-and-japan-donation"",""date"":""2017-01-21"",""displayDate"":""2017年1月21日"",""datePrecision"":""day"",""title"":""李敖在飞页书屋批马英九军购比陈水扁李登辉更多又捐钱给日本"",""summary"":""李敖说马英九买的美国武器比陈水扁和李登辉还多，并非亲北京；他又批台湾捐日本六十六亿新台币，日本仍轻视台湾。"",""view"":[""演讲线"",""公共事件线""],""tags"":[""李敖演讲集"",""演讲"",""飞页书屋"",""文星"",""晚年演讲"",""马英九"",""军购"",""日本"",""陈水扁"",""李登辉""],""people"":[""李敖"",""马英九"",""陈水扁"",""李登辉"",""林全""],""places"":[""台北"",""日本"",""美国""],""works"":[""李敖演讲集"",""054.20170121李敖飞页书屋演讲""],""certainty"":""confirmed"",""source"":{""book"":""李敖演讲集"",""chapter"":""054.20170121李敖飞页书屋演讲"",""path"":""《大李敖全集5.0》（wjm_tcy版）分章节/010.节目演讲类/011.李敖演讲集/054.20170121李敖飞页书屋演讲.txt"",""line"":204,""lines"":[204,206]},""crossReferences"":[],""dataFile"":""data/timeline-events-li-ao-yanjiangji.json""}"
"25581","2017","2017-01-21","2017年1月21日","day","confirmed","李敖在飞页书屋批台湾现代文学名家没有真正才华","李敖批评陈若曦、白先勇、王文兴、台静农和余光中等台湾现代文学人物，认为他们缺乏真正才华，诗人也应反对政府。","李敖、陈若曦、白先勇、王文兴、台静农、余光中","台北","李敖演讲集、演讲、飞页书屋、文星、晚年演讲、台湾文学、陈若曦、白先勇、王文兴、余光中","演讲线、公共事件线","李敖演讲集、054.20170121李敖飞页书屋演讲","","李敖演讲集","054.20170121李敖飞页书屋演讲","45","《大李敖全集5.0》（wjm_tcy版）分章节/010.节目演讲类/011.李敖演讲集/054.20170121李敖飞页书屋演讲.txt","","[]","data/timeline-events-li-ao-yanjiangji.json","li-ao-yanjiangji-054-criticizes-taiwan-modern-literature-writers-as-lacking-talent","{""id"":""li-ao-yanjiangji-054-criticizes-taiwan-modern-literature-writers-as-lacking-talent"",""date"":""2017-01-21"",""displayDate"":""2017年1月21日"",""datePrecision"":""day"",""title"":""李敖在飞页书屋批台湾现代文学名家没有真正才华"",""summary"":""李敖批评陈若曦、白先勇、王文兴、台静农和余光中等台湾现代文学人物，认为他们缺乏真正才华，诗人也应反对政府。"",""view"":[""演讲线"",""公共事件线""],""tags"":[""李敖演讲集"",""演讲"",""飞页书屋"",""文星"",""晚年演讲"",""台湾文学"",""陈若曦"",""白先勇"",""王文兴"",""余光中""],""people"":[""李敖"",""陈若曦"",""白先勇"",""王文兴"",""台静农"",""余光中""],""places"":[""台北""],""works"":[""李敖演讲集"",""054.20170121李敖飞页书屋演讲""],""certainty"":""confirmed"",""source"":{""book"":""李敖演讲集"",""chapter"":""054.20170121李敖飞页书屋演讲"",""path"":""《大李敖全集5.0》（wjm_tcy版）分章节/010.节目演讲类/011.李敖演讲集/054.20170121李敖飞页书屋演讲.txt"",""line"":45,""lines"":[45,47,49]},""crossReferences"":[],""dataFile"":""data/timeline-events-li-ao-yanjiangji.json""}"
"25582","2017","2017-01-21","2017年1月21日","day","confirmed","李敖在飞页书屋把《自由中国》和《文星》区分为政治与文化挖根","李敖说《自由中国》是政治性的，《文星》则是文化挖根；他进入后才把《文星》变成挖国民党根、也挖共产党根的刊物。","李敖","台北","李敖演讲集、演讲、飞页书屋、文星、晚年演讲、自由中国、政治、文化挖根","演讲线、公共事件线","李敖演讲集、054.20170121李敖飞页书屋演讲、自由中国、文星","","李敖演讲集","054.20170121李敖飞页书屋演讲","127","《大李敖全集5.0》（wjm_tcy版）分章节/010.节目演讲类/011.李敖演讲集/054.20170121李敖飞页书屋演讲.txt","","[]","data/timeline-events-li-ao-yanjiangji.json","li-ao-yanjiangji-054-contrasts-freedom-china-political-root-with-wenxing-cultural-root","{""id"":""li-ao-yanjiangji-054-contrasts-freedom-china-political-root-with-wenxing-cultural-root"",""date"":""2017-01-21"",""displayDate"":""2017年1月21日"",""datePrecision"":""day"",""title"":""李敖在飞页书屋把《自由中国》和《文星》区分为政治与文化挖根"",""summary"":""李敖说《自由中国》是政治性的，《文星》则是文化挖根；他进入后才把《文星》变成挖国民党根、也挖共产党根的刊物。"",""view"":[""演讲线"",""公共事件线""],""tags"":[""李敖演讲集"",""演讲"",""飞页书屋"",""文星"",""晚年演讲"",""自由中国"",""政治"",""文化挖根""],""people"":[""李敖""],""places"":[""台北""],""works"":[""李敖演讲集"",""054.20170121李敖飞页书屋演讲"",""自由中国"",""文星""],""certainty"":""confirmed"",""source"":{""book"":""李敖演讲集"",""chapter"":""054.20170121李敖飞页书屋演讲"",""path"":""《大李敖全集5.0》（wjm_tcy版）分章节/010.节目演讲类/011.李敖演讲集/054.20170121李敖飞页书屋演讲.txt"",""line"":127,""lines"":[127,129]},""crossReferences"":[],""dataFile"":""data/timeline-events-li-ao-yanjiangji.json""}"
"25583","2017","2017-01-21","2017年1月21日","day","confirmed","李敖在飞页书屋把脑瘤压迫恶化与台湾太小拒绝事实并置","李敖说脑部压迫会影响说话、吞咽和腿，又转入台湾太小、只有世界极小一部分的问题，认为台湾若拒绝事实就没有好未来。","李敖","台北","李敖演讲集、演讲、飞页书屋、文星、晚年演讲、脑瘤、台湾太小、事实、未来","演讲线、公共事件线","李敖演讲集、054.20170121李敖飞页书屋演讲","","李敖演讲集","054.20170121李敖飞页书屋演讲","41","《大李敖全集5.0》（wjm_tcy版）分章节/010.节目演讲类/011.李敖演讲集/054.20170121李敖飞页书屋演讲.txt","","[]","data/timeline-events-li-ao-yanjiangji.json","li-ao-yanjiangji-054-connects-brain-decline-with-taiwan-smallness-and-refusal-of-facts","{""id"":""li-ao-yanjiangji-054-connects-brain-decline-with-taiwan-smallness-and-refusal-of-facts"",""date"":""2017-01-21"",""displayDate"":""2017年1月21日"",""datePrecision"":""day"",""title"":""李敖在飞页书屋把脑瘤压迫恶化与台湾太小拒绝事实并置"",""summary"":""李敖说脑部压迫会影响说话、吞咽和腿，又转入台湾太小、只有世界极小一部分的问题，认为台湾若拒绝事实就没有好未来。"",""view"":[""演讲线"",""公共事件线""],""tags"":[""李敖演讲集"",""演讲"",""飞页书屋"",""文星"",""晚年演讲"",""脑瘤"",""台湾太小"",""事实"",""未来""],""people"":[""李敖""],""places"":[""台北""],""works"":[""李敖演讲集"",""054.20170121李敖飞页书屋演讲""],""certainty"":""confirmed"",""source"":{""book"":""李敖演讲集"",""chapter"":""054.20170121李敖飞页书屋演讲"",""path"":""《大李敖全集5.0》（wjm_tcy版）分章节/010.节目演讲类/011.李敖演讲集/054.20170121李敖飞页书屋演讲.txt"",""line"":41,""lines"":[41]},""crossReferences"":[],""dataFile"":""data/timeline-events-li-ao-yanjiangji.json""}"
"25584","2017","2017-01-21","2017年1月21日","day","confirmed","李敖在飞页书屋建议七十六岁听众若台湾不能发展就全家逃到美国","李敖回答七十六岁听众时说，可以用吴璋炯的办法，如果台湾不能发展，全家逃到美国；他自己本可成为美国公民却留下来，因为总要有人照亮自己的方向。","李敖、吴璋炯","台北、美国","李敖演讲集、演讲、飞页书屋、文星、晚年演讲、美国、逃离台湾、吴璋炯、人生建议","演讲线、公共事件线","李敖演讲集、054.20170121李敖飞页书屋演讲","","李敖演讲集","054.20170121李敖飞页书屋演讲","256","《大李敖全集5.0》（wjm_tcy版）分章节/010.节目演讲类/011.李敖演讲集/054.20170121李敖飞页书屋演讲.txt","","[]","data/timeline-events-li-ao-yanjiangji.json","li-ao-yanjiangji-054-advises-old-audience-to-escape-to-america-if-taiwan-cannot-develop","{""id"":""li-ao-yanjiangji-054-advises-old-audience-to-escape-to-america-if-taiwan-cannot-develop"",""date"":""2017-01-21"",""displayDate"":""2017年1月21日"",""datePrecision"":""day"",""title"":""李敖在飞页书屋建议七十六岁听众若台湾不能发展就全家逃到美国"",""summary"":""李敖回答七十六岁听众时说，可以用吴璋炯的办法，如果台湾不能发展，全家逃到美国；他自己本可成为美国公民却留下来，因为总要有人照亮自己的方向。"",""view"":[""演讲线"",""公共事件线""],""tags"":[""李敖演讲集"",""演讲"",""飞页书屋"",""文星"",""晚年演讲"",""美国"",""逃离台湾"",""吴璋炯"",""人生建议""],""people"":[""李敖"",""吴璋炯""],""places"":[""台北"",""美国""],""works"":[""李敖演讲集"",""054.20170121李敖飞页书屋演讲""],""certainty"":""confirmed"",""source"":{""book"":""李敖演讲集"",""chapter"":""054.20170121李敖飞页书屋演讲"",""path"":""《大李敖全集5.0》（wjm_tcy版）分章节/010.节目演讲类/011.李敖演讲集/054.20170121李敖飞页书屋演讲.txt"",""line"":256,""lines"":[256,258]},""crossReferences"":[],""dataFile"":""data/timeline-events-li-ao-yanjiangji.json""}"
"25585","2017","2017-01-21","2017年1月21日","day","confirmed","李敖在飞页书屋说《李敖有话说》七百多集影响大陆一代人","李敖说他在凤凰卫视做了七百多集《李敖有话说》，并借节目影响大陆一代人。","李敖","台北","李敖演讲集、演讲、飞页书屋、文星、晚年演讲、李敖有话说、凤凰卫视、大陆影响","演讲线、公共事件线","李敖演讲集、054.20170121李敖飞页书屋演讲、李敖有话说","","李敖演讲集","054.20170121李敖飞页书屋演讲","89","《大李敖全集5.0》（wjm_tcy版）分章节/010.节目演讲类/011.李敖演讲集/054.20170121李敖飞页书屋演讲.txt","","[]","data/timeline-events-li-ao-yanjiangji.json","li-ao-yanjiangji-054-says-youhuashuo-episodes-influenced-a-mainland-generation","{""id"":""li-ao-yanjiangji-054-says-youhuashuo-episodes-influenced-a-mainland-generation"",""date"":""2017-01-21"",""displayDate"":""2017年1月21日"",""datePrecision"":""day"",""title"":""李敖在飞页书屋说《李敖有话说》七百多集影响大陆一代人"",""summary"":""李敖说他在凤凰卫视做了七百多集《李敖有话说》，并借节目影响大陆一代人。"",""view"":[""演讲线"",""公共事件线""],""tags"":[""李敖演讲集"",""演讲"",""飞页书屋"",""文星"",""晚年演讲"",""李敖有话说"",""凤凰卫视"",""大陆影响""],""people"":[""李敖""],""places"":[""台北""],""works"":[""李敖演讲集"",""054.20170121李敖飞页书屋演讲"",""李敖有话说""],""certainty"":""confirmed"",""source"":{""book"":""李敖演讲集"",""chapter"":""054.20170121李敖飞页书屋演讲"",""path"":""《大李敖全集5.0》（wjm_tcy版）分章节/010.节目演讲类/011.李敖演讲集/054.20170121李敖飞页书屋演讲.txt"",""line"":89,""lines"":[89,91]},""crossReferences"":[],""dataFile"":""data/timeline-events-li-ao-yanjiangji.json""}"
"25586","2017","2017-01-21","2017年1月21日","day","confirmed","李敖在飞页书屋说大陆不能出他的书只有微博和网站能转弯","李敖说他的书现在在大陆不能出版，只能靠微博转弯；网络替代书籍，也统一了思想和谣言传播。","李敖","台北","李敖演讲集、演讲、飞页书屋、文星、晚年演讲、大陆出版、微博、网站、网络、禁书","演讲线、公共事件线","李敖演讲集、054.20170121李敖飞页书屋演讲","","李敖演讲集","054.20170121李敖飞页书屋演讲","93","《大李敖全集5.0》（wjm_tcy版）分章节/010.节目演讲类/011.李敖演讲集/054.20170121李敖飞页书屋演讲.txt","","[]","data/timeline-events-li-ao-yanjiangji.json","li-ao-yanjiangji-054-says-mainland-books-are-blocked-and-weibo-web-replaced-books","{""id"":""li-ao-yanjiangji-054-says-mainland-books-are-blocked-and-weibo-web-replaced-books"",""date"":""2017-01-21"",""displayDate"":""2017年1月21日"",""datePrecision"":""day"",""title"":""李敖在飞页书屋说大陆不能出他的书只有微博和网站能转弯"",""summary"":""李敖说他的书现在在大陆不能出版，只能靠微博转弯；网络替代书籍，也统一了思想和谣言传播。"",""view"":[""演讲线"",""公共事件线""],""tags"":[""李敖演讲集"",""演讲"",""飞页书屋"",""文星"",""晚年演讲"",""大陆出版"",""微博"",""网站"",""网络"",""禁书""],""people"":[""李敖""],""places"":[""台北""],""works"":[""李敖演讲集"",""054.20170121李敖飞页书屋演讲""],""certainty"":""confirmed"",""source"":{""book"":""李敖演讲集"",""chapter"":""054.20170121李敖飞页书屋演讲"",""path"":""《大李敖全集5.0》（wjm_tcy版）分章节/010.节目演讲类/011.李敖演讲集/054.20170121李敖飞页书屋演讲.txt"",""line"":93,""lines"":[93,95]},""crossReferences"":[],""dataFile"":""data/timeline-events-li-ao-yanjiangji.json""}"
"25587","2017","2017-01-21","2017年1月21日","day","confirmed","李敖在飞页书屋说大陆机场待他如国宾而台湾不是主人","李敖谈盗版和假书后说，美国像老板要台湾付钱，台湾不是主人、大陆只是客人；他在中华人民共和国机场曾被当作国宾接待，但大陆也看出他软硬不吃。","李敖","台北、美国、台湾、中国大陆","李敖演讲集、演讲、飞页书屋、文星、晚年演讲、大陆接待、台湾、美国、盗版、国宾","演讲线、公共事件线","李敖演讲集、054.20170121李敖飞页书屋演讲","","李敖演讲集","054.20170121李敖飞页书屋演讲","99","《大李敖全集5.0》（wjm_tcy版）分章节/010.节目演讲类/011.李敖演讲集/054.20170121李敖飞页书屋演讲.txt","","[]","data/timeline-events-li-ao-yanjiangji.json","li-ao-yanjiangji-054-compares-mainland-state-guest-treatment-with-taiwan-not-master","{""id"":""li-ao-yanjiangji-054-compares-mainland-state-guest-treatment-with-taiwan-not-master"",""date"":""2017-01-21"",""displayDate"":""2017年1月21日"",""datePrecision"":""day"",""title"":""李敖在飞页书屋说大陆机场待他如国宾而台湾不是主人"",""summary"":""李敖谈盗版和假书后说，美国像老板要台湾付钱，台湾不是主人、大陆只是客人；他在中华人民共和国机场曾被当作国宾接待，但大陆也看出他软硬不吃。"",""view"":[""演讲线"",""公共事件线""],""tags"":[""李敖演讲集"",""演讲"",""飞页书屋"",""文星"",""晚年演讲"",""大陆接待"",""台湾"",""美国"",""盗版"",""国宾""],""people"":[""李敖""],""places"":[""台北"",""美国"",""台湾"",""中国大陆""],""works"":[""李敖演讲集"",""054.20170121李敖飞页书屋演讲""],""certainty"":""confirmed"",""source"":{""book"":""李敖演讲集"",""chapter"":""054.20170121李敖飞页书屋演讲"",""path"":""《大李敖全集5.0》（wjm_tcy版）分章节/010.节目演讲类/011.李敖演讲集/054.20170121李敖飞页书屋演讲.txt"",""line"":99,""lines"":[99,101]},""crossReferences"":[],""dataFile"":""data/timeline-events-li-ao-yanjiangji.json""}"
"25588","2017","2017-01-21","2017年1月21日","day","confirmed","李敖在飞页书屋说不台独就不会统一且中华民国已死","李敖说只要没有台独，大陆不会急着统一，毛泽东、邓小平都可以等很久；同时中华民国已经死去，台湾剩下少数小邦交国和不可能完成的潜舰梦。","李敖、毛泽东、邓小平、蒋介石","台北","李敖演讲集、演讲、飞页书屋、文星、晚年演讲、台湾前途、台独、统一、中华民国、潜舰","演讲线、公共事件线","李敖演讲集、054.20170121李敖飞页书屋演讲","li-ao-yanjiangji-050-says-ideal-china-taiwan-relation-has-no-taiwan-problem、li-ao-yanjiangji-045-recalls-prison-toilet-reading-chiang-and-roc-demise","李敖演讲集","054.20170121李敖飞页书屋演讲","109","《大李敖全集5.0》（wjm_tcy版）分章节/010.节目演讲类/011.李敖演讲集/054.20170121李敖飞页书屋演讲.txt","","[]","data/timeline-events-li-ao-yanjiangji.json","li-ao-yanjiangji-054-says-no-unification-if-no-taiwan-independence-and-roc-is-dead","{""id"":""li-ao-yanjiangji-054-says-no-unification-if-no-taiwan-independence-and-roc-is-dead"",""date"":""2017-01-21"",""displayDate"":""2017年1月21日"",""datePrecision"":""day"",""title"":""李敖在飞页书屋说不台独就不会统一且中华民国已死"",""summary"":""李敖说只要没有台独，大陆不会急着统一，毛泽东、邓小平都可以等很久；同时中华民国已经死去，台湾剩下少数小邦交国和不可能完成的潜舰梦。"",""view"":[""演讲线"",""公共事件线""],""tags"":[""李敖演讲集"",""演讲"",""飞页书屋"",""文星"",""晚年演讲"",""台湾前途"",""台独"",""统一"",""中华民国"",""潜舰""],""people"":[""李敖"",""毛泽东"",""邓小平"",""蒋介石""],""places"":[""台北""],""works"":[""李敖演讲集"",""054.20170121李敖飞页书屋演讲""],""certainty"":""confirmed"",""source"":{""book"":""李敖演讲集"",""chapter"":""054.20170121李敖飞页书屋演讲"",""path"":""《大李敖全集5.0》（wjm_tcy版）分章节/010.节目演讲类/011.李敖演讲集/054.20170121李敖飞页书屋演讲.txt"",""line"":109,""lines"":[109,111,113,115,117]},""crossReferences"":[""li-ao-yanjiangji-050-says-ideal-china-taiwan-relation-has-no-taiwan-problem"",""li-ao-yanjiangji-045-recalls-prison-toilet-reading-chiang-and-roc-demise""],""dataFile"":""data/timeline-events-li-ao-yanjiangji.json""}"
"25589","2017","2017-01-21","2017年1月21日","day","confirmed","李敖在飞页书屋说仍要印纸本《李敖大全集》并做纸书最后一人","李敖承认纸本百科全书已经停止，却仍要印《李敖大全集》，从四十册冲到一百册，并自称可能是纸书的最后一个人。","李敖","台北","李敖演讲集、演讲、飞页书屋、文星、晚年演讲、李敖大全集、纸本书、出版、百科全书","演讲线、公共事件线","李敖演讲集、054.20170121李敖飞页书屋演讲、李敖大全集","","李敖演讲集","054.20170121李敖飞页书屋演讲","27","《大李敖全集5.0》（wjm_tcy版）分章节/010.节目演讲类/011.李敖演讲集/054.20170121李敖飞页书屋演讲.txt","","[]","data/timeline-events-li-ao-yanjiangji.json","li-ao-yanjiangji-054-insists-on-paper-complete-works-and-calls-himself-last-paper-book-man","{""id"":""li-ao-yanjiangji-054-insists-on-paper-complete-works-and-calls-himself-last-paper-book-man"",""date"":""2017-01-21"",""displayDate"":""2017年1月21日"",""datePrecision"":""day"",""title"":""李敖在飞页书屋说仍要印纸本《李敖大全集》并做纸书最后一人"",""summary"":""李敖承认纸本百科全书已经停止，却仍要印《李敖大全集》，从四十册冲到一百册，并自称可能是纸书的最后一个人。"",""view"":[""演讲线"",""公共事件线""],""tags"":[""李敖演讲集"",""演讲"",""飞页书屋"",""文星"",""晚年演讲"",""李敖大全集"",""纸本书"",""出版"",""百科全书""],""people"":[""李敖""],""places"":[""台北""],""works"":[""李敖演讲集"",""054.20170121李敖飞页书屋演讲"",""李敖大全集""],""certainty"":""confirmed"",""source"":{""book"":""李敖演讲集"",""chapter"":""054.20170121李敖飞页书屋演讲"",""path"":""《大李敖全集5.0》（wjm_tcy版）分章节/010.节目演讲类/011.李敖演讲集/054.20170121李敖飞页书屋演讲.txt"",""line"":27,""lines"":[27]},""crossReferences"":[],""dataFile"":""data/timeline-events-li-ao-yanjiangji.json""}"
"25590","2017","2017-01-21","2017年1月21日","day","confirmed","李敖在飞页书屋说台语闽南语没有可承载世界文学的文字系统","李敖与林衡哲争论台湾音乐文学时说，台语和闽南语没有成熟文字系统，不能等两千年出司马迁或三百年出《红楼梦》，用地方语言和英文竞争是浪费。","李敖、林衡哲、司马迁","台北","李敖演讲集、演讲、飞页书屋、文星、晚年演讲、台语、闽南语、台湾文学、文字系统、英文","演讲线、公共事件线","李敖演讲集、054.20170121李敖飞页书屋演讲、红楼梦","","李敖演讲集","054.20170121李敖飞页书屋演讲","150","《大李敖全集5.0》（wjm_tcy版）分章节/010.节目演讲类/011.李敖演讲集/054.20170121李敖飞页书屋演讲.txt","","[]","data/timeline-events-li-ao-yanjiangji.json","li-ao-yanjiangji-054-says-taiwanese-and-minnan-lack-writing-system-for-world-literature","{""id"":""li-ao-yanjiangji-054-says-taiwanese-and-minnan-lack-writing-system-for-world-literature"",""date"":""2017-01-21"",""displayDate"":""2017年1月21日"",""datePrecision"":""day"",""title"":""李敖在飞页书屋说台语闽南语没有可承载世界文学的文字系统"",""summary"":""李敖与林衡哲争论台湾音乐文学时说，台语和闽南语没有成熟文字系统，不能等两千年出司马迁或三百年出《红楼梦》，用地方语言和英文竞争是浪费。"",""view"":[""演讲线"",""公共事件线""],""tags"":[""李敖演讲集"",""演讲"",""飞页书屋"",""文星"",""晚年演讲"",""台语"",""闽南语"",""台湾文学"",""文字系统"",""英文""],""people"":[""李敖"",""林衡哲"",""司马迁""],""places"":[""台北""],""works"":[""李敖演讲集"",""054.20170121李敖飞页书屋演讲"",""红楼梦""],""certainty"":""confirmed"",""source"":{""book"":""李敖演讲集"",""chapter"":""054.20170121李敖飞页书屋演讲"",""path"":""《大李敖全集5.0》（wjm_tcy版）分章节/010.节目演讲类/011.李敖演讲集/054.20170121李敖飞页书屋演讲.txt"",""line"":150,""lines"":[150,152,154,156,158,160,162,164,166,168]},""crossReferences"":[],""dataFile"":""data/timeline-events-li-ao-yanjiangji.json""}"
"25591","2017","2017-01-21","2017年1月21日","day","confirmed","李敖在飞页书屋说台湾太小政府太大且蒋介石曾想省制安排","李敖说台湾地方太小而政府太大，蒋介石一九五〇年秘密谈话曾想把台湾做成省制安排；他又提到李远哲被找回做原子弹，后来却毁了教育改革。","李敖、蒋介石、李远哲","台北","李敖演讲集、演讲、飞页书屋、文星、晚年演讲、台湾、政府太大、蒋介石、李远哲、教育改革","演讲线、公共事件线","李敖演讲集、054.20170121李敖飞页书屋演讲","","李敖演讲集","054.20170121李敖飞页书屋演讲","177","《大李敖全集5.0》（wjm_tcy版）分章节/010.节目演讲类/011.李敖演讲集/054.20170121李敖飞页书屋演讲.txt","","[]","data/timeline-events-li-ao-yanjiangji.json","li-ao-yanjiangji-054-says-taiwan-is-tiny-with-government-too-big-and-chiang-wanted-provincial-setup","{""id"":""li-ao-yanjiangji-054-says-taiwan-is-tiny-with-government-too-big-and-chiang-wanted-provincial-setup"",""date"":""2017-01-21"",""displayDate"":""2017年1月21日"",""datePrecision"":""day"",""title"":""李敖在飞页书屋说台湾太小政府太大且蒋介石曾想省制安排"",""summary"":""李敖说台湾地方太小而政府太大，蒋介石一九五〇年秘密谈话曾想把台湾做成省制安排；他又提到李远哲被找回做原子弹，后来却毁了教育改革。"",""view"":[""演讲线"",""公共事件线""],""tags"":[""李敖演讲集"",""演讲"",""飞页书屋"",""文星"",""晚年演讲"",""台湾"",""政府太大"",""蒋介石"",""李远哲"",""教育改革""],""people"":[""李敖"",""蒋介石"",""李远哲""],""places"":[""台北""],""works"":[""李敖演讲集"",""054.20170121李敖飞页书屋演讲""],""certainty"":""confirmed"",""source"":{""book"":""李敖演讲集"",""chapter"":""054.20170121李敖飞页书屋演讲"",""path"":""《大李敖全集5.0》（wjm_tcy版）分章节/010.节目演讲类/011.李敖演讲集/054.20170121李敖飞页书屋演讲.txt"",""line"":177,""lines"":[177,179]},""crossReferences"":[],""dataFile"":""data/timeline-events-li-ao-yanjiangji.json""}"
"25592","2017","2017-01-21","2017年1月21日","day","confirmed","李敖在飞页书屋说台湾买武器没有未来而《台湾关系法》只会严重关切","李敖说台湾没有未来，只会买武器被美国卖；《台湾关系法》不会真正保护台湾，只会表达严重关切。","李敖","台北","李敖演讲集、演讲、飞页书屋、文星、晚年演讲、台湾前途、军购、台湾关系法、美国","演讲线、公共事件线","李敖演讲集、054.20170121李敖飞页书屋演讲、台湾关系法","li-ao-yanjiangji-044-says-tra-provides-not-sells-weapons-and-us-will-not-rescue-taiwan","李敖演讲集","054.20170121李敖飞页书屋演讲","105","《大李敖全集5.0》（wjm_tcy版）分章节/010.节目演讲类/011.李敖演讲集/054.20170121李敖飞页书屋演讲.txt","","[]","data/timeline-events-li-ao-yanjiangji.json","li-ao-yanjiangji-054-says-taiwan-has-no-future-and-tra-only-serious-concern","{""id"":""li-ao-yanjiangji-054-says-taiwan-has-no-future-and-tra-only-serious-concern"",""date"":""2017-01-21"",""displayDate"":""2017年1月21日"",""datePrecision"":""day"",""title"":""李敖在飞页书屋说台湾买武器没有未来而《台湾关系法》只会严重关切"",""summary"":""李敖说台湾没有未来，只会买武器被美国卖；《台湾关系法》不会真正保护台湾，只会表达严重关切。"",""view"":[""演讲线"",""公共事件线""],""tags"":[""李敖演讲集"",""演讲"",""飞页书屋"",""文星"",""晚年演讲"",""台湾前途"",""军购"",""台湾关系法"",""美国""],""people"":[""李敖""],""places"":[""台北""],""works"":[""李敖演讲集"",""054.20170121李敖飞页书屋演讲"",""台湾关系法""],""certainty"":""confirmed"",""source"":{""book"":""李敖演讲集"",""chapter"":""054.20170121李敖飞页书屋演讲"",""path"":""《大李敖全集5.0》（wjm_tcy版）分章节/010.节目演讲类/011.李敖演讲集/054.20170121李敖飞页书屋演讲.txt"",""line"":105,""lines"":[105,107]},""crossReferences"":[""li-ao-yanjiangji-044-says-tra-provides-not-sells-weapons-and-us-will-not-rescue-taiwan""],""dataFile"":""data/timeline-events-li-ao-yanjiangji.json""}"
"25593","2017","2017-01-21","2017年1月21日","day","confirmed","李敖在飞页书屋说台湾若真好早该出世界级人物而手机耗尽青年原创力","李敖说台湾若真有条件，世界级人物早该出现，出国后成名的人不算本土结果；他又说手机耗尽年轻人的时间、精力、注意力和原创性。","李敖","台北","李敖演讲集、演讲、飞页书屋、文星、晚年演讲、台湾人才、世界级人物、手机、原创性、青年","演讲线、公共事件线","李敖演讲集、054.20170121李敖飞页书屋演讲","","李敖演讲集","054.20170121李敖飞页书屋演讲","268","《大李敖全集5.0》（wjm_tcy版）分章节/010.节目演讲类/011.李敖演讲集/054.20170121李敖飞页书屋演讲.txt","","[]","data/timeline-events-li-ao-yanjiangji.json","li-ao-yanjiangji-054-says-no-world-class-taiwan-person-has-appeared-and-phones-kill-originality","{""id"":""li-ao-yanjiangji-054-says-no-world-class-taiwan-person-has-appeared-and-phones-kill-originality"",""date"":""2017-01-21"",""displayDate"":""2017年1月21日"",""datePrecision"":""day"",""title"":""李敖在飞页书屋说台湾若真好早该出世界级人物而手机耗尽青年原创力"",""summary"":""李敖说台湾若真有条件，世界级人物早该出现，出国后成名的人不算本土结果；他又说手机耗尽年轻人的时间、精力、注意力和原创性。"",""view"":[""演讲线"",""公共事件线""],""tags"":[""李敖演讲集"",""演讲"",""飞页书屋"",""文星"",""晚年演讲"",""台湾人才"",""世界级人物"",""手机"",""原创性"",""青年""],""people"":[""李敖""],""places"":[""台北""],""works"":[""李敖演讲集"",""054.20170121李敖飞页书屋演讲""],""certainty"":""confirmed"",""source"":{""book"":""李敖演讲集"",""chapter"":""054.20170121李敖飞页书屋演讲"",""path"":""《大李敖全集5.0》（wjm_tcy版）分章节/010.节目演讲类/011.李敖演讲集/054.20170121李敖飞页书屋演讲.txt"",""line"":268,""lines"":[268,270,272,274,276,278,280,282,284]},""crossReferences"":[],""dataFile"":""data/timeline-events-li-ao-yanjiangji.json""}"
"25594","2017","2017-01-21","2017年1月21日","day","confirmed","李敖在飞页书屋说死后捐遗体给台大医院且并不忧伤","李敖说自己大约三年后会死，遗体捐给台大医院，并不因此忧伤；蔡同荣已死，石齐平也不能如常，他以同辈衰老对照自己。","李敖、蔡同荣、石齐平","台北、台大医院","李敖演讲集、演讲、飞页书屋、文星、晚年演讲、遗体捐赠、台大医院、晚年、蔡同荣、石齐平","演讲线、公共事件线","李敖演讲集、054.20170121李敖飞页书屋演讲","li-ao-yanjiangji-041-repeats-body-donation-to-ntu-without-epitaph","李敖演讲集","054.20170121李敖飞页书屋演讲","55","《大李敖全集5.0》（wjm_tcy版）分章节/010.节目演讲类/011.李敖演讲集/054.20170121李敖飞页书屋演讲.txt","","[]","data/timeline-events-li-ao-yanjiangji.json","li-ao-yanjiangji-054-donates-body-to-ntu-hospital-without-melancholy","{""id"":""li-ao-yanjiangji-054-donates-body-to-ntu-hospital-without-melancholy"",""date"":""2017-01-21"",""displayDate"":""2017年1月21日"",""datePrecision"":""day"",""title"":""李敖在飞页书屋说死后捐遗体给台大医院且并不忧伤"",""summary"":""李敖说自己大约三年后会死，遗体捐给台大医院，并不因此忧伤；蔡同荣已死，石齐平也不能如常，他以同辈衰老对照自己。"",""view"":[""演讲线"",""公共事件线""],""tags"":[""李敖演讲集"",""演讲"",""飞页书屋"",""文星"",""晚年演讲"",""遗体捐赠"",""台大医院"",""晚年"",""蔡同荣"",""石齐平""],""people"":[""李敖"",""蔡同荣"",""石齐平""],""places"":[""台北"",""台大医院""],""works"":[""李敖演讲集"",""054.20170121李敖飞页书屋演讲""],""certainty"":""confirmed"",""source"":{""book"":""李敖演讲集"",""chapter"":""054.20170121李敖飞页书屋演讲"",""path"":""《大李敖全集5.0》（wjm_tcy版）分章节/010.节目演讲类/011.李敖演讲集/054.20170121李敖飞页书屋演讲.txt"",""line"":55,""lines"":[55]},""crossReferences"":[""li-ao-yanjiangji-041-repeats-body-donation-to-ntu-without-epitaph""],""dataFile"":""data/timeline-events-li-ao-yanjiangji.json""}"
"25595","2017","2017-01-21","2017年1月21日","day","confirmed","李敖在飞页书屋说网红与网络传播会统一思想却不能制造原创","李敖回应林衡哲仍做出版时说那还是沈登恩式想法；网络和网红不一定好，网络容易统一思想，却不会制造贝多芬式原创。","李敖、林衡哲、沈登恩、贝多芬","台北","李敖演讲集、演讲、飞页书屋、文星、晚年演讲、出版、网络、网红、原创性、贝多芬","演讲线、公共事件线","李敖演讲集、054.20170121李敖飞页书屋演讲","","李敖演讲集","054.20170121李敖飞页书屋演讲","191","《大李敖全集5.0》（wjm_tcy版）分章节/010.节目演讲类/011.李敖演讲集/054.20170121李敖飞页书屋演讲.txt","","[]","data/timeline-events-li-ao-yanjiangji.json","li-ao-yanjiangji-054-says-net-celebrity-and-web-unify-thought-but-do-not-create-originality","{""id"":""li-ao-yanjiangji-054-says-net-celebrity-and-web-unify-thought-but-do-not-create-originality"",""date"":""2017-01-21"",""displayDate"":""2017年1月21日"",""datePrecision"":""day"",""title"":""李敖在飞页书屋说网红与网络传播会统一思想却不能制造原创"",""summary"":""李敖回应林衡哲仍做出版时说那还是沈登恩式想法；网络和网红不一定好，网络容易统一思想，却不会制造贝多芬式原创。"",""view"":[""演讲线"",""公共事件线""],""tags"":[""李敖演讲集"",""演讲"",""飞页书屋"",""文星"",""晚年演讲"",""出版"",""网络"",""网红"",""原创性"",""贝多芬""],""people"":[""李敖"",""林衡哲"",""沈登恩"",""贝多芬""],""places"":[""台北""],""works"":[""李敖演讲集"",""054.20170121李敖飞页书屋演讲""],""certainty"":""confirmed"",""source"":{""book"":""李敖演讲集"",""chapter"":""054.20170121李敖飞页书屋演讲"",""path"":""《大李敖全集5.0》（wjm_tcy版）分章节/010.节目演讲类/011.李敖演讲集/054.20170121李敖飞页书屋演讲.txt"",""line"":191,""lines"":[191,193,195]},""crossReferences"":[],""dataFile"":""data/timeline-events-li-ao-yanjiangji.json""}"
"25596","2017","2017-01-21","2017年1月21日","day","confirmed","李敖在飞页书屋说自己不会台语也可做台湾王并最恨国民党","李敖回答大陆是否能出他的书时说，他是统派却因台独案坐牢，台湾没有真正台独；他又说自己不会台语也可以做台湾王，最恨国民党，因为青春被它浪费。","李敖","台北","李敖演讲集、演讲、飞页书屋、文星、晚年演讲、统派、台独案、国民党、青春、台湾王","演讲线、公共事件线","李敖演讲集、054.20170121李敖飞页书屋演讲","","李敖演讲集","054.20170121李敖飞页书屋演讲","71","《大李敖全集5.0》（wjm_tcy版）分章节/010.节目演讲类/011.李敖演讲集/054.20170121李敖飞页书屋演讲.txt","","[]","data/timeline-events-li-ao-yanjiangji.json","li-ao-yanjiangji-054-says-he-can-be-taiwan-king-while-hating-kmt-most","{""id"":""li-ao-yanjiangji-054-says-he-can-be-taiwan-king-while-hating-kmt-most"",""date"":""2017-01-21"",""displayDate"":""2017年1月21日"",""datePrecision"":""day"",""title"":""李敖在飞页书屋说自己不会台语也可做台湾王并最恨国民党"",""summary"":""李敖回答大陆是否能出他的书时说，他是统派却因台独案坐牢，台湾没有真正台独；他又说自己不会台语也可以做台湾王，最恨国民党，因为青春被它浪费。"",""view"":[""演讲线"",""公共事件线""],""tags"":[""李敖演讲集"",""演讲"",""飞页书屋"",""文星"",""晚年演讲"",""统派"",""台独案"",""国民党"",""青春"",""台湾王""],""people"":[""李敖""],""places"":[""台北""],""works"":[""李敖演讲集"",""054.20170121李敖飞页书屋演讲""],""certainty"":""confirmed"",""source"":{""book"":""李敖演讲集"",""chapter"":""054.20170121李敖飞页书屋演讲"",""path"":""《大李敖全集5.0》（wjm_tcy版）分章节/010.节目演讲类/011.李敖演讲集/054.20170121李敖飞页书屋演讲.txt"",""line"":71,""lines"":[71,73,75,77]},""crossReferences"":[],""dataFile"":""data/timeline-events-li-ao-yanjiangji.json""}"
"25597","2017","2017-01-21","2017年1月21日","day","confirmed","李敖在飞页书屋说自己仍每天写两三千字记录不服从的独立道路","李敖说自己仍每天写两三千字，既不依附台湾也不依附大陆，而是记录一个不投降的独立方向。","李敖","台北","李敖演讲集、演讲、飞页书屋、文星、晚年演讲、每日写作、独立道路、不服从、晚年写作","演讲线、公共事件线","李敖演讲集、054.20170121李敖飞页书屋演讲","","李敖演讲集","054.20170121李敖飞页书屋演讲","264","《大李敖全集5.0》（wjm_tcy版）分章节/010.节目演讲类/011.李敖演讲集/054.20170121李敖飞页书屋演讲.txt","","[]","data/timeline-events-li-ao-yanjiangji.json","li-ao-yanjiangji-054-says-he-still-writes-daily-and-records-an-independent-path","{""id"":""li-ao-yanjiangji-054-says-he-still-writes-daily-and-records-an-independent-path"",""date"":""2017-01-21"",""displayDate"":""2017年1月21日"",""datePrecision"":""day"",""title"":""李敖在飞页书屋说自己仍每天写两三千字记录不服从的独立道路"",""summary"":""李敖说自己仍每天写两三千字，既不依附台湾也不依附大陆，而是记录一个不投降的独立方向。"",""view"":[""演讲线"",""公共事件线""],""tags"":[""李敖演讲集"",""演讲"",""飞页书屋"",""文星"",""晚年演讲"",""每日写作"",""独立道路"",""不服从"",""晚年写作""],""people"":[""李敖""],""places"":[""台北""],""works"":[""李敖演讲集"",""054.20170121李敖飞页书屋演讲""],""certainty"":""confirmed"",""source"":{""book"":""李敖演讲集"",""chapter"":""054.20170121李敖飞页书屋演讲"",""path"":""《大李敖全集5.0》（wjm_tcy版）分章节/010.节目演讲类/011.李敖演讲集/054.20170121李敖飞页书屋演讲.txt"",""line"":264,""lines"":[264]},""crossReferences"":[],""dataFile"":""data/timeline-events-li-ao-yanjiangji.json""}"
"25598","2017","2017-01-21","2017年1月21日","day","confirmed","李敖在飞页书屋说自己在台湾六十八年看见整套骗局并希望新一代逃出去","李敖说他在台湾住了六十八年，看到整套东西都是骗局；他希望新一代能够逃出去，这不是因为不爱台湾，而是因为不能被困在骗局里。","李敖","台北","李敖演讲集、演讲、飞页书屋、文星、晚年演讲、台湾、六十八年、骗局、新一代、逃出去","演讲线、公共事件线","李敖演讲集、054.20170121李敖飞页书屋演讲","","李敖演讲集","054.20170121李敖飞页书屋演讲","258","《大李敖全集5.0》（wjm_tcy版）分章节/010.节目演讲类/011.李敖演讲集/054.20170121李敖飞页书屋演讲.txt","","[]","data/timeline-events-li-ao-yanjiangji.json","li-ao-yanjiangji-054-calls-sixty-eight-years-in-taiwan-a-scam-yet-hopes-next-generation-escapes","{""id"":""li-ao-yanjiangji-054-calls-sixty-eight-years-in-taiwan-a-scam-yet-hopes-next-generation-escapes"",""date"":""2017-01-21"",""displayDate"":""2017年1月21日"",""datePrecision"":""day"",""title"":""李敖在飞页书屋说自己在台湾六十八年看见整套骗局并希望新一代逃出去"",""summary"":""李敖说他在台湾住了六十八年，看到整套东西都是骗局；他希望新一代能够逃出去，这不是因为不爱台湾，而是因为不能被困在骗局里。"",""view"":[""演讲线"",""公共事件线""],""tags"":[""李敖演讲集"",""演讲"",""飞页书屋"",""文星"",""晚年演讲"",""台湾"",""六十八年"",""骗局"",""新一代"",""逃出去""],""people"":[""李敖""],""places"":[""台北""],""works"":[""李敖演讲集"",""054.20170121李敖飞页书屋演讲""],""certainty"":""confirmed"",""source"":{""book"":""李敖演讲集"",""chapter"":""054.20170121李敖飞页书屋演讲"",""path"":""《大李敖全集5.0》（wjm_tcy版）分章节/010.节目演讲类/011.李敖演讲集/054.20170121李敖飞页书屋演讲.txt"",""line"":258,""lines"":[258]},""crossReferences"":[],""dataFile"":""data/timeline-events-li-ao-yanjiangji.json""}"
"25599","2017","2017-01-21","2017年1月21日","day","confirmed","李敖在飞页书屋说自己能活下去靠古董鉴定赚钱和妻子理财","李敖说自己能继续存在是因为有钱，而钱来自古董鉴定能力和妻子理财；大陆七位专家曾认定他是第一流鉴定者。","李敖","台北","李敖演讲集、演讲、飞页书屋、文星、晚年演讲、财富、古董鉴定、理财、妻子","演讲线、公共事件线","李敖演讲集、054.20170121李敖飞页书屋演讲","","李敖演讲集","054.20170121李敖飞页书屋演讲","57","《大李敖全集5.0》（wjm_tcy版）分章节/010.节目演讲类/011.李敖演讲集/054.20170121李敖飞页书屋演讲.txt","","[]","data/timeline-events-li-ao-yanjiangji.json","li-ao-yanjiangji-054-explains-wealth-through-antique-appraisal-and-wife-finance","{""id"":""li-ao-yanjiangji-054-explains-wealth-through-antique-appraisal-and-wife-finance"",""date"":""2017-01-21"",""displayDate"":""2017年1月21日"",""datePrecision"":""day"",""title"":""李敖在飞页书屋说自己能活下去靠古董鉴定赚钱和妻子理财"",""summary"":""李敖说自己能继续存在是因为有钱，而钱来自古董鉴定能力和妻子理财；大陆七位专家曾认定他是第一流鉴定者。"",""view"":[""演讲线"",""公共事件线""],""tags"":[""李敖演讲集"",""演讲"",""飞页书屋"",""文星"",""晚年演讲"",""财富"",""古董鉴定"",""理财"",""妻子""],""people"":[""李敖""],""places"":[""台北""],""works"":[""李敖演讲集"",""054.20170121李敖飞页书屋演讲""],""certainty"":""confirmed"",""source"":{""book"":""李敖演讲集"",""chapter"":""054.20170121李敖飞页书屋演讲"",""path"":""《大李敖全集5.0》（wjm_tcy版）分章节/010.节目演讲类/011.李敖演讲集/054.20170121李敖飞页书屋演讲.txt"",""line"":57,""lines"":[57]},""crossReferences"":[],""dataFile"":""data/timeline-events-li-ao-yanjiangji.json""}"
"25600","2017","2017-01-21","2017年1月21日","day","confirmed","李敖在飞页书屋说自救宣言五十年纪念不请谢聪敏是不对的","李敖说谢聪敏对自救宣言五十年纪念没有邀请原起草人非常生气，彭明敏后来投降且有悔过书，而他这个外省人也因台独案坐牢。","李敖、谢聪敏、彭明敏","台北","李敖演讲集、演讲、飞页书屋、文星、晚年演讲、谢聪敏、台湾自救宣言、彭明敏、台独案","演讲线、公共事件线","李敖演讲集、054.20170121李敖飞页书屋演讲","","李敖演讲集","054.20170121李敖飞页书屋演讲","57","《大李敖全集5.0》（wjm_tcy版）分章节/010.节目演讲类/011.李敖演讲集/054.20170121李敖飞页书屋演讲.txt","","[]","data/timeline-events-li-ao-yanjiangji.json","li-ao-yanjiangji-054-says-self-rescue-declaration-commemoration-should-invite-xie-congmin","{""id"":""li-ao-yanjiangji-054-says-self-rescue-declaration-commemoration-should-invite-xie-congmin"",""date"":""2017-01-21"",""displayDate"":""2017年1月21日"",""datePrecision"":""day"",""title"":""李敖在飞页书屋说自救宣言五十年纪念不请谢聪敏是不对的"",""summary"":""李敖说谢聪敏对自救宣言五十年纪念没有邀请原起草人非常生气，彭明敏后来投降且有悔过书，而他这个外省人也因台独案坐牢。"",""view"":[""演讲线"",""公共事件线""],""tags"":[""李敖演讲集"",""演讲"",""飞页书屋"",""文星"",""晚年演讲"",""谢聪敏"",""台湾自救宣言"",""彭明敏"",""台独案""],""people"":[""李敖"",""谢聪敏"",""彭明敏""],""places"":[""台北""],""works"":[""李敖演讲集"",""054.20170121李敖飞页书屋演讲""],""certainty"":""confirmed"",""source"":{""book"":""李敖演讲集"",""chapter"":""054.20170121李敖飞页书屋演讲"",""path"":""《大李敖全集5.0》（wjm_tcy版）分章节/010.节目演讲类/011.李敖演讲集/054.20170121李敖飞页书屋演讲.txt"",""line"":57,""lines"":[57,58]},""crossReferences"":[],""dataFile"":""data/timeline-events-li-ao-yanjiangji.json""}"
"25601","2017","2017-01-21","2017年1月21日","day","confirmed","李敖在飞页书屋说没有台湾文学并以自己在台六十八年作证","李敖说林衡哲所谓小绕路就是台湾文学，但他认为没有台湾文学，因为中文根基太弱；自己在台湾六十八年，是证明许多台湾叙述作假的见证者。","李敖、林衡哲","台北","李敖演讲集、演讲、飞页书屋、文星、晚年演讲、台湾文学、中文根基、林衡哲、见证人","演讲线、公共事件线","李敖演讲集、054.20170121李敖飞页书屋演讲","","李敖演讲集","054.20170121李敖飞页书屋演讲","37","《大李敖全集5.0》（wjm_tcy版）分章节/010.节目演讲类/011.李敖演讲集/054.20170121李敖飞页书屋演讲.txt","","[]","data/timeline-events-li-ao-yanjiangji.json","li-ao-yanjiangji-054-declares-no-taiwan-literature-and-uses-himself-as-sixty-eight-year-witness","{""id"":""li-ao-yanjiangji-054-declares-no-taiwan-literature-and-uses-himself-as-sixty-eight-year-witness"",""date"":""2017-01-21"",""displayDate"":""2017年1月21日"",""datePrecision"":""day"",""title"":""李敖在飞页书屋说没有台湾文学并以自己在台六十八年作证"",""summary"":""李敖说林衡哲所谓小绕路就是台湾文学，但他认为没有台湾文学，因为中文根基太弱；自己在台湾六十八年，是证明许多台湾叙述作假的见证者。"",""view"":[""演讲线"",""公共事件线""],""tags"":[""李敖演讲集"",""演讲"",""飞页书屋"",""文星"",""晚年演讲"",""台湾文学"",""中文根基"",""林衡哲"",""见证人""],""people"":[""李敖"",""林衡哲""],""places"":[""台北""],""works"":[""李敖演讲集"",""054.20170121李敖飞页书屋演讲""],""certainty"":""confirmed"",""source"":{""book"":""李敖演讲集"",""chapter"":""054.20170121李敖飞页书屋演讲"",""path"":""《大李敖全集5.0》（wjm_tcy版）分章节/010.节目演讲类/011.李敖演讲集/054.20170121李敖飞页书屋演讲.txt"",""line"":37,""lines"":[37,39]},""crossReferences"":[],""dataFile"":""data/timeline-events-li-ao-yanjiangji.json""}"
"25602","2017","2017-01-21","2017年1月21日","day","confirmed","李敖在飞页书屋说简体字不只是共产党产物并批台湾中文火星化","李敖说自己不是拥护简体字，但简体字并非共产党独创，宋代已有简化形；大陆读者读他是因为他写得好，而台湾文字越来越坏、火星化。","李敖","台北","李敖演讲集、演讲、飞页书屋、文星、晚年演讲、简体字、中文写作、火星文、宋代","演讲线、公共事件线","李敖演讲集、054.20170121李敖飞页书屋演讲","li-ao-yanjiangji-045-says-traditional-and-simplified-characters-can-coexist","李敖演讲集","054.20170121李敖飞页书屋演讲","172","《大李敖全集5.0》（wjm_tcy版）分章节/010.节目演讲类/011.李敖演讲集/054.20170121李敖飞页书屋演讲.txt","","[]","data/timeline-events-li-ao-yanjiangji.json","li-ao-yanjiangji-054-defends-simplified-characters-as-not-only-ccp-and-attacks-fire-star-writing","{""id"":""li-ao-yanjiangji-054-defends-simplified-characters-as-not-only-ccp-and-attacks-fire-star-writing"",""date"":""2017-01-21"",""displayDate"":""2017年1月21日"",""datePrecision"":""day"",""title"":""李敖在飞页书屋说简体字不只是共产党产物并批台湾中文火星化"",""summary"":""李敖说自己不是拥护简体字，但简体字并非共产党独创，宋代已有简化形；大陆读者读他是因为他写得好，而台湾文字越来越坏、火星化。"",""view"":[""演讲线"",""公共事件线""],""tags"":[""李敖演讲集"",""演讲"",""飞页书屋"",""文星"",""晚年演讲"",""简体字"",""中文写作"",""火星文"",""宋代""],""people"":[""李敖""],""places"":[""台北""],""works"":[""李敖演讲集"",""054.20170121李敖飞页书屋演讲""],""certainty"":""confirmed"",""source"":{""book"":""李敖演讲集"",""chapter"":""054.20170121李敖飞页书屋演讲"",""path"":""《大李敖全集5.0》（wjm_tcy版）分章节/010.节目演讲类/011.李敖演讲集/054.20170121李敖飞页书屋演讲.txt"",""line"":172,""lines"":[172,174,176,178]},""crossReferences"":[""li-ao-yanjiangji-045-says-traditional-and-simplified-characters-can-coexist""],""dataFile"":""data/timeline-events-li-ao-yanjiangji.json""}"
"25603","2017","2017-01-21","2017年1月21日","day","confirmed","李敖在飞页书屋重申郑南榕不是自焚并说郑刊经费来自他","李敖说郑南榕不是自焚，郑的杂志钱是他给的；他又说自己即使被压制，微博仍有一千万读者。","李敖、郑南榕","台北","李敖演讲集、演讲、飞页书屋、文星、晚年演讲、郑南榕、自焚、杂志经费、微博","演讲线、公共事件线","李敖演讲集、054.20170121李敖飞页书屋演讲","","李敖演讲集","054.20170121李敖飞页书屋演讲","37","《大李敖全集5.0》（wjm_tcy版）分章节/010.节目演讲类/011.李敖演讲集/054.20170121李敖飞页书屋演讲.txt","","[]","data/timeline-events-li-ao-yanjiangji.json","li-ao-yanjiangji-054-repeats-cheng-nan-jung-death-and-magazine-funding-claim-with-weibo-readers","{""id"":""li-ao-yanjiangji-054-repeats-cheng-nan-jung-death-and-magazine-funding-claim-with-weibo-readers"",""date"":""2017-01-21"",""displayDate"":""2017年1月21日"",""datePrecision"":""day"",""title"":""李敖在飞页书屋重申郑南榕不是自焚并说郑刊经费来自他"",""summary"":""李敖说郑南榕不是自焚，郑的杂志钱是他给的；他又说自己即使被压制，微博仍有一千万读者。"",""view"":[""演讲线"",""公共事件线""],""tags"":[""李敖演讲集"",""演讲"",""飞页书屋"",""文星"",""晚年演讲"",""郑南榕"",""自焚"",""杂志经费"",""微博""],""people"":[""李敖"",""郑南榕""],""places"":[""台北""],""works"":[""李敖演讲集"",""054.20170121李敖飞页书屋演讲""],""certainty"":""confirmed"",""source"":{""book"":""李敖演讲集"",""chapter"":""054.20170121李敖飞页书屋演讲"",""path"":""《大李敖全集5.0》（wjm_tcy版）分章节/010.节目演讲类/011.李敖演讲集/054.20170121李敖飞页书屋演讲.txt"",""line"":37,""lines"":[37,39,41]},""crossReferences"":[],""dataFile"":""data/timeline-events-li-ao-yanjiangji.json""}"
"25604","2017","2017-01-21","2017年1月21日","day","confirmed","李敖在飞页书屋谈彭明敏谢聪敏吴澧培争议并说现只剩一个官司","李敖说彭明敏纪念应请谢聪敏，吴澧培被插成第四人，他正在告吴；自己当前只有一个官司，而在立法院时曾有二百二十四名被告。","李敖、彭明敏、谢聪敏、吴澧培","台北","李敖演讲集、演讲、飞页书屋、文星、晚年演讲、彭明敏、谢聪敏、吴澧培、诉讼、立法院","演讲线、公共事件线","李敖演讲集、054.20170121李敖飞页书屋演讲","","李敖演讲集","054.20170121李敖飞页书屋演讲","206","《大李敖全集5.0》（wjm_tcy版）分章节/010.节目演讲类/011.李敖演讲集/054.20170121李敖飞页书屋演讲.txt","","[]","data/timeline-events-li-ao-yanjiangji.json","li-ao-yanjiangji-054-mentions-peng-xie-wu-lipei-lawsuit-and-once-sued-224-legislators","{""id"":""li-ao-yanjiangji-054-mentions-peng-xie-wu-lipei-lawsuit-and-once-sued-224-legislators"",""date"":""2017-01-21"",""displayDate"":""2017年1月21日"",""datePrecision"":""day"",""title"":""李敖在飞页书屋谈彭明敏谢聪敏吴澧培争议并说现只剩一个官司"",""summary"":""李敖说彭明敏纪念应请谢聪敏，吴澧培被插成第四人，他正在告吴；自己当前只有一个官司，而在立法院时曾有二百二十四名被告。"",""view"":[""演讲线"",""公共事件线""],""tags"":[""李敖演讲集"",""演讲"",""飞页书屋"",""文星"",""晚年演讲"",""彭明敏"",""谢聪敏"",""吴澧培"",""诉讼"",""立法院""],""people"":[""李敖"",""彭明敏"",""谢聪敏"",""吴澧培""],""places"":[""台北""],""works"":[""李敖演讲集"",""054.20170121李敖飞页书屋演讲""],""certainty"":""confirmed"",""source"":{""book"":""李敖演讲集"",""chapter"":""054.20170121李敖飞页书屋演讲"",""path"":""《大李敖全集5.0》（wjm_tcy版）分章节/010.节目演讲类/011.李敖演讲集/054.20170121李敖飞页书屋演讲.txt"",""line"":206,""lines"":[206,208,210]},""crossReferences"":[],""dataFile"":""data/timeline-events-li-ao-yanjiangji.json""}"
"25605","2017","2017-01-21","2017年1月21日","day","confirmed","李敖在飞页书屋清点反蒋反党著作并说北大演讲给知识分子面子","李敖说自己写过七本反蒋介石、两本反蒋经国、一本反宋美龄、两本反国民党和一本反民进党的书；按理应饿死却活下来，北大演讲还给知识分子争了面子。","李敖、蒋介石、蒋经国、宋美龄","台北、北京大学","李敖演讲集、演讲、飞页书屋、文星、晚年演讲、反蒋、反国民党、北大演讲、知识分子","演讲线、公共事件线","李敖演讲集、054.20170121李敖飞页书屋演讲","","李敖演讲集","054.20170121李敖飞页书屋演讲","61","《大李敖全集5.0》（wjm_tcy版）分章节/010.节目演讲类/011.李敖演讲集/054.20170121李敖飞页书屋演讲.txt","","[]","data/timeline-events-li-ao-yanjiangji.json","li-ao-yanjiangji-054-summarizes-anti-chiang-books-and-pku-speech-face","{""id"":""li-ao-yanjiangji-054-summarizes-anti-chiang-books-and-pku-speech-face"",""date"":""2017-01-21"",""displayDate"":""2017年1月21日"",""datePrecision"":""day"",""title"":""李敖在飞页书屋清点反蒋反党著作并说北大演讲给知识分子面子"",""summary"":""李敖说自己写过七本反蒋介石、两本反蒋经国、一本反宋美龄、两本反国民党和一本反民进党的书；按理应饿死却活下来，北大演讲还给知识分子争了面子。"",""view"":[""演讲线"",""公共事件线""],""tags"":[""李敖演讲集"",""演讲"",""飞页书屋"",""文星"",""晚年演讲"",""反蒋"",""反国民党"",""北大演讲"",""知识分子""],""people"":[""李敖"",""蒋介石"",""蒋经国"",""宋美龄""],""places"":[""台北"",""北京大学""],""works"":[""李敖演讲集"",""054.20170121李敖飞页书屋演讲""],""certainty"":""confirmed"",""source"":{""book"":""李敖演讲集"",""chapter"":""054.20170121李敖飞页书屋演讲"",""path"":""《大李敖全集5.0》（wjm_tcy版）分章节/010.节目演讲类/011.李敖演讲集/054.20170121李敖飞页书屋演讲.txt"",""line"":61,""lines"":[61,63]},""crossReferences"":[],""dataFile"":""data/timeline-events-li-ao-yanjiangji.json""}"
"25606","2017","2017-01-27","2017年1月27日星期五","day","confirmed","李敖记录父亲遗留三份文件，并说已把北京大学毕业证书送给北大校史馆","《2017年1月》写，李敖列出父亲李鼎彝遗留的三份文件：1926年北京大学毕业证书、北大毕业后吉林大学聘书、马占山将军敌后抗日任命状，并补充自己已把北京大学毕业证书送给北大校史馆。这条保留晚年书房/家族档案的去向线索。","李敖、李鼎彝、马占山、吴焕章","北京大学、北大校史馆、吉林大学","李鼎彝、北京大学、北大校史馆、家族档案、马占山","家族线、书房线、晚年线","虽千万人，李敖往矣","","虽千万人，李敖往矣","050.2017年1月","109","《大李敖全集5.0》（wjm_tcy版）分章节/005.诗集语录类/005.虽千万人，李敖往矣/050.2017年1月.txt","","[]","data/timeline-events-sui-qianwan-li-ao-wangyi.json","sui-qianwan-2017-01-27-records-fathers-documents-and-beida-diploma-donation","{""id"":""sui-qianwan-2017-01-27-records-fathers-documents-and-beida-diploma-donation"",""date"":""2017-01-27"",""displayDate"":""2017年1月27日星期五"",""datePrecision"":""day"",""title"":""李敖记录父亲遗留三份文件，并说已把北京大学毕业证书送给北大校史馆"",""summary"":""《2017年1月》写，李敖列出父亲李鼎彝遗留的三份文件：1926年北京大学毕业证书、北大毕业后吉林大学聘书、马占山将军敌后抗日任命状，并补充自己已把北京大学毕业证书送给北大校史馆。这条保留晚年书房/家族档案的去向线索。"",""view"":[""家族线"",""书房线"",""晚年线""],""tags"":[""李鼎彝"",""北京大学"",""北大校史馆"",""家族档案"",""马占山""],""people"":[""李敖"",""李鼎彝"",""马占山"",""吴焕章""],""places"":[""北京大学"",""北大校史馆"",""吉林大学""],""works"":[""虽千万人，李敖往矣""],""certainty"":""confirmed"",""source"":{""book"":""虽千万人，李敖往矣"",""chapter"":""050.2017年1月"",""path"":""《大李敖全集5.0》（wjm_tcy版）分章节/005.诗集语录类/005.虽千万人，李敖往矣/050.2017年1月.txt"",""line"":109},""dataFile"":""data/timeline-events-sui-qianwan-li-ao-wangyi.json""}"
"25607","2017","2017-02-07","2017年2月7日星期二","day","probable","李敖记录曾送钱给梁肃戎，助其参加大陆抗日座谈会","《2017年2月》写，李敖回忆“那年祖国邀抗日英雄梁肃戎参加抗日座谈会”，自己曾送钱数万元为梁肃戎壮行，但梁肃戎后来未能成行便去世。原文未交代当年确日，本条按2017年2月7日的回述入表。","李敖、梁肃戎","台湾、大陆","梁肃戎、抗日座谈会、大陆、资助、回述","交游线、政治线、晚年线","虽千万人，李敖往矣","","虽千万人，李敖往矣","051.2017年2月","29","《大李敖全集5.0》（wjm_tcy版）分章节/005.诗集语录类/005.虽千万人，李敖往矣/051.2017年2月.txt","","[]","data/timeline-events-sui-qianwan-li-ao-wangyi.json","sui-qianwan-2017-02-07-records-giving-money-to-liang-surong-for-mainland-trip","{""id"":""sui-qianwan-2017-02-07-records-giving-money-to-liang-surong-for-mainland-trip"",""date"":""2017-02-07"",""displayDate"":""2017年2月7日星期二"",""datePrecision"":""day"",""title"":""李敖记录曾送钱给梁肃戎，助其参加大陆抗日座谈会"",""summary"":""《2017年2月》写，李敖回忆“那年祖国邀抗日英雄梁肃戎参加抗日座谈会”，自己曾送钱数万元为梁肃戎壮行，但梁肃戎后来未能成行便去世。原文未交代当年确日，本条按2017年2月7日的回述入表。"",""view"":[""交游线"",""政治线"",""晚年线""],""tags"":[""梁肃戎"",""抗日座谈会"",""大陆"",""资助"",""回述""],""people"":[""李敖"",""梁肃戎""],""places"":[""台湾"",""大陆""],""works"":[""虽千万人，李敖往矣""],""certainty"":""probable"",""source"":{""book"":""虽千万人，李敖往矣"",""chapter"":""051.2017年2月"",""path"":""《大李敖全集5.0》（wjm_tcy版）分章节/005.诗集语录类/005.虽千万人，李敖往矣/051.2017年2月.txt"",""line"":29},""dataFile"":""data/timeline-events-sui-qianwan-li-ao-wangyi.json""}"
"25608","2017","2017-02-22","2017年2月22日晚上，台北家中","day","confirmed","亚洲周刊人员夜访台北家中，李敖谈脑瘤、85本《大全集》和文物回归展","2月22日晚上，亚洲周刊人员到李敖台北家中探望并录音访问。李敖拄拐开门、签书唱歌，告别时还笑说下次可能要在墓地前看他；问到腿疾，他说前一年因左腿无力就医，查出脑部恶性肿瘤，已做二十八次电疗并影响吞咽。他在台北家中谈到要三年内完成85本《李敖大全集》，还计划把一百件收藏品带到北京做“流台文物回归祖国展”，半卖半送。","李敖、陈文茜、胡适、郑欣淼、单霁翔","台北、李敖家中、阳明山书房、北京、北京故宫博物院","亚洲周刊、台北家中、脑部恶性肿瘤、电疗、李敖大全集、文物回归展","访谈线、健康线、出版线、收藏线、晚年线","李敖访谈录1990-2018、李敖大全集","book8-2017-02-25-asia-weekly-interviews-li-ao、sui-qianwan-2017-03-21-discloses-brainstem-malignant-tumor-and-treatment","李敖访谈录1990-2018","073.20170222《亚洲周刊》专访李敖","15","《大李敖全集5.0》（wjm_tcy版）分章节/007.采访序跋类/005.李敖访谈录1990-2018/073.20170222《亚洲周刊》专访李敖.txt","","[]","data/timeline-events-li-ao-fangtanlu-1990-2018.json","li-ao-fangtanlu-2017-02-22-asia-weekly-home-visit-health-and-daqianji","{""id"":""li-ao-fangtanlu-2017-02-22-asia-weekly-home-visit-health-and-daqianji"",""date"":""2017-02-22"",""displayDate"":""2017年2月22日晚上，台北家中"",""datePrecision"":""day"",""title"":""亚洲周刊人员夜访台北家中，李敖谈脑瘤、85本《大全集》和文物回归展"",""summary"":""2月22日晚上，亚洲周刊人员到李敖台北家中探望并录音访问。李敖拄拐开门、签书唱歌，告别时还笑说下次可能要在墓地前看他；问到腿疾，他说前一年因左腿无力就医，查出脑部恶性肿瘤，已做二十八次电疗并影响吞咽。他在台北家中谈到要三年内完成85本《李敖大全集》，还计划把一百件收藏品带到北京做“流台文物回归祖国展”，半卖半送。"",""category"":""interview"",""type"":""李敖当事人事件"",""source"":{""book"":""李敖访谈录1990-2018"",""chapter"":""073.20170222《亚洲周刊》专访李敖"",""path"":""《大李敖全集5.0》（wjm_tcy版）分章节/007.采访序跋类/005.李敖访谈录1990-2018/073.20170222《亚洲周刊》专访李敖.txt"",""line"":15,""lines"":[15,19,21,23,33,35,39,53,57,59,65,67,73,89]},""certainty"":""confirmed"",""tags"":[""亚洲周刊"",""台北家中"",""脑部恶性肿瘤"",""电疗"",""李敖大全集"",""文物回归展""],""people"":[""李敖"",""陈文茜"",""胡适"",""郑欣淼"",""单霁翔""],""places"":[""台北"",""李敖家中"",""阳明山书房"",""北京"",""北京故宫博物院""],""works"":[""李敖访谈录1990-2018"",""李敖大全集""],""view"":[""访谈线"",""健康线"",""出版线"",""收藏线"",""晚年线""],""crossReferences"":[""book8-2017-02-25-asia-weekly-interviews-li-ao"",""sui-qianwan-2017-03-21-discloses-brainstem-malignant-tumor-and-treatment""],""dataFile"":""data/timeline-events-li-ao-fangtanlu-1990-2018.json""}"
"25609","2017","2017-02-25","2017年2月25日星期六","day","confirmed","《亚洲周刊》专访李敖","《李敖五十年表》记，2017年2月25日，《亚洲周刊》专访李敖。访谈在李敖台北市敦化南路书房进行，时间逾四小时；李敖谈到发现脑瘤后计划调整，称85岁前还有一千天，要把《李敖大全集》做到85册。他又谈家庭、遗嘱、研究方法、2005年大陆演讲、言论自由与“立德”，并在台北书房被问到一生梦想是否实现时回答“很接近”，因为自己还能把85本《大全集》印出来。","李敖","香港","亚洲周刊、专访、媒体露面","媒体线、生平线、海外线","亚洲周刊、李敖相关","li-ao-fangtanlu-2017-02-22-asia-weekly-home-visit-health-and-daqianji、sui-qianwan-2017-03-21-discloses-brainstem-malignant-tumor-and-treatment","李敖相关","001.李敖五十年表","191","《大李敖全集5.0》（wjm_tcy版）分章节/001.自传回忆类/008.李敖相关/001.李敖五十年表.txt","李敖访谈录1990-2018 / 074.20170225《亚洲周刊》专访李敖 / line 5 / 说明：《亚洲周刊》四小时专访纪要，补足地点、时长、千日计划、家庭与言论自由等细节。 / 《大李敖全集5.0》（wjm_tcy版）分章节/007.采访序跋类/005.李敖访谈录1990-2018/074.20170225《亚洲周刊》专访李敖.txt","[{""book"":""李敖访谈录1990-2018"",""chapter"":""074.20170225《亚洲周刊》专访李敖"",""path"":""《大李敖全集5.0》（wjm_tcy版）分章节/007.采访序跋类/005.李敖访谈录1990-2018/074.20170225《亚洲周刊》专访李敖.txt"",""line"":5,""lines"":[5,7,11,15,97,113,119,145,159,195,203],""note"":""《亚洲周刊》四小时专访纪要，补足地点、时长、千日计划、家庭与言论自由等细节。""}]","data/timeline-events-eighth-book.json","book8-2017-02-25-asia-weekly-interviews-li-ao","{""id"":""book8-2017-02-25-asia-weekly-interviews-li-ao"",""date"":""2017-02-25"",""displayDate"":""2017年2月25日星期六"",""datePrecision"":""day"",""title"":""《亚洲周刊》专访李敖"",""summary"":""《李敖五十年表》记，2017年2月25日，《亚洲周刊》专访李敖。访谈在李敖台北市敦化南路书房进行，时间逾四小时；李敖谈到发现脑瘤后计划调整，称85岁前还有一千天，要把《李敖大全集》做到85册。他又谈家庭、遗嘱、研究方法、2005年大陆演讲、言论自由与“立德”，并在台北书房被问到一生梦想是否实现时回答“很接近”，因为自己还能把85本《大全集》印出来。"",""view"":[""媒体线"",""生平线"",""海外线""],""tags"":[""亚洲周刊"",""专访"",""媒体露面""],""people"":[""李敖""],""places"":[""香港""],""works"":[""亚洲周刊"",""李敖相关""],""certainty"":""confirmed"",""source"":{""book"":""李敖相关"",""chapter"":""001.李敖五十年表"",""path"":""《大李敖全集5.0》（wjm_tcy版）分章节/001.自传回忆类/008.李敖相关/001.李敖五十年表.txt"",""line"":191},""additionalSources"":[{""book"":""李敖访谈录1990-2018"",""chapter"":""074.20170225《亚洲周刊》专访李敖"",""path"":""《大李敖全集5.0》（wjm_tcy版）分章节/007.采访序跋类/005.李敖访谈录1990-2018/074.20170225《亚洲周刊》专访李敖.txt"",""line"":5,""lines"":[5,7,11,15,97,113,119,145,159,195,203],""note"":""《亚洲周刊》四小时专访纪要，补足地点、时长、千日计划、家庭与言论自由等细节。""}],""crossReferences"":[""li-ao-fangtanlu-2017-02-22-asia-weekly-home-visit-health-and-daqianji"",""sui-qianwan-2017-03-21-discloses-brainstem-malignant-tumor-and-treatment""],""dataFile"":""data/timeline-events-eighth-book.json""}"
"25610","2017","2017-02-27","2017年2月27日星期一","day","confirmed","李敖写自己一生拒去中正纪念堂，也没去过毛泽东纪念堂","《2017年2月》写，李敖借台湾“去蒋化”议题说明自己一生拒绝去中正纪念堂，并说自己同样没去过毛泽东纪念堂。此条记录其晚年对纪念堂空间的个人行动边界与自我定位，不把后续政治评论另拆。","李敖、蒋介石、毛泽东","中正纪念堂、毛泽东纪念堂、台湾","中正纪念堂、毛泽东纪念堂、去蒋化、个人立场","思想线、生活线、晚年线","虽千万人，李敖往矣","","虽千万人，李敖往矣","051.2017年2月","109","《大李敖全集5.0》（wjm_tcy版）分章节/005.诗集语录类/005.虽千万人，李敖往矣/051.2017年2月.txt","","[]","data/timeline-events-sui-qianwan-li-ao-wangyi.json","sui-qianwan-2017-02-27-rejects-visiting-chiang-and-mao-memorials","{""id"":""sui-qianwan-2017-02-27-rejects-visiting-chiang-and-mao-memorials"",""date"":""2017-02-27"",""displayDate"":""2017年2月27日星期一"",""datePrecision"":""day"",""title"":""李敖写自己一生拒去中正纪念堂，也没去过毛泽东纪念堂"",""summary"":""《2017年2月》写，李敖借台湾“去蒋化”议题说明自己一生拒绝去中正纪念堂，并说自己同样没去过毛泽东纪念堂。此条记录其晚年对纪念堂空间的个人行动边界与自我定位，不把后续政治评论另拆。"",""view"":[""思想线"",""生活线"",""晚年线""],""tags"":[""中正纪念堂"",""毛泽东纪念堂"",""去蒋化"",""个人立场""],""people"":[""李敖"",""蒋介石"",""毛泽东""],""places"":[""中正纪念堂"",""毛泽东纪念堂"",""台湾""],""works"":[""虽千万人，李敖往矣""],""certainty"":""confirmed"",""source"":{""book"":""虽千万人，李敖往矣"",""chapter"":""051.2017年2月"",""path"":""《大李敖全集5.0》（wjm_tcy版）分章节/005.诗集语录类/005.虽千万人，李敖往矣/051.2017年2月.txt"",""line"":109},""dataFile"":""data/timeline-events-sui-qianwan-li-ao-wangyi.json""}"
"25611","2017","2017-03-06","2017年3月6日星期一","day","confirmed","李敖在通化街小店修手杖柄，并按自己判断付给修鞋匠一千元","《2017年3月》写，李敖的手杖柄摔坏后，请台北市通化街小店一位广西桂林籍老修鞋匠代修；对方报价三百元，李敖掏出一千元并说顾客也可以决定价钱，自己觉得它值一千元。此条补入晚年行动不便后的手杖日常。","李敖、未名修鞋匠","台北市通化街、台湾","手杖、通化街、修鞋匠、台北日常","生活线、身体线、晚年线","虽千万人，李敖往矣","sui-qianwan-2015-01-18-mothers-cane-returns-to-li-ao","虽千万人，李敖往矣","052.2017年3月","25","《大李敖全集5.0》（wjm_tcy版）分章节/005.诗集语录类/005.虽千万人，李敖往矣/052.2017年3月.txt","","[]","data/timeline-events-sui-qianwan-li-ao-wangyi.json","sui-qianwan-2017-03-06-repairs-cane-handle-and-pays-shoemaker-1000","{""id"":""sui-qianwan-2017-03-06-repairs-cane-handle-and-pays-shoemaker-1000"",""date"":""2017-03-06"",""displayDate"":""2017年3月6日星期一"",""datePrecision"":""day"",""title"":""李敖在通化街小店修手杖柄，并按自己判断付给修鞋匠一千元"",""summary"":""《2017年3月》写，李敖的手杖柄摔坏后，请台北市通化街小店一位广西桂林籍老修鞋匠代修；对方报价三百元，李敖掏出一千元并说顾客也可以决定价钱，自己觉得它值一千元。此条补入晚年行动不便后的手杖日常。"",""view"":[""生活线"",""身体线"",""晚年线""],""tags"":[""手杖"",""通化街"",""修鞋匠"",""台北日常""],""people"":[""李敖"",""未名修鞋匠""],""places"":[""台北市通化街"",""台湾""],""works"":[""虽千万人，李敖往矣""],""certainty"":""confirmed"",""crossReferences"":[""sui-qianwan-2015-01-18-mothers-cane-returns-to-li-ao""],""source"":{""book"":""虽千万人，李敖往矣"",""chapter"":""052.2017年3月"",""path"":""《大李敖全集5.0》（wjm_tcy版）分章节/005.诗集语录类/005.虽千万人，李敖往矣/052.2017年3月.txt"",""line"":25},""dataFile"":""data/timeline-events-sui-qianwan-li-ao-wangyi.json""}"
"25612","2017","2017-03-09","2017年3月9日星期四","day","confirmed","李敖记录自己出过四本二二八专书，并特别推荐李戡的不平鸣","《2017年3月》写，李敖称正式在书里出现“二二八事变”字眼，是由自己发动；自己出过四本揭发二二八真相的书。当天他又说李戡发“朝天吼”、作“不平鸣”，并特别推荐。此条作为2017年父子公共议题互动入表。","李敖、李戡","台湾","二二八、李戡、推荐、父子、史论","写作线、家族线、政治线","虽千万人，李敖往矣","","虽千万人，李敖往矣","052.2017年3月","37","《大李敖全集5.0》（wjm_tcy版）分章节/005.诗集语录类/005.虽千万人，李敖往矣/052.2017年3月.txt","","[]","data/timeline-events-sui-qianwan-li-ao-wangyi.json","sui-qianwan-2017-03-09-recommends-li-kan-february-28-writing","{""id"":""sui-qianwan-2017-03-09-recommends-li-kan-february-28-writing"",""date"":""2017-03-09"",""displayDate"":""2017年3月9日星期四"",""datePrecision"":""day"",""title"":""李敖记录自己出过四本二二八专书，并特别推荐李戡的不平鸣"",""summary"":""《2017年3月》写，李敖称正式在书里出现“二二八事变”字眼，是由自己发动；自己出过四本揭发二二八真相的书。当天他又说李戡发“朝天吼”、作“不平鸣”，并特别推荐。此条作为2017年父子公共议题互动入表。"",""view"":[""写作线"",""家族线"",""政治线""],""tags"":[""二二八"",""李戡"",""推荐"",""父子"",""史论""],""people"":[""李敖"",""李戡""],""places"":[""台湾""],""works"":[""虽千万人，李敖往矣""],""certainty"":""confirmed"",""source"":{""book"":""虽千万人，李敖往矣"",""chapter"":""052.2017年3月"",""path"":""《大李敖全集5.0》（wjm_tcy版）分章节/005.诗集语录类/005.虽千万人，李敖往矣/052.2017年3月.txt"",""line"":37},""dataFile"":""data/timeline-events-sui-qianwan-li-ao-wangyi.json""}"
"25613","2017","2017-03-10","2017年3月10日星期五","day","confirmed","李敖与在剑桥大学的李戡通电话，谈国共与中国未来","《2017年3月》写，李敖与在剑桥大学的李戡通电话，向他说国民党追求中国的过去、共产党追求中国的现在，而“我们”追求中国的未来；政治追求是一时，思想文化追求才长远。此条续接2016年李戡赴剑桥后的父子通话线。","李敖、李戡","剑桥大学、台湾","李戡、剑桥大学、电话、中国未来、父子","家族线、思想线、晚年线","虽千万人，李敖往矣","sui-qianwan-2016-09-29-li-kan-flies-to-cambridge","虽千万人，李敖往矣","052.2017年3月","41","《大李敖全集5.0》（wjm_tcy版）分章节/005.诗集语录类/005.虽千万人，李敖往矣/052.2017年3月.txt","","[]","data/timeline-events-sui-qianwan-li-ao-wangyi.json","sui-qianwan-2017-03-10-calls-li-kan-at-cambridge-about-chinas-future","{""id"":""sui-qianwan-2017-03-10-calls-li-kan-at-cambridge-about-chinas-future"",""date"":""2017-03-10"",""displayDate"":""2017年3月10日星期五"",""datePrecision"":""day"",""title"":""李敖与在剑桥大学的李戡通电话，谈国共与中国未来"",""summary"":""《2017年3月》写，李敖与在剑桥大学的李戡通电话，向他说国民党追求中国的过去、共产党追求中国的现在，而“我们”追求中国的未来；政治追求是一时，思想文化追求才长远。此条续接2016年李戡赴剑桥后的父子通话线。"",""view"":[""家族线"",""思想线"",""晚年线""],""tags"":[""李戡"",""剑桥大学"",""电话"",""中国未来"",""父子""],""people"":[""李敖"",""李戡""],""places"":[""剑桥大学"",""台湾""],""works"":[""虽千万人，李敖往矣""],""certainty"":""confirmed"",""crossReferences"":[""sui-qianwan-2016-09-29-li-kan-flies-to-cambridge""],""source"":{""book"":""虽千万人，李敖往矣"",""chapter"":""052.2017年3月"",""path"":""《大李敖全集5.0》（wjm_tcy版）分章节/005.诗集语录类/005.虽千万人，李敖往矣/052.2017年3月.txt"",""line"":41},""dataFile"":""data/timeline-events-sui-qianwan-li-ao-wangyi.json""}"
"25614","2017","2017-03-13","2017年3月13日星期一","day","probable","李敖说前一日谈鲁智深的短文好像被封杀","《2017年3月》写，李敖说自己前一天谈“鲁智深不是共产党”后，好像被封杀；他表示对此积习不改，也习以为常，并声明用封杀方法对付他已经落伍。此条补入2017年微博/网络短文审查线。","李敖","台湾、大陆网络","封杀、鲁智深、微博、网络写作、审查","媒体线、审查线、晚年线","虽千万人，李敖往矣","","虽千万人，李敖往矣","052.2017年3月","53","《大李敖全集5.0》（wjm_tcy版）分章节/005.诗集语录类/005.虽千万人，李敖往矣/052.2017年3月.txt","","[]","data/timeline-events-sui-qianwan-li-ao-wangyi.json","sui-qianwan-2017-03-13-says-previous-lu-zhishen-post-seems-censored","{""id"":""sui-qianwan-2017-03-13-says-previous-lu-zhishen-post-seems-censored"",""date"":""2017-03-13"",""displayDate"":""2017年3月13日星期一"",""datePrecision"":""day"",""title"":""李敖说前一日谈鲁智深的短文好像被封杀"",""summary"":""《2017年3月》写，李敖说自己前一天谈“鲁智深不是共产党”后，好像被封杀；他表示对此积习不改，也习以为常，并声明用封杀方法对付他已经落伍。此条补入2017年微博/网络短文审查线。"",""view"":[""媒体线"",""审查线"",""晚年线""],""tags"":[""封杀"",""鲁智深"",""微博"",""网络写作"",""审查""],""people"":[""李敖""],""places"":[""台湾"",""大陆网络""],""works"":[""虽千万人，李敖往矣""],""certainty"":""probable"",""source"":{""book"":""虽千万人，李敖往矣"",""chapter"":""052.2017年3月"",""path"":""《大李敖全集5.0》（wjm_tcy版）分章节/005.诗集语录类/005.虽千万人，李敖往矣/052.2017年3月.txt"",""line"":53},""dataFile"":""data/timeline-events-sui-qianwan-li-ao-wangyi.json""}"
"25615","2017","2017-03-21","2017年3月21日星期二","day","confirmed","李敖公开写出脑干恶性肿瘤，并说已做二十八次放射治疗","《2017年3月》写，李敖八十岁后不良于行，本以为只是老化，约一个月前才查出脑干恶性肿瘤；他又说自己已做二十八次放射治疗，并天天服用标靶药、类固醇和止痛药。此条是晚年病情线的重要公开节点。","李敖","台湾","脑干恶性肿瘤、放射治疗、标靶药、类固醇、不良于行","身体线、晚年线、医疗线","虽千万人，李敖往矣","sui-qianwan-2016-12-10-taxi-driver-recognizes-voice-and-li-ao-notes-bad-legs、sui-qianwan-2017-09-04-writes-will、li-ao-fangtanlu-2017-02-22-asia-weekly-home-visit-health-and-daqianji、li-ao-fangtanlu-2017-04-11-china-press-malaysia-friends-visit、li-ao-fangtanlu-2017-06-farewell-letter-and-zaijian-liao-plan","虽千万人，李敖往矣","052.2017年3月","85","《大李敖全集5.0》（wjm_tcy版）分章节/005.诗集语录类/005.虽千万人，李敖往矣/052.2017年3月.txt","李敖访谈录1990-2018 / 073.20170222《亚洲周刊》专访李敖 / line 33 / 说明：2月22日亚洲周刊夜访中，李敖已说明左腿无力、脑部肿瘤、电疗、吞咽影响与85本《大全集》计划。 / 《大李敖全集5.0》（wjm_tcy版）分章节/007.采访序跋类/005.李敖访谈录1990-2018/073.20170222《亚洲周刊》专访李敖.txt || 李敖访谈录1990-2018 / 075.20170411《中国报》报导 / line 19 / 说明：《中国报》探访报道补充28次电疗、标靶药、吞咽困难、凌晨三点工作与《大全集》后45册。 / 《大李敖全集5.0》（wjm_tcy版）分章节/007.采访序跋类/005.李敖访谈录1990-2018/075.20170411《中国报》报导.txt","[{""book"":""李敖访谈录1990-2018"",""chapter"":""073.20170222《亚洲周刊》专访李敖"",""path"":""《大李敖全集5.0》（wjm_tcy版）分章节/007.采访序跋类/005.李敖访谈录1990-2018/073.20170222《亚洲周刊》专访李敖.txt"",""line"":33,""lines"":[33,35,37,39],""note"":""2月22日亚洲周刊夜访中，李敖已说明左腿无力、脑部肿瘤、电疗、吞咽影响与85本《大全集》计划。""},{""book"":""李敖访谈录1990-2018"",""chapter"":""075.20170411《中国报》报导"",""path"":""《大李敖全集5.0》（wjm_tcy版）分章节/007.采访序跋类/005.李敖访谈录1990-2018/075.20170411《中国报》报导.txt"",""line"":19,""lines"":[19,21,59,63,67,69],""note"":""《中国报》探访报道补充28次电疗、标靶药、吞咽困难、凌晨三点工作与《大全集》后45册。""}]","data/timeline-events-sui-qianwan-li-ao-wangyi.json","sui-qianwan-2017-03-21-discloses-brainstem-malignant-tumor-and-treatment","{""id"":""sui-qianwan-2017-03-21-discloses-brainstem-malignant-tumor-and-treatment"",""date"":""2017-03-21"",""displayDate"":""2017年3月21日星期二"",""datePrecision"":""day"",""title"":""李敖公开写出脑干恶性肿瘤，并说已做二十八次放射治疗"",""summary"":""《2017年3月》写，李敖八十岁后不良于行，本以为只是老化，约一个月前才查出脑干恶性肿瘤；他又说自己已做二十八次放射治疗，并天天服用标靶药、类固醇和止痛药。此条是晚年病情线的重要公开节点。"",""view"":[""身体线"",""晚年线"",""医疗线""],""tags"":[""脑干恶性肿瘤"",""放射治疗"",""标靶药"",""类固醇"",""不良于行""],""people"":[""李敖""],""places"":[""台湾""],""works"":[""虽千万人，李敖往矣""],""certainty"":""confirmed"",""crossReferences"":[""sui-qianwan-2016-12-10-taxi-driver-recognizes-voice-and-li-ao-notes-bad-legs"",""sui-qianwan-2017-09-04-writes-will"",""li-ao-fangtanlu-2017-02-22-asia-weekly-home-visit-health-and-daqianji"",""li-ao-fangtanlu-2017-04-11-china-press-malaysia-friends-visit"",""li-ao-fangtanlu-2017-06-farewell-letter-and-zaijian-liao-plan""],""source"":{""book"":""虽千万人，李敖往矣"",""chapter"":""052.2017年3月"",""path"":""《大李敖全集5.0》（wjm_tcy版）分章节/005.诗集语录类/005.虽千万人，李敖往矣/052.2017年3月.txt"",""line"":85},""additionalSources"":[{""book"":""李敖访谈录1990-2018"",""chapter"":""073.20170222《亚洲周刊》专访李敖"",""path"":""《大李敖全集5.0》（wjm_tcy版）分章节/007.采访序跋类/005.李敖访谈录1990-2018/073.20170222《亚洲周刊》专访李敖.txt"",""line"":33,""lines"":[33,35,37,39],""note"":""2月22日亚洲周刊夜访中，李敖已说明左腿无力、脑部肿瘤、电疗、吞咽影响与85本《大全集》计划。""},{""book"":""李敖访谈录1990-2018"",""chapter"":""075.20170411《中国报》报导"",""path"":""《大李敖全集5.0》（wjm_tcy版）分章节/007.采访序跋类/005.李敖访谈录1990-2018/075.20170411《中国报》报导.txt"",""line"":19,""lines"":[19,21,59,63,67,69],""note"":""《中国报》探访报道补充28次电疗、标靶药、吞咽困难、凌晨三点工作与《大全集》后45册。""}],""dataFile"":""data/timeline-events-sui-qianwan-li-ao-wangyi.json""}"
"25616","2017","2017-04-05","2017年4月5日星期三","day","confirmed","李敖把《虚拟的十七岁》送给台北荣总神经内科主任王署君","《2017年4月》写，李敖送一本《虚拟的十七岁》给台北荣民总医院神经内科主任王署君，并说明此书不是黄色小说，而是自己的科技预言，谈“植入”、人工智能与“天人合一”。此条连接晚年医疗关系与旧作再阐释。","李敖、王署君","台北荣民总医院、台湾","王署君、台北荣民总医院、神经内科、虚拟的十七岁、人工智能","医疗线、写作线、晚年线","虽千万人，李敖往矣、虚拟的十七岁","book7-2007-completes-virtual-seventeen-and-launches-it-with-liu-changle-hosting、virtual-seventeen-2008-04-10-writes-about-writing、sui-qianwan-2017-03-21-discloses-brainstem-malignant-tumor-and-treatment","虽千万人，李敖往矣","053.2017年4月","21","《大李敖全集5.0》（wjm_tcy版）分章节/005.诗集语录类/005.虽千万人，李敖往矣/053.2017年4月.txt","","[]","data/timeline-events-sui-qianwan-li-ao-wangyi.json","sui-qianwan-2017-04-05-gives-virtual-seventeen-to-neurologist-wang-shujun","{""id"":""sui-qianwan-2017-04-05-gives-virtual-seventeen-to-neurologist-wang-shujun"",""date"":""2017-04-05"",""displayDate"":""2017年4月5日星期三"",""datePrecision"":""day"",""title"":""李敖把《虚拟的十七岁》送给台北荣总神经内科主任王署君"",""summary"":""《2017年4月》写，李敖送一本《虚拟的十七岁》给台北荣民总医院神经内科主任王署君，并说明此书不是黄色小说，而是自己的科技预言，谈“植入”、人工智能与“天人合一”。此条连接晚年医疗关系与旧作再阐释。"",""view"":[""医疗线"",""写作线"",""晚年线""],""tags"":[""王署君"",""台北荣民总医院"",""神经内科"",""虚拟的十七岁"",""人工智能""],""people"":[""李敖"",""王署君""],""places"":[""台北荣民总医院"",""台湾""],""works"":[""虽千万人，李敖往矣"",""虚拟的十七岁""],""certainty"":""confirmed"",""crossReferences"":[""book7-2007-completes-virtual-seventeen-and-launches-it-with-liu-changle-hosting"",""virtual-seventeen-2008-04-10-writes-about-writing"",""sui-qianwan-2017-03-21-discloses-brainstem-malignant-tumor-and-treatment""],""source"":{""book"":""虽千万人，李敖往矣"",""chapter"":""053.2017年4月"",""path"":""《大李敖全集5.0》（wjm_tcy版）分章节/005.诗集语录类/005.虽千万人，李敖往矣/053.2017年4月.txt"",""line"":21},""dataFile"":""data/timeline-events-sui-qianwan-li-ao-wangyi.json""}"
"25617","2017","2017-06-09","2017年6月9日星期五","day","confirmed","在飞页书屋举办最后一次演讲","《李敖五十年表》记，2017年6月9日，李敖在飞页书屋举办最后一次演讲。同章并记他当年6月写下《致家人、友人、仇人的告别信》，透露脑瘤、放疗与两次急性肺炎后的痛苦处境，因此这条不仅是演讲线收束点，也成为晚年公开活动渐近终点的关键节点。","李敖","飞页书屋","飞页书屋、最后一次演讲、告别信、晚年","演讲线、生平线、媒体线","致家人、友人、仇人的告别信、李敖相关","li-ao-fangtanlu-2017-06-farewell-letter-and-zaijian-liao-plan","李敖相关","001.李敖五十年表","191","《大李敖全集5.0》（wjm_tcy版）分章节/001.自传回忆类/008.李敖相关/001.李敖五十年表.txt","李敖访谈录1990-2018 / 076.2018《新民周刊》回顾专访 / line 13 / 说明：《新民周刊》回顾补述2017年6月告别信、余月编《大全集》目录和影像谢幕安排。 / 《大李敖全集5.0》（wjm_tcy版）分章节/007.采访序跋类/005.李敖访谈录1990-2018/076.2018《新民周刊》回顾专访.txt || 李敖访谈录1990-2018 / 077.20180319《北京青年报》报导 / line 17 / 说明：《北京青年报》报道补述亲笔信与《再见李敖》50集访谈节目构想。 / 《大李敖全集5.0》（wjm_tcy版）分章节/007.采访序跋类/005.李敖访谈录1990-2018/077.20180319《北京青年报》报导.txt","[{""book"":""李敖访谈录1990-2018"",""chapter"":""076.2018《新民周刊》回顾专访"",""path"":""《大李敖全集5.0》（wjm_tcy版）分章节/007.采访序跋类/005.李敖访谈录1990-2018/076.2018《新民周刊》回顾专访.txt"",""line"":13,""lines"":[13,15,17],""note"":""《新民周刊》回顾补述2017年6月告别信、余月编《大全集》目录和影像谢幕安排。""},{""book"":""李敖访谈录1990-2018"",""chapter"":""077.20180319《北京青年报》报导"",""path"":""《大李敖全集5.0》（wjm_tcy版）分章节/007.采访序跋类/005.李敖访谈录1990-2018/077.20180319《北京青年报》报导.txt"",""line"":17,""lines"":[17,19],""note"":""《北京青年报》报道补述亲笔信与《再见李敖》50集访谈节目构想。""}]","data/timeline-events-eighth-book.json","book8-2017-06-09-gives-last-public-lecture-at-flypage-bookstore","{""id"":""book8-2017-06-09-gives-last-public-lecture-at-flypage-bookstore"",""date"":""2017-06-09"",""displayDate"":""2017年6月9日星期五"",""datePrecision"":""day"",""title"":""在飞页书屋举办最后一次演讲"",""summary"":""《李敖五十年表》记，2017年6月9日，李敖在飞页书屋举办最后一次演讲。同章并记他当年6月写下《致家人、友人、仇人的告别信》，透露脑瘤、放疗与两次急性肺炎后的痛苦处境，因此这条不仅是演讲线收束点，也成为晚年公开活动渐近终点的关键节点。"",""view"":[""演讲线"",""生平线"",""媒体线""],""tags"":[""飞页书屋"",""最后一次演讲"",""告别信"",""晚年""],""people"":[""李敖""],""places"":[""飞页书屋""],""works"":[""致家人、友人、仇人的告别信"",""李敖相关""],""certainty"":""confirmed"",""source"":{""book"":""李敖相关"",""chapter"":""001.李敖五十年表"",""path"":""《大李敖全集5.0》（wjm_tcy版）分章节/001.自传回忆类/008.李敖相关/001.李敖五十年表.txt"",""line"":191},""additionalSources"":[{""book"":""李敖访谈录1990-2018"",""chapter"":""076.2018《新民周刊》回顾专访"",""path"":""《大李敖全集5.0》（wjm_tcy版）分章节/007.采访序跋类/005.李敖访谈录1990-2018/076.2018《新民周刊》回顾专访.txt"",""line"":13,""lines"":[13,15,17],""note"":""《新民周刊》回顾补述2017年6月告别信、余月编《大全集》目录和影像谢幕安排。""},{""book"":""李敖访谈录1990-2018"",""chapter"":""077.20180319《北京青年报》报导"",""path"":""《大李敖全集5.0》（wjm_tcy版）分章节/007.采访序跋类/005.李敖访谈录1990-2018/077.20180319《北京青年报》报导.txt"",""line"":17,""lines"":[17,19],""note"":""《北京青年报》报道补述亲笔信与《再见李敖》50集访谈节目构想。""}],""crossReferences"":[""li-ao-fangtanlu-2017-06-farewell-letter-and-zaijian-liao-plan""],""dataFile"":""data/timeline-events-eighth-book.json""}"
"25618","2017","2017-09-04","2017年9月4日星期一","day","confirmed","李敖立遗嘱，安排著作权、保险金和给李文的月付事项","《李敖遗嘱》收录“立遗嘱人李敖亲笔如下”，文中安排其著作著作权已赠与王志慧，待李戡有能力经营时全数移转予李戡；富邦人寿保险金由李谌为受益人取得；并委由陈境圳每月支付美金1000元予李文至70岁，但若李文对王志慧、李戡、李谌提出诉讼或骚扰行为即丧失权利。遗嘱署2017年9月4日。","李敖、王志慧、李戡、李谌、陈境圳、李文","台湾","虽千万人，李敖往矣、遗嘱、著作权、王志慧、李戡、李谌、李文、陈境圳","家庭线、出版线、晚年线","虽千万人，李敖往矣、李敖遗嘱","","虽千万人，李敖往矣","056.李敖遗嘱","5","《大李敖全集5.0》（wjm_tcy版）分章节/005.诗集语录类/005.虽千万人，李敖往矣/056.李敖遗嘱.txt","虽千万人，李敖往矣 / 056.李敖遗嘱 / line 7 / 说明：著作权赠与王志慧，并待李戡能经营时移转。 / 《大李敖全集5.0》（wjm_tcy版）分章节/005.诗集语录类/005.虽千万人，李敖往矣/056.李敖遗嘱.txt || 虽千万人，李敖往矣 / 056.李敖遗嘱 / line 9 / 说明：富邦人寿保险金由李谌为受益人取得。 / 《大李敖全集5.0》（wjm_tcy版）分章节/005.诗集语录类/005.虽千万人，李敖往矣/056.李敖遗嘱.txt || 虽千万人，李敖往矣 / 056.李敖遗嘱 / line 11 / 说明：陈境圳每月支付美金1000元给李文及丧失权利条件。 / 《大李敖全集5.0》（wjm_tcy版）分章节/005.诗集语录类/005.虽千万人，李敖往矣/056.李敖遗嘱.txt || 虽千万人，李敖往矣 / 056.李敖遗嘱 / line 19 / 说明：遗嘱署日为2017年9月4日。 / 《大李敖全集5.0》（wjm_tcy版）分章节/005.诗集语录类/005.虽千万人，李敖往矣/056.李敖遗嘱.txt","[{""book"":""虽千万人，李敖往矣"",""chapter"":""056.李敖遗嘱"",""path"":""《大李敖全集5.0》（wjm_tcy版）分章节/005.诗集语录类/005.虽千万人，李敖往矣/056.李敖遗嘱.txt"",""line"":7,""note"":""著作权赠与王志慧，并待李戡能经营时移转。""},{""book"":""虽千万人，李敖往矣"",""chapter"":""056.李敖遗嘱"",""path"":""《大李敖全集5.0》（wjm_tcy版）分章节/005.诗集语录类/005.虽千万人，李敖往矣/056.李敖遗嘱.txt"",""line"":9,""note"":""富邦人寿保险金由李谌为受益人取得。""},{""book"":""虽千万人，李敖往矣"",""chapter"":""056.李敖遗嘱"",""path"":""《大李敖全集5.0》（wjm_tcy版）分章节/005.诗集语录类/005.虽千万人，李敖往矣/056.李敖遗嘱.txt"",""line"":11,""note"":""陈境圳每月支付美金1000元给李文及丧失权利条件。""},{""book"":""虽千万人，李敖往矣"",""chapter"":""056.李敖遗嘱"",""path"":""《大李敖全集5.0》（wjm_tcy版）分章节/005.诗集语录类/005.虽千万人，李敖往矣/056.李敖遗嘱.txt"",""line"":19,""note"":""遗嘱署日为2017年9月4日。""}]","data/timeline-events-sui-qianwan-li-ao-wangyi.json","sui-qianwan-2017-09-04-writes-will","{""id"":""sui-qianwan-2017-09-04-writes-will"",""date"":""2017-09-04"",""displayDate"":""2017年9月4日星期一"",""datePrecision"":""day"",""title"":""李敖立遗嘱，安排著作权、保险金和给李文的月付事项"",""summary"":""《李敖遗嘱》收录“立遗嘱人李敖亲笔如下”，文中安排其著作著作权已赠与王志慧，待李戡有能力经营时全数移转予李戡；富邦人寿保险金由李谌为受益人取得；并委由陈境圳每月支付美金1000元予李文至70岁，但若李文对王志慧、李戡、李谌提出诉讼或骚扰行为即丧失权利。遗嘱署2017年9月4日。"",""view"":[""家庭线"",""出版线"",""晚年线""],""tags"":[""虽千万人，李敖往矣"",""遗嘱"",""著作权"",""王志慧"",""李戡"",""李谌"",""李文"",""陈境圳""],""people"":[""李敖"",""王志慧"",""李戡"",""李谌"",""陈境圳"",""李文""],""places"":[""台湾""],""works"":[""虽千万人，李敖往矣"",""李敖遗嘱""],""certainty"":""confirmed"",""source"":{""book"":""虽千万人，李敖往矣"",""chapter"":""056.李敖遗嘱"",""path"":""《大李敖全集5.0》（wjm_tcy版）分章节/005.诗集语录类/005.虽千万人，李敖往矣/056.李敖遗嘱.txt"",""line"":5},""additionalSources"":[{""book"":""虽千万人，李敖往矣"",""chapter"":""056.李敖遗嘱"",""path"":""《大李敖全集5.0》（wjm_tcy版）分章节/005.诗集语录类/005.虽千万人，李敖往矣/056.李敖遗嘱.txt"",""line"":7,""note"":""著作权赠与王志慧，并待李戡能经营时移转。""},{""book"":""虽千万人，李敖往矣"",""chapter"":""056.李敖遗嘱"",""path"":""《大李敖全集5.0》（wjm_tcy版）分章节/005.诗集语录类/005.虽千万人，李敖往矣/056.李敖遗嘱.txt"",""line"":9,""note"":""富邦人寿保险金由李谌为受益人取得。""},{""book"":""虽千万人，李敖往矣"",""chapter"":""056.李敖遗嘱"",""path"":""《大李敖全集5.0》（wjm_tcy版）分章节/005.诗集语录类/005.虽千万人，李敖往矣/056.李敖遗嘱.txt"",""line"":11,""note"":""陈境圳每月支付美金1000元给李文及丧失权利条件。""},{""book"":""虽千万人，李敖往矣"",""chapter"":""056.李敖遗嘱"",""path"":""《大李敖全集5.0》（wjm_tcy版）分章节/005.诗集语录类/005.虽千万人，李敖往矣/056.李敖遗嘱.txt"",""line"":19,""note"":""遗嘱署日为2017年9月4日。""}],""dataFile"":""data/timeline-events-sui-qianwan-li-ao-wangyi.json""}"
"25619","2017","2017-04-11","2017年4月11日报道前，台北寓所","month","reported","《中国报》报道马来西亚友人探访病中李敖","《中国报》4月11日报道，月前一个晚上，江迅、李桑等马来西亚友人到李敖台北寓所探访。李敖倚靠购物车或拐杖开门，和来客聊近一小时四十分钟；面对江迅拥抱落泪，他调侃“我都还没死”。在台北寓所谈话中，他因怕坐飞机和失联婉拒马来西亚之行，又说与台北医院医生讨价还价后被允许每天工作15个小时，半夜三点起工；他在病中感到“想做的很多，能做的时间很少”，仍继续阅读、研撰和编《李敖大全集》后传部分45册。","李敖、江迅、李桑、陈文茜","台北寓所、台北、马来西亚、北京故宫","中国报、马来西亚友人、病中探访、李敖大全集、半夜三点工作","探访线、健康线、出版线、收藏线、晚年线","李敖访谈录1990-2018、李敖大全集","li-ao-fangtanlu-2017-02-22-asia-weekly-home-visit-health-and-daqianji、sui-qianwan-2017-03-21-discloses-brainstem-malignant-tumor-and-treatment","李敖访谈录1990-2018","075.20170411《中国报》报导","11","《大李敖全集5.0》（wjm_tcy版）分章节/007.采访序跋类/005.李敖访谈录1990-2018/075.20170411《中国报》报导.txt","","[]","data/timeline-events-li-ao-fangtanlu-1990-2018.json","li-ao-fangtanlu-2017-04-11-china-press-malaysia-friends-visit","{""id"":""li-ao-fangtanlu-2017-04-11-china-press-malaysia-friends-visit"",""date"":""2017-04-11"",""displayDate"":""2017年4月11日报道前，台北寓所"",""datePrecision"":""month"",""title"":""《中国报》报道马来西亚友人探访病中李敖"",""summary"":""《中国报》4月11日报道，月前一个晚上，江迅、李桑等马来西亚友人到李敖台北寓所探访。李敖倚靠购物车或拐杖开门，和来客聊近一小时四十分钟；面对江迅拥抱落泪，他调侃“我都还没死”。在台北寓所谈话中，他因怕坐飞机和失联婉拒马来西亚之行，又说与台北医院医生讨价还价后被允许每天工作15个小时，半夜三点起工；他在病中感到“想做的很多，能做的时间很少”，仍继续阅读、研撰和编《李敖大全集》后传部分45册。"",""category"":""visit"",""type"":""李敖当事人事件"",""source"":{""book"":""李敖访谈录1990-2018"",""chapter"":""075.20170411《中国报》报导"",""path"":""《大李敖全集5.0》（wjm_tcy版）分章节/007.采访序跋类/005.李敖访谈录1990-2018/075.20170411《中国报》报导.txt"",""line"":11,""lines"":[11,15,19,21,27,29,31,35,37,41,43,51,53,59,63,67,69]},""certainty"":""reported"",""tags"":[""中国报"",""马来西亚友人"",""病中探访"",""李敖大全集"",""半夜三点工作""],""people"":[""李敖"",""江迅"",""李桑"",""陈文茜""],""places"":[""台北寓所"",""台北"",""马来西亚"",""北京故宫""],""works"":[""李敖访谈录1990-2018"",""李敖大全集""],""view"":[""探访线"",""健康线"",""出版线"",""收藏线"",""晚年线""],""crossReferences"":[""li-ao-fangtanlu-2017-02-22-asia-weekly-home-visit-health-and-daqianji"",""sui-qianwan-2017-03-21-discloses-brainstem-malignant-tumor-and-treatment""],""dataFile"":""data/timeline-events-li-ao-fangtanlu-1990-2018.json""}"
"25620","2017","2017-06-30","2017年6月","month","confirmed","李敖写《致家人、友人、仇人的告别信》，安排影像告别和《再见李敖》","2017年6月，李敖写《致家人、友人、仇人的告别信》，说自己查出脑瘤、做完放射治疗后每天服类固醇，又两次因急性肺炎住院，痛苦得像接近地狱。此后几个月里，他和助手忙着编选《李敖大全集》第41至85册目录；在告别信和视频节目安排中，他说医生要他抓紧想做、想干的事，他就想在余下时间里同家人、友人、仇人再见一面，并计划通过《再见李敖》邀请来宾到台北书房吃饭、合影、看猫，留下人生谢幕影像。","李敖、郑乃嘉、李戡","台北、李敖书房","告别信、再见李敖、李敖大全集、脑瘤、急性肺炎、台北书房","健康线、出版线、媒体线、晚年线","李敖访谈录1990-2018、致家人、友人、仇人的告别信、李敖大全集、再见李敖","book8-2017-06-09-gives-last-public-lecture-at-flypage-bookstore、sui-qianwan-2017-03-21-discloses-brainstem-malignant-tumor-and-treatment、book8-2018-03-18-li-ao-dies","李敖访谈录1990-2018","076.2018《新民周刊》回顾专访","13","《大李敖全集5.0》（wjm_tcy版）分章节/007.采访序跋类/005.李敖访谈录1990-2018/076.2018《新民周刊》回顾专访.txt","李敖访谈录1990-2018 / 077.20180319《北京青年报》报导 / line 15 / 说明：《北京青年报》补述2017年6月视频节目画面、亲笔信内容和《再见李敖》计划。 / 《大李敖全集5.0》（wjm_tcy版）分章节/007.采访序跋类/005.李敖访谈录1990-2018/077.20180319《北京青年报》报导.txt","[{""book"":""李敖访谈录1990-2018"",""chapter"":""077.20180319《北京青年报》报导"",""path"":""《大李敖全集5.0》（wjm_tcy版）分章节/007.采访序跋类/005.李敖访谈录1990-2018/077.20180319《北京青年报》报导.txt"",""line"":15,""lines"":[15,17,19],""note"":""《北京青年报》补述2017年6月视频节目画面、亲笔信内容和《再见李敖》计划。""}]","data/timeline-events-li-ao-fangtanlu-1990-2018.json","li-ao-fangtanlu-2017-06-farewell-letter-and-zaijian-liao-plan","{""id"":""li-ao-fangtanlu-2017-06-farewell-letter-and-zaijian-liao-plan"",""date"":""2017-06-30"",""displayDate"":""2017年6月"",""datePrecision"":""month"",""title"":""李敖写《致家人、友人、仇人的告别信》，安排影像告别和《再见李敖》"",""summary"":""2017年6月，李敖写《致家人、友人、仇人的告别信》，说自己查出脑瘤、做完放射治疗后每天服类固醇，又两次因急性肺炎住院，痛苦得像接近地狱。此后几个月里，他和助手忙着编选《李敖大全集》第41至85册目录；在告别信和视频节目安排中，他说医生要他抓紧想做、想干的事，他就想在余下时间里同家人、友人、仇人再见一面，并计划通过《再见李敖》邀请来宾到台北书房吃饭、合影、看猫，留下人生谢幕影像。"",""category"":""health"",""type"":""李敖当事人事件"",""source"":{""book"":""李敖访谈录1990-2018"",""chapter"":""076.2018《新民周刊》回顾专访"",""path"":""《大李敖全集5.0》（wjm_tcy版）分章节/007.采访序跋类/005.李敖访谈录1990-2018/076.2018《新民周刊》回顾专访.txt"",""line"":13,""lines"":[11,13,15,17]},""additionalSources"":[{""book"":""李敖访谈录1990-2018"",""chapter"":""077.20180319《北京青年报》报导"",""path"":""《大李敖全集5.0》（wjm_tcy版）分章节/007.采访序跋类/005.李敖访谈录1990-2018/077.20180319《北京青年报》报导.txt"",""line"":15,""lines"":[15,17,19],""note"":""《北京青年报》补述2017年6月视频节目画面、亲笔信内容和《再见李敖》计划。""}],""certainty"":""confirmed"",""tags"":[""告别信"",""再见李敖"",""李敖大全集"",""脑瘤"",""急性肺炎"",""台北书房""],""people"":[""李敖"",""郑乃嘉"",""李戡""],""places"":[""台北"",""李敖书房""],""works"":[""李敖访谈录1990-2018"",""致家人、友人、仇人的告别信"",""李敖大全集"",""再见李敖""],""view"":[""健康线"",""出版线"",""媒体线"",""晚年线""],""crossReferences"":[""book8-2017-06-09-gives-last-public-lecture-at-flypage-bookstore"",""sui-qianwan-2017-03-21-discloses-brainstem-malignant-tumor-and-treatment"",""book8-2018-03-18-li-ao-dies""],""dataFile"":""data/timeline-events-li-ao-fangtanlu-1990-2018.json""}"
"25621","2017","2017-10-31","2017年10月出院后一周前后","month","reported","李敖出院回家后仍赶编《大全集》，随后向郑乃嘉承认85本做不完","2017年10月，标靶药物似乎起效，李敖觉得状态恢复，当即要求出院回家，不顾劝阻想赶着把《李敖大全集》编完。太太把除菌仪器搬回家并挡住访客，但李敖仍让陶冬冬看望，用很低的音量聊了两个小时拍卖藏品的事，想请他找台办，把藏品一半捐献、一半拍卖。出院一个礼拜后，李敖坐在轮椅上找郑乃嘉到家里，流泪说85本《大全集》做不完了，不知道怎么收尾，努力很久的视频节目计划也只能暂停。","李敖、陶冬冬、郑乃嘉、李敖太太","台北、李敖家中","标靶药物、出院、李敖大全集、藏品拍卖、视频节目暂停","健康线、出版线、收藏线、媒体线、晚年线","李敖访谈录1990-2018、李敖大全集、再见李敖","li-ao-fangtanlu-2017-06-farewell-letter-and-zaijian-liao-plan、book8-2018-03-18-li-ao-dies","李敖访谈录1990-2018","078.20180329腾讯新闻报导","7","《大李敖全集5.0》（wjm_tcy版）分章节/007.采访序跋类/005.李敖访谈录1990-2018/078.20180329腾讯新闻报导.txt","","[]","data/timeline-events-li-ao-fangtanlu-1990-2018.json","li-ao-fangtanlu-2017-10-discharged-and-concedes-85-books-unfinished","{""id"":""li-ao-fangtanlu-2017-10-discharged-and-concedes-85-books-unfinished"",""date"":""2017-10-31"",""displayDate"":""2017年10月出院后一周前后"",""datePrecision"":""month"",""title"":""李敖出院回家后仍赶编《大全集》，随后向郑乃嘉承认85本做不完"",""summary"":""2017年10月，标靶药物似乎起效，李敖觉得状态恢复，当即要求出院回家，不顾劝阻想赶着把《李敖大全集》编完。太太把除菌仪器搬回家并挡住访客，但李敖仍让陶冬冬看望，用很低的音量聊了两个小时拍卖藏品的事，想请他找台办，把藏品一半捐献、一半拍卖。出院一个礼拜后，李敖坐在轮椅上找郑乃嘉到家里，流泪说85本《大全集》做不完了，不知道怎么收尾，努力很久的视频节目计划也只能暂停。"",""category"":""health"",""type"":""李敖当事人事件"",""source"":{""book"":""李敖访谈录1990-2018"",""chapter"":""078.20180329腾讯新闻报导"",""path"":""《大李敖全集5.0》（wjm_tcy版）分章节/007.采访序跋类/005.李敖访谈录1990-2018/078.20180329腾讯新闻报导.txt"",""line"":7,""lines"":[7,9,11,13,15]},""certainty"":""reported"",""tags"":[""标靶药物"",""出院"",""李敖大全集"",""藏品拍卖"",""视频节目暂停""],""people"":[""李敖"",""陶冬冬"",""郑乃嘉"",""李敖太太""],""places"":[""台北"",""李敖家中""],""works"":[""李敖访谈录1990-2018"",""李敖大全集"",""再见李敖""],""view"":[""健康线"",""出版线"",""收藏线"",""媒体线"",""晚年线""],""crossReferences"":[""li-ao-fangtanlu-2017-06-farewell-letter-and-zaijian-liao-plan"",""book8-2018-03-18-li-ao-dies""],""dataFile"":""data/timeline-events-li-ao-fangtanlu-1990-2018.json""}"
"25622","2017","2017-11-30","2017年11月","month","reported-by-third-party","舞台剧《北京法源寺》到台北演出时，李敖已在医院昏迷","《北京青年报》报道说，舞台剧《北京法源寺》北京首演时李敖因北京冬天太冷未能到场；2017年11月该剧抵达台北时，李敖已经昏迷在医院，演员只能在李戡陪同下到李敖书房参观。此条是作品改编在李敖晚年发生的接受史节点，主体为第三方报道，不是李敖本人行动。","李敖、田沁鑫、李戡","台北、北京、李敖书房","北京法源寺、舞台剧、台北演出、田沁鑫、李戡、晚年、第三方报道","改编线、晚年线、家庭线","北京法源寺、北京青年报","beijing-fayuansi-2012-tian-qinxin-adaptation-study-meetings、book8-2018-03-18-li-ao-dies","李敖访谈录1990-2018","077.20180319《北京青年报》报导","37","《大李敖全集5.0》（wjm_tcy版）分章节/007.采访序跋类/005.李敖访谈录1990-2018/077.20180319《北京青年报》报导.txt","","[]","data/timeline-events-beijing-fayuansi.json","beijing-fayuansi-2017-11-stage-play-taipei-while-hospitalized","{""id"":""beijing-fayuansi-2017-11-stage-play-taipei-while-hospitalized"",""date"":""2017-11-30"",""displayDate"":""2017年11月"",""datePrecision"":""month"",""title"":""舞台剧《北京法源寺》到台北演出时，李敖已在医院昏迷"",""summary"":""《北京青年报》报道说，舞台剧《北京法源寺》北京首演时李敖因北京冬天太冷未能到场；2017年11月该剧抵达台北时，李敖已经昏迷在医院，演员只能在李戡陪同下到李敖书房参观。此条是作品改编在李敖晚年发生的接受史节点，主体为第三方报道，不是李敖本人行动。"",""view"":[""改编线"",""晚年线"",""家庭线""],""tags"":[""北京法源寺"",""舞台剧"",""台北演出"",""田沁鑫"",""李戡"",""晚年"",""第三方报道""],""people"":[""李敖"",""田沁鑫"",""李戡""],""places"":[""台北"",""北京"",""李敖书房""],""works"":[""北京法源寺"",""北京青年报""],""certainty"":""reported-by-third-party"",""source"":{""book"":""李敖访谈录1990-2018"",""chapter"":""077.20180319《北京青年报》报导"",""path"":""《大李敖全集5.0》（wjm_tcy版）分章节/007.采访序跋类/005.李敖访谈录1990-2018/077.20180319《北京青年报》报导.txt"",""line"":37,""note"":""第三方报道；事件主体为作品改编到台北，非李敖本人行动。""},""crossReferences"":[""beijing-fayuansi-2012-tian-qinxin-adaptation-study-meetings"",""book8-2018-03-18-li-ao-dies""],""dataFile"":""data/timeline-events-beijing-fayuansi.json""}"
"25623","2017","2017-12-31","2017年底至2018年3月18日前最后一段时间","undated-context","reported","李敖晚年复健、想再开刀，最后对陈文茜说“我要走了”","腾讯新闻2018年3月29日报道，李敖最后阶段仍以玩笑抵抗病情：陈文茜去看他做复健时，他说要“特别表演”，稍歇后又伤感说自己一生想争取、想奋斗，结果一场空；临终三四个月前，李敖在病房还有再次开刀的想法，但医生不主张，他私下对赖岳忠说“我的时间不多了”。最后一段时间，陈文茜赶到病房，他紧握她的手，始终不说“死”字，只留下“我要走了，这一次你救不了我的”这句话。","李敖、陈文茜、赖岳忠、Vicky","台北病房、复健场所","复健、再次开刀想法、临终病房、陈文茜、赖岳忠","健康线、晚年线、交游线","李敖访谈录1990-2018","li-ao-fangtanlu-2017-10-discharged-and-concedes-85-books-unfinished、book8-2018-03-18-li-ao-dies","李敖访谈录1990-2018","078.20180329腾讯新闻报导","17","《大李敖全集5.0》（wjm_tcy版）分章节/007.采访序跋类/005.李敖访谈录1990-2018/078.20180329腾讯新闻报导.txt","","[]","data/timeline-events-li-ao-fangtanlu-1990-2018.json","li-ao-fangtanlu-2018-03-18-final-months-rehab-and-last-words","{""id"":""li-ao-fangtanlu-2018-03-18-final-months-rehab-and-last-words"",""date"":""2017-12-31"",""displayDate"":""2017年底至2018年3月18日前最后一段时间"",""datePrecision"":""undated-context"",""title"":""李敖晚年复健、想再开刀，最后对陈文茜说“我要走了”"",""summary"":""腾讯新闻2018年3月29日报道，李敖最后阶段仍以玩笑抵抗病情：陈文茜去看他做复健时，他说要“特别表演”，稍歇后又伤感说自己一生想争取、想奋斗，结果一场空；临终三四个月前，李敖在病房还有再次开刀的想法，但医生不主张，他私下对赖岳忠说“我的时间不多了”。最后一段时间，陈文茜赶到病房，他紧握她的手，始终不说“死”字，只留下“我要走了，这一次你救不了我的”这句话。"",""category"":""health"",""type"":""李敖当事人事件"",""source"":{""book"":""李敖访谈录1990-2018"",""chapter"":""078.20180329腾讯新闻报导"",""path"":""《大李敖全集5.0》（wjm_tcy版）分章节/007.采访序跋类/005.李敖访谈录1990-2018/078.20180329腾讯新闻报导.txt"",""line"":17,""lines"":[17,19,21,23,25]},""certainty"":""reported"",""tags"":[""复健"",""再次开刀想法"",""临终病房"",""陈文茜"",""赖岳忠""],""people"":[""李敖"",""陈文茜"",""赖岳忠"",""Vicky""],""places"":[""台北病房"",""复健场所""],""works"":[""李敖访谈录1990-2018""],""view"":[""健康线"",""晚年线"",""交游线""],""crossReferences"":[""li-ao-fangtanlu-2017-10-discharged-and-concedes-85-books-unfinished"",""book8-2018-03-18-li-ao-dies""],""dataFile"":""data/timeline-events-li-ao-fangtanlu-1990-2018.json""}"
"25624","2018","2018-03-18","2018年3月18日星期日","day","confirmed","李敖逝世","《李敖五十年表》记，2018年3月18日上午10时59分，李敖与世长辞。后续报道补明，他在台北荣民总医院因脑癌安然离世，享年83岁；家属说明一切遵照他的意愿和一贯作风，不举行告别式、追思会等任何活动，一切从简。对整个“大而全的李敖年表”而言，这是必须明确落库的终点节点。","李敖","台湾","逝世、终点节点、上帝李","生平线、家庭线","李敖相关","li-ao-fangtanlu-2017-06-farewell-letter-and-zaijian-liao-plan、li-ao-fangtanlu-2017-10-discharged-and-concedes-85-books-unfinished、li-ao-fangtanlu-2018-03-18-final-months-rehab-and-last-words","李敖相关","001.李敖五十年表","193","《大李敖全集5.0》（wjm_tcy版）分章节/001.自传回忆类/008.李敖相关/001.李敖五十年表.txt","李敖访谈录1990-2018 / 076.2018《新民周刊》回顾专访 / line 11 / 说明：《新民周刊》回顾报道记录2018年3月18日上午10点59分去世，李戡说明不举行告别式、追思会。 / 《大李敖全集5.0》（wjm_tcy版）分章节/007.采访序跋类/005.李敖访谈录1990-2018/076.2018《新民周刊》回顾专访.txt || 李敖访谈录1990-2018 / 077.20180319《北京青年报》报导 / line 9 / 说明：《北京青年报》报道补充荣民总医院病程说明、家属说明和李戡微博。 / 《大李敖全集5.0》（wjm_tcy版）分章节/007.采访序跋类/005.李敖访谈录1990-2018/077.20180319《北京青年报》报导.txt","[{""book"":""李敖访谈录1990-2018"",""chapter"":""076.2018《新民周刊》回顾专访"",""path"":""《大李敖全集5.0》（wjm_tcy版）分章节/007.采访序跋类/005.李敖访谈录1990-2018/076.2018《新民周刊》回顾专访.txt"",""line"":11,""lines"":[11],""note"":""《新民周刊》回顾报道记录2018年3月18日上午10点59分去世，李戡说明不举行告别式、追思会。""},{""book"":""李敖访谈录1990-2018"",""chapter"":""077.20180319《北京青年报》报导"",""path"":""《大李敖全集5.0》（wjm_tcy版）分章节/007.采访序跋类/005.李敖访谈录1990-2018/077.20180319《北京青年报》报导.txt"",""line"":9,""lines"":[9,11,13],""note"":""《北京青年报》报道补充荣民总医院病程说明、家属说明和李戡微博。""}]","data/timeline-events-eighth-book.json","book8-2018-03-18-li-ao-dies","{""id"":""book8-2018-03-18-li-ao-dies"",""date"":""2018-03-18"",""displayDate"":""2018年3月18日星期日"",""datePrecision"":""day"",""title"":""李敖逝世"",""summary"":""《李敖五十年表》记，2018年3月18日上午10时59分，李敖与世长辞。后续报道补明，他在台北荣民总医院因脑癌安然离世，享年83岁；家属说明一切遵照他的意愿和一贯作风，不举行告别式、追思会等任何活动，一切从简。对整个“大而全的李敖年表”而言，这是必须明确落库的终点节点。"",""view"":[""生平线"",""家庭线""],""tags"":[""逝世"",""终点节点"",""上帝李""],""people"":[""李敖""],""places"":[""台湾""],""works"":[""李敖相关""],""certainty"":""confirmed"",""source"":{""book"":""李敖相关"",""chapter"":""001.李敖五十年表"",""path"":""《大李敖全集5.0》（wjm_tcy版）分章节/001.自传回忆类/008.李敖相关/001.李敖五十年表.txt"",""line"":193},""additionalSources"":[{""book"":""李敖访谈录1990-2018"",""chapter"":""076.2018《新民周刊》回顾专访"",""path"":""《大李敖全集5.0》（wjm_tcy版）分章节/007.采访序跋类/005.李敖访谈录1990-2018/076.2018《新民周刊》回顾专访.txt"",""line"":11,""lines"":[11],""note"":""《新民周刊》回顾报道记录2018年3月18日上午10点59分去世，李戡说明不举行告别式、追思会。""},{""book"":""李敖访谈录1990-2018"",""chapter"":""077.20180319《北京青年报》报导"",""path"":""《大李敖全集5.0》（wjm_tcy版）分章节/007.采访序跋类/005.李敖访谈录1990-2018/077.20180319《北京青年报》报导.txt"",""line"":9,""lines"":[9,11,13],""note"":""《北京青年报》报道补充荣民总医院病程说明、家属说明和李戡微博。""}],""crossReferences"":[""li-ao-fangtanlu-2017-06-farewell-letter-and-zaijian-liao-plan"",""li-ao-fangtanlu-2017-10-discharged-and-concedes-85-books-unfinished"",""li-ao-fangtanlu-2018-03-18-final-months-rehab-and-last-words""],""dataFile"":""data/timeline-events-eighth-book.json""}"
