"row","year","date","displayDate","datePrecision","certainty","title","summary","people","places","tags","view","works","crossReferences","sourceBook","sourceChapter","sourceLine","sourcePath","additionalSources","additionalSourcesJson","dataFile","id","eventJson"
"28001","2015","2015-11-19","2015-11-19","day","","李敖用蔡英文十五年前立院记录说不必忧虑她，又把台湾前途交给美国层级","他拿出蔡英文任陆委会主委时同洪秀柱质询的记录，指出蔡当年比现在更明白地尊重国统纲领；但他随即说台湾人从来没有决定台湾前途的余地，美国骗台湾四十次、五十二次，《台湾关系法》也只说严重关切，爱国者飞弹和长程雷达都是让台湾替美国花钱。","李敖、廖筱君、蔡英文、洪秀柱、马英九、陈水扁、钱复、沈剑虹","台湾、美国、台北、高雄、台南、花莲、新疆、福建","李敖政论综艺集、第十九轮、closeout、节目访谈、第183集、蔡英文、国统纲领、台湾关系法、美国不可靠、军购","public","新台湾加油、台湾关系法、钱复回忆录、沈剑虹回忆录","li-ao-zhenglun-zongyiji-178-uses-cai-ingwen-2000-legislative-record-to-pin-her-to-unification-guidelines、li-ao-zhenglun-zongyiji-179-says-us-trips-expose-fake-sovereignty-and-tra-only-serious-concern","","","","","","[]","data/timeline-events-li-ao-zhenglun-zongyiji.json","li-ao-zhenglun-zongyiji-183-uses-fifteen-year-tsai-record-to-say-do-not-worry-her-but-taiwan-cannot-decide-future","{""id"":""li-ao-zhenglun-zongyiji-183-uses-fifteen-year-tsai-record-to-say-do-not-worry-her-but-taiwan-cannot-decide-future"",""date"":""2015-11-19"",""year"":2015,""month"":11,""day"":19,""title"":""李敖用蔡英文十五年前立院记录说不必忧虑她，又把台湾前途交给美国层级"",""summary"":""他拿出蔡英文任陆委会主委时同洪秀柱质询的记录，指出蔡当年比现在更明白地尊重国统纲领；但他随即说台湾人从来没有决定台湾前途的余地，美国骗台湾四十次、五十二次，《台湾关系法》也只说严重关切，爱国者飞弹和长程雷达都是让台湾替美国花钱。"",""category"":""media"",""source"":""《大李敖全集5.0》（wjm_tcy版）分章节/010.节目演讲类/012.李敖政论综艺集/183.20151119《新台湾加油》.txt"",""sourceLines"":[57,65],""lineCount"":185,""people"":[""李敖"",""廖筱君"",""蔡英文"",""洪秀柱"",""马英九"",""陈水扁"",""钱复"",""沈剑虹""],""places"":[""台湾"",""美国"",""台北"",""高雄"",""台南"",""花莲"",""新疆"",""福建""],""works"":[""新台湾加油"",""台湾关系法"",""钱复回忆录"",""沈剑虹回忆录""],""tags"":[""李敖政论综艺集"",""第十九轮"",""closeout"",""节目访谈"",""第183集"",""蔡英文"",""国统纲领"",""台湾关系法"",""美国不可靠"",""军购""],""crossReferences"":[""li-ao-zhenglun-zongyiji-178-uses-cai-ingwen-2000-legislative-record-to-pin-her-to-unification-guidelines"",""li-ao-zhenglun-zongyiji-179-says-us-trips-expose-fake-sovereignty-and-tra-only-serious-concern""],""view"":[""public""],""confidence"":""high"",""round"":""li-ao-zhenglun-zongyiji-round019-181-186-closeout"",""dataFile"":""data/timeline-events-li-ao-zhenglun-zongyiji.json""}"
"28002","2015","2015-11-19","2015-11-19","day","","李敖把反攻大陆二十六年、台独三十年和洪秀柱国民党旧思想并列成假政治","他说民进党有机会公投台独却跑掉，国民党反攻大陆骗二十六年，台独也骗三十年，中华民国成了三方都各取所需的怪胎；谈到洪秀柱时又说她的父亲是政治犯，本该像他一样干到底，却仍同国民党混在一起，思想停在保卫大台湾时代。","李敖、廖筱君、蔡同荣、陈水扁、李文忠、彭明敏、谢聪敏、毛泽东、基辛格、洪秀柱、许历农","台湾、大陆、北京","李敖政论综艺集、第十九轮、closeout、节目访谈、第183集、台独、反攻大陆、中华民国、洪秀柱、黄复兴","public","新台湾加油、台湾自救运动宣言、中国论","li-ao-zhenglun-zongyiji-179-calls-hung-hsiu-chu-only-living-kmt-figure-and-kmt-a-cross-strait-illusion、li-ao-zhenglun-zongyiji-180-calls-hung-hsiu-chu-restoration-of-kmt-fierce-spirit","","","","","","[]","data/timeline-events-li-ao-zhenglun-zongyiji.json","li-ao-zhenglun-zongyiji-183-equates-counterattack-and-independence-as-long-running-frauds-and-places-hung-in-old-kmt-world","{""id"":""li-ao-zhenglun-zongyiji-183-equates-counterattack-and-independence-as-long-running-frauds-and-places-hung-in-old-kmt-world"",""date"":""2015-11-19"",""year"":2015,""month"":11,""day"":19,""title"":""李敖把反攻大陆二十六年、台独三十年和洪秀柱国民党旧思想并列成假政治"",""summary"":""他说民进党有机会公投台独却跑掉，国民党反攻大陆骗二十六年，台独也骗三十年，中华民国成了三方都各取所需的怪胎；谈到洪秀柱时又说她的父亲是政治犯，本该像他一样干到底，却仍同国民党混在一起，思想停在保卫大台湾时代。"",""category"":""media"",""source"":""《大李敖全集5.0》（wjm_tcy版）分章节/010.节目演讲类/012.李敖政论综艺集/183.20151119《新台湾加油》.txt"",""sourceLines"":[99,117],""lineCount"":185,""people"":[""李敖"",""廖筱君"",""蔡同荣"",""陈水扁"",""李文忠"",""彭明敏"",""谢聪敏"",""毛泽东"",""基辛格"",""洪秀柱"",""许历农""],""places"":[""台湾"",""大陆"",""北京""],""works"":[""新台湾加油"",""台湾自救运动宣言"",""中国论""],""tags"":[""李敖政论综艺集"",""第十九轮"",""closeout"",""节目访谈"",""第183集"",""台独"",""反攻大陆"",""中华民国"",""洪秀柱"",""黄复兴""],""crossReferences"":[""li-ao-zhenglun-zongyiji-179-calls-hung-hsiu-chu-only-living-kmt-figure-and-kmt-a-cross-strait-illusion"",""li-ao-zhenglun-zongyiji-180-calls-hung-hsiu-chu-restoration-of-kmt-fierce-spirit""],""view"":[""public""],""confidence"":""high"",""round"":""li-ao-zhenglun-zongyiji-round019-181-186-closeout"",""dataFile"":""data/timeline-events-li-ao-zhenglun-zongyiji.json""}"
"28003","2015","2015-11-19","2015-11-19","day","","李敖把王金平的力量解释为私人交情和政党协商，并举自己欠税赴北京演讲案","他说王金平的干法不是党不党，而是地下活动和私人交情；自己当年因欠税五百万不能出境去北大清华演讲，王金平便去关说国税局，放他一个月出境，一个月后再继续追究，这正是台湾政治。","李敖、廖筱君、王金平、马英九、朱立伦","台湾、北京、北京大学、清华大学","李敖政论综艺集、第十九轮、closeout、节目访谈、第183集、王金平、政党协商、私人交情、关说、北京演讲","public","新台湾加油","li-ao-zhenglun-zongyiji-177-credits-wang-jinpyng-with-corrupting-dpp-into-second-kmt、li-ao-zhenglun-zongyiji-178-calls-king-simple-ma-ungrateful-and-wang-soong-political-geniuses","","","","","","[]","data/timeline-events-li-ao-zhenglun-zongyiji.json","li-ao-zhenglun-zongyiji-183-credits-wang-jinpyng-private-networks-and-recalls-tax-office-favor-for-beijing-trip","{""id"":""li-ao-zhenglun-zongyiji-183-credits-wang-jinpyng-private-networks-and-recalls-tax-office-favor-for-beijing-trip"",""date"":""2015-11-19"",""year"":2015,""month"":11,""day"":19,""title"":""李敖把王金平的力量解释为私人交情和政党协商，并举自己欠税赴北京演讲案"",""summary"":""他说王金平的干法不是党不党，而是地下活动和私人交情；自己当年因欠税五百万不能出境去北大清华演讲，王金平便去关说国税局，放他一个月出境，一个月后再继续追究，这正是台湾政治。"",""category"":""media"",""source"":""《大李敖全集5.0》（wjm_tcy版）分章节/010.节目演讲类/012.李敖政论综艺集/183.20151119《新台湾加油》.txt"",""sourceLines"":[133,145],""lineCount"":185,""people"":[""李敖"",""廖筱君"",""王金平"",""马英九"",""朱立伦""],""places"":[""台湾"",""北京"",""北京大学"",""清华大学""],""works"":[""新台湾加油""],""tags"":[""李敖政论综艺集"",""第十九轮"",""closeout"",""节目访谈"",""第183集"",""王金平"",""政党协商"",""私人交情"",""关说"",""北京演讲""],""crossReferences"":[""li-ao-zhenglun-zongyiji-177-credits-wang-jinpyng-with-corrupting-dpp-into-second-kmt"",""li-ao-zhenglun-zongyiji-178-calls-king-simple-ma-ungrateful-and-wang-soong-political-geniuses""],""view"":[""public""],""confidence"":""high"",""round"":""li-ao-zhenglun-zongyiji-round019-181-186-closeout"",""dataFile"":""data/timeline-events-li-ao-zhenglun-zongyiji.json""}"
"28004","2015","2015-11-19","2015-11-19","day","","李敖把宋莹配说成宋楚瑜无奈接触民间宗教票，并借此重提李敖条款","在选前副手话题里，他认为宋楚瑜同徐欣莹搭配是走投无路，徐背后有民间信仰和妙天票源；他还说登记时徐一定要加入亲民党，因为十五年前他代表新党参选但非党员，中央选委会才立出总统副总统同党登记的李敖条款。","李敖、廖筱君、宋楚瑜、徐欣莹、妙天","台湾","李敖政论综艺集、第十九轮、closeout、节目访谈、第183集、宋莹配、徐欣莹、民间宗教、李敖条款、二〇一六选举","public","新台湾加油","li-ao-zhenglun-zongyiji-177-makes-soong-pivot-for-five-2016-combination-options","","","","","","[]","data/timeline-events-li-ao-zhenglun-zongyiji.json","li-ao-zhenglun-zongyiji-183-calls-soong-hsu-ticket-desperate-and-revives-li-ao-clause","{""id"":""li-ao-zhenglun-zongyiji-183-calls-soong-hsu-ticket-desperate-and-revives-li-ao-clause"",""date"":""2015-11-19"",""year"":2015,""month"":11,""day"":19,""title"":""李敖把宋莹配说成宋楚瑜无奈接触民间宗教票，并借此重提李敖条款"",""summary"":""在选前副手话题里，他认为宋楚瑜同徐欣莹搭配是走投无路，徐背后有民间信仰和妙天票源；他还说登记时徐一定要加入亲民党，因为十五年前他代表新党参选但非党员，中央选委会才立出总统副总统同党登记的李敖条款。"",""category"":""media"",""source"":""《大李敖全集5.0》（wjm_tcy版）分章节/010.节目演讲类/012.李敖政论综艺集/183.20151119《新台湾加油》.txt"",""sourceLines"":[7,33],""lineCount"":185,""people"":[""李敖"",""廖筱君"",""宋楚瑜"",""徐欣莹"",""妙天""],""places"":[""台湾""],""works"":[""新台湾加油""],""tags"":[""李敖政论综艺集"",""第十九轮"",""closeout"",""节目访谈"",""第183集"",""宋莹配"",""徐欣莹"",""民间宗教"",""李敖条款"",""二〇一六选举""],""crossReferences"":[""li-ao-zhenglun-zongyiji-177-makes-soong-pivot-for-five-2016-combination-options""],""view"":[""public""],""confidence"":""high"",""round"":""li-ao-zhenglun-zongyiji-round019-181-186-closeout"",""dataFile"":""data/timeline-events-li-ao-zhenglun-zongyiji.json""}"
"28005","2015","2015-11-19","2015-11-19","day","","李敖称蔡英文用陈建仁是高招，因为她不动声色赶走民进党老投机分子","他先说自己同蔡英文不认识，只记得蔡在立法院偷偷说佩服他；随后判断蔡英文进入民进党后把苏贞昌、谢长廷等第一代投机分子一个个赶走，陈建仁这类非老派民进党人能被她控制，正是她了不起之处。","李敖、廖筱君、蔡英文、陈建仁、苏贞昌、谢长廷、陈水扁、吕秀莲、陈菊","台湾、立法院","李敖政论综艺集、第十九轮、closeout、节目访谈、第183集、英仁配、蔡英文、陈建仁、民进党、投机分子","public","新台湾加油","li-ao-zhenglun-zongyiji-169-predicts-tsai-ing-wen-will-win-as-new-style-opportunist-and-says-kmt-is-not-promising、li-ao-zhenglun-zongyiji-178-uses-cai-ingwen-2000-legislative-record-to-pin-her-to-unification-guidelines","","","","","","[]","data/timeline-events-li-ao-zhenglun-zongyiji.json","li-ao-zhenglun-zongyiji-183-praises-tsai-chen-ticket-as-tsai-sideline-old-dpp-opportunists","{""id"":""li-ao-zhenglun-zongyiji-183-praises-tsai-chen-ticket-as-tsai-sideline-old-dpp-opportunists"",""date"":""2015-11-19"",""year"":2015,""month"":11,""day"":19,""title"":""李敖称蔡英文用陈建仁是高招，因为她不动声色赶走民进党老投机分子"",""summary"":""他先说自己同蔡英文不认识，只记得蔡在立法院偷偷说佩服他；随后判断蔡英文进入民进党后把苏贞昌、谢长廷等第一代投机分子一个个赶走，陈建仁这类非老派民进党人能被她控制，正是她了不起之处。"",""category"":""media"",""source"":""《大李敖全集5.0》（wjm_tcy版）分章节/010.节目演讲类/012.李敖政论综艺集/183.20151119《新台湾加油》.txt"",""sourceLines"":[35,53],""lineCount"":185,""people"":[""李敖"",""廖筱君"",""蔡英文"",""陈建仁"",""苏贞昌"",""谢长廷"",""陈水扁"",""吕秀莲"",""陈菊""],""places"":[""台湾"",""立法院""],""works"":[""新台湾加油""],""tags"":[""李敖政论综艺集"",""第十九轮"",""closeout"",""节目访谈"",""第183集"",""英仁配"",""蔡英文"",""陈建仁"",""民进党"",""投机分子""],""crossReferences"":[""li-ao-zhenglun-zongyiji-169-predicts-tsai-ing-wen-will-win-as-new-style-opportunist-and-says-kmt-is-not-promising"",""li-ao-zhenglun-zongyiji-178-uses-cai-ingwen-2000-legislative-record-to-pin-her-to-unification-guidelines""],""view"":[""public""],""confidence"":""high"",""round"":""li-ao-zhenglun-zongyiji-round019-181-186-closeout"",""dataFile"":""data/timeline-events-li-ao-zhenglun-zongyiji.json""}"
"28006","2015","2015-11-20","2015年11月20日星期五","day","confirmed","李敖住院时陈文茜送来一盆花和卡片","《2015年11月》“一盆好花”写，2015年11月20日，李敖回忆自己在台北住院时，只有陈文茜送来一盆好花；陈文茜附卡写“修身养性，美女如云”。李敖又把这与香港演讲时林青霞送花相对照。","李敖、陈文茜、林青霞","台北","陈文茜、住院、送花、卡片","交游线、健康线、晚年线","虽千万人，李敖往矣","","虽千万人，李敖往矣","041.2015年11月","121","《大李敖全集5.0》（wjm_tcy版）分章节/005.诗集语录类/005.虽千万人，李敖往矣/041.2015年11月.txt","","[]","data/timeline-events-sui-qianwan-li-ao-wangyi.json","sui-qianwan-2015-11-20-chen-wenqian-sends-flower-and-card-during-hospitalization","{""id"":""sui-qianwan-2015-11-20-chen-wenqian-sends-flower-and-card-during-hospitalization"",""date"":""2015-11-20"",""displayDate"":""2015年11月20日星期五"",""datePrecision"":""day"",""title"":""李敖住院时陈文茜送来一盆花和卡片"",""summary"":""《2015年11月》“一盆好花”写，2015年11月20日，李敖回忆自己在台北住院时，只有陈文茜送来一盆好花；陈文茜附卡写“修身养性，美女如云”。李敖又把这与香港演讲时林青霞送花相对照。"",""view"":[""交游线"",""健康线"",""晚年线""],""tags"":[""陈文茜"",""住院"",""送花"",""卡片""],""people"":[""李敖"",""陈文茜"",""林青霞""],""places"":[""台北""],""works"":[""虽千万人，李敖往矣""],""certainty"":""confirmed"",""source"":{""book"":""虽千万人，李敖往矣"",""chapter"":""041.2015年11月"",""path"":""《大李敖全集5.0》（wjm_tcy版）分章节/005.诗集语录类/005.虽千万人，李敖往矣/041.2015年11月.txt"",""line"":121},""dataFile"":""data/timeline-events-sui-qianwan-li-ao-wangyi.json""}"
"28007","2015","2015-11-21","2015年11月21日星期六","day","confirmed","李敖观察病房窗户与每夜栖在窗外的孤鸟","《2015年11月》“孤鸽”写，2015年11月21日，李敖住在病房里端详建筑：狭长房间只有一面有窗，下排主窗封闭，上排副窗太高；窗外水泥框角每夜有一只孤鸟栖息。此条为病房日常观察。","李敖","台北","病房、窗户、住院、日常观察","健康线、日常线、晚年线","虽千万人，李敖往矣","","虽千万人，李敖往矣","041.2015年11月","127","《大李敖全集5.0》（wjm_tcy版）分章节/005.诗集语录类/005.虽千万人，李敖往矣/041.2015年11月.txt","","[]","data/timeline-events-sui-qianwan-li-ao-wangyi.json","sui-qianwan-2015-11-21-records-hospital-room-window-and-nightly-bird","{""id"":""sui-qianwan-2015-11-21-records-hospital-room-window-and-nightly-bird"",""date"":""2015-11-21"",""displayDate"":""2015年11月21日星期六"",""datePrecision"":""day"",""title"":""李敖观察病房窗户与每夜栖在窗外的孤鸟"",""summary"":""《2015年11月》“孤鸽”写，2015年11月21日，李敖住在病房里端详建筑：狭长房间只有一面有窗，下排主窗封闭，上排副窗太高；窗外水泥框角每夜有一只孤鸟栖息。此条为病房日常观察。"",""view"":[""健康线"",""日常线"",""晚年线""],""tags"":[""病房"",""窗户"",""住院"",""日常观察""],""people"":[""李敖""],""places"":[""台北""],""works"":[""虽千万人，李敖往矣""],""certainty"":""confirmed"",""source"":{""book"":""虽千万人，李敖往矣"",""chapter"":""041.2015年11月"",""path"":""《大李敖全集5.0》（wjm_tcy版）分章节/005.诗集语录类/005.虽千万人，李敖往矣/041.2015年11月.txt"",""line"":127},""dataFile"":""data/timeline-events-sui-qianwan-li-ao-wangyi.json""}"
"28008","2015","2015-11-27","2015年11月27日星期五","day","confirmed","李敖记录新书与电视被封，只剩微博一面，同时忙写数本大作","《2015年11月》“寿星老吃砒霜”写，李敖说在祖国不但不准出版新书，也不准上电视，其他封杀花样层出不穷，只在微博上网开一面；他并称自己正忙着写好几本“千秋大作”，即使微博再被封也悉听尊便。","李敖","中国大陆","出版受阻、电视封杀、微博、写作","审查线、写作线、晚年线","虽千万人，李敖往矣","","虽千万人，李敖往矣","041.2015年11月","157","《大李敖全集5.0》（wjm_tcy版）分章节/005.诗集语录类/005.虽千万人，李敖往矣/041.2015年11月.txt","","[]","data/timeline-events-sui-qianwan-li-ao-wangyi.json","sui-qianwan-2015-11-27-records-new-books-tv-banned-and-writing-several-works","{""id"":""sui-qianwan-2015-11-27-records-new-books-tv-banned-and-writing-several-works"",""date"":""2015-11-27"",""displayDate"":""2015年11月27日星期五"",""datePrecision"":""day"",""title"":""李敖记录新书与电视被封，只剩微博一面，同时忙写数本大作"",""summary"":""《2015年11月》“寿星老吃砒霜”写，李敖说在祖国不但不准出版新书，也不准上电视，其他封杀花样层出不穷，只在微博上网开一面；他并称自己正忙着写好几本“千秋大作”，即使微博再被封也悉听尊便。"",""view"":[""审查线"",""写作线"",""晚年线""],""tags"":[""出版受阻"",""电视封杀"",""微博"",""写作""],""people"":[""李敖""],""places"":[""中国大陆""],""works"":[""虽千万人，李敖往矣""],""certainty"":""confirmed"",""source"":{""book"":""虽千万人，李敖往矣"",""chapter"":""041.2015年11月"",""path"":""《大李敖全集5.0》（wjm_tcy版）分章节/005.诗集语录类/005.虽千万人，李敖往矣/041.2015年11月.txt"",""line"":157},""dataFile"":""data/timeline-events-sui-qianwan-li-ao-wangyi.json""}"
"28009","2015","2015-01-01","2015年","year","contextual","李敖在微博粉丝破千万后决定把“哈囉李敖”整理成《虽千万人，李敖往矣》足本","《“哈囉李敖”》写，到了“今年初”，李敖已凭140字短文积累上千万粉丝，于是决定把“哈囉李敖”中在大陆被拦截的内容恢复旧观，整理成足本《虽千万人，李敖往矣》。结合2015年4月新书发表报道，这条可作为他把微博短文体正式结集成书的晚年写作节点。","李敖","台北、大陆网络平台","哈囉李敖、虽千万人，李敖往矣、微博、粉丝破千万、2015年初","写作线、媒体线、晚年线","虽千万人，李敖往矣、李敖风流自传","li-ao-fangtanlu-2015-04-04-haixia-daobao-home-interview-before-80th-birthday","李敖风流自传","638.“哈囉李敖”","3","《大李敖全集5.0》（wjm_tcy版）分章节/001.自传回忆类/007.李敖风流自传/638.“哈囉李敖”.txt","外部日期校对 / 李敖推出两本新书庆祝80岁大寿 / line 1 / 说明：2015-04-24 报道确认《虽千万人，李敖往矣》与《李敖风流自传》同场作为80岁新书发布，可用来校定本章所称“今年初”已进入2015年出书阶段。 / https://hkcd.com/content/2015-04/24/content_925817.html || 虽千万人，李敖往矣 / 《虽千万人，李敖往矣》自序 / line 3 / 说明：李敖自序明说粉丝已千万，决定出版《虽千万人，李敖往矣》足本一书，欢庆80岁。 / 《大李敖全集5.0》（wjm_tcy版）分章节/005.诗集语录类/005.虽千万人，李敖往矣/《虽千万人，李敖往矣》自序.txt || 虽千万人，李敖往矣 / 《虽千万人，李敖往矣》自序 / line 5 / 说明：自序补充“哈囉李敖”开笔时已预告将来在岛上出未删完整版，现在完整版兑现。 / 《大李敖全集5.0》（wjm_tcy版）分章节/005.诗集语录类/005.虽千万人，李敖往矣/《虽千万人，李敖往矣》自序.txt || 虽千万人，李敖往矣 / 《虽千万人，李敖往矣》自序 / line 9 / 说明：自序概括每日一则、写了30个月，除了2012全年缺货外迄未小休。 / 《大李敖全集5.0》（wjm_tcy版）分章节/005.诗集语录类/005.虽千万人，李敖往矣/《虽千万人，李敖往矣》自序.txt || 虽千万人，李敖往矣 / 031.2015年1月 / line 91 / 说明：2015年1月14日“哈啰李敖”粉丝破千万，是“粉丝千万”里程碑的日级来源。 / 《大李敖全集5.0》（wjm_tcy版）分章节/005.诗集语录类/005.虽千万人，李敖往矣/031.2015年1月.txt || 虽千万人，李敖往矣 / 033.2015年3月 / line 25 / 说明：李敖明说55年来文字被两岸封杀，4年前由李戡点化开始140字微博；粉丝千万后决定出版《虽千万人，李敖往矣》足本欢庆80岁。 / 《大李敖全集5.0》（wjm_tcy版）分章节/005.诗集语录类/005.虽千万人，李敖往矣/033.2015年3月.txt || 虽千万人，李敖往矣 / 033.2015年3月 / line 29 / 说明：李敖说明开笔时预告的岛上未删完整版已经兑现。 / 《大李敖全集5.0》（wjm_tcy版）分章节/005.诗集语录类/005.虽千万人，李敖往矣/033.2015年3月.txt || 李敖访谈录1990-2018 / 071.20150407《海峡导报》专访李敖 / line 49 / 说明：《海峡导报》访问中，李敖说4月25日80岁生日正出《虽千万人，李敖往矣》，并说明微博粉丝已过千万。 / 《大李敖全集5.0》（wjm_tcy版）分章节/007.采访序跋类/005.李敖访谈录1990-2018/071.20150407《海峡导报》专访李敖.txt","[{""book"":""外部日期校对"",""chapter"":""李敖推出两本新书庆祝80岁大寿"",""path"":""https://hkcd.com/content/2015-04/24/content_925817.html"",""line"":1,""note"":""2015-04-24 报道确认《虽千万人，李敖往矣》与《李敖风流自传》同场作为80岁新书发布，可用来校定本章所称“今年初”已进入2015年出书阶段。""},{""book"":""虽千万人，李敖往矣"",""chapter"":""《虽千万人，李敖往矣》自序"",""path"":""《大李敖全集5.0》（wjm_tcy版）分章节/005.诗集语录类/005.虽千万人，李敖往矣/《虽千万人，李敖往矣》自序.txt"",""line"":3,""note"":""李敖自序明说粉丝已千万，决定出版《虽千万人，李敖往矣》足本一书，欢庆80岁。""},{""book"":""虽千万人，李敖往矣"",""chapter"":""《虽千万人，李敖往矣》自序"",""path"":""《大李敖全集5.0》（wjm_tcy版）分章节/005.诗集语录类/005.虽千万人，李敖往矣/《虽千万人，李敖往矣》自序.txt"",""line"":5,""note"":""自序补充“哈囉李敖”开笔时已预告将来在岛上出未删完整版，现在完整版兑现。""},{""book"":""虽千万人，李敖往矣"",""chapter"":""《虽千万人，李敖往矣》自序"",""path"":""《大李敖全集5.0》（wjm_tcy版）分章节/005.诗集语录类/005.虽千万人，李敖往矣/《虽千万人，李敖往矣》自序.txt"",""line"":9,""note"":""自序概括每日一则、写了30个月，除了2012全年缺货外迄未小休。""},{""book"":""虽千万人，李敖往矣"",""chapter"":""031.2015年1月"",""path"":""《大李敖全集5.0》（wjm_tcy版）分章节/005.诗集语录类/005.虽千万人，李敖往矣/031.2015年1月.txt"",""line"":91,""note"":""2015年1月14日“哈啰李敖”粉丝破千万，是“粉丝千万”里程碑的日级来源。""},{""book"":""虽千万人，李敖往矣"",""chapter"":""033.2015年3月"",""path"":""《大李敖全集5.0》（wjm_tcy版）分章节/005.诗集语录类/005.虽千万人，李敖往矣/033.2015年3月.txt"",""line"":25,""note"":""李敖明说55年来文字被两岸封杀，4年前由李戡点化开始140字微博；粉丝千万后决定出版《虽千万人，李敖往矣》足本欢庆80岁。""},{""book"":""虽千万人，李敖往矣"",""chapter"":""033.2015年3月"",""path"":""《大李敖全集5.0》（wjm_tcy版）分章节/005.诗集语录类/005.虽千万人，李敖往矣/033.2015年3月.txt"",""line"":29,""note"":""李敖说明开笔时预告的岛上未删完整版已经兑现。""},{""book"":""李敖访谈录1990-2018"",""chapter"":""071.20150407《海峡导报》专访李敖"",""path"":""《大李敖全集5.0》（wjm_tcy版）分章节/007.采访序跋类/005.李敖访谈录1990-2018/071.20150407《海峡导报》专访李敖.txt"",""line"":49,""lines"":[45,47,49],""note"":""《海峡导报》访问中，李敖说4月25日80岁生日正出《虽千万人，李敖往矣》，并说明微博粉丝已过千万。""}]","data/timeline-events-seventh-book.json","book7-2015-early-turns-hello-li-ao-into-full-book-though-ten-million-followers-milestone","{""id"":""book7-2015-early-turns-hello-li-ao-into-full-book-though-ten-million-followers-milestone"",""date"":""2015-01-01"",""displayDate"":""2015年"",""datePrecision"":""year"",""title"":""李敖在微博粉丝破千万后决定把“哈囉李敖”整理成《虽千万人，李敖往矣》足本"",""summary"":""《“哈囉李敖”》写，到了“今年初”，李敖已凭140字短文积累上千万粉丝，于是决定把“哈囉李敖”中在大陆被拦截的内容恢复旧观，整理成足本《虽千万人，李敖往矣》。结合2015年4月新书发表报道，这条可作为他把微博短文体正式结集成书的晚年写作节点。"",""view"":[""写作线"",""媒体线"",""晚年线""],""tags"":[""哈囉李敖"",""虽千万人，李敖往矣"",""微博"",""粉丝破千万"",""2015年初""],""people"":[""李敖""],""places"":[""台北"",""大陆网络平台""],""works"":[""虽千万人，李敖往矣"",""李敖风流自传""],""certainty"":""contextual"",""source"":{""book"":""李敖风流自传"",""chapter"":""638.“哈囉李敖”"",""path"":""《大李敖全集5.0》（wjm_tcy版）分章节/001.自传回忆类/007.李敖风流自传/638.“哈囉李敖”.txt"",""line"":3},""additionalSources"":[{""book"":""外部日期校对"",""chapter"":""李敖推出两本新书庆祝80岁大寿"",""path"":""https://hkcd.com/content/2015-04/24/content_925817.html"",""line"":1,""note"":""2015-04-24 报道确认《虽千万人，李敖往矣》与《李敖风流自传》同场作为80岁新书发布，可用来校定本章所称“今年初”已进入2015年出书阶段。""},{""book"":""虽千万人，李敖往矣"",""chapter"":""《虽千万人，李敖往矣》自序"",""path"":""《大李敖全集5.0》（wjm_tcy版）分章节/005.诗集语录类/005.虽千万人，李敖往矣/《虽千万人，李敖往矣》自序.txt"",""line"":3,""note"":""李敖自序明说粉丝已千万，决定出版《虽千万人，李敖往矣》足本一书，欢庆80岁。""},{""book"":""虽千万人，李敖往矣"",""chapter"":""《虽千万人，李敖往矣》自序"",""path"":""《大李敖全集5.0》（wjm_tcy版）分章节/005.诗集语录类/005.虽千万人，李敖往矣/《虽千万人，李敖往矣》自序.txt"",""line"":5,""note"":""自序补充“哈囉李敖”开笔时已预告将来在岛上出未删完整版，现在完整版兑现。""},{""book"":""虽千万人，李敖往矣"",""chapter"":""《虽千万人，李敖往矣》自序"",""path"":""《大李敖全集5.0》（wjm_tcy版）分章节/005.诗集语录类/005.虽千万人，李敖往矣/《虽千万人，李敖往矣》自序.txt"",""line"":9,""note"":""自序概括每日一则、写了30个月，除了2012全年缺货外迄未小休。""},{""book"":""虽千万人，李敖往矣"",""chapter"":""031.2015年1月"",""path"":""《大李敖全集5.0》（wjm_tcy版）分章节/005.诗集语录类/005.虽千万人，李敖往矣/031.2015年1月.txt"",""line"":91,""note"":""2015年1月14日“哈啰李敖”粉丝破千万，是“粉丝千万”里程碑的日级来源。""},{""book"":""虽千万人，李敖往矣"",""chapter"":""033.2015年3月"",""path"":""《大李敖全集5.0》（wjm_tcy版）分章节/005.诗集语录类/005.虽千万人，李敖往矣/033.2015年3月.txt"",""line"":25,""note"":""李敖明说55年来文字被两岸封杀，4年前由李戡点化开始140字微博；粉丝千万后决定出版《虽千万人，李敖往矣》足本欢庆80岁。""},{""book"":""虽千万人，李敖往矣"",""chapter"":""033.2015年3月"",""path"":""《大李敖全集5.0》（wjm_tcy版）分章节/005.诗集语录类/005.虽千万人，李敖往矣/033.2015年3月.txt"",""line"":29,""note"":""李敖说明开笔时预告的岛上未删完整版已经兑现。""},{""book"":""李敖访谈录1990-2018"",""chapter"":""071.20150407《海峡导报》专访李敖"",""path"":""《大李敖全集5.0》（wjm_tcy版）分章节/007.采访序跋类/005.李敖访谈录1990-2018/071.20150407《海峡导报》专访李敖.txt"",""line"":49,""lines"":[45,47,49],""note"":""《海峡导报》访问中，李敖说4月25日80岁生日正出《虽千万人，李敖往矣》，并说明微博粉丝已过千万。""}],""crossReferences"":[""li-ao-fangtanlu-2015-04-04-haixia-daobao-home-interview-before-80th-birthday""],""dataFile"":""data/timeline-events-seventh-book.json""}"
"28010","2015","2015-10-31","2015年10月31日星期六前后","day-range","confirmed","李敖清早被救护车送急诊，照MRI后住院一周","《2015年11月》“10月31日”写，2015年10月31日清早，李敖在救护车中短暂醒来，说了一句“今天闯红灯过瘾”；抵达急诊室后，他与护士开玩笑，再醒时已经在照MRI。11月14日“住院7天”又补明，他从10月31日到11月7日住蒋家荣民医院一周，并说自己一年住院四次。","李敖","蒋家荣民医院、台湾","急诊、救护车、MRI、住院、荣民医院","健康线、晚年线","虽千万人，李敖往矣","","虽千万人，李敖往矣","041.2015年11月","49","《大李敖全集5.0》（wjm_tcy版）分章节/005.诗集语录类/005.虽千万人，李敖往矣/041.2015年11月.txt","虽千万人，李敖往矣 / 041.2015年11月 / line 85 / 说明：11月14日补明住院日期为10月31日至11月7日，住院一周。 / 《大李敖全集5.0》（wjm_tcy版）分章节/005.诗集语录类/005.虽千万人，李敖往矣/041.2015年11月.txt","[{""book"":""虽千万人，李敖往矣"",""chapter"":""041.2015年11月"",""path"":""《大李敖全集5.0》（wjm_tcy版）分章节/005.诗集语录类/005.虽千万人，李敖往矣/041.2015年11月.txt"",""line"":85,""note"":""11月14日补明住院日期为10月31日至11月7日，住院一周。""}]","data/timeline-events-sui-qianwan-li-ao-wangyi.json","sui-qianwan-2015-10-31-ambulance-mri-and-weeklong-hospitalization","{""id"":""sui-qianwan-2015-10-31-ambulance-mri-and-weeklong-hospitalization"",""date"":""2015-10-31"",""displayDate"":""2015年10月31日星期六前后"",""datePrecision"":""day-range"",""title"":""李敖清早被救护车送急诊，照MRI后住院一周"",""summary"":""《2015年11月》“10月31日”写，2015年10月31日清早，李敖在救护车中短暂醒来，说了一句“今天闯红灯过瘾”；抵达急诊室后，他与护士开玩笑，再醒时已经在照MRI。11月14日“住院7天”又补明，他从10月31日到11月7日住蒋家荣民医院一周，并说自己一年住院四次。"",""view"":[""健康线"",""晚年线""],""tags"":[""急诊"",""救护车"",""MRI"",""住院"",""荣民医院""],""people"":[""李敖""],""places"":[""蒋家荣民医院"",""台湾""],""works"":[""虽千万人，李敖往矣""],""certainty"":""confirmed"",""source"":{""book"":""虽千万人，李敖往矣"",""chapter"":""041.2015年11月"",""path"":""《大李敖全集5.0》（wjm_tcy版）分章节/005.诗集语录类/005.虽千万人，李敖往矣/041.2015年11月.txt"",""line"":49},""additionalSources"":[{""book"":""虽千万人，李敖往矣"",""chapter"":""041.2015年11月"",""path"":""《大李敖全集5.0》（wjm_tcy版）分章节/005.诗集语录类/005.虽千万人，李敖往矣/041.2015年11月.txt"",""line"":85,""note"":""11月14日补明住院日期为10月31日至11月7日，住院一周。""}],""dataFile"":""data/timeline-events-sui-qianwan-li-ao-wangyi.json""}"
"28011","2015","2015-12-01","2015年12月前后","month-range","contextual","李敖在微博中辍五个月期间写成《李敖谈艺录》","《2016年5月》5月1日写，李敖七老八十之际住医院四次，每天140字发文因此中辍；他“逍遥了5个月”，写了一本《李敖谈艺录》，自称“不虚此病”。本条据5月1日复更说明，暂系于2015年12月至2016年4月间。","李敖","台湾","李敖谈艺录、微博中辍、住院、写书","写作线、健康线、晚年线","李敖谈艺录、虽千万人，李敖往矣、哈囉李敖","","虽千万人，李敖往矣","042.2016年5月","5","《大李敖全集5.0》（wjm_tcy版）分章节/005.诗集语录类/005.虽千万人，李敖往矣/042.2016年5月.txt","","[]","data/timeline-events-sui-qianwan-li-ao-wangyi.json","sui-qianwan-2015-12-2016-04-writes-li-ao-tan-yilu-during-weibo-hiatus","{""id"":""sui-qianwan-2015-12-2016-04-writes-li-ao-tan-yilu-during-weibo-hiatus"",""date"":""2015-12-01"",""displayDate"":""2015年12月前后"",""datePrecision"":""month-range"",""title"":""李敖在微博中辍五个月期间写成《李敖谈艺录》"",""summary"":""《2016年5月》5月1日写，李敖七老八十之际住医院四次，每天140字发文因此中辍；他“逍遥了5个月”，写了一本《李敖谈艺录》，自称“不虚此病”。本条据5月1日复更说明，暂系于2015年12月至2016年4月间。"",""view"":[""写作线"",""健康线"",""晚年线""],""tags"":[""李敖谈艺录"",""微博中辍"",""住院"",""写书""],""people"":[""李敖""],""places"":[""台湾""],""works"":[""李敖谈艺录"",""虽千万人，李敖往矣"",""哈囉李敖""],""certainty"":""contextual"",""source"":{""book"":""虽千万人，李敖往矣"",""chapter"":""042.2016年5月"",""path"":""《大李敖全集5.0》（wjm_tcy版）分章节/005.诗集语录类/005.虽千万人，李敖往矣/042.2016年5月.txt"",""line"":5},""dataFile"":""data/timeline-events-sui-qianwan-li-ao-wangyi.json""}"
"28012","2016","2016-05-01","2016年5月1日星期日","day","confirmed","停更半年后重新更新微博","《李敖五十年表》记，2016年5月1日，李敖断了半年的微博又开始更新。这条与2011年开通微博、2013年重新发微博的节点相连，补出了他晚年网络传播节奏中的又一次回返。","李敖","中国大陆","新浪微博、恢复更新、网络传播","网络线、媒体线、生平线","新浪微博、李敖相关","","李敖相关","001.李敖五十年表","189","《大李敖全集5.0》（wjm_tcy版）分章节/001.自传回忆类/008.李敖相关/001.李敖五十年表.txt","虽千万人，李敖往矣 / 042.2016年5月 / line 5 / 说明：2016年5月1日李敖自述因七老八十、住院四次而中辍每日140字，五个月后仍想恢复书写。 / 《大李敖全集5.0》（wjm_tcy版）分章节/005.诗集语录类/005.虽千万人，李敖往矣/042.2016年5月.txt","[{""book"":""虽千万人，李敖往矣"",""chapter"":""042.2016年5月"",""path"":""《大李敖全集5.0》（wjm_tcy版）分章节/005.诗集语录类/005.虽千万人，李敖往矣/042.2016年5月.txt"",""line"":5,""note"":""2016年5月1日李敖自述因七老八十、住院四次而中辍每日140字，五个月后仍想恢复书写。""}]","data/timeline-events-eighth-book.json","book8-2016-05-01-resumes-weibo-after-half-year-break","{""id"":""book8-2016-05-01-resumes-weibo-after-half-year-break"",""date"":""2016-05-01"",""displayDate"":""2016年5月1日星期日"",""datePrecision"":""day"",""title"":""停更半年后重新更新微博"",""summary"":""《李敖五十年表》记，2016年5月1日，李敖断了半年的微博又开始更新。这条与2011年开通微博、2013年重新发微博的节点相连，补出了他晚年网络传播节奏中的又一次回返。"",""view"":[""网络线"",""媒体线"",""生平线""],""tags"":[""新浪微博"",""恢复更新"",""网络传播""],""people"":[""李敖""],""places"":[""中国大陆""],""works"":[""新浪微博"",""李敖相关""],""certainty"":""confirmed"",""source"":{""book"":""李敖相关"",""chapter"":""001.李敖五十年表"",""path"":""《大李敖全集5.0》（wjm_tcy版）分章节/001.自传回忆类/008.李敖相关/001.李敖五十年表.txt"",""line"":189},""additionalSources"":[{""book"":""虽千万人，李敖往矣"",""chapter"":""042.2016年5月"",""path"":""《大李敖全集5.0》（wjm_tcy版）分章节/005.诗集语录类/005.虽千万人，李敖往矣/042.2016年5月.txt"",""line"":5,""note"":""2016年5月1日李敖自述因七老八十、住院四次而中辍每日140字，五个月后仍想恢复书写。""}],""dataFile"":""data/timeline-events-eighth-book.json""}"
"28013","2016","2016-05-17","2016-05-17","day","","李敖在五二〇前夕预言马英九会坐牢，并把富邦、党产和大巨蛋都纳入案源","他说自己是台湾节目中第一个预言马英九会坐进陈水扁牢房的人，理由从台北银行廉价卖给富邦、四十四户房产折算损失，到党产从九一八亿变一六六亿，再到大巨蛋、美河市和马王政争案，形成卸任后的官司链。","李敖、廖筱君、马英九、陈水扁、李登辉、连战、刘泰英、张荣发","台湾、台北","李敖政论综艺集、第十九轮、closeout、节目访谈、第184集、马英九、富邦案、党产、五二〇、坐牢","public","新台湾加油、贪污治罪条例","li-ao-zhenglun-zongyiji-168-lists-party-assets-and-fubon-mei-heshi-five-cases-against-ma-clean-image、li-ao-zhenglun-zongyiji-150-attacks-ma-cleanness-through-kmt-party-assets-cbc-land-and-492000-party-money","","","","","","[]","data/timeline-events-li-ao-zhenglun-zongyiji.json","li-ao-zhenglun-zongyiji-184-predicts-ma-will-face-prison-after-520-through-fubon-party-assets-and-old-cases","{""id"":""li-ao-zhenglun-zongyiji-184-predicts-ma-will-face-prison-after-520-through-fubon-party-assets-and-old-cases"",""date"":""2016-05-17"",""year"":2016,""month"":5,""day"":17,""title"":""李敖在五二〇前夕预言马英九会坐牢，并把富邦、党产和大巨蛋都纳入案源"",""summary"":""他说自己是台湾节目中第一个预言马英九会坐进陈水扁牢房的人，理由从台北银行廉价卖给富邦、四十四户房产折算损失，到党产从九一八亿变一六六亿，再到大巨蛋、美河市和马王政争案，形成卸任后的官司链。"",""category"":""media"",""source"":""《大李敖全集5.0》（wjm_tcy版）分章节/010.节目演讲类/012.李敖政论综艺集/184.20160517《新台湾加油》.txt"",""sourceLines"":[9,33],""lineCount"":231,""people"":[""李敖"",""廖筱君"",""马英九"",""陈水扁"",""李登辉"",""连战"",""刘泰英"",""张荣发""],""places"":[""台湾"",""台北""],""works"":[""新台湾加油"",""贪污治罪条例""],""tags"":[""李敖政论综艺集"",""第十九轮"",""closeout"",""节目访谈"",""第184集"",""马英九"",""富邦案"",""党产"",""五二〇"",""坐牢""],""crossReferences"":[""li-ao-zhenglun-zongyiji-168-lists-party-assets-and-fubon-mei-heshi-five-cases-against-ma-clean-image"",""li-ao-zhenglun-zongyiji-150-attacks-ma-cleanness-through-kmt-party-assets-cbc-land-and-492000-party-money""],""view"":[""public""],""confidence"":""high"",""round"":""li-ao-zhenglun-zongyiji-round019-181-186-closeout"",""dataFile"":""data/timeline-events-li-ao-zhenglun-zongyiji.json""}"
"28014","2016","2016-05-17","2016-05-17","day","","李敖把林锡山案外泄说成检调自走炮，并怀疑王金平卷入说是斗臭操作","他认为台湾司法系统常常像自走炮，最高法院审判人不明、法官重复更审等都违法却无人管；林锡山案若真能打中王金平，马英九早在马王政争时就会用，因此现在更像检调、调查局或某种势力释放消息来斗臭王金平。","李敖、廖筱君、林锡山、王金平、马英九、华定国","台湾","李敖政论综艺集、第十九轮、closeout、节目访谈、第184集、司法、检调、林锡山案、王金平、马王政争","public","新台湾加油","li-ao-zhenglun-zongyiji-162-tells-wang-to-admit-lobbying-as-political-friendship-for-legislative-operation","","","","","","[]","data/timeline-events-li-ao-zhenglun-zongyiji.json","li-ao-zhenglun-zongyiji-184-describes-judicial-investigation-as-self-propelled-gun-and-doubts-wang-in-lin-xishan-case","{""id"":""li-ao-zhenglun-zongyiji-184-describes-judicial-investigation-as-self-propelled-gun-and-doubts-wang-in-lin-xishan-case"",""date"":""2016-05-17"",""year"":2016,""month"":5,""day"":17,""title"":""李敖把林锡山案外泄说成检调自走炮，并怀疑王金平卷入说是斗臭操作"",""summary"":""他认为台湾司法系统常常像自走炮，最高法院审判人不明、法官重复更审等都违法却无人管；林锡山案若真能打中王金平，马英九早在马王政争时就会用，因此现在更像检调、调查局或某种势力释放消息来斗臭王金平。"",""category"":""media"",""source"":""《大李敖全集5.0》（wjm_tcy版）分章节/010.节目演讲类/012.李敖政论综艺集/184.20160517《新台湾加油》.txt"",""sourceLines"":[99,133],""lineCount"":231,""people"":[""李敖"",""廖筱君"",""林锡山"",""王金平"",""马英九"",""华定国""],""places"":[""台湾""],""works"":[""新台湾加油""],""tags"":[""李敖政论综艺集"",""第十九轮"",""closeout"",""节目访谈"",""第184集"",""司法"",""检调"",""林锡山案"",""王金平"",""马王政争""],""crossReferences"":[""li-ao-zhenglun-zongyiji-162-tells-wang-to-admit-lobbying-as-political-friendship-for-legislative-operation""],""view"":[""public""],""confidence"":""high"",""round"":""li-ao-zhenglun-zongyiji-round019-181-186-closeout"",""dataFile"":""data/timeline-events-li-ao-zhenglun-zongyiji.json""}"
"28015","2016","2016-05-17","2016-05-17","day","","李敖说蔡英文当家方知柴米贵，并把宪法大陆地区、假统派和三千二百亿国防预算合并批判","他用猪八戒当家方知柴米贵形容蔡英文上台后的困难，指出宪法增修条文写自由地区与大陆地区，台湾习惯称大陆为中国反而违反宪法；洪秀柱以下相信中华民国的都是假统派，而中华民国已亡国的旧框架又让台湾每年花三千二百亿养军队。","李敖、廖筱君、蔡英文、洪秀柱、蒋介石、郭国基、陈诚","台湾、大陆、非洲","李敖政论综艺集、第十九轮、closeout、节目访谈、第184集、蔡英文、中华民国宪法、大陆地区、假统派、国防预算","public","新台湾加油、中华民国宪法","li-ao-zhenglun-zongyiji-166-says-chiang-admitted-roc-death-and-both-counterattack-and-independence-dreams-broke、li-ao-zhenglun-zongyiji-144-states-two-sides-one-china-follows-constitution-while-roc-already-died","","","","","","[]","data/timeline-events-li-ao-zhenglun-zongyiji.json","li-ao-zhenglun-zongyiji-184-calls-tsai-household-hard-to-manage-and-condenses-constitutional-one-china-false-unification-and-defense-budget","{""id"":""li-ao-zhenglun-zongyiji-184-calls-tsai-household-hard-to-manage-and-condenses-constitutional-one-china-false-unification-and-defense-budget"",""date"":""2016-05-17"",""year"":2016,""month"":5,""day"":17,""title"":""李敖说蔡英文当家方知柴米贵，并把宪法大陆地区、假统派和三千二百亿国防预算合并批判"",""summary"":""他用猪八戒当家方知柴米贵形容蔡英文上台后的困难，指出宪法增修条文写自由地区与大陆地区，台湾习惯称大陆为中国反而违反宪法；洪秀柱以下相信中华民国的都是假统派，而中华民国已亡国的旧框架又让台湾每年花三千二百亿养军队。"",""category"":""media"",""source"":""《大李敖全集5.0》（wjm_tcy版）分章节/010.节目演讲类/012.李敖政论综艺集/184.20160517《新台湾加油》.txt"",""sourceLines"":[153,165],""lineCount"":231,""people"":[""李敖"",""廖筱君"",""蔡英文"",""洪秀柱"",""蒋介石"",""郭国基"",""陈诚""],""places"":[""台湾"",""大陆"",""非洲""],""works"":[""新台湾加油"",""中华民国宪法""],""tags"":[""李敖政论综艺集"",""第十九轮"",""closeout"",""节目访谈"",""第184集"",""蔡英文"",""中华民国宪法"",""大陆地区"",""假统派"",""国防预算""],""crossReferences"":[""li-ao-zhenglun-zongyiji-166-says-chiang-admitted-roc-death-and-both-counterattack-and-independence-dreams-broke"",""li-ao-zhenglun-zongyiji-144-states-two-sides-one-china-follows-constitution-while-roc-already-died""],""view"":[""public""],""confidence"":""high"",""round"":""li-ao-zhenglun-zongyiji-round019-181-186-closeout"",""dataFile"":""data/timeline-events-li-ao-zhenglun-zongyiji.json""}"
"28016","2016","2016-05-17","2016-05-17","day","","李敖重述质询李大维：台湾若三天成废墟，美国就不会来","他回忆在立法院问李大维，美国救台前提是台湾守住第一波，李大维说希望守十四天；李敖判断台湾三天就会因跑道被炸而垮，追问若台湾成废墟美国还来不来，李大维回答不来，于是李敖说质询完毕，并接到钱复四十次、沈剑虹五十二次美国保证失信。","李敖、廖筱君、李大维、林中斌、钱复、沈剑虹、宋楚瑜、蔡英文","台湾、美国","李敖政论综艺集、第十九轮、closeout、节目访谈、第184集、李大维、十四天、美国不来、台湾废墟、美国不可靠","public","新台湾加油、钱复回忆录、沈剑虹回忆录","li-ao-zhenglun-zongyiji-078-uses-us-defense-data-to-refute-li-jie-fourteen-days、li-ao-zhenglun-zongyiji-076-argues-taiwan-becomes-ruins-before-us-arrives","","","","","","[]","data/timeline-events-li-ao-zhenglun-zongyiji.json","li-ao-zhenglun-zongyiji-184-uses-li-dawei-fourteen-days-record-to-say-us-will-not-come-after-taiwan-becomes-ruins","{""id"":""li-ao-zhenglun-zongyiji-184-uses-li-dawei-fourteen-days-record-to-say-us-will-not-come-after-taiwan-becomes-ruins"",""date"":""2016-05-17"",""year"":2016,""month"":5,""day"":17,""title"":""李敖重述质询李大维：台湾若三天成废墟，美国就不会来"",""summary"":""他回忆在立法院问李大维，美国救台前提是台湾守住第一波，李大维说希望守十四天；李敖判断台湾三天就会因跑道被炸而垮，追问若台湾成废墟美国还来不来，李大维回答不来，于是李敖说质询完毕，并接到钱复四十次、沈剑虹五十二次美国保证失信。"",""category"":""media"",""source"":""《大李敖全集5.0》（wjm_tcy版）分章节/010.节目演讲类/012.李敖政论综艺集/184.20160517《新台湾加油》.txt"",""sourceLines"":[209,221],""lineCount"":231,""people"":[""李敖"",""廖筱君"",""李大维"",""林中斌"",""钱复"",""沈剑虹"",""宋楚瑜"",""蔡英文""],""places"":[""台湾"",""美国""],""works"":[""新台湾加油"",""钱复回忆录"",""沈剑虹回忆录""],""tags"":[""李敖政论综艺集"",""第十九轮"",""closeout"",""节目访谈"",""第184集"",""李大维"",""十四天"",""美国不来"",""台湾废墟"",""美国不可靠""],""crossReferences"":[""li-ao-zhenglun-zongyiji-078-uses-us-defense-data-to-refute-li-jie-fourteen-days"",""li-ao-zhenglun-zongyiji-076-argues-taiwan-becomes-ruins-before-us-arrives""],""view"":[""public""],""confidence"":""high"",""round"":""li-ao-zhenglun-zongyiji-round019-181-186-closeout"",""dataFile"":""data/timeline-events-li-ao-zhenglun-zongyiji.json""}"
"28017","2016","2016-05-17","2016-05-17","day","","李敖借肯亚诈骗犯和九二共识追问民进党敢不敢真正革命","节目谈到肯亚诈骗犯送北京，李敖说若民进党是革命团体，就该废旧宪法、推翻中华民国和青天白日旗，问题不是台独，而是敢不敢台独；随后他把九二共识追到二〇〇〇年四月苏起在陈水扁时代提出，认为共产党接受后台湾又否认，当然会翻脸。","李敖、廖筱君、陈水扁、苏起、蒋介石、谢聪敏","台湾、北京、肯亚、大陆","李敖政论综艺集、第十九轮、closeout、节目访谈、第184集、肯亚诈骗案、台独、中华民国、九二共识、苏起","public","新台湾加油","li-ao-zhenglun-zongyiji-177-traces-1992-consensus-to-su-chi-chen-and-tsai-mutual-cover、li-ao-zhenglun-zongyiji-178-uses-cai-ingwen-2000-legislative-record-to-pin-her-to-unification-guidelines","","","","","","[]","data/timeline-events-li-ao-zhenglun-zongyiji.json","li-ao-zhenglun-zongyiji-184-dares-dpp-to-revolutionize-roc-frame-and-ties-kenya-case-to-1992-consensus-origin","{""id"":""li-ao-zhenglun-zongyiji-184-dares-dpp-to-revolutionize-roc-frame-and-ties-kenya-case-to-1992-consensus-origin"",""date"":""2016-05-17"",""year"":2016,""month"":5,""day"":17,""title"":""李敖借肯亚诈骗犯和九二共识追问民进党敢不敢真正革命"",""summary"":""节目谈到肯亚诈骗犯送北京，李敖说若民进党是革命团体，就该废旧宪法、推翻中华民国和青天白日旗，问题不是台独，而是敢不敢台独；随后他把九二共识追到二〇〇〇年四月苏起在陈水扁时代提出，认为共产党接受后台湾又否认，当然会翻脸。"",""category"":""media"",""source"":""《大李敖全集5.0》（wjm_tcy版）分章节/010.节目演讲类/012.李敖政论综艺集/184.20160517《新台湾加油》.txt"",""sourceLines"":[65,97],""lineCount"":231,""people"":[""李敖"",""廖筱君"",""陈水扁"",""苏起"",""蒋介石"",""谢聪敏""],""places"":[""台湾"",""北京"",""肯亚"",""大陆""],""works"":[""新台湾加油""],""tags"":[""李敖政论综艺集"",""第十九轮"",""closeout"",""节目访谈"",""第184集"",""肯亚诈骗案"",""台独"",""中华民国"",""九二共识"",""苏起""],""crossReferences"":[""li-ao-zhenglun-zongyiji-177-traces-1992-consensus-to-su-chi-chen-and-tsai-mutual-cover"",""li-ao-zhenglun-zongyiji-178-uses-cai-ingwen-2000-legislative-record-to-pin-her-to-unification-guidelines""],""view"":[""public""],""confidence"":""high"",""round"":""li-ao-zhenglun-zongyiji-round019-181-186-closeout"",""dataFile"":""data/timeline-events-li-ao-zhenglun-zongyiji.json""}"
"28018","2016","2016-05-17","2016-05-17","day","","李敖赞成限制马英九出境，并把他重新定位为亲美亲日而非亲中","被问是否会制造对立时，李敖说赞成限制马英九出境，因为他可能有逃亡之意，且父亲、女婿、绿卡和美国包庇都使身份不明；他进一步说马英九没有资格亲中，真正是亲美、亲日，海啸后带头给日本捐六十六亿台币就是例子。","李敖、廖筱君、马英九、蔡英文、薛石民","台湾、美国、日本、大陆","李敖政论综艺集、第十九轮、closeout、节目访谈、第184集、限制出境、马英九、亲美、亲日、绿卡","public","新台湾加油","li-ao-zhenglun-zongyiji-163-denies-ma-clean-image-through-party-assets-and-campaign-money","","","","","","[]","data/timeline-events-li-ao-zhenglun-zongyiji.json","li-ao-zhenglun-zongyiji-184-supports-restricting-ma-exit-and-recasts-him-as-pro-american-pro-japanese-not-pro-china","{""id"":""li-ao-zhenglun-zongyiji-184-supports-restricting-ma-exit-and-recasts-him-as-pro-american-pro-japanese-not-pro-china"",""date"":""2016-05-17"",""year"":2016,""month"":5,""day"":17,""title"":""李敖赞成限制马英九出境，并把他重新定位为亲美亲日而非亲中"",""summary"":""被问是否会制造对立时，李敖说赞成限制马英九出境，因为他可能有逃亡之意，且父亲、女婿、绿卡和美国包庇都使身份不明；他进一步说马英九没有资格亲中，真正是亲美、亲日，海啸后带头给日本捐六十六亿台币就是例子。"",""category"":""media"",""source"":""《大李敖全集5.0》（wjm_tcy版）分章节/010.节目演讲类/012.李敖政论综艺集/184.20160517《新台湾加油》.txt"",""sourceLines"":[45,65],""lineCount"":231,""people"":[""李敖"",""廖筱君"",""马英九"",""蔡英文"",""薛石民""],""places"":[""台湾"",""美国"",""日本"",""大陆""],""works"":[""新台湾加油""],""tags"":[""李敖政论综艺集"",""第十九轮"",""closeout"",""节目访谈"",""第184集"",""限制出境"",""马英九"",""亲美"",""亲日"",""绿卡""],""crossReferences"":[""li-ao-zhenglun-zongyiji-163-denies-ma-clean-image-through-party-assets-and-campaign-money""],""view"":[""public""],""confidence"":""high"",""round"":""li-ao-zhenglun-zongyiji-round019-181-186-closeout"",""dataFile"":""data/timeline-events-li-ao-zhenglun-zongyiji.json""}"
"28019","2016","2016-05-17","2016-05-17","day","","李敖警告蔡英文自造潜舰政策既造不出来，也会因掐大陆石油命脉而挑衅","谈蔡英文影子内阁国防部长冯世宽的潜舰政策时，他说台湾连汽车都造不出来，更造不了高度机密的潜艇；又回忆质询李杰时，李杰承认潜艇用途是剪断大陆从新加坡到上海的石油线，李敖据此判断这会逼大陆拼命。","李敖、廖筱君、蔡英文、冯世宽、李杰","台湾、美国、大陆、新加坡、上海","李敖政论综艺集、第十九轮、closeout、节目访谈、第184集、潜水艇、冯世宽、李杰、国防政策、军购","public","新台湾加油","li-ao-zhenglun-zongyiji-077-says-submarines-could-provoke-preemptive-mainland-attack、li-ao-zhenglun-zongyiji-077-warns-initial-arms-budget-is-head-passing-then-body-follows","","","","","","[]","data/timeline-events-li-ao-zhenglun-zongyiji.json","li-ao-zhenglun-zongyiji-184-warns-tsai-submarine-policy-is-unbuildable-and-would-provoke-mainland","{""id"":""li-ao-zhenglun-zongyiji-184-warns-tsai-submarine-policy-is-unbuildable-and-would-provoke-mainland"",""date"":""2016-05-17"",""year"":2016,""month"":5,""day"":17,""title"":""李敖警告蔡英文自造潜舰政策既造不出来，也会因掐大陆石油命脉而挑衅"",""summary"":""谈蔡英文影子内阁国防部长冯世宽的潜舰政策时，他说台湾连汽车都造不出来，更造不了高度机密的潜艇；又回忆质询李杰时，李杰承认潜艇用途是剪断大陆从新加坡到上海的石油线，李敖据此判断这会逼大陆拼命。"",""category"":""media"",""source"":""《大李敖全集5.0》（wjm_tcy版）分章节/010.节目演讲类/012.李敖政论综艺集/184.20160517《新台湾加油》.txt"",""sourceLines"":[169,205],""lineCount"":231,""people"":[""李敖"",""廖筱君"",""蔡英文"",""冯世宽"",""李杰""],""places"":[""台湾"",""美国"",""大陆"",""新加坡"",""上海""],""works"":[""新台湾加油""],""tags"":[""李敖政论综艺集"",""第十九轮"",""closeout"",""节目访谈"",""第184集"",""潜水艇"",""冯世宽"",""李杰"",""国防政策"",""军购""],""crossReferences"":[""li-ao-zhenglun-zongyiji-077-says-submarines-could-provoke-preemptive-mainland-attack"",""li-ao-zhenglun-zongyiji-077-warns-initial-arms-budget-is-head-passing-then-body-follows""],""view"":[""public""],""confidence"":""high"",""round"":""li-ao-zhenglun-zongyiji-round019-181-186-closeout"",""dataFile"":""data/timeline-events-li-ao-zhenglun-zongyiji.json""}"
"28020","2016","2016-05-20","2016-05-20","day","","李敖在就职当天再用《台湾关系法》without charge和铺路爪雷达批美国保护费","他说美国绝不可靠，钱复、沈剑虹和基辛格回忆录都显示美国保证转眼成谎；《台湾关系法》只写严重关切，参议院记录里的 provide 还带 without charge，台湾却买铺路爪雷达并每年花十二亿维护，实际只是替美国监测远程飞弹。","李敖、钱复、沈剑虹、基辛格、宋楚瑜、蒋经国","台湾、美国、北京、新疆、福建、英国","李敖政论综艺集、第十九轮、closeout、节目访谈、第185集、美国不可靠、台湾关系法、without charge、铺路爪、军购","public","POP抢先爆、台湾关系法、钱复回忆录、沈剑虹回忆录","li-ao-zhenglun-zongyiji-179-says-us-trips-expose-fake-sovereignty-and-tra-only-serious-concern、li-ao-zhenglun-zongyiji-042-uses-taiwan-relations-act-provide-to-attack-arms-payment","","","","","","[]","data/timeline-events-li-ao-zhenglun-zongyiji.json","li-ao-zhenglun-zongyiji-185-repeats-american-unreliability-through-tra-without-charge-and-pave-paws-radar","{""id"":""li-ao-zhenglun-zongyiji-185-repeats-american-unreliability-through-tra-without-charge-and-pave-paws-radar"",""date"":""2016-05-20"",""year"":2016,""month"":5,""day"":20,""title"":""李敖在就职当天再用《台湾关系法》without charge和铺路爪雷达批美国保护费"",""summary"":""他说美国绝不可靠，钱复、沈剑虹和基辛格回忆录都显示美国保证转眼成谎；《台湾关系法》只写严重关切，参议院记录里的 provide 还带 without charge，台湾却买铺路爪雷达并每年花十二亿维护，实际只是替美国监测远程飞弹。"",""category"":""media"",""source"":""《大李敖全集5.0》（wjm_tcy版）分章节/010.节目演讲类/012.李敖政论综艺集/185.20160520《POP抢先爆》.txt"",""sourceLines"":[413,455],""lineCount"":573,""people"":[""李敖"",""钱复"",""沈剑虹"",""基辛格"",""宋楚瑜"",""蒋经国""],""places"":[""台湾"",""美国"",""北京"",""新疆"",""福建"",""英国""],""works"":[""POP抢先爆"",""台湾关系法"",""钱复回忆录"",""沈剑虹回忆录""],""tags"":[""李敖政论综艺集"",""第十九轮"",""closeout"",""节目访谈"",""第185集"",""美国不可靠"",""台湾关系法"",""without charge"",""铺路爪"",""军购""],""crossReferences"":[""li-ao-zhenglun-zongyiji-179-says-us-trips-expose-fake-sovereignty-and-tra-only-serious-concern"",""li-ao-zhenglun-zongyiji-042-uses-taiwan-relations-act-provide-to-attack-arms-payment""],""view"":[""public""],""confidence"":""high"",""round"":""li-ao-zhenglun-zongyiji-round019-181-186-closeout"",""dataFile"":""data/timeline-events-li-ao-zhenglun-zongyiji.json""}"
"28021","2016","2016-05-20","2016-05-20","day","","李敖判断蔡英文演说不会让北京满意，并用六十比一战争问题戳破台独公投勇气","他认为北京不会觉得就职演说OK，因为台湾让它不痛快，它也不会让台湾痛快；若真要善意，应按宪法直接谈一个中国。随后他反问若台独公投导致打仗怎么办，人口六十比一，可能哥哥、丈夫、弟弟和情人都死，民进党连蔡同荣公投案与林义雄核四公投都不敢。","李敖、蔡英文、蔡同荣、陈水扁、李文忠、林义雄","台湾、北京、大陆、美国","李敖政论综艺集、第十九轮、closeout、节目访谈、第185集、蔡英文就职演说、北京、台独公投、战争、民进党","public","POP抢先爆","li-ao-zhenglun-zongyiji-158-turns-1992-consensus-into-name-dispute-and-possible-taiwan-consensus、li-ao-zhenglun-zongyiji-067-proposes-negotiating-un-ambassador-and-museum-posts-for-taiwan","","","","","","[]","data/timeline-events-li-ao-zhenglun-zongyiji.json","li-ao-zhenglun-zongyiji-185-says-inaugural-will-not-satisfy-beijing-and-exposes-referendum-courage-through-sixty-to-one-war-question","{""id"":""li-ao-zhenglun-zongyiji-185-says-inaugural-will-not-satisfy-beijing-and-exposes-referendum-courage-through-sixty-to-one-war-question"",""date"":""2016-05-20"",""year"":2016,""month"":5,""day"":20,""title"":""李敖判断蔡英文演说不会让北京满意，并用六十比一战争问题戳破台独公投勇气"",""summary"":""他认为北京不会觉得就职演说OK，因为台湾让它不痛快，它也不会让台湾痛快；若真要善意，应按宪法直接谈一个中国。随后他反问若台独公投导致打仗怎么办，人口六十比一，可能哥哥、丈夫、弟弟和情人都死，民进党连蔡同荣公投案与林义雄核四公投都不敢。"",""category"":""media"",""source"":""《大李敖全集5.0》（wjm_tcy版）分章节/010.节目演讲类/012.李敖政论综艺集/185.20160520《POP抢先爆》.txt"",""sourceLines"":[365,411],""lineCount"":573,""people"":[""李敖"",""蔡英文"",""蔡同荣"",""陈水扁"",""李文忠"",""林义雄""],""places"":[""台湾"",""北京"",""大陆"",""美国""],""works"":[""POP抢先爆""],""tags"":[""李敖政论综艺集"",""第十九轮"",""closeout"",""节目访谈"",""第185集"",""蔡英文就职演说"",""北京"",""台独公投"",""战争"",""民进党""],""crossReferences"":[""li-ao-zhenglun-zongyiji-158-turns-1992-consensus-into-name-dispute-and-possible-taiwan-consensus"",""li-ao-zhenglun-zongyiji-067-proposes-negotiating-un-ambassador-and-museum-posts-for-taiwan""],""view"":[""public""],""confidence"":""high"",""round"":""li-ao-zhenglun-zongyiji-round019-181-186-closeout"",""dataFile"":""data/timeline-events-li-ao-zhenglun-zongyiji.json""}"
"28022","2016","2016-05-20","2016-05-20","day","","李敖把蔡英文就职演说评为美丽空话，并用政府就是问题否定新南向和改革愿景","被追问评分时，他说演说感性美丽但都是空话，内行人一听就知道与十六年前内容相同；他借里根的政府就是问题，指出台湾小到全世界二万分之二，只有二十二个邦交国，新南向、区域政策和改革愿景都只是梦。","李敖、蔡英文、里根","台湾、新加坡、非洲、欧洲、教廷","李敖政论综艺集、第十九轮、closeout、节目访谈、第185集、蔡英文就职演说、空话、政府问题、新南向、邦交国","public","POP抢先爆","","","","","","","[]","data/timeline-events-li-ao-zhenglun-zongyiji.json","li-ao-zhenglun-zongyiji-185-scores-inaugural-as-beautiful-empty-talk-and-repeats-government-is-the-problem","{""id"":""li-ao-zhenglun-zongyiji-185-scores-inaugural-as-beautiful-empty-talk-and-repeats-government-is-the-problem"",""date"":""2016-05-20"",""year"":2016,""month"":5,""day"":20,""title"":""李敖把蔡英文就职演说评为美丽空话，并用政府就是问题否定新南向和改革愿景"",""summary"":""被追问评分时，他说演说感性美丽但都是空话，内行人一听就知道与十六年前内容相同；他借里根的政府就是问题，指出台湾小到全世界二万分之二，只有二十二个邦交国，新南向、区域政策和改革愿景都只是梦。"",""category"":""media"",""source"":""《大李敖全集5.0》（wjm_tcy版）分章节/010.节目演讲类/012.李敖政论综艺集/185.20160520《POP抢先爆》.txt"",""sourceLines"":[191,229],""lineCount"":573,""people"":[""李敖"",""蔡英文"",""里根""],""places"":[""台湾"",""新加坡"",""非洲"",""欧洲"",""教廷""],""works"":[""POP抢先爆""],""tags"":[""李敖政论综艺集"",""第十九轮"",""closeout"",""节目访谈"",""第185集"",""蔡英文就职演说"",""空话"",""政府问题"",""新南向"",""邦交国""],""crossReferences"":[],""view"":[""public""],""confidence"":""high"",""round"":""li-ao-zhenglun-zongyiji-round019-181-186-closeout"",""dataFile"":""data/timeline-events-li-ao-zhenglun-zongyiji.json""}"
"28023","2016","2016-05-20","2016-05-20","day","","李敖说北京六十七年对台政策错在押宝国民党，应利用百年窗口让台湾休养生息","他说大陆听蔡英文演说是否接受，要先看北京能否反省六十七年来一个个失败的对台政策，尤其押宝连战和国民党；他主张消灭国民党、查党产，再利用毛泽东和邓小平都愿意等台湾一百年的窗口，不再买武器，把钱给年轻人。","李敖、蔡英文、连战、胡锦涛、李登辉、马英九、毛泽东、邓小平","台湾、北京、大陆","李敖政论综艺集、第十九轮、closeout、节目访谈、第185集、北京对台政策、国民党、党产、百年论、年轻人","public","POP抢先爆、中国论","li-ao-zhenglun-zongyiji-179-calls-hung-hsiu-chu-only-living-kmt-figure-and-kmt-a-cross-strait-illusion、li-ao-zhenglun-zongyiji-166-uses-kissinger-mao-hundred-years-to-freeze-defense-budget-and-share-cash","","","","","","[]","data/timeline-events-li-ao-zhenglun-zongyiji.json","li-ao-zhenglun-zongyiji-185-says-beijing-misread-taiwan-for-sixty-seven-years-by-betting-on-kmt-and-should-let-taiwan-rest","{""id"":""li-ao-zhenglun-zongyiji-185-says-beijing-misread-taiwan-for-sixty-seven-years-by-betting-on-kmt-and-should-let-taiwan-rest"",""date"":""2016-05-20"",""year"":2016,""month"":5,""day"":20,""title"":""李敖说北京六十七年对台政策错在押宝国民党，应利用百年窗口让台湾休养生息"",""summary"":""他说大陆听蔡英文演说是否接受，要先看北京能否反省六十七年来一个个失败的对台政策，尤其押宝连战和国民党；他主张消灭国民党、查党产，再利用毛泽东和邓小平都愿意等台湾一百年的窗口，不再买武器，把钱给年轻人。"",""category"":""media"",""source"":""《大李敖全集5.0》（wjm_tcy版）分章节/010.节目演讲类/012.李敖政论综艺集/185.20160520《POP抢先爆》.txt"",""sourceLines"":[323,328],""lineCount"":573,""people"":[""李敖"",""蔡英文"",""连战"",""胡锦涛"",""李登辉"",""马英九"",""毛泽东"",""邓小平""],""places"":[""台湾"",""北京"",""大陆""],""works"":[""POP抢先爆"",""中国论""],""tags"":[""李敖政论综艺集"",""第十九轮"",""closeout"",""节目访谈"",""第185集"",""北京对台政策"",""国民党"",""党产"",""百年论"",""年轻人""],""crossReferences"":[""li-ao-zhenglun-zongyiji-179-calls-hung-hsiu-chu-only-living-kmt-figure-and-kmt-a-cross-strait-illusion"",""li-ao-zhenglun-zongyiji-166-uses-kissinger-mao-hundred-years-to-freeze-defense-budget-and-share-cash""],""view"":[""public""],""confidence"":""high"",""round"":""li-ao-zhenglun-zongyiji-round019-181-186-closeout"",""dataFile"":""data/timeline-events-li-ao-zhenglun-zongyiji.json""}"
"28024","2016","2016-05-20","2016-05-20","day","","李敖说台湾错失一百亿美金卡位大陆机会，只能小国寡民靠观光苟且偷生","他回忆陈立夫带三十四名国民党中央评议委员建议拿一百亿美金向大陆卡位，李登辉戒急用忍拒绝，后来大陆外汇上兆，台湾筹码已无；所以台湾应利用大陆暂不打的时间，做快乐小岛，不要国家和军队，改靠观光活着。","李敖、陈立夫、李登辉、郭台铭","台湾、大陆、以色列、日本、香港、美国","李敖政论综艺集、第十九轮、closeout、节目访谈、第185集、一国两制、戒急用忍、观光、小国寡民、谈判筹码","public","POP抢先爆","li-ao-zhenglun-zongyiji-178-argues-taiwan-should-live-fifty-years-on-tourism-and-no-arms、li-ao-zhenglun-zongyiji-120-says-taiwan-is-small-tourism-future-and-nuclear-waste-energy-prove-one-china","","","","","","[]","data/timeline-events-li-ao-zhenglun-zongyiji.json","li-ao-zhenglun-zongyiji-185-proposes-happy-small-island-tourism-after-losing-mainland-bargaining-card","{""id"":""li-ao-zhenglun-zongyiji-185-proposes-happy-small-island-tourism-after-losing-mainland-bargaining-card"",""date"":""2016-05-20"",""year"":2016,""month"":5,""day"":20,""title"":""李敖说台湾错失一百亿美金卡位大陆机会，只能小国寡民靠观光苟且偷生"",""summary"":""他回忆陈立夫带三十四名国民党中央评议委员建议拿一百亿美金向大陆卡位，李登辉戒急用忍拒绝，后来大陆外汇上兆，台湾筹码已无；所以台湾应利用大陆暂不打的时间，做快乐小岛，不要国家和军队，改靠观光活着。"",""category"":""media"",""source"":""《大李敖全集5.0》（wjm_tcy版）分章节/010.节目演讲类/012.李敖政论综艺集/185.20160520《POP抢先爆》.txt"",""sourceLines"":[329,349],""lineCount"":573,""people"":[""李敖"",""陈立夫"",""李登辉"",""郭台铭""],""places"":[""台湾"",""大陆"",""以色列"",""日本"",""香港"",""美国""],""works"":[""POP抢先爆""],""tags"":[""李敖政论综艺集"",""第十九轮"",""closeout"",""节目访谈"",""第185集"",""一国两制"",""戒急用忍"",""观光"",""小国寡民"",""谈判筹码""],""crossReferences"":[""li-ao-zhenglun-zongyiji-178-argues-taiwan-should-live-fifty-years-on-tourism-and-no-arms"",""li-ao-zhenglun-zongyiji-120-says-taiwan-is-small-tourism-future-and-nuclear-waste-energy-prove-one-china""],""view"":[""public""],""confidence"":""high"",""round"":""li-ao-zhenglun-zongyiji-round019-181-186-closeout"",""dataFile"":""data/timeline-events-li-ao-zhenglun-zongyiji.json""}"
"28025","2016","2016-05-20","2016-05-20","day","","李敖说谈转型正义应先向他致敬，并重提自己出钱办郑南榕杂志和李大维质询纪录","主持人提到他虽反台独却曾帮台独人，李敖立即说现在谈转型正义先要向他致敬，因为他对台湾言论自由有功劳，郑南榕办杂志是他出的钱；随后他又重述质询李大维十四天守台说，留下台湾变废墟美国就不来的立法院记录。","李敖、郑南榕、李大维、汪用和、郑师诚","台湾、美国","李敖政论综艺集、第十九轮、closeout、节目访谈、第185集、转型正义、郑南榕、言论自由、李大维、立法院质询","public","POP抢先爆","li-ao-zhenglun-zongyiji-143-produces-cheng-nan-jung-letter-to-answer-liu-yihong、li-ao-zhenglun-zongyiji-078-uses-us-defense-data-to-refute-li-jie-fourteen-days","","","","","","[]","data/timeline-events-li-ao-zhenglun-zongyiji.json","li-ao-zhenglun-zongyiji-185-claims-transition-justice-should-salute-him-and-retells-cheng-nan-jung-funding-before-li-dawei-record","{""id"":""li-ao-zhenglun-zongyiji-185-claims-transition-justice-should-salute-him-and-retells-cheng-nan-jung-funding-before-li-dawei-record"",""date"":""2016-05-20"",""year"":2016,""month"":5,""day"":20,""title"":""李敖说谈转型正义应先向他致敬，并重提自己出钱办郑南榕杂志和李大维质询纪录"",""summary"":""主持人提到他虽反台独却曾帮台独人，李敖立即说现在谈转型正义先要向他致敬，因为他对台湾言论自由有功劳，郑南榕办杂志是他出的钱；随后他又重述质询李大维十四天守台说，留下台湾变废墟美国就不来的立法院记录。"",""category"":""media"",""source"":""《大李敖全集5.0》（wjm_tcy版）分章节/010.节目演讲类/012.李敖政论综艺集/185.20160520《POP抢先爆》.txt"",""sourceLines"":[469,493],""lineCount"":573,""people"":[""李敖"",""郑南榕"",""李大维"",""汪用和"",""郑师诚""],""places"":[""台湾"",""美国""],""works"":[""POP抢先爆""],""tags"":[""李敖政论综艺集"",""第十九轮"",""closeout"",""节目访谈"",""第185集"",""转型正义"",""郑南榕"",""言论自由"",""李大维"",""立法院质询""],""crossReferences"":[""li-ao-zhenglun-zongyiji-143-produces-cheng-nan-jung-letter-to-answer-liu-yihong"",""li-ao-zhenglun-zongyiji-078-uses-us-defense-data-to-refute-li-jie-fourteen-days""],""view"":[""public""],""confidence"":""high"",""round"":""li-ao-zhenglun-zongyiji-round019-181-186-closeout"",""dataFile"":""data/timeline-events-li-ao-zhenglun-zongyiji.json""}"
"28026","2016","2016-05-20","2016-05-20","day","","李敖说蔡英文太平岛说法同马英九相似，都赶不上陈水扁盖机场的实际保护","节目尾声谈东海、南海与太平岛，李敖认为蔡英文主张搁置争议、共同开发与马英九类似，反而都不如陈水扁当年在太平岛盖机场；菲律宾若在国际法院成功把太平岛打成礁石，台湾就不能只说搁置，仍要保卫它。","李敖、蔡英文、马英九、陈水扁、汪用和、郑师诚","台湾、太平岛、东海、南海、菲律宾、美国、大陆","李敖政论综艺集、第十九轮、closeout、节目访谈、第185集、太平岛、南海、陈水扁、蔡英文、共同开发","public","POP抢先爆","li-ao-zhenglun-zongyiji-183-turns-taiping-island-into-test-of-roc-claim-and-mainland-landing-scenario","","","","","","[]","data/timeline-events-li-ao-zhenglun-zongyiji.json","li-ao-zhenglun-zongyiji-185-compares-tsai-and-ma-taiping-island-line-with-chen-building-airstrip","{""id"":""li-ao-zhenglun-zongyiji-185-compares-tsai-and-ma-taiping-island-line-with-chen-building-airstrip"",""date"":""2016-05-20"",""year"":2016,""month"":5,""day"":20,""title"":""李敖说蔡英文太平岛说法同马英九相似，都赶不上陈水扁盖机场的实际保护"",""summary"":""节目尾声谈东海、南海与太平岛，李敖认为蔡英文主张搁置争议、共同开发与马英九类似，反而都不如陈水扁当年在太平岛盖机场；菲律宾若在国际法院成功把太平岛打成礁石，台湾就不能只说搁置，仍要保卫它。"",""category"":""media"",""source"":""《大李敖全集5.0》（wjm_tcy版）分章节/010.节目演讲类/012.李敖政论综艺集/185.20160520《POP抢先爆》.txt"",""sourceLines"":[537,561],""lineCount"":573,""people"":[""李敖"",""蔡英文"",""马英九"",""陈水扁"",""汪用和"",""郑师诚""],""places"":[""台湾"",""太平岛"",""东海"",""南海"",""菲律宾"",""美国"",""大陆""],""works"":[""POP抢先爆""],""tags"":[""李敖政论综艺集"",""第十九轮"",""closeout"",""节目访谈"",""第185集"",""太平岛"",""南海"",""陈水扁"",""蔡英文"",""共同开发""],""crossReferences"":[""li-ao-zhenglun-zongyiji-183-turns-taiping-island-into-test-of-roc-claim-and-mainland-landing-scenario""],""view"":[""public""],""confidence"":""high"",""round"":""li-ao-zhenglun-zongyiji-round019-181-186-closeout"",""dataFile"":""data/timeline-events-li-ao-zhenglun-zongyiji.json""}"
"28027","2016","2016-05-20","2016-05-20","day","","李敖说蔡英文若有气派，应废国防部、蒙藏委员会、福建省政府和国歌","他主张蔡英文若要务实，应敢于台独公投、抛弃三民主义和五院制；又说宪法只写国防经费依法定之，没有保护国防部，总统也可废蒙藏委员会、福建省政府，甚至因宪法无国歌条款而改国歌。他还回忆自己立委宣誓时面对镜子，不向孙中山宣誓。","李敖、蔡英文、陈水扁、孙中山、汪用和、郑师诚","台湾","李敖政论综艺集、第十九轮、closeout、节目访谈、第185集、废国防部、蒙藏委员会、福建省政府、国歌、宣誓","public","POP抢先爆、中华民国宪法","li-ao-zhenglun-zongyiji-167-proposes-abolishing-defense-ministry-taxing-tycoons-and-paying-everyone-550000、li-ao-zhenglun-zongyiji-034-says-national-anthem-can-be-changed-without-amendment","","","","","","[]","data/timeline-events-li-ao-zhenglun-zongyiji.json","li-ao-zhenglun-zongyiji-185-demands-real-reform-by-abolishing-defense-ministry-mongolian-tibetan-commission-fujian-office-and-anthem","{""id"":""li-ao-zhenglun-zongyiji-185-demands-real-reform-by-abolishing-defense-ministry-mongolian-tibetan-commission-fujian-office-and-anthem"",""date"":""2016-05-20"",""year"":2016,""month"":5,""day"":20,""title"":""李敖说蔡英文若有气派，应废国防部、蒙藏委员会、福建省政府和国歌"",""summary"":""他主张蔡英文若要务实，应敢于台独公投、抛弃三民主义和五院制；又说宪法只写国防经费依法定之，没有保护国防部，总统也可废蒙藏委员会、福建省政府，甚至因宪法无国歌条款而改国歌。他还回忆自己立委宣誓时面对镜子，不向孙中山宣誓。"",""category"":""media"",""source"":""《大李敖全集5.0》（wjm_tcy版）分章节/010.节目演讲类/012.李敖政论综艺集/185.20160520《POP抢先爆》.txt"",""sourceLines"":[229,303],""lineCount"":573,""people"":[""李敖"",""蔡英文"",""陈水扁"",""孙中山"",""汪用和"",""郑师诚""],""places"":[""台湾""],""works"":[""POP抢先爆"",""中华民国宪法""],""tags"":[""李敖政论综艺集"",""第十九轮"",""closeout"",""节目访谈"",""第185集"",""废国防部"",""蒙藏委员会"",""福建省政府"",""国歌"",""宣誓""],""crossReferences"":[""li-ao-zhenglun-zongyiji-167-proposes-abolishing-defense-ministry-taxing-tycoons-and-paying-everyone-550000"",""li-ao-zhenglun-zongyiji-034-says-national-anthem-can-be-changed-without-amendment""],""view"":[""public""],""confidence"":""high"",""round"":""li-ao-zhenglun-zongyiji-round019-181-186-closeout"",""dataFile"":""data/timeline-events-li-ao-zhenglun-zongyiji.json""}"
"28028","2016","2016-05-20","2016-05-20","day","","蔡英文就职当天，李敖用十六年前立院记录和宪法条文评她没有排除九二共识","节目实时听完蔡英文就职演说后，李敖说她十六年前在立院曾讲陈水扁五二〇演说没有排除九二共识，如今也没有排除；她三十五次说国家，却又依据中华民国宪法，而宪法增修条文含自由地区和大陆地区，按此根本是一个中国。","李敖、蔡英文、陈水扁、林青霞、苏起","台湾、大陆","李敖政论综艺集、第十九轮、closeout、节目访谈、第185集、蔡英文就职演说、九二共识、中华民国宪法、一个中国、五二〇","public","POP抢先爆、中华民国宪法","li-ao-zhenglun-zongyiji-178-uses-cai-ingwen-2000-legislative-record-to-pin-her-to-unification-guidelines、li-ao-zhenglun-zongyiji-177-traces-1992-consensus-to-su-chi-chen-and-tsai-mutual-cover","","","","","","[]","data/timeline-events-li-ao-zhenglun-zongyiji.json","li-ao-zhenglun-zongyiji-185-reviews-tsai-inaugural-through-2000-record-constitution-and-one-china-not-1992-consensus","{""id"":""li-ao-zhenglun-zongyiji-185-reviews-tsai-inaugural-through-2000-record-constitution-and-one-china-not-1992-consensus"",""date"":""2016-05-20"",""year"":2016,""month"":5,""day"":20,""title"":""蔡英文就职当天，李敖用十六年前立院记录和宪法条文评她没有排除九二共识"",""summary"":""节目实时听完蔡英文就职演说后，李敖说她十六年前在立院曾讲陈水扁五二〇演说没有排除九二共识，如今也没有排除；她三十五次说国家，却又依据中华民国宪法，而宪法增修条文含自由地区和大陆地区，按此根本是一个中国。"",""category"":""media"",""source"":""《大李敖全集5.0》（wjm_tcy版）分章节/010.节目演讲类/012.李敖政论综艺集/185.20160520《POP抢先爆》.txt"",""sourceLines"":[161,185],""lineCount"":573,""people"":[""李敖"",""蔡英文"",""陈水扁"",""林青霞"",""苏起""],""places"":[""台湾"",""大陆""],""works"":[""POP抢先爆"",""中华民国宪法""],""tags"":[""李敖政论综艺集"",""第十九轮"",""closeout"",""节目访谈"",""第185集"",""蔡英文就职演说"",""九二共识"",""中华民国宪法"",""一个中国"",""五二〇""],""crossReferences"":[""li-ao-zhenglun-zongyiji-178-uses-cai-ingwen-2000-legislative-record-to-pin-her-to-unification-guidelines"",""li-ao-zhenglun-zongyiji-177-traces-1992-consensus-to-su-chi-chen-and-tsai-mutual-cover""],""view"":[""public""],""confidence"":""high"",""round"":""li-ao-zhenglun-zongyiji-round019-181-186-closeout"",""dataFile"":""data/timeline-events-li-ao-zhenglun-zongyiji.json""}"
"28029","2016","2016-05-26","2016年5月26日星期四","day","confirmed","《亚洲周刊》江迅来访，李敖问刊物是否仍被禁止进口","《2016年5月》写，2016年5月26日，《亚洲周刊》江迅来访。李敖问大陆是否仍禁止《亚洲周刊》进门，江迅点头，并补充虽不准进口，却从后门订阅2000本。李敖由此谈自己写作是在给自己留下红线。","李敖、江迅","台湾、中国大陆","江迅、亚洲周刊、禁止进口、来访","交游线、媒体线、审查线","亚洲周刊、虽千万人，李敖往矣","","虽千万人，李敖往矣","042.2016年5月","101","《大李敖全集5.0》（wjm_tcy版）分章节/005.诗集语录类/005.虽千万人，李敖往矣/042.2016年5月.txt","","[]","data/timeline-events-sui-qianwan-li-ao-wangyi.json","sui-qianwan-2016-05-26-jiang-xun-visits-and-discusses-asia-weekly-ban","{""id"":""sui-qianwan-2016-05-26-jiang-xun-visits-and-discusses-asia-weekly-ban"",""date"":""2016-05-26"",""displayDate"":""2016年5月26日星期四"",""datePrecision"":""day"",""title"":""《亚洲周刊》江迅来访，李敖问刊物是否仍被禁止进口"",""summary"":""《2016年5月》写，2016年5月26日，《亚洲周刊》江迅来访。李敖问大陆是否仍禁止《亚洲周刊》进门，江迅点头，并补充虽不准进口，却从后门订阅2000本。李敖由此谈自己写作是在给自己留下红线。"",""view"":[""交游线"",""媒体线"",""审查线""],""tags"":[""江迅"",""亚洲周刊"",""禁止进口"",""来访""],""people"":[""李敖"",""江迅""],""places"":[""台湾"",""中国大陆""],""works"":[""亚洲周刊"",""虽千万人，李敖往矣""],""certainty"":""confirmed"",""source"":{""book"":""虽千万人，李敖往矣"",""chapter"":""042.2016年5月"",""path"":""《大李敖全集5.0》（wjm_tcy版）分章节/005.诗集语录类/005.虽千万人，李敖往矣/042.2016年5月.txt"",""line"":101},""dataFile"":""data/timeline-events-sui-qianwan-li-ao-wangyi.json""}"
"28030","2016","2016-05-30","2016年5月30日星期一","day","confirmed","三立电视台廖晓君付四万元请李敖讲两小时，播出时删去他对共产党的公道话","《2016年5月》写，2016年5月30日，李敖称三立电视台廖晓君付了4万元，请他讲两小时不同声音的话；他骂遍每一个党，也讲了共产党三大功劳：富国、强兵、使中国人平均多活30岁。但电视播出时，这段“公道话”被删掉。","李敖、廖晓君","台湾","三立电视台、廖晓君、电视删节、四万元、访谈","媒体线、审查线、晚年线","虽千万人，李敖往矣","","虽千万人，李敖往矣","042.2016年5月","117","《大李敖全集5.0》（wjm_tcy版）分章节/005.诗集语录类/005.虽千万人，李敖往矣/042.2016年5月.txt","虽千万人，李敖往矣 / 044.2016年7月 / line 65 / 说明：7月16日补述李敖上电视架子大，三立廖筱君每年会冒险做一次一对一专访。 / 《大李敖全集5.0》（wjm_tcy版）分章节/005.诗集语录类/005.虽千万人，李敖往矣/044.2016年7月.txt","[{""book"":""虽千万人，李敖往矣"",""chapter"":""044.2016年7月"",""path"":""《大李敖全集5.0》（wjm_tcy版）分章节/005.诗集语录类/005.虽千万人，李敖往矣/044.2016年7月.txt"",""line"":65,""note"":""7月16日补述李敖上电视架子大，三立廖筱君每年会冒险做一次一对一专访。""}]","data/timeline-events-sui-qianwan-li-ao-wangyi.json","sui-qianwan-2016-05-30-sanli-pays-for-two-hour-talk-and-deletes-fair-remarks","{""id"":""sui-qianwan-2016-05-30-sanli-pays-for-two-hour-talk-and-deletes-fair-remarks"",""date"":""2016-05-30"",""displayDate"":""2016年5月30日星期一"",""datePrecision"":""day"",""title"":""三立电视台廖晓君付四万元请李敖讲两小时，播出时删去他对共产党的公道话"",""summary"":""《2016年5月》写，2016年5月30日，李敖称三立电视台廖晓君付了4万元，请他讲两小时不同声音的话；他骂遍每一个党，也讲了共产党三大功劳：富国、强兵、使中国人平均多活30岁。但电视播出时，这段“公道话”被删掉。"",""view"":[""媒体线"",""审查线"",""晚年线""],""tags"":[""三立电视台"",""廖晓君"",""电视删节"",""四万元"",""访谈""],""people"":[""李敖"",""廖晓君""],""places"":[""台湾""],""works"":[""虽千万人，李敖往矣""],""certainty"":""confirmed"",""source"":{""book"":""虽千万人，李敖往矣"",""chapter"":""042.2016年5月"",""path"":""《大李敖全集5.0》（wjm_tcy版）分章节/005.诗集语录类/005.虽千万人，李敖往矣/042.2016年5月.txt"",""line"":117},""additionalSources"":[{""book"":""虽千万人，李敖往矣"",""chapter"":""044.2016年7月"",""path"":""《大李敖全集5.0》（wjm_tcy版）分章节/005.诗集语录类/005.虽千万人，李敖往矣/044.2016年7月.txt"",""line"":65,""note"":""7月16日补述李敖上电视架子大，三立廖筱君每年会冒险做一次一对一专访。""}],""dataFile"":""data/timeline-events-sui-qianwan-li-ao-wangyi.json""}"
"28031","2016","2016-06-03","2016年6月3日星期五","day","confirmed","李敖劝陈文茜多养几条狗以分散丧犬之痛","《2016年6月》写，陈文茜是爱狗家，李敖劝她说狗走了太痛苦，为什么还养；陈文茜回答痛苦短暂，快乐却有一二十年。李敖于是建议她多养几条，死一条就不至于那么痛苦。这条补出晚年与陈文茜的私下谈话和日常劝慰。","李敖、陈文茜","台湾","陈文茜、爱狗、日常谈话","交游线、日常线、晚年线","虽千万人，李敖往矣","","虽千万人，李敖往矣","043.2016年6月","13","《大李敖全集5.0》（wjm_tcy版）分章节/005.诗集语录类/005.虽千万人，李敖往矣/043.2016年6月.txt","","[]","data/timeline-events-sui-qianwan-li-ao-wangyi.json","sui-qianwan-2016-06-03-advises-chen-wenqian-about-dogs","{""id"":""sui-qianwan-2016-06-03-advises-chen-wenqian-about-dogs"",""date"":""2016-06-03"",""displayDate"":""2016年6月3日星期五"",""datePrecision"":""day"",""title"":""李敖劝陈文茜多养几条狗以分散丧犬之痛"",""summary"":""《2016年6月》写，陈文茜是爱狗家，李敖劝她说狗走了太痛苦，为什么还养；陈文茜回答痛苦短暂，快乐却有一二十年。李敖于是建议她多养几条，死一条就不至于那么痛苦。这条补出晚年与陈文茜的私下谈话和日常劝慰。"",""view"":[""交游线"",""日常线"",""晚年线""],""tags"":[""陈文茜"",""爱狗"",""日常谈话""],""people"":[""李敖"",""陈文茜""],""places"":[""台湾""],""works"":[""虽千万人，李敖往矣""],""certainty"":""confirmed"",""source"":{""book"":""虽千万人，李敖往矣"",""chapter"":""043.2016年6月"",""path"":""《大李敖全集5.0》（wjm_tcy版）分章节/005.诗集语录类/005.虽千万人，李敖往矣/043.2016年6月.txt"",""line"":13},""dataFile"":""data/timeline-events-sui-qianwan-li-ao-wangyi.json""}"
"28032","2016","2016-06-07","2016年6月7日星期二","day","confirmed","李敖在超市被女士盯住并认出","《2016年6月》写，2016年6月7日，李敖在超市被一位女士盯住，对方说记不起他是谁；经过几句对话，女士说“如你不是别人，我想你是李敖”。李敖借演员 Hampden 被错认的典故，把这次街头认人写成一则晚年日常。","李敖","台湾","超市、读者认出、晚年日常","日常线、晚年线","虽千万人，李敖往矣","","虽千万人，李敖往矣","043.2016年6月","29","《大李敖全集5.0》（wjm_tcy版）分章节/005.诗集语录类/005.虽千万人，李敖往矣/043.2016年6月.txt","","[]","data/timeline-events-sui-qianwan-li-ao-wangyi.json","sui-qianwan-2016-06-07-supermarket-woman-recognizes-li-ao","{""id"":""sui-qianwan-2016-06-07-supermarket-woman-recognizes-li-ao"",""date"":""2016-06-07"",""displayDate"":""2016年6月7日星期二"",""datePrecision"":""day"",""title"":""李敖在超市被女士盯住并认出"",""summary"":""《2016年6月》写，2016年6月7日，李敖在超市被一位女士盯住，对方说记不起他是谁；经过几句对话，女士说“如你不是别人，我想你是李敖”。李敖借演员 Hampden 被错认的典故，把这次街头认人写成一则晚年日常。"",""view"":[""日常线"",""晚年线""],""tags"":[""超市"",""读者认出"",""晚年日常""],""people"":[""李敖""],""places"":[""台湾""],""works"":[""虽千万人，李敖往矣""],""certainty"":""confirmed"",""source"":{""book"":""虽千万人，李敖往矣"",""chapter"":""043.2016年6月"",""path"":""《大李敖全集5.0》（wjm_tcy版）分章节/005.诗集语录类/005.虽千万人，李敖往矣/043.2016年6月.txt"",""line"":29},""dataFile"":""data/timeline-events-sui-qianwan-li-ao-wangyi.json""}"
"28033","2016","2016-06-28","2016年6月28日星期二","day","confirmed","陈平景来电问候身体，李敖说八十一岁后每天只能工作十五小时","《2016年6月》写，老友陈平景打电话问李敖身体，李敖说自己老了，每天不能工作16个小时；陈平景追问如今工作几小时，李敖答“每天只能工作15个小时了”。他并说81岁后把工作方式调整得更紧凑，计划中的几本大书要写完。","李敖、陈平景","台湾","陈平景、工作狂、八十一岁、写书、身体","健康线、写作线、交游线","虽千万人，李敖往矣","","虽千万人，李敖往矣","043.2016年6月","113","《大李敖全集5.0》（wjm_tcy版）分章节/005.诗集语录类/005.虽千万人，李敖往矣/043.2016年6月.txt","","[]","data/timeline-events-sui-qianwan-li-ao-wangyi.json","sui-qianwan-2016-06-28-chen-pingjing-calls-and-li-ao-says-works-fifteen-hours","{""id"":""sui-qianwan-2016-06-28-chen-pingjing-calls-and-li-ao-says-works-fifteen-hours"",""date"":""2016-06-28"",""displayDate"":""2016年6月28日星期二"",""datePrecision"":""day"",""title"":""陈平景来电问候身体，李敖说八十一岁后每天只能工作十五小时"",""summary"":""《2016年6月》写，老友陈平景打电话问李敖身体，李敖说自己老了，每天不能工作16个小时；陈平景追问如今工作几小时，李敖答“每天只能工作15个小时了”。他并说81岁后把工作方式调整得更紧凑，计划中的几本大书要写完。"",""view"":[""健康线"",""写作线"",""交游线""],""tags"":[""陈平景"",""工作狂"",""八十一岁"",""写书"",""身体""],""people"":[""李敖"",""陈平景""],""places"":[""台湾""],""works"":[""虽千万人，李敖往矣""],""certainty"":""confirmed"",""source"":{""book"":""虽千万人，李敖往矣"",""chapter"":""043.2016年6月"",""path"":""《大李敖全集5.0》（wjm_tcy版）分章节/005.诗集语录类/005.虽千万人，李敖往矣/043.2016年6月.txt"",""line"":113},""dataFile"":""data/timeline-events-sui-qianwan-li-ao-wangyi.json""}"
"28034","2016","2016-07-09","2016年7月9日星期六","day","confirmed","李敖在书房中提到藏有袁世凯时期政府公报","《2016年7月》写，2016年7月9日，李敖称自己“卧虎藏龙”，藏到不少东西，其中之一是袁世凯时期的政府公报；他由公报中大总统命令须国务卿副署，比较后来台湾政治制度的变化。","李敖、袁世凯","台湾","书房、袁世凯、政府公报、藏书","书房线、藏书线、文献线","虽千万人，李敖往矣","","虽千万人，李敖往矣","044.2016年7月","37","《大李敖全集5.0》（wjm_tcy版）分章节/005.诗集语录类/005.虽千万人，李敖往矣/044.2016年7月.txt","","[]","data/timeline-events-sui-qianwan-li-ao-wangyi.json","sui-qianwan-2016-07-09-notes-yuan-shikai-government-gazette-in-study","{""id"":""sui-qianwan-2016-07-09-notes-yuan-shikai-government-gazette-in-study"",""date"":""2016-07-09"",""displayDate"":""2016年7月9日星期六"",""datePrecision"":""day"",""title"":""李敖在书房中提到藏有袁世凯时期政府公报"",""summary"":""《2016年7月》写，2016年7月9日，李敖称自己“卧虎藏龙”，藏到不少东西，其中之一是袁世凯时期的政府公报；他由公报中大总统命令须国务卿副署，比较后来台湾政治制度的变化。"",""view"":[""书房线"",""藏书线"",""文献线""],""tags"":[""书房"",""袁世凯"",""政府公报"",""藏书""],""people"":[""李敖"",""袁世凯""],""places"":[""台湾""],""works"":[""虽千万人，李敖往矣""],""certainty"":""confirmed"",""source"":{""book"":""虽千万人，李敖往矣"",""chapter"":""044.2016年7月"",""path"":""《大李敖全集5.0》（wjm_tcy版）分章节/005.诗集语录类/005.虽千万人，李敖往矣/044.2016年7月.txt"",""line"":37},""dataFile"":""data/timeline-events-sui-qianwan-li-ao-wangyi.json""}"
"28035","2016","2016-07-14","2016年7月14日星期四","day","confirmed","陈文茜安排秘书 Vicky 每周三到李敖书房陪伴并协助剪贴","《2016年7月》写，李敖自称独来独往，把自己埋在像大坟一样的书房里，昼伏夜不出，整天没有电话也没人说话。陈文茜看不下去，每周三请秘书 Vicky 到书房来陪他；Vicky 又被李敖抓住做工，整天剪贴，从此书房每周三多了一个工作狂。","李敖、陈文茜、Vicky","李敖书房、台湾","陈文茜、Vicky、书房、剪贴、工作狂","书房线、交游线、日常线","虽千万人，李敖往矣","","虽千万人，李敖往矣","044.2016年7月","57","《大李敖全集5.0》（wjm_tcy版）分章节/005.诗集语录类/005.虽千万人，李敖往矣/044.2016年7月.txt","","[]","data/timeline-events-sui-qianwan-li-ao-wangyi.json","sui-qianwan-2016-07-14-chen-wenqian-sends-vicky-weekly-to-study","{""id"":""sui-qianwan-2016-07-14-chen-wenqian-sends-vicky-weekly-to-study"",""date"":""2016-07-14"",""displayDate"":""2016年7月14日星期四"",""datePrecision"":""day"",""title"":""陈文茜安排秘书 Vicky 每周三到李敖书房陪伴并协助剪贴"",""summary"":""《2016年7月》写，李敖自称独来独往，把自己埋在像大坟一样的书房里，昼伏夜不出，整天没有电话也没人说话。陈文茜看不下去，每周三请秘书 Vicky 到书房来陪他；Vicky 又被李敖抓住做工，整天剪贴，从此书房每周三多了一个工作狂。"",""view"":[""书房线"",""交游线"",""日常线""],""tags"":[""陈文茜"",""Vicky"",""书房"",""剪贴"",""工作狂""],""people"":[""李敖"",""陈文茜"",""Vicky""],""places"":[""李敖书房"",""台湾""],""works"":[""虽千万人，李敖往矣""],""certainty"":""confirmed"",""source"":{""book"":""虽千万人，李敖往矣"",""chapter"":""044.2016年7月"",""path"":""《大李敖全集5.0》（wjm_tcy版）分章节/005.诗集语录类/005.虽千万人，李敖往矣/044.2016年7月.txt"",""line"":57},""dataFile"":""data/timeline-events-sui-qianwan-li-ao-wangyi.json""}"
"28036","2016","2016-07-21","2016年7月21日星期四","day","confirmed","刘辰旦来访，与李敖聊四十年前难友王伟中旧事","《2016年7月》写，难友刘辰旦来找李敖聊天，谈起40年前往事，并问李敖是否记得同住五房的王伟中。刘辰旦转述王伟中出狱后回家、妻子为救他改嫁当年整他之人、王伟中醒悟后出家的故事。","李敖、刘辰旦、王伟中","台湾","刘辰旦、王伟中、难友、狱友、旧事","交游线、司法线、晚年线","虽千万人，李敖往矣","","虽千万人，李敖往矣","044.2016年7月","85","《大李敖全集5.0》（wjm_tcy版）分章节/005.诗集语录类/005.虽千万人，李敖往矣/044.2016年7月.txt","","[]","data/timeline-events-sui-qianwan-li-ao-wangyi.json","sui-qianwan-2016-07-21-liu-chendan-visits-and-talks-prison-past","{""id"":""sui-qianwan-2016-07-21-liu-chendan-visits-and-talks-prison-past"",""date"":""2016-07-21"",""displayDate"":""2016年7月21日星期四"",""datePrecision"":""day"",""title"":""刘辰旦来访，与李敖聊四十年前难友王伟中旧事"",""summary"":""《2016年7月》写，难友刘辰旦来找李敖聊天，谈起40年前往事，并问李敖是否记得同住五房的王伟中。刘辰旦转述王伟中出狱后回家、妻子为救他改嫁当年整他之人、王伟中醒悟后出家的故事。"",""view"":[""交游线"",""司法线"",""晚年线""],""tags"":[""刘辰旦"",""王伟中"",""难友"",""狱友"",""旧事""],""people"":[""李敖"",""刘辰旦"",""王伟中""],""places"":[""台湾""],""works"":[""虽千万人，李敖往矣""],""certainty"":""confirmed"",""source"":{""book"":""虽千万人，李敖往矣"",""chapter"":""044.2016年7月"",""path"":""《大李敖全集5.0》（wjm_tcy版）分章节/005.诗集语录类/005.虽千万人，李敖往矣/044.2016年7月.txt"",""line"":85},""dataFile"":""data/timeline-events-sui-qianwan-li-ao-wangyi.json""}"
"28037","2016","2016-07-26","2016年7月26日星期二","day","confirmed","李敖因朋友开刀与化疗感触，写出一首病后歪诗","《2016年7月》写，三年来，李敖有两个朋友做摄护腺开刀，一人死于化疗；他想到自己被“上帝大了我又小了我”，怒而写诗，诗中直写自己开刀后的衰老与身体变化。此条补出晚年健康经验转入诗句的日常写作。","李敖","台湾","前列腺、开刀、化疗、写诗、晚年身体","健康线、写作线、晚年线","虽千万人，李敖往矣","","虽千万人，李敖往矣","044.2016年7月","105","《大李敖全集5.0》（wjm_tcy版）分章节/005.诗集语录类/005.虽千万人，李敖往矣/044.2016年7月.txt","","[]","data/timeline-events-sui-qianwan-li-ao-wangyi.json","sui-qianwan-2016-07-26-writes-poem-after-prostate-surgery-and-chemotherapy-thoughts","{""id"":""sui-qianwan-2016-07-26-writes-poem-after-prostate-surgery-and-chemotherapy-thoughts"",""date"":""2016-07-26"",""displayDate"":""2016年7月26日星期二"",""datePrecision"":""day"",""title"":""李敖因朋友开刀与化疗感触，写出一首病后歪诗"",""summary"":""《2016年7月》写，三年来，李敖有两个朋友做摄护腺开刀，一人死于化疗；他想到自己被“上帝大了我又小了我”，怒而写诗，诗中直写自己开刀后的衰老与身体变化。此条补出晚年健康经验转入诗句的日常写作。"",""view"":[""健康线"",""写作线"",""晚年线""],""tags"":[""前列腺"",""开刀"",""化疗"",""写诗"",""晚年身体""],""people"":[""李敖""],""places"":[""台湾""],""works"":[""虽千万人，李敖往矣""],""certainty"":""confirmed"",""source"":{""book"":""虽千万人，李敖往矣"",""chapter"":""044.2016年7月"",""path"":""《大李敖全集5.0》（wjm_tcy版）分章节/005.诗集语录类/005.虽千万人，李敖往矣/044.2016年7月.txt"",""line"":105},""dataFile"":""data/timeline-events-sui-qianwan-li-ao-wangyi.json""}"
"28038","2016","2016-07-30","2016年7月30日星期六","day","confirmed","萧启庆向李敖私下说老师辈学问并不怎么样","《2016年7月》写，历史系同班好友萧启庆成为哈佛博士后做了“学阀”，曾偷偷告诉李敖：他们老师那辈人学问并不怎么样。李敖借此谈自己常年在书房做学问、六亲不认和不怕得罪人的读书姿态。","李敖、萧启庆","台湾","萧启庆、历史系同学、书房、学问","交游线、学术线、书房线","虽千万人，李敖往矣","","虽千万人，李敖往矣","044.2016年7月","121","《大李敖全集5.0》（wjm_tcy版）分章节/005.诗集语录类/005.虽千万人，李敖往矣/044.2016年7月.txt","","[]","data/timeline-events-sui-qianwan-li-ao-wangyi.json","sui-qianwan-2016-07-30-xiao-qiqing-comments-on-teachers-generation","{""id"":""sui-qianwan-2016-07-30-xiao-qiqing-comments-on-teachers-generation"",""date"":""2016-07-30"",""displayDate"":""2016年7月30日星期六"",""datePrecision"":""day"",""title"":""萧启庆向李敖私下说老师辈学问并不怎么样"",""summary"":""《2016年7月》写，历史系同班好友萧启庆成为哈佛博士后做了“学阀”，曾偷偷告诉李敖：他们老师那辈人学问并不怎么样。李敖借此谈自己常年在书房做学问、六亲不认和不怕得罪人的读书姿态。"",""view"":[""交游线"",""学术线"",""书房线""],""tags"":[""萧启庆"",""历史系同学"",""书房"",""学问""],""people"":[""李敖"",""萧启庆""],""places"":[""台湾""],""works"":[""虽千万人，李敖往矣""],""certainty"":""confirmed"",""source"":{""book"":""虽千万人，李敖往矣"",""chapter"":""044.2016年7月"",""path"":""《大李敖全集5.0》（wjm_tcy版）分章节/005.诗集语录类/005.虽千万人，李敖往矣/044.2016年7月.txt"",""line"":121},""dataFile"":""data/timeline-events-sui-qianwan-li-ao-wangyi.json""}"
"28039","2016","2016-08-02","2016年8月2日星期二","day","confirmed","潘毓刚在美国为李敖成立出版社","《2016年8月》写，李敖说自己的主力不在眼前政治挖苦，而在一部部大著作；潘毓刚已在美国为他成立出版社，李敖称自己“直攻腹心，跟美帝算账”，战场在远方。这条补出晚年海外出版布点。","李敖、潘毓刚","美国、台湾","潘毓刚、美国出版社、出版、大著作","出版线、交游线、晚年线","虽千万人，李敖往矣","","虽千万人，李敖往矣","045.2016年8月","9","《大李敖全集5.0》（wjm_tcy版）分章节/005.诗集语录类/005.虽千万人，李敖往矣/045.2016年8月.txt","","[]","data/timeline-events-sui-qianwan-li-ao-wangyi.json","sui-qianwan-2016-08-02-pan-yugang-establishes-us-publisher-for-li-ao","{""id"":""sui-qianwan-2016-08-02-pan-yugang-establishes-us-publisher-for-li-ao"",""date"":""2016-08-02"",""displayDate"":""2016年8月2日星期二"",""datePrecision"":""day"",""title"":""潘毓刚在美国为李敖成立出版社"",""summary"":""《2016年8月》写，李敖说自己的主力不在眼前政治挖苦，而在一部部大著作；潘毓刚已在美国为他成立出版社，李敖称自己“直攻腹心，跟美帝算账”，战场在远方。这条补出晚年海外出版布点。"",""view"":[""出版线"",""交游线"",""晚年线""],""tags"":[""潘毓刚"",""美国出版社"",""出版"",""大著作""],""people"":[""李敖"",""潘毓刚""],""places"":[""美国"",""台湾""],""works"":[""虽千万人，李敖往矣""],""certainty"":""confirmed"",""source"":{""book"":""虽千万人，李敖往矣"",""chapter"":""045.2016年8月"",""path"":""《大李敖全集5.0》（wjm_tcy版）分章节/005.诗集语录类/005.虽千万人，李敖往矣/045.2016年8月.txt"",""line"":9},""dataFile"":""data/timeline-events-sui-qianwan-li-ao-wangyi.json""}"
"28040","2016","2016-08-23","2016年8月23日星期二","day","confirmed","李敖记录自己在台湾六十七年收罗不少国民党史料","《2016年8月》写，李敖说自己在台湾67年，收罗到不少国民党史料，几十年后重读仍怵目惊心；他举出一册秘件《中华民国四十一年十月施政报告》，称其为陈诚手笔，并摘出其中“反攻大陆后”在废墟上重建中国的文字。","李敖、陈诚","台湾","国民党史料、陈诚、施政报告、藏书","藏书线、文献线、书房线","中华民国四十一年十月施政报告、虽千万人，李敖往矣","","虽千万人，李敖往矣","045.2016年8月","95","《大李敖全集5.0》（wjm_tcy版）分章节/005.诗集语录类/005.虽千万人，李敖往矣/045.2016年8月.txt","","[]","data/timeline-events-sui-qianwan-li-ao-wangyi.json","sui-qianwan-2016-08-23-records-kmt-documents-collected-in-taiwan","{""id"":""sui-qianwan-2016-08-23-records-kmt-documents-collected-in-taiwan"",""date"":""2016-08-23"",""displayDate"":""2016年8月23日星期二"",""datePrecision"":""day"",""title"":""李敖记录自己在台湾六十七年收罗不少国民党史料"",""summary"":""《2016年8月》写，李敖说自己在台湾67年，收罗到不少国民党史料，几十年后重读仍怵目惊心；他举出一册秘件《中华民国四十一年十月施政报告》，称其为陈诚手笔，并摘出其中“反攻大陆后”在废墟上重建中国的文字。"",""view"":[""藏书线"",""文献线"",""书房线""],""tags"":[""国民党史料"",""陈诚"",""施政报告"",""藏书""],""people"":[""李敖"",""陈诚""],""places"":[""台湾""],""works"":[""中华民国四十一年十月施政报告"",""虽千万人，李敖往矣""],""certainty"":""confirmed"",""source"":{""book"":""虽千万人，李敖往矣"",""chapter"":""045.2016年8月"",""path"":""《大李敖全集5.0》（wjm_tcy版）分章节/005.诗集语录类/005.虽千万人，李敖往矣/045.2016年8月.txt"",""line"":95},""dataFile"":""data/timeline-events-sui-qianwan-li-ao-wangyi.json""}"
"28041","2016","2016-08-29","2016年8月29日星期一","day","confirmed","李敖列出自己“不吃三粒以上花生米、不用手机、不开汽车”等生活戒条","《2016年8月》写，2016年8月29日，李敖用一长串“不”列出自己的生活习惯：不抽烟、不喝酒、不摸女人、不买股票、不打牌、不信宗教、不参加婚丧喜庆、不用信用卡、不用手机、不开汽车等，并以“我快乐”收束。这是晚年自我日常画像。","李敖","台湾","生活习惯、不用手机、不开汽车、戒条","日常线、晚年线","虽千万人，李敖往矣","","虽千万人，李敖往矣","045.2016年8月","119","《大李敖全集5.0》（wjm_tcy版）分章节/005.诗集语录类/005.虽千万人，李敖往矣/045.2016年8月.txt","","[]","data/timeline-events-sui-qianwan-li-ao-wangyi.json","sui-qianwan-2016-08-29-lists-personal-abstinences-and-daily-habits","{""id"":""sui-qianwan-2016-08-29-lists-personal-abstinences-and-daily-habits"",""date"":""2016-08-29"",""displayDate"":""2016年8月29日星期一"",""datePrecision"":""day"",""title"":""李敖列出自己“不吃三粒以上花生米、不用手机、不开汽车”等生活戒条"",""summary"":""《2016年8月》写，2016年8月29日，李敖用一长串“不”列出自己的生活习惯：不抽烟、不喝酒、不摸女人、不买股票、不打牌、不信宗教、不参加婚丧喜庆、不用信用卡、不用手机、不开汽车等，并以“我快乐”收束。这是晚年自我日常画像。"",""view"":[""日常线"",""晚年线""],""tags"":[""生活习惯"",""不用手机"",""不开汽车"",""戒条""],""people"":[""李敖""],""places"":[""台湾""],""works"":[""虽千万人，李敖往矣""],""certainty"":""confirmed"",""source"":{""book"":""虽千万人，李敖往矣"",""chapter"":""045.2016年8月"",""path"":""《大李敖全集5.0》（wjm_tcy版）分章节/005.诗集语录类/005.虽千万人，李敖往矣/045.2016年8月.txt"",""line"":119},""dataFile"":""data/timeline-events-sui-qianwan-li-ao-wangyi.json""}"
"28042","2016","2016-09-18","2016年9月18日星期日","day","confirmed","李敖半夜两腿抽筋，去小医院挂韩毅雄门诊","《2016年9月》写，李敖因半夜两腿抽筋，妨碍自己81岁的工作狂节奏，于是跑到小医院挂老同学、骨科名医韩毅雄的门诊。前一天他还写到过午不食后入睡快，但睡五小时后恶梦连连，除非两腿突发性抽筋才能从小困境中腾床而起。","李敖、韩毅雄","台湾","韩毅雄、腿抽筋、小医院、骨科、八十一岁","健康线、交游线、晚年线","虽千万人，李敖往矣","","虽千万人，李敖往矣","046.2016年9月","73","《大李敖全集5.0》（wjm_tcy版）分章节/005.诗集语录类/005.虽千万人，李敖往矣/046.2016年9月.txt","虽千万人，李敖往矣 / 046.2016年9月 / line 69 / 说明：9月17日写过午不食、恶梦与两腿突发性抽筋。 / 《大李敖全集5.0》（wjm_tcy版）分章节/005.诗集语录类/005.虽千万人，李敖往矣/046.2016年9月.txt","[{""book"":""虽千万人，李敖往矣"",""chapter"":""046.2016年9月"",""path"":""《大李敖全集5.0》（wjm_tcy版）分章节/005.诗集语录类/005.虽千万人，李敖往矣/046.2016年9月.txt"",""line"":69,""note"":""9月17日写过午不食、恶梦与两腿突发性抽筋。""}]","data/timeline-events-sui-qianwan-li-ao-wangyi.json","sui-qianwan-2016-09-18-visits-han-yixiong-clinic-for-night-leg-cramps","{""id"":""sui-qianwan-2016-09-18-visits-han-yixiong-clinic-for-night-leg-cramps"",""date"":""2016-09-18"",""displayDate"":""2016年9月18日星期日"",""datePrecision"":""day"",""title"":""李敖半夜两腿抽筋，去小医院挂韩毅雄门诊"",""summary"":""《2016年9月》写，李敖因半夜两腿抽筋，妨碍自己81岁的工作狂节奏，于是跑到小医院挂老同学、骨科名医韩毅雄的门诊。前一天他还写到过午不食后入睡快，但睡五小时后恶梦连连，除非两腿突发性抽筋才能从小困境中腾床而起。"",""view"":[""健康线"",""交游线"",""晚年线""],""tags"":[""韩毅雄"",""腿抽筋"",""小医院"",""骨科"",""八十一岁""],""people"":[""李敖"",""韩毅雄""],""places"":[""台湾""],""works"":[""虽千万人，李敖往矣""],""certainty"":""confirmed"",""source"":{""book"":""虽千万人，李敖往矣"",""chapter"":""046.2016年9月"",""path"":""《大李敖全集5.0》（wjm_tcy版）分章节/005.诗集语录类/005.虽千万人，李敖往矣/046.2016年9月.txt"",""line"":73},""additionalSources"":[{""book"":""虽千万人，李敖往矣"",""chapter"":""046.2016年9月"",""path"":""《大李敖全集5.0》（wjm_tcy版）分章节/005.诗集语录类/005.虽千万人，李敖往矣/046.2016年9月.txt"",""line"":69,""note"":""9月17日写过午不食、恶梦与两腿突发性抽筋。""}],""dataFile"":""data/timeline-events-sui-qianwan-li-ao-wangyi.json""}"
"28043","2016","2016-09-29","2016年9月29日星期四","day","confirmed","李戡清早飞往剑桥","《2016年9月》写，2016年9月29日清早，李戡飞去剑桥。李敖把剑桥写成有米尔顿桑树、罗素符号、八百年智慧尘封之地，并以“李戡勉之”作结。","李敖、李戡","剑桥、台湾","李戡、剑桥、留学、家庭","家庭线、教育线、晚年线","虽千万人，李敖往矣","","虽千万人，李敖往矣","046.2016年9月","117","《大李敖全集5.0》（wjm_tcy版）分章节/005.诗集语录类/005.虽千万人，李敖往矣/046.2016年9月.txt","","[]","data/timeline-events-sui-qianwan-li-ao-wangyi.json","sui-qianwan-2016-09-29-li-kan-flies-to-cambridge","{""id"":""sui-qianwan-2016-09-29-li-kan-flies-to-cambridge"",""date"":""2016-09-29"",""displayDate"":""2016年9月29日星期四"",""datePrecision"":""day"",""title"":""李戡清早飞往剑桥"",""summary"":""《2016年9月》写，2016年9月29日清早，李戡飞去剑桥。李敖把剑桥写成有米尔顿桑树、罗素符号、八百年智慧尘封之地，并以“李戡勉之”作结。"",""view"":[""家庭线"",""教育线"",""晚年线""],""tags"":[""李戡"",""剑桥"",""留学"",""家庭""],""people"":[""李敖"",""李戡""],""places"":[""剑桥"",""台湾""],""works"":[""虽千万人，李敖往矣""],""certainty"":""confirmed"",""source"":{""book"":""虽千万人，李敖往矣"",""chapter"":""046.2016年9月"",""path"":""《大李敖全集5.0》（wjm_tcy版）分章节/005.诗集语录类/005.虽千万人，李敖往矣/046.2016年9月.txt"",""line"":117},""dataFile"":""data/timeline-events-sui-qianwan-li-ao-wangyi.json""}"
"28044","2016","2016-10-28","2016年10月28日星期五","day","confirmed","李敖把自己的140字写作形容为快速完成全套起承转合","《2016年10月》写，李敖提到李开复《140字的惊人力量》开社交短文之道先河，但把140字写作处理成一套快速起承转合、平上去入的作业，他认为自己“居首功”。这条补出他对“哈囉李敖”短文技法的晚年自评。","李敖、李开复","台湾","140字、哈囉李敖、李开复、写作技法","写作线、网络线","虽千万人，李敖往矣、哈囉李敖、140字的惊人力量","","虽千万人，李敖往矣","047.2016年10月","113","《大李敖全集5.0》（wjm_tcy版）分章节/005.诗集语录类/005.虽千万人，李敖往矣/047.2016年10月.txt","","[]","data/timeline-events-sui-qianwan-li-ao-wangyi.json","sui-qianwan-2016-10-28-defines-his-140-character-writing-as-quick-composition","{""id"":""sui-qianwan-2016-10-28-defines-his-140-character-writing-as-quick-composition"",""date"":""2016-10-28"",""displayDate"":""2016年10月28日星期五"",""datePrecision"":""day"",""title"":""李敖把自己的140字写作形容为快速完成全套起承转合"",""summary"":""《2016年10月》写，李敖提到李开复《140字的惊人力量》开社交短文之道先河，但把140字写作处理成一套快速起承转合、平上去入的作业，他认为自己“居首功”。这条补出他对“哈囉李敖”短文技法的晚年自评。"",""view"":[""写作线"",""网络线""],""tags"":[""140字"",""哈囉李敖"",""李开复"",""写作技法""],""people"":[""李敖"",""李开复""],""places"":[""台湾""],""works"":[""虽千万人，李敖往矣"",""哈囉李敖"",""140字的惊人力量""],""certainty"":""confirmed"",""source"":{""book"":""虽千万人，李敖往矣"",""chapter"":""047.2016年10月"",""path"":""《大李敖全集5.0》（wjm_tcy版）分章节/005.诗集语录类/005.虽千万人，李敖往矣/047.2016年10月.txt"",""line"":113},""dataFile"":""data/timeline-events-sui-qianwan-li-ao-wangyi.json""}"
"28045","2016","2016-11-14","2016年11月14日星期一","day","confirmed","李敖说明自己天天在微博发言的三重目的","《2016年11月》写，李敖说自己天天在微博发言的目的有三：一是李敖不忘祖国，二是祖国不忘封锁但网开一面，三是外面假文章太多，李敖要宣示主权、一概否认。11月12日他还说明，自己每天写的不是给政权看，而是给自己留下记录，印在书里、撒在微博里。","李敖","中国大陆、台湾","微博、假文章、宣示主权、哈囉李敖、每日写作","网络线、写作线、审查线","虽千万人，李敖往矣、哈囉李敖","","虽千万人，李敖往矣","048.2016年11月","57","《大李敖全集5.0》（wjm_tcy版）分章节/005.诗集语录类/005.虽千万人，李敖往矣/048.2016年11月.txt","虽千万人，李敖往矣 / 048.2016年11月 / line 49 / 说明：11月12日说明每天写作是给自己留下记录，印在书里、撒在微博里。 / 《大李敖全集5.0》（wjm_tcy版）分章节/005.诗集语录类/005.虽千万人，李敖往矣/048.2016年11月.txt","[{""book"":""虽千万人，李敖往矣"",""chapter"":""048.2016年11月"",""path"":""《大李敖全集5.0》（wjm_tcy版）分章节/005.诗集语录类/005.虽千万人，李敖往矣/048.2016年11月.txt"",""line"":49,""note"":""11月12日说明每天写作是给自己留下记录，印在书里、撒在微博里。""}]","data/timeline-events-sui-qianwan-li-ao-wangyi.json","sui-qianwan-2016-11-14-explains-why-he-posts-on-weibo-daily","{""id"":""sui-qianwan-2016-11-14-explains-why-he-posts-on-weibo-daily"",""date"":""2016-11-14"",""displayDate"":""2016年11月14日星期一"",""datePrecision"":""day"",""title"":""李敖说明自己天天在微博发言的三重目的"",""summary"":""《2016年11月》写，李敖说自己天天在微博发言的目的有三：一是李敖不忘祖国，二是祖国不忘封锁但网开一面，三是外面假文章太多，李敖要宣示主权、一概否认。11月12日他还说明，自己每天写的不是给政权看，而是给自己留下记录，印在书里、撒在微博里。"",""view"":[""网络线"",""写作线"",""审查线""],""tags"":[""微博"",""假文章"",""宣示主权"",""哈囉李敖"",""每日写作""],""people"":[""李敖""],""places"":[""中国大陆"",""台湾""],""works"":[""虽千万人，李敖往矣"",""哈囉李敖""],""certainty"":""confirmed"",""source"":{""book"":""虽千万人，李敖往矣"",""chapter"":""048.2016年11月"",""path"":""《大李敖全集5.0》（wjm_tcy版）分章节/005.诗集语录类/005.虽千万人，李敖往矣/048.2016年11月.txt"",""line"":57},""additionalSources"":[{""book"":""虽千万人，李敖往矣"",""chapter"":""048.2016年11月"",""path"":""《大李敖全集5.0》（wjm_tcy版）分章节/005.诗集语录类/005.虽千万人，李敖往矣/048.2016年11月.txt"",""line"":49,""note"":""11月12日说明每天写作是给自己留下记录，印在书里、撒在微博里。""}],""dataFile"":""data/timeline-events-sui-qianwan-li-ao-wangyi.json""}"
"28046","2016","2016-11-18","2016年11月18日星期五","day","confirmed","陈正澄促成李敖作客百岁经济学家施建生","《2016年11月》写，经济学家施建生一百岁，盼望见李敖一面；施建生的学生陈正澄仗着与李敖67年交情，强邀李敖作客。饭后施建生寄给李敖一篇回忆，谈自己身历两次世界大战、目击共产党崛起与中国成为世界第二大经济体。","李敖、施建生、陈正澄","台湾","施建生、陈正澄、百岁、作客、经济学家","交游线、学术线、晚年线","虽千万人，李敖往矣","","虽千万人，李敖往矣","048.2016年11月","73","《大李敖全集5.0》（wjm_tcy版）分章节/005.诗集语录类/005.虽千万人，李敖往矣/048.2016年11月.txt","","[]","data/timeline-events-sui-qianwan-li-ao-wangyi.json","sui-qianwan-2016-11-18-visits-hundred-year-old-shi-jiansheng","{""id"":""sui-qianwan-2016-11-18-visits-hundred-year-old-shi-jiansheng"",""date"":""2016-11-18"",""displayDate"":""2016年11月18日星期五"",""datePrecision"":""day"",""title"":""陈正澄促成李敖作客百岁经济学家施建生"",""summary"":""《2016年11月》写，经济学家施建生一百岁，盼望见李敖一面；施建生的学生陈正澄仗着与李敖67年交情，强邀李敖作客。饭后施建生寄给李敖一篇回忆，谈自己身历两次世界大战、目击共产党崛起与中国成为世界第二大经济体。"",""view"":[""交游线"",""学术线"",""晚年线""],""tags"":[""施建生"",""陈正澄"",""百岁"",""作客"",""经济学家""],""people"":[""李敖"",""施建生"",""陈正澄""],""places"":[""台湾""],""works"":[""虽千万人，李敖往矣""],""certainty"":""confirmed"",""source"":{""book"":""虽千万人，李敖往矣"",""chapter"":""048.2016年11月"",""path"":""《大李敖全集5.0》（wjm_tcy版）分章节/005.诗集语录类/005.虽千万人，李敖往矣/048.2016年11月.txt"",""line"":73},""dataFile"":""data/timeline-events-sui-qianwan-li-ao-wangyi.json""}"
"28047","2016","2016-11-25","2016年11月25日星期五","day","confirmed","李敖说自己不与朋友来往、拆掉电视线路并日夜工作","《2016年11月》写，李敖说自己并非整天忧国忧民，事实上跟朋友不来往，电视线路也拆了；他日夜工作，但与忧国忧民没有直接关系。此时他觉得中国已无自己容身之地，孤立傲岸，只为未来喘息，并把三千万字以上文字称为遗书。","李敖","台湾","电视线路、日夜工作、遗书、孤立、三千万字","日常线、写作线、晚年线","虽千万人，李敖往矣","","虽千万人，李敖往矣","048.2016年11月","101","《大李敖全集5.0》（wjm_tcy版）分章节/005.诗集语录类/005.虽千万人，李敖往矣/048.2016年11月.txt","","[]","data/timeline-events-sui-qianwan-li-ao-wangyi.json","sui-qianwan-2016-11-25-cuts-tv-line-and-works-day-and-night","{""id"":""sui-qianwan-2016-11-25-cuts-tv-line-and-works-day-and-night"",""date"":""2016-11-25"",""displayDate"":""2016年11月25日星期五"",""datePrecision"":""day"",""title"":""李敖说自己不与朋友来往、拆掉电视线路并日夜工作"",""summary"":""《2016年11月》写，李敖说自己并非整天忧国忧民，事实上跟朋友不来往，电视线路也拆了；他日夜工作，但与忧国忧民没有直接关系。此时他觉得中国已无自己容身之地，孤立傲岸，只为未来喘息，并把三千万字以上文字称为遗书。"",""view"":[""日常线"",""写作线"",""晚年线""],""tags"":[""电视线路"",""日夜工作"",""遗书"",""孤立"",""三千万字""],""people"":[""李敖""],""places"":[""台湾""],""works"":[""虽千万人，李敖往矣""],""certainty"":""confirmed"",""source"":{""book"":""虽千万人，李敖往矣"",""chapter"":""048.2016年11月"",""path"":""《大李敖全集5.0》（wjm_tcy版）分章节/005.诗集语录类/005.虽千万人，李敖往矣/048.2016年11月.txt"",""line"":101},""dataFile"":""data/timeline-events-sui-qianwan-li-ao-wangyi.json""}"
"28048","2016","2016-11-26","2016年11月26日星期六","day","confirmed","李敖记录内蒙古文化出版社盗印《我来剥蒋介石的皮》并署名李敖","《2016年11月》写，李敖提到劳动党主席吴荣元等大学时代即被抓进牢里，又说40多年过去后，内蒙古文化出版社盗印出一本《我来剥蒋介石的皮》，著者署“李敖”。这条补出晚年仍持续出现的盗版/伪书状况。","李敖、吴荣元","内蒙古、台湾","盗印、伪书、内蒙古文化出版社、我来剥蒋介石的皮、吴荣元","出版线、盗版线、晚年线","我来剥蒋介石的皮、虽千万人，李敖往矣","","虽千万人，李敖往矣","048.2016年11月","105","《大李敖全集5.0》（wjm_tcy版）分章节/005.诗集语录类/005.虽千万人，李敖往矣/048.2016年11月.txt","","[]","data/timeline-events-sui-qianwan-li-ao-wangyi.json","sui-qianwan-2016-11-26-records-pirated-book-i-peel-chiang-kai-shek","{""id"":""sui-qianwan-2016-11-26-records-pirated-book-i-peel-chiang-kai-shek"",""date"":""2016-11-26"",""displayDate"":""2016年11月26日星期六"",""datePrecision"":""day"",""title"":""李敖记录内蒙古文化出版社盗印《我来剥蒋介石的皮》并署名李敖"",""summary"":""《2016年11月》写，李敖提到劳动党主席吴荣元等大学时代即被抓进牢里，又说40多年过去后，内蒙古文化出版社盗印出一本《我来剥蒋介石的皮》，著者署“李敖”。这条补出晚年仍持续出现的盗版/伪书状况。"",""view"":[""出版线"",""盗版线"",""晚年线""],""tags"":[""盗印"",""伪书"",""内蒙古文化出版社"",""我来剥蒋介石的皮"",""吴荣元""],""people"":[""李敖"",""吴荣元""],""places"":[""内蒙古"",""台湾""],""works"":[""我来剥蒋介石的皮"",""虽千万人，李敖往矣""],""certainty"":""confirmed"",""source"":{""book"":""虽千万人，李敖往矣"",""chapter"":""048.2016年11月"",""path"":""《大李敖全集5.0》（wjm_tcy版）分章节/005.诗集语录类/005.虽千万人，李敖往矣/048.2016年11月.txt"",""line"":105},""dataFile"":""data/timeline-events-sui-qianwan-li-ao-wangyi.json""}"
"28049","2016","2016-12-06","2016年12月6日星期二","day","confirmed","李敖记录八大山人花鸟册真货在自己手里","《2016年12月》写，李敖说台北故宫大力宣传的八大山人花鸟册被王方宇拆穿是假货，杨仁恺又透露真货原来在李敖手里。李敖借此讥讽“政权是假的，古物也是假的”，而自己抱着真货直笑。","李敖、王方宇、杨仁恺","台湾、台北故宫博物院","八大山人、花鸟册、王方宇、杨仁恺、收藏","藏书线、文物线、书房线","虽千万人，李敖往矣","","虽千万人，李敖往矣","049.2016年12月","25","《大李敖全集5.0》（wjm_tcy版）分章节/005.诗集语录类/005.虽千万人，李敖往矣/049.2016年12月.txt","","[]","data/timeline-events-sui-qianwan-li-ao-wangyi.json","sui-qianwan-2016-12-06-notes-real-bada-shanren-album-in-his-hands","{""id"":""sui-qianwan-2016-12-06-notes-real-bada-shanren-album-in-his-hands"",""date"":""2016-12-06"",""displayDate"":""2016年12月6日星期二"",""datePrecision"":""day"",""title"":""李敖记录八大山人花鸟册真货在自己手里"",""summary"":""《2016年12月》写，李敖说台北故宫大力宣传的八大山人花鸟册被王方宇拆穿是假货，杨仁恺又透露真货原来在李敖手里。李敖借此讥讽“政权是假的，古物也是假的”，而自己抱着真货直笑。"",""view"":[""藏书线"",""文物线"",""书房线""],""tags"":[""八大山人"",""花鸟册"",""王方宇"",""杨仁恺"",""收藏""],""people"":[""李敖"",""王方宇"",""杨仁恺""],""places"":[""台湾"",""台北故宫博物院""],""works"":[""虽千万人，李敖往矣""],""certainty"":""confirmed"",""source"":{""book"":""虽千万人，李敖往矣"",""chapter"":""049.2016年12月"",""path"":""《大李敖全集5.0》（wjm_tcy版）分章节/005.诗集语录类/005.虽千万人，李敖往矣/049.2016年12月.txt"",""line"":25},""dataFile"":""data/timeline-events-sui-qianwan-li-ao-wangyi.json""}"
"28050","2016","2016-12-10","2016年12月10日星期六","day","confirmed","李敖十年不开车，偶坐出租车被司机从声音认出，并写双腿不良于行","《2016年12月》写，李敖已十年不开车，也没开车必要；偶尔坐出租车，司机不关心他的长相，但听到声音立刻回头叫“李大师”。李敖说自己的声音比面容年轻，而双腿又比自己更老，已经不良于行、彳亍其行。","李敖","台湾","出租车、声音、不开车、不良于行、双腿","日常线、健康线、晚年线","虽千万人，李敖往矣","","虽千万人，李敖往矣","049.2016年12月","41","《大李敖全集5.0》（wjm_tcy版）分章节/005.诗集语录类/005.虽千万人，李敖往矣/049.2016年12月.txt","","[]","data/timeline-events-sui-qianwan-li-ao-wangyi.json","sui-qianwan-2016-12-10-taxi-driver-recognizes-voice-and-li-ao-notes-bad-legs","{""id"":""sui-qianwan-2016-12-10-taxi-driver-recognizes-voice-and-li-ao-notes-bad-legs"",""date"":""2016-12-10"",""displayDate"":""2016年12月10日星期六"",""datePrecision"":""day"",""title"":""李敖十年不开车，偶坐出租车被司机从声音认出，并写双腿不良于行"",""summary"":""《2016年12月》写，李敖已十年不开车，也没开车必要；偶尔坐出租车，司机不关心他的长相，但听到声音立刻回头叫“李大师”。李敖说自己的声音比面容年轻，而双腿又比自己更老，已经不良于行、彳亍其行。"",""view"":[""日常线"",""健康线"",""晚年线""],""tags"":[""出租车"",""声音"",""不开车"",""不良于行"",""双腿""],""people"":[""李敖""],""places"":[""台湾""],""works"":[""虽千万人，李敖往矣""],""certainty"":""confirmed"",""source"":{""book"":""虽千万人，李敖往矣"",""chapter"":""049.2016年12月"",""path"":""《大李敖全集5.0》（wjm_tcy版）分章节/005.诗集语录类/005.虽千万人，李敖往矣/049.2016年12月.txt"",""line"":41},""dataFile"":""data/timeline-events-sui-qianwan-li-ao-wangyi.json""}"
"28051","2016","2016-12-22","2016年12月22日星期四","day","confirmed","臧英年主持中央电视英语评论，来电问李敖对港澳的意见","《2016年12月》写，老友臧英年主持中央电视英语评论，电话询问李敖对港澳的意见。李敖答澳门人比香港人聪明，香港人又比台湾人“笨得快”，并由此继续评论香港、台湾与美国的关系。","李敖、臧英年","台湾、澳门、香港","臧英年、中央电视英语评论、港澳、电话","交游线、媒体线、晚年线","虽千万人，李敖往矣","","虽千万人，李敖往矣","049.2016年12月","91","《大李敖全集5.0》（wjm_tcy版）分章节/005.诗集语录类/005.虽千万人，李敖往矣/049.2016年12月.txt","","[]","data/timeline-events-sui-qianwan-li-ao-wangyi.json","sui-qianwan-2016-12-22-zang-yingnian-calls-about-hong-kong-and-macau","{""id"":""sui-qianwan-2016-12-22-zang-yingnian-calls-about-hong-kong-and-macau"",""date"":""2016-12-22"",""displayDate"":""2016年12月22日星期四"",""datePrecision"":""day"",""title"":""臧英年主持中央电视英语评论，来电问李敖对港澳的意见"",""summary"":""《2016年12月》写，老友臧英年主持中央电视英语评论，电话询问李敖对港澳的意见。李敖答澳门人比香港人聪明，香港人又比台湾人“笨得快”，并由此继续评论香港、台湾与美国的关系。"",""view"":[""交游线"",""媒体线"",""晚年线""],""tags"":[""臧英年"",""中央电视英语评论"",""港澳"",""电话""],""people"":[""李敖"",""臧英年""],""places"":[""台湾"",""澳门"",""香港""],""works"":[""虽千万人，李敖往矣""],""certainty"":""confirmed"",""source"":{""book"":""虽千万人，李敖往矣"",""chapter"":""049.2016年12月"",""path"":""《大李敖全集5.0》（wjm_tcy版）分章节/005.诗集语录类/005.虽千万人，李敖往矣/049.2016年12月.txt"",""line"":91},""dataFile"":""data/timeline-events-sui-qianwan-li-ao-wangyi.json""}"
"28052","2017","2017-01-21","2017年1月21日","day","confirmed","李敖在飞页书屋从《阳痿美国》美元九一一和台湾关系法说美国不会保护台湾","李敖说《阳痿美国》批美国，提到美元、九一一和《台湾关系法》，结论是美国不会真正保护台湾。","李敖","台北、美国","李敖演讲集、演讲、飞页书屋、文星、晚年演讲、阳痿美国、美元、九一一、台湾关系法、美国","演讲线、公共事件线","李敖演讲集、054.20170121李敖飞页书屋演讲、阳痿美国、台湾关系法","","李敖演讲集","054.20170121李敖飞页书屋演讲","197","《大李敖全集5.0》（wjm_tcy版）分章节/010.节目演讲类/011.李敖演讲集/054.20170121李敖飞页书屋演讲.txt","","[]","data/timeline-events-li-ao-yanjiangji.json","li-ao-yanjiangji-054-connects-yangwei-america-dollar-and-tra-to-america-not-protecting-taiwan","{""id"":""li-ao-yanjiangji-054-connects-yangwei-america-dollar-and-tra-to-america-not-protecting-taiwan"",""date"":""2017-01-21"",""displayDate"":""2017年1月21日"",""datePrecision"":""day"",""title"":""李敖在飞页书屋从《阳痿美国》美元九一一和台湾关系法说美国不会保护台湾"",""summary"":""李敖说《阳痿美国》批美国，提到美元、九一一和《台湾关系法》，结论是美国不会真正保护台湾。"",""view"":[""演讲线"",""公共事件线""],""tags"":[""李敖演讲集"",""演讲"",""飞页书屋"",""文星"",""晚年演讲"",""阳痿美国"",""美元"",""九一一"",""台湾关系法"",""美国""],""people"":[""李敖""],""places"":[""台北"",""美国""],""works"":[""李敖演讲集"",""054.20170121李敖飞页书屋演讲"",""阳痿美国"",""台湾关系法""],""certainty"":""confirmed"",""source"":{""book"":""李敖演讲集"",""chapter"":""054.20170121李敖飞页书屋演讲"",""path"":""《大李敖全集5.0》（wjm_tcy版）分章节/010.节目演讲类/011.李敖演讲集/054.20170121李敖飞页书屋演讲.txt"",""line"":197,""lines"":[197,199,201,202]},""crossReferences"":[],""dataFile"":""data/timeline-events-li-ao-yanjiangji.json""}"
"28053","2017","2017-01-21","2017年1月21日","day","confirmed","李敖在飞页书屋区分真假文星并回忆许倬云封面案赢八百万","李敖说展览中的文星有真有假，真正的文星从他进入后才开始，后来到九十九期被禁；萧孟能复刊失败，他又提到因许倬云封面赢得八百万元诉讼。","李敖、许倬云、萧孟能","台北","李敖演讲集、演讲、飞页书屋、文星、晚年演讲、许倬云、萧孟能、诉讼、八百万","演讲线、公共事件线","李敖演讲集、054.20170121李敖飞页书屋演讲","","李敖演讲集","054.20170121李敖飞页书屋演讲","19","《大李敖全集5.0》（wjm_tcy版）分章节/010.节目演讲类/011.李敖演讲集/054.20170121李敖飞页书屋演讲.txt","","[]","data/timeline-events-li-ao-yanjiangji.json","li-ao-yanjiangji-054-distinguishes-real-and-fake-wenxing-and-recalls-xu-zhuoyun-lawsuit","{""id"":""li-ao-yanjiangji-054-distinguishes-real-and-fake-wenxing-and-recalls-xu-zhuoyun-lawsuit"",""date"":""2017-01-21"",""displayDate"":""2017年1月21日"",""datePrecision"":""day"",""title"":""李敖在飞页书屋区分真假文星并回忆许倬云封面案赢八百万"",""summary"":""李敖说展览中的文星有真有假，真正的文星从他进入后才开始，后来到九十九期被禁；萧孟能复刊失败，他又提到因许倬云封面赢得八百万元诉讼。"",""view"":[""演讲线"",""公共事件线""],""tags"":[""李敖演讲集"",""演讲"",""飞页书屋"",""文星"",""晚年演讲"",""许倬云"",""萧孟能"",""诉讼"",""八百万""],""people"":[""李敖"",""许倬云"",""萧孟能""],""places"":[""台北""],""works"":[""李敖演讲集"",""054.20170121李敖飞页书屋演讲""],""certainty"":""confirmed"",""source"":{""book"":""李敖演讲集"",""chapter"":""054.20170121李敖飞页书屋演讲"",""path"":""《大李敖全集5.0》（wjm_tcy版）分章节/010.节目演讲类/011.李敖演讲集/054.20170121李敖飞页书屋演讲.txt"",""line"":19,""lines"":[19]},""crossReferences"":[],""dataFile"":""data/timeline-events-li-ao-yanjiangji.json""}"
"28054","2017","2017-01-21","2017年1月21日","day","confirmed","李敖在飞页书屋开场说脑瘤压迫腿神经医生估他剩三年","李敖在飞页书屋说左腿失灵仍因礼貌站着演讲，脑瘤病例罕见且压迫腿神经，医生估计他大约还有三年。","李敖","台北","李敖演讲集、演讲、飞页书屋、文星、晚年演讲、脑瘤、左腿、医生、三年、最后演讲","演讲线、公共事件线","李敖演讲集、054.20170121李敖飞页书屋演讲","","李敖演讲集","054.20170121李敖飞页书屋演讲","17","《大李敖全集5.0》（wjm_tcy版）分章节/010.节目演讲类/011.李敖演讲集/054.20170121李敖飞页书屋演讲.txt","","[]","data/timeline-events-li-ao-yanjiangji.json","li-ao-yanjiangji-054-opens-flypage-talk-with-brain-tumor-leg-impairment-and-three-years-left","{""id"":""li-ao-yanjiangji-054-opens-flypage-talk-with-brain-tumor-leg-impairment-and-three-years-left"",""date"":""2017-01-21"",""displayDate"":""2017年1月21日"",""datePrecision"":""day"",""title"":""李敖在飞页书屋开场说脑瘤压迫腿神经医生估他剩三年"",""summary"":""李敖在飞页书屋说左腿失灵仍因礼貌站着演讲，脑瘤病例罕见且压迫腿神经，医生估计他大约还有三年。"",""view"":[""演讲线"",""公共事件线""],""tags"":[""李敖演讲集"",""演讲"",""飞页书屋"",""文星"",""晚年演讲"",""脑瘤"",""左腿"",""医生"",""三年"",""最后演讲""],""people"":[""李敖""],""places"":[""台北""],""works"":[""李敖演讲集"",""054.20170121李敖飞页书屋演讲""],""certainty"":""confirmed"",""source"":{""book"":""李敖演讲集"",""chapter"":""054.20170121李敖飞页书屋演讲"",""path"":""《大李敖全集5.0》（wjm_tcy版）分章节/010.节目演讲类/011.李敖演讲集/054.20170121李敖飞页书屋演讲.txt"",""line"":17,""lines"":[17]},""crossReferences"":[],""dataFile"":""data/timeline-events-li-ao-yanjiangji.json""}"
"28055","2017","2017-01-21","2017年1月21日","day","confirmed","李敖在飞页书屋认出林衡哲与文星译作《当代智慧人物访问录》","李敖在现场认出林衡哲，记得他和文星翻译《当代智慧人物访问录》的关系。","李敖、林衡哲","台北","李敖演讲集、演讲、飞页书屋、文星、晚年演讲、林衡哲、翻译","演讲线、公共事件线","李敖演讲集、054.20170121李敖飞页书屋演讲、当代智慧人物访问录","","李敖演讲集","054.20170121李敖飞页书屋演讲","33","《大李敖全集5.0》（wjm_tcy版）分章节/010.节目演讲类/011.李敖演讲集/054.20170121李敖飞页书屋演讲.txt","","[]","data/timeline-events-li-ao-yanjiangji.json","li-ao-yanjiangji-054-recognizes-lin-hengzhe-from-wenxing-translation","{""id"":""li-ao-yanjiangji-054-recognizes-lin-hengzhe-from-wenxing-translation"",""date"":""2017-01-21"",""displayDate"":""2017年1月21日"",""datePrecision"":""day"",""title"":""李敖在飞页书屋认出林衡哲与文星译作《当代智慧人物访问录》"",""summary"":""李敖在现场认出林衡哲，记得他和文星翻译《当代智慧人物访问录》的关系。"",""view"":[""演讲线"",""公共事件线""],""tags"":[""李敖演讲集"",""演讲"",""飞页书屋"",""文星"",""晚年演讲"",""林衡哲"",""翻译""],""people"":[""李敖"",""林衡哲""],""places"":[""台北""],""works"":[""李敖演讲集"",""054.20170121李敖飞页书屋演讲"",""当代智慧人物访问录""],""certainty"":""confirmed"",""source"":{""book"":""李敖演讲集"",""chapter"":""054.20170121李敖飞页书屋演讲"",""path"":""《大李敖全集5.0》（wjm_tcy版）分章节/010.节目演讲类/011.李敖演讲集/054.20170121李敖飞页书屋演讲.txt"",""line"":33,""lines"":[33]},""crossReferences"":[],""dataFile"":""data/timeline-events-li-ao-yanjiangji.json""}"
"28056","2017","2017-01-21","2017年1月21日","day","confirmed","李敖在飞页书屋用《第73烈士》说蒋介石篡夺革命且台湾人必须学会不服从","李敖从《第73烈士》谈黄花岗没有浙江人、蒋介石篡夺革命，再说台湾一路受清朝、日本、国民党和后来权力影响，真正的人必须学会不服从并承受名誉和没有同志的代价。","李敖、蒋介石","台北","李敖演讲集、演讲、飞页书屋、文星、晚年演讲、第73烈士、黄花岗、蒋介石、不服从、台湾","演讲线、公共事件线","李敖演讲集、054.20170121李敖飞页书屋演讲、第73烈士","","李敖演讲集","054.20170121李敖飞页书屋演讲","258","《大李敖全集5.0》（wjm_tcy版）分章节/010.节目演讲类/011.李敖演讲集/054.20170121李敖飞页书屋演讲.txt","","[]","data/timeline-events-li-ao-yanjiangji.json","li-ao-yanjiangji-054-uses-seventy-third-martyr-to-say-chiang-usurped-revolution-and-people-must-disobey","{""id"":""li-ao-yanjiangji-054-uses-seventy-third-martyr-to-say-chiang-usurped-revolution-and-people-must-disobey"",""date"":""2017-01-21"",""displayDate"":""2017年1月21日"",""datePrecision"":""day"",""title"":""李敖在飞页书屋用《第73烈士》说蒋介石篡夺革命且台湾人必须学会不服从"",""summary"":""李敖从《第73烈士》谈黄花岗没有浙江人、蒋介石篡夺革命，再说台湾一路受清朝、日本、国民党和后来权力影响，真正的人必须学会不服从并承受名誉和没有同志的代价。"",""view"":[""演讲线"",""公共事件线""],""tags"":[""李敖演讲集"",""演讲"",""飞页书屋"",""文星"",""晚年演讲"",""第73烈士"",""黄花岗"",""蒋介石"",""不服从"",""台湾""],""people"":[""李敖"",""蒋介石""],""places"":[""台北""],""works"":[""李敖演讲集"",""054.20170121李敖飞页书屋演讲"",""第73烈士""],""certainty"":""confirmed"",""source"":{""book"":""李敖演讲集"",""chapter"":""054.20170121李敖飞页书屋演讲"",""path"":""《大李敖全集5.0》（wjm_tcy版）分章节/010.节目演讲类/011.李敖演讲集/054.20170121李敖飞页书屋演讲.txt"",""line"":258,""lines"":[258,260]},""crossReferences"":[],""dataFile"":""data/timeline-events-li-ao-yanjiangji.json""}"
"28057","2017","2017-01-21","2017年1月21日","day","confirmed","李敖在飞页书屋用《蓝色的毛毯》和李远哲评判逃出去又回来的人","李敖讲《蓝色的毛毯》故事，并说李远哲本是美国公民和诺贝尔奖得主，逃出去后回来帮台湾却把教育改革做成灾难，还让中研院制度自肥。","李敖、李远哲","台北","李敖演讲集、演讲、飞页书屋、文星、晚年演讲、蓝色的毛毯、李远哲、教育改革、中研院、诺贝尔奖","演讲线、公共事件线","李敖演讲集、054.20170121李敖飞页书屋演讲、蓝色的毛毯","","李敖演讲集","054.20170121李敖飞页书屋演讲","260","《大李敖全集5.0》（wjm_tcy版）分章节/010.节目演讲类/011.李敖演讲集/054.20170121李敖飞页书屋演讲.txt","","[]","data/timeline-events-li-ao-yanjiangji.json","li-ao-yanjiangji-054-uses-blue-blanket-and-li-yuanzhe-to-judge-returned-escapee-disaster","{""id"":""li-ao-yanjiangji-054-uses-blue-blanket-and-li-yuanzhe-to-judge-returned-escapee-disaster"",""date"":""2017-01-21"",""displayDate"":""2017年1月21日"",""datePrecision"":""day"",""title"":""李敖在飞页书屋用《蓝色的毛毯》和李远哲评判逃出去又回来的人"",""summary"":""李敖讲《蓝色的毛毯》故事，并说李远哲本是美国公民和诺贝尔奖得主，逃出去后回来帮台湾却把教育改革做成灾难，还让中研院制度自肥。"",""view"":[""演讲线"",""公共事件线""],""tags"":[""李敖演讲集"",""演讲"",""飞页书屋"",""文星"",""晚年演讲"",""蓝色的毛毯"",""李远哲"",""教育改革"",""中研院"",""诺贝尔奖""],""people"":[""李敖"",""李远哲""],""places"":[""台北""],""works"":[""李敖演讲集"",""054.20170121李敖飞页书屋演讲"",""蓝色的毛毯""],""certainty"":""confirmed"",""source"":{""book"":""李敖演讲集"",""chapter"":""054.20170121李敖飞页书屋演讲"",""path"":""《大李敖全集5.0》（wjm_tcy版）分章节/010.节目演讲类/011.李敖演讲集/054.20170121李敖飞页书屋演讲.txt"",""line"":260,""lines"":[260,262]},""crossReferences"":[],""dataFile"":""data/timeline-events-li-ao-yanjiangji.json""}"
"28058","2017","2017-01-21","2017年1月21日","day","confirmed","李敖在飞页书屋用毛诗注释漏刘志逊说明《文星》也挖共产党根","李敖说《文星》式挖根也可挖共产党根，例如毛泽东诗注释没有讲刘志逊被共产党杀害这层历史。","李敖、毛泽东、刘志逊","台北","李敖演讲集、演讲、飞页书屋、文星、晚年演讲、毛泽东、刘志逊、共产党、挖根","演讲线、公共事件线","李敖演讲集、054.20170121李敖飞页书屋演讲","li-ao-yanjiangji-050-uses-mao-poem-liu-zhixun-and-wang-shiwei-to-discuss-own-side-killings、li-ao-youhua-shuo-644-shows-dictionary-entry-on-liu-zhixun-wrongful-killing、li-ao-yumiao-tianxia-062-shows-liu-zhixun-photo-and-own-side-killing","李敖演讲集","054.20170121李敖飞页书屋演讲","129","《大李敖全集5.0》（wjm_tcy版）分章节/010.节目演讲类/011.李敖演讲集/054.20170121李敖飞页书屋演讲.txt","","[]","data/timeline-events-li-ao-yanjiangji.json","li-ao-yanjiangji-054-uses-mao-poem-and-liu-zhixun-to-dig-ccp-roots-through-wenxing-method","{""id"":""li-ao-yanjiangji-054-uses-mao-poem-and-liu-zhixun-to-dig-ccp-roots-through-wenxing-method"",""date"":""2017-01-21"",""displayDate"":""2017年1月21日"",""datePrecision"":""day"",""title"":""李敖在飞页书屋用毛诗注释漏刘志逊说明《文星》也挖共产党根"",""summary"":""李敖说《文星》式挖根也可挖共产党根，例如毛泽东诗注释没有讲刘志逊被共产党杀害这层历史。"",""view"":[""演讲线"",""公共事件线""],""tags"":[""李敖演讲集"",""演讲"",""飞页书屋"",""文星"",""晚年演讲"",""毛泽东"",""刘志逊"",""共产党"",""挖根""],""people"":[""李敖"",""毛泽东"",""刘志逊""],""places"":[""台北""],""works"":[""李敖演讲集"",""054.20170121李敖飞页书屋演讲""],""certainty"":""confirmed"",""source"":{""book"":""李敖演讲集"",""chapter"":""054.20170121李敖飞页书屋演讲"",""path"":""《大李敖全集5.0》（wjm_tcy版）分章节/010.节目演讲类/011.李敖演讲集/054.20170121李敖飞页书屋演讲.txt"",""line"":129,""lines"":[129]},""crossReferences"":[""li-ao-yanjiangji-050-uses-mao-poem-liu-zhixun-and-wang-shiwei-to-discuss-own-side-killings"",""li-ao-youhua-shuo-644-shows-dictionary-entry-on-liu-zhixun-wrongful-killing"",""li-ao-yumiao-tianxia-062-shows-liu-zhixun-photo-and-own-side-killing""],""dataFile"":""data/timeline-events-li-ao-yanjiangji.json""}"
"28059","2017","2017-01-21","2017年1月21日","day","confirmed","李敖在飞页书屋用电影和柯达比喻出版业衰落","李敖说沈登恩相信出版还能被拯救是错的，出版像胶片和柯达一样正在被时代淘汰。","李敖、沈登恩","台北","李敖演讲集、演讲、飞页书屋、文星、晚年演讲、出版业、柯达、电影、衰落","演讲线、公共事件线","李敖演讲集、054.20170121李敖飞页书屋演讲","","李敖演讲集","054.20170121李敖飞页书屋演讲","25","《大李敖全集5.0》（wjm_tcy版）分章节/010.节目演讲类/011.李敖演讲集/054.20170121李敖飞页书屋演讲.txt","","[]","data/timeline-events-li-ao-yanjiangji.json","li-ao-yanjiangji-054-compares-publishing-decline-to-film-and-kodak","{""id"":""li-ao-yanjiangji-054-compares-publishing-decline-to-film-and-kodak"",""date"":""2017-01-21"",""displayDate"":""2017年1月21日"",""datePrecision"":""day"",""title"":""李敖在飞页书屋用电影和柯达比喻出版业衰落"",""summary"":""李敖说沈登恩相信出版还能被拯救是错的，出版像胶片和柯达一样正在被时代淘汰。"",""view"":[""演讲线"",""公共事件线""],""tags"":[""李敖演讲集"",""演讲"",""飞页书屋"",""文星"",""晚年演讲"",""出版业"",""柯达"",""电影"",""衰落""],""people"":[""李敖"",""沈登恩""],""places"":[""台北""],""works"":[""李敖演讲集"",""054.20170121李敖飞页书屋演讲""],""certainty"":""confirmed"",""source"":{""book"":""李敖演讲集"",""chapter"":""054.20170121李敖飞页书屋演讲"",""path"":""《大李敖全集5.0》（wjm_tcy版）分章节/010.节目演讲类/011.李敖演讲集/054.20170121李敖飞页书屋演讲.txt"",""line"":25,""lines"":[25]},""crossReferences"":[],""dataFile"":""data/timeline-events-li-ao-yanjiangji.json""}"
"28060","2017","2017-01-21","2017年1月21日","day","confirmed","李敖在飞页书屋纠正自己没有婚纱合照和戒指只有易拉罐环","李敖说照片说明有误，他没有婚纱合照，也没有戒指，只曾用易拉罐拉环当戒指，婚纱照是妻子自己去拍的。","李敖","台北","李敖演讲集、演讲、飞页书屋、文星、晚年演讲、婚礼、照片、戒指、易拉罐环","演讲线、公共事件线","李敖演讲集、054.20170121李敖飞页书屋演讲","","李敖演讲集","054.20170121李敖飞页书屋演讲","23","《大李敖全集5.0》（wjm_tcy版）分章节/010.节目演讲类/011.李敖演讲集/054.20170121李敖飞页书屋演讲.txt","","[]","data/timeline-events-li-ao-yanjiangji.json","li-ao-yanjiangji-054-corrects-wedding-photo-and-pull-tab-ring-story","{""id"":""li-ao-yanjiangji-054-corrects-wedding-photo-and-pull-tab-ring-story"",""date"":""2017-01-21"",""displayDate"":""2017年1月21日"",""datePrecision"":""day"",""title"":""李敖在飞页书屋纠正自己没有婚纱合照和戒指只有易拉罐环"",""summary"":""李敖说照片说明有误，他没有婚纱合照，也没有戒指，只曾用易拉罐拉环当戒指，婚纱照是妻子自己去拍的。"",""view"":[""演讲线"",""公共事件线""],""tags"":[""李敖演讲集"",""演讲"",""飞页书屋"",""文星"",""晚年演讲"",""婚礼"",""照片"",""戒指"",""易拉罐环""],""people"":[""李敖""],""places"":[""台北""],""works"":[""李敖演讲集"",""054.20170121李敖飞页书屋演讲""],""certainty"":""confirmed"",""source"":{""book"":""李敖演讲集"",""chapter"":""054.20170121李敖飞页书屋演讲"",""path"":""《大李敖全集5.0》（wjm_tcy版）分章节/010.节目演讲类/011.李敖演讲集/054.20170121李敖飞页书屋演讲.txt"",""line"":23,""lines"":[23]},""crossReferences"":[],""dataFile"":""data/timeline-events-li-ao-yanjiangji.json""}"
"28061","2017","2017-01-21","2017年1月21日","day","confirmed","李敖在飞页书屋回忆二〇〇五年北大清华复旦演讲及打着红旗反红旗得罪共产党","李敖回忆二〇〇五年到北大、清华、复旦演讲，开红地毯玩笑，并用“打着红旗反红旗”谈毛泽东，因而得罪共产党。","李敖、毛泽东","台北、北京大学、清华大学、复旦大学","李敖演讲集、演讲、飞页书屋、文星、晚年演讲、神州文化之旅、北京大学、清华大学、复旦大学、毛泽东","演讲线、公共事件线","李敖演讲集、054.20170121李敖飞页书屋演讲","","李敖演讲集","054.20170121李敖飞页书屋演讲","91","《大李敖全集5.0》（wjm_tcy版）分章节/010.节目演讲类/011.李敖演讲集/054.20170121李敖飞页书屋演讲.txt","","[]","data/timeline-events-li-ao-yanjiangji.json","li-ao-yanjiangji-054-recalls-2005-mainland-campus-tour-and-offending-ccp-with-red-flag-line","{""id"":""li-ao-yanjiangji-054-recalls-2005-mainland-campus-tour-and-offending-ccp-with-red-flag-line"",""date"":""2017-01-21"",""displayDate"":""2017年1月21日"",""datePrecision"":""day"",""title"":""李敖在飞页书屋回忆二〇〇五年北大清华复旦演讲及打着红旗反红旗得罪共产党"",""summary"":""李敖回忆二〇〇五年到北大、清华、复旦演讲，开红地毯玩笑，并用“打着红旗反红旗”谈毛泽东，因而得罪共产党。"",""view"":[""演讲线"",""公共事件线""],""tags"":[""李敖演讲集"",""演讲"",""飞页书屋"",""文星"",""晚年演讲"",""神州文化之旅"",""北京大学"",""清华大学"",""复旦大学"",""毛泽东""],""people"":[""李敖"",""毛泽东""],""places"":[""台北"",""北京大学"",""清华大学"",""复旦大学""],""works"":[""李敖演讲集"",""054.20170121李敖飞页书屋演讲""],""certainty"":""confirmed"",""source"":{""book"":""李敖演讲集"",""chapter"":""054.20170121李敖飞页书屋演讲"",""path"":""《大李敖全集5.0》（wjm_tcy版）分章节/010.节目演讲类/011.李敖演讲集/054.20170121李敖飞页书屋演讲.txt"",""line"":91,""lines"":[91,93]},""crossReferences"":[],""dataFile"":""data/timeline-events-li-ao-yanjiangji.json""}"
"28062","2017","2017-01-21","2017年1月21日","day","confirmed","李敖在飞页书屋回忆沈登恩出钱出版并相信他出狱后还能回来","李敖说沈登恩的妻子付钱让书能出版，沈登恩在他出狱后见到他，判断他仍是作家、还能回来；他则曾在出狱后把自己关了五个半月，最后被国安局拉出来。","李敖、沈登恩","台北","李敖演讲集、演讲、飞页书屋、文星、晚年演讲、沈登恩、出狱、出版、国安局、五个半月","演讲线、公共事件线","李敖演讲集、054.20170121李敖飞页书屋演讲","","李敖演讲集","054.20170121李敖飞页书屋演讲","25","《大李敖全集5.0》（wjm_tcy版）分章节/010.节目演讲类/011.李敖演讲集/054.20170121李敖飞页书屋演讲.txt","","[]","data/timeline-events-li-ao-yanjiangji.json","li-ao-yanjiangji-054-recalls-shen-dengen-backing-him-after-prison-and-his-five-month-lockup","{""id"":""li-ao-yanjiangji-054-recalls-shen-dengen-backing-him-after-prison-and-his-five-month-lockup"",""date"":""2017-01-21"",""displayDate"":""2017年1月21日"",""datePrecision"":""day"",""title"":""李敖在飞页书屋回忆沈登恩出钱出版并相信他出狱后还能回来"",""summary"":""李敖说沈登恩的妻子付钱让书能出版，沈登恩在他出狱后见到他，判断他仍是作家、还能回来；他则曾在出狱后把自己关了五个半月，最后被国安局拉出来。"",""view"":[""演讲线"",""公共事件线""],""tags"":[""李敖演讲集"",""演讲"",""飞页书屋"",""文星"",""晚年演讲"",""沈登恩"",""出狱"",""出版"",""国安局"",""五个半月""],""people"":[""李敖"",""沈登恩""],""places"":[""台北""],""works"":[""李敖演讲集"",""054.20170121李敖飞页书屋演讲""],""certainty"":""confirmed"",""source"":{""book"":""李敖演讲集"",""chapter"":""054.20170121李敖飞页书屋演讲"",""path"":""《大李敖全集5.0》（wjm_tcy版）分章节/010.节目演讲类/011.李敖演讲集/054.20170121李敖飞页书屋演讲.txt"",""line"":25,""lines"":[25]},""crossReferences"":[],""dataFile"":""data/timeline-events-li-ao-yanjiangji.json""}"
"28063","2017","2017-01-21","2017年1月21日","day","confirmed","李敖在飞页书屋回忆沈登恩高信疆帮他复出并为高信疆买墓","李敖说沈登恩最有眼光的是《尹县长》，后来沈登恩经高信疆和《中国时报》支持他复出；高信疆去世后，他不去追悼会，而花六十万为高买墓。","李敖、沈登恩、高信疆","台北","李敖演讲集、演讲、飞页书屋、文星、晚年演讲、沈登恩、高信疆、中国时报、复出、墓地","演讲线、公共事件线","李敖演讲集、054.20170121李敖飞页书屋演讲、尹县长、中国时报","","李敖演讲集","054.20170121李敖飞页书屋演讲","50","《大李敖全集5.0》（wjm_tcy版）分章节/010.节目演讲类/011.李敖演讲集/054.20170121李敖飞页书屋演讲.txt","","[]","data/timeline-events-li-ao-yanjiangji.json","li-ao-yanjiangji-054-recalls-shen-dengen-gao-xinjiang-and-buying-grave-for-gao","{""id"":""li-ao-yanjiangji-054-recalls-shen-dengen-gao-xinjiang-and-buying-grave-for-gao"",""date"":""2017-01-21"",""displayDate"":""2017年1月21日"",""datePrecision"":""day"",""title"":""李敖在飞页书屋回忆沈登恩高信疆帮他复出并为高信疆买墓"",""summary"":""李敖说沈登恩最有眼光的是《尹县长》，后来沈登恩经高信疆和《中国时报》支持他复出；高信疆去世后，他不去追悼会，而花六十万为高买墓。"",""view"":[""演讲线"",""公共事件线""],""tags"":[""李敖演讲集"",""演讲"",""飞页书屋"",""文星"",""晚年演讲"",""沈登恩"",""高信疆"",""中国时报"",""复出"",""墓地""],""people"":[""李敖"",""沈登恩"",""高信疆""],""places"":[""台北""],""works"":[""李敖演讲集"",""054.20170121李敖飞页书屋演讲"",""尹县长"",""中国时报""],""certainty"":""confirmed"",""source"":{""book"":""李敖演讲集"",""chapter"":""054.20170121李敖飞页书屋演讲"",""path"":""《大李敖全集5.0》（wjm_tcy版）分章节/010.节目演讲类/011.李敖演讲集/054.20170121李敖飞页书屋演讲.txt"",""line"":50,""lines"":[50,51,53]},""crossReferences"":[],""dataFile"":""data/timeline-events-li-ao-yanjiangji.json""}"
"28064","2017","2017-01-21","2017年1月21日","day","confirmed","李敖在飞页书屋回顾从TVBS华视到凤凰卫视《李敖有话说》的电视曝光","李敖回忆早期有线电视、TVBS、华视和苏逸洪，再说刘长乐和凤凰卫视开价促成《李敖有话说》，北京要求三月七日付款三月八日开播。","李敖、苏逸洪、刘长乐","台北","李敖演讲集、演讲、飞页书屋、文星、晚年演讲、电视、TVBS、华视、凤凰卫视、李敖有话说","演讲线、公共事件线","李敖演讲集、054.20170121李敖飞页书屋演讲、李敖有话说","","李敖演讲集","054.20170121李敖飞页书屋演讲","83","《大李敖全集5.0》（wjm_tcy版）分章节/010.节目演讲类/011.李敖演讲集/054.20170121李敖飞页书屋演讲.txt","","[]","data/timeline-events-li-ao-yanjiangji.json","li-ao-yanjiangji-054-traces-tv-exposure-from-tvbs-to-phoenix-and-youhuashuo","{""id"":""li-ao-yanjiangji-054-traces-tv-exposure-from-tvbs-to-phoenix-and-youhuashuo"",""date"":""2017-01-21"",""displayDate"":""2017年1月21日"",""datePrecision"":""day"",""title"":""李敖在飞页书屋回顾从TVBS华视到凤凰卫视《李敖有话说》的电视曝光"",""summary"":""李敖回忆早期有线电视、TVBS、华视和苏逸洪，再说刘长乐和凤凰卫视开价促成《李敖有话说》，北京要求三月七日付款三月八日开播。"",""view"":[""演讲线"",""公共事件线""],""tags"":[""李敖演讲集"",""演讲"",""飞页书屋"",""文星"",""晚年演讲"",""电视"",""TVBS"",""华视"",""凤凰卫视"",""李敖有话说""],""people"":[""李敖"",""苏逸洪"",""刘长乐""],""places"":[""台北""],""works"":[""李敖演讲集"",""054.20170121李敖飞页书屋演讲"",""李敖有话说""],""certainty"":""confirmed"",""source"":{""book"":""李敖演讲集"",""chapter"":""054.20170121李敖飞页书屋演讲"",""path"":""《大李敖全集5.0》（wjm_tcy版）分章节/010.节目演讲类/011.李敖演讲集/054.20170121李敖飞页书屋演讲.txt"",""line"":83,""lines"":[83,85,87,89]},""crossReferences"":[],""dataFile"":""data/timeline-events-li-ao-yanjiangji.json""}"
"28065","2017","2017-01-21","2017年1月21日","day","confirmed","李敖在飞页书屋批马英九军购比陈水扁李登辉更多又捐钱给日本","李敖说马英九买的美国武器比陈水扁和李登辉还多，并非亲北京；他又批台湾捐日本六十六亿新台币，日本仍轻视台湾。","李敖、马英九、陈水扁、李登辉、林全","台北、日本、美国","李敖演讲集、演讲、飞页书屋、文星、晚年演讲、马英九、军购、日本、陈水扁、李登辉","演讲线、公共事件线","李敖演讲集、054.20170121李敖飞页书屋演讲","","李敖演讲集","054.20170121李敖飞页书屋演讲","204","《大李敖全集5.0》（wjm_tcy版）分章节/010.节目演讲类/011.李敖演讲集/054.20170121李敖飞页书屋演讲.txt","","[]","data/timeline-events-li-ao-yanjiangji.json","li-ao-yanjiangji-054-criticizes-ma-yingjeou-arms-purchases-and-japan-donation","{""id"":""li-ao-yanjiangji-054-criticizes-ma-yingjeou-arms-purchases-and-japan-donation"",""date"":""2017-01-21"",""displayDate"":""2017年1月21日"",""datePrecision"":""day"",""title"":""李敖在飞页书屋批马英九军购比陈水扁李登辉更多又捐钱给日本"",""summary"":""李敖说马英九买的美国武器比陈水扁和李登辉还多，并非亲北京；他又批台湾捐日本六十六亿新台币，日本仍轻视台湾。"",""view"":[""演讲线"",""公共事件线""],""tags"":[""李敖演讲集"",""演讲"",""飞页书屋"",""文星"",""晚年演讲"",""马英九"",""军购"",""日本"",""陈水扁"",""李登辉""],""people"":[""李敖"",""马英九"",""陈水扁"",""李登辉"",""林全""],""places"":[""台北"",""日本"",""美国""],""works"":[""李敖演讲集"",""054.20170121李敖飞页书屋演讲""],""certainty"":""confirmed"",""source"":{""book"":""李敖演讲集"",""chapter"":""054.20170121李敖飞页书屋演讲"",""path"":""《大李敖全集5.0》（wjm_tcy版）分章节/010.节目演讲类/011.李敖演讲集/054.20170121李敖飞页书屋演讲.txt"",""line"":204,""lines"":[204,206]},""crossReferences"":[],""dataFile"":""data/timeline-events-li-ao-yanjiangji.json""}"
"28066","2017","2017-01-21","2017年1月21日","day","confirmed","李敖在飞页书屋批台湾现代文学名家没有真正才华","李敖批评陈若曦、白先勇、王文兴、台静农和余光中等台湾现代文学人物，认为他们缺乏真正才华，诗人也应反对政府。","李敖、陈若曦、白先勇、王文兴、台静农、余光中","台北","李敖演讲集、演讲、飞页书屋、文星、晚年演讲、台湾文学、陈若曦、白先勇、王文兴、余光中","演讲线、公共事件线","李敖演讲集、054.20170121李敖飞页书屋演讲","","李敖演讲集","054.20170121李敖飞页书屋演讲","45","《大李敖全集5.0》（wjm_tcy版）分章节/010.节目演讲类/011.李敖演讲集/054.20170121李敖飞页书屋演讲.txt","","[]","data/timeline-events-li-ao-yanjiangji.json","li-ao-yanjiangji-054-criticizes-taiwan-modern-literature-writers-as-lacking-talent","{""id"":""li-ao-yanjiangji-054-criticizes-taiwan-modern-literature-writers-as-lacking-talent"",""date"":""2017-01-21"",""displayDate"":""2017年1月21日"",""datePrecision"":""day"",""title"":""李敖在飞页书屋批台湾现代文学名家没有真正才华"",""summary"":""李敖批评陈若曦、白先勇、王文兴、台静农和余光中等台湾现代文学人物，认为他们缺乏真正才华，诗人也应反对政府。"",""view"":[""演讲线"",""公共事件线""],""tags"":[""李敖演讲集"",""演讲"",""飞页书屋"",""文星"",""晚年演讲"",""台湾文学"",""陈若曦"",""白先勇"",""王文兴"",""余光中""],""people"":[""李敖"",""陈若曦"",""白先勇"",""王文兴"",""台静农"",""余光中""],""places"":[""台北""],""works"":[""李敖演讲集"",""054.20170121李敖飞页书屋演讲""],""certainty"":""confirmed"",""source"":{""book"":""李敖演讲集"",""chapter"":""054.20170121李敖飞页书屋演讲"",""path"":""《大李敖全集5.0》（wjm_tcy版）分章节/010.节目演讲类/011.李敖演讲集/054.20170121李敖飞页书屋演讲.txt"",""line"":45,""lines"":[45,47,49]},""crossReferences"":[],""dataFile"":""data/timeline-events-li-ao-yanjiangji.json""}"
"28067","2017","2017-01-21","2017年1月21日","day","confirmed","李敖在飞页书屋把《自由中国》和《文星》区分为政治与文化挖根","李敖说《自由中国》是政治性的，《文星》则是文化挖根；他进入后才把《文星》变成挖国民党根、也挖共产党根的刊物。","李敖","台北","李敖演讲集、演讲、飞页书屋、文星、晚年演讲、自由中国、政治、文化挖根","演讲线、公共事件线","李敖演讲集、054.20170121李敖飞页书屋演讲、自由中国、文星","","李敖演讲集","054.20170121李敖飞页书屋演讲","127","《大李敖全集5.0》（wjm_tcy版）分章节/010.节目演讲类/011.李敖演讲集/054.20170121李敖飞页书屋演讲.txt","","[]","data/timeline-events-li-ao-yanjiangji.json","li-ao-yanjiangji-054-contrasts-freedom-china-political-root-with-wenxing-cultural-root","{""id"":""li-ao-yanjiangji-054-contrasts-freedom-china-political-root-with-wenxing-cultural-root"",""date"":""2017-01-21"",""displayDate"":""2017年1月21日"",""datePrecision"":""day"",""title"":""李敖在飞页书屋把《自由中国》和《文星》区分为政治与文化挖根"",""summary"":""李敖说《自由中国》是政治性的，《文星》则是文化挖根；他进入后才把《文星》变成挖国民党根、也挖共产党根的刊物。"",""view"":[""演讲线"",""公共事件线""],""tags"":[""李敖演讲集"",""演讲"",""飞页书屋"",""文星"",""晚年演讲"",""自由中国"",""政治"",""文化挖根""],""people"":[""李敖""],""places"":[""台北""],""works"":[""李敖演讲集"",""054.20170121李敖飞页书屋演讲"",""自由中国"",""文星""],""certainty"":""confirmed"",""source"":{""book"":""李敖演讲集"",""chapter"":""054.20170121李敖飞页书屋演讲"",""path"":""《大李敖全集5.0》（wjm_tcy版）分章节/010.节目演讲类/011.李敖演讲集/054.20170121李敖飞页书屋演讲.txt"",""line"":127,""lines"":[127,129]},""crossReferences"":[],""dataFile"":""data/timeline-events-li-ao-yanjiangji.json""}"
"28068","2017","2017-01-21","2017年1月21日","day","confirmed","李敖在飞页书屋把脑瘤压迫恶化与台湾太小拒绝事实并置","李敖说脑部压迫会影响说话、吞咽和腿，又转入台湾太小、只有世界极小一部分的问题，认为台湾若拒绝事实就没有好未来。","李敖","台北","李敖演讲集、演讲、飞页书屋、文星、晚年演讲、脑瘤、台湾太小、事实、未来","演讲线、公共事件线","李敖演讲集、054.20170121李敖飞页书屋演讲","","李敖演讲集","054.20170121李敖飞页书屋演讲","41","《大李敖全集5.0》（wjm_tcy版）分章节/010.节目演讲类/011.李敖演讲集/054.20170121李敖飞页书屋演讲.txt","","[]","data/timeline-events-li-ao-yanjiangji.json","li-ao-yanjiangji-054-connects-brain-decline-with-taiwan-smallness-and-refusal-of-facts","{""id"":""li-ao-yanjiangji-054-connects-brain-decline-with-taiwan-smallness-and-refusal-of-facts"",""date"":""2017-01-21"",""displayDate"":""2017年1月21日"",""datePrecision"":""day"",""title"":""李敖在飞页书屋把脑瘤压迫恶化与台湾太小拒绝事实并置"",""summary"":""李敖说脑部压迫会影响说话、吞咽和腿，又转入台湾太小、只有世界极小一部分的问题，认为台湾若拒绝事实就没有好未来。"",""view"":[""演讲线"",""公共事件线""],""tags"":[""李敖演讲集"",""演讲"",""飞页书屋"",""文星"",""晚年演讲"",""脑瘤"",""台湾太小"",""事实"",""未来""],""people"":[""李敖""],""places"":[""台北""],""works"":[""李敖演讲集"",""054.20170121李敖飞页书屋演讲""],""certainty"":""confirmed"",""source"":{""book"":""李敖演讲集"",""chapter"":""054.20170121李敖飞页书屋演讲"",""path"":""《大李敖全集5.0》（wjm_tcy版）分章节/010.节目演讲类/011.李敖演讲集/054.20170121李敖飞页书屋演讲.txt"",""line"":41,""lines"":[41]},""crossReferences"":[],""dataFile"":""data/timeline-events-li-ao-yanjiangji.json""}"
"28069","2017","2017-01-21","2017年1月21日","day","confirmed","李敖在飞页书屋建议七十六岁听众若台湾不能发展就全家逃到美国","李敖回答七十六岁听众时说，可以用吴璋炯的办法，如果台湾不能发展，全家逃到美国；他自己本可成为美国公民却留下来，因为总要有人照亮自己的方向。","李敖、吴璋炯","台北、美国","李敖演讲集、演讲、飞页书屋、文星、晚年演讲、美国、逃离台湾、吴璋炯、人生建议","演讲线、公共事件线","李敖演讲集、054.20170121李敖飞页书屋演讲","","李敖演讲集","054.20170121李敖飞页书屋演讲","256","《大李敖全集5.0》（wjm_tcy版）分章节/010.节目演讲类/011.李敖演讲集/054.20170121李敖飞页书屋演讲.txt","","[]","data/timeline-events-li-ao-yanjiangji.json","li-ao-yanjiangji-054-advises-old-audience-to-escape-to-america-if-taiwan-cannot-develop","{""id"":""li-ao-yanjiangji-054-advises-old-audience-to-escape-to-america-if-taiwan-cannot-develop"",""date"":""2017-01-21"",""displayDate"":""2017年1月21日"",""datePrecision"":""day"",""title"":""李敖在飞页书屋建议七十六岁听众若台湾不能发展就全家逃到美国"",""summary"":""李敖回答七十六岁听众时说，可以用吴璋炯的办法，如果台湾不能发展，全家逃到美国；他自己本可成为美国公民却留下来，因为总要有人照亮自己的方向。"",""view"":[""演讲线"",""公共事件线""],""tags"":[""李敖演讲集"",""演讲"",""飞页书屋"",""文星"",""晚年演讲"",""美国"",""逃离台湾"",""吴璋炯"",""人生建议""],""people"":[""李敖"",""吴璋炯""],""places"":[""台北"",""美国""],""works"":[""李敖演讲集"",""054.20170121李敖飞页书屋演讲""],""certainty"":""confirmed"",""source"":{""book"":""李敖演讲集"",""chapter"":""054.20170121李敖飞页书屋演讲"",""path"":""《大李敖全集5.0》（wjm_tcy版）分章节/010.节目演讲类/011.李敖演讲集/054.20170121李敖飞页书屋演讲.txt"",""line"":256,""lines"":[256,258]},""crossReferences"":[],""dataFile"":""data/timeline-events-li-ao-yanjiangji.json""}"
"28070","2017","2017-01-21","2017年1月21日","day","confirmed","李敖在飞页书屋说《李敖有话说》七百多集影响大陆一代人","李敖说他在凤凰卫视做了七百多集《李敖有话说》，并借节目影响大陆一代人。","李敖","台北","李敖演讲集、演讲、飞页书屋、文星、晚年演讲、李敖有话说、凤凰卫视、大陆影响","演讲线、公共事件线","李敖演讲集、054.20170121李敖飞页书屋演讲、李敖有话说","","李敖演讲集","054.20170121李敖飞页书屋演讲","89","《大李敖全集5.0》（wjm_tcy版）分章节/010.节目演讲类/011.李敖演讲集/054.20170121李敖飞页书屋演讲.txt","","[]","data/timeline-events-li-ao-yanjiangji.json","li-ao-yanjiangji-054-says-youhuashuo-episodes-influenced-a-mainland-generation","{""id"":""li-ao-yanjiangji-054-says-youhuashuo-episodes-influenced-a-mainland-generation"",""date"":""2017-01-21"",""displayDate"":""2017年1月21日"",""datePrecision"":""day"",""title"":""李敖在飞页书屋说《李敖有话说》七百多集影响大陆一代人"",""summary"":""李敖说他在凤凰卫视做了七百多集《李敖有话说》，并借节目影响大陆一代人。"",""view"":[""演讲线"",""公共事件线""],""tags"":[""李敖演讲集"",""演讲"",""飞页书屋"",""文星"",""晚年演讲"",""李敖有话说"",""凤凰卫视"",""大陆影响""],""people"":[""李敖""],""places"":[""台北""],""works"":[""李敖演讲集"",""054.20170121李敖飞页书屋演讲"",""李敖有话说""],""certainty"":""confirmed"",""source"":{""book"":""李敖演讲集"",""chapter"":""054.20170121李敖飞页书屋演讲"",""path"":""《大李敖全集5.0》（wjm_tcy版）分章节/010.节目演讲类/011.李敖演讲集/054.20170121李敖飞页书屋演讲.txt"",""line"":89,""lines"":[89,91]},""crossReferences"":[],""dataFile"":""data/timeline-events-li-ao-yanjiangji.json""}"
"28071","2017","2017-01-21","2017年1月21日","day","confirmed","李敖在飞页书屋说大陆不能出他的书只有微博和网站能转弯","李敖说他的书现在在大陆不能出版，只能靠微博转弯；网络替代书籍，也统一了思想和谣言传播。","李敖","台北","李敖演讲集、演讲、飞页书屋、文星、晚年演讲、大陆出版、微博、网站、网络、禁书","演讲线、公共事件线","李敖演讲集、054.20170121李敖飞页书屋演讲","","李敖演讲集","054.20170121李敖飞页书屋演讲","93","《大李敖全集5.0》（wjm_tcy版）分章节/010.节目演讲类/011.李敖演讲集/054.20170121李敖飞页书屋演讲.txt","","[]","data/timeline-events-li-ao-yanjiangji.json","li-ao-yanjiangji-054-says-mainland-books-are-blocked-and-weibo-web-replaced-books","{""id"":""li-ao-yanjiangji-054-says-mainland-books-are-blocked-and-weibo-web-replaced-books"",""date"":""2017-01-21"",""displayDate"":""2017年1月21日"",""datePrecision"":""day"",""title"":""李敖在飞页书屋说大陆不能出他的书只有微博和网站能转弯"",""summary"":""李敖说他的书现在在大陆不能出版，只能靠微博转弯；网络替代书籍，也统一了思想和谣言传播。"",""view"":[""演讲线"",""公共事件线""],""tags"":[""李敖演讲集"",""演讲"",""飞页书屋"",""文星"",""晚年演讲"",""大陆出版"",""微博"",""网站"",""网络"",""禁书""],""people"":[""李敖""],""places"":[""台北""],""works"":[""李敖演讲集"",""054.20170121李敖飞页书屋演讲""],""certainty"":""confirmed"",""source"":{""book"":""李敖演讲集"",""chapter"":""054.20170121李敖飞页书屋演讲"",""path"":""《大李敖全集5.0》（wjm_tcy版）分章节/010.节目演讲类/011.李敖演讲集/054.20170121李敖飞页书屋演讲.txt"",""line"":93,""lines"":[93,95]},""crossReferences"":[],""dataFile"":""data/timeline-events-li-ao-yanjiangji.json""}"
"28072","2017","2017-01-21","2017年1月21日","day","confirmed","李敖在飞页书屋说大陆机场待他如国宾而台湾不是主人","李敖谈盗版和假书后说，美国像老板要台湾付钱，台湾不是主人、大陆只是客人；他在中华人民共和国机场曾被当作国宾接待，但大陆也看出他软硬不吃。","李敖","台北、美国、台湾、中国大陆","李敖演讲集、演讲、飞页书屋、文星、晚年演讲、大陆接待、台湾、美国、盗版、国宾","演讲线、公共事件线","李敖演讲集、054.20170121李敖飞页书屋演讲","","李敖演讲集","054.20170121李敖飞页书屋演讲","99","《大李敖全集5.0》（wjm_tcy版）分章节/010.节目演讲类/011.李敖演讲集/054.20170121李敖飞页书屋演讲.txt","","[]","data/timeline-events-li-ao-yanjiangji.json","li-ao-yanjiangji-054-compares-mainland-state-guest-treatment-with-taiwan-not-master","{""id"":""li-ao-yanjiangji-054-compares-mainland-state-guest-treatment-with-taiwan-not-master"",""date"":""2017-01-21"",""displayDate"":""2017年1月21日"",""datePrecision"":""day"",""title"":""李敖在飞页书屋说大陆机场待他如国宾而台湾不是主人"",""summary"":""李敖谈盗版和假书后说，美国像老板要台湾付钱，台湾不是主人、大陆只是客人；他在中华人民共和国机场曾被当作国宾接待，但大陆也看出他软硬不吃。"",""view"":[""演讲线"",""公共事件线""],""tags"":[""李敖演讲集"",""演讲"",""飞页书屋"",""文星"",""晚年演讲"",""大陆接待"",""台湾"",""美国"",""盗版"",""国宾""],""people"":[""李敖""],""places"":[""台北"",""美国"",""台湾"",""中国大陆""],""works"":[""李敖演讲集"",""054.20170121李敖飞页书屋演讲""],""certainty"":""confirmed"",""source"":{""book"":""李敖演讲集"",""chapter"":""054.20170121李敖飞页书屋演讲"",""path"":""《大李敖全集5.0》（wjm_tcy版）分章节/010.节目演讲类/011.李敖演讲集/054.20170121李敖飞页书屋演讲.txt"",""line"":99,""lines"":[99,101]},""crossReferences"":[],""dataFile"":""data/timeline-events-li-ao-yanjiangji.json""}"
"28073","2017","2017-01-21","2017年1月21日","day","confirmed","李敖在飞页书屋说不台独就不会统一且中华民国已死","李敖说只要没有台独，大陆不会急着统一，毛泽东、邓小平都可以等很久；同时中华民国已经死去，台湾剩下少数小邦交国和不可能完成的潜舰梦。","李敖、毛泽东、邓小平、蒋介石","台北","李敖演讲集、演讲、飞页书屋、文星、晚年演讲、台湾前途、台独、统一、中华民国、潜舰","演讲线、公共事件线","李敖演讲集、054.20170121李敖飞页书屋演讲","li-ao-yanjiangji-050-says-ideal-china-taiwan-relation-has-no-taiwan-problem、li-ao-yanjiangji-045-recalls-prison-toilet-reading-chiang-and-roc-demise","李敖演讲集","054.20170121李敖飞页书屋演讲","109","《大李敖全集5.0》（wjm_tcy版）分章节/010.节目演讲类/011.李敖演讲集/054.20170121李敖飞页书屋演讲.txt","","[]","data/timeline-events-li-ao-yanjiangji.json","li-ao-yanjiangji-054-says-no-unification-if-no-taiwan-independence-and-roc-is-dead","{""id"":""li-ao-yanjiangji-054-says-no-unification-if-no-taiwan-independence-and-roc-is-dead"",""date"":""2017-01-21"",""displayDate"":""2017年1月21日"",""datePrecision"":""day"",""title"":""李敖在飞页书屋说不台独就不会统一且中华民国已死"",""summary"":""李敖说只要没有台独，大陆不会急着统一，毛泽东、邓小平都可以等很久；同时中华民国已经死去，台湾剩下少数小邦交国和不可能完成的潜舰梦。"",""view"":[""演讲线"",""公共事件线""],""tags"":[""李敖演讲集"",""演讲"",""飞页书屋"",""文星"",""晚年演讲"",""台湾前途"",""台独"",""统一"",""中华民国"",""潜舰""],""people"":[""李敖"",""毛泽东"",""邓小平"",""蒋介石""],""places"":[""台北""],""works"":[""李敖演讲集"",""054.20170121李敖飞页书屋演讲""],""certainty"":""confirmed"",""source"":{""book"":""李敖演讲集"",""chapter"":""054.20170121李敖飞页书屋演讲"",""path"":""《大李敖全集5.0》（wjm_tcy版）分章节/010.节目演讲类/011.李敖演讲集/054.20170121李敖飞页书屋演讲.txt"",""line"":109,""lines"":[109,111,113,115,117]},""crossReferences"":[""li-ao-yanjiangji-050-says-ideal-china-taiwan-relation-has-no-taiwan-problem"",""li-ao-yanjiangji-045-recalls-prison-toilet-reading-chiang-and-roc-demise""],""dataFile"":""data/timeline-events-li-ao-yanjiangji.json""}"
"28074","2017","2017-01-21","2017年1月21日","day","confirmed","李敖在飞页书屋说仍要印纸本《李敖大全集》并做纸书最后一人","李敖承认纸本百科全书已经停止，却仍要印《李敖大全集》，从四十册冲到一百册，并自称可能是纸书的最后一个人。","李敖","台北","李敖演讲集、演讲、飞页书屋、文星、晚年演讲、李敖大全集、纸本书、出版、百科全书","演讲线、公共事件线","李敖演讲集、054.20170121李敖飞页书屋演讲、李敖大全集","","李敖演讲集","054.20170121李敖飞页书屋演讲","27","《大李敖全集5.0》（wjm_tcy版）分章节/010.节目演讲类/011.李敖演讲集/054.20170121李敖飞页书屋演讲.txt","","[]","data/timeline-events-li-ao-yanjiangji.json","li-ao-yanjiangji-054-insists-on-paper-complete-works-and-calls-himself-last-paper-book-man","{""id"":""li-ao-yanjiangji-054-insists-on-paper-complete-works-and-calls-himself-last-paper-book-man"",""date"":""2017-01-21"",""displayDate"":""2017年1月21日"",""datePrecision"":""day"",""title"":""李敖在飞页书屋说仍要印纸本《李敖大全集》并做纸书最后一人"",""summary"":""李敖承认纸本百科全书已经停止，却仍要印《李敖大全集》，从四十册冲到一百册，并自称可能是纸书的最后一个人。"",""view"":[""演讲线"",""公共事件线""],""tags"":[""李敖演讲集"",""演讲"",""飞页书屋"",""文星"",""晚年演讲"",""李敖大全集"",""纸本书"",""出版"",""百科全书""],""people"":[""李敖""],""places"":[""台北""],""works"":[""李敖演讲集"",""054.20170121李敖飞页书屋演讲"",""李敖大全集""],""certainty"":""confirmed"",""source"":{""book"":""李敖演讲集"",""chapter"":""054.20170121李敖飞页书屋演讲"",""path"":""《大李敖全集5.0》（wjm_tcy版）分章节/010.节目演讲类/011.李敖演讲集/054.20170121李敖飞页书屋演讲.txt"",""line"":27,""lines"":[27]},""crossReferences"":[],""dataFile"":""data/timeline-events-li-ao-yanjiangji.json""}"
"28075","2017","2017-01-21","2017年1月21日","day","confirmed","李敖在飞页书屋说台语闽南语没有可承载世界文学的文字系统","李敖与林衡哲争论台湾音乐文学时说，台语和闽南语没有成熟文字系统，不能等两千年出司马迁或三百年出《红楼梦》，用地方语言和英文竞争是浪费。","李敖、林衡哲、司马迁","台北","李敖演讲集、演讲、飞页书屋、文星、晚年演讲、台语、闽南语、台湾文学、文字系统、英文","演讲线、公共事件线","李敖演讲集、054.20170121李敖飞页书屋演讲、红楼梦","","李敖演讲集","054.20170121李敖飞页书屋演讲","150","《大李敖全集5.0》（wjm_tcy版）分章节/010.节目演讲类/011.李敖演讲集/054.20170121李敖飞页书屋演讲.txt","","[]","data/timeline-events-li-ao-yanjiangji.json","li-ao-yanjiangji-054-says-taiwanese-and-minnan-lack-writing-system-for-world-literature","{""id"":""li-ao-yanjiangji-054-says-taiwanese-and-minnan-lack-writing-system-for-world-literature"",""date"":""2017-01-21"",""displayDate"":""2017年1月21日"",""datePrecision"":""day"",""title"":""李敖在飞页书屋说台语闽南语没有可承载世界文学的文字系统"",""summary"":""李敖与林衡哲争论台湾音乐文学时说，台语和闽南语没有成熟文字系统，不能等两千年出司马迁或三百年出《红楼梦》，用地方语言和英文竞争是浪费。"",""view"":[""演讲线"",""公共事件线""],""tags"":[""李敖演讲集"",""演讲"",""飞页书屋"",""文星"",""晚年演讲"",""台语"",""闽南语"",""台湾文学"",""文字系统"",""英文""],""people"":[""李敖"",""林衡哲"",""司马迁""],""places"":[""台北""],""works"":[""李敖演讲集"",""054.20170121李敖飞页书屋演讲"",""红楼梦""],""certainty"":""confirmed"",""source"":{""book"":""李敖演讲集"",""chapter"":""054.20170121李敖飞页书屋演讲"",""path"":""《大李敖全集5.0》（wjm_tcy版）分章节/010.节目演讲类/011.李敖演讲集/054.20170121李敖飞页书屋演讲.txt"",""line"":150,""lines"":[150,152,154,156,158,160,162,164,166,168]},""crossReferences"":[],""dataFile"":""data/timeline-events-li-ao-yanjiangji.json""}"
"28076","2017","2017-01-21","2017年1月21日","day","confirmed","李敖在飞页书屋说台湾太小政府太大且蒋介石曾想省制安排","李敖说台湾地方太小而政府太大，蒋介石一九五〇年秘密谈话曾想把台湾做成省制安排；他又提到李远哲被找回做原子弹，后来却毁了教育改革。","李敖、蒋介石、李远哲","台北","李敖演讲集、演讲、飞页书屋、文星、晚年演讲、台湾、政府太大、蒋介石、李远哲、教育改革","演讲线、公共事件线","李敖演讲集、054.20170121李敖飞页书屋演讲","","李敖演讲集","054.20170121李敖飞页书屋演讲","177","《大李敖全集5.0》（wjm_tcy版）分章节/010.节目演讲类/011.李敖演讲集/054.20170121李敖飞页书屋演讲.txt","","[]","data/timeline-events-li-ao-yanjiangji.json","li-ao-yanjiangji-054-says-taiwan-is-tiny-with-government-too-big-and-chiang-wanted-provincial-setup","{""id"":""li-ao-yanjiangji-054-says-taiwan-is-tiny-with-government-too-big-and-chiang-wanted-provincial-setup"",""date"":""2017-01-21"",""displayDate"":""2017年1月21日"",""datePrecision"":""day"",""title"":""李敖在飞页书屋说台湾太小政府太大且蒋介石曾想省制安排"",""summary"":""李敖说台湾地方太小而政府太大，蒋介石一九五〇年秘密谈话曾想把台湾做成省制安排；他又提到李远哲被找回做原子弹，后来却毁了教育改革。"",""view"":[""演讲线"",""公共事件线""],""tags"":[""李敖演讲集"",""演讲"",""飞页书屋"",""文星"",""晚年演讲"",""台湾"",""政府太大"",""蒋介石"",""李远哲"",""教育改革""],""people"":[""李敖"",""蒋介石"",""李远哲""],""places"":[""台北""],""works"":[""李敖演讲集"",""054.20170121李敖飞页书屋演讲""],""certainty"":""confirmed"",""source"":{""book"":""李敖演讲集"",""chapter"":""054.20170121李敖飞页书屋演讲"",""path"":""《大李敖全集5.0》（wjm_tcy版）分章节/010.节目演讲类/011.李敖演讲集/054.20170121李敖飞页书屋演讲.txt"",""line"":177,""lines"":[177,179]},""crossReferences"":[],""dataFile"":""data/timeline-events-li-ao-yanjiangji.json""}"
"28077","2017","2017-01-21","2017年1月21日","day","confirmed","李敖在飞页书屋说台湾买武器没有未来而《台湾关系法》只会严重关切","李敖说台湾没有未来，只会买武器被美国卖；《台湾关系法》不会真正保护台湾，只会表达严重关切。","李敖","台北","李敖演讲集、演讲、飞页书屋、文星、晚年演讲、台湾前途、军购、台湾关系法、美国","演讲线、公共事件线","李敖演讲集、054.20170121李敖飞页书屋演讲、台湾关系法","li-ao-yanjiangji-044-says-tra-provides-not-sells-weapons-and-us-will-not-rescue-taiwan","李敖演讲集","054.20170121李敖飞页书屋演讲","105","《大李敖全集5.0》（wjm_tcy版）分章节/010.节目演讲类/011.李敖演讲集/054.20170121李敖飞页书屋演讲.txt","","[]","data/timeline-events-li-ao-yanjiangji.json","li-ao-yanjiangji-054-says-taiwan-has-no-future-and-tra-only-serious-concern","{""id"":""li-ao-yanjiangji-054-says-taiwan-has-no-future-and-tra-only-serious-concern"",""date"":""2017-01-21"",""displayDate"":""2017年1月21日"",""datePrecision"":""day"",""title"":""李敖在飞页书屋说台湾买武器没有未来而《台湾关系法》只会严重关切"",""summary"":""李敖说台湾没有未来，只会买武器被美国卖；《台湾关系法》不会真正保护台湾，只会表达严重关切。"",""view"":[""演讲线"",""公共事件线""],""tags"":[""李敖演讲集"",""演讲"",""飞页书屋"",""文星"",""晚年演讲"",""台湾前途"",""军购"",""台湾关系法"",""美国""],""people"":[""李敖""],""places"":[""台北""],""works"":[""李敖演讲集"",""054.20170121李敖飞页书屋演讲"",""台湾关系法""],""certainty"":""confirmed"",""source"":{""book"":""李敖演讲集"",""chapter"":""054.20170121李敖飞页书屋演讲"",""path"":""《大李敖全集5.0》（wjm_tcy版）分章节/010.节目演讲类/011.李敖演讲集/054.20170121李敖飞页书屋演讲.txt"",""line"":105,""lines"":[105,107]},""crossReferences"":[""li-ao-yanjiangji-044-says-tra-provides-not-sells-weapons-and-us-will-not-rescue-taiwan""],""dataFile"":""data/timeline-events-li-ao-yanjiangji.json""}"
"28078","2017","2017-01-21","2017年1月21日","day","confirmed","李敖在飞页书屋说台湾若真好早该出世界级人物而手机耗尽青年原创力","李敖说台湾若真有条件，世界级人物早该出现，出国后成名的人不算本土结果；他又说手机耗尽年轻人的时间、精力、注意力和原创性。","李敖","台北","李敖演讲集、演讲、飞页书屋、文星、晚年演讲、台湾人才、世界级人物、手机、原创性、青年","演讲线、公共事件线","李敖演讲集、054.20170121李敖飞页书屋演讲","","李敖演讲集","054.20170121李敖飞页书屋演讲","268","《大李敖全集5.0》（wjm_tcy版）分章节/010.节目演讲类/011.李敖演讲集/054.20170121李敖飞页书屋演讲.txt","","[]","data/timeline-events-li-ao-yanjiangji.json","li-ao-yanjiangji-054-says-no-world-class-taiwan-person-has-appeared-and-phones-kill-originality","{""id"":""li-ao-yanjiangji-054-says-no-world-class-taiwan-person-has-appeared-and-phones-kill-originality"",""date"":""2017-01-21"",""displayDate"":""2017年1月21日"",""datePrecision"":""day"",""title"":""李敖在飞页书屋说台湾若真好早该出世界级人物而手机耗尽青年原创力"",""summary"":""李敖说台湾若真有条件，世界级人物早该出现，出国后成名的人不算本土结果；他又说手机耗尽年轻人的时间、精力、注意力和原创性。"",""view"":[""演讲线"",""公共事件线""],""tags"":[""李敖演讲集"",""演讲"",""飞页书屋"",""文星"",""晚年演讲"",""台湾人才"",""世界级人物"",""手机"",""原创性"",""青年""],""people"":[""李敖""],""places"":[""台北""],""works"":[""李敖演讲集"",""054.20170121李敖飞页书屋演讲""],""certainty"":""confirmed"",""source"":{""book"":""李敖演讲集"",""chapter"":""054.20170121李敖飞页书屋演讲"",""path"":""《大李敖全集5.0》（wjm_tcy版）分章节/010.节目演讲类/011.李敖演讲集/054.20170121李敖飞页书屋演讲.txt"",""line"":268,""lines"":[268,270,272,274,276,278,280,282,284]},""crossReferences"":[],""dataFile"":""data/timeline-events-li-ao-yanjiangji.json""}"
"28079","2017","2017-01-21","2017年1月21日","day","confirmed","李敖在飞页书屋说死后捐遗体给台大医院且并不忧伤","李敖说自己大约三年后会死，遗体捐给台大医院，并不因此忧伤；蔡同荣已死，石齐平也不能如常，他以同辈衰老对照自己。","李敖、蔡同荣、石齐平","台北、台大医院","李敖演讲集、演讲、飞页书屋、文星、晚年演讲、遗体捐赠、台大医院、晚年、蔡同荣、石齐平","演讲线、公共事件线","李敖演讲集、054.20170121李敖飞页书屋演讲","li-ao-yanjiangji-041-repeats-body-donation-to-ntu-without-epitaph","李敖演讲集","054.20170121李敖飞页书屋演讲","55","《大李敖全集5.0》（wjm_tcy版）分章节/010.节目演讲类/011.李敖演讲集/054.20170121李敖飞页书屋演讲.txt","","[]","data/timeline-events-li-ao-yanjiangji.json","li-ao-yanjiangji-054-donates-body-to-ntu-hospital-without-melancholy","{""id"":""li-ao-yanjiangji-054-donates-body-to-ntu-hospital-without-melancholy"",""date"":""2017-01-21"",""displayDate"":""2017年1月21日"",""datePrecision"":""day"",""title"":""李敖在飞页书屋说死后捐遗体给台大医院且并不忧伤"",""summary"":""李敖说自己大约三年后会死，遗体捐给台大医院，并不因此忧伤；蔡同荣已死，石齐平也不能如常，他以同辈衰老对照自己。"",""view"":[""演讲线"",""公共事件线""],""tags"":[""李敖演讲集"",""演讲"",""飞页书屋"",""文星"",""晚年演讲"",""遗体捐赠"",""台大医院"",""晚年"",""蔡同荣"",""石齐平""],""people"":[""李敖"",""蔡同荣"",""石齐平""],""places"":[""台北"",""台大医院""],""works"":[""李敖演讲集"",""054.20170121李敖飞页书屋演讲""],""certainty"":""confirmed"",""source"":{""book"":""李敖演讲集"",""chapter"":""054.20170121李敖飞页书屋演讲"",""path"":""《大李敖全集5.0》（wjm_tcy版）分章节/010.节目演讲类/011.李敖演讲集/054.20170121李敖飞页书屋演讲.txt"",""line"":55,""lines"":[55]},""crossReferences"":[""li-ao-yanjiangji-041-repeats-body-donation-to-ntu-without-epitaph""],""dataFile"":""data/timeline-events-li-ao-yanjiangji.json""}"
"28080","2017","2017-01-21","2017年1月21日","day","confirmed","李敖在飞页书屋说网红与网络传播会统一思想却不能制造原创","李敖回应林衡哲仍做出版时说那还是沈登恩式想法；网络和网红不一定好，网络容易统一思想，却不会制造贝多芬式原创。","李敖、林衡哲、沈登恩、贝多芬","台北","李敖演讲集、演讲、飞页书屋、文星、晚年演讲、出版、网络、网红、原创性、贝多芬","演讲线、公共事件线","李敖演讲集、054.20170121李敖飞页书屋演讲","","李敖演讲集","054.20170121李敖飞页书屋演讲","191","《大李敖全集5.0》（wjm_tcy版）分章节/010.节目演讲类/011.李敖演讲集/054.20170121李敖飞页书屋演讲.txt","","[]","data/timeline-events-li-ao-yanjiangji.json","li-ao-yanjiangji-054-says-net-celebrity-and-web-unify-thought-but-do-not-create-originality","{""id"":""li-ao-yanjiangji-054-says-net-celebrity-and-web-unify-thought-but-do-not-create-originality"",""date"":""2017-01-21"",""displayDate"":""2017年1月21日"",""datePrecision"":""day"",""title"":""李敖在飞页书屋说网红与网络传播会统一思想却不能制造原创"",""summary"":""李敖回应林衡哲仍做出版时说那还是沈登恩式想法；网络和网红不一定好，网络容易统一思想，却不会制造贝多芬式原创。"",""view"":[""演讲线"",""公共事件线""],""tags"":[""李敖演讲集"",""演讲"",""飞页书屋"",""文星"",""晚年演讲"",""出版"",""网络"",""网红"",""原创性"",""贝多芬""],""people"":[""李敖"",""林衡哲"",""沈登恩"",""贝多芬""],""places"":[""台北""],""works"":[""李敖演讲集"",""054.20170121李敖飞页书屋演讲""],""certainty"":""confirmed"",""source"":{""book"":""李敖演讲集"",""chapter"":""054.20170121李敖飞页书屋演讲"",""path"":""《大李敖全集5.0》（wjm_tcy版）分章节/010.节目演讲类/011.李敖演讲集/054.20170121李敖飞页书屋演讲.txt"",""line"":191,""lines"":[191,193,195]},""crossReferences"":[],""dataFile"":""data/timeline-events-li-ao-yanjiangji.json""}"
"28081","2017","2017-01-21","2017年1月21日","day","confirmed","李敖在飞页书屋说自己不会台语也可做台湾王并最恨国民党","李敖回答大陆是否能出他的书时说，他是统派却因台独案坐牢，台湾没有真正台独；他又说自己不会台语也可以做台湾王，最恨国民党，因为青春被它浪费。","李敖","台北","李敖演讲集、演讲、飞页书屋、文星、晚年演讲、统派、台独案、国民党、青春、台湾王","演讲线、公共事件线","李敖演讲集、054.20170121李敖飞页书屋演讲","","李敖演讲集","054.20170121李敖飞页书屋演讲","71","《大李敖全集5.0》（wjm_tcy版）分章节/010.节目演讲类/011.李敖演讲集/054.20170121李敖飞页书屋演讲.txt","","[]","data/timeline-events-li-ao-yanjiangji.json","li-ao-yanjiangji-054-says-he-can-be-taiwan-king-while-hating-kmt-most","{""id"":""li-ao-yanjiangji-054-says-he-can-be-taiwan-king-while-hating-kmt-most"",""date"":""2017-01-21"",""displayDate"":""2017年1月21日"",""datePrecision"":""day"",""title"":""李敖在飞页书屋说自己不会台语也可做台湾王并最恨国民党"",""summary"":""李敖回答大陆是否能出他的书时说，他是统派却因台独案坐牢，台湾没有真正台独；他又说自己不会台语也可以做台湾王，最恨国民党，因为青春被它浪费。"",""view"":[""演讲线"",""公共事件线""],""tags"":[""李敖演讲集"",""演讲"",""飞页书屋"",""文星"",""晚年演讲"",""统派"",""台独案"",""国民党"",""青春"",""台湾王""],""people"":[""李敖""],""places"":[""台北""],""works"":[""李敖演讲集"",""054.20170121李敖飞页书屋演讲""],""certainty"":""confirmed"",""source"":{""book"":""李敖演讲集"",""chapter"":""054.20170121李敖飞页书屋演讲"",""path"":""《大李敖全集5.0》（wjm_tcy版）分章节/010.节目演讲类/011.李敖演讲集/054.20170121李敖飞页书屋演讲.txt"",""line"":71,""lines"":[71,73,75,77]},""crossReferences"":[],""dataFile"":""data/timeline-events-li-ao-yanjiangji.json""}"
"28082","2017","2017-01-21","2017年1月21日","day","confirmed","李敖在飞页书屋说自己仍每天写两三千字记录不服从的独立道路","李敖说自己仍每天写两三千字，既不依附台湾也不依附大陆，而是记录一个不投降的独立方向。","李敖","台北","李敖演讲集、演讲、飞页书屋、文星、晚年演讲、每日写作、独立道路、不服从、晚年写作","演讲线、公共事件线","李敖演讲集、054.20170121李敖飞页书屋演讲","","李敖演讲集","054.20170121李敖飞页书屋演讲","264","《大李敖全集5.0》（wjm_tcy版）分章节/010.节目演讲类/011.李敖演讲集/054.20170121李敖飞页书屋演讲.txt","","[]","data/timeline-events-li-ao-yanjiangji.json","li-ao-yanjiangji-054-says-he-still-writes-daily-and-records-an-independent-path","{""id"":""li-ao-yanjiangji-054-says-he-still-writes-daily-and-records-an-independent-path"",""date"":""2017-01-21"",""displayDate"":""2017年1月21日"",""datePrecision"":""day"",""title"":""李敖在飞页书屋说自己仍每天写两三千字记录不服从的独立道路"",""summary"":""李敖说自己仍每天写两三千字，既不依附台湾也不依附大陆，而是记录一个不投降的独立方向。"",""view"":[""演讲线"",""公共事件线""],""tags"":[""李敖演讲集"",""演讲"",""飞页书屋"",""文星"",""晚年演讲"",""每日写作"",""独立道路"",""不服从"",""晚年写作""],""people"":[""李敖""],""places"":[""台北""],""works"":[""李敖演讲集"",""054.20170121李敖飞页书屋演讲""],""certainty"":""confirmed"",""source"":{""book"":""李敖演讲集"",""chapter"":""054.20170121李敖飞页书屋演讲"",""path"":""《大李敖全集5.0》（wjm_tcy版）分章节/010.节目演讲类/011.李敖演讲集/054.20170121李敖飞页书屋演讲.txt"",""line"":264,""lines"":[264]},""crossReferences"":[],""dataFile"":""data/timeline-events-li-ao-yanjiangji.json""}"
"28083","2017","2017-01-21","2017年1月21日","day","confirmed","李敖在飞页书屋说自己在台湾六十八年看见整套骗局并希望新一代逃出去","李敖说他在台湾住了六十八年，看到整套东西都是骗局；他希望新一代能够逃出去，这不是因为不爱台湾，而是因为不能被困在骗局里。","李敖","台北","李敖演讲集、演讲、飞页书屋、文星、晚年演讲、台湾、六十八年、骗局、新一代、逃出去","演讲线、公共事件线","李敖演讲集、054.20170121李敖飞页书屋演讲","","李敖演讲集","054.20170121李敖飞页书屋演讲","258","《大李敖全集5.0》（wjm_tcy版）分章节/010.节目演讲类/011.李敖演讲集/054.20170121李敖飞页书屋演讲.txt","","[]","data/timeline-events-li-ao-yanjiangji.json","li-ao-yanjiangji-054-calls-sixty-eight-years-in-taiwan-a-scam-yet-hopes-next-generation-escapes","{""id"":""li-ao-yanjiangji-054-calls-sixty-eight-years-in-taiwan-a-scam-yet-hopes-next-generation-escapes"",""date"":""2017-01-21"",""displayDate"":""2017年1月21日"",""datePrecision"":""day"",""title"":""李敖在飞页书屋说自己在台湾六十八年看见整套骗局并希望新一代逃出去"",""summary"":""李敖说他在台湾住了六十八年，看到整套东西都是骗局；他希望新一代能够逃出去，这不是因为不爱台湾，而是因为不能被困在骗局里。"",""view"":[""演讲线"",""公共事件线""],""tags"":[""李敖演讲集"",""演讲"",""飞页书屋"",""文星"",""晚年演讲"",""台湾"",""六十八年"",""骗局"",""新一代"",""逃出去""],""people"":[""李敖""],""places"":[""台北""],""works"":[""李敖演讲集"",""054.20170121李敖飞页书屋演讲""],""certainty"":""confirmed"",""source"":{""book"":""李敖演讲集"",""chapter"":""054.20170121李敖飞页书屋演讲"",""path"":""《大李敖全集5.0》（wjm_tcy版）分章节/010.节目演讲类/011.李敖演讲集/054.20170121李敖飞页书屋演讲.txt"",""line"":258,""lines"":[258]},""crossReferences"":[],""dataFile"":""data/timeline-events-li-ao-yanjiangji.json""}"
"28084","2017","2017-01-21","2017年1月21日","day","confirmed","李敖在飞页书屋说自己能活下去靠古董鉴定赚钱和妻子理财","李敖说自己能继续存在是因为有钱，而钱来自古董鉴定能力和妻子理财；大陆七位专家曾认定他是第一流鉴定者。","李敖","台北","李敖演讲集、演讲、飞页书屋、文星、晚年演讲、财富、古董鉴定、理财、妻子","演讲线、公共事件线","李敖演讲集、054.20170121李敖飞页书屋演讲","","李敖演讲集","054.20170121李敖飞页书屋演讲","57","《大李敖全集5.0》（wjm_tcy版）分章节/010.节目演讲类/011.李敖演讲集/054.20170121李敖飞页书屋演讲.txt","","[]","data/timeline-events-li-ao-yanjiangji.json","li-ao-yanjiangji-054-explains-wealth-through-antique-appraisal-and-wife-finance","{""id"":""li-ao-yanjiangji-054-explains-wealth-through-antique-appraisal-and-wife-finance"",""date"":""2017-01-21"",""displayDate"":""2017年1月21日"",""datePrecision"":""day"",""title"":""李敖在飞页书屋说自己能活下去靠古董鉴定赚钱和妻子理财"",""summary"":""李敖说自己能继续存在是因为有钱，而钱来自古董鉴定能力和妻子理财；大陆七位专家曾认定他是第一流鉴定者。"",""view"":[""演讲线"",""公共事件线""],""tags"":[""李敖演讲集"",""演讲"",""飞页书屋"",""文星"",""晚年演讲"",""财富"",""古董鉴定"",""理财"",""妻子""],""people"":[""李敖""],""places"":[""台北""],""works"":[""李敖演讲集"",""054.20170121李敖飞页书屋演讲""],""certainty"":""confirmed"",""source"":{""book"":""李敖演讲集"",""chapter"":""054.20170121李敖飞页书屋演讲"",""path"":""《大李敖全集5.0》（wjm_tcy版）分章节/010.节目演讲类/011.李敖演讲集/054.20170121李敖飞页书屋演讲.txt"",""line"":57,""lines"":[57]},""crossReferences"":[],""dataFile"":""data/timeline-events-li-ao-yanjiangji.json""}"
"28085","2017","2017-01-21","2017年1月21日","day","confirmed","李敖在飞页书屋说自救宣言五十年纪念不请谢聪敏是不对的","李敖说谢聪敏对自救宣言五十年纪念没有邀请原起草人非常生气，彭明敏后来投降且有悔过书，而他这个外省人也因台独案坐牢。","李敖、谢聪敏、彭明敏","台北","李敖演讲集、演讲、飞页书屋、文星、晚年演讲、谢聪敏、台湾自救宣言、彭明敏、台独案","演讲线、公共事件线","李敖演讲集、054.20170121李敖飞页书屋演讲","","李敖演讲集","054.20170121李敖飞页书屋演讲","57","《大李敖全集5.0》（wjm_tcy版）分章节/010.节目演讲类/011.李敖演讲集/054.20170121李敖飞页书屋演讲.txt","","[]","data/timeline-events-li-ao-yanjiangji.json","li-ao-yanjiangji-054-says-self-rescue-declaration-commemoration-should-invite-xie-congmin","{""id"":""li-ao-yanjiangji-054-says-self-rescue-declaration-commemoration-should-invite-xie-congmin"",""date"":""2017-01-21"",""displayDate"":""2017年1月21日"",""datePrecision"":""day"",""title"":""李敖在飞页书屋说自救宣言五十年纪念不请谢聪敏是不对的"",""summary"":""李敖说谢聪敏对自救宣言五十年纪念没有邀请原起草人非常生气，彭明敏后来投降且有悔过书，而他这个外省人也因台独案坐牢。"",""view"":[""演讲线"",""公共事件线""],""tags"":[""李敖演讲集"",""演讲"",""飞页书屋"",""文星"",""晚年演讲"",""谢聪敏"",""台湾自救宣言"",""彭明敏"",""台独案""],""people"":[""李敖"",""谢聪敏"",""彭明敏""],""places"":[""台北""],""works"":[""李敖演讲集"",""054.20170121李敖飞页书屋演讲""],""certainty"":""confirmed"",""source"":{""book"":""李敖演讲集"",""chapter"":""054.20170121李敖飞页书屋演讲"",""path"":""《大李敖全集5.0》（wjm_tcy版）分章节/010.节目演讲类/011.李敖演讲集/054.20170121李敖飞页书屋演讲.txt"",""line"":57,""lines"":[57,58]},""crossReferences"":[],""dataFile"":""data/timeline-events-li-ao-yanjiangji.json""}"
"28086","2017","2017-01-21","2017年1月21日","day","confirmed","李敖在飞页书屋说没有台湾文学并以自己在台六十八年作证","李敖说林衡哲所谓小绕路就是台湾文学，但他认为没有台湾文学，因为中文根基太弱；自己在台湾六十八年，是证明许多台湾叙述作假的见证者。","李敖、林衡哲","台北","李敖演讲集、演讲、飞页书屋、文星、晚年演讲、台湾文学、中文根基、林衡哲、见证人","演讲线、公共事件线","李敖演讲集、054.20170121李敖飞页书屋演讲","","李敖演讲集","054.20170121李敖飞页书屋演讲","37","《大李敖全集5.0》（wjm_tcy版）分章节/010.节目演讲类/011.李敖演讲集/054.20170121李敖飞页书屋演讲.txt","","[]","data/timeline-events-li-ao-yanjiangji.json","li-ao-yanjiangji-054-declares-no-taiwan-literature-and-uses-himself-as-sixty-eight-year-witness","{""id"":""li-ao-yanjiangji-054-declares-no-taiwan-literature-and-uses-himself-as-sixty-eight-year-witness"",""date"":""2017-01-21"",""displayDate"":""2017年1月21日"",""datePrecision"":""day"",""title"":""李敖在飞页书屋说没有台湾文学并以自己在台六十八年作证"",""summary"":""李敖说林衡哲所谓小绕路就是台湾文学，但他认为没有台湾文学，因为中文根基太弱；自己在台湾六十八年，是证明许多台湾叙述作假的见证者。"",""view"":[""演讲线"",""公共事件线""],""tags"":[""李敖演讲集"",""演讲"",""飞页书屋"",""文星"",""晚年演讲"",""台湾文学"",""中文根基"",""林衡哲"",""见证人""],""people"":[""李敖"",""林衡哲""],""places"":[""台北""],""works"":[""李敖演讲集"",""054.20170121李敖飞页书屋演讲""],""certainty"":""confirmed"",""source"":{""book"":""李敖演讲集"",""chapter"":""054.20170121李敖飞页书屋演讲"",""path"":""《大李敖全集5.0》（wjm_tcy版）分章节/010.节目演讲类/011.李敖演讲集/054.20170121李敖飞页书屋演讲.txt"",""line"":37,""lines"":[37,39]},""crossReferences"":[],""dataFile"":""data/timeline-events-li-ao-yanjiangji.json""}"
"28087","2017","2017-01-21","2017年1月21日","day","confirmed","李敖在飞页书屋说简体字不只是共产党产物并批台湾中文火星化","李敖说自己不是拥护简体字，但简体字并非共产党独创，宋代已有简化形；大陆读者读他是因为他写得好，而台湾文字越来越坏、火星化。","李敖","台北","李敖演讲集、演讲、飞页书屋、文星、晚年演讲、简体字、中文写作、火星文、宋代","演讲线、公共事件线","李敖演讲集、054.20170121李敖飞页书屋演讲","li-ao-yanjiangji-045-says-traditional-and-simplified-characters-can-coexist","李敖演讲集","054.20170121李敖飞页书屋演讲","172","《大李敖全集5.0》（wjm_tcy版）分章节/010.节目演讲类/011.李敖演讲集/054.20170121李敖飞页书屋演讲.txt","","[]","data/timeline-events-li-ao-yanjiangji.json","li-ao-yanjiangji-054-defends-simplified-characters-as-not-only-ccp-and-attacks-fire-star-writing","{""id"":""li-ao-yanjiangji-054-defends-simplified-characters-as-not-only-ccp-and-attacks-fire-star-writing"",""date"":""2017-01-21"",""displayDate"":""2017年1月21日"",""datePrecision"":""day"",""title"":""李敖在飞页书屋说简体字不只是共产党产物并批台湾中文火星化"",""summary"":""李敖说自己不是拥护简体字，但简体字并非共产党独创，宋代已有简化形；大陆读者读他是因为他写得好，而台湾文字越来越坏、火星化。"",""view"":[""演讲线"",""公共事件线""],""tags"":[""李敖演讲集"",""演讲"",""飞页书屋"",""文星"",""晚年演讲"",""简体字"",""中文写作"",""火星文"",""宋代""],""people"":[""李敖""],""places"":[""台北""],""works"":[""李敖演讲集"",""054.20170121李敖飞页书屋演讲""],""certainty"":""confirmed"",""source"":{""book"":""李敖演讲集"",""chapter"":""054.20170121李敖飞页书屋演讲"",""path"":""《大李敖全集5.0》（wjm_tcy版）分章节/010.节目演讲类/011.李敖演讲集/054.20170121李敖飞页书屋演讲.txt"",""line"":172,""lines"":[172,174,176,178]},""crossReferences"":[""li-ao-yanjiangji-045-says-traditional-and-simplified-characters-can-coexist""],""dataFile"":""data/timeline-events-li-ao-yanjiangji.json""}"
"28088","2017","2017-01-21","2017年1月21日","day","confirmed","李敖在飞页书屋重申郑南榕不是自焚并说郑刊经费来自他","李敖说郑南榕不是自焚，郑的杂志钱是他给的；他又说自己即使被压制，微博仍有一千万读者。","李敖、郑南榕","台北","李敖演讲集、演讲、飞页书屋、文星、晚年演讲、郑南榕、自焚、杂志经费、微博","演讲线、公共事件线","李敖演讲集、054.20170121李敖飞页书屋演讲","","李敖演讲集","054.20170121李敖飞页书屋演讲","37","《大李敖全集5.0》（wjm_tcy版）分章节/010.节目演讲类/011.李敖演讲集/054.20170121李敖飞页书屋演讲.txt","","[]","data/timeline-events-li-ao-yanjiangji.json","li-ao-yanjiangji-054-repeats-cheng-nan-jung-death-and-magazine-funding-claim-with-weibo-readers","{""id"":""li-ao-yanjiangji-054-repeats-cheng-nan-jung-death-and-magazine-funding-claim-with-weibo-readers"",""date"":""2017-01-21"",""displayDate"":""2017年1月21日"",""datePrecision"":""day"",""title"":""李敖在飞页书屋重申郑南榕不是自焚并说郑刊经费来自他"",""summary"":""李敖说郑南榕不是自焚，郑的杂志钱是他给的；他又说自己即使被压制，微博仍有一千万读者。"",""view"":[""演讲线"",""公共事件线""],""tags"":[""李敖演讲集"",""演讲"",""飞页书屋"",""文星"",""晚年演讲"",""郑南榕"",""自焚"",""杂志经费"",""微博""],""people"":[""李敖"",""郑南榕""],""places"":[""台北""],""works"":[""李敖演讲集"",""054.20170121李敖飞页书屋演讲""],""certainty"":""confirmed"",""source"":{""book"":""李敖演讲集"",""chapter"":""054.20170121李敖飞页书屋演讲"",""path"":""《大李敖全集5.0》（wjm_tcy版）分章节/010.节目演讲类/011.李敖演讲集/054.20170121李敖飞页书屋演讲.txt"",""line"":37,""lines"":[37,39,41]},""crossReferences"":[],""dataFile"":""data/timeline-events-li-ao-yanjiangji.json""}"
"28089","2017","2017-01-21","2017年1月21日","day","confirmed","李敖在飞页书屋谈彭明敏谢聪敏吴澧培争议并说现只剩一个官司","李敖说彭明敏纪念应请谢聪敏，吴澧培被插成第四人，他正在告吴；自己当前只有一个官司，而在立法院时曾有二百二十四名被告。","李敖、彭明敏、谢聪敏、吴澧培","台北","李敖演讲集、演讲、飞页书屋、文星、晚年演讲、彭明敏、谢聪敏、吴澧培、诉讼、立法院","演讲线、公共事件线","李敖演讲集、054.20170121李敖飞页书屋演讲","","李敖演讲集","054.20170121李敖飞页书屋演讲","206","《大李敖全集5.0》（wjm_tcy版）分章节/010.节目演讲类/011.李敖演讲集/054.20170121李敖飞页书屋演讲.txt","","[]","data/timeline-events-li-ao-yanjiangji.json","li-ao-yanjiangji-054-mentions-peng-xie-wu-lipei-lawsuit-and-once-sued-224-legislators","{""id"":""li-ao-yanjiangji-054-mentions-peng-xie-wu-lipei-lawsuit-and-once-sued-224-legislators"",""date"":""2017-01-21"",""displayDate"":""2017年1月21日"",""datePrecision"":""day"",""title"":""李敖在飞页书屋谈彭明敏谢聪敏吴澧培争议并说现只剩一个官司"",""summary"":""李敖说彭明敏纪念应请谢聪敏，吴澧培被插成第四人，他正在告吴；自己当前只有一个官司，而在立法院时曾有二百二十四名被告。"",""view"":[""演讲线"",""公共事件线""],""tags"":[""李敖演讲集"",""演讲"",""飞页书屋"",""文星"",""晚年演讲"",""彭明敏"",""谢聪敏"",""吴澧培"",""诉讼"",""立法院""],""people"":[""李敖"",""彭明敏"",""谢聪敏"",""吴澧培""],""places"":[""台北""],""works"":[""李敖演讲集"",""054.20170121李敖飞页书屋演讲""],""certainty"":""confirmed"",""source"":{""book"":""李敖演讲集"",""chapter"":""054.20170121李敖飞页书屋演讲"",""path"":""《大李敖全集5.0》（wjm_tcy版）分章节/010.节目演讲类/011.李敖演讲集/054.20170121李敖飞页书屋演讲.txt"",""line"":206,""lines"":[206,208,210]},""crossReferences"":[],""dataFile"":""data/timeline-events-li-ao-yanjiangji.json""}"
"28090","2017","2017-01-21","2017年1月21日","day","confirmed","李敖在飞页书屋清点反蒋反党著作并说北大演讲给知识分子面子","李敖说自己写过七本反蒋介石、两本反蒋经国、一本反宋美龄、两本反国民党和一本反民进党的书；按理应饿死却活下来，北大演讲还给知识分子争了面子。","李敖、蒋介石、蒋经国、宋美龄","台北、北京大学","李敖演讲集、演讲、飞页书屋、文星、晚年演讲、反蒋、反国民党、北大演讲、知识分子","演讲线、公共事件线","李敖演讲集、054.20170121李敖飞页书屋演讲","","李敖演讲集","054.20170121李敖飞页书屋演讲","61","《大李敖全集5.0》（wjm_tcy版）分章节/010.节目演讲类/011.李敖演讲集/054.20170121李敖飞页书屋演讲.txt","","[]","data/timeline-events-li-ao-yanjiangji.json","li-ao-yanjiangji-054-summarizes-anti-chiang-books-and-pku-speech-face","{""id"":""li-ao-yanjiangji-054-summarizes-anti-chiang-books-and-pku-speech-face"",""date"":""2017-01-21"",""displayDate"":""2017年1月21日"",""datePrecision"":""day"",""title"":""李敖在飞页书屋清点反蒋反党著作并说北大演讲给知识分子面子"",""summary"":""李敖说自己写过七本反蒋介石、两本反蒋经国、一本反宋美龄、两本反国民党和一本反民进党的书；按理应饿死却活下来，北大演讲还给知识分子争了面子。"",""view"":[""演讲线"",""公共事件线""],""tags"":[""李敖演讲集"",""演讲"",""飞页书屋"",""文星"",""晚年演讲"",""反蒋"",""反国民党"",""北大演讲"",""知识分子""],""people"":[""李敖"",""蒋介石"",""蒋经国"",""宋美龄""],""places"":[""台北"",""北京大学""],""works"":[""李敖演讲集"",""054.20170121李敖飞页书屋演讲""],""certainty"":""confirmed"",""source"":{""book"":""李敖演讲集"",""chapter"":""054.20170121李敖飞页书屋演讲"",""path"":""《大李敖全集5.0》（wjm_tcy版）分章节/010.节目演讲类/011.李敖演讲集/054.20170121李敖飞页书屋演讲.txt"",""line"":61,""lines"":[61,63]},""crossReferences"":[],""dataFile"":""data/timeline-events-li-ao-yanjiangji.json""}"
"28091","2017","2017-01-27","2017年1月27日星期五","day","confirmed","李敖记录父亲遗留三份文件，并说已把北京大学毕业证书送给北大校史馆","《2017年1月》写，李敖列出父亲李鼎彝遗留的三份文件：1926年北京大学毕业证书、北大毕业后吉林大学聘书、马占山将军敌后抗日任命状，并补充自己已把北京大学毕业证书送给北大校史馆。这条保留晚年书房/家族档案的去向线索。","李敖、李鼎彝、马占山、吴焕章","北京大学、北大校史馆、吉林大学","李鼎彝、北京大学、北大校史馆、家族档案、马占山","家族线、书房线、晚年线","虽千万人，李敖往矣","","虽千万人，李敖往矣","050.2017年1月","109","《大李敖全集5.0》（wjm_tcy版）分章节/005.诗集语录类/005.虽千万人，李敖往矣/050.2017年1月.txt","","[]","data/timeline-events-sui-qianwan-li-ao-wangyi.json","sui-qianwan-2017-01-27-records-fathers-documents-and-beida-diploma-donation","{""id"":""sui-qianwan-2017-01-27-records-fathers-documents-and-beida-diploma-donation"",""date"":""2017-01-27"",""displayDate"":""2017年1月27日星期五"",""datePrecision"":""day"",""title"":""李敖记录父亲遗留三份文件，并说已把北京大学毕业证书送给北大校史馆"",""summary"":""《2017年1月》写，李敖列出父亲李鼎彝遗留的三份文件：1926年北京大学毕业证书、北大毕业后吉林大学聘书、马占山将军敌后抗日任命状，并补充自己已把北京大学毕业证书送给北大校史馆。这条保留晚年书房/家族档案的去向线索。"",""view"":[""家族线"",""书房线"",""晚年线""],""tags"":[""李鼎彝"",""北京大学"",""北大校史馆"",""家族档案"",""马占山""],""people"":[""李敖"",""李鼎彝"",""马占山"",""吴焕章""],""places"":[""北京大学"",""北大校史馆"",""吉林大学""],""works"":[""虽千万人，李敖往矣""],""certainty"":""confirmed"",""source"":{""book"":""虽千万人，李敖往矣"",""chapter"":""050.2017年1月"",""path"":""《大李敖全集5.0》（wjm_tcy版）分章节/005.诗集语录类/005.虽千万人，李敖往矣/050.2017年1月.txt"",""line"":109},""dataFile"":""data/timeline-events-sui-qianwan-li-ao-wangyi.json""}"
"28092","2017","2017-02-07","2017年2月7日星期二","day","probable","李敖记录曾送钱给梁肃戎，助其参加大陆抗日座谈会","《2017年2月》写，李敖回忆“那年祖国邀抗日英雄梁肃戎参加抗日座谈会”，自己曾送钱数万元为梁肃戎壮行，但梁肃戎后来未能成行便去世。原文未交代当年确日，本条按2017年2月7日的回述入表。","李敖、梁肃戎","台湾、大陆","梁肃戎、抗日座谈会、大陆、资助、回述","交游线、政治线、晚年线","虽千万人，李敖往矣","","虽千万人，李敖往矣","051.2017年2月","29","《大李敖全集5.0》（wjm_tcy版）分章节/005.诗集语录类/005.虽千万人，李敖往矣/051.2017年2月.txt","","[]","data/timeline-events-sui-qianwan-li-ao-wangyi.json","sui-qianwan-2017-02-07-records-giving-money-to-liang-surong-for-mainland-trip","{""id"":""sui-qianwan-2017-02-07-records-giving-money-to-liang-surong-for-mainland-trip"",""date"":""2017-02-07"",""displayDate"":""2017年2月7日星期二"",""datePrecision"":""day"",""title"":""李敖记录曾送钱给梁肃戎，助其参加大陆抗日座谈会"",""summary"":""《2017年2月》写，李敖回忆“那年祖国邀抗日英雄梁肃戎参加抗日座谈会”，自己曾送钱数万元为梁肃戎壮行，但梁肃戎后来未能成行便去世。原文未交代当年确日，本条按2017年2月7日的回述入表。"",""view"":[""交游线"",""政治线"",""晚年线""],""tags"":[""梁肃戎"",""抗日座谈会"",""大陆"",""资助"",""回述""],""people"":[""李敖"",""梁肃戎""],""places"":[""台湾"",""大陆""],""works"":[""虽千万人，李敖往矣""],""certainty"":""probable"",""source"":{""book"":""虽千万人，李敖往矣"",""chapter"":""051.2017年2月"",""path"":""《大李敖全集5.0》（wjm_tcy版）分章节/005.诗集语录类/005.虽千万人，李敖往矣/051.2017年2月.txt"",""line"":29},""dataFile"":""data/timeline-events-sui-qianwan-li-ao-wangyi.json""}"
"28093","2017","2017-02-22","2017年2月22日晚上，台北家中","day","confirmed","亚洲周刊人员夜访台北家中，李敖谈脑瘤、85本《大全集》和文物回归展","2月22日晚上，亚洲周刊人员到李敖台北家中探望并录音访问。李敖拄拐开门、签书唱歌，告别时还笑说下次可能要在墓地前看他；问到腿疾，他说前一年因左腿无力就医，查出脑部恶性肿瘤，已做二十八次电疗并影响吞咽。他在台北家中谈到要三年内完成85本《李敖大全集》，还计划把一百件收藏品带到北京做“流台文物回归祖国展”，半卖半送。","李敖、陈文茜、胡适、郑欣淼、单霁翔","台北、李敖家中、阳明山书房、北京、北京故宫博物院","亚洲周刊、台北家中、脑部恶性肿瘤、电疗、李敖大全集、文物回归展","访谈线、健康线、出版线、收藏线、晚年线","李敖访谈录1990-2018、李敖大全集","book8-2017-02-25-asia-weekly-interviews-li-ao、sui-qianwan-2017-03-21-discloses-brainstem-malignant-tumor-and-treatment","李敖访谈录1990-2018","073.20170222《亚洲周刊》专访李敖","15","《大李敖全集5.0》（wjm_tcy版）分章节/007.采访序跋类/005.李敖访谈录1990-2018/073.20170222《亚洲周刊》专访李敖.txt","","[]","data/timeline-events-li-ao-fangtanlu-1990-2018.json","li-ao-fangtanlu-2017-02-22-asia-weekly-home-visit-health-and-daqianji","{""id"":""li-ao-fangtanlu-2017-02-22-asia-weekly-home-visit-health-and-daqianji"",""date"":""2017-02-22"",""displayDate"":""2017年2月22日晚上，台北家中"",""datePrecision"":""day"",""title"":""亚洲周刊人员夜访台北家中，李敖谈脑瘤、85本《大全集》和文物回归展"",""summary"":""2月22日晚上，亚洲周刊人员到李敖台北家中探望并录音访问。李敖拄拐开门、签书唱歌，告别时还笑说下次可能要在墓地前看他；问到腿疾，他说前一年因左腿无力就医，查出脑部恶性肿瘤，已做二十八次电疗并影响吞咽。他在台北家中谈到要三年内完成85本《李敖大全集》，还计划把一百件收藏品带到北京做“流台文物回归祖国展”，半卖半送。"",""category"":""interview"",""type"":""李敖当事人事件"",""source"":{""book"":""李敖访谈录1990-2018"",""chapter"":""073.20170222《亚洲周刊》专访李敖"",""path"":""《大李敖全集5.0》（wjm_tcy版）分章节/007.采访序跋类/005.李敖访谈录1990-2018/073.20170222《亚洲周刊》专访李敖.txt"",""line"":15,""lines"":[15,19,21,23,33,35,39,53,57,59,65,67,73,89]},""certainty"":""confirmed"",""tags"":[""亚洲周刊"",""台北家中"",""脑部恶性肿瘤"",""电疗"",""李敖大全集"",""文物回归展""],""people"":[""李敖"",""陈文茜"",""胡适"",""郑欣淼"",""单霁翔""],""places"":[""台北"",""李敖家中"",""阳明山书房"",""北京"",""北京故宫博物院""],""works"":[""李敖访谈录1990-2018"",""李敖大全集""],""view"":[""访谈线"",""健康线"",""出版线"",""收藏线"",""晚年线""],""crossReferences"":[""book8-2017-02-25-asia-weekly-interviews-li-ao"",""sui-qianwan-2017-03-21-discloses-brainstem-malignant-tumor-and-treatment""],""dataFile"":""data/timeline-events-li-ao-fangtanlu-1990-2018.json""}"
"28094","2017","2017-02-25","2017年2月25日星期六","day","confirmed","《亚洲周刊》专访李敖","《李敖五十年表》记，2017年2月25日，《亚洲周刊》专访李敖。访谈在李敖台北市敦化南路书房进行，时间逾四小时；李敖谈到发现脑瘤后计划调整，称85岁前还有一千天，要把《李敖大全集》做到85册。他又谈家庭、遗嘱、研究方法、2005年大陆演讲、言论自由与“立德”，并在台北书房被问到一生梦想是否实现时回答“很接近”，因为自己还能把85本《大全集》印出来。","李敖","香港","亚洲周刊、专访、媒体露面","媒体线、生平线、海外线","亚洲周刊、李敖相关","li-ao-fangtanlu-2017-02-22-asia-weekly-home-visit-health-and-daqianji、sui-qianwan-2017-03-21-discloses-brainstem-malignant-tumor-and-treatment","李敖相关","001.李敖五十年表","191","《大李敖全集5.0》（wjm_tcy版）分章节/001.自传回忆类/008.李敖相关/001.李敖五十年表.txt","李敖访谈录1990-2018 / 074.20170225《亚洲周刊》专访李敖 / line 5 / 说明：《亚洲周刊》四小时专访纪要，补足地点、时长、千日计划、家庭与言论自由等细节。 / 《大李敖全集5.0》（wjm_tcy版）分章节/007.采访序跋类/005.李敖访谈录1990-2018/074.20170225《亚洲周刊》专访李敖.txt","[{""book"":""李敖访谈录1990-2018"",""chapter"":""074.20170225《亚洲周刊》专访李敖"",""path"":""《大李敖全集5.0》（wjm_tcy版）分章节/007.采访序跋类/005.李敖访谈录1990-2018/074.20170225《亚洲周刊》专访李敖.txt"",""line"":5,""lines"":[5,7,11,15,97,113,119,145,159,195,203],""note"":""《亚洲周刊》四小时专访纪要，补足地点、时长、千日计划、家庭与言论自由等细节。""}]","data/timeline-events-eighth-book.json","book8-2017-02-25-asia-weekly-interviews-li-ao","{""id"":""book8-2017-02-25-asia-weekly-interviews-li-ao"",""date"":""2017-02-25"",""displayDate"":""2017年2月25日星期六"",""datePrecision"":""day"",""title"":""《亚洲周刊》专访李敖"",""summary"":""《李敖五十年表》记，2017年2月25日，《亚洲周刊》专访李敖。访谈在李敖台北市敦化南路书房进行，时间逾四小时；李敖谈到发现脑瘤后计划调整，称85岁前还有一千天，要把《李敖大全集》做到85册。他又谈家庭、遗嘱、研究方法、2005年大陆演讲、言论自由与“立德”，并在台北书房被问到一生梦想是否实现时回答“很接近”，因为自己还能把85本《大全集》印出来。"",""view"":[""媒体线"",""生平线"",""海外线""],""tags"":[""亚洲周刊"",""专访"",""媒体露面""],""people"":[""李敖""],""places"":[""香港""],""works"":[""亚洲周刊"",""李敖相关""],""certainty"":""confirmed"",""source"":{""book"":""李敖相关"",""chapter"":""001.李敖五十年表"",""path"":""《大李敖全集5.0》（wjm_tcy版）分章节/001.自传回忆类/008.李敖相关/001.李敖五十年表.txt"",""line"":191},""additionalSources"":[{""book"":""李敖访谈录1990-2018"",""chapter"":""074.20170225《亚洲周刊》专访李敖"",""path"":""《大李敖全集5.0》（wjm_tcy版）分章节/007.采访序跋类/005.李敖访谈录1990-2018/074.20170225《亚洲周刊》专访李敖.txt"",""line"":5,""lines"":[5,7,11,15,97,113,119,145,159,195,203],""note"":""《亚洲周刊》四小时专访纪要，补足地点、时长、千日计划、家庭与言论自由等细节。""}],""crossReferences"":[""li-ao-fangtanlu-2017-02-22-asia-weekly-home-visit-health-and-daqianji"",""sui-qianwan-2017-03-21-discloses-brainstem-malignant-tumor-and-treatment""],""dataFile"":""data/timeline-events-eighth-book.json""}"
"28095","2017","2017-02-27","2017年2月27日星期一","day","confirmed","李敖写自己一生拒去中正纪念堂，也没去过毛泽东纪念堂","《2017年2月》写，李敖借台湾“去蒋化”议题说明自己一生拒绝去中正纪念堂，并说自己同样没去过毛泽东纪念堂。此条记录其晚年对纪念堂空间的个人行动边界与自我定位，不把后续政治评论另拆。","李敖、蒋介石、毛泽东","中正纪念堂、毛泽东纪念堂、台湾","中正纪念堂、毛泽东纪念堂、去蒋化、个人立场","思想线、生活线、晚年线","虽千万人，李敖往矣","","虽千万人，李敖往矣","051.2017年2月","109","《大李敖全集5.0》（wjm_tcy版）分章节/005.诗集语录类/005.虽千万人，李敖往矣/051.2017年2月.txt","","[]","data/timeline-events-sui-qianwan-li-ao-wangyi.json","sui-qianwan-2017-02-27-rejects-visiting-chiang-and-mao-memorials","{""id"":""sui-qianwan-2017-02-27-rejects-visiting-chiang-and-mao-memorials"",""date"":""2017-02-27"",""displayDate"":""2017年2月27日星期一"",""datePrecision"":""day"",""title"":""李敖写自己一生拒去中正纪念堂，也没去过毛泽东纪念堂"",""summary"":""《2017年2月》写，李敖借台湾“去蒋化”议题说明自己一生拒绝去中正纪念堂，并说自己同样没去过毛泽东纪念堂。此条记录其晚年对纪念堂空间的个人行动边界与自我定位，不把后续政治评论另拆。"",""view"":[""思想线"",""生活线"",""晚年线""],""tags"":[""中正纪念堂"",""毛泽东纪念堂"",""去蒋化"",""个人立场""],""people"":[""李敖"",""蒋介石"",""毛泽东""],""places"":[""中正纪念堂"",""毛泽东纪念堂"",""台湾""],""works"":[""虽千万人，李敖往矣""],""certainty"":""confirmed"",""source"":{""book"":""虽千万人，李敖往矣"",""chapter"":""051.2017年2月"",""path"":""《大李敖全集5.0》（wjm_tcy版）分章节/005.诗集语录类/005.虽千万人，李敖往矣/051.2017年2月.txt"",""line"":109},""dataFile"":""data/timeline-events-sui-qianwan-li-ao-wangyi.json""}"
"28096","2017","2017-03-06","2017年3月6日星期一","day","confirmed","李敖在通化街小店修手杖柄，并按自己判断付给修鞋匠一千元","《2017年3月》写，李敖的手杖柄摔坏后，请台北市通化街小店一位广西桂林籍老修鞋匠代修；对方报价三百元，李敖掏出一千元并说顾客也可以决定价钱，自己觉得它值一千元。此条补入晚年行动不便后的手杖日常。","李敖、未名修鞋匠","台北市通化街、台湾","手杖、通化街、修鞋匠、台北日常","生活线、身体线、晚年线","虽千万人，李敖往矣","sui-qianwan-2015-01-18-mothers-cane-returns-to-li-ao","虽千万人，李敖往矣","052.2017年3月","25","《大李敖全集5.0》（wjm_tcy版）分章节/005.诗集语录类/005.虽千万人，李敖往矣/052.2017年3月.txt","","[]","data/timeline-events-sui-qianwan-li-ao-wangyi.json","sui-qianwan-2017-03-06-repairs-cane-handle-and-pays-shoemaker-1000","{""id"":""sui-qianwan-2017-03-06-repairs-cane-handle-and-pays-shoemaker-1000"",""date"":""2017-03-06"",""displayDate"":""2017年3月6日星期一"",""datePrecision"":""day"",""title"":""李敖在通化街小店修手杖柄，并按自己判断付给修鞋匠一千元"",""summary"":""《2017年3月》写，李敖的手杖柄摔坏后，请台北市通化街小店一位广西桂林籍老修鞋匠代修；对方报价三百元，李敖掏出一千元并说顾客也可以决定价钱，自己觉得它值一千元。此条补入晚年行动不便后的手杖日常。"",""view"":[""生活线"",""身体线"",""晚年线""],""tags"":[""手杖"",""通化街"",""修鞋匠"",""台北日常""],""people"":[""李敖"",""未名修鞋匠""],""places"":[""台北市通化街"",""台湾""],""works"":[""虽千万人，李敖往矣""],""certainty"":""confirmed"",""crossReferences"":[""sui-qianwan-2015-01-18-mothers-cane-returns-to-li-ao""],""source"":{""book"":""虽千万人，李敖往矣"",""chapter"":""052.2017年3月"",""path"":""《大李敖全集5.0》（wjm_tcy版）分章节/005.诗集语录类/005.虽千万人，李敖往矣/052.2017年3月.txt"",""line"":25},""dataFile"":""data/timeline-events-sui-qianwan-li-ao-wangyi.json""}"
"28097","2017","2017-03-09","2017年3月9日星期四","day","confirmed","李敖记录自己出过四本二二八专书，并特别推荐李戡的不平鸣","《2017年3月》写，李敖称正式在书里出现“二二八事变”字眼，是由自己发动；自己出过四本揭发二二八真相的书。当天他又说李戡发“朝天吼”、作“不平鸣”，并特别推荐。此条作为2017年父子公共议题互动入表。","李敖、李戡","台湾","二二八、李戡、推荐、父子、史论","写作线、家族线、政治线","虽千万人，李敖往矣","","虽千万人，李敖往矣","052.2017年3月","37","《大李敖全集5.0》（wjm_tcy版）分章节/005.诗集语录类/005.虽千万人，李敖往矣/052.2017年3月.txt","","[]","data/timeline-events-sui-qianwan-li-ao-wangyi.json","sui-qianwan-2017-03-09-recommends-li-kan-february-28-writing","{""id"":""sui-qianwan-2017-03-09-recommends-li-kan-february-28-writing"",""date"":""2017-03-09"",""displayDate"":""2017年3月9日星期四"",""datePrecision"":""day"",""title"":""李敖记录自己出过四本二二八专书，并特别推荐李戡的不平鸣"",""summary"":""《2017年3月》写，李敖称正式在书里出现“二二八事变”字眼，是由自己发动；自己出过四本揭发二二八真相的书。当天他又说李戡发“朝天吼”、作“不平鸣”，并特别推荐。此条作为2017年父子公共议题互动入表。"",""view"":[""写作线"",""家族线"",""政治线""],""tags"":[""二二八"",""李戡"",""推荐"",""父子"",""史论""],""people"":[""李敖"",""李戡""],""places"":[""台湾""],""works"":[""虽千万人，李敖往矣""],""certainty"":""confirmed"",""source"":{""book"":""虽千万人，李敖往矣"",""chapter"":""052.2017年3月"",""path"":""《大李敖全集5.0》（wjm_tcy版）分章节/005.诗集语录类/005.虽千万人，李敖往矣/052.2017年3月.txt"",""line"":37},""dataFile"":""data/timeline-events-sui-qianwan-li-ao-wangyi.json""}"
"28098","2017","2017-03-10","2017年3月10日星期五","day","confirmed","李敖与在剑桥大学的李戡通电话，谈国共与中国未来","《2017年3月》写，李敖与在剑桥大学的李戡通电话，向他说国民党追求中国的过去、共产党追求中国的现在，而“我们”追求中国的未来；政治追求是一时，思想文化追求才长远。此条续接2016年李戡赴剑桥后的父子通话线。","李敖、李戡","剑桥大学、台湾","李戡、剑桥大学、电话、中国未来、父子","家族线、思想线、晚年线","虽千万人，李敖往矣","sui-qianwan-2016-09-29-li-kan-flies-to-cambridge","虽千万人，李敖往矣","052.2017年3月","41","《大李敖全集5.0》（wjm_tcy版）分章节/005.诗集语录类/005.虽千万人，李敖往矣/052.2017年3月.txt","","[]","data/timeline-events-sui-qianwan-li-ao-wangyi.json","sui-qianwan-2017-03-10-calls-li-kan-at-cambridge-about-chinas-future","{""id"":""sui-qianwan-2017-03-10-calls-li-kan-at-cambridge-about-chinas-future"",""date"":""2017-03-10"",""displayDate"":""2017年3月10日星期五"",""datePrecision"":""day"",""title"":""李敖与在剑桥大学的李戡通电话，谈国共与中国未来"",""summary"":""《2017年3月》写，李敖与在剑桥大学的李戡通电话，向他说国民党追求中国的过去、共产党追求中国的现在，而“我们”追求中国的未来；政治追求是一时，思想文化追求才长远。此条续接2016年李戡赴剑桥后的父子通话线。"",""view"":[""家族线"",""思想线"",""晚年线""],""tags"":[""李戡"",""剑桥大学"",""电话"",""中国未来"",""父子""],""people"":[""李敖"",""李戡""],""places"":[""剑桥大学"",""台湾""],""works"":[""虽千万人，李敖往矣""],""certainty"":""confirmed"",""crossReferences"":[""sui-qianwan-2016-09-29-li-kan-flies-to-cambridge""],""source"":{""book"":""虽千万人，李敖往矣"",""chapter"":""052.2017年3月"",""path"":""《大李敖全集5.0》（wjm_tcy版）分章节/005.诗集语录类/005.虽千万人，李敖往矣/052.2017年3月.txt"",""line"":41},""dataFile"":""data/timeline-events-sui-qianwan-li-ao-wangyi.json""}"
"28099","2017","2017-03-13","2017年3月13日星期一","day","probable","李敖说前一日谈鲁智深的短文好像被封杀","《2017年3月》写，李敖说自己前一天谈“鲁智深不是共产党”后，好像被封杀；他表示对此积习不改，也习以为常，并声明用封杀方法对付他已经落伍。此条补入2017年微博/网络短文审查线。","李敖","台湾、大陆网络","封杀、鲁智深、微博、网络写作、审查","媒体线、审查线、晚年线","虽千万人，李敖往矣","","虽千万人，李敖往矣","052.2017年3月","53","《大李敖全集5.0》（wjm_tcy版）分章节/005.诗集语录类/005.虽千万人，李敖往矣/052.2017年3月.txt","","[]","data/timeline-events-sui-qianwan-li-ao-wangyi.json","sui-qianwan-2017-03-13-says-previous-lu-zhishen-post-seems-censored","{""id"":""sui-qianwan-2017-03-13-says-previous-lu-zhishen-post-seems-censored"",""date"":""2017-03-13"",""displayDate"":""2017年3月13日星期一"",""datePrecision"":""day"",""title"":""李敖说前一日谈鲁智深的短文好像被封杀"",""summary"":""《2017年3月》写，李敖说自己前一天谈“鲁智深不是共产党”后，好像被封杀；他表示对此积习不改，也习以为常，并声明用封杀方法对付他已经落伍。此条补入2017年微博/网络短文审查线。"",""view"":[""媒体线"",""审查线"",""晚年线""],""tags"":[""封杀"",""鲁智深"",""微博"",""网络写作"",""审查""],""people"":[""李敖""],""places"":[""台湾"",""大陆网络""],""works"":[""虽千万人，李敖往矣""],""certainty"":""probable"",""source"":{""book"":""虽千万人，李敖往矣"",""chapter"":""052.2017年3月"",""path"":""《大李敖全集5.0》（wjm_tcy版）分章节/005.诗集语录类/005.虽千万人，李敖往矣/052.2017年3月.txt"",""line"":53},""dataFile"":""data/timeline-events-sui-qianwan-li-ao-wangyi.json""}"
"28100","2017","2017-03-21","2017年3月21日星期二","day","confirmed","李敖公开写出脑干恶性肿瘤，并说已做二十八次放射治疗","《2017年3月》写，李敖八十岁后不良于行，本以为只是老化，约一个月前才查出脑干恶性肿瘤；他又说自己已做二十八次放射治疗，并天天服用标靶药、类固醇和止痛药。此条是晚年病情线的重要公开节点。","李敖","台湾","脑干恶性肿瘤、放射治疗、标靶药、类固醇、不良于行","身体线、晚年线、医疗线","虽千万人，李敖往矣","sui-qianwan-2016-12-10-taxi-driver-recognizes-voice-and-li-ao-notes-bad-legs、sui-qianwan-2017-09-04-writes-will、li-ao-fangtanlu-2017-02-22-asia-weekly-home-visit-health-and-daqianji、li-ao-fangtanlu-2017-04-11-china-press-malaysia-friends-visit、li-ao-fangtanlu-2017-06-farewell-letter-and-zaijian-liao-plan","虽千万人，李敖往矣","052.2017年3月","85","《大李敖全集5.0》（wjm_tcy版）分章节/005.诗集语录类/005.虽千万人，李敖往矣/052.2017年3月.txt","李敖访谈录1990-2018 / 073.20170222《亚洲周刊》专访李敖 / line 33 / 说明：2月22日亚洲周刊夜访中，李敖已说明左腿无力、脑部肿瘤、电疗、吞咽影响与85本《大全集》计划。 / 《大李敖全集5.0》（wjm_tcy版）分章节/007.采访序跋类/005.李敖访谈录1990-2018/073.20170222《亚洲周刊》专访李敖.txt || 李敖访谈录1990-2018 / 075.20170411《中国报》报导 / line 19 / 说明：《中国报》探访报道补充28次电疗、标靶药、吞咽困难、凌晨三点工作与《大全集》后45册。 / 《大李敖全集5.0》（wjm_tcy版）分章节/007.采访序跋类/005.李敖访谈录1990-2018/075.20170411《中国报》报导.txt","[{""book"":""李敖访谈录1990-2018"",""chapter"":""073.20170222《亚洲周刊》专访李敖"",""path"":""《大李敖全集5.0》（wjm_tcy版）分章节/007.采访序跋类/005.李敖访谈录1990-2018/073.20170222《亚洲周刊》专访李敖.txt"",""line"":33,""lines"":[33,35,37,39],""note"":""2月22日亚洲周刊夜访中，李敖已说明左腿无力、脑部肿瘤、电疗、吞咽影响与85本《大全集》计划。""},{""book"":""李敖访谈录1990-2018"",""chapter"":""075.20170411《中国报》报导"",""path"":""《大李敖全集5.0》（wjm_tcy版）分章节/007.采访序跋类/005.李敖访谈录1990-2018/075.20170411《中国报》报导.txt"",""line"":19,""lines"":[19,21,59,63,67,69],""note"":""《中国报》探访报道补充28次电疗、标靶药、吞咽困难、凌晨三点工作与《大全集》后45册。""}]","data/timeline-events-sui-qianwan-li-ao-wangyi.json","sui-qianwan-2017-03-21-discloses-brainstem-malignant-tumor-and-treatment","{""id"":""sui-qianwan-2017-03-21-discloses-brainstem-malignant-tumor-and-treatment"",""date"":""2017-03-21"",""displayDate"":""2017年3月21日星期二"",""datePrecision"":""day"",""title"":""李敖公开写出脑干恶性肿瘤，并说已做二十八次放射治疗"",""summary"":""《2017年3月》写，李敖八十岁后不良于行，本以为只是老化，约一个月前才查出脑干恶性肿瘤；他又说自己已做二十八次放射治疗，并天天服用标靶药、类固醇和止痛药。此条是晚年病情线的重要公开节点。"",""view"":[""身体线"",""晚年线"",""医疗线""],""tags"":[""脑干恶性肿瘤"",""放射治疗"",""标靶药"",""类固醇"",""不良于行""],""people"":[""李敖""],""places"":[""台湾""],""works"":[""虽千万人，李敖往矣""],""certainty"":""confirmed"",""crossReferences"":[""sui-qianwan-2016-12-10-taxi-driver-recognizes-voice-and-li-ao-notes-bad-legs"",""sui-qianwan-2017-09-04-writes-will"",""li-ao-fangtanlu-2017-02-22-asia-weekly-home-visit-health-and-daqianji"",""li-ao-fangtanlu-2017-04-11-china-press-malaysia-friends-visit"",""li-ao-fangtanlu-2017-06-farewell-letter-and-zaijian-liao-plan""],""source"":{""book"":""虽千万人，李敖往矣"",""chapter"":""052.2017年3月"",""path"":""《大李敖全集5.0》（wjm_tcy版）分章节/005.诗集语录类/005.虽千万人，李敖往矣/052.2017年3月.txt"",""line"":85},""additionalSources"":[{""book"":""李敖访谈录1990-2018"",""chapter"":""073.20170222《亚洲周刊》专访李敖"",""path"":""《大李敖全集5.0》（wjm_tcy版）分章节/007.采访序跋类/005.李敖访谈录1990-2018/073.20170222《亚洲周刊》专访李敖.txt"",""line"":33,""lines"":[33,35,37,39],""note"":""2月22日亚洲周刊夜访中，李敖已说明左腿无力、脑部肿瘤、电疗、吞咽影响与85本《大全集》计划。""},{""book"":""李敖访谈录1990-2018"",""chapter"":""075.20170411《中国报》报导"",""path"":""《大李敖全集5.0》（wjm_tcy版）分章节/007.采访序跋类/005.李敖访谈录1990-2018/075.20170411《中国报》报导.txt"",""line"":19,""lines"":[19,21,59,63,67,69],""note"":""《中国报》探访报道补充28次电疗、标靶药、吞咽困难、凌晨三点工作与《大全集》后45册。""}],""dataFile"":""data/timeline-events-sui-qianwan-li-ao-wangyi.json""}"
"28101","2017","2017-04-05","2017年4月5日星期三","day","confirmed","李敖把《虚拟的十七岁》送给台北荣总神经内科主任王署君","《2017年4月》写，李敖送一本《虚拟的十七岁》给台北荣民总医院神经内科主任王署君，并说明此书不是黄色小说，而是自己的科技预言，谈“植入”、人工智能与“天人合一”。此条连接晚年医疗关系与旧作再阐释。","李敖、王署君","台北荣民总医院、台湾","王署君、台北荣民总医院、神经内科、虚拟的十七岁、人工智能","医疗线、写作线、晚年线","虽千万人，李敖往矣、虚拟的十七岁","book7-2007-completes-virtual-seventeen-and-launches-it-with-liu-changle-hosting、virtual-seventeen-2008-04-10-writes-about-writing、sui-qianwan-2017-03-21-discloses-brainstem-malignant-tumor-and-treatment","虽千万人，李敖往矣","053.2017年4月","21","《大李敖全集5.0》（wjm_tcy版）分章节/005.诗集语录类/005.虽千万人，李敖往矣/053.2017年4月.txt","","[]","data/timeline-events-sui-qianwan-li-ao-wangyi.json","sui-qianwan-2017-04-05-gives-virtual-seventeen-to-neurologist-wang-shujun","{""id"":""sui-qianwan-2017-04-05-gives-virtual-seventeen-to-neurologist-wang-shujun"",""date"":""2017-04-05"",""displayDate"":""2017年4月5日星期三"",""datePrecision"":""day"",""title"":""李敖把《虚拟的十七岁》送给台北荣总神经内科主任王署君"",""summary"":""《2017年4月》写，李敖送一本《虚拟的十七岁》给台北荣民总医院神经内科主任王署君，并说明此书不是黄色小说，而是自己的科技预言，谈“植入”、人工智能与“天人合一”。此条连接晚年医疗关系与旧作再阐释。"",""view"":[""医疗线"",""写作线"",""晚年线""],""tags"":[""王署君"",""台北荣民总医院"",""神经内科"",""虚拟的十七岁"",""人工智能""],""people"":[""李敖"",""王署君""],""places"":[""台北荣民总医院"",""台湾""],""works"":[""虽千万人，李敖往矣"",""虚拟的十七岁""],""certainty"":""confirmed"",""crossReferences"":[""book7-2007-completes-virtual-seventeen-and-launches-it-with-liu-changle-hosting"",""virtual-seventeen-2008-04-10-writes-about-writing"",""sui-qianwan-2017-03-21-discloses-brainstem-malignant-tumor-and-treatment""],""source"":{""book"":""虽千万人，李敖往矣"",""chapter"":""053.2017年4月"",""path"":""《大李敖全集5.0》（wjm_tcy版）分章节/005.诗集语录类/005.虽千万人，李敖往矣/053.2017年4月.txt"",""line"":21},""dataFile"":""data/timeline-events-sui-qianwan-li-ao-wangyi.json""}"
"28102","2017","2017-05-29","2017-05-29","day","","李敖在《读书人》病中拍摄时说脑瘤放射治疗二十八次，身体变成战场","片头说明这是对八十二岁李敖的病中拜访；他接电话说刚做完二十八次脑瘤放射治疗，随后解释恶性肿瘤压迫左腿神经、影响吞咽，类固醇副作用又大，使身体像日俄战争在中国作战那样成为战场。","李敖、宋子文","台湾、医院、中国、日本、俄国","李敖政论综艺集、第十九轮、closeout、节目访谈、第186集、读书人、脑瘤、放射治疗、类固醇、病中拍摄","public","读书人","","","","","","","[]","data/timeline-events-li-ao-zhenglun-zongyiji.json","li-ao-zhenglun-zongyiji-186-discloses-brain-tumor-radiation-swallowing-risk-and-body-as-battlefield","{""id"":""li-ao-zhenglun-zongyiji-186-discloses-brain-tumor-radiation-swallowing-risk-and-body-as-battlefield"",""date"":""2017-05-29"",""year"":2017,""month"":5,""day"":29,""title"":""李敖在《读书人》病中拍摄时说脑瘤放射治疗二十八次，身体变成战场"",""summary"":""片头说明这是对八十二岁李敖的病中拜访；他接电话说刚做完二十八次脑瘤放射治疗，随后解释恶性肿瘤压迫左腿神经、影响吞咽，类固醇副作用又大，使身体像日俄战争在中国作战那样成为战场。"",""category"":""media"",""source"":""《大李敖全集5.0》（wjm_tcy版）分章节/010.节目演讲类/012.李敖政论综艺集/186.20170529《读书人》.txt"",""sourceLines"":[3,7],""lineCount"":43,""people"":[""李敖"",""宋子文""],""places"":[""台湾"",""医院"",""中国"",""日本"",""俄国""],""works"":[""读书人""],""tags"":[""李敖政论综艺集"",""第十九轮"",""closeout"",""节目访谈"",""第186集"",""读书人"",""脑瘤"",""放射治疗"",""类固醇"",""病中拍摄""],""crossReferences"":[],""view"":[""public""],""confidence"":""high"",""round"":""li-ao-zhenglun-zongyiji-round019-181-186-closeout"",""dataFile"":""data/timeline-events-li-ao-zhenglun-zongyiji.json""}"
"28103","2017","2017-05-29","2017-05-29","day","","李敖把坐牢说成强者从零开始的最好时光，而《读书人》第二次拍摄前又住院","片中旁白提到一九七一至一九七六、一九八一至一九八二两次坐牢；李敖说牢中夜里有鼠虫、一年不能洗澡，人生已不能更低，所以对强者是从零归零的磨练。节目最后说明原计划两次拍摄，但第二次拍摄前夕李敖再次住院四十二天，影片只完成第一次拍摄。","李敖","台湾、医院","李敖政论综艺集、第十九轮、closeout、节目访谈、第186集、坐牢、最好时光、归零、住院、拍摄未完成","public","读书人","li-ao-zhenglun-zongyiji-182-turns-prison-trauma-into-still-fighting-fake-taiwan-democracy、li-ao-zhenglun-zongyiji-181-recasts-arrest-collapse-into-battle-body-and-prison-song-newspaper-bargain","","","","","","[]","data/timeline-events-li-ao-zhenglun-zongyiji.json","li-ao-zhenglun-zongyiji-186-makes-prison-the-best-time-because-it-started-from-zero-before-unfinished-second-shoot","{""id"":""li-ao-zhenglun-zongyiji-186-makes-prison-the-best-time-because-it-started-from-zero-before-unfinished-second-shoot"",""date"":""2017-05-29"",""year"":2017,""month"":5,""day"":29,""title"":""李敖把坐牢说成强者从零开始的最好时光，而《读书人》第二次拍摄前又住院"",""summary"":""片中旁白提到一九七一至一九七六、一九八一至一九八二两次坐牢；李敖说牢中夜里有鼠虫、一年不能洗澡，人生已不能更低，所以对强者是从零归零的磨练。节目最后说明原计划两次拍摄，但第二次拍摄前夕李敖再次住院四十二天，影片只完成第一次拍摄。"",""category"":""media"",""source"":""《大李敖全集5.0》（wjm_tcy版）分章节/010.节目演讲类/012.李敖政论综艺集/186.20170529《读书人》.txt"",""sourceLines"":[23,33],""lineCount"":43,""people"":[""李敖""],""places"":[""台湾"",""医院""],""works"":[""读书人""],""tags"":[""李敖政论综艺集"",""第十九轮"",""closeout"",""节目访谈"",""第186集"",""坐牢"",""最好时光"",""归零"",""住院"",""拍摄未完成""],""crossReferences"":[""li-ao-zhenglun-zongyiji-182-turns-prison-trauma-into-still-fighting-fake-taiwan-democracy"",""li-ao-zhenglun-zongyiji-181-recasts-arrest-collapse-into-battle-body-and-prison-song-newspaper-bargain""],""view"":[""public""],""confidence"":""high"",""round"":""li-ao-zhenglun-zongyiji-round019-181-186-closeout"",""dataFile"":""data/timeline-events-li-ao-zhenglun-zongyiji.json""}"
"28104","2017","2017-05-29","2017-05-29","day","","李敖借董小宛的美好时光，警告年轻人的危机是同类化和被手机电脑控制","他说自己能活到现在接受电视采访就是最好的时光，又借董小宛十八岁从良、二十七岁死去说明每个人都有美好时光；他认为现代年轻人不是没有前途，而是没有个性、无趣当有趣，被手机、电脑、网站控制，而他是最后一个能用人脑打败电脑的人。","李敖、董小宛、冒襄","台湾、台中","李敖政论综艺集、第十九轮、closeout、节目访谈、第186集、美好时光、董小宛、年轻人、同类化、电脑","public","读书人","li-ao-zhenglun-zongyiji-089-presents-review-method-and-last-human-brain-against-computer、li-ao-zhenglun-zongyiji-101-rejects-computer-garbage-and-defends-earth-method-selection","","","","","","[]","data/timeline-events-li-ao-zhenglun-zongyiji.json","li-ao-zhenglun-zongyiji-186-uses-dong-xiaowan-best-time-to-warn-young-people-against-homogenization-and-computer-control","{""id"":""li-ao-zhenglun-zongyiji-186-uses-dong-xiaowan-best-time-to-warn-young-people-against-homogenization-and-computer-control"",""date"":""2017-05-29"",""year"":2017,""month"":5,""day"":29,""title"":""李敖借董小宛的美好时光，警告年轻人的危机是同类化和被手机电脑控制"",""summary"":""他说自己能活到现在接受电视采访就是最好的时光，又借董小宛十八岁从良、二十七岁死去说明每个人都有美好时光；他认为现代年轻人不是没有前途，而是没有个性、无趣当有趣，被手机、电脑、网站控制，而他是最后一个能用人脑打败电脑的人。"",""category"":""media"",""source"":""《大李敖全集5.0》（wjm_tcy版）分章节/010.节目演讲类/012.李敖政论综艺集/186.20170529《读书人》.txt"",""sourceLines"":[9,15],""lineCount"":43,""people"":[""李敖"",""董小宛"",""冒襄""],""places"":[""台湾"",""台中""],""works"":[""读书人""],""tags"":[""李敖政论综艺集"",""第十九轮"",""closeout"",""节目访谈"",""第186集"",""美好时光"",""董小宛"",""年轻人"",""同类化"",""电脑""],""crossReferences"":[""li-ao-zhenglun-zongyiji-089-presents-review-method-and-last-human-brain-against-computer"",""li-ao-zhenglun-zongyiji-101-rejects-computer-garbage-and-defends-earth-method-selection""],""view"":[""public""],""confidence"":""high"",""round"":""li-ao-zhenglun-zongyiji-round019-181-186-closeout"",""dataFile"":""data/timeline-events-li-ao-zhenglun-zongyiji.json""}"
"28105","2017","2017-06-09","2017年6月9日星期五","day","confirmed","在飞页书屋举办最后一次演讲","《李敖五十年表》记，2017年6月9日，李敖在飞页书屋举办最后一次演讲。同章并记他当年6月写下《致家人、友人、仇人的告别信》，透露脑瘤、放疗与两次急性肺炎后的痛苦处境，因此这条不仅是演讲线收束点，也成为晚年公开活动渐近终点的关键节点。","李敖","飞页书屋","飞页书屋、最后一次演讲、告别信、晚年","演讲线、生平线、媒体线","致家人、友人、仇人的告别信、李敖相关","li-ao-fangtanlu-2017-06-farewell-letter-and-zaijian-liao-plan","李敖相关","001.李敖五十年表","191","《大李敖全集5.0》（wjm_tcy版）分章节/001.自传回忆类/008.李敖相关/001.李敖五十年表.txt","李敖访谈录1990-2018 / 076.2018《新民周刊》回顾专访 / line 13 / 说明：《新民周刊》回顾补述2017年6月告别信、余月编《大全集》目录和影像谢幕安排。 / 《大李敖全集5.0》（wjm_tcy版）分章节/007.采访序跋类/005.李敖访谈录1990-2018/076.2018《新民周刊》回顾专访.txt || 李敖访谈录1990-2018 / 077.20180319《北京青年报》报导 / line 17 / 说明：《北京青年报》报道补述亲笔信与《再见李敖》50集访谈节目构想。 / 《大李敖全集5.0》（wjm_tcy版）分章节/007.采访序跋类/005.李敖访谈录1990-2018/077.20180319《北京青年报》报导.txt","[{""book"":""李敖访谈录1990-2018"",""chapter"":""076.2018《新民周刊》回顾专访"",""path"":""《大李敖全集5.0》（wjm_tcy版）分章节/007.采访序跋类/005.李敖访谈录1990-2018/076.2018《新民周刊》回顾专访.txt"",""line"":13,""lines"":[13,15,17],""note"":""《新民周刊》回顾补述2017年6月告别信、余月编《大全集》目录和影像谢幕安排。""},{""book"":""李敖访谈录1990-2018"",""chapter"":""077.20180319《北京青年报》报导"",""path"":""《大李敖全集5.0》（wjm_tcy版）分章节/007.采访序跋类/005.李敖访谈录1990-2018/077.20180319《北京青年报》报导.txt"",""line"":17,""lines"":[17,19],""note"":""《北京青年报》报道补述亲笔信与《再见李敖》50集访谈节目构想。""}]","data/timeline-events-eighth-book.json","book8-2017-06-09-gives-last-public-lecture-at-flypage-bookstore","{""id"":""book8-2017-06-09-gives-last-public-lecture-at-flypage-bookstore"",""date"":""2017-06-09"",""displayDate"":""2017年6月9日星期五"",""datePrecision"":""day"",""title"":""在飞页书屋举办最后一次演讲"",""summary"":""《李敖五十年表》记，2017年6月9日，李敖在飞页书屋举办最后一次演讲。同章并记他当年6月写下《致家人、友人、仇人的告别信》，透露脑瘤、放疗与两次急性肺炎后的痛苦处境，因此这条不仅是演讲线收束点，也成为晚年公开活动渐近终点的关键节点。"",""view"":[""演讲线"",""生平线"",""媒体线""],""tags"":[""飞页书屋"",""最后一次演讲"",""告别信"",""晚年""],""people"":[""李敖""],""places"":[""飞页书屋""],""works"":[""致家人、友人、仇人的告别信"",""李敖相关""],""certainty"":""confirmed"",""source"":{""book"":""李敖相关"",""chapter"":""001.李敖五十年表"",""path"":""《大李敖全集5.0》（wjm_tcy版）分章节/001.自传回忆类/008.李敖相关/001.李敖五十年表.txt"",""line"":191},""additionalSources"":[{""book"":""李敖访谈录1990-2018"",""chapter"":""076.2018《新民周刊》回顾专访"",""path"":""《大李敖全集5.0》（wjm_tcy版）分章节/007.采访序跋类/005.李敖访谈录1990-2018/076.2018《新民周刊》回顾专访.txt"",""line"":13,""lines"":[13,15,17],""note"":""《新民周刊》回顾补述2017年6月告别信、余月编《大全集》目录和影像谢幕安排。""},{""book"":""李敖访谈录1990-2018"",""chapter"":""077.20180319《北京青年报》报导"",""path"":""《大李敖全集5.0》（wjm_tcy版）分章节/007.采访序跋类/005.李敖访谈录1990-2018/077.20180319《北京青年报》报导.txt"",""line"":17,""lines"":[17,19],""note"":""《北京青年报》报道补述亲笔信与《再见李敖》50集访谈节目构想。""}],""crossReferences"":[""li-ao-fangtanlu-2017-06-farewell-letter-and-zaijian-liao-plan""],""dataFile"":""data/timeline-events-eighth-book.json""}"
"28106","2017","2017-09-04","2017年9月4日星期一","day","confirmed","李敖立遗嘱，安排著作权、保险金和给李文的月付事项","《李敖遗嘱》收录“立遗嘱人李敖亲笔如下”，文中安排其著作著作权已赠与王志慧，待李戡有能力经营时全数移转予李戡；富邦人寿保险金由李谌为受益人取得；并委由陈境圳每月支付美金1000元予李文至70岁，但若李文对王志慧、李戡、李谌提出诉讼或骚扰行为即丧失权利。遗嘱署2017年9月4日。","李敖、王志慧、李戡、李谌、陈境圳、李文","台湾","虽千万人，李敖往矣、遗嘱、著作权、王志慧、李戡、李谌、李文、陈境圳","家庭线、出版线、晚年线","虽千万人，李敖往矣、李敖遗嘱","","虽千万人，李敖往矣","056.李敖遗嘱","5","《大李敖全集5.0》（wjm_tcy版）分章节/005.诗集语录类/005.虽千万人，李敖往矣/056.李敖遗嘱.txt","虽千万人，李敖往矣 / 056.李敖遗嘱 / line 7 / 说明：著作权赠与王志慧，并待李戡能经营时移转。 / 《大李敖全集5.0》（wjm_tcy版）分章节/005.诗集语录类/005.虽千万人，李敖往矣/056.李敖遗嘱.txt || 虽千万人，李敖往矣 / 056.李敖遗嘱 / line 9 / 说明：富邦人寿保险金由李谌为受益人取得。 / 《大李敖全集5.0》（wjm_tcy版）分章节/005.诗集语录类/005.虽千万人，李敖往矣/056.李敖遗嘱.txt || 虽千万人，李敖往矣 / 056.李敖遗嘱 / line 11 / 说明：陈境圳每月支付美金1000元给李文及丧失权利条件。 / 《大李敖全集5.0》（wjm_tcy版）分章节/005.诗集语录类/005.虽千万人，李敖往矣/056.李敖遗嘱.txt || 虽千万人，李敖往矣 / 056.李敖遗嘱 / line 19 / 说明：遗嘱署日为2017年9月4日。 / 《大李敖全集5.0》（wjm_tcy版）分章节/005.诗集语录类/005.虽千万人，李敖往矣/056.李敖遗嘱.txt","[{""book"":""虽千万人，李敖往矣"",""chapter"":""056.李敖遗嘱"",""path"":""《大李敖全集5.0》（wjm_tcy版）分章节/005.诗集语录类/005.虽千万人，李敖往矣/056.李敖遗嘱.txt"",""line"":7,""note"":""著作权赠与王志慧，并待李戡能经营时移转。""},{""book"":""虽千万人，李敖往矣"",""chapter"":""056.李敖遗嘱"",""path"":""《大李敖全集5.0》（wjm_tcy版）分章节/005.诗集语录类/005.虽千万人，李敖往矣/056.李敖遗嘱.txt"",""line"":9,""note"":""富邦人寿保险金由李谌为受益人取得。""},{""book"":""虽千万人，李敖往矣"",""chapter"":""056.李敖遗嘱"",""path"":""《大李敖全集5.0》（wjm_tcy版）分章节/005.诗集语录类/005.虽千万人，李敖往矣/056.李敖遗嘱.txt"",""line"":11,""note"":""陈境圳每月支付美金1000元给李文及丧失权利条件。""},{""book"":""虽千万人，李敖往矣"",""chapter"":""056.李敖遗嘱"",""path"":""《大李敖全集5.0》（wjm_tcy版）分章节/005.诗集语录类/005.虽千万人，李敖往矣/056.李敖遗嘱.txt"",""line"":19,""note"":""遗嘱署日为2017年9月4日。""}]","data/timeline-events-sui-qianwan-li-ao-wangyi.json","sui-qianwan-2017-09-04-writes-will","{""id"":""sui-qianwan-2017-09-04-writes-will"",""date"":""2017-09-04"",""displayDate"":""2017年9月4日星期一"",""datePrecision"":""day"",""title"":""李敖立遗嘱，安排著作权、保险金和给李文的月付事项"",""summary"":""《李敖遗嘱》收录“立遗嘱人李敖亲笔如下”，文中安排其著作著作权已赠与王志慧，待李戡有能力经营时全数移转予李戡；富邦人寿保险金由李谌为受益人取得；并委由陈境圳每月支付美金1000元予李文至70岁，但若李文对王志慧、李戡、李谌提出诉讼或骚扰行为即丧失权利。遗嘱署2017年9月4日。"",""view"":[""家庭线"",""出版线"",""晚年线""],""tags"":[""虽千万人，李敖往矣"",""遗嘱"",""著作权"",""王志慧"",""李戡"",""李谌"",""李文"",""陈境圳""],""people"":[""李敖"",""王志慧"",""李戡"",""李谌"",""陈境圳"",""李文""],""places"":[""台湾""],""works"":[""虽千万人，李敖往矣"",""李敖遗嘱""],""certainty"":""confirmed"",""source"":{""book"":""虽千万人，李敖往矣"",""chapter"":""056.李敖遗嘱"",""path"":""《大李敖全集5.0》（wjm_tcy版）分章节/005.诗集语录类/005.虽千万人，李敖往矣/056.李敖遗嘱.txt"",""line"":5},""additionalSources"":[{""book"":""虽千万人，李敖往矣"",""chapter"":""056.李敖遗嘱"",""path"":""《大李敖全集5.0》（wjm_tcy版）分章节/005.诗集语录类/005.虽千万人，李敖往矣/056.李敖遗嘱.txt"",""line"":7,""note"":""著作权赠与王志慧，并待李戡能经营时移转。""},{""book"":""虽千万人，李敖往矣"",""chapter"":""056.李敖遗嘱"",""path"":""《大李敖全集5.0》（wjm_tcy版）分章节/005.诗集语录类/005.虽千万人，李敖往矣/056.李敖遗嘱.txt"",""line"":9,""note"":""富邦人寿保险金由李谌为受益人取得。""},{""book"":""虽千万人，李敖往矣"",""chapter"":""056.李敖遗嘱"",""path"":""《大李敖全集5.0》（wjm_tcy版）分章节/005.诗集语录类/005.虽千万人，李敖往矣/056.李敖遗嘱.txt"",""line"":11,""note"":""陈境圳每月支付美金1000元给李文及丧失权利条件。""},{""book"":""虽千万人，李敖往矣"",""chapter"":""056.李敖遗嘱"",""path"":""《大李敖全集5.0》（wjm_tcy版）分章节/005.诗集语录类/005.虽千万人，李敖往矣/056.李敖遗嘱.txt"",""line"":19,""note"":""遗嘱署日为2017年9月4日。""}],""dataFile"":""data/timeline-events-sui-qianwan-li-ao-wangyi.json""}"
"28107","2017","2017-04-11","2017年4月11日报道前，台北寓所","month","reported","《中国报》报道马来西亚友人探访病中李敖","《中国报》4月11日报道，月前一个晚上，江迅、李桑等马来西亚友人到李敖台北寓所探访。李敖倚靠购物车或拐杖开门，和来客聊近一小时四十分钟；面对江迅拥抱落泪，他调侃“我都还没死”。在台北寓所谈话中，他因怕坐飞机和失联婉拒马来西亚之行，又说与台北医院医生讨价还价后被允许每天工作15个小时，半夜三点起工；他在病中感到“想做的很多，能做的时间很少”，仍继续阅读、研撰和编《李敖大全集》后传部分45册。","李敖、江迅、李桑、陈文茜","台北寓所、台北、马来西亚、北京故宫","中国报、马来西亚友人、病中探访、李敖大全集、半夜三点工作","探访线、健康线、出版线、收藏线、晚年线","李敖访谈录1990-2018、李敖大全集","li-ao-fangtanlu-2017-02-22-asia-weekly-home-visit-health-and-daqianji、sui-qianwan-2017-03-21-discloses-brainstem-malignant-tumor-and-treatment","李敖访谈录1990-2018","075.20170411《中国报》报导","11","《大李敖全集5.0》（wjm_tcy版）分章节/007.采访序跋类/005.李敖访谈录1990-2018/075.20170411《中国报》报导.txt","","[]","data/timeline-events-li-ao-fangtanlu-1990-2018.json","li-ao-fangtanlu-2017-04-11-china-press-malaysia-friends-visit","{""id"":""li-ao-fangtanlu-2017-04-11-china-press-malaysia-friends-visit"",""date"":""2017-04-11"",""displayDate"":""2017年4月11日报道前，台北寓所"",""datePrecision"":""month"",""title"":""《中国报》报道马来西亚友人探访病中李敖"",""summary"":""《中国报》4月11日报道，月前一个晚上，江迅、李桑等马来西亚友人到李敖台北寓所探访。李敖倚靠购物车或拐杖开门，和来客聊近一小时四十分钟；面对江迅拥抱落泪，他调侃“我都还没死”。在台北寓所谈话中，他因怕坐飞机和失联婉拒马来西亚之行，又说与台北医院医生讨价还价后被允许每天工作15个小时，半夜三点起工；他在病中感到“想做的很多，能做的时间很少”，仍继续阅读、研撰和编《李敖大全集》后传部分45册。"",""category"":""visit"",""type"":""李敖当事人事件"",""source"":{""book"":""李敖访谈录1990-2018"",""chapter"":""075.20170411《中国报》报导"",""path"":""《大李敖全集5.0》（wjm_tcy版）分章节/007.采访序跋类/005.李敖访谈录1990-2018/075.20170411《中国报》报导.txt"",""line"":11,""lines"":[11,15,19,21,27,29,31,35,37,41,43,51,53,59,63,67,69]},""certainty"":""reported"",""tags"":[""中国报"",""马来西亚友人"",""病中探访"",""李敖大全集"",""半夜三点工作""],""people"":[""李敖"",""江迅"",""李桑"",""陈文茜""],""places"":[""台北寓所"",""台北"",""马来西亚"",""北京故宫""],""works"":[""李敖访谈录1990-2018"",""李敖大全集""],""view"":[""探访线"",""健康线"",""出版线"",""收藏线"",""晚年线""],""crossReferences"":[""li-ao-fangtanlu-2017-02-22-asia-weekly-home-visit-health-and-daqianji"",""sui-qianwan-2017-03-21-discloses-brainstem-malignant-tumor-and-treatment""],""dataFile"":""data/timeline-events-li-ao-fangtanlu-1990-2018.json""}"
"28108","2017","2017-06-30","2017年6月","month","confirmed","李敖写《致家人、友人、仇人的告别信》，安排影像告别和《再见李敖》","2017年6月，李敖写《致家人、友人、仇人的告别信》，说自己查出脑瘤、做完放射治疗后每天服类固醇，又两次因急性肺炎住院，痛苦得像接近地狱。此后几个月里，他和助手忙着编选《李敖大全集》第41至85册目录；在告别信和视频节目安排中，他说医生要他抓紧想做、想干的事，他就想在余下时间里同家人、友人、仇人再见一面，并计划通过《再见李敖》邀请来宾到台北书房吃饭、合影、看猫，留下人生谢幕影像。","李敖、郑乃嘉、李戡","台北、李敖书房","告别信、再见李敖、李敖大全集、脑瘤、急性肺炎、台北书房","健康线、出版线、媒体线、晚年线","李敖访谈录1990-2018、致家人、友人、仇人的告别信、李敖大全集、再见李敖","book8-2017-06-09-gives-last-public-lecture-at-flypage-bookstore、sui-qianwan-2017-03-21-discloses-brainstem-malignant-tumor-and-treatment、book8-2018-03-18-li-ao-dies","李敖访谈录1990-2018","076.2018《新民周刊》回顾专访","13","《大李敖全集5.0》（wjm_tcy版）分章节/007.采访序跋类/005.李敖访谈录1990-2018/076.2018《新民周刊》回顾专访.txt","李敖访谈录1990-2018 / 077.20180319《北京青年报》报导 / line 15 / 说明：《北京青年报》补述2017年6月视频节目画面、亲笔信内容和《再见李敖》计划。 / 《大李敖全集5.0》（wjm_tcy版）分章节/007.采访序跋类/005.李敖访谈录1990-2018/077.20180319《北京青年报》报导.txt","[{""book"":""李敖访谈录1990-2018"",""chapter"":""077.20180319《北京青年报》报导"",""path"":""《大李敖全集5.0》（wjm_tcy版）分章节/007.采访序跋类/005.李敖访谈录1990-2018/077.20180319《北京青年报》报导.txt"",""line"":15,""lines"":[15,17,19],""note"":""《北京青年报》补述2017年6月视频节目画面、亲笔信内容和《再见李敖》计划。""}]","data/timeline-events-li-ao-fangtanlu-1990-2018.json","li-ao-fangtanlu-2017-06-farewell-letter-and-zaijian-liao-plan","{""id"":""li-ao-fangtanlu-2017-06-farewell-letter-and-zaijian-liao-plan"",""date"":""2017-06-30"",""displayDate"":""2017年6月"",""datePrecision"":""month"",""title"":""李敖写《致家人、友人、仇人的告别信》，安排影像告别和《再见李敖》"",""summary"":""2017年6月，李敖写《致家人、友人、仇人的告别信》，说自己查出脑瘤、做完放射治疗后每天服类固醇，又两次因急性肺炎住院，痛苦得像接近地狱。此后几个月里，他和助手忙着编选《李敖大全集》第41至85册目录；在告别信和视频节目安排中，他说医生要他抓紧想做、想干的事，他就想在余下时间里同家人、友人、仇人再见一面，并计划通过《再见李敖》邀请来宾到台北书房吃饭、合影、看猫，留下人生谢幕影像。"",""category"":""health"",""type"":""李敖当事人事件"",""source"":{""book"":""李敖访谈录1990-2018"",""chapter"":""076.2018《新民周刊》回顾专访"",""path"":""《大李敖全集5.0》（wjm_tcy版）分章节/007.采访序跋类/005.李敖访谈录1990-2018/076.2018《新民周刊》回顾专访.txt"",""line"":13,""lines"":[11,13,15,17]},""additionalSources"":[{""book"":""李敖访谈录1990-2018"",""chapter"":""077.20180319《北京青年报》报导"",""path"":""《大李敖全集5.0》（wjm_tcy版）分章节/007.采访序跋类/005.李敖访谈录1990-2018/077.20180319《北京青年报》报导.txt"",""line"":15,""lines"":[15,17,19],""note"":""《北京青年报》补述2017年6月视频节目画面、亲笔信内容和《再见李敖》计划。""}],""certainty"":""confirmed"",""tags"":[""告别信"",""再见李敖"",""李敖大全集"",""脑瘤"",""急性肺炎"",""台北书房""],""people"":[""李敖"",""郑乃嘉"",""李戡""],""places"":[""台北"",""李敖书房""],""works"":[""李敖访谈录1990-2018"",""致家人、友人、仇人的告别信"",""李敖大全集"",""再见李敖""],""view"":[""健康线"",""出版线"",""媒体线"",""晚年线""],""crossReferences"":[""book8-2017-06-09-gives-last-public-lecture-at-flypage-bookstore"",""sui-qianwan-2017-03-21-discloses-brainstem-malignant-tumor-and-treatment"",""book8-2018-03-18-li-ao-dies""],""dataFile"":""data/timeline-events-li-ao-fangtanlu-1990-2018.json""}"
"28109","2017","2017-10-31","2017年10月出院后一周前后","month","reported","李敖出院回家后仍赶编《大全集》，随后向郑乃嘉承认85本做不完","2017年10月，标靶药物似乎起效，李敖觉得状态恢复，当即要求出院回家，不顾劝阻想赶着把《李敖大全集》编完。太太把除菌仪器搬回家并挡住访客，但李敖仍让陶冬冬看望，用很低的音量聊了两个小时拍卖藏品的事，想请他找台办，把藏品一半捐献、一半拍卖。出院一个礼拜后，李敖坐在轮椅上找郑乃嘉到家里，流泪说85本《大全集》做不完了，不知道怎么收尾，努力很久的视频节目计划也只能暂停。","李敖、陶冬冬、郑乃嘉、李敖太太","台北、李敖家中","标靶药物、出院、李敖大全集、藏品拍卖、视频节目暂停","健康线、出版线、收藏线、媒体线、晚年线","李敖访谈录1990-2018、李敖大全集、再见李敖","li-ao-fangtanlu-2017-06-farewell-letter-and-zaijian-liao-plan、book8-2018-03-18-li-ao-dies","李敖访谈录1990-2018","078.20180329腾讯新闻报导","7","《大李敖全集5.0》（wjm_tcy版）分章节/007.采访序跋类/005.李敖访谈录1990-2018/078.20180329腾讯新闻报导.txt","","[]","data/timeline-events-li-ao-fangtanlu-1990-2018.json","li-ao-fangtanlu-2017-10-discharged-and-concedes-85-books-unfinished","{""id"":""li-ao-fangtanlu-2017-10-discharged-and-concedes-85-books-unfinished"",""date"":""2017-10-31"",""displayDate"":""2017年10月出院后一周前后"",""datePrecision"":""month"",""title"":""李敖出院回家后仍赶编《大全集》，随后向郑乃嘉承认85本做不完"",""summary"":""2017年10月，标靶药物似乎起效，李敖觉得状态恢复，当即要求出院回家，不顾劝阻想赶着把《李敖大全集》编完。太太把除菌仪器搬回家并挡住访客，但李敖仍让陶冬冬看望，用很低的音量聊了两个小时拍卖藏品的事，想请他找台办，把藏品一半捐献、一半拍卖。出院一个礼拜后，李敖坐在轮椅上找郑乃嘉到家里，流泪说85本《大全集》做不完了，不知道怎么收尾，努力很久的视频节目计划也只能暂停。"",""category"":""health"",""type"":""李敖当事人事件"",""source"":{""book"":""李敖访谈录1990-2018"",""chapter"":""078.20180329腾讯新闻报导"",""path"":""《大李敖全集5.0》（wjm_tcy版）分章节/007.采访序跋类/005.李敖访谈录1990-2018/078.20180329腾讯新闻报导.txt"",""line"":7,""lines"":[7,9,11,13,15]},""certainty"":""reported"",""tags"":[""标靶药物"",""出院"",""李敖大全集"",""藏品拍卖"",""视频节目暂停""],""people"":[""李敖"",""陶冬冬"",""郑乃嘉"",""李敖太太""],""places"":[""台北"",""李敖家中""],""works"":[""李敖访谈录1990-2018"",""李敖大全集"",""再见李敖""],""view"":[""健康线"",""出版线"",""收藏线"",""媒体线"",""晚年线""],""crossReferences"":[""li-ao-fangtanlu-2017-06-farewell-letter-and-zaijian-liao-plan"",""book8-2018-03-18-li-ao-dies""],""dataFile"":""data/timeline-events-li-ao-fangtanlu-1990-2018.json""}"
"28110","2017","2017-11-30","2017年11月","month","reported-by-third-party","舞台剧《北京法源寺》到台北演出时，李敖已在医院昏迷","《北京青年报》报道说，舞台剧《北京法源寺》北京首演时李敖因北京冬天太冷未能到场；2017年11月该剧抵达台北时，李敖已经昏迷在医院，演员只能在李戡陪同下到李敖书房参观。此条是作品改编在李敖晚年发生的接受史节点，主体为第三方报道，不是李敖本人行动。","李敖、田沁鑫、李戡","台北、北京、李敖书房","北京法源寺、舞台剧、台北演出、田沁鑫、李戡、晚年、第三方报道","改编线、晚年线、家庭线","北京法源寺、北京青年报","beijing-fayuansi-2012-tian-qinxin-adaptation-study-meetings、book8-2018-03-18-li-ao-dies","李敖访谈录1990-2018","077.20180319《北京青年报》报导","37","《大李敖全集5.0》（wjm_tcy版）分章节/007.采访序跋类/005.李敖访谈录1990-2018/077.20180319《北京青年报》报导.txt","","[]","data/timeline-events-beijing-fayuansi.json","beijing-fayuansi-2017-11-stage-play-taipei-while-hospitalized","{""id"":""beijing-fayuansi-2017-11-stage-play-taipei-while-hospitalized"",""date"":""2017-11-30"",""displayDate"":""2017年11月"",""datePrecision"":""month"",""title"":""舞台剧《北京法源寺》到台北演出时，李敖已在医院昏迷"",""summary"":""《北京青年报》报道说，舞台剧《北京法源寺》北京首演时李敖因北京冬天太冷未能到场；2017年11月该剧抵达台北时，李敖已经昏迷在医院，演员只能在李戡陪同下到李敖书房参观。此条是作品改编在李敖晚年发生的接受史节点，主体为第三方报道，不是李敖本人行动。"",""view"":[""改编线"",""晚年线"",""家庭线""],""tags"":[""北京法源寺"",""舞台剧"",""台北演出"",""田沁鑫"",""李戡"",""晚年"",""第三方报道""],""people"":[""李敖"",""田沁鑫"",""李戡""],""places"":[""台北"",""北京"",""李敖书房""],""works"":[""北京法源寺"",""北京青年报""],""certainty"":""reported-by-third-party"",""source"":{""book"":""李敖访谈录1990-2018"",""chapter"":""077.20180319《北京青年报》报导"",""path"":""《大李敖全集5.0》（wjm_tcy版）分章节/007.采访序跋类/005.李敖访谈录1990-2018/077.20180319《北京青年报》报导.txt"",""line"":37,""note"":""第三方报道；事件主体为作品改编到台北，非李敖本人行动。""},""crossReferences"":[""beijing-fayuansi-2012-tian-qinxin-adaptation-study-meetings"",""book8-2018-03-18-li-ao-dies""],""dataFile"":""data/timeline-events-beijing-fayuansi.json""}"
"28111","2017","2017-12-31","2017年底至2018年3月18日前最后一段时间","undated-context","reported","李敖晚年复健、想再开刀，最后对陈文茜说“我要走了”","腾讯新闻2018年3月29日报道，李敖最后阶段仍以玩笑抵抗病情：陈文茜去看他做复健时，他说要“特别表演”，稍歇后又伤感说自己一生想争取、想奋斗，结果一场空；临终三四个月前，李敖在病房还有再次开刀的想法，但医生不主张，他私下对赖岳忠说“我的时间不多了”。最后一段时间，陈文茜赶到病房，他紧握她的手，始终不说“死”字，只留下“我要走了，这一次你救不了我的”这句话。","李敖、陈文茜、赖岳忠、Vicky","台北病房、复健场所","复健、再次开刀想法、临终病房、陈文茜、赖岳忠","健康线、晚年线、交游线","李敖访谈录1990-2018","li-ao-fangtanlu-2017-10-discharged-and-concedes-85-books-unfinished、book8-2018-03-18-li-ao-dies","李敖访谈录1990-2018","078.20180329腾讯新闻报导","17","《大李敖全集5.0》（wjm_tcy版）分章节/007.采访序跋类/005.李敖访谈录1990-2018/078.20180329腾讯新闻报导.txt","","[]","data/timeline-events-li-ao-fangtanlu-1990-2018.json","li-ao-fangtanlu-2018-03-18-final-months-rehab-and-last-words","{""id"":""li-ao-fangtanlu-2018-03-18-final-months-rehab-and-last-words"",""date"":""2017-12-31"",""displayDate"":""2017年底至2018年3月18日前最后一段时间"",""datePrecision"":""undated-context"",""title"":""李敖晚年复健、想再开刀，最后对陈文茜说“我要走了”"",""summary"":""腾讯新闻2018年3月29日报道，李敖最后阶段仍以玩笑抵抗病情：陈文茜去看他做复健时，他说要“特别表演”，稍歇后又伤感说自己一生想争取、想奋斗，结果一场空；临终三四个月前，李敖在病房还有再次开刀的想法，但医生不主张，他私下对赖岳忠说“我的时间不多了”。最后一段时间，陈文茜赶到病房，他紧握她的手，始终不说“死”字，只留下“我要走了，这一次你救不了我的”这句话。"",""category"":""health"",""type"":""李敖当事人事件"",""source"":{""book"":""李敖访谈录1990-2018"",""chapter"":""078.20180329腾讯新闻报导"",""path"":""《大李敖全集5.0》（wjm_tcy版）分章节/007.采访序跋类/005.李敖访谈录1990-2018/078.20180329腾讯新闻报导.txt"",""line"":17,""lines"":[17,19,21,23,25]},""certainty"":""reported"",""tags"":[""复健"",""再次开刀想法"",""临终病房"",""陈文茜"",""赖岳忠""],""people"":[""李敖"",""陈文茜"",""赖岳忠"",""Vicky""],""places"":[""台北病房"",""复健场所""],""works"":[""李敖访谈录1990-2018""],""view"":[""健康线"",""晚年线"",""交游线""],""crossReferences"":[""li-ao-fangtanlu-2017-10-discharged-and-concedes-85-books-unfinished"",""book8-2018-03-18-li-ao-dies""],""dataFile"":""data/timeline-events-li-ao-fangtanlu-1990-2018.json""}"
"28112","2018","2018-03-18","2018年3月18日星期日","day","confirmed","李敖逝世","《李敖五十年表》记，2018年3月18日上午10时59分，李敖与世长辞。后续报道补明，他在台北荣民总医院因脑癌安然离世，享年83岁；家属说明一切遵照他的意愿和一贯作风，不举行告别式、追思会等任何活动，一切从简。对整个“大而全的李敖年表”而言，这是必须明确落库的终点节点。","李敖","台湾","逝世、终点节点、上帝李","生平线、家庭线","李敖相关","li-ao-fangtanlu-2017-06-farewell-letter-and-zaijian-liao-plan、li-ao-fangtanlu-2017-10-discharged-and-concedes-85-books-unfinished、li-ao-fangtanlu-2018-03-18-final-months-rehab-and-last-words","李敖相关","001.李敖五十年表","193","《大李敖全集5.0》（wjm_tcy版）分章节/001.自传回忆类/008.李敖相关/001.李敖五十年表.txt","李敖访谈录1990-2018 / 076.2018《新民周刊》回顾专访 / line 11 / 说明：《新民周刊》回顾报道记录2018年3月18日上午10点59分去世，李戡说明不举行告别式、追思会。 / 《大李敖全集5.0》（wjm_tcy版）分章节/007.采访序跋类/005.李敖访谈录1990-2018/076.2018《新民周刊》回顾专访.txt || 李敖访谈录1990-2018 / 077.20180319《北京青年报》报导 / line 9 / 说明：《北京青年报》报道补充荣民总医院病程说明、家属说明和李戡微博。 / 《大李敖全集5.0》（wjm_tcy版）分章节/007.采访序跋类/005.李敖访谈录1990-2018/077.20180319《北京青年报》报导.txt","[{""book"":""李敖访谈录1990-2018"",""chapter"":""076.2018《新民周刊》回顾专访"",""path"":""《大李敖全集5.0》（wjm_tcy版）分章节/007.采访序跋类/005.李敖访谈录1990-2018/076.2018《新民周刊》回顾专访.txt"",""line"":11,""lines"":[11],""note"":""《新民周刊》回顾报道记录2018年3月18日上午10点59分去世，李戡说明不举行告别式、追思会。""},{""book"":""李敖访谈录1990-2018"",""chapter"":""077.20180319《北京青年报》报导"",""path"":""《大李敖全集5.0》（wjm_tcy版）分章节/007.采访序跋类/005.李敖访谈录1990-2018/077.20180319《北京青年报》报导.txt"",""line"":9,""lines"":[9,11,13],""note"":""《北京青年报》报道补充荣民总医院病程说明、家属说明和李戡微博。""}]","data/timeline-events-eighth-book.json","book8-2018-03-18-li-ao-dies","{""id"":""book8-2018-03-18-li-ao-dies"",""date"":""2018-03-18"",""displayDate"":""2018年3月18日星期日"",""datePrecision"":""day"",""title"":""李敖逝世"",""summary"":""《李敖五十年表》记，2018年3月18日上午10时59分，李敖与世长辞。后续报道补明，他在台北荣民总医院因脑癌安然离世，享年83岁；家属说明一切遵照他的意愿和一贯作风，不举行告别式、追思会等任何活动，一切从简。对整个“大而全的李敖年表”而言，这是必须明确落库的终点节点。"",""view"":[""生平线"",""家庭线""],""tags"":[""逝世"",""终点节点"",""上帝李""],""people"":[""李敖""],""places"":[""台湾""],""works"":[""李敖相关""],""certainty"":""confirmed"",""source"":{""book"":""李敖相关"",""chapter"":""001.李敖五十年表"",""path"":""《大李敖全集5.0》（wjm_tcy版）分章节/001.自传回忆类/008.李敖相关/001.李敖五十年表.txt"",""line"":193},""additionalSources"":[{""book"":""李敖访谈录1990-2018"",""chapter"":""076.2018《新民周刊》回顾专访"",""path"":""《大李敖全集5.0》（wjm_tcy版）分章节/007.采访序跋类/005.李敖访谈录1990-2018/076.2018《新民周刊》回顾专访.txt"",""line"":11,""lines"":[11],""note"":""《新民周刊》回顾报道记录2018年3月18日上午10点59分去世，李戡说明不举行告别式、追思会。""},{""book"":""李敖访谈录1990-2018"",""chapter"":""077.20180319《北京青年报》报导"",""path"":""《大李敖全集5.0》（wjm_tcy版）分章节/007.采访序跋类/005.李敖访谈录1990-2018/077.20180319《北京青年报》报导.txt"",""line"":9,""lines"":[9,11,13],""note"":""《北京青年报》报道补充荣民总医院病程说明、家属说明和李戡微博。""}],""crossReferences"":[""li-ao-fangtanlu-2017-06-farewell-letter-and-zaijian-liao-plan"",""li-ao-fangtanlu-2017-10-discharged-and-concedes-85-books-unfinished"",""li-ao-fangtanlu-2018-03-18-final-months-rehab-and-last-words""],""dataFile"":""data/timeline-events-eighth-book.json""}"
