"row","year","date","displayDate","datePrecision","certainty","title","summary","people","places","tags","view","works","crossReferences","sourceBook","sourceChapter","sourceLine","sourcePath","additionalSources","additionalSourcesJson","dataFile","id","eventJson"
"29001","2015","2015-09-21","2015年9月21日星期一","day","confirmed","李敖在微博发表“网络的双杀”","2015年9月21日，李敖在“哈囉李敖”微博发表“网络的双杀”：他们打天下时候，一方面“思想统一”、一方面“思想专断”。“思想统一”是革命、“思想专断”是反革命，正反双杀，人民透不过气来了。现在可好了，革命与反革命都免了，换成网络双杀。网络“思想统一”，他们众口一声；网络“思想专断”，你们众矢之的。网络原来是最会掐的，人民窒息了。","李敖","","虽千万人，李敖往矣、哈囉李敖、微博、140字、网络的双杀","写作线、媒体线、晚年线","虽千万人，李敖往矣、哈囉李敖","","虽千万人，李敖往矣","039.2015年9月","123","《大李敖全集5.0》（wjm_tcy版）分章节/005.诗集语录类/005.虽千万人，李敖往矣/039.2015年9月.txt","","[]","data/timeline-events-sui-qianwan-li-ao-wangyi.json","sui-qianwan-2015-09-21-daily-weibo","{""id"":""sui-qianwan-2015-09-21-daily-weibo"",""date"":""2015-09-21"",""displayDate"":""2015年9月21日星期一"",""datePrecision"":""day"",""title"":""李敖在微博发表“网络的双杀”"",""summary"":""2015年9月21日，李敖在“哈囉李敖”微博发表“网络的双杀”：他们打天下时候，一方面“思想统一”、一方面“思想专断”。“思想统一”是革命、“思想专断”是反革命，正反双杀，人民透不过气来了。现在可好了，革命与反革命都免了，换成网络双杀。网络“思想统一”，他们众口一声；网络“思想专断”，你们众矢之的。网络原来是最会掐的，人民窒息了。"",""view"":[""写作线"",""媒体线"",""晚年线""],""tags"":[""虽千万人，李敖往矣"",""哈囉李敖"",""微博"",""140字"",""网络的双杀""],""people"":[""李敖""],""places"":[],""works"":[""虽千万人，李敖往矣"",""哈囉李敖""],""certainty"":""confirmed"",""source"":{""book"":""虽千万人，李敖往矣"",""chapter"":""039.2015年9月"",""path"":""《大李敖全集5.0》（wjm_tcy版）分章节/005.诗集语录类/005.虽千万人，李敖往矣/039.2015年9月.txt"",""line"":123,""lines"":[123,125,127]},""crossReferences"":[],""round"":""2026-07-11-sui-qianwan-li-ao-wangyi-daily-completion"",""dataFile"":""data/timeline-events-sui-qianwan-li-ao-wangyi.json""}"
"29002","2015","2015-09-22","2015年9月22日星期二","day","confirmed","李敖在微博发表““二锅头””","2015年9月22日，李敖在“哈囉李敖”微博发表““二锅头””：如有上帝，一定是个始乱终弃的家伙。创造了万物，但创造后就不管了，也许厌倦了、也许忙疯了、也许开溜了、也许睡着了。总之，他不行了。所以要我们替天行道。上帝只管生与死、只管两头，中间全靠我们。我们好像“二锅头”，除去最先的和最后的，烈酒全是我们。别自卑了，我们也是上帝！","李敖","","虽千万人，李敖往矣、哈囉李敖、微博、140字、“二锅头”","写作线、媒体线、晚年线","虽千万人，李敖往矣、哈囉李敖","","虽千万人，李敖往矣","039.2015年9月","129","《大李敖全集5.0》（wjm_tcy版）分章节/005.诗集语录类/005.虽千万人，李敖往矣/039.2015年9月.txt","","[]","data/timeline-events-sui-qianwan-li-ao-wangyi.json","sui-qianwan-2015-09-22-daily-weibo","{""id"":""sui-qianwan-2015-09-22-daily-weibo"",""date"":""2015-09-22"",""displayDate"":""2015年9月22日星期二"",""datePrecision"":""day"",""title"":""李敖在微博发表““二锅头””"",""summary"":""2015年9月22日，李敖在“哈囉李敖”微博发表““二锅头””：如有上帝，一定是个始乱终弃的家伙。创造了万物，但创造后就不管了，也许厌倦了、也许忙疯了、也许开溜了、也许睡着了。总之，他不行了。所以要我们替天行道。上帝只管生与死、只管两头，中间全靠我们。我们好像“二锅头”，除去最先的和最后的，烈酒全是我们。别自卑了，我们也是上帝！"",""view"":[""写作线"",""媒体线"",""晚年线""],""tags"":[""虽千万人，李敖往矣"",""哈囉李敖"",""微博"",""140字"",""“二锅头”""],""people"":[""李敖""],""places"":[],""works"":[""虽千万人，李敖往矣"",""哈囉李敖""],""certainty"":""confirmed"",""source"":{""book"":""虽千万人，李敖往矣"",""chapter"":""039.2015年9月"",""path"":""《大李敖全集5.0》（wjm_tcy版）分章节/005.诗集语录类/005.虽千万人，李敖往矣/039.2015年9月.txt"",""line"":129,""lines"":[129,131,133]},""crossReferences"":[],""round"":""2026-07-11-sui-qianwan-li-ao-wangyi-daily-completion"",""dataFile"":""data/timeline-events-sui-qianwan-li-ao-wangyi.json""}"
"29003","2015","2015-09-23","2015年9月23日星期三","day","confirmed","李敖在微博发表“《伯远帖》亮相”","2015年9月23日，李敖在“哈囉李敖”微博发表“《伯远帖》亮相”：北京故宫博物院90周年院庆，史无前例的展出镇院之宝，包括东晋王珣写的《伯远帖》。《伯远帖》当年流入市场时，台湾舍不得掏钱，周恩来却特批抢购。明朝董其昌曾题豪语：“既幸予得见王珣，又幸珣书不尽湮没，得见吾也。”如今不尽湮没的，又得见中国人了，共产党总算做了一件好事。","李敖","","虽千万人，李敖往矣、哈囉李敖、微博、140字、《伯远帖》亮相","写作线、媒体线、晚年线","虽千万人，李敖往矣、哈囉李敖","","虽千万人，李敖往矣","039.2015年9月","135","《大李敖全集5.0》（wjm_tcy版）分章节/005.诗集语录类/005.虽千万人，李敖往矣/039.2015年9月.txt","","[]","data/timeline-events-sui-qianwan-li-ao-wangyi.json","sui-qianwan-2015-09-23-daily-weibo","{""id"":""sui-qianwan-2015-09-23-daily-weibo"",""date"":""2015-09-23"",""displayDate"":""2015年9月23日星期三"",""datePrecision"":""day"",""title"":""李敖在微博发表“《伯远帖》亮相”"",""summary"":""2015年9月23日，李敖在“哈囉李敖”微博发表“《伯远帖》亮相”：北京故宫博物院90周年院庆，史无前例的展出镇院之宝，包括东晋王珣写的《伯远帖》。《伯远帖》当年流入市场时，台湾舍不得掏钱，周恩来却特批抢购。明朝董其昌曾题豪语：“既幸予得见王珣，又幸珣书不尽湮没，得见吾也。”如今不尽湮没的，又得见中国人了，共产党总算做了一件好事。"",""view"":[""写作线"",""媒体线"",""晚年线""],""tags"":[""虽千万人，李敖往矣"",""哈囉李敖"",""微博"",""140字"",""《伯远帖》亮相""],""people"":[""李敖""],""places"":[],""works"":[""虽千万人，李敖往矣"",""哈囉李敖""],""certainty"":""confirmed"",""source"":{""book"":""虽千万人，李敖往矣"",""chapter"":""039.2015年9月"",""path"":""《大李敖全集5.0》（wjm_tcy版）分章节/005.诗集语录类/005.虽千万人，李敖往矣/039.2015年9月.txt"",""line"":135,""lines"":[135,137,139]},""crossReferences"":[],""round"":""2026-07-11-sui-qianwan-li-ao-wangyi-daily-completion"",""dataFile"":""data/timeline-events-sui-qianwan-li-ao-wangyi.json""}"
"29004","2015","2015-09-24","2015年9月24日星期四","day","confirmed","李敖在微博发表“玩具熊”","2015年9月24日，李敖在“哈囉李敖”微博发表“玩具熊”：小孩对玩具熊说话。小孩不以为玩具熊是玩具熊，也不以为自己是小孩。只以为玩具熊是另一个自己：一情相悦就是两情相悦、一厢情愿就是两小无猜。小孩与玩具熊一起长大，玩具熊像彼得潘（Peter Pan），拒绝长大、长捐箱底。直到一天被发现、被抱在怀里，没有迷茫、没有悲怆，只有成人的叹息。","李敖","","虽千万人，李敖往矣、哈囉李敖、微博、140字、玩具熊","写作线、媒体线、晚年线","虽千万人，李敖往矣、哈囉李敖","","虽千万人，李敖往矣","039.2015年9月","141","《大李敖全集5.0》（wjm_tcy版）分章节/005.诗集语录类/005.虽千万人，李敖往矣/039.2015年9月.txt","","[]","data/timeline-events-sui-qianwan-li-ao-wangyi.json","sui-qianwan-2015-09-24-daily-weibo","{""id"":""sui-qianwan-2015-09-24-daily-weibo"",""date"":""2015-09-24"",""displayDate"":""2015年9月24日星期四"",""datePrecision"":""day"",""title"":""李敖在微博发表“玩具熊”"",""summary"":""2015年9月24日，李敖在“哈囉李敖”微博发表“玩具熊”：小孩对玩具熊说话。小孩不以为玩具熊是玩具熊，也不以为自己是小孩。只以为玩具熊是另一个自己：一情相悦就是两情相悦、一厢情愿就是两小无猜。小孩与玩具熊一起长大，玩具熊像彼得潘（Peter Pan），拒绝长大、长捐箱底。直到一天被发现、被抱在怀里，没有迷茫、没有悲怆，只有成人的叹息。"",""view"":[""写作线"",""媒体线"",""晚年线""],""tags"":[""虽千万人，李敖往矣"",""哈囉李敖"",""微博"",""140字"",""玩具熊""],""people"":[""李敖""],""places"":[],""works"":[""虽千万人，李敖往矣"",""哈囉李敖""],""certainty"":""confirmed"",""source"":{""book"":""虽千万人，李敖往矣"",""chapter"":""039.2015年9月"",""path"":""《大李敖全集5.0》（wjm_tcy版）分章节/005.诗集语录类/005.虽千万人，李敖往矣/039.2015年9月.txt"",""line"":141,""lines"":[141,143,145]},""crossReferences"":[],""round"":""2026-07-11-sui-qianwan-li-ao-wangyi-daily-completion"",""dataFile"":""data/timeline-events-sui-qianwan-li-ao-wangyi.json""}"
"29005","2015","2015-09-25","2015年9月25日星期五","day","confirmed","李敖在微博发表“乔·路易斯之言”","2015年9月25日，李敖在“哈囉李敖”微博发表“乔·路易斯之言”：1946.6.19美国重量级拳王乔·路易斯（Joe Louis）奚落对手比利寇恩（Billy Conn），声言寇恩这小子不堪一击：“他有路可逃，却无地可避。”（He can run. But he can't hide.）70年后，美国面临了新挑战：美国以人权为名，窝藏了多少贪污份子，现在轮到中国的质疑了。想到乔·路易斯，让他们无地可避吧。","李敖","","虽千万人，李敖往矣、哈囉李敖、微博、140字、乔·路易斯之言","写作线、媒体线、晚年线","虽千万人，李敖往矣、哈囉李敖","","虽千万人，李敖往矣","039.2015年9月","147","《大李敖全集5.0》（wjm_tcy版）分章节/005.诗集语录类/005.虽千万人，李敖往矣/039.2015年9月.txt","","[]","data/timeline-events-sui-qianwan-li-ao-wangyi.json","sui-qianwan-2015-09-25-daily-weibo","{""id"":""sui-qianwan-2015-09-25-daily-weibo"",""date"":""2015-09-25"",""displayDate"":""2015年9月25日星期五"",""datePrecision"":""day"",""title"":""李敖在微博发表“乔·路易斯之言”"",""summary"":""2015年9月25日，李敖在“哈囉李敖”微博发表“乔·路易斯之言”：1946.6.19美国重量级拳王乔·路易斯（Joe Louis）奚落对手比利寇恩（Billy Conn），声言寇恩这小子不堪一击：“他有路可逃，却无地可避。”（He can run. But he can't hide.）70年后，美国面临了新挑战：美国以人权为名，窝藏了多少贪污份子，现在轮到中国的质疑了。想到乔·路易斯，让他们无地可避吧。"",""view"":[""写作线"",""媒体线"",""晚年线""],""tags"":[""虽千万人，李敖往矣"",""哈囉李敖"",""微博"",""140字"",""乔·路易斯之言""],""people"":[""李敖""],""places"":[],""works"":[""虽千万人，李敖往矣"",""哈囉李敖""],""certainty"":""confirmed"",""source"":{""book"":""虽千万人，李敖往矣"",""chapter"":""039.2015年9月"",""path"":""《大李敖全集5.0》（wjm_tcy版）分章节/005.诗集语录类/005.虽千万人，李敖往矣/039.2015年9月.txt"",""line"":147,""lines"":[147,149,151]},""crossReferences"":[],""round"":""2026-07-11-sui-qianwan-li-ao-wangyi-daily-completion"",""dataFile"":""data/timeline-events-sui-qianwan-li-ao-wangyi.json""}"
"29006","2015","2015-09-26","2015年9月26日星期六","day","confirmed","李敖在微博发表“我的偏好”","2015年9月26日，李敖在“哈囉李敖”微博发表“我的偏好”：我是怪人，有偏见也有偏好。我的偏见，每件都有证据做底子，俗人不喜欢，但无力反驳；至于偏好，俗人有所不知，我透露几个：1.我不喜欢钟表，喜欢看沙漏计时；2.我不喜欢朝阳，喜欢日暮；3.我不喜欢洗澡时用手开龙头，喜欢用脚；4.我不喜欢手淫用手；5.除了瘦的女学生，我不喜欢任何瘦。","李敖","","虽千万人，李敖往矣、哈囉李敖、微博、140字、我的偏好","写作线、媒体线、晚年线","虽千万人，李敖往矣、哈囉李敖","","虽千万人，李敖往矣","039.2015年9月","153","《大李敖全集5.0》（wjm_tcy版）分章节/005.诗集语录类/005.虽千万人，李敖往矣/039.2015年9月.txt","","[]","data/timeline-events-sui-qianwan-li-ao-wangyi.json","sui-qianwan-2015-09-26-daily-weibo","{""id"":""sui-qianwan-2015-09-26-daily-weibo"",""date"":""2015-09-26"",""displayDate"":""2015年9月26日星期六"",""datePrecision"":""day"",""title"":""李敖在微博发表“我的偏好”"",""summary"":""2015年9月26日，李敖在“哈囉李敖”微博发表“我的偏好”：我是怪人，有偏见也有偏好。我的偏见，每件都有证据做底子，俗人不喜欢，但无力反驳；至于偏好，俗人有所不知，我透露几个：1.我不喜欢钟表，喜欢看沙漏计时；2.我不喜欢朝阳，喜欢日暮；3.我不喜欢洗澡时用手开龙头，喜欢用脚；4.我不喜欢手淫用手；5.除了瘦的女学生，我不喜欢任何瘦。"",""view"":[""写作线"",""媒体线"",""晚年线""],""tags"":[""虽千万人，李敖往矣"",""哈囉李敖"",""微博"",""140字"",""我的偏好""],""people"":[""李敖""],""places"":[],""works"":[""虽千万人，李敖往矣"",""哈囉李敖""],""certainty"":""confirmed"",""source"":{""book"":""虽千万人，李敖往矣"",""chapter"":""039.2015年9月"",""path"":""《大李敖全集5.0》（wjm_tcy版）分章节/005.诗集语录类/005.虽千万人，李敖往矣/039.2015年9月.txt"",""line"":153,""lines"":[153,155,157]},""crossReferences"":[],""round"":""2026-07-11-sui-qianwan-li-ao-wangyi-daily-completion"",""dataFile"":""data/timeline-events-sui-qianwan-li-ao-wangyi.json""}"
"29007","2015","2015-09-27","2015年9月27日星期日","day","confirmed","李敖记录一生卖掉三个书房，第四个书房已是最后死穴","《2015年9月》“共产吧”写，2015年9月27日，李敖说自己一生卖掉三个书房，像南极探险家回程中不得不逐一杀狗以免同殉；现在的第四个书房该是最后的“死穴”，人书俱老，房子也老。","李敖","台湾","书房、卖书房、晚年住所、藏书","书房线、晚年线、日常线","虽千万人，李敖往矣","","虽千万人，李敖往矣","039.2015年9月","163","《大李敖全集5.0》（wjm_tcy版）分章节/005.诗集语录类/005.虽千万人，李敖往矣/039.2015年9月.txt","","[]","data/timeline-events-sui-qianwan-li-ao-wangyi.json","sui-qianwan-2015-09-27-records-fourth-study-as-final-dead-point","{""id"":""sui-qianwan-2015-09-27-records-fourth-study-as-final-dead-point"",""date"":""2015-09-27"",""displayDate"":""2015年9月27日星期日"",""datePrecision"":""day"",""title"":""李敖记录一生卖掉三个书房，第四个书房已是最后死穴"",""summary"":""《2015年9月》“共产吧”写，2015年9月27日，李敖说自己一生卖掉三个书房，像南极探险家回程中不得不逐一杀狗以免同殉；现在的第四个书房该是最后的“死穴”，人书俱老，房子也老。"",""view"":[""书房线"",""晚年线"",""日常线""],""tags"":[""书房"",""卖书房"",""晚年住所"",""藏书""],""people"":[""李敖""],""places"":[""台湾""],""works"":[""虽千万人，李敖往矣""],""certainty"":""confirmed"",""source"":{""book"":""虽千万人，李敖往矣"",""chapter"":""039.2015年9月"",""path"":""《大李敖全集5.0》（wjm_tcy版）分章节/005.诗集语录类/005.虽千万人，李敖往矣/039.2015年9月.txt"",""line"":163},""dataFile"":""data/timeline-events-sui-qianwan-li-ao-wangyi.json""}"
"29008","2015","2015-09-28","2015年9月28日星期一","day","confirmed","李敖在微博发表“年轻漂亮的女人”","2015年9月28日，李敖在“哈囉李敖”微博发表“年轻漂亮的女人”：男人看女人，着眼多从色相；女人看男人，着眼就宽得多，会多方面观察男人，这是女人聪明的地方。如果我是年轻漂亮的女人，我一生一定要跟有优美谈吐又有点宽大肚子的富有中老年男人上床。这种男人比年轻早泄的明星男、歌星男、模特男都性感，并且大脑就在大龟头上。上帝啊，不要救我！","李敖","","虽千万人，李敖往矣、哈囉李敖、微博、140字、年轻漂亮的女人","写作线、媒体线、晚年线","虽千万人，李敖往矣、哈囉李敖","","虽千万人，李敖往矣","039.2015年9月","165","《大李敖全集5.0》（wjm_tcy版）分章节/005.诗集语录类/005.虽千万人，李敖往矣/039.2015年9月.txt","","[]","data/timeline-events-sui-qianwan-li-ao-wangyi.json","sui-qianwan-2015-09-28-daily-weibo","{""id"":""sui-qianwan-2015-09-28-daily-weibo"",""date"":""2015-09-28"",""displayDate"":""2015年9月28日星期一"",""datePrecision"":""day"",""title"":""李敖在微博发表“年轻漂亮的女人”"",""summary"":""2015年9月28日，李敖在“哈囉李敖”微博发表“年轻漂亮的女人”：男人看女人，着眼多从色相；女人看男人，着眼就宽得多，会多方面观察男人，这是女人聪明的地方。如果我是年轻漂亮的女人，我一生一定要跟有优美谈吐又有点宽大肚子的富有中老年男人上床。这种男人比年轻早泄的明星男、歌星男、模特男都性感，并且大脑就在大龟头上。上帝啊，不要救我！"",""view"":[""写作线"",""媒体线"",""晚年线""],""tags"":[""虽千万人，李敖往矣"",""哈囉李敖"",""微博"",""140字"",""年轻漂亮的女人""],""people"":[""李敖""],""places"":[],""works"":[""虽千万人，李敖往矣"",""哈囉李敖""],""certainty"":""confirmed"",""source"":{""book"":""虽千万人，李敖往矣"",""chapter"":""039.2015年9月"",""path"":""《大李敖全集5.0》（wjm_tcy版）分章节/005.诗集语录类/005.虽千万人，李敖往矣/039.2015年9月.txt"",""line"":165,""lines"":[165,167,169]},""crossReferences"":[],""round"":""2026-07-11-sui-qianwan-li-ao-wangyi-daily-completion"",""dataFile"":""data/timeline-events-sui-qianwan-li-ao-wangyi.json""}"
"29009","2015","2015-09-29","2015年9月29日星期二","day","confirmed","李敖在微博发表“阿里的前夜”","2015年9月29日，李敖在“哈囉李敖”微博发表“阿里的前夜”：1942年生的阿里（Muhammad Ali），38岁打完他世界拳王最后一仗，被新一代的对手“技术击倒”（TKO）了。他已老去，但他要用战败画下句点，而非惧战。35年后，同一个1942年生的宋楚瑜闪了出来，73岁了，并没老去，“闻鼓鼙而思良将”，令人鼓舞。但新一代的对手击倒了技术，战场空闻鼓鼙。","李敖","","虽千万人，李敖往矣、哈囉李敖、微博、140字、阿里的前夜","写作线、媒体线、晚年线","虽千万人，李敖往矣、哈囉李敖","","虽千万人，李敖往矣","039.2015年9月","171","《大李敖全集5.0》（wjm_tcy版）分章节/005.诗集语录类/005.虽千万人，李敖往矣/039.2015年9月.txt","","[]","data/timeline-events-sui-qianwan-li-ao-wangyi.json","sui-qianwan-2015-09-29-daily-weibo","{""id"":""sui-qianwan-2015-09-29-daily-weibo"",""date"":""2015-09-29"",""displayDate"":""2015年9月29日星期二"",""datePrecision"":""day"",""title"":""李敖在微博发表“阿里的前夜”"",""summary"":""2015年9月29日，李敖在“哈囉李敖”微博发表“阿里的前夜”：1942年生的阿里（Muhammad Ali），38岁打完他世界拳王最后一仗，被新一代的对手“技术击倒”（TKO）了。他已老去，但他要用战败画下句点，而非惧战。35年后，同一个1942年生的宋楚瑜闪了出来，73岁了，并没老去，“闻鼓鼙而思良将”，令人鼓舞。但新一代的对手击倒了技术，战场空闻鼓鼙。"",""view"":[""写作线"",""媒体线"",""晚年线""],""tags"":[""虽千万人，李敖往矣"",""哈囉李敖"",""微博"",""140字"",""阿里的前夜""],""people"":[""李敖""],""places"":[],""works"":[""虽千万人，李敖往矣"",""哈囉李敖""],""certainty"":""confirmed"",""source"":{""book"":""虽千万人，李敖往矣"",""chapter"":""039.2015年9月"",""path"":""《大李敖全集5.0》（wjm_tcy版）分章节/005.诗集语录类/005.虽千万人，李敖往矣/039.2015年9月.txt"",""line"":171,""lines"":[171,173,175]},""crossReferences"":[],""round"":""2026-07-11-sui-qianwan-li-ao-wangyi-daily-completion"",""dataFile"":""data/timeline-events-sui-qianwan-li-ao-wangyi.json""}"
"29010","2015","2015-09-30","2015年9月30日星期三","day","confirmed","李敖在微博发表“湛蓝”","2015年9月30日，李敖在“哈囉李敖”微博发表“湛蓝”：自杀于浴缸中的美国女诗人，49岁，1933年。她有一首诗，酷似网络的预言，诗题就叫“网”（THE NET），描写她拢起双手、捧起海水。虽捧住了弱水三千，却失落了一片湛蓝。（Only to find it lost the blue / Dark splendor of the sea.）每天每时每刻，多少青春误落网中，面有得色，却丧尽湛蓝。","李敖","","虽千万人，李敖往矣、哈囉李敖、微博、140字、湛蓝","写作线、媒体线、晚年线","虽千万人，李敖往矣、哈囉李敖","","虽千万人，李敖往矣","039.2015年9月","177","《大李敖全集5.0》（wjm_tcy版）分章节/005.诗集语录类/005.虽千万人，李敖往矣/039.2015年9月.txt","","[]","data/timeline-events-sui-qianwan-li-ao-wangyi.json","sui-qianwan-2015-09-30-daily-weibo","{""id"":""sui-qianwan-2015-09-30-daily-weibo"",""date"":""2015-09-30"",""displayDate"":""2015年9月30日星期三"",""datePrecision"":""day"",""title"":""李敖在微博发表“湛蓝”"",""summary"":""2015年9月30日，李敖在“哈囉李敖”微博发表“湛蓝”：自杀于浴缸中的美国女诗人，49岁，1933年。她有一首诗，酷似网络的预言，诗题就叫“网”（THE NET），描写她拢起双手、捧起海水。虽捧住了弱水三千，却失落了一片湛蓝。（Only to find it lost the blue / Dark splendor of the sea.）每天每时每刻，多少青春误落网中，面有得色，却丧尽湛蓝。"",""view"":[""写作线"",""媒体线"",""晚年线""],""tags"":[""虽千万人，李敖往矣"",""哈囉李敖"",""微博"",""140字"",""湛蓝""],""people"":[""李敖""],""places"":[],""works"":[""虽千万人，李敖往矣"",""哈囉李敖""],""certainty"":""confirmed"",""source"":{""book"":""虽千万人，李敖往矣"",""chapter"":""039.2015年9月"",""path"":""《大李敖全集5.0》（wjm_tcy版）分章节/005.诗集语录类/005.虽千万人，李敖往矣/039.2015年9月.txt"",""line"":177,""lines"":[177,179,181]},""crossReferences"":[],""round"":""2026-07-11-sui-qianwan-li-ao-wangyi-daily-completion"",""dataFile"":""data/timeline-events-sui-qianwan-li-ao-wangyi.json""}"
"29011","2015","2015-10-01","2015年10月1日星期四","day","confirmed","李敖在微博发表“《中国好声音》以外”","2015年10月1日，李敖在“哈囉李敖”微博发表“《中国好声音》以外”：《中国好声音》响彻云霄，从大同小异的即时催情比赛中，中国人目击了也耳闻了催情歌声，台上台下声泪俱下。台湾这边也不遑多让，一位歌星做巡回演唱，以中国方言做哀怨调，也声泪俱下，每场连哭7-8次，台上台下也哭成一团。响彻云霄是好的，但是催情太多太快，其为情也，未免太滥了！","李敖","","虽千万人，李敖往矣、哈囉李敖、微博、140字、《中国好声音》以外","写作线、媒体线、晚年线","虽千万人，李敖往矣、哈囉李敖","","虽千万人，李敖往矣","040.2015年10月","3","《大李敖全集5.0》（wjm_tcy版）分章节/005.诗集语录类/005.虽千万人，李敖往矣/040.2015年10月.txt","","[]","data/timeline-events-sui-qianwan-li-ao-wangyi.json","sui-qianwan-2015-10-01-daily-weibo","{""id"":""sui-qianwan-2015-10-01-daily-weibo"",""date"":""2015-10-01"",""displayDate"":""2015年10月1日星期四"",""datePrecision"":""day"",""title"":""李敖在微博发表“《中国好声音》以外”"",""summary"":""2015年10月1日，李敖在“哈囉李敖”微博发表“《中国好声音》以外”：《中国好声音》响彻云霄，从大同小异的即时催情比赛中，中国人目击了也耳闻了催情歌声，台上台下声泪俱下。台湾这边也不遑多让，一位歌星做巡回演唱，以中国方言做哀怨调，也声泪俱下，每场连哭7-8次，台上台下也哭成一团。响彻云霄是好的，但是催情太多太快，其为情也，未免太滥了！"",""view"":[""写作线"",""媒体线"",""晚年线""],""tags"":[""虽千万人，李敖往矣"",""哈囉李敖"",""微博"",""140字"",""《中国好声音》以外""],""people"":[""李敖""],""places"":[],""works"":[""虽千万人，李敖往矣"",""哈囉李敖""],""certainty"":""confirmed"",""source"":{""book"":""虽千万人，李敖往矣"",""chapter"":""040.2015年10月"",""path"":""《大李敖全集5.0》（wjm_tcy版）分章节/005.诗集语录类/005.虽千万人，李敖往矣/040.2015年10月.txt"",""line"":3,""lines"":[3,5,7]},""crossReferences"":[],""round"":""2026-07-11-sui-qianwan-li-ao-wangyi-daily-completion"",""dataFile"":""data/timeline-events-sui-qianwan-li-ao-wangyi.json""}"
"29012","2015","2015-10-02","2015年10月2日星期五","day","confirmed","李敖在微博发表“大明星王羽”","2015年10月2日，李敖在“哈囉李敖”微博发表“大明星王羽”：大明星王羽有一癖好：爱在情人身上问问题。他逼问：“我的鸡巴大不大？”直到情人哀呼“大大大！”他才罢休。使情人“大从口出”，此王羽也！共产党当然比王羽还王羽，听到的“大大大！”当然更传神。共产党会逼问：“高不高兴？满不满意？答不答应？”人民会哀呼：“大大大！大强奸呀！”","李敖","","虽千万人，李敖往矣、哈囉李敖、微博、140字、大明星王羽","写作线、媒体线、晚年线","虽千万人，李敖往矣、哈囉李敖","","虽千万人，李敖往矣","040.2015年10月","9","《大李敖全集5.0》（wjm_tcy版）分章节/005.诗集语录类/005.虽千万人，李敖往矣/040.2015年10月.txt","","[]","data/timeline-events-sui-qianwan-li-ao-wangyi.json","sui-qianwan-2015-10-02-daily-weibo","{""id"":""sui-qianwan-2015-10-02-daily-weibo"",""date"":""2015-10-02"",""displayDate"":""2015年10月2日星期五"",""datePrecision"":""day"",""title"":""李敖在微博发表“大明星王羽”"",""summary"":""2015年10月2日，李敖在“哈囉李敖”微博发表“大明星王羽”：大明星王羽有一癖好：爱在情人身上问问题。他逼问：“我的鸡巴大不大？”直到情人哀呼“大大大！”他才罢休。使情人“大从口出”，此王羽也！共产党当然比王羽还王羽，听到的“大大大！”当然更传神。共产党会逼问：“高不高兴？满不满意？答不答应？”人民会哀呼：“大大大！大强奸呀！”"",""view"":[""写作线"",""媒体线"",""晚年线""],""tags"":[""虽千万人，李敖往矣"",""哈囉李敖"",""微博"",""140字"",""大明星王羽""],""people"":[""李敖""],""places"":[],""works"":[""虽千万人，李敖往矣"",""哈囉李敖""],""certainty"":""confirmed"",""source"":{""book"":""虽千万人，李敖往矣"",""chapter"":""040.2015年10月"",""path"":""《大李敖全集5.0》（wjm_tcy版）分章节/005.诗集语录类/005.虽千万人，李敖往矣/040.2015年10月.txt"",""line"":9,""lines"":[9,11,13]},""crossReferences"":[],""round"":""2026-07-11-sui-qianwan-li-ao-wangyi-daily-completion"",""dataFile"":""data/timeline-events-sui-qianwan-li-ao-wangyi.json""}"
"29013","2015","2015-10-03","2015年10月3日星期六","day","confirmed","李敖在微博发表“多么美丽的死”","2015年10月3日，李敖在“哈囉李敖”微博发表“多么美丽的死”：那年小蕾收到礼物，一只胖胖的博美犬，叫嘟嘟。小蕾上学时，嘟嘟在家缠着鲁妈妈，跟进跟出，形影不离。一天夜里，嘟嘟弹跳起来，满地打滚。它挖出墙角的老鼠药误食了。鲁妈妈抱着嘟嘟，冲进出租车找兽医。半路上，嘟嘟伸出小舌头，舔向鲁妈妈的脸，就走了。人的生离叫号咷，狗的死别叫美丽 。","李敖","","虽千万人，李敖往矣、哈囉李敖、微博、140字、多么美丽的死","写作线、媒体线、晚年线","虽千万人，李敖往矣、哈囉李敖","","虽千万人，李敖往矣","040.2015年10月","15","《大李敖全集5.0》（wjm_tcy版）分章节/005.诗集语录类/005.虽千万人，李敖往矣/040.2015年10月.txt","","[]","data/timeline-events-sui-qianwan-li-ao-wangyi.json","sui-qianwan-2015-10-03-daily-weibo","{""id"":""sui-qianwan-2015-10-03-daily-weibo"",""date"":""2015-10-03"",""displayDate"":""2015年10月3日星期六"",""datePrecision"":""day"",""title"":""李敖在微博发表“多么美丽的死”"",""summary"":""2015年10月3日，李敖在“哈囉李敖”微博发表“多么美丽的死”：那年小蕾收到礼物，一只胖胖的博美犬，叫嘟嘟。小蕾上学时，嘟嘟在家缠着鲁妈妈，跟进跟出，形影不离。一天夜里，嘟嘟弹跳起来，满地打滚。它挖出墙角的老鼠药误食了。鲁妈妈抱着嘟嘟，冲进出租车找兽医。半路上，嘟嘟伸出小舌头，舔向鲁妈妈的脸，就走了。人的生离叫号咷，狗的死别叫美丽 。"",""view"":[""写作线"",""媒体线"",""晚年线""],""tags"":[""虽千万人，李敖往矣"",""哈囉李敖"",""微博"",""140字"",""多么美丽的死""],""people"":[""李敖""],""places"":[],""works"":[""虽千万人，李敖往矣"",""哈囉李敖""],""certainty"":""confirmed"",""source"":{""book"":""虽千万人，李敖往矣"",""chapter"":""040.2015年10月"",""path"":""《大李敖全集5.0》（wjm_tcy版）分章节/005.诗集语录类/005.虽千万人，李敖往矣/040.2015年10月.txt"",""line"":15,""lines"":[15,17,19]},""crossReferences"":[],""round"":""2026-07-11-sui-qianwan-li-ao-wangyi-daily-completion"",""dataFile"":""data/timeline-events-sui-qianwan-li-ao-wangyi.json""}"
"29014","2015","2015-10-04","2015年10月4日星期日","day","confirmed","李敖在微博发表“发思古之幽情”","2015年10月4日，李敖在“哈囉李敖”微博发表“发思古之幽情”：古典中文里有一些颇有味道的词汇，被现代人忘记了。李大师行文之便，有时候神来一笔，将这些词汇翻个身，也算发思古之幽情。文章中我讽刺李登辉“匪夷所思”，同时做出平头修辞法，顺手拈出共产党“匪朝伊夕”， 以匪匪相对。“匪朝伊夕”是不止一天的意思。就让现代中国人古典一次吧。","李敖","","虽千万人，李敖往矣、哈囉李敖、微博、140字、发思古之幽情","写作线、媒体线、晚年线","虽千万人，李敖往矣、哈囉李敖","","虽千万人，李敖往矣","040.2015年10月","21","《大李敖全集5.0》（wjm_tcy版）分章节/005.诗集语录类/005.虽千万人，李敖往矣/040.2015年10月.txt","","[]","data/timeline-events-sui-qianwan-li-ao-wangyi.json","sui-qianwan-2015-10-04-daily-weibo","{""id"":""sui-qianwan-2015-10-04-daily-weibo"",""date"":""2015-10-04"",""displayDate"":""2015年10月4日星期日"",""datePrecision"":""day"",""title"":""李敖在微博发表“发思古之幽情”"",""summary"":""2015年10月4日，李敖在“哈囉李敖”微博发表“发思古之幽情”：古典中文里有一些颇有味道的词汇，被现代人忘记了。李大师行文之便，有时候神来一笔，将这些词汇翻个身，也算发思古之幽情。文章中我讽刺李登辉“匪夷所思”，同时做出平头修辞法，顺手拈出共产党“匪朝伊夕”， 以匪匪相对。“匪朝伊夕”是不止一天的意思。就让现代中国人古典一次吧。"",""view"":[""写作线"",""媒体线"",""晚年线""],""tags"":[""虽千万人，李敖往矣"",""哈囉李敖"",""微博"",""140字"",""发思古之幽情""],""people"":[""李敖""],""places"":[],""works"":[""虽千万人，李敖往矣"",""哈囉李敖""],""certainty"":""confirmed"",""source"":{""book"":""虽千万人，李敖往矣"",""chapter"":""040.2015年10月"",""path"":""《大李敖全集5.0》（wjm_tcy版）分章节/005.诗集语录类/005.虽千万人，李敖往矣/040.2015年10月.txt"",""line"":21,""lines"":[21,23,25]},""crossReferences"":[],""round"":""2026-07-11-sui-qianwan-li-ao-wangyi-daily-completion"",""dataFile"":""data/timeline-events-sui-qianwan-li-ao-wangyi.json""}"
"29015","2015","2015-10-05","2015年10月5日星期一","day","confirmed","李敖发微博被拦截并收到《微博社区管理规定》通知","《2015年10月》“全毁与抽毁”写，2015年10月5日，李敖回述前天、昨天发了两篇，其中第一篇被拦截后，收到“违反《微博社区管理规定（试行）》或相关法规政策，无法进行指定操作”的通知。他借此比较清朝禁书的全毁与抽毁。","李敖","大陆网络平台","微博、微博社区管理规定、审查、拦截","网络线、审查线、写作线","虽千万人，李敖往矣、哈囉李敖","","虽千万人，李敖往矣","040.2015年10月","31","《大李敖全集5.0》（wjm_tcy版）分章节/005.诗集语录类/005.虽千万人，李敖往矣/040.2015年10月.txt","","[]","data/timeline-events-sui-qianwan-li-ao-wangyi.json","sui-qianwan-2015-10-05-receives-weibo-community-rules-notice-after-post-blocked","{""id"":""sui-qianwan-2015-10-05-receives-weibo-community-rules-notice-after-post-blocked"",""date"":""2015-10-05"",""displayDate"":""2015年10月5日星期一"",""datePrecision"":""day"",""title"":""李敖发微博被拦截并收到《微博社区管理规定》通知"",""summary"":""《2015年10月》“全毁与抽毁”写，2015年10月5日，李敖回述前天、昨天发了两篇，其中第一篇被拦截后，收到“违反《微博社区管理规定（试行）》或相关法规政策，无法进行指定操作”的通知。他借此比较清朝禁书的全毁与抽毁。"",""view"":[""网络线"",""审查线"",""写作线""],""tags"":[""微博"",""微博社区管理规定"",""审查"",""拦截""],""people"":[""李敖""],""places"":[""大陆网络平台""],""works"":[""虽千万人，李敖往矣"",""哈囉李敖""],""certainty"":""confirmed"",""source"":{""book"":""虽千万人，李敖往矣"",""chapter"":""040.2015年10月"",""path"":""《大李敖全集5.0》（wjm_tcy版）分章节/005.诗集语录类/005.虽千万人，李敖往矣/040.2015年10月.txt"",""line"":31},""dataFile"":""data/timeline-events-sui-qianwan-li-ao-wangyi.json""}"
"29016","2015","2015-10-06","2015年10月6日星期二","day","confirmed","医生劝李敖停止过午不食，李敖傍晚到北方馆吃粥与馅饼","《2015年10月》“盗亦有道”写，2015年10月6日，医生劝李敖不要再“过午不食”，傍晚要吃一点东西。当晚他到北方馆点粥、猪头肉和馅饼，又被一位老太太拍肩问是否记得其亡夫徐忠，李敖随即回忆40年前徐忠卷款旧事。","李敖、徐忠","北方馆、台湾","过午不食、北方馆、医生、徐忠","健康线、日常线、交游线","虽千万人，李敖往矣","","虽千万人，李敖往矣","040.2015年10月","37","《大李敖全集5.0》（wjm_tcy版）分章节/005.诗集语录类/005.虽千万人，李敖往矣/040.2015年10月.txt","","[]","data/timeline-events-sui-qianwan-li-ao-wangyi.json","sui-qianwan-2015-10-06-doctor-stops-noon-fasting-and-beifangguan-dinner","{""id"":""sui-qianwan-2015-10-06-doctor-stops-noon-fasting-and-beifangguan-dinner"",""date"":""2015-10-06"",""displayDate"":""2015年10月6日星期二"",""datePrecision"":""day"",""title"":""医生劝李敖停止过午不食，李敖傍晚到北方馆吃粥与馅饼"",""summary"":""《2015年10月》“盗亦有道”写，2015年10月6日，医生劝李敖不要再“过午不食”，傍晚要吃一点东西。当晚他到北方馆点粥、猪头肉和馅饼，又被一位老太太拍肩问是否记得其亡夫徐忠，李敖随即回忆40年前徐忠卷款旧事。"",""view"":[""健康线"",""日常线"",""交游线""],""tags"":[""过午不食"",""北方馆"",""医生"",""徐忠""],""people"":[""李敖"",""徐忠""],""places"":[""北方馆"",""台湾""],""works"":[""虽千万人，李敖往矣""],""certainty"":""confirmed"",""source"":{""book"":""虽千万人，李敖往矣"",""chapter"":""040.2015年10月"",""path"":""《大李敖全集5.0》（wjm_tcy版）分章节/005.诗集语录类/005.虽千万人，李敖往矣/040.2015年10月.txt"",""line"":37},""dataFile"":""data/timeline-events-sui-qianwan-li-ao-wangyi.json""}"
"29017","2015","2015-10-07","2015年10月7日星期三","day","confirmed","李敖在微博发表“过眼”","2015年10月7日，李敖在“哈囉李敖”微博发表“过眼”：很少人知道我是极优异的古物鉴定家，尤其在古书画上。我名列《中国书法史》等学术著作中，被专家们另眼相看。我有一方印石，刻了“李敖过眼”，这是我的哲学情怀。用“过眼烟云”看艺术品，一如用“过眼烟云”看美丽女人，虽没有“过眼”以外的因缘，但我欣然止于欣喜，不使自己若有所失。","李敖","","虽千万人，李敖往矣、哈囉李敖、微博、140字、过眼","写作线、媒体线、晚年线","虽千万人，李敖往矣、哈囉李敖","","虽千万人，李敖往矣","040.2015年10月","39","《大李敖全集5.0》（wjm_tcy版）分章节/005.诗集语录类/005.虽千万人，李敖往矣/040.2015年10月.txt","","[]","data/timeline-events-sui-qianwan-li-ao-wangyi.json","sui-qianwan-2015-10-07-daily-weibo","{""id"":""sui-qianwan-2015-10-07-daily-weibo"",""date"":""2015-10-07"",""displayDate"":""2015年10月7日星期三"",""datePrecision"":""day"",""title"":""李敖在微博发表“过眼”"",""summary"":""2015年10月7日，李敖在“哈囉李敖”微博发表“过眼”：很少人知道我是极优异的古物鉴定家，尤其在古书画上。我名列《中国书法史》等学术著作中，被专家们另眼相看。我有一方印石，刻了“李敖过眼”，这是我的哲学情怀。用“过眼烟云”看艺术品，一如用“过眼烟云”看美丽女人，虽没有“过眼”以外的因缘，但我欣然止于欣喜，不使自己若有所失。"",""view"":[""写作线"",""媒体线"",""晚年线""],""tags"":[""虽千万人，李敖往矣"",""哈囉李敖"",""微博"",""140字"",""过眼""],""people"":[""李敖""],""places"":[],""works"":[""虽千万人，李敖往矣"",""哈囉李敖""],""certainty"":""confirmed"",""source"":{""book"":""虽千万人，李敖往矣"",""chapter"":""040.2015年10月"",""path"":""《大李敖全集5.0》（wjm_tcy版）分章节/005.诗集语录类/005.虽千万人，李敖往矣/040.2015年10月.txt"",""line"":39,""lines"":[39,41,43]},""crossReferences"":[],""round"":""2026-07-11-sui-qianwan-li-ao-wangyi-daily-completion"",""dataFile"":""data/timeline-events-sui-qianwan-li-ao-wangyi.json""}"
"29018","2015","2015-10-08","2015年10月8日星期四","day","confirmed","李敖在微博发表“最后的洒脱”","2015年10月8日，李敖在“哈囉李敖”微博发表“最后的洒脱”：偷偷笑我有一点颇像共产党：我喜欢折腾死人。共产党喜欢借古讽今，我连古都借了不还。以王羲之为例，他是古今第一洒脱人，在《兰亭集序》里已有“欣于所遇”“快然自足”的高度，但是，为什么事后却愁眉不展起来“感慨系之矣”了呢？他不该“情随事迁”的 。洒脱是不以今世否认前生的。","李敖","","虽千万人，李敖往矣、哈囉李敖、微博、140字、最后的洒脱","写作线、媒体线、晚年线","虽千万人，李敖往矣、哈囉李敖","","虽千万人，李敖往矣","040.2015年10月","45","《大李敖全集5.0》（wjm_tcy版）分章节/005.诗集语录类/005.虽千万人，李敖往矣/040.2015年10月.txt","","[]","data/timeline-events-sui-qianwan-li-ao-wangyi.json","sui-qianwan-2015-10-08-daily-weibo","{""id"":""sui-qianwan-2015-10-08-daily-weibo"",""date"":""2015-10-08"",""displayDate"":""2015年10月8日星期四"",""datePrecision"":""day"",""title"":""李敖在微博发表“最后的洒脱”"",""summary"":""2015年10月8日，李敖在“哈囉李敖”微博发表“最后的洒脱”：偷偷笑我有一点颇像共产党：我喜欢折腾死人。共产党喜欢借古讽今，我连古都借了不还。以王羲之为例，他是古今第一洒脱人，在《兰亭集序》里已有“欣于所遇”“快然自足”的高度，但是，为什么事后却愁眉不展起来“感慨系之矣”了呢？他不该“情随事迁”的 。洒脱是不以今世否认前生的。"",""view"":[""写作线"",""媒体线"",""晚年线""],""tags"":[""虽千万人，李敖往矣"",""哈囉李敖"",""微博"",""140字"",""最后的洒脱""],""people"":[""李敖""],""places"":[],""works"":[""虽千万人，李敖往矣"",""哈囉李敖""],""certainty"":""confirmed"",""source"":{""book"":""虽千万人，李敖往矣"",""chapter"":""040.2015年10月"",""path"":""《大李敖全集5.0》（wjm_tcy版）分章节/005.诗集语录类/005.虽千万人，李敖往矣/040.2015年10月.txt"",""line"":45,""lines"":[45,47,49]},""crossReferences"":[],""round"":""2026-07-11-sui-qianwan-li-ao-wangyi-daily-completion"",""dataFile"":""data/timeline-events-sui-qianwan-li-ao-wangyi.json""}"
"29019","2015","2015-10-09","2015年10月9日星期五","day","confirmed","李敖在微博发表“汉奸的条件”","2015年10月9日，李敖在“哈囉李敖”微博发表“汉奸的条件”：李香兰自传回忆法官判她并不适用汉奸罪，因为她乃日本人，只是用了中国名字演《支那之夜》等电影而已。同一模式想到李登辉，骂他是汉奸乃错怪了坏人。他身边侍卫长张光锦将军透露：李登辉生父是日本北方人，因此身材高大。蒋经国选接班人，总算没选到汉奸，日本人还没资格做汉奸哪！","李敖","","虽千万人，李敖往矣、哈囉李敖、微博、140字、汉奸的条件","写作线、媒体线、晚年线","虽千万人，李敖往矣、哈囉李敖","","虽千万人，李敖往矣","040.2015年10月","51","《大李敖全集5.0》（wjm_tcy版）分章节/005.诗集语录类/005.虽千万人，李敖往矣/040.2015年10月.txt","","[]","data/timeline-events-sui-qianwan-li-ao-wangyi.json","sui-qianwan-2015-10-09-daily-weibo","{""id"":""sui-qianwan-2015-10-09-daily-weibo"",""date"":""2015-10-09"",""displayDate"":""2015年10月9日星期五"",""datePrecision"":""day"",""title"":""李敖在微博发表“汉奸的条件”"",""summary"":""2015年10月9日，李敖在“哈囉李敖”微博发表“汉奸的条件”：李香兰自传回忆法官判她并不适用汉奸罪，因为她乃日本人，只是用了中国名字演《支那之夜》等电影而已。同一模式想到李登辉，骂他是汉奸乃错怪了坏人。他身边侍卫长张光锦将军透露：李登辉生父是日本北方人，因此身材高大。蒋经国选接班人，总算没选到汉奸，日本人还没资格做汉奸哪！"",""view"":[""写作线"",""媒体线"",""晚年线""],""tags"":[""虽千万人，李敖往矣"",""哈囉李敖"",""微博"",""140字"",""汉奸的条件""],""people"":[""李敖""],""places"":[],""works"":[""虽千万人，李敖往矣"",""哈囉李敖""],""certainty"":""confirmed"",""source"":{""book"":""虽千万人，李敖往矣"",""chapter"":""040.2015年10月"",""path"":""《大李敖全集5.0》（wjm_tcy版）分章节/005.诗集语录类/005.虽千万人，李敖往矣/040.2015年10月.txt"",""line"":51,""lines"":[51,53,55]},""crossReferences"":[],""round"":""2026-07-11-sui-qianwan-li-ao-wangyi-daily-completion"",""dataFile"":""data/timeline-events-sui-qianwan-li-ao-wangyi.json""}"
"29020","2015","2015-10-10","2015年10月10日星期六","day","confirmed","李敖给臧英年戒烟宣传提供一句简明理由","《2015年10月》“戒烟一法”写，2015年10月10日，李敖说朋友臧英年大力提倡戒烟，他对臧英年说戒烟理由要简明有力；臧英年问他的理由，李敖答“老蒋能戒掉，我也能。我比敌人有毅力！”","李敖、臧英年","台湾","臧英年、戒烟、宣传语","交游线、健康线、日常线","虽千万人，李敖往矣","","虽千万人，李敖往矣","040.2015年10月","61","《大李敖全集5.0》（wjm_tcy版）分章节/005.诗集语录类/005.虽千万人，李敖往矣/040.2015年10月.txt","","[]","data/timeline-events-sui-qianwan-li-ao-wangyi.json","sui-qianwan-2015-10-10-gives-zang-yingnian-smoking-cessation-slogan","{""id"":""sui-qianwan-2015-10-10-gives-zang-yingnian-smoking-cessation-slogan"",""date"":""2015-10-10"",""displayDate"":""2015年10月10日星期六"",""datePrecision"":""day"",""title"":""李敖给臧英年戒烟宣传提供一句简明理由"",""summary"":""《2015年10月》“戒烟一法”写，2015年10月10日，李敖说朋友臧英年大力提倡戒烟，他对臧英年说戒烟理由要简明有力；臧英年问他的理由，李敖答“老蒋能戒掉，我也能。我比敌人有毅力！”"",""view"":[""交游线"",""健康线"",""日常线""],""tags"":[""臧英年"",""戒烟"",""宣传语""],""people"":[""李敖"",""臧英年""],""places"":[""台湾""],""works"":[""虽千万人，李敖往矣""],""certainty"":""confirmed"",""source"":{""book"":""虽千万人，李敖往矣"",""chapter"":""040.2015年10月"",""path"":""《大李敖全集5.0》（wjm_tcy版）分章节/005.诗集语录类/005.虽千万人，李敖往矣/040.2015年10月.txt"",""line"":61},""dataFile"":""data/timeline-events-sui-qianwan-li-ao-wangyi.json""}"
"29021","2015","2015-10-11","2015年10月11日星期日","day","confirmed","李敖在微博发表“共产党的“甘棠遗爱””","2015年10月11日，李敖在“哈囉李敖”微博发表“共产党的“甘棠遗爱””：诗经有《甘棠》之诗，称颂德政。共产党应有德政可称，不过拍马屁是中央台的事。我倒看到几件怪政：1.革命新人物却喜欢写旧诗词，并且写得奇烂。2.到处是毛笔字，并且写得奇烂。3.领导人带头吸烟，满口黄牙。4.认为鲁迅烂文章写得好，不知进步。5.认为“台独”是玩真的，太看得起台湾人了！","李敖","","虽千万人，李敖往矣、哈囉李敖、微博、140字、共产党的“甘棠遗爱”","写作线、媒体线、晚年线","虽千万人，李敖往矣、哈囉李敖","","虽千万人，李敖往矣","040.2015年10月","63","《大李敖全集5.0》（wjm_tcy版）分章节/005.诗集语录类/005.虽千万人，李敖往矣/040.2015年10月.txt","","[]","data/timeline-events-sui-qianwan-li-ao-wangyi.json","sui-qianwan-2015-10-11-daily-weibo","{""id"":""sui-qianwan-2015-10-11-daily-weibo"",""date"":""2015-10-11"",""displayDate"":""2015年10月11日星期日"",""datePrecision"":""day"",""title"":""李敖在微博发表“共产党的“甘棠遗爱””"",""summary"":""2015年10月11日，李敖在“哈囉李敖”微博发表“共产党的“甘棠遗爱””：诗经有《甘棠》之诗，称颂德政。共产党应有德政可称，不过拍马屁是中央台的事。我倒看到几件怪政：1.革命新人物却喜欢写旧诗词，并且写得奇烂。2.到处是毛笔字，并且写得奇烂。3.领导人带头吸烟，满口黄牙。4.认为鲁迅烂文章写得好，不知进步。5.认为“台独”是玩真的，太看得起台湾人了！"",""view"":[""写作线"",""媒体线"",""晚年线""],""tags"":[""虽千万人，李敖往矣"",""哈囉李敖"",""微博"",""140字"",""共产党的“甘棠遗爱”""],""people"":[""李敖""],""places"":[],""works"":[""虽千万人，李敖往矣"",""哈囉李敖""],""certainty"":""confirmed"",""source"":{""book"":""虽千万人，李敖往矣"",""chapter"":""040.2015年10月"",""path"":""《大李敖全集5.0》（wjm_tcy版）分章节/005.诗集语录类/005.虽千万人，李敖往矣/040.2015年10月.txt"",""line"":63,""lines"":[63,65,67]},""crossReferences"":[],""round"":""2026-07-11-sui-qianwan-li-ao-wangyi-daily-completion"",""dataFile"":""data/timeline-events-sui-qianwan-li-ao-wangyi.json""}"
"29022","2015","2015-10-12","2015年10月12日星期一","day","confirmed","李敖在微博发表“只会打自己人了”","2015年10月12日，李敖在“哈囉李敖”微博发表“只会打自己人了”：宁波有“抢窠”游戏：庄家蒙眼坐在主坐，让别人藏。然后起来找。过程中如有人不藏了，跳出来抢占主坐，庄家就输了。这游戏很像共产党对付国民党的“你到我家来，我到你家去”战术：你到延安找我，我到南京找你。不过今天美帝软实力排山倒海上北京，共产党打不到华盛顿了，只会打自己人了。","李敖","","虽千万人，李敖往矣、哈囉李敖、微博、140字、只会打自己人了","写作线、媒体线、晚年线","虽千万人，李敖往矣、哈囉李敖","","虽千万人，李敖往矣","040.2015年10月","69","《大李敖全集5.0》（wjm_tcy版）分章节/005.诗集语录类/005.虽千万人，李敖往矣/040.2015年10月.txt","","[]","data/timeline-events-sui-qianwan-li-ao-wangyi.json","sui-qianwan-2015-10-12-daily-weibo","{""id"":""sui-qianwan-2015-10-12-daily-weibo"",""date"":""2015-10-12"",""displayDate"":""2015年10月12日星期一"",""datePrecision"":""day"",""title"":""李敖在微博发表“只会打自己人了”"",""summary"":""2015年10月12日，李敖在“哈囉李敖”微博发表“只会打自己人了”：宁波有“抢窠”游戏：庄家蒙眼坐在主坐，让别人藏。然后起来找。过程中如有人不藏了，跳出来抢占主坐，庄家就输了。这游戏很像共产党对付国民党的“你到我家来，我到你家去”战术：你到延安找我，我到南京找你。不过今天美帝软实力排山倒海上北京，共产党打不到华盛顿了，只会打自己人了。"",""view"":[""写作线"",""媒体线"",""晚年线""],""tags"":[""虽千万人，李敖往矣"",""哈囉李敖"",""微博"",""140字"",""只会打自己人了""],""people"":[""李敖""],""places"":[],""works"":[""虽千万人，李敖往矣"",""哈囉李敖""],""certainty"":""confirmed"",""source"":{""book"":""虽千万人，李敖往矣"",""chapter"":""040.2015年10月"",""path"":""《大李敖全集5.0》（wjm_tcy版）分章节/005.诗集语录类/005.虽千万人，李敖往矣/040.2015年10月.txt"",""line"":69,""lines"":[69,71,73]},""crossReferences"":[],""round"":""2026-07-11-sui-qianwan-li-ao-wangyi-daily-completion"",""dataFile"":""data/timeline-events-sui-qianwan-li-ao-wangyi.json""}"
"29023","2015","2015-10-13","2015年10月13日星期二","day","confirmed","李敖在微博发表“两岸合写抗战史？”","2015年10月13日，李敖在“哈囉李敖”微博发表“两岸合写抗战史？”：时髦的“妖讹子”（馊主意）就是两岸合写抗战史。最没资格写的，就是两岸的两个党，谎话多得自己都记不住、记住的也不好意思承认。李戡新书《国民党员毛泽东》点破老毛是国民党；谢彬旧作《民国政党史》点破老蒋是共产党，两党你为我隐、我为你隐，曲在其中矣！今天还要合写书，真不要脸呀！","李敖","","虽千万人，李敖往矣、哈囉李敖、微博、140字、两岸合写抗战史？","写作线、媒体线、晚年线","虽千万人，李敖往矣、哈囉李敖","","虽千万人，李敖往矣","040.2015年10月","75","《大李敖全集5.0》（wjm_tcy版）分章节/005.诗集语录类/005.虽千万人，李敖往矣/040.2015年10月.txt","","[]","data/timeline-events-sui-qianwan-li-ao-wangyi.json","sui-qianwan-2015-10-13-daily-weibo","{""id"":""sui-qianwan-2015-10-13-daily-weibo"",""date"":""2015-10-13"",""displayDate"":""2015年10月13日星期二"",""datePrecision"":""day"",""title"":""李敖在微博发表“两岸合写抗战史？”"",""summary"":""2015年10月13日，李敖在“哈囉李敖”微博发表“两岸合写抗战史？”：时髦的“妖讹子”（馊主意）就是两岸合写抗战史。最没资格写的，就是两岸的两个党，谎话多得自己都记不住、记住的也不好意思承认。李戡新书《国民党员毛泽东》点破老毛是国民党；谢彬旧作《民国政党史》点破老蒋是共产党，两党你为我隐、我为你隐，曲在其中矣！今天还要合写书，真不要脸呀！"",""view"":[""写作线"",""媒体线"",""晚年线""],""tags"":[""虽千万人，李敖往矣"",""哈囉李敖"",""微博"",""140字"",""两岸合写抗战史？""],""people"":[""李敖""],""places"":[],""works"":[""虽千万人，李敖往矣"",""哈囉李敖""],""certainty"":""confirmed"",""source"":{""book"":""虽千万人，李敖往矣"",""chapter"":""040.2015年10月"",""path"":""《大李敖全集5.0》（wjm_tcy版）分章节/005.诗集语录类/005.虽千万人，李敖往矣/040.2015年10月.txt"",""line"":75,""lines"":[75,77,79]},""crossReferences"":[],""round"":""2026-07-11-sui-qianwan-li-ao-wangyi-daily-completion"",""dataFile"":""data/timeline-events-sui-qianwan-li-ao-wangyi.json""}"
"29024","2015","2015-10-14","2015年10月14日星期三","day","confirmed","李敖在微博发表“抗战史的轴线”","2015年10月14日，李敖在“哈囉李敖”微博发表“抗战史的轴线”：蒋介石领导抗战，屡战屡败，每败必吹新牛屄。813之役，中国总军力70%付之流水，蒋介石却牛屄他改变了日本的作战轴线：从北南向转为东西向。但据重光葵《昭和之动乱》透露，并无此事。今天在国共两党牛屄抗战史外，又加入假洋鬼子学者吹捧蒋介石的转向论，事实是你被打得晕头转向吧？","李敖","","虽千万人，李敖往矣、哈囉李敖、微博、140字、抗战史的轴线","写作线、媒体线、晚年线","虽千万人，李敖往矣、哈囉李敖","","虽千万人，李敖往矣","040.2015年10月","81","《大李敖全集5.0》（wjm_tcy版）分章节/005.诗集语录类/005.虽千万人，李敖往矣/040.2015年10月.txt","","[]","data/timeline-events-sui-qianwan-li-ao-wangyi.json","sui-qianwan-2015-10-14-daily-weibo","{""id"":""sui-qianwan-2015-10-14-daily-weibo"",""date"":""2015-10-14"",""displayDate"":""2015年10月14日星期三"",""datePrecision"":""day"",""title"":""李敖在微博发表“抗战史的轴线”"",""summary"":""2015年10月14日，李敖在“哈囉李敖”微博发表“抗战史的轴线”：蒋介石领导抗战，屡战屡败，每败必吹新牛屄。813之役，中国总军力70%付之流水，蒋介石却牛屄他改变了日本的作战轴线：从北南向转为东西向。但据重光葵《昭和之动乱》透露，并无此事。今天在国共两党牛屄抗战史外，又加入假洋鬼子学者吹捧蒋介石的转向论，事实是你被打得晕头转向吧？"",""view"":[""写作线"",""媒体线"",""晚年线""],""tags"":[""虽千万人，李敖往矣"",""哈囉李敖"",""微博"",""140字"",""抗战史的轴线""],""people"":[""李敖""],""places"":[],""works"":[""虽千万人，李敖往矣"",""哈囉李敖""],""certainty"":""confirmed"",""source"":{""book"":""虽千万人，李敖往矣"",""chapter"":""040.2015年10月"",""path"":""《大李敖全集5.0》（wjm_tcy版）分章节/005.诗集语录类/005.虽千万人，李敖往矣/040.2015年10月.txt"",""line"":81,""lines"":[81,83,85]},""crossReferences"":[],""round"":""2026-07-11-sui-qianwan-li-ao-wangyi-daily-completion"",""dataFile"":""data/timeline-events-sui-qianwan-li-ao-wangyi.json""}"
"29025","2015","2015-10-15","2015年10月15日星期四","day","confirmed","李敖在微博发表“《花花公子》的省思”","2015年10月15日，李敖在“哈囉李敖”微博发表“《花花公子》的省思”：《花花公子》（PLAYBOY）杂志从700万份销路跌到80万份，宣称将改头换面，因为被网络裸照打垮了。这个杂志在拓展言论自由上，厥功甚伟，但是网络赶过了它。当网络挟屁股俱下，夹带言论自由，共产党如何挡得住呢？道高一尺，魔高一丈，屁股高十丈，连行家《花花公子》都认输了，何况你？","李敖","","虽千万人，李敖往矣、哈囉李敖、微博、140字、《花花公子》的省思","写作线、媒体线、晚年线","虽千万人，李敖往矣、哈囉李敖","","虽千万人，李敖往矣","040.2015年10月","87","《大李敖全集5.0》（wjm_tcy版）分章节/005.诗集语录类/005.虽千万人，李敖往矣/040.2015年10月.txt","","[]","data/timeline-events-sui-qianwan-li-ao-wangyi.json","sui-qianwan-2015-10-15-daily-weibo","{""id"":""sui-qianwan-2015-10-15-daily-weibo"",""date"":""2015-10-15"",""displayDate"":""2015年10月15日星期四"",""datePrecision"":""day"",""title"":""李敖在微博发表“《花花公子》的省思”"",""summary"":""2015年10月15日，李敖在“哈囉李敖”微博发表“《花花公子》的省思”：《花花公子》（PLAYBOY）杂志从700万份销路跌到80万份，宣称将改头换面，因为被网络裸照打垮了。这个杂志在拓展言论自由上，厥功甚伟，但是网络赶过了它。当网络挟屁股俱下，夹带言论自由，共产党如何挡得住呢？道高一尺，魔高一丈，屁股高十丈，连行家《花花公子》都认输了，何况你？"",""view"":[""写作线"",""媒体线"",""晚年线""],""tags"":[""虽千万人，李敖往矣"",""哈囉李敖"",""微博"",""140字"",""《花花公子》的省思""],""people"":[""李敖""],""places"":[],""works"":[""虽千万人，李敖往矣"",""哈囉李敖""],""certainty"":""confirmed"",""source"":{""book"":""虽千万人，李敖往矣"",""chapter"":""040.2015年10月"",""path"":""《大李敖全集5.0》（wjm_tcy版）分章节/005.诗集语录类/005.虽千万人，李敖往矣/040.2015年10月.txt"",""line"":87,""lines"":[87,89,91]},""crossReferences"":[],""round"":""2026-07-11-sui-qianwan-li-ao-wangyi-daily-completion"",""dataFile"":""data/timeline-events-sui-qianwan-li-ao-wangyi.json""}"
"29026","2015","2015-10-16","2015年10月16日星期五","day","confirmed","李敖在微博发表“科技与自由”","2015年10月16日，李敖在“哈囉李敖”微博发表“科技与自由”：它有洞即钻、它无孔不入，是色情狂的勃起吗？你想歪了。它是“当代科技下的言论自由”！老派政府只会禁书烧书，但科技翻墙、穿门、入户、上床，你屁股被肏了！传真、快递、串连、信箱、微博、微信、脸书，一波又一波前仆后继，你有多少中宣部呢？用大江东去的你挡大江东流的它，你会赢吗？","李敖","","虽千万人，李敖往矣、哈囉李敖、微博、140字、科技与自由","写作线、媒体线、晚年线","虽千万人，李敖往矣、哈囉李敖","","虽千万人，李敖往矣","040.2015年10月","93","《大李敖全集5.0》（wjm_tcy版）分章节/005.诗集语录类/005.虽千万人，李敖往矣/040.2015年10月.txt","","[]","data/timeline-events-sui-qianwan-li-ao-wangyi.json","sui-qianwan-2015-10-16-daily-weibo","{""id"":""sui-qianwan-2015-10-16-daily-weibo"",""date"":""2015-10-16"",""displayDate"":""2015年10月16日星期五"",""datePrecision"":""day"",""title"":""李敖在微博发表“科技与自由”"",""summary"":""2015年10月16日，李敖在“哈囉李敖”微博发表“科技与自由”：它有洞即钻、它无孔不入，是色情狂的勃起吗？你想歪了。它是“当代科技下的言论自由”！老派政府只会禁书烧书，但科技翻墙、穿门、入户、上床，你屁股被肏了！传真、快递、串连、信箱、微博、微信、脸书，一波又一波前仆后继，你有多少中宣部呢？用大江东去的你挡大江东流的它，你会赢吗？"",""view"":[""写作线"",""媒体线"",""晚年线""],""tags"":[""虽千万人，李敖往矣"",""哈囉李敖"",""微博"",""140字"",""科技与自由""],""people"":[""李敖""],""places"":[],""works"":[""虽千万人，李敖往矣"",""哈囉李敖""],""certainty"":""confirmed"",""source"":{""book"":""虽千万人，李敖往矣"",""chapter"":""040.2015年10月"",""path"":""《大李敖全集5.0》（wjm_tcy版）分章节/005.诗集语录类/005.虽千万人，李敖往矣/040.2015年10月.txt"",""line"":93,""lines"":[93,95,97]},""crossReferences"":[],""round"":""2026-07-11-sui-qianwan-li-ao-wangyi-daily-completion"",""dataFile"":""data/timeline-events-sui-qianwan-li-ao-wangyi.json""}"
"29027","2015","2015-10-17","2015年10月17日星期六","day","confirmed","李敖在书房中提到收藏《The Fred Astaire Dance Book》","《2015年10月》“反面教材”写，2015年10月17日，李敖说自己的书房“卧虎藏龙”，有一本《The Fred Astaire Dance Book》，记录舞王 Fred Astaire 的成就；他又由此谈 Ginger Rogers 的反面教材意义。","李敖、Fred Astaire、Ginger Rogers","台湾","书房、藏书、The Fred Astaire Dance Book、Fred Astaire、Ginger Rogers","书房线、藏书线、日常线","The Fred Astaire Dance Book、虽千万人，李敖往矣","","虽千万人，李敖往矣","040.2015年10月","103","《大李敖全集5.0》（wjm_tcy版）分章节/005.诗集语录类/005.虽千万人，李敖往矣/040.2015年10月.txt","","[]","data/timeline-events-sui-qianwan-li-ao-wangyi.json","sui-qianwan-2015-10-17-notes-fred-astaire-dance-book-in-study","{""id"":""sui-qianwan-2015-10-17-notes-fred-astaire-dance-book-in-study"",""date"":""2015-10-17"",""displayDate"":""2015年10月17日星期六"",""datePrecision"":""day"",""title"":""李敖在书房中提到收藏《The Fred Astaire Dance Book》"",""summary"":""《2015年10月》“反面教材”写，2015年10月17日，李敖说自己的书房“卧虎藏龙”，有一本《The Fred Astaire Dance Book》，记录舞王 Fred Astaire 的成就；他又由此谈 Ginger Rogers 的反面教材意义。"",""view"":[""书房线"",""藏书线"",""日常线""],""tags"":[""书房"",""藏书"",""The Fred Astaire Dance Book"",""Fred Astaire"",""Ginger Rogers""],""people"":[""李敖"",""Fred Astaire"",""Ginger Rogers""],""places"":[""台湾""],""works"":[""The Fred Astaire Dance Book"",""虽千万人，李敖往矣""],""certainty"":""confirmed"",""source"":{""book"":""虽千万人，李敖往矣"",""chapter"":""040.2015年10月"",""path"":""《大李敖全集5.0》（wjm_tcy版）分章节/005.诗集语录类/005.虽千万人，李敖往矣/040.2015年10月.txt"",""line"":103},""dataFile"":""data/timeline-events-sui-qianwan-li-ao-wangyi.json""}"
"29028","2015","2015-10-18","2015年10月18日星期日","day","confirmed","李敖在微博发表“迎头赶上与迎头痛击”","2015年10月18日，李敖在“哈囉李敖”微博发表“迎头赶上与迎头痛击”：外来的玩艺儿，关门不让它钻进来，可不容易。1520年，有5大件钻进英国：火鸡、鲤鱼、小梭子鱼、麻醉药（鸦片）、和啤酒。至于思想，就更麻烦：共产党反对全盘西化，殊不知马克思就是100%的西方玩艺，把共产党给糗死了。可见西化之来，或迎头赶上、或迎头痛击，光嚷嚷反对是不够的。","李敖","","虽千万人，李敖往矣、哈囉李敖、微博、140字、迎头赶上与迎头痛击","写作线、媒体线、晚年线","虽千万人，李敖往矣、哈囉李敖","","虽千万人，李敖往矣","040.2015年10月","105","《大李敖全集5.0》（wjm_tcy版）分章节/005.诗集语录类/005.虽千万人，李敖往矣/040.2015年10月.txt","","[]","data/timeline-events-sui-qianwan-li-ao-wangyi.json","sui-qianwan-2015-10-18-daily-weibo","{""id"":""sui-qianwan-2015-10-18-daily-weibo"",""date"":""2015-10-18"",""displayDate"":""2015年10月18日星期日"",""datePrecision"":""day"",""title"":""李敖在微博发表“迎头赶上与迎头痛击”"",""summary"":""2015年10月18日，李敖在“哈囉李敖”微博发表“迎头赶上与迎头痛击”：外来的玩艺儿，关门不让它钻进来，可不容易。1520年，有5大件钻进英国：火鸡、鲤鱼、小梭子鱼、麻醉药（鸦片）、和啤酒。至于思想，就更麻烦：共产党反对全盘西化，殊不知马克思就是100%的西方玩艺，把共产党给糗死了。可见西化之来，或迎头赶上、或迎头痛击，光嚷嚷反对是不够的。"",""view"":[""写作线"",""媒体线"",""晚年线""],""tags"":[""虽千万人，李敖往矣"",""哈囉李敖"",""微博"",""140字"",""迎头赶上与迎头痛击""],""people"":[""李敖""],""places"":[],""works"":[""虽千万人，李敖往矣"",""哈囉李敖""],""certainty"":""confirmed"",""source"":{""book"":""虽千万人，李敖往矣"",""chapter"":""040.2015年10月"",""path"":""《大李敖全集5.0》（wjm_tcy版）分章节/005.诗集语录类/005.虽千万人，李敖往矣/040.2015年10月.txt"",""line"":105,""lines"":[105,107,109]},""crossReferences"":[],""round"":""2026-07-11-sui-qianwan-li-ao-wangyi-daily-completion"",""dataFile"":""data/timeline-events-sui-qianwan-li-ao-wangyi.json""}"
"29029","2015","2015-10-19","2015年10月19日星期一","day","confirmed","李敖记录多家大陆电视台邀他现身抢救中文却被拦住","《2015年10月》“拉丁文与中文”写，2015年10月19日，李敖说只有中文可以与英文世界语地位一搏，祖国几家电视台都约他现身“抢救、挥洒中文”，但都被党中央拦住。1月19日，他也曾写自己想把文章、演讲、读书“三绝”传授给大陆同胞，却因政府封杀电视节目未能现身说法。","李敖","中国大陆","电视节目、大陆电视台、中文、封杀、三绝","媒体线、审查线、晚年线","虽千万人，李敖往矣","","虽千万人，李敖往矣","040.2015年10月","115","《大李敖全集5.0》（wjm_tcy版）分章节/005.诗集语录类/005.虽千万人，李敖往矣/040.2015年10月.txt","虽千万人，李敖往矣 / 031.2015年1月 / line 115 / 说明：1月19日写到想传授“三绝”给大陆同胞，但电视节目被政府封杀。 / 《大李敖全集5.0》（wjm_tcy版）分章节/005.诗集语录类/005.虽千万人，李敖往矣/031.2015年1月.txt","[{""book"":""虽千万人，李敖往矣"",""chapter"":""031.2015年1月"",""path"":""《大李敖全集5.0》（wjm_tcy版）分章节/005.诗集语录类/005.虽千万人，李敖往矣/031.2015年1月.txt"",""line"":115,""note"":""1月19日写到想传授“三绝”给大陆同胞，但电视节目被政府封杀。""}]","data/timeline-events-sui-qianwan-li-ao-wangyi.json","sui-qianwan-2015-10-19-records-mainland-tv-invitations-blocked","{""id"":""sui-qianwan-2015-10-19-records-mainland-tv-invitations-blocked"",""date"":""2015-10-19"",""displayDate"":""2015年10月19日星期一"",""datePrecision"":""day"",""title"":""李敖记录多家大陆电视台邀他现身抢救中文却被拦住"",""summary"":""《2015年10月》“拉丁文与中文”写，2015年10月19日，李敖说只有中文可以与英文世界语地位一搏，祖国几家电视台都约他现身“抢救、挥洒中文”，但都被党中央拦住。1月19日，他也曾写自己想把文章、演讲、读书“三绝”传授给大陆同胞，却因政府封杀电视节目未能现身说法。"",""view"":[""媒体线"",""审查线"",""晚年线""],""tags"":[""电视节目"",""大陆电视台"",""中文"",""封杀"",""三绝""],""people"":[""李敖""],""places"":[""中国大陆""],""works"":[""虽千万人，李敖往矣""],""certainty"":""confirmed"",""source"":{""book"":""虽千万人，李敖往矣"",""chapter"":""040.2015年10月"",""path"":""《大李敖全集5.0》（wjm_tcy版）分章节/005.诗集语录类/005.虽千万人，李敖往矣/040.2015年10月.txt"",""line"":115},""additionalSources"":[{""book"":""虽千万人，李敖往矣"",""chapter"":""031.2015年1月"",""path"":""《大李敖全集5.0》（wjm_tcy版）分章节/005.诗集语录类/005.虽千万人，李敖往矣/031.2015年1月.txt"",""line"":115,""note"":""1月19日写到想传授“三绝”给大陆同胞，但电视节目被政府封杀。""}],""dataFile"":""data/timeline-events-sui-qianwan-li-ao-wangyi.json""}"
"29030","2015","2015-10-20","2015年10月20日星期二","day","confirmed","李敖在微博发表“中文的前途”","2015年10月20日，李敖在“哈囉李敖”微博发表“中文的前途”：中文本由文言文一肩挑，挑不动了，白话文继起。但白话文碰到5个绊脚石：一是小脚放大、一是鸳鸯蝴蝶泛滥、一是日文暗伤（看看鲁迅！）、一是国共两党党八股、一是电脑族火星文。要打倒这5个绊脚石，建立起恣肆的、漂亮的、博学的新中文。文起白话之衰、道济天下之溺，正是李敖的绝活呀！","李敖","","虽千万人，李敖往矣、哈囉李敖、微博、140字、中文的前途","写作线、媒体线、晚年线","虽千万人，李敖往矣、哈囉李敖","","虽千万人，李敖往矣","040.2015年10月","117","《大李敖全集5.0》（wjm_tcy版）分章节/005.诗集语录类/005.虽千万人，李敖往矣/040.2015年10月.txt","","[]","data/timeline-events-sui-qianwan-li-ao-wangyi.json","sui-qianwan-2015-10-20-daily-weibo","{""id"":""sui-qianwan-2015-10-20-daily-weibo"",""date"":""2015-10-20"",""displayDate"":""2015年10月20日星期二"",""datePrecision"":""day"",""title"":""李敖在微博发表“中文的前途”"",""summary"":""2015年10月20日，李敖在“哈囉李敖”微博发表“中文的前途”：中文本由文言文一肩挑，挑不动了，白话文继起。但白话文碰到5个绊脚石：一是小脚放大、一是鸳鸯蝴蝶泛滥、一是日文暗伤（看看鲁迅！）、一是国共两党党八股、一是电脑族火星文。要打倒这5个绊脚石，建立起恣肆的、漂亮的、博学的新中文。文起白话之衰、道济天下之溺，正是李敖的绝活呀！"",""view"":[""写作线"",""媒体线"",""晚年线""],""tags"":[""虽千万人，李敖往矣"",""哈囉李敖"",""微博"",""140字"",""中文的前途""],""people"":[""李敖""],""places"":[],""works"":[""虽千万人，李敖往矣"",""哈囉李敖""],""certainty"":""confirmed"",""source"":{""book"":""虽千万人，李敖往矣"",""chapter"":""040.2015年10月"",""path"":""《大李敖全集5.0》（wjm_tcy版）分章节/005.诗集语录类/005.虽千万人，李敖往矣/040.2015年10月.txt"",""line"":117,""lines"":[117,119,121]},""crossReferences"":[],""round"":""2026-07-11-sui-qianwan-li-ao-wangyi-daily-completion"",""dataFile"":""data/timeline-events-sui-qianwan-li-ao-wangyi.json""}"
"29031","2015","2015-10-21","2015年10月21日星期三","day","confirmed","李敖在微博发表“邻居与敌人”","2015年10月21日，李敖在“哈囉李敖”微博发表“邻居与敌人”：文豪切斯特顿（G. K. Chesterton）提醒我们说：《圣经》要我们爱邻居、又要我们爱敌人，大概因为他们是一票人。（probably because they are generally the same people.）我总觉得《圣经》的地理知识出了问题：它显然不知道中国的东方有个王八蛋国家叫日本，如果知道了 ，它就不会唱高调了。","李敖","","虽千万人，李敖往矣、哈囉李敖、微博、140字、邻居与敌人","写作线、媒体线、晚年线","虽千万人，李敖往矣、哈囉李敖","","虽千万人，李敖往矣","040.2015年10月","123","《大李敖全集5.0》（wjm_tcy版）分章节/005.诗集语录类/005.虽千万人，李敖往矣/040.2015年10月.txt","","[]","data/timeline-events-sui-qianwan-li-ao-wangyi.json","sui-qianwan-2015-10-21-daily-weibo","{""id"":""sui-qianwan-2015-10-21-daily-weibo"",""date"":""2015-10-21"",""displayDate"":""2015年10月21日星期三"",""datePrecision"":""day"",""title"":""李敖在微博发表“邻居与敌人”"",""summary"":""2015年10月21日，李敖在“哈囉李敖”微博发表“邻居与敌人”：文豪切斯特顿（G. K. Chesterton）提醒我们说：《圣经》要我们爱邻居、又要我们爱敌人，大概因为他们是一票人。（probably because they are generally the same people.）我总觉得《圣经》的地理知识出了问题：它显然不知道中国的东方有个王八蛋国家叫日本，如果知道了 ，它就不会唱高调了。"",""view"":[""写作线"",""媒体线"",""晚年线""],""tags"":[""虽千万人，李敖往矣"",""哈囉李敖"",""微博"",""140字"",""邻居与敌人""],""people"":[""李敖""],""places"":[],""works"":[""虽千万人，李敖往矣"",""哈囉李敖""],""certainty"":""confirmed"",""source"":{""book"":""虽千万人，李敖往矣"",""chapter"":""040.2015年10月"",""path"":""《大李敖全集5.0》（wjm_tcy版）分章节/005.诗集语录类/005.虽千万人，李敖往矣/040.2015年10月.txt"",""line"":123,""lines"":[123,125,127]},""crossReferences"":[],""round"":""2026-07-11-sui-qianwan-li-ao-wangyi-daily-completion"",""dataFile"":""data/timeline-events-sui-qianwan-li-ao-wangyi.json""}"
"29032","2015","2015-10-22","2015年10月22日星期四","day","confirmed","李敖在微博发表“平民化”","2015年10月22日，李敖在“哈囉李敖”微博发表“平民化”：理发后，在巷口买了一盒蒸饺。走在路上累了，索性坐在路边石凳，吃起独食来。天色已暗，没人发现李大师如此平民化，像个拾荒老人。吃完了，本想走路回家，不幸尿急，只好上出租车。昏暗中，司机因错认我是傅达仁而道歉。我笑说不必道歉，万一傅达仁上了你的车，你喊他“李大师”就得了。","李敖","","虽千万人，李敖往矣、哈囉李敖、微博、140字、平民化","写作线、媒体线、晚年线","虽千万人，李敖往矣、哈囉李敖","","虽千万人，李敖往矣","040.2015年10月","129","《大李敖全集5.0》（wjm_tcy版）分章节/005.诗集语录类/005.虽千万人，李敖往矣/040.2015年10月.txt","","[]","data/timeline-events-sui-qianwan-li-ao-wangyi.json","sui-qianwan-2015-10-22-daily-weibo","{""id"":""sui-qianwan-2015-10-22-daily-weibo"",""date"":""2015-10-22"",""displayDate"":""2015年10月22日星期四"",""datePrecision"":""day"",""title"":""李敖在微博发表“平民化”"",""summary"":""2015年10月22日，李敖在“哈囉李敖”微博发表“平民化”：理发后，在巷口买了一盒蒸饺。走在路上累了，索性坐在路边石凳，吃起独食来。天色已暗，没人发现李大师如此平民化，像个拾荒老人。吃完了，本想走路回家，不幸尿急，只好上出租车。昏暗中，司机因错认我是傅达仁而道歉。我笑说不必道歉，万一傅达仁上了你的车，你喊他“李大师”就得了。"",""view"":[""写作线"",""媒体线"",""晚年线""],""tags"":[""虽千万人，李敖往矣"",""哈囉李敖"",""微博"",""140字"",""平民化""],""people"":[""李敖""],""places"":[],""works"":[""虽千万人，李敖往矣"",""哈囉李敖""],""certainty"":""confirmed"",""source"":{""book"":""虽千万人，李敖往矣"",""chapter"":""040.2015年10月"",""path"":""《大李敖全集5.0》（wjm_tcy版）分章节/005.诗集语录类/005.虽千万人，李敖往矣/040.2015年10月.txt"",""line"":129,""lines"":[129,131,133]},""crossReferences"":[],""round"":""2026-07-11-sui-qianwan-li-ao-wangyi-daily-completion"",""dataFile"":""data/timeline-events-sui-qianwan-li-ao-wangyi.json""}"
"29033","2015","2015-10-23","2015年10月23日星期五","day","confirmed","李敖电告臧英年自己早已捐尸台大，坟都是假的","《2015年10月》“撒尿权”写，2015年10月23日，李敖说自己与潘毓刚约定后死者可在先死者坟上撒尿；臧英年得知后要求援例，李敖电告臧英年，自己死后所谓坟墓都只是假的，因为他早已把尸体捐给台大医院解剖。本条为1998年遗体捐献旧节点的晚年回述与交游细节。","李敖、臧英年、潘毓刚","台湾、台大医院","臧英年、潘毓刚、遗体捐献、台大医院、身后事","健康线、交游线、晚年线","虽千万人，李敖往矣","book5-1998-08-07-finishes-zhili-ji-and-body-donation-note","虽千万人，李敖往矣","040.2015年10月","139","《大李敖全集5.0》（wjm_tcy版）分章节/005.诗集语录类/005.虽千万人，李敖往矣/040.2015年10月.txt","","[]","data/timeline-events-sui-qianwan-li-ao-wangyi.json","sui-qianwan-2015-10-23-tells-zang-yingnian-about-fake-grave-and-ntu-body-donation","{""id"":""sui-qianwan-2015-10-23-tells-zang-yingnian-about-fake-grave-and-ntu-body-donation"",""date"":""2015-10-23"",""displayDate"":""2015年10月23日星期五"",""datePrecision"":""day"",""title"":""李敖电告臧英年自己早已捐尸台大，坟都是假的"",""summary"":""《2015年10月》“撒尿权”写，2015年10月23日，李敖说自己与潘毓刚约定后死者可在先死者坟上撒尿；臧英年得知后要求援例，李敖电告臧英年，自己死后所谓坟墓都只是假的，因为他早已把尸体捐给台大医院解剖。本条为1998年遗体捐献旧节点的晚年回述与交游细节。"",""view"":[""健康线"",""交游线"",""晚年线""],""tags"":[""臧英年"",""潘毓刚"",""遗体捐献"",""台大医院"",""身后事""],""people"":[""李敖"",""臧英年"",""潘毓刚""],""places"":[""台湾"",""台大医院""],""works"":[""虽千万人，李敖往矣""],""certainty"":""confirmed"",""crossReferences"":[""book5-1998-08-07-finishes-zhili-ji-and-body-donation-note""],""source"":{""book"":""虽千万人，李敖往矣"",""chapter"":""040.2015年10月"",""path"":""《大李敖全集5.0》（wjm_tcy版）分章节/005.诗集语录类/005.虽千万人，李敖往矣/040.2015年10月.txt"",""line"":139},""dataFile"":""data/timeline-events-sui-qianwan-li-ao-wangyi.json""}"
"29034","2015","2015-10-24","2015年10月24日星期六","day","confirmed","李敖否认将亮相《康熙来了》最后一集","《2015年10月》“小S坐大腿”写，2015年10月24日，李敖记媒体连日盛传他将亮相《康熙来了》最后一集，他明确说“并无此事”。他同时回忆12年前《康熙来了》开播时，自己就是第一集来宾。","李敖、小S","台湾","康熙来了、小S、电视节目、辟谣","媒体线、晚年线","康熙来了、虽千万人，李敖往矣","","虽千万人，李敖往矣","040.2015年10月","145","《大李敖全集5.0》（wjm_tcy版）分章节/005.诗集语录类/005.虽千万人，李敖往矣/040.2015年10月.txt","","[]","data/timeline-events-sui-qianwan-li-ao-wangyi.json","sui-qianwan-2015-10-24-denies-kangxi-final-episode-rumor","{""id"":""sui-qianwan-2015-10-24-denies-kangxi-final-episode-rumor"",""date"":""2015-10-24"",""displayDate"":""2015年10月24日星期六"",""datePrecision"":""day"",""title"":""李敖否认将亮相《康熙来了》最后一集"",""summary"":""《2015年10月》“小S坐大腿”写，2015年10月24日，李敖记媒体连日盛传他将亮相《康熙来了》最后一集，他明确说“并无此事”。他同时回忆12年前《康熙来了》开播时，自己就是第一集来宾。"",""view"":[""媒体线"",""晚年线""],""tags"":[""康熙来了"",""小S"",""电视节目"",""辟谣""],""people"":[""李敖"",""小S""],""places"":[""台湾""],""works"":[""康熙来了"",""虽千万人，李敖往矣""],""certainty"":""confirmed"",""source"":{""book"":""虽千万人，李敖往矣"",""chapter"":""040.2015年10月"",""path"":""《大李敖全集5.0》（wjm_tcy版）分章节/005.诗集语录类/005.虽千万人，李敖往矣/040.2015年10月.txt"",""line"":145},""dataFile"":""data/timeline-events-sui-qianwan-li-ao-wangyi.json""}"
"29035","2015","2015-10-25","2015年10月25日星期日","day","confirmed","李敖在微博发表“你必须选我”","2015年10月25日，李敖在“哈囉李敖”微博发表“你必须选我”：国民党能操纵选举时说：“你必须选我，因为我最好。”国民党不能操纵选举时说：“你必须选我，因为他比我坏。”前者比好高好低，后者比坏多坏少。至于共产党，很干脆，比的不是好坏而是大小。“三个女人没好话，三个男人比屌大”，我共产党的老红屌比你大，你只剩根蓝绿小鸡巴，选什么呀？","李敖","","虽千万人，李敖往矣、哈囉李敖、微博、140字、你必须选我","写作线、媒体线、晚年线","虽千万人，李敖往矣、哈囉李敖","","虽千万人，李敖往矣","040.2015年10月","147","《大李敖全集5.0》（wjm_tcy版）分章节/005.诗集语录类/005.虽千万人，李敖往矣/040.2015年10月.txt","","[]","data/timeline-events-sui-qianwan-li-ao-wangyi.json","sui-qianwan-2015-10-25-daily-weibo","{""id"":""sui-qianwan-2015-10-25-daily-weibo"",""date"":""2015-10-25"",""displayDate"":""2015年10月25日星期日"",""datePrecision"":""day"",""title"":""李敖在微博发表“你必须选我”"",""summary"":""2015年10月25日，李敖在“哈囉李敖”微博发表“你必须选我”：国民党能操纵选举时说：“你必须选我，因为我最好。”国民党不能操纵选举时说：“你必须选我，因为他比我坏。”前者比好高好低，后者比坏多坏少。至于共产党，很干脆，比的不是好坏而是大小。“三个女人没好话，三个男人比屌大”，我共产党的老红屌比你大，你只剩根蓝绿小鸡巴，选什么呀？"",""view"":[""写作线"",""媒体线"",""晚年线""],""tags"":[""虽千万人，李敖往矣"",""哈囉李敖"",""微博"",""140字"",""你必须选我""],""people"":[""李敖""],""places"":[],""works"":[""虽千万人，李敖往矣"",""哈囉李敖""],""certainty"":""confirmed"",""source"":{""book"":""虽千万人，李敖往矣"",""chapter"":""040.2015年10月"",""path"":""《大李敖全集5.0》（wjm_tcy版）分章节/005.诗集语录类/005.虽千万人，李敖往矣/040.2015年10月.txt"",""line"":147,""lines"":[147,149,151]},""crossReferences"":[],""round"":""2026-07-11-sui-qianwan-li-ao-wangyi-daily-completion"",""dataFile"":""data/timeline-events-sui-qianwan-li-ao-wangyi.json""}"
"29036","2015","2015-10-26","2015年10月26日星期一","day","confirmed","李敖在微博发表“宪法第6条”","2015年10月26日，李敖在“哈囉李敖”微博发表“宪法第6条”：《中华人民共和国宪法》第6条“坚持按劳分配为主体”，我认为这条宪法背叛了原装的共产主义。原装承诺“各尽所能，各取所需”，不论“尽”或“取”，都发自内心道德、都是道德下的自由选择。如果不准自由选择而由国家代为选择、代为“按劳分配”，你就是狗了。看来还是原装的共产主义好。","李敖","","虽千万人，李敖往矣、哈囉李敖、微博、140字、宪法第6条","写作线、媒体线、晚年线","虽千万人，李敖往矣、哈囉李敖","","虽千万人，李敖往矣","040.2015年10月","153","《大李敖全集5.0》（wjm_tcy版）分章节/005.诗集语录类/005.虽千万人，李敖往矣/040.2015年10月.txt","","[]","data/timeline-events-sui-qianwan-li-ao-wangyi.json","sui-qianwan-2015-10-26-daily-weibo","{""id"":""sui-qianwan-2015-10-26-daily-weibo"",""date"":""2015-10-26"",""displayDate"":""2015年10月26日星期一"",""datePrecision"":""day"",""title"":""李敖在微博发表“宪法第6条”"",""summary"":""2015年10月26日，李敖在“哈囉李敖”微博发表“宪法第6条”：《中华人民共和国宪法》第6条“坚持按劳分配为主体”，我认为这条宪法背叛了原装的共产主义。原装承诺“各尽所能，各取所需”，不论“尽”或“取”，都发自内心道德、都是道德下的自由选择。如果不准自由选择而由国家代为选择、代为“按劳分配”，你就是狗了。看来还是原装的共产主义好。"",""view"":[""写作线"",""媒体线"",""晚年线""],""tags"":[""虽千万人，李敖往矣"",""哈囉李敖"",""微博"",""140字"",""宪法第6条""],""people"":[""李敖""],""places"":[],""works"":[""虽千万人，李敖往矣"",""哈囉李敖""],""certainty"":""confirmed"",""source"":{""book"":""虽千万人，李敖往矣"",""chapter"":""040.2015年10月"",""path"":""《大李敖全集5.0》（wjm_tcy版）分章节/005.诗集语录类/005.虽千万人，李敖往矣/040.2015年10月.txt"",""line"":153,""lines"":[153,155,157]},""crossReferences"":[],""round"":""2026-07-11-sui-qianwan-li-ao-wangyi-daily-completion"",""dataFile"":""data/timeline-events-sui-qianwan-li-ao-wangyi.json""}"
"29037","2015","2015-10-27","2015年10月27日星期二","day","confirmed","李敖在微博发表“夹个亡国国号”","2015年10月27日，李敖在“哈囉李敖”微博发表“夹个亡国国号”：台湾的统派是假的，口口声声统一统一，臭裤档里却塞个亡国的“中华民国”瞒天过海，岂不好笑？台湾的独派也是假的，口口声声台独台独，月经棉里却夹个亡国的“中华民国”暗度陈仓，岂不可悲？结论是：凡是嘴巴上还承认有个“中华民国”的，都是假统一论者、假台独论者。我们才不上当呢！","李敖","","虽千万人，李敖往矣、哈囉李敖、微博、140字、夹个亡国国号","写作线、媒体线、晚年线","虽千万人，李敖往矣、哈囉李敖","","虽千万人，李敖往矣","040.2015年10月","159","《大李敖全集5.0》（wjm_tcy版）分章节/005.诗集语录类/005.虽千万人，李敖往矣/040.2015年10月.txt","","[]","data/timeline-events-sui-qianwan-li-ao-wangyi.json","sui-qianwan-2015-10-27-daily-weibo","{""id"":""sui-qianwan-2015-10-27-daily-weibo"",""date"":""2015-10-27"",""displayDate"":""2015年10月27日星期二"",""datePrecision"":""day"",""title"":""李敖在微博发表“夹个亡国国号”"",""summary"":""2015年10月27日，李敖在“哈囉李敖”微博发表“夹个亡国国号”：台湾的统派是假的，口口声声统一统一，臭裤档里却塞个亡国的“中华民国”瞒天过海，岂不好笑？台湾的独派也是假的，口口声声台独台独，月经棉里却夹个亡国的“中华民国”暗度陈仓，岂不可悲？结论是：凡是嘴巴上还承认有个“中华民国”的，都是假统一论者、假台独论者。我们才不上当呢！"",""view"":[""写作线"",""媒体线"",""晚年线""],""tags"":[""虽千万人，李敖往矣"",""哈囉李敖"",""微博"",""140字"",""夹个亡国国号""],""people"":[""李敖""],""places"":[],""works"":[""虽千万人，李敖往矣"",""哈囉李敖""],""certainty"":""confirmed"",""source"":{""book"":""虽千万人，李敖往矣"",""chapter"":""040.2015年10月"",""path"":""《大李敖全集5.0》（wjm_tcy版）分章节/005.诗集语录类/005.虽千万人，李敖往矣/040.2015年10月.txt"",""line"":159,""lines"":[159,161,163]},""crossReferences"":[],""round"":""2026-07-11-sui-qianwan-li-ao-wangyi-daily-completion"",""dataFile"":""data/timeline-events-sui-qianwan-li-ao-wangyi.json""}"
"29038","2015","2015-10-28","2015年10月28日星期三","day","confirmed","李敖在微博发表“英国的转向”","2015年10月28日，李敖在“哈囉李敖”微博发表“英国的转向”：前英国首相布莱尔（Blair）回忆录里坦承他不知道被美国推翻的伊朗总理莫萨德（Mossadegh）、今天又坦承英美在伊拉克的错误引发IS崛起。这条美国的贵宾狗，对世界大势如此无知，真和他同年龄的胡茵梦相伯仲！好在英国当权者改走中国路线了，失掉帝国又没找到角色的大不列颠终于脱离美国了。","李敖","","虽千万人，李敖往矣、哈囉李敖、微博、140字、英国的转向","写作线、媒体线、晚年线","虽千万人，李敖往矣、哈囉李敖","","虽千万人，李敖往矣","040.2015年10月","165","《大李敖全集5.0》（wjm_tcy版）分章节/005.诗集语录类/005.虽千万人，李敖往矣/040.2015年10月.txt","","[]","data/timeline-events-sui-qianwan-li-ao-wangyi.json","sui-qianwan-2015-10-28-daily-weibo","{""id"":""sui-qianwan-2015-10-28-daily-weibo"",""date"":""2015-10-28"",""displayDate"":""2015年10月28日星期三"",""datePrecision"":""day"",""title"":""李敖在微博发表“英国的转向”"",""summary"":""2015年10月28日，李敖在“哈囉李敖”微博发表“英国的转向”：前英国首相布莱尔（Blair）回忆录里坦承他不知道被美国推翻的伊朗总理莫萨德（Mossadegh）、今天又坦承英美在伊拉克的错误引发IS崛起。这条美国的贵宾狗，对世界大势如此无知，真和他同年龄的胡茵梦相伯仲！好在英国当权者改走中国路线了，失掉帝国又没找到角色的大不列颠终于脱离美国了。"",""view"":[""写作线"",""媒体线"",""晚年线""],""tags"":[""虽千万人，李敖往矣"",""哈囉李敖"",""微博"",""140字"",""英国的转向""],""people"":[""李敖""],""places"":[],""works"":[""虽千万人，李敖往矣"",""哈囉李敖""],""certainty"":""confirmed"",""source"":{""book"":""虽千万人，李敖往矣"",""chapter"":""040.2015年10月"",""path"":""《大李敖全集5.0》（wjm_tcy版）分章节/005.诗集语录类/005.虽千万人，李敖往矣/040.2015年10月.txt"",""line"":165,""lines"":[165,167,169]},""crossReferences"":[],""round"":""2026-07-11-sui-qianwan-li-ao-wangyi-daily-completion"",""dataFile"":""data/timeline-events-sui-qianwan-li-ao-wangyi.json""}"
"29039","2015","2015-10-29","2015年10月29日星期四","day","confirmed","李敖在微博发表“暗杠”","2015年10月29日，李敖在“哈囉李敖”微博发表“暗杠”：打麻将有暗杠，写文章也有。昨天我写“失掉帝国又没找到角色的大不列颠终于脱离美国了”这句话中，就有暗杠。我博学卖弄的是美国前国务卿艾奇逊（Dean Acheson）在1962年演说中的Great Britain has lost an Empire and has not yet found a rule.半个世纪过去了，恶梦初醒：承认超英赶美了。","李敖","","虽千万人，李敖往矣、哈囉李敖、微博、140字、暗杠","写作线、媒体线、晚年线","虽千万人，李敖往矣、哈囉李敖","","虽千万人，李敖往矣","040.2015年10月","171","《大李敖全集5.0》（wjm_tcy版）分章节/005.诗集语录类/005.虽千万人，李敖往矣/040.2015年10月.txt","","[]","data/timeline-events-sui-qianwan-li-ao-wangyi.json","sui-qianwan-2015-10-29-daily-weibo","{""id"":""sui-qianwan-2015-10-29-daily-weibo"",""date"":""2015-10-29"",""displayDate"":""2015年10月29日星期四"",""datePrecision"":""day"",""title"":""李敖在微博发表“暗杠”"",""summary"":""2015年10月29日，李敖在“哈囉李敖”微博发表“暗杠”：打麻将有暗杠，写文章也有。昨天我写“失掉帝国又没找到角色的大不列颠终于脱离美国了”这句话中，就有暗杠。我博学卖弄的是美国前国务卿艾奇逊（Dean Acheson）在1962年演说中的Great Britain has lost an Empire and has not yet found a rule.半个世纪过去了，恶梦初醒：承认超英赶美了。"",""view"":[""写作线"",""媒体线"",""晚年线""],""tags"":[""虽千万人，李敖往矣"",""哈囉李敖"",""微博"",""140字"",""暗杠""],""people"":[""李敖""],""places"":[],""works"":[""虽千万人，李敖往矣"",""哈囉李敖""],""certainty"":""confirmed"",""source"":{""book"":""虽千万人，李敖往矣"",""chapter"":""040.2015年10月"",""path"":""《大李敖全集5.0》（wjm_tcy版）分章节/005.诗集语录类/005.虽千万人，李敖往矣/040.2015年10月.txt"",""line"":171,""lines"":[171,173,175]},""crossReferences"":[],""round"":""2026-07-11-sui-qianwan-li-ao-wangyi-daily-completion"",""dataFile"":""data/timeline-events-sui-qianwan-li-ao-wangyi.json""}"
"29040","2015","2015-10-30","2015年10月30日星期五","day","confirmed","李敖在微博发表“共产党和资本家”","2015年10月30日，李敖在“哈囉李敖”微博发表“共产党和资本家”：野狐思想家霍弗（Eric Hoffer）说了一句俏皮话：“共产党是挫败的资本家。”（Communists are frustrated Capitalists.）说错了。因为资本家从不挫败，而共产党得意时却比资本家还资本家。共产党失意时以天下为己任，得意后以天下为己产。资本家早就这样72变了，原来“资本家是挫败的共产党”。","李敖","","虽千万人，李敖往矣、哈囉李敖、微博、140字、共产党和资本家","写作线、媒体线、晚年线","虽千万人，李敖往矣、哈囉李敖","","虽千万人，李敖往矣","040.2015年10月","177","《大李敖全集5.0》（wjm_tcy版）分章节/005.诗集语录类/005.虽千万人，李敖往矣/040.2015年10月.txt","","[]","data/timeline-events-sui-qianwan-li-ao-wangyi.json","sui-qianwan-2015-10-30-daily-weibo","{""id"":""sui-qianwan-2015-10-30-daily-weibo"",""date"":""2015-10-30"",""displayDate"":""2015年10月30日星期五"",""datePrecision"":""day"",""title"":""李敖在微博发表“共产党和资本家”"",""summary"":""2015年10月30日，李敖在“哈囉李敖”微博发表“共产党和资本家”：野狐思想家霍弗（Eric Hoffer）说了一句俏皮话：“共产党是挫败的资本家。”（Communists are frustrated Capitalists.）说错了。因为资本家从不挫败，而共产党得意时却比资本家还资本家。共产党失意时以天下为己任，得意后以天下为己产。资本家早就这样72变了，原来“资本家是挫败的共产党”。"",""view"":[""写作线"",""媒体线"",""晚年线""],""tags"":[""虽千万人，李敖往矣"",""哈囉李敖"",""微博"",""140字"",""共产党和资本家""],""people"":[""李敖""],""places"":[],""works"":[""虽千万人，李敖往矣"",""哈囉李敖""],""certainty"":""confirmed"",""source"":{""book"":""虽千万人，李敖往矣"",""chapter"":""040.2015年10月"",""path"":""《大李敖全集5.0》（wjm_tcy版）分章节/005.诗集语录类/005.虽千万人，李敖往矣/040.2015年10月.txt"",""line"":177,""lines"":[177,179,181]},""crossReferences"":[],""round"":""2026-07-11-sui-qianwan-li-ao-wangyi-daily-completion"",""dataFile"":""data/timeline-events-sui-qianwan-li-ao-wangyi.json""}"
"29041","2015","2015-11-01","2015年11月1日星期日","day","confirmed","李敖在微博发表“毒与毐”","2015年11月1日，李敖在“哈囉李敖”微博发表“毒与毐”：洋鬼子玩中文计算机，乱搞一通，糊里糊涂收进了“毒”字和少一划的“毐”字。“毐”是中国秦朝鸡巴最大的人，现代人不论多么日新月异、多么神气活现，但总创造不出“毐”的鸡巴、米开朗琪罗的雕塑、贝多芬的旋律，和李敖百步穿杨、千变万化的中文极限。请珍惜李敖只“毒”不“毐”，多厚道啊！","李敖","","虽千万人，李敖往矣、哈囉李敖、微博、140字、毒与毐","写作线、媒体线、晚年线","虽千万人，李敖往矣、哈囉李敖","","虽千万人，李敖往矣","041.2015年11月","3","《大李敖全集5.0》（wjm_tcy版）分章节/005.诗集语录类/005.虽千万人，李敖往矣/041.2015年11月.txt","","[]","data/timeline-events-sui-qianwan-li-ao-wangyi.json","sui-qianwan-2015-11-01-daily-weibo","{""id"":""sui-qianwan-2015-11-01-daily-weibo"",""date"":""2015-11-01"",""displayDate"":""2015年11月1日星期日"",""datePrecision"":""day"",""title"":""李敖在微博发表“毒与毐”"",""summary"":""2015年11月1日，李敖在“哈囉李敖”微博发表“毒与毐”：洋鬼子玩中文计算机，乱搞一通，糊里糊涂收进了“毒”字和少一划的“毐”字。“毐”是中国秦朝鸡巴最大的人，现代人不论多么日新月异、多么神气活现，但总创造不出“毐”的鸡巴、米开朗琪罗的雕塑、贝多芬的旋律，和李敖百步穿杨、千变万化的中文极限。请珍惜李敖只“毒”不“毐”，多厚道啊！"",""view"":[""写作线"",""媒体线"",""晚年线""],""tags"":[""虽千万人，李敖往矣"",""哈囉李敖"",""微博"",""140字"",""毒与毐""],""people"":[""李敖""],""places"":[],""works"":[""虽千万人，李敖往矣"",""哈囉李敖""],""certainty"":""confirmed"",""source"":{""book"":""虽千万人，李敖往矣"",""chapter"":""041.2015年11月"",""path"":""《大李敖全集5.0》（wjm_tcy版）分章节/005.诗集语录类/005.虽千万人，李敖往矣/041.2015年11月.txt"",""line"":3,""lines"":[3,5,7]},""crossReferences"":[],""round"":""2026-07-11-sui-qianwan-li-ao-wangyi-daily-completion"",""dataFile"":""data/timeline-events-sui-qianwan-li-ao-wangyi.json""}"
"29042","2015","2015-11-02","2015年11月2日星期一","day","confirmed","李敖在微博发表““列宁式政党””","2015年11月2日，李敖在“哈囉李敖”微博发表““列宁式政党””：“列宁式政党”有2大特色：第一、它为了目的不择手段，并迷信不择手段可以使目的正当；第二、它欺善怕悪，但比照“以毒攻毒”原理，消灭敌对的恶也只有靠它，人民无从选择。人民看它苦撑待变、看它戒急用忍、看它韬光养晦、看它一党专政。人民被折腾得怨声载道。唯一讽刺是列宁不见了。","李敖","","虽千万人，李敖往矣、哈囉李敖、微博、140字、“列宁式政党”","写作线、媒体线、晚年线","虽千万人，李敖往矣、哈囉李敖","","虽千万人，李敖往矣","041.2015年11月","9","《大李敖全集5.0》（wjm_tcy版）分章节/005.诗集语录类/005.虽千万人，李敖往矣/041.2015年11月.txt","","[]","data/timeline-events-sui-qianwan-li-ao-wangyi.json","sui-qianwan-2015-11-02-daily-weibo","{""id"":""sui-qianwan-2015-11-02-daily-weibo"",""date"":""2015-11-02"",""displayDate"":""2015年11月2日星期一"",""datePrecision"":""day"",""title"":""李敖在微博发表““列宁式政党””"",""summary"":""2015年11月2日，李敖在“哈囉李敖”微博发表““列宁式政党””：“列宁式政党”有2大特色：第一、它为了目的不择手段，并迷信不择手段可以使目的正当；第二、它欺善怕悪，但比照“以毒攻毒”原理，消灭敌对的恶也只有靠它，人民无从选择。人民看它苦撑待变、看它戒急用忍、看它韬光养晦、看它一党专政。人民被折腾得怨声载道。唯一讽刺是列宁不见了。"",""view"":[""写作线"",""媒体线"",""晚年线""],""tags"":[""虽千万人，李敖往矣"",""哈囉李敖"",""微博"",""140字"",""“列宁式政党”""],""people"":[""李敖""],""places"":[],""works"":[""虽千万人，李敖往矣"",""哈囉李敖""],""certainty"":""confirmed"",""source"":{""book"":""虽千万人，李敖往矣"",""chapter"":""041.2015年11月"",""path"":""《大李敖全集5.0》（wjm_tcy版）分章节/005.诗集语录类/005.虽千万人，李敖往矣/041.2015年11月.txt"",""line"":9,""lines"":[9,11,13]},""crossReferences"":[],""round"":""2026-07-11-sui-qianwan-li-ao-wangyi-daily-completion"",""dataFile"":""data/timeline-events-sui-qianwan-li-ao-wangyi.json""}"
"29043","2015","2015-11-03","2015年11月3日星期二","day","confirmed","李敖在微博发表“不遂”","2015年11月3日，李敖在“哈囉李敖”微博发表“不遂”：想写好中文的全国同胞们：写好中文的秘方很多，其中一个是：要熟练同类词汇或成语的交叉比对。以“不遂”为例：要比对求欢不遂、强奸不遂、所求不遂、图谋不遂、半身不遂等，然后再“獭祭”它们，遂其所愿。80以来住了4次医院，“千夫所指，无病自死。”恍然大悟我原来得了全身不遂症！","李敖","","虽千万人，李敖往矣、哈囉李敖、微博、140字、不遂","写作线、媒体线、晚年线","虽千万人，李敖往矣、哈囉李敖","","虽千万人，李敖往矣","041.2015年11月","15","《大李敖全集5.0》（wjm_tcy版）分章节/005.诗集语录类/005.虽千万人，李敖往矣/041.2015年11月.txt","","[]","data/timeline-events-sui-qianwan-li-ao-wangyi.json","sui-qianwan-2015-11-03-daily-weibo","{""id"":""sui-qianwan-2015-11-03-daily-weibo"",""date"":""2015-11-03"",""displayDate"":""2015年11月3日星期二"",""datePrecision"":""day"",""title"":""李敖在微博发表“不遂”"",""summary"":""2015年11月3日，李敖在“哈囉李敖”微博发表“不遂”：想写好中文的全国同胞们：写好中文的秘方很多，其中一个是：要熟练同类词汇或成语的交叉比对。以“不遂”为例：要比对求欢不遂、强奸不遂、所求不遂、图谋不遂、半身不遂等，然后再“獭祭”它们，遂其所愿。80以来住了4次医院，“千夫所指，无病自死。”恍然大悟我原来得了全身不遂症！"",""view"":[""写作线"",""媒体线"",""晚年线""],""tags"":[""虽千万人，李敖往矣"",""哈囉李敖"",""微博"",""140字"",""不遂""],""people"":[""李敖""],""places"":[],""works"":[""虽千万人，李敖往矣"",""哈囉李敖""],""certainty"":""confirmed"",""source"":{""book"":""虽千万人，李敖往矣"",""chapter"":""041.2015年11月"",""path"":""《大李敖全集5.0》（wjm_tcy版）分章节/005.诗集语录类/005.虽千万人，李敖往矣/041.2015年11月.txt"",""line"":15,""lines"":[15,17,19]},""crossReferences"":[],""round"":""2026-07-11-sui-qianwan-li-ao-wangyi-daily-completion"",""dataFile"":""data/timeline-events-sui-qianwan-li-ao-wangyi.json""}"
"29044","2015","2015-11-04","2015年11月4日星期三","day","confirmed","李敖在微博发表“台上美女和床上美女”","2015年11月4日，李敖在“哈囉李敖”微博发表“台上美女和床上美女”：古人看人用青眼或白眼，喜则青睐、不喜则白目。现代人则会骗你，会在台上决定你的眼睛。试看韩国Girl's Day舞蹈团台上大腿功、以及身高178模特儿台上大腿功，虽然吸尽青眼，但不在台上而在床上，她们的大腿就太粗了。结论是：看美女要看她在哪里，凡在台上的，请勿轻信。因为腿太粗了。","李敖","","虽千万人，李敖往矣、哈囉李敖、微博、140字、台上美女和床上美女","写作线、媒体线、晚年线","虽千万人，李敖往矣、哈囉李敖","","虽千万人，李敖往矣","041.2015年11月","21","《大李敖全集5.0》（wjm_tcy版）分章节/005.诗集语录类/005.虽千万人，李敖往矣/041.2015年11月.txt","","[]","data/timeline-events-sui-qianwan-li-ao-wangyi.json","sui-qianwan-2015-11-04-daily-weibo","{""id"":""sui-qianwan-2015-11-04-daily-weibo"",""date"":""2015-11-04"",""displayDate"":""2015年11月4日星期三"",""datePrecision"":""day"",""title"":""李敖在微博发表“台上美女和床上美女”"",""summary"":""2015年11月4日，李敖在“哈囉李敖”微博发表“台上美女和床上美女”：古人看人用青眼或白眼，喜则青睐、不喜则白目。现代人则会骗你，会在台上决定你的眼睛。试看韩国Girl's Day舞蹈团台上大腿功、以及身高178模特儿台上大腿功，虽然吸尽青眼，但不在台上而在床上，她们的大腿就太粗了。结论是：看美女要看她在哪里，凡在台上的，请勿轻信。因为腿太粗了。"",""view"":[""写作线"",""媒体线"",""晚年线""],""tags"":[""虽千万人，李敖往矣"",""哈囉李敖"",""微博"",""140字"",""台上美女和床上美女""],""people"":[""李敖""],""places"":[],""works"":[""虽千万人，李敖往矣"",""哈囉李敖""],""certainty"":""confirmed"",""source"":{""book"":""虽千万人，李敖往矣"",""chapter"":""041.2015年11月"",""path"":""《大李敖全集5.0》（wjm_tcy版）分章节/005.诗集语录类/005.虽千万人，李敖往矣/041.2015年11月.txt"",""line"":21,""lines"":[21,23,25]},""crossReferences"":[],""round"":""2026-07-11-sui-qianwan-li-ao-wangyi-daily-completion"",""dataFile"":""data/timeline-events-sui-qianwan-li-ao-wangyi.json""}"
"29045","2015","2015-11-05","2015年11月5日星期四","day","confirmed","李敖在微博发表“非我同仇，即我仇雠”","2015年11月5日，李敖在“哈囉李敖”微博发表“非我同仇，即我仇雠”：新约里2次出现同一观念。《马太福音》第12章第30节首开其端：He who is not with Me is against Me.（文言译成“非我同仇，即我仇雠。”白话译成“不与我相合的，就是敌我的。”）这种心态当然太偏激。但对长年被迫害的“仇恨大师”而言，却也近情。敌友之判要看谁援手谁袖手，不要旁观者。","李敖","","虽千万人，李敖往矣、哈囉李敖、微博、140字、非我同仇，即我仇雠","写作线、媒体线、晚年线","虽千万人，李敖往矣、哈囉李敖","","虽千万人，李敖往矣","041.2015年11月","27","《大李敖全集5.0》（wjm_tcy版）分章节/005.诗集语录类/005.虽千万人，李敖往矣/041.2015年11月.txt","","[]","data/timeline-events-sui-qianwan-li-ao-wangyi.json","sui-qianwan-2015-11-05-daily-weibo","{""id"":""sui-qianwan-2015-11-05-daily-weibo"",""date"":""2015-11-05"",""displayDate"":""2015年11月5日星期四"",""datePrecision"":""day"",""title"":""李敖在微博发表“非我同仇，即我仇雠”"",""summary"":""2015年11月5日，李敖在“哈囉李敖”微博发表“非我同仇，即我仇雠”：新约里2次出现同一观念。《马太福音》第12章第30节首开其端：He who is not with Me is against Me.（文言译成“非我同仇，即我仇雠。”白话译成“不与我相合的，就是敌我的。”）这种心态当然太偏激。但对长年被迫害的“仇恨大师”而言，却也近情。敌友之判要看谁援手谁袖手，不要旁观者。"",""view"":[""写作线"",""媒体线"",""晚年线""],""tags"":[""虽千万人，李敖往矣"",""哈囉李敖"",""微博"",""140字"",""非我同仇，即我仇雠""],""people"":[""李敖""],""places"":[],""works"":[""虽千万人，李敖往矣"",""哈囉李敖""],""certainty"":""confirmed"",""source"":{""book"":""虽千万人，李敖往矣"",""chapter"":""041.2015年11月"",""path"":""《大李敖全集5.0》（wjm_tcy版）分章节/005.诗集语录类/005.虽千万人，李敖往矣/041.2015年11月.txt"",""line"":27,""lines"":[27,29,31]},""crossReferences"":[],""round"":""2026-07-11-sui-qianwan-li-ao-wangyi-daily-completion"",""dataFile"":""data/timeline-events-sui-qianwan-li-ao-wangyi.json""}"
"29046","2015","2015-11-06","2015年11月6日星期五","day","confirmed","李敖在微博发表“三代”","2015年11月6日，李敖在“哈囉李敖”微博发表“三代”：古玩字画被奉为清玩雅集，但魔咒眼里，乃是“不祥之物”，因为收藏家第二代第三代总碰到败家子败家孙，最后，清玩易手、雅集云散，“收藏不过三代”！不过，现代的传宗术已打破“富不过三代”的天理，国民党卵翼的敌对李敖的《联合报》就传宗到第三代。老共还当作老朋友呢。物以类聚呀！","李敖","","虽千万人，李敖往矣、哈囉李敖、微博、140字、三代","写作线、媒体线、晚年线","虽千万人，李敖往矣、哈囉李敖","","虽千万人，李敖往矣","041.2015年11月","33","《大李敖全集5.0》（wjm_tcy版）分章节/005.诗集语录类/005.虽千万人，李敖往矣/041.2015年11月.txt","","[]","data/timeline-events-sui-qianwan-li-ao-wangyi.json","sui-qianwan-2015-11-06-daily-weibo","{""id"":""sui-qianwan-2015-11-06-daily-weibo"",""date"":""2015-11-06"",""displayDate"":""2015年11月6日星期五"",""datePrecision"":""day"",""title"":""李敖在微博发表“三代”"",""summary"":""2015年11月6日，李敖在“哈囉李敖”微博发表“三代”：古玩字画被奉为清玩雅集，但魔咒眼里，乃是“不祥之物”，因为收藏家第二代第三代总碰到败家子败家孙，最后，清玩易手、雅集云散，“收藏不过三代”！不过，现代的传宗术已打破“富不过三代”的天理，国民党卵翼的敌对李敖的《联合报》就传宗到第三代。老共还当作老朋友呢。物以类聚呀！"",""view"":[""写作线"",""媒体线"",""晚年线""],""tags"":[""虽千万人，李敖往矣"",""哈囉李敖"",""微博"",""140字"",""三代""],""people"":[""李敖""],""places"":[],""works"":[""虽千万人，李敖往矣"",""哈囉李敖""],""certainty"":""confirmed"",""source"":{""book"":""虽千万人，李敖往矣"",""chapter"":""041.2015年11月"",""path"":""《大李敖全集5.0》（wjm_tcy版）分章节/005.诗集语录类/005.虽千万人，李敖往矣/041.2015年11月.txt"",""line"":33,""lines"":[33,35,37]},""crossReferences"":[],""round"":""2026-07-11-sui-qianwan-li-ao-wangyi-daily-completion"",""dataFile"":""data/timeline-events-sui-qianwan-li-ao-wangyi.json""}"
"29047","2015","2015-11-07","2015年11月7日星期六","day","confirmed","李敖在微博发表“奉命演出”","2015年11月7日，李敖在“哈囉李敖”微博发表“奉命演出”：蒋介石看《田单传》而鞠躬、毛泽东看《白蛇传》而挥拳，都因移情作用，误把台上的当真，不知只是小演员奉命演出而已。如今台北有姓马的小演员，在华盛顿和北京暗盘下，粉墨新加坡，竟以为自己真是《田单传》《白蛇传》人物，入戏之深，有甚于蒋毛二公移情作用之荒唐。台湾一岛皆小演员也。","李敖","","虽千万人，李敖往矣、哈囉李敖、微博、140字、奉命演出","写作线、媒体线、晚年线","虽千万人，李敖往矣、哈囉李敖","","虽千万人，李敖往矣","041.2015年11月","39","《大李敖全集5.0》（wjm_tcy版）分章节/005.诗集语录类/005.虽千万人，李敖往矣/041.2015年11月.txt","","[]","data/timeline-events-sui-qianwan-li-ao-wangyi.json","sui-qianwan-2015-11-07-daily-weibo","{""id"":""sui-qianwan-2015-11-07-daily-weibo"",""date"":""2015-11-07"",""displayDate"":""2015年11月7日星期六"",""datePrecision"":""day"",""title"":""李敖在微博发表“奉命演出”"",""summary"":""2015年11月7日，李敖在“哈囉李敖”微博发表“奉命演出”：蒋介石看《田单传》而鞠躬、毛泽东看《白蛇传》而挥拳，都因移情作用，误把台上的当真，不知只是小演员奉命演出而已。如今台北有姓马的小演员，在华盛顿和北京暗盘下，粉墨新加坡，竟以为自己真是《田单传》《白蛇传》人物，入戏之深，有甚于蒋毛二公移情作用之荒唐。台湾一岛皆小演员也。"",""view"":[""写作线"",""媒体线"",""晚年线""],""tags"":[""虽千万人，李敖往矣"",""哈囉李敖"",""微博"",""140字"",""奉命演出""],""people"":[""李敖""],""places"":[],""works"":[""虽千万人，李敖往矣"",""哈囉李敖""],""certainty"":""confirmed"",""source"":{""book"":""虽千万人，李敖往矣"",""chapter"":""041.2015年11月"",""path"":""《大李敖全集5.0》（wjm_tcy版）分章节/005.诗集语录类/005.虽千万人，李敖往矣/041.2015年11月.txt"",""line"":39,""lines"":[39,41,43]},""crossReferences"":[],""round"":""2026-07-11-sui-qianwan-li-ao-wangyi-daily-completion"",""dataFile"":""data/timeline-events-sui-qianwan-li-ao-wangyi.json""}"
"29048","2015","2015-11-08","2015年11月8日星期日","day","confirmed","李敖在微博发表“10月31日”","2015年11月8日，李敖在“哈囉李敖”微博发表“10月31日”：2015年10月31日清早，我从来未跟死亡如此擦身过。在救护车中醒了一下，从脚尖望了车外，说了一句“今天闯红灯过瘾”。再醒时已抵急诊室，跟漂亮护士小姐开了一句玩笑后，醒来已在照MRI。直到下午，神智恢复，住院一周是少不了的了。人有旦夕祸福，而那祸福啊，正是嘲笑人有死亡的风云。","李敖","","虽千万人，李敖往矣、哈囉李敖、微博、140字、10月31日","写作线、媒体线、晚年线","虽千万人，李敖往矣、哈囉李敖","","虽千万人，李敖往矣","041.2015年11月","45","《大李敖全集5.0》（wjm_tcy版）分章节/005.诗集语录类/005.虽千万人，李敖往矣/041.2015年11月.txt","","[]","data/timeline-events-sui-qianwan-li-ao-wangyi.json","sui-qianwan-2015-11-08-daily-weibo","{""id"":""sui-qianwan-2015-11-08-daily-weibo"",""date"":""2015-11-08"",""displayDate"":""2015年11月8日星期日"",""datePrecision"":""day"",""title"":""李敖在微博发表“10月31日”"",""summary"":""2015年11月8日，李敖在“哈囉李敖”微博发表“10月31日”：2015年10月31日清早，我从来未跟死亡如此擦身过。在救护车中醒了一下，从脚尖望了车外，说了一句“今天闯红灯过瘾”。再醒时已抵急诊室，跟漂亮护士小姐开了一句玩笑后，醒来已在照MRI。直到下午，神智恢复，住院一周是少不了的了。人有旦夕祸福，而那祸福啊，正是嘲笑人有死亡的风云。"",""view"":[""写作线"",""媒体线"",""晚年线""],""tags"":[""虽千万人，李敖往矣"",""哈囉李敖"",""微博"",""140字"",""10月31日""],""people"":[""李敖""],""places"":[],""works"":[""虽千万人，李敖往矣"",""哈囉李敖""],""certainty"":""confirmed"",""source"":{""book"":""虽千万人，李敖往矣"",""chapter"":""041.2015年11月"",""path"":""《大李敖全集5.0》（wjm_tcy版）分章节/005.诗集语录类/005.虽千万人，李敖往矣/041.2015年11月.txt"",""line"":45,""lines"":[45,47,49]},""crossReferences"":[],""round"":""2026-07-11-sui-qianwan-li-ao-wangyi-daily-completion"",""dataFile"":""data/timeline-events-sui-qianwan-li-ao-wangyi.json""}"
"29049","2015","2015-11-09","2015年11月9日星期一","day","confirmed","李敖在微博发表“谁使中国分裂？”","2015年11月9日，李敖在“哈囉李敖”微博发表“谁使中国分裂？”：新加坡相逢一笑，人道是给中国统一带来历史时刻。我忍不住问一下：66年破坏统一的，又是谁呀？是谁打了败仗不肯认输？是谁抢了黄金托迹小岛？是谁霸占古物搬走故宫？是谁投靠美帝甘为鹰犬？是谁假托民主欺尽苍生？是谁40年统治后又孵出这群妖孽？他们从不以破坏统一向国人谢过罪。王八蛋呀！","李敖","","虽千万人，李敖往矣、哈囉李敖、微博、140字、谁使中国分裂？","写作线、媒体线、晚年线","虽千万人，李敖往矣、哈囉李敖","","虽千万人，李敖往矣","041.2015年11月","51","《大李敖全集5.0》（wjm_tcy版）分章节/005.诗集语录类/005.虽千万人，李敖往矣/041.2015年11月.txt","","[]","data/timeline-events-sui-qianwan-li-ao-wangyi.json","sui-qianwan-2015-11-09-daily-weibo","{""id"":""sui-qianwan-2015-11-09-daily-weibo"",""date"":""2015-11-09"",""displayDate"":""2015年11月9日星期一"",""datePrecision"":""day"",""title"":""李敖在微博发表“谁使中国分裂？”"",""summary"":""2015年11月9日，李敖在“哈囉李敖”微博发表“谁使中国分裂？”：新加坡相逢一笑，人道是给中国统一带来历史时刻。我忍不住问一下：66年破坏统一的，又是谁呀？是谁打了败仗不肯认输？是谁抢了黄金托迹小岛？是谁霸占古物搬走故宫？是谁投靠美帝甘为鹰犬？是谁假托民主欺尽苍生？是谁40年统治后又孵出这群妖孽？他们从不以破坏统一向国人谢过罪。王八蛋呀！"",""view"":[""写作线"",""媒体线"",""晚年线""],""tags"":[""虽千万人，李敖往矣"",""哈囉李敖"",""微博"",""140字"",""谁使中国分裂？""],""people"":[""李敖""],""places"":[],""works"":[""虽千万人，李敖往矣"",""哈囉李敖""],""certainty"":""confirmed"",""source"":{""book"":""虽千万人，李敖往矣"",""chapter"":""041.2015年11月"",""path"":""《大李敖全集5.0》（wjm_tcy版）分章节/005.诗集语录类/005.虽千万人，李敖往矣/041.2015年11月.txt"",""line"":51,""lines"":[51,53,55]},""crossReferences"":[],""round"":""2026-07-11-sui-qianwan-li-ao-wangyi-daily-completion"",""dataFile"":""data/timeline-events-sui-qianwan-li-ao-wangyi.json""}"
"29050","2015","2015-11-10","2015年11月10日星期二","day","confirmed","李敖在微博发表“违宪又伪善”","2015年11月10日，李敖在“哈囉李敖”微博发表“违宪又伪善”：马英九用了一个“拖刀计”，发言中全不涉及两个中国、一中一台、台湾独立等敏感问题，他说“这是台湾现行规定（指宪法）所不允许的”。俨然守宪，四两拨千斤。但该宪法中明定“国家统一”。另设国统会盯进度。马英九追随陈水扁废国统会，使统一宪法僵成维持现状，显示了他既违宪又伪善。","李敖","","虽千万人，李敖往矣、哈囉李敖、微博、140字、违宪又伪善","写作线、媒体线、晚年线","虽千万人，李敖往矣、哈囉李敖","","虽千万人，李敖往矣","041.2015年11月","57","《大李敖全集5.0》（wjm_tcy版）分章节/005.诗集语录类/005.虽千万人，李敖往矣/041.2015年11月.txt","","[]","data/timeline-events-sui-qianwan-li-ao-wangyi.json","sui-qianwan-2015-11-10-daily-weibo","{""id"":""sui-qianwan-2015-11-10-daily-weibo"",""date"":""2015-11-10"",""displayDate"":""2015年11月10日星期二"",""datePrecision"":""day"",""title"":""李敖在微博发表“违宪又伪善”"",""summary"":""2015年11月10日，李敖在“哈囉李敖”微博发表“违宪又伪善”：马英九用了一个“拖刀计”，发言中全不涉及两个中国、一中一台、台湾独立等敏感问题，他说“这是台湾现行规定（指宪法）所不允许的”。俨然守宪，四两拨千斤。但该宪法中明定“国家统一”。另设国统会盯进度。马英九追随陈水扁废国统会，使统一宪法僵成维持现状，显示了他既违宪又伪善。"",""view"":[""写作线"",""媒体线"",""晚年线""],""tags"":[""虽千万人，李敖往矣"",""哈囉李敖"",""微博"",""140字"",""违宪又伪善""],""people"":[""李敖""],""places"":[],""works"":[""虽千万人，李敖往矣"",""哈囉李敖""],""certainty"":""confirmed"",""source"":{""book"":""虽千万人，李敖往矣"",""chapter"":""041.2015年11月"",""path"":""《大李敖全集5.0》（wjm_tcy版）分章节/005.诗集语录类/005.虽千万人，李敖往矣/041.2015年11月.txt"",""line"":57,""lines"":[57,59,61]},""crossReferences"":[],""round"":""2026-07-11-sui-qianwan-li-ao-wangyi-daily-completion"",""dataFile"":""data/timeline-events-sui-qianwan-li-ao-wangyi.json""}"
"29051","2015","2015-11-11","2015年11月11日星期三","day","confirmed","李敖在微博发表““中华民国””","2015年11月11日，李敖在“哈囉李敖”微博发表““中华民国””：我叫“中华民国”，自成正统。17岁时被国民党强奸，死于38岁。但国民党诡言未死，并说我已104岁。国民党营造“中华民国”伪朝廷；民进党营造“中华民国”假朝廷；共产党营造“中华民国”幽灵朝廷。它不肯我叫“中华民国”之名，却不许我改“中华民国”之名，多有趣呀！我死后走怪运，A！","李敖","","虽千万人，李敖往矣、哈囉李敖、微博、140字、“中华民国”","写作线、媒体线、晚年线","虽千万人，李敖往矣、哈囉李敖","","虽千万人，李敖往矣","041.2015年11月","63","《大李敖全集5.0》（wjm_tcy版）分章节/005.诗集语录类/005.虽千万人，李敖往矣/041.2015年11月.txt","","[]","data/timeline-events-sui-qianwan-li-ao-wangyi.json","sui-qianwan-2015-11-11-daily-weibo","{""id"":""sui-qianwan-2015-11-11-daily-weibo"",""date"":""2015-11-11"",""displayDate"":""2015年11月11日星期三"",""datePrecision"":""day"",""title"":""李敖在微博发表““中华民国””"",""summary"":""2015年11月11日，李敖在“哈囉李敖”微博发表““中华民国””：我叫“中华民国”，自成正统。17岁时被国民党强奸，死于38岁。但国民党诡言未死，并说我已104岁。国民党营造“中华民国”伪朝廷；民进党营造“中华民国”假朝廷；共产党营造“中华民国”幽灵朝廷。它不肯我叫“中华民国”之名，却不许我改“中华民国”之名，多有趣呀！我死后走怪运，A！"",""view"":[""写作线"",""媒体线"",""晚年线""],""tags"":[""虽千万人，李敖往矣"",""哈囉李敖"",""微博"",""140字"",""“中华民国”""],""people"":[""李敖""],""places"":[],""works"":[""虽千万人，李敖往矣"",""哈囉李敖""],""certainty"":""confirmed"",""source"":{""book"":""虽千万人，李敖往矣"",""chapter"":""041.2015年11月"",""path"":""《大李敖全集5.0》（wjm_tcy版）分章节/005.诗集语录类/005.虽千万人，李敖往矣/041.2015年11月.txt"",""line"":63,""lines"":[63,65,67]},""crossReferences"":[],""round"":""2026-07-11-sui-qianwan-li-ao-wangyi-daily-completion"",""dataFile"":""data/timeline-events-sui-qianwan-li-ao-wangyi.json""}"
"29052","2015","2015-11-12","2015年11月12日星期四","day","confirmed","李敖在微博发表“惜哉！”","2015年11月12日，李敖在“哈囉李敖”微博发表“惜哉！”：古圣先贤名家辈出，但使人如沐春风的交际能手是晋朝王导。王导在客厅中，“群胡同笑，四座并欢”，可见他的魅力。现代中国人中，胡适、周恩来，都圆滑过人，充满机智。但论及儿戏学问、玩弄微博、语妙天下、笑傲江湖，则无人能出李敖之右，也无人能出李敖之左。只是李敖太臭屁了，惜哉！","李敖","","虽千万人，李敖往矣、哈囉李敖、微博、140字、惜哉！","写作线、媒体线、晚年线","虽千万人，李敖往矣、哈囉李敖","","虽千万人，李敖往矣","041.2015年11月","69","《大李敖全集5.0》（wjm_tcy版）分章节/005.诗集语录类/005.虽千万人，李敖往矣/041.2015年11月.txt","","[]","data/timeline-events-sui-qianwan-li-ao-wangyi.json","sui-qianwan-2015-11-12-daily-weibo","{""id"":""sui-qianwan-2015-11-12-daily-weibo"",""date"":""2015-11-12"",""displayDate"":""2015年11月12日星期四"",""datePrecision"":""day"",""title"":""李敖在微博发表“惜哉！”"",""summary"":""2015年11月12日，李敖在“哈囉李敖”微博发表“惜哉！”：古圣先贤名家辈出，但使人如沐春风的交际能手是晋朝王导。王导在客厅中，“群胡同笑，四座并欢”，可见他的魅力。现代中国人中，胡适、周恩来，都圆滑过人，充满机智。但论及儿戏学问、玩弄微博、语妙天下、笑傲江湖，则无人能出李敖之右，也无人能出李敖之左。只是李敖太臭屁了，惜哉！"",""view"":[""写作线"",""媒体线"",""晚年线""],""tags"":[""虽千万人，李敖往矣"",""哈囉李敖"",""微博"",""140字"",""惜哉！""],""people"":[""李敖""],""places"":[],""works"":[""虽千万人，李敖往矣"",""哈囉李敖""],""certainty"":""confirmed"",""source"":{""book"":""虽千万人，李敖往矣"",""chapter"":""041.2015年11月"",""path"":""《大李敖全集5.0》（wjm_tcy版）分章节/005.诗集语录类/005.虽千万人，李敖往矣/041.2015年11月.txt"",""line"":69,""lines"":[69,71,73]},""crossReferences"":[],""round"":""2026-07-11-sui-qianwan-li-ao-wangyi-daily-completion"",""dataFile"":""data/timeline-events-sui-qianwan-li-ao-wangyi.json""}"
"29053","2015","2015-11-13","2015年11月13日星期五","day","confirmed","李敖在微博发表“谁是色情狂？”","2015年11月13日，李敖在“哈囉李敖”微博发表“谁是色情狂？”：心理医生查病人是否色情狂，用图片测验。问第1张是什么？答公猪母猪在性交；问第2张是什么？答公牛母牛在性交；问第3张是什么？答公羊母羊在性交。心理医生冷冷一笑说：你果然是色情狂！不料病人把桌一拍，大骂道：你才色情狂！你老把色情图片给人看！李敖曰：这病人错怪了我们共产党。","李敖","","虽千万人，李敖往矣、哈囉李敖、微博、140字、谁是色情狂？","写作线、媒体线、晚年线","虽千万人，李敖往矣、哈囉李敖","","虽千万人，李敖往矣","041.2015年11月","75","《大李敖全集5.0》（wjm_tcy版）分章节/005.诗集语录类/005.虽千万人，李敖往矣/041.2015年11月.txt","","[]","data/timeline-events-sui-qianwan-li-ao-wangyi.json","sui-qianwan-2015-11-13-daily-weibo","{""id"":""sui-qianwan-2015-11-13-daily-weibo"",""date"":""2015-11-13"",""displayDate"":""2015年11月13日星期五"",""datePrecision"":""day"",""title"":""李敖在微博发表“谁是色情狂？”"",""summary"":""2015年11月13日，李敖在“哈囉李敖”微博发表“谁是色情狂？”：心理医生查病人是否色情狂，用图片测验。问第1张是什么？答公猪母猪在性交；问第2张是什么？答公牛母牛在性交；问第3张是什么？答公羊母羊在性交。心理医生冷冷一笑说：你果然是色情狂！不料病人把桌一拍，大骂道：你才色情狂！你老把色情图片给人看！李敖曰：这病人错怪了我们共产党。"",""view"":[""写作线"",""媒体线"",""晚年线""],""tags"":[""虽千万人，李敖往矣"",""哈囉李敖"",""微博"",""140字"",""谁是色情狂？""],""people"":[""李敖""],""places"":[],""works"":[""虽千万人，李敖往矣"",""哈囉李敖""],""certainty"":""confirmed"",""source"":{""book"":""虽千万人，李敖往矣"",""chapter"":""041.2015年11月"",""path"":""《大李敖全集5.0》（wjm_tcy版）分章节/005.诗集语录类/005.虽千万人，李敖往矣/041.2015年11月.txt"",""line"":75,""lines"":[75,77,79]},""crossReferences"":[],""round"":""2026-07-11-sui-qianwan-li-ao-wangyi-daily-completion"",""dataFile"":""data/timeline-events-sui-qianwan-li-ao-wangyi.json""}"
"29054","2015","2015-11-14","2015年11月14日星期六","day","confirmed","住院期间护理长林少瑜拿李敖旧作索题，李敖即写打油诗两首","《2015年11月》“住院7天”写，李敖在蒋家荣民医院住院一周期间，护理长林少瑜拿出家藏的李敖旧作请他题字；李敖即时写打油诗两首送给她。这条补出病中签题与医院日常细节。","李敖、林少瑜","蒋家荣民医院、台湾","住院、林少瑜、题字、打油诗、旧作","健康线、日常线、著作线","虽千万人，李敖往矣","","虽千万人，李敖往矣","041.2015年11月","85","《大李敖全集5.0》（wjm_tcy版）分章节/005.诗集语录类/005.虽千万人，李敖往矣/041.2015年11月.txt","","[]","data/timeline-events-sui-qianwan-li-ao-wangyi.json","sui-qianwan-2015-11-14-nurse-lin-shaoyu-asks-for-inscriptions-during-hospitalization","{""id"":""sui-qianwan-2015-11-14-nurse-lin-shaoyu-asks-for-inscriptions-during-hospitalization"",""date"":""2015-11-14"",""displayDate"":""2015年11月14日星期六"",""datePrecision"":""day"",""title"":""住院期间护理长林少瑜拿李敖旧作索题，李敖即写打油诗两首"",""summary"":""《2015年11月》“住院7天”写，李敖在蒋家荣民医院住院一周期间，护理长林少瑜拿出家藏的李敖旧作请他题字；李敖即时写打油诗两首送给她。这条补出病中签题与医院日常细节。"",""view"":[""健康线"",""日常线"",""著作线""],""tags"":[""住院"",""林少瑜"",""题字"",""打油诗"",""旧作""],""people"":[""李敖"",""林少瑜""],""places"":[""蒋家荣民医院"",""台湾""],""works"":[""虽千万人，李敖往矣""],""certainty"":""confirmed"",""source"":{""book"":""虽千万人，李敖往矣"",""chapter"":""041.2015年11月"",""path"":""《大李敖全集5.0》（wjm_tcy版）分章节/005.诗集语录类/005.虽千万人，李敖往矣/041.2015年11月.txt"",""line"":85},""dataFile"":""data/timeline-events-sui-qianwan-li-ao-wangyi.json""}"
"29055","2015","2015-11-15","2015年11月15日星期日","day","confirmed","李敖在微博发表“病房中”","2015年11月15日，李敖在“哈囉李敖”微博发表“病房中”：护理师来打抗生素，问我比昨天好一点吗？我说今天吐的痰比昨天的好看。她说有进步就好。我说进步要能算出来才算，比如你的名字叫黄千恩，周恩来只有一个恩，你有1000个恩。她听了一笑。但我没往下说出我的狂想曲：革命家有气魄打天下，不向统治者求恩；中国人有气魄自己打，不要白求恩。","李敖","","虽千万人，李敖往矣、哈囉李敖、微博、140字、病房中","写作线、媒体线、晚年线","虽千万人，李敖往矣、哈囉李敖","","虽千万人，李敖往矣","041.2015年11月","87","《大李敖全集5.0》（wjm_tcy版）分章节/005.诗集语录类/005.虽千万人，李敖往矣/041.2015年11月.txt","","[]","data/timeline-events-sui-qianwan-li-ao-wangyi.json","sui-qianwan-2015-11-15-daily-weibo","{""id"":""sui-qianwan-2015-11-15-daily-weibo"",""date"":""2015-11-15"",""displayDate"":""2015年11月15日星期日"",""datePrecision"":""day"",""title"":""李敖在微博发表“病房中”"",""summary"":""2015年11月15日，李敖在“哈囉李敖”微博发表“病房中”：护理师来打抗生素，问我比昨天好一点吗？我说今天吐的痰比昨天的好看。她说有进步就好。我说进步要能算出来才算，比如你的名字叫黄千恩，周恩来只有一个恩，你有1000个恩。她听了一笑。但我没往下说出我的狂想曲：革命家有气魄打天下，不向统治者求恩；中国人有气魄自己打，不要白求恩。"",""view"":[""写作线"",""媒体线"",""晚年线""],""tags"":[""虽千万人，李敖往矣"",""哈囉李敖"",""微博"",""140字"",""病房中""],""people"":[""李敖""],""places"":[],""works"":[""虽千万人，李敖往矣"",""哈囉李敖""],""certainty"":""confirmed"",""source"":{""book"":""虽千万人，李敖往矣"",""chapter"":""041.2015年11月"",""path"":""《大李敖全集5.0》（wjm_tcy版）分章节/005.诗集语录类/005.虽千万人，李敖往矣/041.2015年11月.txt"",""line"":87,""lines"":[87,89,91]},""crossReferences"":[],""round"":""2026-07-11-sui-qianwan-li-ao-wangyi-daily-completion"",""dataFile"":""data/timeline-events-sui-qianwan-li-ao-wangyi.json""}"
"29056","2015","2015-11-16","2015年11月16日星期一","day","confirmed","李敖在微博发表“比例原则”","2015年11月16日，李敖在“哈囉李敖”微博发表“比例原则”：“你打我一拳，我踢你一脚。”这叫比例原则。如果我踢你100脚，就不符比例原则。小回回干西方人，最多一次是911，不过3000人。从此每次几百人而已。反过来看西方人对付小回回，光在轰炸上就超过3000人的100倍 、1000倍、10000倍，西方媒体从不指斥这是滥杀无辜，比例原则给狗吃了。","李敖","","虽千万人，李敖往矣、哈囉李敖、微博、140字、比例原则","写作线、媒体线、晚年线","虽千万人，李敖往矣、哈囉李敖","","虽千万人，李敖往矣","041.2015年11月","93","《大李敖全集5.0》（wjm_tcy版）分章节/005.诗集语录类/005.虽千万人，李敖往矣/041.2015年11月.txt","","[]","data/timeline-events-sui-qianwan-li-ao-wangyi.json","sui-qianwan-2015-11-16-daily-weibo","{""id"":""sui-qianwan-2015-11-16-daily-weibo"",""date"":""2015-11-16"",""displayDate"":""2015年11月16日星期一"",""datePrecision"":""day"",""title"":""李敖在微博发表“比例原则”"",""summary"":""2015年11月16日，李敖在“哈囉李敖”微博发表“比例原则”：“你打我一拳，我踢你一脚。”这叫比例原则。如果我踢你100脚，就不符比例原则。小回回干西方人，最多一次是911，不过3000人。从此每次几百人而已。反过来看西方人对付小回回，光在轰炸上就超过3000人的100倍 、1000倍、10000倍，西方媒体从不指斥这是滥杀无辜，比例原则给狗吃了。"",""view"":[""写作线"",""媒体线"",""晚年线""],""tags"":[""虽千万人，李敖往矣"",""哈囉李敖"",""微博"",""140字"",""比例原则""],""people"":[""李敖""],""places"":[],""works"":[""虽千万人，李敖往矣"",""哈囉李敖""],""certainty"":""confirmed"",""source"":{""book"":""虽千万人，李敖往矣"",""chapter"":""041.2015年11月"",""path"":""《大李敖全集5.0》（wjm_tcy版）分章节/005.诗集语录类/005.虽千万人，李敖往矣/041.2015年11月.txt"",""line"":93,""lines"":[93,95,97]},""crossReferences"":[],""round"":""2026-07-11-sui-qianwan-li-ao-wangyi-daily-completion"",""dataFile"":""data/timeline-events-sui-qianwan-li-ao-wangyi.json""}"
"29057","2015","2015-11-17","2015年11月17日星期二","day","confirmed","李敖在微博发表“filibuster”","2015年11月17日，李敖在“哈囉李敖”微博发表“filibuster”：用冗长演说阻止议案通过者，叫filibuster。美国个人在拉丁美洲煽动叛乱的，也叫filibuster。太阳花学运总教头梅心怡（L. Miles），就是这类人。我被捕前夜，梅心怡夫妇还住在我家；我坐牢后，他奔走呼号，很够朋友。后来他把台湾当拉丁美洲，整天跟民进党鬼混，我就不理他了，他很难过。日前死了。","李敖","","虽千万人，李敖往矣、哈囉李敖、微博、140字、filibuster","写作线、媒体线、晚年线","虽千万人，李敖往矣、哈囉李敖","","虽千万人，李敖往矣","041.2015年11月","99","《大李敖全集5.0》（wjm_tcy版）分章节/005.诗集语录类/005.虽千万人，李敖往矣/041.2015年11月.txt","","[]","data/timeline-events-sui-qianwan-li-ao-wangyi.json","sui-qianwan-2015-11-17-daily-weibo","{""id"":""sui-qianwan-2015-11-17-daily-weibo"",""date"":""2015-11-17"",""displayDate"":""2015年11月17日星期二"",""datePrecision"":""day"",""title"":""李敖在微博发表“filibuster”"",""summary"":""2015年11月17日，李敖在“哈囉李敖”微博发表“filibuster”：用冗长演说阻止议案通过者，叫filibuster。美国个人在拉丁美洲煽动叛乱的，也叫filibuster。太阳花学运总教头梅心怡（L. Miles），就是这类人。我被捕前夜，梅心怡夫妇还住在我家；我坐牢后，他奔走呼号，很够朋友。后来他把台湾当拉丁美洲，整天跟民进党鬼混，我就不理他了，他很难过。日前死了。"",""view"":[""写作线"",""媒体线"",""晚年线""],""tags"":[""虽千万人，李敖往矣"",""哈囉李敖"",""微博"",""140字"",""filibuster""],""people"":[""李敖""],""places"":[],""works"":[""虽千万人，李敖往矣"",""哈囉李敖""],""certainty"":""confirmed"",""source"":{""book"":""虽千万人，李敖往矣"",""chapter"":""041.2015年11月"",""path"":""《大李敖全集5.0》（wjm_tcy版）分章节/005.诗集语录类/005.虽千万人，李敖往矣/041.2015年11月.txt"",""line"":99,""lines"":[99,101,103]},""crossReferences"":[],""round"":""2026-07-11-sui-qianwan-li-ao-wangyi-daily-completion"",""dataFile"":""data/timeline-events-sui-qianwan-li-ao-wangyi.json""}"
"29058","2015","2015-11-18","2015年11月18日星期三","day","confirmed","李敖在微博发表“轰炸何用？”","2015年11月18日，李敖在“哈囉李敖”微博发表“轰炸何用？”：美国相信骨牌理论时，认为越南不可赤化，军头主张把北越轰炸到石器时代，后来理论错了，可是轰炸后患至今错上加错，如今把IS炸了8000次！IS是美国错误引起来的，靠轰炸岂能解决？轰炸只能制造轰轰烈烈的敌人，恨你的人只会恨你不会怕你，你只会天上飞不敢地上爬，炸了8000次又怎样？","李敖","","虽千万人，李敖往矣、哈囉李敖、微博、140字、轰炸何用？","写作线、媒体线、晚年线","虽千万人，李敖往矣、哈囉李敖","","虽千万人，李敖往矣","041.2015年11月","105","《大李敖全集5.0》（wjm_tcy版）分章节/005.诗集语录类/005.虽千万人，李敖往矣/041.2015年11月.txt","","[]","data/timeline-events-sui-qianwan-li-ao-wangyi.json","sui-qianwan-2015-11-18-daily-weibo","{""id"":""sui-qianwan-2015-11-18-daily-weibo"",""date"":""2015-11-18"",""displayDate"":""2015年11月18日星期三"",""datePrecision"":""day"",""title"":""李敖在微博发表“轰炸何用？”"",""summary"":""2015年11月18日，李敖在“哈囉李敖”微博发表“轰炸何用？”：美国相信骨牌理论时，认为越南不可赤化，军头主张把北越轰炸到石器时代，后来理论错了，可是轰炸后患至今错上加错，如今把IS炸了8000次！IS是美国错误引起来的，靠轰炸岂能解决？轰炸只能制造轰轰烈烈的敌人，恨你的人只会恨你不会怕你，你只会天上飞不敢地上爬，炸了8000次又怎样？"",""view"":[""写作线"",""媒体线"",""晚年线""],""tags"":[""虽千万人，李敖往矣"",""哈囉李敖"",""微博"",""140字"",""轰炸何用？""],""people"":[""李敖""],""places"":[],""works"":[""虽千万人，李敖往矣"",""哈囉李敖""],""certainty"":""confirmed"",""source"":{""book"":""虽千万人，李敖往矣"",""chapter"":""041.2015年11月"",""path"":""《大李敖全集5.0》（wjm_tcy版）分章节/005.诗集语录类/005.虽千万人，李敖往矣/041.2015年11月.txt"",""line"":105,""lines"":[105,107,109]},""crossReferences"":[],""round"":""2026-07-11-sui-qianwan-li-ao-wangyi-daily-completion"",""dataFile"":""data/timeline-events-sui-qianwan-li-ao-wangyi.json""}"
"29059","2015","2015-11-19","2015-11-19","day","","李敖主张二〇一六后彻底消灭国民党，并以党产追查替民进党开局","他认为国民党让共产党误以为还能按国共旧经验谈判，所以应该被消灭；选后应立法清查党产，把李登辉、连战、马英九的责任查出来，并重提刘泰英只能管五百万以下、真正大钱须李登辉批准的说法。","李敖、廖筱君、马英九、朱立伦、习近平、陈水扁、李登辉、连战、刘泰英、张光锦","台湾、大陆","李敖政论综艺集、第十九轮、closeout、节目访谈、第183集、国民党、党产、二〇一六选举、李登辉、刘泰英","public","新台湾加油","li-ao-zhenglun-zongyiji-178-says-bian-protected-kmt-party-assets-by-not-using-german-model、li-ao-zhenglun-zongyiji-168-lists-party-assets-and-fubon-mei-heshi-five-cases-against-ma-clean-image","","","","","","[]","data/timeline-events-li-ao-zhenglun-zongyiji.json","li-ao-zhenglun-zongyiji-183-calls-for-kmt-elimination-through-party-assets-after-2016-election","{""id"":""li-ao-zhenglun-zongyiji-183-calls-for-kmt-elimination-through-party-assets-after-2016-election"",""date"":""2015-11-19"",""year"":2015,""month"":11,""day"":19,""title"":""李敖主张二〇一六后彻底消灭国民党，并以党产追查替民进党开局"",""summary"":""他认为国民党让共产党误以为还能按国共旧经验谈判，所以应该被消灭；选后应立法清查党产，把李登辉、连战、马英九的责任查出来，并重提刘泰英只能管五百万以下、真正大钱须李登辉批准的说法。"",""category"":""media"",""source"":""《大李敖全集5.0》（wjm_tcy版）分章节/010.节目演讲类/012.李敖政论综艺集/183.20151119《新台湾加油》.txt"",""sourceLines"":[89,97],""lineCount"":185,""people"":[""李敖"",""廖筱君"",""马英九"",""朱立伦"",""习近平"",""陈水扁"",""李登辉"",""连战"",""刘泰英"",""张光锦""],""places"":[""台湾"",""大陆""],""works"":[""新台湾加油""],""tags"":[""李敖政论综艺集"",""第十九轮"",""closeout"",""节目访谈"",""第183集"",""国民党"",""党产"",""二〇一六选举"",""李登辉"",""刘泰英""],""crossReferences"":[""li-ao-zhenglun-zongyiji-178-says-bian-protected-kmt-party-assets-by-not-using-german-model"",""li-ao-zhenglun-zongyiji-168-lists-party-assets-and-fubon-mei-heshi-five-cases-against-ma-clean-image""],""view"":[""public""],""confidence"":""high"",""round"":""li-ao-zhenglun-zongyiji-round019-181-186-closeout"",""dataFile"":""data/timeline-events-li-ao-zhenglun-zongyiji.json""}"
"29060","2015","2015-11-19","2015-11-19","day","","李敖用太平岛推演台湾不敢承认领土与大陆徒手登陆共同保卫的困局","谈南海时，他怀疑马英九卸任前可能承认太平岛是中华民国领土，好让大陆继承这个主张；又设想大陆派两个团不带武器登陆说要共同保卫，台湾只有一个连、三十多人无法阻挡，最后接到台湾不必再养军队、靠警察维持治安的主张。","李敖、廖筱君、马英九、刘玉章、俞大维","台湾、太平岛、南海、金门","李敖政论综艺集、第十九轮、closeout、节目访谈、第183集、太平岛、南海、中华民国、共同保卫、废军队","public","新台湾加油","","","","","","","[]","data/timeline-events-li-ao-zhenglun-zongyiji.json","li-ao-zhenglun-zongyiji-183-turns-taiping-island-into-test-of-roc-claim-and-mainland-landing-scenario","{""id"":""li-ao-zhenglun-zongyiji-183-turns-taiping-island-into-test-of-roc-claim-and-mainland-landing-scenario"",""date"":""2015-11-19"",""year"":2015,""month"":11,""day"":19,""title"":""李敖用太平岛推演台湾不敢承认领土与大陆徒手登陆共同保卫的困局"",""summary"":""谈南海时，他怀疑马英九卸任前可能承认太平岛是中华民国领土，好让大陆继承这个主张；又设想大陆派两个团不带武器登陆说要共同保卫，台湾只有一个连、三十多人无法阻挡，最后接到台湾不必再养军队、靠警察维持治安的主张。"",""category"":""media"",""source"":""《大李敖全集5.0》（wjm_tcy版）分章节/010.节目演讲类/012.李敖政论综艺集/183.20151119《新台湾加油》.txt"",""sourceLines"":[69,85],""lineCount"":185,""people"":[""李敖"",""廖筱君"",""马英九"",""刘玉章"",""俞大维""],""places"":[""台湾"",""太平岛"",""南海"",""金门""],""works"":[""新台湾加油""],""tags"":[""李敖政论综艺集"",""第十九轮"",""closeout"",""节目访谈"",""第183集"",""太平岛"",""南海"",""中华民国"",""共同保卫"",""废军队""],""crossReferences"":[],""view"":[""public""],""confidence"":""high"",""round"":""li-ao-zhenglun-zongyiji-round019-181-186-closeout"",""dataFile"":""data/timeline-events-li-ao-zhenglun-zongyiji.json""}"
"29061","2015","2015-11-19","2015-11-19","day","","李敖用蔡英文十五年前立院记录说不必忧虑她，又把台湾前途交给美国层级","他拿出蔡英文任陆委会主委时同洪秀柱质询的记录，指出蔡当年比现在更明白地尊重国统纲领；但他随即说台湾人从来没有决定台湾前途的余地，美国骗台湾四十次、五十二次，《台湾关系法》也只说严重关切，爱国者飞弹和长程雷达都是让台湾替美国花钱。","李敖、廖筱君、蔡英文、洪秀柱、马英九、陈水扁、钱复、沈剑虹","台湾、美国、台北、高雄、台南、花莲、新疆、福建","李敖政论综艺集、第十九轮、closeout、节目访谈、第183集、蔡英文、国统纲领、台湾关系法、美国不可靠、军购","public","新台湾加油、台湾关系法、钱复回忆录、沈剑虹回忆录","li-ao-zhenglun-zongyiji-178-uses-cai-ingwen-2000-legislative-record-to-pin-her-to-unification-guidelines、li-ao-zhenglun-zongyiji-179-says-us-trips-expose-fake-sovereignty-and-tra-only-serious-concern","","","","","","[]","data/timeline-events-li-ao-zhenglun-zongyiji.json","li-ao-zhenglun-zongyiji-183-uses-fifteen-year-tsai-record-to-say-do-not-worry-her-but-taiwan-cannot-decide-future","{""id"":""li-ao-zhenglun-zongyiji-183-uses-fifteen-year-tsai-record-to-say-do-not-worry-her-but-taiwan-cannot-decide-future"",""date"":""2015-11-19"",""year"":2015,""month"":11,""day"":19,""title"":""李敖用蔡英文十五年前立院记录说不必忧虑她，又把台湾前途交给美国层级"",""summary"":""他拿出蔡英文任陆委会主委时同洪秀柱质询的记录，指出蔡当年比现在更明白地尊重国统纲领；但他随即说台湾人从来没有决定台湾前途的余地，美国骗台湾四十次、五十二次，《台湾关系法》也只说严重关切，爱国者飞弹和长程雷达都是让台湾替美国花钱。"",""category"":""media"",""source"":""《大李敖全集5.0》（wjm_tcy版）分章节/010.节目演讲类/012.李敖政论综艺集/183.20151119《新台湾加油》.txt"",""sourceLines"":[57,65],""lineCount"":185,""people"":[""李敖"",""廖筱君"",""蔡英文"",""洪秀柱"",""马英九"",""陈水扁"",""钱复"",""沈剑虹""],""places"":[""台湾"",""美国"",""台北"",""高雄"",""台南"",""花莲"",""新疆"",""福建""],""works"":[""新台湾加油"",""台湾关系法"",""钱复回忆录"",""沈剑虹回忆录""],""tags"":[""李敖政论综艺集"",""第十九轮"",""closeout"",""节目访谈"",""第183集"",""蔡英文"",""国统纲领"",""台湾关系法"",""美国不可靠"",""军购""],""crossReferences"":[""li-ao-zhenglun-zongyiji-178-uses-cai-ingwen-2000-legislative-record-to-pin-her-to-unification-guidelines"",""li-ao-zhenglun-zongyiji-179-says-us-trips-expose-fake-sovereignty-and-tra-only-serious-concern""],""view"":[""public""],""confidence"":""high"",""round"":""li-ao-zhenglun-zongyiji-round019-181-186-closeout"",""dataFile"":""data/timeline-events-li-ao-zhenglun-zongyiji.json""}"
"29062","2015","2015-11-19","2015-11-19","day","","李敖把反攻大陆二十六年、台独三十年和洪秀柱国民党旧思想并列成假政治","他说民进党有机会公投台独却跑掉，国民党反攻大陆骗二十六年，台独也骗三十年，中华民国成了三方都各取所需的怪胎；谈到洪秀柱时又说她的父亲是政治犯，本该像他一样干到底，却仍同国民党混在一起，思想停在保卫大台湾时代。","李敖、廖筱君、蔡同荣、陈水扁、李文忠、彭明敏、谢聪敏、毛泽东、基辛格、洪秀柱、许历农","台湾、大陆、北京","李敖政论综艺集、第十九轮、closeout、节目访谈、第183集、台独、反攻大陆、中华民国、洪秀柱、黄复兴","public","新台湾加油、台湾自救运动宣言、中国论","li-ao-zhenglun-zongyiji-179-calls-hung-hsiu-chu-only-living-kmt-figure-and-kmt-a-cross-strait-illusion、li-ao-zhenglun-zongyiji-180-calls-hung-hsiu-chu-restoration-of-kmt-fierce-spirit","","","","","","[]","data/timeline-events-li-ao-zhenglun-zongyiji.json","li-ao-zhenglun-zongyiji-183-equates-counterattack-and-independence-as-long-running-frauds-and-places-hung-in-old-kmt-world","{""id"":""li-ao-zhenglun-zongyiji-183-equates-counterattack-and-independence-as-long-running-frauds-and-places-hung-in-old-kmt-world"",""date"":""2015-11-19"",""year"":2015,""month"":11,""day"":19,""title"":""李敖把反攻大陆二十六年、台独三十年和洪秀柱国民党旧思想并列成假政治"",""summary"":""他说民进党有机会公投台独却跑掉，国民党反攻大陆骗二十六年，台独也骗三十年，中华民国成了三方都各取所需的怪胎；谈到洪秀柱时又说她的父亲是政治犯，本该像他一样干到底，却仍同国民党混在一起，思想停在保卫大台湾时代。"",""category"":""media"",""source"":""《大李敖全集5.0》（wjm_tcy版）分章节/010.节目演讲类/012.李敖政论综艺集/183.20151119《新台湾加油》.txt"",""sourceLines"":[99,117],""lineCount"":185,""people"":[""李敖"",""廖筱君"",""蔡同荣"",""陈水扁"",""李文忠"",""彭明敏"",""谢聪敏"",""毛泽东"",""基辛格"",""洪秀柱"",""许历农""],""places"":[""台湾"",""大陆"",""北京""],""works"":[""新台湾加油"",""台湾自救运动宣言"",""中国论""],""tags"":[""李敖政论综艺集"",""第十九轮"",""closeout"",""节目访谈"",""第183集"",""台独"",""反攻大陆"",""中华民国"",""洪秀柱"",""黄复兴""],""crossReferences"":[""li-ao-zhenglun-zongyiji-179-calls-hung-hsiu-chu-only-living-kmt-figure-and-kmt-a-cross-strait-illusion"",""li-ao-zhenglun-zongyiji-180-calls-hung-hsiu-chu-restoration-of-kmt-fierce-spirit""],""view"":[""public""],""confidence"":""high"",""round"":""li-ao-zhenglun-zongyiji-round019-181-186-closeout"",""dataFile"":""data/timeline-events-li-ao-zhenglun-zongyiji.json""}"
"29063","2015","2015-11-19","2015-11-19","day","","李敖把王金平的力量解释为私人交情和政党协商，并举自己欠税赴北京演讲案","他说王金平的干法不是党不党，而是地下活动和私人交情；自己当年因欠税五百万不能出境去北大清华演讲，王金平便去关说国税局，放他一个月出境，一个月后再继续追究，这正是台湾政治。","李敖、廖筱君、王金平、马英九、朱立伦","台湾、北京、北京大学、清华大学","李敖政论综艺集、第十九轮、closeout、节目访谈、第183集、王金平、政党协商、私人交情、关说、北京演讲","public","新台湾加油","li-ao-zhenglun-zongyiji-177-credits-wang-jinpyng-with-corrupting-dpp-into-second-kmt、li-ao-zhenglun-zongyiji-178-calls-king-simple-ma-ungrateful-and-wang-soong-political-geniuses","","","","","","[]","data/timeline-events-li-ao-zhenglun-zongyiji.json","li-ao-zhenglun-zongyiji-183-credits-wang-jinpyng-private-networks-and-recalls-tax-office-favor-for-beijing-trip","{""id"":""li-ao-zhenglun-zongyiji-183-credits-wang-jinpyng-private-networks-and-recalls-tax-office-favor-for-beijing-trip"",""date"":""2015-11-19"",""year"":2015,""month"":11,""day"":19,""title"":""李敖把王金平的力量解释为私人交情和政党协商，并举自己欠税赴北京演讲案"",""summary"":""他说王金平的干法不是党不党，而是地下活动和私人交情；自己当年因欠税五百万不能出境去北大清华演讲，王金平便去关说国税局，放他一个月出境，一个月后再继续追究，这正是台湾政治。"",""category"":""media"",""source"":""《大李敖全集5.0》（wjm_tcy版）分章节/010.节目演讲类/012.李敖政论综艺集/183.20151119《新台湾加油》.txt"",""sourceLines"":[133,145],""lineCount"":185,""people"":[""李敖"",""廖筱君"",""王金平"",""马英九"",""朱立伦""],""places"":[""台湾"",""北京"",""北京大学"",""清华大学""],""works"":[""新台湾加油""],""tags"":[""李敖政论综艺集"",""第十九轮"",""closeout"",""节目访谈"",""第183集"",""王金平"",""政党协商"",""私人交情"",""关说"",""北京演讲""],""crossReferences"":[""li-ao-zhenglun-zongyiji-177-credits-wang-jinpyng-with-corrupting-dpp-into-second-kmt"",""li-ao-zhenglun-zongyiji-178-calls-king-simple-ma-ungrateful-and-wang-soong-political-geniuses""],""view"":[""public""],""confidence"":""high"",""round"":""li-ao-zhenglun-zongyiji-round019-181-186-closeout"",""dataFile"":""data/timeline-events-li-ao-zhenglun-zongyiji.json""}"
"29064","2015","2015-11-19","2015-11-19","day","","李敖把宋莹配说成宋楚瑜无奈接触民间宗教票，并借此重提李敖条款","在选前副手话题里，他认为宋楚瑜同徐欣莹搭配是走投无路，徐背后有民间信仰和妙天票源；他还说登记时徐一定要加入亲民党，因为十五年前他代表新党参选但非党员，中央选委会才立出总统副总统同党登记的李敖条款。","李敖、廖筱君、宋楚瑜、徐欣莹、妙天","台湾","李敖政论综艺集、第十九轮、closeout、节目访谈、第183集、宋莹配、徐欣莹、民间宗教、李敖条款、二〇一六选举","public","新台湾加油","li-ao-zhenglun-zongyiji-177-makes-soong-pivot-for-five-2016-combination-options","","","","","","[]","data/timeline-events-li-ao-zhenglun-zongyiji.json","li-ao-zhenglun-zongyiji-183-calls-soong-hsu-ticket-desperate-and-revives-li-ao-clause","{""id"":""li-ao-zhenglun-zongyiji-183-calls-soong-hsu-ticket-desperate-and-revives-li-ao-clause"",""date"":""2015-11-19"",""year"":2015,""month"":11,""day"":19,""title"":""李敖把宋莹配说成宋楚瑜无奈接触民间宗教票，并借此重提李敖条款"",""summary"":""在选前副手话题里，他认为宋楚瑜同徐欣莹搭配是走投无路，徐背后有民间信仰和妙天票源；他还说登记时徐一定要加入亲民党，因为十五年前他代表新党参选但非党员，中央选委会才立出总统副总统同党登记的李敖条款。"",""category"":""media"",""source"":""《大李敖全集5.0》（wjm_tcy版）分章节/010.节目演讲类/012.李敖政论综艺集/183.20151119《新台湾加油》.txt"",""sourceLines"":[7,33],""lineCount"":185,""people"":[""李敖"",""廖筱君"",""宋楚瑜"",""徐欣莹"",""妙天""],""places"":[""台湾""],""works"":[""新台湾加油""],""tags"":[""李敖政论综艺集"",""第十九轮"",""closeout"",""节目访谈"",""第183集"",""宋莹配"",""徐欣莹"",""民间宗教"",""李敖条款"",""二〇一六选举""],""crossReferences"":[""li-ao-zhenglun-zongyiji-177-makes-soong-pivot-for-five-2016-combination-options""],""view"":[""public""],""confidence"":""high"",""round"":""li-ao-zhenglun-zongyiji-round019-181-186-closeout"",""dataFile"":""data/timeline-events-li-ao-zhenglun-zongyiji.json""}"
"29065","2015","2015-11-19","2015-11-19","day","","李敖称蔡英文用陈建仁是高招，因为她不动声色赶走民进党老投机分子","他先说自己同蔡英文不认识，只记得蔡在立法院偷偷说佩服他；随后判断蔡英文进入民进党后把苏贞昌、谢长廷等第一代投机分子一个个赶走，陈建仁这类非老派民进党人能被她控制，正是她了不起之处。","李敖、廖筱君、蔡英文、陈建仁、苏贞昌、谢长廷、陈水扁、吕秀莲、陈菊","台湾、立法院","李敖政论综艺集、第十九轮、closeout、节目访谈、第183集、英仁配、蔡英文、陈建仁、民进党、投机分子","public","新台湾加油","li-ao-zhenglun-zongyiji-169-predicts-tsai-ing-wen-will-win-as-new-style-opportunist-and-says-kmt-is-not-promising、li-ao-zhenglun-zongyiji-178-uses-cai-ingwen-2000-legislative-record-to-pin-her-to-unification-guidelines","","","","","","[]","data/timeline-events-li-ao-zhenglun-zongyiji.json","li-ao-zhenglun-zongyiji-183-praises-tsai-chen-ticket-as-tsai-sideline-old-dpp-opportunists","{""id"":""li-ao-zhenglun-zongyiji-183-praises-tsai-chen-ticket-as-tsai-sideline-old-dpp-opportunists"",""date"":""2015-11-19"",""year"":2015,""month"":11,""day"":19,""title"":""李敖称蔡英文用陈建仁是高招，因为她不动声色赶走民进党老投机分子"",""summary"":""他先说自己同蔡英文不认识，只记得蔡在立法院偷偷说佩服他；随后判断蔡英文进入民进党后把苏贞昌、谢长廷等第一代投机分子一个个赶走，陈建仁这类非老派民进党人能被她控制，正是她了不起之处。"",""category"":""media"",""source"":""《大李敖全集5.0》（wjm_tcy版）分章节/010.节目演讲类/012.李敖政论综艺集/183.20151119《新台湾加油》.txt"",""sourceLines"":[35,53],""lineCount"":185,""people"":[""李敖"",""廖筱君"",""蔡英文"",""陈建仁"",""苏贞昌"",""谢长廷"",""陈水扁"",""吕秀莲"",""陈菊""],""places"":[""台湾"",""立法院""],""works"":[""新台湾加油""],""tags"":[""李敖政论综艺集"",""第十九轮"",""closeout"",""节目访谈"",""第183集"",""英仁配"",""蔡英文"",""陈建仁"",""民进党"",""投机分子""],""crossReferences"":[""li-ao-zhenglun-zongyiji-169-predicts-tsai-ing-wen-will-win-as-new-style-opportunist-and-says-kmt-is-not-promising"",""li-ao-zhenglun-zongyiji-178-uses-cai-ingwen-2000-legislative-record-to-pin-her-to-unification-guidelines""],""view"":[""public""],""confidence"":""high"",""round"":""li-ao-zhenglun-zongyiji-round019-181-186-closeout"",""dataFile"":""data/timeline-events-li-ao-zhenglun-zongyiji.json""}"
"29066","2015","2015-11-19","2015年11月19日星期四","day","confirmed","李敖在微博发表“中国人民的信念”","2015年11月19日，李敖在“哈囉李敖”微博发表“中国人民的信念”：中国人民的信念：1.为了富国强兵，我们忍受一党专政；2.为了我们的小康，我们忍受他们的贪污；3.为了未来主流，我们忍受今天的逆流；4.为了相信中国是中国、他们是他们，我们忍受屈辱、接受和平共存。以上四大忍受，是我奉劝你的，但我自己全不接受，“起来，不愿做奴隶的人们。”就是我！","李敖","","虽千万人，李敖往矣、哈囉李敖、微博、140字、中国人民的信念","写作线、媒体线、晚年线","虽千万人，李敖往矣、哈囉李敖","","虽千万人，李敖往矣","041.2015年11月","111","《大李敖全集5.0》（wjm_tcy版）分章节/005.诗集语录类/005.虽千万人，李敖往矣/041.2015年11月.txt","","[]","data/timeline-events-sui-qianwan-li-ao-wangyi.json","sui-qianwan-2015-11-19-daily-weibo","{""id"":""sui-qianwan-2015-11-19-daily-weibo"",""date"":""2015-11-19"",""displayDate"":""2015年11月19日星期四"",""datePrecision"":""day"",""title"":""李敖在微博发表“中国人民的信念”"",""summary"":""2015年11月19日，李敖在“哈囉李敖”微博发表“中国人民的信念”：中国人民的信念：1.为了富国强兵，我们忍受一党专政；2.为了我们的小康，我们忍受他们的贪污；3.为了未来主流，我们忍受今天的逆流；4.为了相信中国是中国、他们是他们，我们忍受屈辱、接受和平共存。以上四大忍受，是我奉劝你的，但我自己全不接受，“起来，不愿做奴隶的人们。”就是我！"",""view"":[""写作线"",""媒体线"",""晚年线""],""tags"":[""虽千万人，李敖往矣"",""哈囉李敖"",""微博"",""140字"",""中国人民的信念""],""people"":[""李敖""],""places"":[],""works"":[""虽千万人，李敖往矣"",""哈囉李敖""],""certainty"":""confirmed"",""source"":{""book"":""虽千万人，李敖往矣"",""chapter"":""041.2015年11月"",""path"":""《大李敖全集5.0》（wjm_tcy版）分章节/005.诗集语录类/005.虽千万人，李敖往矣/041.2015年11月.txt"",""line"":111,""lines"":[111,113,115]},""crossReferences"":[],""round"":""2026-07-11-sui-qianwan-li-ao-wangyi-daily-completion"",""dataFile"":""data/timeline-events-sui-qianwan-li-ao-wangyi.json""}"
"29067","2015","2015-11-20","2015年11月20日星期五","day","confirmed","李敖住院时陈文茜送来一盆花和卡片","《2015年11月》“一盆好花”写，2015年11月20日，李敖回忆自己在台北住院时，只有陈文茜送来一盆好花；陈文茜附卡写“修身养性，美女如云”。李敖又把这与香港演讲时林青霞送花相对照。","李敖、陈文茜、林青霞","台北","陈文茜、住院、送花、卡片","交游线、健康线、晚年线","虽千万人，李敖往矣","","虽千万人，李敖往矣","041.2015年11月","121","《大李敖全集5.0》（wjm_tcy版）分章节/005.诗集语录类/005.虽千万人，李敖往矣/041.2015年11月.txt","","[]","data/timeline-events-sui-qianwan-li-ao-wangyi.json","sui-qianwan-2015-11-20-chen-wenqian-sends-flower-and-card-during-hospitalization","{""id"":""sui-qianwan-2015-11-20-chen-wenqian-sends-flower-and-card-during-hospitalization"",""date"":""2015-11-20"",""displayDate"":""2015年11月20日星期五"",""datePrecision"":""day"",""title"":""李敖住院时陈文茜送来一盆花和卡片"",""summary"":""《2015年11月》“一盆好花”写，2015年11月20日，李敖回忆自己在台北住院时，只有陈文茜送来一盆好花；陈文茜附卡写“修身养性，美女如云”。李敖又把这与香港演讲时林青霞送花相对照。"",""view"":[""交游线"",""健康线"",""晚年线""],""tags"":[""陈文茜"",""住院"",""送花"",""卡片""],""people"":[""李敖"",""陈文茜"",""林青霞""],""places"":[""台北""],""works"":[""虽千万人，李敖往矣""],""certainty"":""confirmed"",""source"":{""book"":""虽千万人，李敖往矣"",""chapter"":""041.2015年11月"",""path"":""《大李敖全集5.0》（wjm_tcy版）分章节/005.诗集语录类/005.虽千万人，李敖往矣/041.2015年11月.txt"",""line"":121},""dataFile"":""data/timeline-events-sui-qianwan-li-ao-wangyi.json""}"
"29068","2015","2015-11-21","2015年11月21日星期六","day","confirmed","李敖观察病房窗户与每夜栖在窗外的孤鸟","《2015年11月》“孤鸽”写，2015年11月21日，李敖住在病房里端详建筑：狭长房间只有一面有窗，下排主窗封闭，上排副窗太高；窗外水泥框角每夜有一只孤鸟栖息。此条为病房日常观察。","李敖","台北","病房、窗户、住院、日常观察","健康线、日常线、晚年线","虽千万人，李敖往矣","","虽千万人，李敖往矣","041.2015年11月","127","《大李敖全集5.0》（wjm_tcy版）分章节/005.诗集语录类/005.虽千万人，李敖往矣/041.2015年11月.txt","","[]","data/timeline-events-sui-qianwan-li-ao-wangyi.json","sui-qianwan-2015-11-21-records-hospital-room-window-and-nightly-bird","{""id"":""sui-qianwan-2015-11-21-records-hospital-room-window-and-nightly-bird"",""date"":""2015-11-21"",""displayDate"":""2015年11月21日星期六"",""datePrecision"":""day"",""title"":""李敖观察病房窗户与每夜栖在窗外的孤鸟"",""summary"":""《2015年11月》“孤鸽”写，2015年11月21日，李敖住在病房里端详建筑：狭长房间只有一面有窗，下排主窗封闭，上排副窗太高；窗外水泥框角每夜有一只孤鸟栖息。此条为病房日常观察。"",""view"":[""健康线"",""日常线"",""晚年线""],""tags"":[""病房"",""窗户"",""住院"",""日常观察""],""people"":[""李敖""],""places"":[""台北""],""works"":[""虽千万人，李敖往矣""],""certainty"":""confirmed"",""source"":{""book"":""虽千万人，李敖往矣"",""chapter"":""041.2015年11月"",""path"":""《大李敖全集5.0》（wjm_tcy版）分章节/005.诗集语录类/005.虽千万人，李敖往矣/041.2015年11月.txt"",""line"":127},""dataFile"":""data/timeline-events-sui-qianwan-li-ao-wangyi.json""}"
"29069","2015","2015-11-22","2015年11月22日星期日","day","confirmed","李敖在微博发表“谁玩谁啊？”","2015年11月22日，李敖在“哈囉李敖”微博发表“谁玩谁啊？”：金马终身成就奖给了92岁的李丽华，为了她拍片130部，演过名门闺秀、江湖儿女、女皇贵妃、风流寡妇，风光75年。不过，我倒别有看法：李丽华一生被政治势力玩，也一生玩回去，要玩就玩：汉奸也、日本人也、国民党也、共产党也，她无不周旋。以一介女子，颠倒众生于颠倒黑白间，亦云烈矣！","李敖","","虽千万人，李敖往矣、哈囉李敖、微博、140字、谁玩谁啊？","写作线、媒体线、晚年线","虽千万人，李敖往矣、哈囉李敖","","虽千万人，李敖往矣","041.2015年11月","129","《大李敖全集5.0》（wjm_tcy版）分章节/005.诗集语录类/005.虽千万人，李敖往矣/041.2015年11月.txt","","[]","data/timeline-events-sui-qianwan-li-ao-wangyi.json","sui-qianwan-2015-11-22-daily-weibo","{""id"":""sui-qianwan-2015-11-22-daily-weibo"",""date"":""2015-11-22"",""displayDate"":""2015年11月22日星期日"",""datePrecision"":""day"",""title"":""李敖在微博发表“谁玩谁啊？”"",""summary"":""2015年11月22日，李敖在“哈囉李敖”微博发表“谁玩谁啊？”：金马终身成就奖给了92岁的李丽华，为了她拍片130部，演过名门闺秀、江湖儿女、女皇贵妃、风流寡妇，风光75年。不过，我倒别有看法：李丽华一生被政治势力玩，也一生玩回去，要玩就玩：汉奸也、日本人也、国民党也、共产党也，她无不周旋。以一介女子，颠倒众生于颠倒黑白间，亦云烈矣！"",""view"":[""写作线"",""媒体线"",""晚年线""],""tags"":[""虽千万人，李敖往矣"",""哈囉李敖"",""微博"",""140字"",""谁玩谁啊？""],""people"":[""李敖""],""places"":[],""works"":[""虽千万人，李敖往矣"",""哈囉李敖""],""certainty"":""confirmed"",""source"":{""book"":""虽千万人，李敖往矣"",""chapter"":""041.2015年11月"",""path"":""《大李敖全集5.0》（wjm_tcy版）分章节/005.诗集语录类/005.虽千万人，李敖往矣/041.2015年11月.txt"",""line"":129,""lines"":[129,131,133]},""crossReferences"":[],""round"":""2026-07-11-sui-qianwan-li-ao-wangyi-daily-completion"",""dataFile"":""data/timeline-events-sui-qianwan-li-ao-wangyi.json""}"
"29070","2015","2015-11-23","2015年11月23日星期一","day","confirmed","李敖在微博发表“无辜而死知多少？”","2015年11月23日，李敖在“哈囉李敖”微博发表“无辜而死知多少？”：去年11月24日英国《卫报》网站（www.theguardian.com）统计过：美国利用无人飞机到他国肆虐，一次针对41人的轰炸中，就造成1147人的无辜死亡，相当于杀一个美国人眼中的“坏人”，要有28名无辜妇女与儿童陪上性命！也就是说：杀一个“坏人”，要28条好人陪死！此美式正义也！","李敖","","虽千万人，李敖往矣、哈囉李敖、微博、140字、无辜而死知多少？","写作线、媒体线、晚年线","虽千万人，李敖往矣、哈囉李敖","","虽千万人，李敖往矣","041.2015年11月","135","《大李敖全集5.0》（wjm_tcy版）分章节/005.诗集语录类/005.虽千万人，李敖往矣/041.2015年11月.txt","","[]","data/timeline-events-sui-qianwan-li-ao-wangyi.json","sui-qianwan-2015-11-23-daily-weibo","{""id"":""sui-qianwan-2015-11-23-daily-weibo"",""date"":""2015-11-23"",""displayDate"":""2015年11月23日星期一"",""datePrecision"":""day"",""title"":""李敖在微博发表“无辜而死知多少？”"",""summary"":""2015年11月23日，李敖在“哈囉李敖”微博发表“无辜而死知多少？”：去年11月24日英国《卫报》网站（www.theguardian.com）统计过：美国利用无人飞机到他国肆虐，一次针对41人的轰炸中，就造成1147人的无辜死亡，相当于杀一个美国人眼中的“坏人”，要有28名无辜妇女与儿童陪上性命！也就是说：杀一个“坏人”，要28条好人陪死！此美式正义也！"",""view"":[""写作线"",""媒体线"",""晚年线""],""tags"":[""虽千万人，李敖往矣"",""哈囉李敖"",""微博"",""140字"",""无辜而死知多少？""],""people"":[""李敖""],""places"":[],""works"":[""虽千万人，李敖往矣"",""哈囉李敖""],""certainty"":""confirmed"",""source"":{""book"":""虽千万人，李敖往矣"",""chapter"":""041.2015年11月"",""path"":""《大李敖全集5.0》（wjm_tcy版）分章节/005.诗集语录类/005.虽千万人，李敖往矣/041.2015年11月.txt"",""line"":135,""lines"":[135,137,139]},""crossReferences"":[],""round"":""2026-07-11-sui-qianwan-li-ao-wangyi-daily-completion"",""dataFile"":""data/timeline-events-sui-qianwan-li-ao-wangyi.json""}"
"29071","2015","2015-11-25","2015年11月25日星期三","day","confirmed","李敖在微博发表“忏情”","2015年11月25日，李敖在“哈囉李敖”微博发表“忏情”：《传记文学》老板刘绍唐死前，感于李敖“反蒋路线”的正确，遗命藏书送我，表示忏情；《康熙来了》第一集请我做来宾，我表达“反俗路线”的正确，小S茫然无知，蔡康永尚明大义。如今12年蹉跎了、掐死康熙前，蔡康永应感于他“俗化两岸”的错误，表示忏情。本来可以不见利忘义的，却忘了。","李敖","","虽千万人，李敖往矣、哈囉李敖、微博、140字、忏情","写作线、媒体线、晚年线","虽千万人，李敖往矣、哈囉李敖","","虽千万人，李敖往矣","041.2015年11月","141","《大李敖全集5.0》（wjm_tcy版）分章节/005.诗集语录类/005.虽千万人，李敖往矣/041.2015年11月.txt","","[]","data/timeline-events-sui-qianwan-li-ao-wangyi.json","sui-qianwan-2015-11-25-daily-weibo","{""id"":""sui-qianwan-2015-11-25-daily-weibo"",""date"":""2015-11-25"",""displayDate"":""2015年11月25日星期三"",""datePrecision"":""day"",""title"":""李敖在微博发表“忏情”"",""summary"":""2015年11月25日，李敖在“哈囉李敖”微博发表“忏情”：《传记文学》老板刘绍唐死前，感于李敖“反蒋路线”的正确，遗命藏书送我，表示忏情；《康熙来了》第一集请我做来宾，我表达“反俗路线”的正确，小S茫然无知，蔡康永尚明大义。如今12年蹉跎了、掐死康熙前，蔡康永应感于他“俗化两岸”的错误，表示忏情。本来可以不见利忘义的，却忘了。"",""view"":[""写作线"",""媒体线"",""晚年线""],""tags"":[""虽千万人，李敖往矣"",""哈囉李敖"",""微博"",""140字"",""忏情""],""people"":[""李敖""],""places"":[],""works"":[""虽千万人，李敖往矣"",""哈囉李敖""],""certainty"":""confirmed"",""source"":{""book"":""虽千万人，李敖往矣"",""chapter"":""041.2015年11月"",""path"":""《大李敖全集5.0》（wjm_tcy版）分章节/005.诗集语录类/005.虽千万人，李敖往矣/041.2015年11月.txt"",""line"":141,""lines"":[141,143,145]},""crossReferences"":[],""round"":""2026-07-11-sui-qianwan-li-ao-wangyi-daily-completion"",""dataFile"":""data/timeline-events-sui-qianwan-li-ao-wangyi.json""}"
"29072","2015","2015-11-26","2015年11月26日星期四","day","confirmed","李敖在微博发表“共产党终于发现”","2015年11月26日，李敖在“哈囉李敖”微博发表“共产党终于发现”：共产党终于发现：1.马克思原来是牛屄克思；2.失败的共产党原来是成功的资本家；3.文革是大混蛋革小混蛋，文革以后是小混蛋革自己；4.中国在共产党折腾下，变成强国；5.毛的生，使中国发光；毛的死，使中国光芒万丈；6.反革命比革命还革命；7.李敖是危险份子，国民党抓他关他是有道理的。","李敖","","虽千万人，李敖往矣、哈囉李敖、微博、140字、共产党终于发现","写作线、媒体线、晚年线","虽千万人，李敖往矣、哈囉李敖","","虽千万人，李敖往矣","041.2015年11月","147","《大李敖全集5.0》（wjm_tcy版）分章节/005.诗集语录类/005.虽千万人，李敖往矣/041.2015年11月.txt","","[]","data/timeline-events-sui-qianwan-li-ao-wangyi.json","sui-qianwan-2015-11-26-daily-weibo","{""id"":""sui-qianwan-2015-11-26-daily-weibo"",""date"":""2015-11-26"",""displayDate"":""2015年11月26日星期四"",""datePrecision"":""day"",""title"":""李敖在微博发表“共产党终于发现”"",""summary"":""2015年11月26日，李敖在“哈囉李敖”微博发表“共产党终于发现”：共产党终于发现：1.马克思原来是牛屄克思；2.失败的共产党原来是成功的资本家；3.文革是大混蛋革小混蛋，文革以后是小混蛋革自己；4.中国在共产党折腾下，变成强国；5.毛的生，使中国发光；毛的死，使中国光芒万丈；6.反革命比革命还革命；7.李敖是危险份子，国民党抓他关他是有道理的。"",""view"":[""写作线"",""媒体线"",""晚年线""],""tags"":[""虽千万人，李敖往矣"",""哈囉李敖"",""微博"",""140字"",""共产党终于发现""],""people"":[""李敖""],""places"":[],""works"":[""虽千万人，李敖往矣"",""哈囉李敖""],""certainty"":""confirmed"",""source"":{""book"":""虽千万人，李敖往矣"",""chapter"":""041.2015年11月"",""path"":""《大李敖全集5.0》（wjm_tcy版）分章节/005.诗集语录类/005.虽千万人，李敖往矣/041.2015年11月.txt"",""line"":147,""lines"":[147,149,151]},""crossReferences"":[],""round"":""2026-07-11-sui-qianwan-li-ao-wangyi-daily-completion"",""dataFile"":""data/timeline-events-sui-qianwan-li-ao-wangyi.json""}"
"29073","2015","2015-11-27","2015年11月27日星期五","day","confirmed","李敖记录新书与电视被封，只剩微博一面，同时忙写数本大作","《2015年11月》“寿星老吃砒霜”写，李敖说在祖国不但不准出版新书，也不准上电视，其他封杀花样层出不穷，只在微博上网开一面；他并称自己正忙着写好几本“千秋大作”，即使微博再被封也悉听尊便。","李敖","中国大陆","出版受阻、电视封杀、微博、写作","审查线、写作线、晚年线","虽千万人，李敖往矣","","虽千万人，李敖往矣","041.2015年11月","157","《大李敖全集5.0》（wjm_tcy版）分章节/005.诗集语录类/005.虽千万人，李敖往矣/041.2015年11月.txt","","[]","data/timeline-events-sui-qianwan-li-ao-wangyi.json","sui-qianwan-2015-11-27-records-new-books-tv-banned-and-writing-several-works","{""id"":""sui-qianwan-2015-11-27-records-new-books-tv-banned-and-writing-several-works"",""date"":""2015-11-27"",""displayDate"":""2015年11月27日星期五"",""datePrecision"":""day"",""title"":""李敖记录新书与电视被封，只剩微博一面，同时忙写数本大作"",""summary"":""《2015年11月》“寿星老吃砒霜”写，李敖说在祖国不但不准出版新书，也不准上电视，其他封杀花样层出不穷，只在微博上网开一面；他并称自己正忙着写好几本“千秋大作”，即使微博再被封也悉听尊便。"",""view"":[""审查线"",""写作线"",""晚年线""],""tags"":[""出版受阻"",""电视封杀"",""微博"",""写作""],""people"":[""李敖""],""places"":[""中国大陆""],""works"":[""虽千万人，李敖往矣""],""certainty"":""confirmed"",""source"":{""book"":""虽千万人，李敖往矣"",""chapter"":""041.2015年11月"",""path"":""《大李敖全集5.0》（wjm_tcy版）分章节/005.诗集语录类/005.虽千万人，李敖往矣/041.2015年11月.txt"",""line"":157},""dataFile"":""data/timeline-events-sui-qianwan-li-ao-wangyi.json""}"
"29074","2015","2015-11-28","2015年11月28日星期六","day","confirmed","李敖在微博发表“拒绝修图人生？”","2015年11月28日，李敖在“哈囉李敖”微博发表“拒绝修图人生？”：在社群网站IG拥有60万粉丝的澳洲18岁小妞艾瑟娜·欧尼尔（Essena O'Neill），宣布退出，并删除2000多张照片。她说为了让出钱的满意、让粉丝按赞，她的手脚都被动了手脚，不是真的她自己。我觉得这小妞一定疯了：网上“丛林法则”本来就不全真。同是天涯落网人，你扫人兴，你就全假了！","李敖","","虽千万人，李敖往矣、哈囉李敖、微博、140字、拒绝修图人生？","写作线、媒体线、晚年线","虽千万人，李敖往矣、哈囉李敖","","虽千万人，李敖往矣","041.2015年11月","159","《大李敖全集5.0》（wjm_tcy版）分章节/005.诗集语录类/005.虽千万人，李敖往矣/041.2015年11月.txt","","[]","data/timeline-events-sui-qianwan-li-ao-wangyi.json","sui-qianwan-2015-11-28-daily-weibo","{""id"":""sui-qianwan-2015-11-28-daily-weibo"",""date"":""2015-11-28"",""displayDate"":""2015年11月28日星期六"",""datePrecision"":""day"",""title"":""李敖在微博发表“拒绝修图人生？”"",""summary"":""2015年11月28日，李敖在“哈囉李敖”微博发表“拒绝修图人生？”：在社群网站IG拥有60万粉丝的澳洲18岁小妞艾瑟娜·欧尼尔（Essena O'Neill），宣布退出，并删除2000多张照片。她说为了让出钱的满意、让粉丝按赞，她的手脚都被动了手脚，不是真的她自己。我觉得这小妞一定疯了：网上“丛林法则”本来就不全真。同是天涯落网人，你扫人兴，你就全假了！"",""view"":[""写作线"",""媒体线"",""晚年线""],""tags"":[""虽千万人，李敖往矣"",""哈囉李敖"",""微博"",""140字"",""拒绝修图人生？""],""people"":[""李敖""],""places"":[],""works"":[""虽千万人，李敖往矣"",""哈囉李敖""],""certainty"":""confirmed"",""source"":{""book"":""虽千万人，李敖往矣"",""chapter"":""041.2015年11月"",""path"":""《大李敖全集5.0》（wjm_tcy版）分章节/005.诗集语录类/005.虽千万人，李敖往矣/041.2015年11月.txt"",""line"":159,""lines"":[159,161,163]},""crossReferences"":[],""round"":""2026-07-11-sui-qianwan-li-ao-wangyi-daily-completion"",""dataFile"":""data/timeline-events-sui-qianwan-li-ao-wangyi.json""}"
"29075","2015","2015-01-01","2015年","year","contextual","李敖在微博粉丝破千万后决定把“哈囉李敖”整理成《虽千万人，李敖往矣》足本","《“哈囉李敖”》写，到了“今年初”，李敖已凭140字短文积累上千万粉丝，于是决定把“哈囉李敖”中在大陆被拦截的内容恢复旧观，整理成足本《虽千万人，李敖往矣》。结合2015年4月新书发表报道，这条可作为他把微博短文体正式结集成书的晚年写作节点。","李敖","台北、大陆网络平台","哈囉李敖、虽千万人，李敖往矣、微博、粉丝破千万、2015年初","写作线、媒体线、晚年线","虽千万人，李敖往矣、李敖风流自传","li-ao-fangtanlu-2015-04-04-haixia-daobao-home-interview-before-80th-birthday","李敖风流自传","638.“哈囉李敖”","3","《大李敖全集5.0》（wjm_tcy版）分章节/001.自传回忆类/007.李敖风流自传/638.“哈囉李敖”.txt","外部日期校对 / 李敖推出两本新书庆祝80岁大寿 / line 1 / 说明：2015-04-24 报道确认《虽千万人，李敖往矣》与《李敖风流自传》同场作为80岁新书发布，可用来校定本章所称“今年初”已进入2015年出书阶段。 / https://hkcd.com/content/2015-04/24/content_925817.html || 虽千万人，李敖往矣 / 《虽千万人，李敖往矣》自序 / line 3 / 说明：李敖自序明说粉丝已千万，决定出版《虽千万人，李敖往矣》足本一书，欢庆80岁。 / 《大李敖全集5.0》（wjm_tcy版）分章节/005.诗集语录类/005.虽千万人，李敖往矣/《虽千万人，李敖往矣》自序.txt || 虽千万人，李敖往矣 / 《虽千万人，李敖往矣》自序 / line 5 / 说明：自序补充“哈囉李敖”开笔时已预告将来在岛上出未删完整版，现在完整版兑现。 / 《大李敖全集5.0》（wjm_tcy版）分章节/005.诗集语录类/005.虽千万人，李敖往矣/《虽千万人，李敖往矣》自序.txt || 虽千万人，李敖往矣 / 《虽千万人，李敖往矣》自序 / line 9 / 说明：自序概括每日一则、写了30个月，除了2012全年缺货外迄未小休。 / 《大李敖全集5.0》（wjm_tcy版）分章节/005.诗集语录类/005.虽千万人，李敖往矣/《虽千万人，李敖往矣》自序.txt || 虽千万人，李敖往矣 / 031.2015年1月 / line 91 / 说明：2015年1月14日“哈啰李敖”粉丝破千万，是“粉丝千万”里程碑的日级来源。 / 《大李敖全集5.0》（wjm_tcy版）分章节/005.诗集语录类/005.虽千万人，李敖往矣/031.2015年1月.txt || 虽千万人，李敖往矣 / 033.2015年3月 / line 25 / 说明：李敖明说55年来文字被两岸封杀，4年前由李戡点化开始140字微博；粉丝千万后决定出版《虽千万人，李敖往矣》足本欢庆80岁。 / 《大李敖全集5.0》（wjm_tcy版）分章节/005.诗集语录类/005.虽千万人，李敖往矣/033.2015年3月.txt || 虽千万人，李敖往矣 / 033.2015年3月 / line 29 / 说明：李敖说明开笔时预告的岛上未删完整版已经兑现。 / 《大李敖全集5.0》（wjm_tcy版）分章节/005.诗集语录类/005.虽千万人，李敖往矣/033.2015年3月.txt || 李敖访谈录1990-2018 / 071.20150407《海峡导报》专访李敖 / line 49 / 说明：《海峡导报》访问中，李敖说4月25日80岁生日正出《虽千万人，李敖往矣》，并说明微博粉丝已过千万。 / 《大李敖全集5.0》（wjm_tcy版）分章节/007.采访序跋类/005.李敖访谈录1990-2018/071.20150407《海峡导报》专访李敖.txt","[{""book"":""外部日期校对"",""chapter"":""李敖推出两本新书庆祝80岁大寿"",""path"":""https://hkcd.com/content/2015-04/24/content_925817.html"",""line"":1,""note"":""2015-04-24 报道确认《虽千万人，李敖往矣》与《李敖风流自传》同场作为80岁新书发布，可用来校定本章所称“今年初”已进入2015年出书阶段。""},{""book"":""虽千万人，李敖往矣"",""chapter"":""《虽千万人，李敖往矣》自序"",""path"":""《大李敖全集5.0》（wjm_tcy版）分章节/005.诗集语录类/005.虽千万人，李敖往矣/《虽千万人，李敖往矣》自序.txt"",""line"":3,""note"":""李敖自序明说粉丝已千万，决定出版《虽千万人，李敖往矣》足本一书，欢庆80岁。""},{""book"":""虽千万人，李敖往矣"",""chapter"":""《虽千万人，李敖往矣》自序"",""path"":""《大李敖全集5.0》（wjm_tcy版）分章节/005.诗集语录类/005.虽千万人，李敖往矣/《虽千万人，李敖往矣》自序.txt"",""line"":5,""note"":""自序补充“哈囉李敖”开笔时已预告将来在岛上出未删完整版，现在完整版兑现。""},{""book"":""虽千万人，李敖往矣"",""chapter"":""《虽千万人，李敖往矣》自序"",""path"":""《大李敖全集5.0》（wjm_tcy版）分章节/005.诗集语录类/005.虽千万人，李敖往矣/《虽千万人，李敖往矣》自序.txt"",""line"":9,""note"":""自序概括每日一则、写了30个月，除了2012全年缺货外迄未小休。""},{""book"":""虽千万人，李敖往矣"",""chapter"":""031.2015年1月"",""path"":""《大李敖全集5.0》（wjm_tcy版）分章节/005.诗集语录类/005.虽千万人，李敖往矣/031.2015年1月.txt"",""line"":91,""note"":""2015年1月14日“哈啰李敖”粉丝破千万，是“粉丝千万”里程碑的日级来源。""},{""book"":""虽千万人，李敖往矣"",""chapter"":""033.2015年3月"",""path"":""《大李敖全集5.0》（wjm_tcy版）分章节/005.诗集语录类/005.虽千万人，李敖往矣/033.2015年3月.txt"",""line"":25,""note"":""李敖明说55年来文字被两岸封杀，4年前由李戡点化开始140字微博；粉丝千万后决定出版《虽千万人，李敖往矣》足本欢庆80岁。""},{""book"":""虽千万人，李敖往矣"",""chapter"":""033.2015年3月"",""path"":""《大李敖全集5.0》（wjm_tcy版）分章节/005.诗集语录类/005.虽千万人，李敖往矣/033.2015年3月.txt"",""line"":29,""note"":""李敖说明开笔时预告的岛上未删完整版已经兑现。""},{""book"":""李敖访谈录1990-2018"",""chapter"":""071.20150407《海峡导报》专访李敖"",""path"":""《大李敖全集5.0》（wjm_tcy版）分章节/007.采访序跋类/005.李敖访谈录1990-2018/071.20150407《海峡导报》专访李敖.txt"",""line"":49,""lines"":[45,47,49],""note"":""《海峡导报》访问中，李敖说4月25日80岁生日正出《虽千万人，李敖往矣》，并说明微博粉丝已过千万。""}]","data/timeline-events-seventh-book.json","book7-2015-early-turns-hello-li-ao-into-full-book-though-ten-million-followers-milestone","{""id"":""book7-2015-early-turns-hello-li-ao-into-full-book-though-ten-million-followers-milestone"",""date"":""2015-01-01"",""displayDate"":""2015年"",""datePrecision"":""year"",""title"":""李敖在微博粉丝破千万后决定把“哈囉李敖”整理成《虽千万人，李敖往矣》足本"",""summary"":""《“哈囉李敖”》写，到了“今年初”，李敖已凭140字短文积累上千万粉丝，于是决定把“哈囉李敖”中在大陆被拦截的内容恢复旧观，整理成足本《虽千万人，李敖往矣》。结合2015年4月新书发表报道，这条可作为他把微博短文体正式结集成书的晚年写作节点。"",""view"":[""写作线"",""媒体线"",""晚年线""],""tags"":[""哈囉李敖"",""虽千万人，李敖往矣"",""微博"",""粉丝破千万"",""2015年初""],""people"":[""李敖""],""places"":[""台北"",""大陆网络平台""],""works"":[""虽千万人，李敖往矣"",""李敖风流自传""],""certainty"":""contextual"",""source"":{""book"":""李敖风流自传"",""chapter"":""638.“哈囉李敖”"",""path"":""《大李敖全集5.0》（wjm_tcy版）分章节/001.自传回忆类/007.李敖风流自传/638.“哈囉李敖”.txt"",""line"":3},""additionalSources"":[{""book"":""外部日期校对"",""chapter"":""李敖推出两本新书庆祝80岁大寿"",""path"":""https://hkcd.com/content/2015-04/24/content_925817.html"",""line"":1,""note"":""2015-04-24 报道确认《虽千万人，李敖往矣》与《李敖风流自传》同场作为80岁新书发布，可用来校定本章所称“今年初”已进入2015年出书阶段。""},{""book"":""虽千万人，李敖往矣"",""chapter"":""《虽千万人，李敖往矣》自序"",""path"":""《大李敖全集5.0》（wjm_tcy版）分章节/005.诗集语录类/005.虽千万人，李敖往矣/《虽千万人，李敖往矣》自序.txt"",""line"":3,""note"":""李敖自序明说粉丝已千万，决定出版《虽千万人，李敖往矣》足本一书，欢庆80岁。""},{""book"":""虽千万人，李敖往矣"",""chapter"":""《虽千万人，李敖往矣》自序"",""path"":""《大李敖全集5.0》（wjm_tcy版）分章节/005.诗集语录类/005.虽千万人，李敖往矣/《虽千万人，李敖往矣》自序.txt"",""line"":5,""note"":""自序补充“哈囉李敖”开笔时已预告将来在岛上出未删完整版，现在完整版兑现。""},{""book"":""虽千万人，李敖往矣"",""chapter"":""《虽千万人，李敖往矣》自序"",""path"":""《大李敖全集5.0》（wjm_tcy版）分章节/005.诗集语录类/005.虽千万人，李敖往矣/《虽千万人，李敖往矣》自序.txt"",""line"":9,""note"":""自序概括每日一则、写了30个月，除了2012全年缺货外迄未小休。""},{""book"":""虽千万人，李敖往矣"",""chapter"":""031.2015年1月"",""path"":""《大李敖全集5.0》（wjm_tcy版）分章节/005.诗集语录类/005.虽千万人，李敖往矣/031.2015年1月.txt"",""line"":91,""note"":""2015年1月14日“哈啰李敖”粉丝破千万，是“粉丝千万”里程碑的日级来源。""},{""book"":""虽千万人，李敖往矣"",""chapter"":""033.2015年3月"",""path"":""《大李敖全集5.0》（wjm_tcy版）分章节/005.诗集语录类/005.虽千万人，李敖往矣/033.2015年3月.txt"",""line"":25,""note"":""李敖明说55年来文字被两岸封杀，4年前由李戡点化开始140字微博；粉丝千万后决定出版《虽千万人，李敖往矣》足本欢庆80岁。""},{""book"":""虽千万人，李敖往矣"",""chapter"":""033.2015年3月"",""path"":""《大李敖全集5.0》（wjm_tcy版）分章节/005.诗集语录类/005.虽千万人，李敖往矣/033.2015年3月.txt"",""line"":29,""note"":""李敖说明开笔时预告的岛上未删完整版已经兑现。""},{""book"":""李敖访谈录1990-2018"",""chapter"":""071.20150407《海峡导报》专访李敖"",""path"":""《大李敖全集5.0》（wjm_tcy版）分章节/007.采访序跋类/005.李敖访谈录1990-2018/071.20150407《海峡导报》专访李敖.txt"",""line"":49,""lines"":[45,47,49],""note"":""《海峡导报》访问中，李敖说4月25日80岁生日正出《虽千万人，李敖往矣》，并说明微博粉丝已过千万。""}],""crossReferences"":[""li-ao-fangtanlu-2015-04-04-haixia-daobao-home-interview-before-80th-birthday""],""dataFile"":""data/timeline-events-seventh-book.json""}"
"29076","2015","2015-10-31","2015年10月31日星期六前后","day-range","confirmed","李敖清早被救护车送急诊，照MRI后住院一周","《2015年11月》“10月31日”写，2015年10月31日清早，李敖在救护车中短暂醒来，说了一句“今天闯红灯过瘾”；抵达急诊室后，他与护士开玩笑，再醒时已经在照MRI。11月14日“住院7天”又补明，他从10月31日到11月7日住蒋家荣民医院一周，并说自己一年住院四次。","李敖","蒋家荣民医院、台湾","急诊、救护车、MRI、住院、荣民医院","健康线、晚年线","虽千万人，李敖往矣","","虽千万人，李敖往矣","041.2015年11月","49","《大李敖全集5.0》（wjm_tcy版）分章节/005.诗集语录类/005.虽千万人，李敖往矣/041.2015年11月.txt","虽千万人，李敖往矣 / 041.2015年11月 / line 85 / 说明：11月14日补明住院日期为10月31日至11月7日，住院一周。 / 《大李敖全集5.0》（wjm_tcy版）分章节/005.诗集语录类/005.虽千万人，李敖往矣/041.2015年11月.txt","[{""book"":""虽千万人，李敖往矣"",""chapter"":""041.2015年11月"",""path"":""《大李敖全集5.0》（wjm_tcy版）分章节/005.诗集语录类/005.虽千万人，李敖往矣/041.2015年11月.txt"",""line"":85,""note"":""11月14日补明住院日期为10月31日至11月7日，住院一周。""}]","data/timeline-events-sui-qianwan-li-ao-wangyi.json","sui-qianwan-2015-10-31-ambulance-mri-and-weeklong-hospitalization","{""id"":""sui-qianwan-2015-10-31-ambulance-mri-and-weeklong-hospitalization"",""date"":""2015-10-31"",""displayDate"":""2015年10月31日星期六前后"",""datePrecision"":""day-range"",""title"":""李敖清早被救护车送急诊，照MRI后住院一周"",""summary"":""《2015年11月》“10月31日”写，2015年10月31日清早，李敖在救护车中短暂醒来，说了一句“今天闯红灯过瘾”；抵达急诊室后，他与护士开玩笑，再醒时已经在照MRI。11月14日“住院7天”又补明，他从10月31日到11月7日住蒋家荣民医院一周，并说自己一年住院四次。"",""view"":[""健康线"",""晚年线""],""tags"":[""急诊"",""救护车"",""MRI"",""住院"",""荣民医院""],""people"":[""李敖""],""places"":[""蒋家荣民医院"",""台湾""],""works"":[""虽千万人，李敖往矣""],""certainty"":""confirmed"",""source"":{""book"":""虽千万人，李敖往矣"",""chapter"":""041.2015年11月"",""path"":""《大李敖全集5.0》（wjm_tcy版）分章节/005.诗集语录类/005.虽千万人，李敖往矣/041.2015年11月.txt"",""line"":49},""additionalSources"":[{""book"":""虽千万人，李敖往矣"",""chapter"":""041.2015年11月"",""path"":""《大李敖全集5.0》（wjm_tcy版）分章节/005.诗集语录类/005.虽千万人，李敖往矣/041.2015年11月.txt"",""line"":85,""note"":""11月14日补明住院日期为10月31日至11月7日，住院一周。""}],""dataFile"":""data/timeline-events-sui-qianwan-li-ao-wangyi.json""}"
"29077","2015","2015-12-01","2015年12月前后","month-range","contextual","李敖在微博中辍五个月期间写成《李敖谈艺录》","《2016年5月》5月1日写，李敖七老八十之际住医院四次，每天140字发文因此中辍；他“逍遥了5个月”，写了一本《李敖谈艺录》，自称“不虚此病”。本条据5月1日复更说明，暂系于2015年12月至2016年4月间。","李敖","台湾","李敖谈艺录、微博中辍、住院、写书","写作线、健康线、晚年线","李敖谈艺录、虽千万人，李敖往矣、哈囉李敖","","虽千万人，李敖往矣","042.2016年5月","5","《大李敖全集5.0》（wjm_tcy版）分章节/005.诗集语录类/005.虽千万人，李敖往矣/042.2016年5月.txt","","[]","data/timeline-events-sui-qianwan-li-ao-wangyi.json","sui-qianwan-2015-12-2016-04-writes-li-ao-tan-yilu-during-weibo-hiatus","{""id"":""sui-qianwan-2015-12-2016-04-writes-li-ao-tan-yilu-during-weibo-hiatus"",""date"":""2015-12-01"",""displayDate"":""2015年12月前后"",""datePrecision"":""month-range"",""title"":""李敖在微博中辍五个月期间写成《李敖谈艺录》"",""summary"":""《2016年5月》5月1日写，李敖七老八十之际住医院四次，每天140字发文因此中辍；他“逍遥了5个月”，写了一本《李敖谈艺录》，自称“不虚此病”。本条据5月1日复更说明，暂系于2015年12月至2016年4月间。"",""view"":[""写作线"",""健康线"",""晚年线""],""tags"":[""李敖谈艺录"",""微博中辍"",""住院"",""写书""],""people"":[""李敖""],""places"":[""台湾""],""works"":[""李敖谈艺录"",""虽千万人，李敖往矣"",""哈囉李敖""],""certainty"":""contextual"",""source"":{""book"":""虽千万人，李敖往矣"",""chapter"":""042.2016年5月"",""path"":""《大李敖全集5.0》（wjm_tcy版）分章节/005.诗集语录类/005.虽千万人，李敖往矣/042.2016年5月.txt"",""line"":5},""dataFile"":""data/timeline-events-sui-qianwan-li-ao-wangyi.json""}"
"29078","2016","2016-05-01","2016年5月1日星期日","day","confirmed","李敖发微博谈“七老八十之际，住医院4次，每天140发文，为之中辍”","2016年5月1日，李敖在“哈囉李敖”微博发文：七老八十之际，住医院4次，每天140发文，为之中辍。逍遥了5个月，写了一本书《李敖谈艺录》，算是不虚此病。现今两腿不良于行，仿佛撑不住我伟大的身躯（torso）似的，想来又神气又泄气。一直未能忘情于每天挥洒140，忙中加忙，还是写它一写，“能令公怒令公喜”，阁下表情，在我术中。","李敖","","虽千万人，李敖往矣、哈囉李敖、微博、140字","写作线、媒体线、晚年线","虽千万人，李敖往矣、哈囉李敖","","虽千万人，李敖往矣","042.2016年5月","3","《大李敖全集5.0》（wjm_tcy版）分章节/005.诗集语录类/005.虽千万人，李敖往矣/042.2016年5月.txt","","[]","data/timeline-events-sui-qianwan-li-ao-wangyi.json","sui-qianwan-2016-05-01-daily-weibo","{""id"":""sui-qianwan-2016-05-01-daily-weibo"",""date"":""2016-05-01"",""displayDate"":""2016年5月1日星期日"",""datePrecision"":""day"",""title"":""李敖发微博谈“七老八十之际，住医院4次，每天140发文，为之中辍”"",""summary"":""2016年5月1日，李敖在“哈囉李敖”微博发文：七老八十之际，住医院4次，每天140发文，为之中辍。逍遥了5个月，写了一本书《李敖谈艺录》，算是不虚此病。现今两腿不良于行，仿佛撑不住我伟大的身躯（torso）似的，想来又神气又泄气。一直未能忘情于每天挥洒140，忙中加忙，还是写它一写，“能令公怒令公喜”，阁下表情，在我术中。"",""view"":[""写作线"",""媒体线"",""晚年线""],""tags"":[""虽千万人，李敖往矣"",""哈囉李敖"",""微博"",""140字""],""people"":[""李敖""],""places"":[],""works"":[""虽千万人，李敖往矣"",""哈囉李敖""],""certainty"":""confirmed"",""source"":{""book"":""虽千万人，李敖往矣"",""chapter"":""042.2016年5月"",""path"":""《大李敖全集5.0》（wjm_tcy版）分章节/005.诗集语录类/005.虽千万人，李敖往矣/042.2016年5月.txt"",""line"":3,""lines"":[3,5]},""crossReferences"":[],""round"":""2026-07-11-sui-qianwan-li-ao-wangyi-daily-completion"",""dataFile"":""data/timeline-events-sui-qianwan-li-ao-wangyi.json""}"
"29079","2016","2016-05-01","2016年5月1日星期日","day","confirmed","停更半年后重新更新微博","《李敖五十年表》记，2016年5月1日，李敖断了半年的微博又开始更新。这条与2011年开通微博、2013年重新发微博的节点相连，补出了他晚年网络传播节奏中的又一次回返。","李敖","中国大陆","新浪微博、恢复更新、网络传播","网络线、媒体线、生平线","新浪微博、李敖相关","","李敖相关","001.李敖五十年表","189","《大李敖全集5.0》（wjm_tcy版）分章节/001.自传回忆类/008.李敖相关/001.李敖五十年表.txt","虽千万人，李敖往矣 / 042.2016年5月 / line 5 / 说明：2016年5月1日李敖自述因七老八十、住院四次而中辍每日140字，五个月后仍想恢复书写。 / 《大李敖全集5.0》（wjm_tcy版）分章节/005.诗集语录类/005.虽千万人，李敖往矣/042.2016年5月.txt","[{""book"":""虽千万人，李敖往矣"",""chapter"":""042.2016年5月"",""path"":""《大李敖全集5.0》（wjm_tcy版）分章节/005.诗集语录类/005.虽千万人，李敖往矣/042.2016年5月.txt"",""line"":5,""note"":""2016年5月1日李敖自述因七老八十、住院四次而中辍每日140字，五个月后仍想恢复书写。""}]","data/timeline-events-eighth-book.json","book8-2016-05-01-resumes-weibo-after-half-year-break","{""id"":""book8-2016-05-01-resumes-weibo-after-half-year-break"",""date"":""2016-05-01"",""displayDate"":""2016年5月1日星期日"",""datePrecision"":""day"",""title"":""停更半年后重新更新微博"",""summary"":""《李敖五十年表》记，2016年5月1日，李敖断了半年的微博又开始更新。这条与2011年开通微博、2013年重新发微博的节点相连，补出了他晚年网络传播节奏中的又一次回返。"",""view"":[""网络线"",""媒体线"",""生平线""],""tags"":[""新浪微博"",""恢复更新"",""网络传播""],""people"":[""李敖""],""places"":[""中国大陆""],""works"":[""新浪微博"",""李敖相关""],""certainty"":""confirmed"",""source"":{""book"":""李敖相关"",""chapter"":""001.李敖五十年表"",""path"":""《大李敖全集5.0》（wjm_tcy版）分章节/001.自传回忆类/008.李敖相关/001.李敖五十年表.txt"",""line"":189},""additionalSources"":[{""book"":""虽千万人，李敖往矣"",""chapter"":""042.2016年5月"",""path"":""《大李敖全集5.0》（wjm_tcy版）分章节/005.诗集语录类/005.虽千万人，李敖往矣/042.2016年5月.txt"",""line"":5,""note"":""2016年5月1日李敖自述因七老八十、住院四次而中辍每日140字，五个月后仍想恢复书写。""}],""dataFile"":""data/timeline-events-eighth-book.json""}"
"29080","2016","2016-05-02","2016年5月2日星期一","day","confirmed","李敖发微博谈“古人徐祯卿写过《谈艺录》、今人伍蠡甫、钱钟书分别写过《谈艺录》，为…”","2016年5月2日，李敖在“哈囉李敖”微博发文：古人徐祯卿写过《谈艺录》、今人伍蠡甫、钱钟书分别写过《谈艺录》，为了了清素愿，不今不古的李敖，也来上一本《李敖谈艺录》。全书发人所未发，自非徐桢卿、伍蠡甫、钱钟书所能企及。从希腊文Kalligraphia （美丽的字）到中国书法到老共的烂毛笔字到老毛的反伯夷谬说，都一网打尽，真怪书也！","李敖","","虽千万人，李敖往矣、哈囉李敖、微博、140字","写作线、媒体线、晚年线","虽千万人，李敖往矣、哈囉李敖","","虽千万人，李敖往矣","042.2016年5月","7","《大李敖全集5.0》（wjm_tcy版）分章节/005.诗集语录类/005.虽千万人，李敖往矣/042.2016年5月.txt","","[]","data/timeline-events-sui-qianwan-li-ao-wangyi.json","sui-qianwan-2016-05-02-daily-weibo","{""id"":""sui-qianwan-2016-05-02-daily-weibo"",""date"":""2016-05-02"",""displayDate"":""2016年5月2日星期一"",""datePrecision"":""day"",""title"":""李敖发微博谈“古人徐祯卿写过《谈艺录》、今人伍蠡甫、钱钟书分别写过《谈艺录》，为…”"",""summary"":""2016年5月2日，李敖在“哈囉李敖”微博发文：古人徐祯卿写过《谈艺录》、今人伍蠡甫、钱钟书分别写过《谈艺录》，为了了清素愿，不今不古的李敖，也来上一本《李敖谈艺录》。全书发人所未发，自非徐桢卿、伍蠡甫、钱钟书所能企及。从希腊文Kalligraphia （美丽的字）到中国书法到老共的烂毛笔字到老毛的反伯夷谬说，都一网打尽，真怪书也！"",""view"":[""写作线"",""媒体线"",""晚年线""],""tags"":[""虽千万人，李敖往矣"",""哈囉李敖"",""微博"",""140字""],""people"":[""李敖""],""places"":[],""works"":[""虽千万人，李敖往矣"",""哈囉李敖""],""certainty"":""confirmed"",""source"":{""book"":""虽千万人，李敖往矣"",""chapter"":""042.2016年5月"",""path"":""《大李敖全集5.0》（wjm_tcy版）分章节/005.诗集语录类/005.虽千万人，李敖往矣/042.2016年5月.txt"",""line"":7,""lines"":[7,9]},""crossReferences"":[],""round"":""2026-07-11-sui-qianwan-li-ao-wangyi-daily-completion"",""dataFile"":""data/timeline-events-sui-qianwan-li-ao-wangyi.json""}"
"29081","2016","2016-05-03","2016年5月3日星期二","day","confirmed","李敖发微博谈“台湾对美国低三下四，对日本低十三下十四”","2016年5月3日，李敖在“哈囉李敖”微博发文：台湾对美国低三下四，对日本低十三下十四。日本天灾，马英九带头捐66亿，比全世界捐款总额都多。日本回报的是：灾区大学给各国学生贷款，但不给台湾。更进一步，对韩国慰安妇道歉赔款，对台湾却白肏了。台湾还发贱修改课纲，不怪日本强奸！日本又非法扣渔船，勒索176万，台湾乖乖付钱啦。","李敖","","虽千万人，李敖往矣、哈囉李敖、微博、140字","写作线、媒体线、晚年线","虽千万人，李敖往矣、哈囉李敖","","虽千万人，李敖往矣","042.2016年5月","11","《大李敖全集5.0》（wjm_tcy版）分章节/005.诗集语录类/005.虽千万人，李敖往矣/042.2016年5月.txt","","[]","data/timeline-events-sui-qianwan-li-ao-wangyi.json","sui-qianwan-2016-05-03-daily-weibo","{""id"":""sui-qianwan-2016-05-03-daily-weibo"",""date"":""2016-05-03"",""displayDate"":""2016年5月3日星期二"",""datePrecision"":""day"",""title"":""李敖发微博谈“台湾对美国低三下四，对日本低十三下十四”"",""summary"":""2016年5月3日，李敖在“哈囉李敖”微博发文：台湾对美国低三下四，对日本低十三下十四。日本天灾，马英九带头捐66亿，比全世界捐款总额都多。日本回报的是：灾区大学给各国学生贷款，但不给台湾。更进一步，对韩国慰安妇道歉赔款，对台湾却白肏了。台湾还发贱修改课纲，不怪日本强奸！日本又非法扣渔船，勒索176万，台湾乖乖付钱啦。"",""view"":[""写作线"",""媒体线"",""晚年线""],""tags"":[""虽千万人，李敖往矣"",""哈囉李敖"",""微博"",""140字""],""people"":[""李敖""],""places"":[],""works"":[""虽千万人，李敖往矣"",""哈囉李敖""],""certainty"":""confirmed"",""source"":{""book"":""虽千万人，李敖往矣"",""chapter"":""042.2016年5月"",""path"":""《大李敖全集5.0》（wjm_tcy版）分章节/005.诗集语录类/005.虽千万人，李敖往矣/042.2016年5月.txt"",""line"":11,""lines"":[11,13]},""crossReferences"":[],""round"":""2026-07-11-sui-qianwan-li-ao-wangyi-daily-completion"",""dataFile"":""data/timeline-events-sui-qianwan-li-ao-wangyi.json""}"
"29082","2016","2016-05-04","2016年5月4日星期三","day","confirmed","李敖发微博谈“中国共产党靠宣传打天下，但得天下后，在宣传上却退步了，在统战上，竟…”","2016年5月4日，李敖在“哈囉李敖”微博发文：中国共产党靠宣传打天下，但得天下后，在宣传上却退步了，在统战上，竟联合一些下三烂，台湾的《中国时报》，就是其中之一。《中国时报》以短评分析日本“只敢欺负台湾人”，说了半天，却不敢点破真的原因是国民党民进党太贱、台湾人太贱。因为你太贱，故为日本鬼子所乘。共产党呀想想吧。","李敖","","虽千万人，李敖往矣、哈囉李敖、微博、140字","写作线、媒体线、晚年线","虽千万人，李敖往矣、哈囉李敖","","虽千万人，李敖往矣","042.2016年5月","15","《大李敖全集5.0》（wjm_tcy版）分章节/005.诗集语录类/005.虽千万人，李敖往矣/042.2016年5月.txt","","[]","data/timeline-events-sui-qianwan-li-ao-wangyi.json","sui-qianwan-2016-05-04-daily-weibo","{""id"":""sui-qianwan-2016-05-04-daily-weibo"",""date"":""2016-05-04"",""displayDate"":""2016年5月4日星期三"",""datePrecision"":""day"",""title"":""李敖发微博谈“中国共产党靠宣传打天下，但得天下后，在宣传上却退步了，在统战上，竟…”"",""summary"":""2016年5月4日，李敖在“哈囉李敖”微博发文：中国共产党靠宣传打天下，但得天下后，在宣传上却退步了，在统战上，竟联合一些下三烂，台湾的《中国时报》，就是其中之一。《中国时报》以短评分析日本“只敢欺负台湾人”，说了半天，却不敢点破真的原因是国民党民进党太贱、台湾人太贱。因为你太贱，故为日本鬼子所乘。共产党呀想想吧。"",""view"":[""写作线"",""媒体线"",""晚年线""],""tags"":[""虽千万人，李敖往矣"",""哈囉李敖"",""微博"",""140字""],""people"":[""李敖""],""places"":[],""works"":[""虽千万人，李敖往矣"",""哈囉李敖""],""certainty"":""confirmed"",""source"":{""book"":""虽千万人，李敖往矣"",""chapter"":""042.2016年5月"",""path"":""《大李敖全集5.0》（wjm_tcy版）分章节/005.诗集语录类/005.虽千万人，李敖往矣/042.2016年5月.txt"",""line"":15,""lines"":[15,17]},""crossReferences"":[],""round"":""2026-07-11-sui-qianwan-li-ao-wangyi-daily-completion"",""dataFile"":""data/timeline-events-sui-qianwan-li-ao-wangyi.json""}"
"29083","2016","2016-05-05","2016年5月5日星期四","day","confirmed","李敖发微博谈“中国古典说法，有德政遗泽，叫甘棠遗爱”","2016年5月5日，李敖在“哈囉李敖”微博发文：中国古典说法，有德政遗泽，叫甘棠遗爱。柏杨拍老蒋马屁，歌颂不绝。其实遗爱未必，遗恨倒真影响了台湾人。与共产党无冤无仇的，居然追随老蒋，恨起共产党来！老蒋躺在棺材，一直窃笑：这些笨台湾人！继承了我带来的黄金、故宫，还继承我的仇恨，妈的太有趣了！","李敖","","虽千万人，李敖往矣、哈囉李敖、微博、140字","写作线、媒体线、晚年线","虽千万人，李敖往矣、哈囉李敖","","虽千万人，李敖往矣","042.2016年5月","19","《大李敖全集5.0》（wjm_tcy版）分章节/005.诗集语录类/005.虽千万人，李敖往矣/042.2016年5月.txt","","[]","data/timeline-events-sui-qianwan-li-ao-wangyi.json","sui-qianwan-2016-05-05-daily-weibo","{""id"":""sui-qianwan-2016-05-05-daily-weibo"",""date"":""2016-05-05"",""displayDate"":""2016年5月5日星期四"",""datePrecision"":""day"",""title"":""李敖发微博谈“中国古典说法，有德政遗泽，叫甘棠遗爱”"",""summary"":""2016年5月5日，李敖在“哈囉李敖”微博发文：中国古典说法，有德政遗泽，叫甘棠遗爱。柏杨拍老蒋马屁，歌颂不绝。其实遗爱未必，遗恨倒真影响了台湾人。与共产党无冤无仇的，居然追随老蒋，恨起共产党来！老蒋躺在棺材，一直窃笑：这些笨台湾人！继承了我带来的黄金、故宫，还继承我的仇恨，妈的太有趣了！"",""view"":[""写作线"",""媒体线"",""晚年线""],""tags"":[""虽千万人，李敖往矣"",""哈囉李敖"",""微博"",""140字""],""people"":[""李敖""],""places"":[],""works"":[""虽千万人，李敖往矣"",""哈囉李敖""],""certainty"":""confirmed"",""source"":{""book"":""虽千万人，李敖往矣"",""chapter"":""042.2016年5月"",""path"":""《大李敖全集5.0》（wjm_tcy版）分章节/005.诗集语录类/005.虽千万人，李敖往矣/042.2016年5月.txt"",""line"":19,""lines"":[19,21]},""crossReferences"":[],""round"":""2026-07-11-sui-qianwan-li-ao-wangyi-daily-completion"",""dataFile"":""data/timeline-events-sui-qianwan-li-ao-wangyi.json""}"
"29084","2016","2016-05-06","2016年5月6日星期五","day","confirmed","李敖发微博谈“汉朝西南有夜郎一小国，不知自己多小，乃吹牛大大大，变出夜郎自大”","2016年5月6日，李敖在“哈囉李敖”微博发文：汉朝西南有夜郎一小国，不知自己多小，乃吹牛大大大，变出夜郎自大。当时自大有本钱，无需别国承认，现在就不行了。国民党把“中华民国”赶尸而来、民进党把“中华民国”借尸而去，双双窃国号自娱，实手淫也。台湾是中国的小鸡巴，中国午夜牛郞，懒得理它 。但小鸡巴鬼叫独立，老共就火了。","李敖","","虽千万人，李敖往矣、哈囉李敖、微博、140字","写作线、媒体线、晚年线","虽千万人，李敖往矣、哈囉李敖","","虽千万人，李敖往矣","042.2016年5月","23","《大李敖全集5.0》（wjm_tcy版）分章节/005.诗集语录类/005.虽千万人，李敖往矣/042.2016年5月.txt","","[]","data/timeline-events-sui-qianwan-li-ao-wangyi.json","sui-qianwan-2016-05-06-daily-weibo","{""id"":""sui-qianwan-2016-05-06-daily-weibo"",""date"":""2016-05-06"",""displayDate"":""2016年5月6日星期五"",""datePrecision"":""day"",""title"":""李敖发微博谈“汉朝西南有夜郎一小国，不知自己多小，乃吹牛大大大，变出夜郎自大”"",""summary"":""2016年5月6日，李敖在“哈囉李敖”微博发文：汉朝西南有夜郎一小国，不知自己多小，乃吹牛大大大，变出夜郎自大。当时自大有本钱，无需别国承认，现在就不行了。国民党把“中华民国”赶尸而来、民进党把“中华民国”借尸而去，双双窃国号自娱，实手淫也。台湾是中国的小鸡巴，中国午夜牛郞，懒得理它 。但小鸡巴鬼叫独立，老共就火了。"",""view"":[""写作线"",""媒体线"",""晚年线""],""tags"":[""虽千万人，李敖往矣"",""哈囉李敖"",""微博"",""140字""],""people"":[""李敖""],""places"":[],""works"":[""虽千万人，李敖往矣"",""哈囉李敖""],""certainty"":""confirmed"",""source"":{""book"":""虽千万人，李敖往矣"",""chapter"":""042.2016年5月"",""path"":""《大李敖全集5.0》（wjm_tcy版）分章节/005.诗集语录类/005.虽千万人，李敖往矣/042.2016年5月.txt"",""line"":23,""lines"":[23,25]},""crossReferences"":[],""round"":""2026-07-11-sui-qianwan-li-ao-wangyi-daily-completion"",""dataFile"":""data/timeline-events-sui-qianwan-li-ao-wangyi.json""}"
"29085","2016","2016-05-07","2016年5月7日星期六","day","confirmed","李敖发微博谈“美帝基辛格说：“权力是最强的春药”","2016年5月7日，李敖在“哈囉李敖”微博发文：美帝基辛格说：“权力是最强的春药。”（Power is the great aphrodisiac.）说错了。最强的春药是共产主义。不过，共产主义春情大发只前半段，后半段则靠伟哥。伟哥就是资本主义。在夺权掌权过程中，共产主义比资本主义残酷而辛苦，并且个人不能发财。如果发了情又发了财，就不配做共产党了。","李敖","","虽千万人，李敖往矣、哈囉李敖、微博、140字","写作线、媒体线、晚年线","虽千万人，李敖往矣、哈囉李敖","","虽千万人，李敖往矣","042.2016年5月","27","《大李敖全集5.0》（wjm_tcy版）分章节/005.诗集语录类/005.虽千万人，李敖往矣/042.2016年5月.txt","","[]","data/timeline-events-sui-qianwan-li-ao-wangyi.json","sui-qianwan-2016-05-07-daily-weibo","{""id"":""sui-qianwan-2016-05-07-daily-weibo"",""date"":""2016-05-07"",""displayDate"":""2016年5月7日星期六"",""datePrecision"":""day"",""title"":""李敖发微博谈“美帝基辛格说：“权力是最强的春药”"",""summary"":""2016年5月7日，李敖在“哈囉李敖”微博发文：美帝基辛格说：“权力是最强的春药。”（Power is the great aphrodisiac.）说错了。最强的春药是共产主义。不过，共产主义春情大发只前半段，后半段则靠伟哥。伟哥就是资本主义。在夺权掌权过程中，共产主义比资本主义残酷而辛苦，并且个人不能发财。如果发了情又发了财，就不配做共产党了。"",""view"":[""写作线"",""媒体线"",""晚年线""],""tags"":[""虽千万人，李敖往矣"",""哈囉李敖"",""微博"",""140字""],""people"":[""李敖""],""places"":[],""works"":[""虽千万人，李敖往矣"",""哈囉李敖""],""certainty"":""confirmed"",""source"":{""book"":""虽千万人，李敖往矣"",""chapter"":""042.2016年5月"",""path"":""《大李敖全集5.0》（wjm_tcy版）分章节/005.诗集语录类/005.虽千万人，李敖往矣/042.2016年5月.txt"",""line"":27,""lines"":[27,29]},""crossReferences"":[],""round"":""2026-07-11-sui-qianwan-li-ao-wangyi-daily-completion"",""dataFile"":""data/timeline-events-sui-qianwan-li-ao-wangyi.json""}"
"29086","2016","2016-05-09","2016年5月9日星期一","day","confirmed","李敖发微博谈““天人合一””","2016年5月9日，李敖在“哈囉李敖”微博发文：“天人合一”？老天爷才不与人合一呢 ! 老天爷走自己的路。荀子说：“天行有常：不为尧存，不为桀亡。”（老天爷不因有个毛泽东我就活，不因有个毛泽西我就不活。）老天爷在治世或乱世中 ，会丢掉毛泽东或毛泽西，追寻或苟延出自己的世界。由于奋斗和机运，让我们吹毛逃世，偷生做一次老天爷。","李敖","","虽千万人，李敖往矣、哈囉李敖、微博、140字","写作线、媒体线、晚年线","虽千万人，李敖往矣、哈囉李敖","","虽千万人，李敖往矣","042.2016年5月","31","《大李敖全集5.0》（wjm_tcy版）分章节/005.诗集语录类/005.虽千万人，李敖往矣/042.2016年5月.txt","","[]","data/timeline-events-sui-qianwan-li-ao-wangyi.json","sui-qianwan-2016-05-09-daily-weibo","{""id"":""sui-qianwan-2016-05-09-daily-weibo"",""date"":""2016-05-09"",""displayDate"":""2016年5月9日星期一"",""datePrecision"":""day"",""title"":""李敖发微博谈““天人合一””"",""summary"":""2016年5月9日，李敖在“哈囉李敖”微博发文：“天人合一”？老天爷才不与人合一呢 ! 老天爷走自己的路。荀子说：“天行有常：不为尧存，不为桀亡。”（老天爷不因有个毛泽东我就活，不因有个毛泽西我就不活。）老天爷在治世或乱世中 ，会丢掉毛泽东或毛泽西，追寻或苟延出自己的世界。由于奋斗和机运，让我们吹毛逃世，偷生做一次老天爷。"",""view"":[""写作线"",""媒体线"",""晚年线""],""tags"":[""虽千万人，李敖往矣"",""哈囉李敖"",""微博"",""140字""],""people"":[""李敖""],""places"":[],""works"":[""虽千万人，李敖往矣"",""哈囉李敖""],""certainty"":""confirmed"",""source"":{""book"":""虽千万人，李敖往矣"",""chapter"":""042.2016年5月"",""path"":""《大李敖全集5.0》（wjm_tcy版）分章节/005.诗集语录类/005.虽千万人，李敖往矣/042.2016年5月.txt"",""line"":31,""lines"":[31,33]},""crossReferences"":[],""round"":""2026-07-11-sui-qianwan-li-ao-wangyi-daily-completion"",""dataFile"":""data/timeline-events-sui-qianwan-li-ao-wangyi.json""}"
"29087","2016","2016-05-10","2016年5月10日星期二","day","confirmed","李敖发微博谈“那个党的敌人从没碰过李敖这一型的”","2016年5月10日，李敖在“哈囉李敖”微博发文：那个党的敌人从没碰过李敖这一型的。李敖无政治野心，光明正大，也光明磊落。他不挖墙角，却挖臭毛坑，从坑坑洼洼挖到那个党的根，曝光于世。吃尽我的苦头后，它的前秘书长陈立夫，终于提醒严防李敖的“毒计”！但太迟了，那个党终于完蛋了！别说那个党不是这个党吧，这个党也有毛坑吧？","李敖","","虽千万人，李敖往矣、哈囉李敖、微博、140字","写作线、媒体线、晚年线","虽千万人，李敖往矣、哈囉李敖","","虽千万人，李敖往矣","042.2016年5月","35","《大李敖全集5.0》（wjm_tcy版）分章节/005.诗集语录类/005.虽千万人，李敖往矣/042.2016年5月.txt","","[]","data/timeline-events-sui-qianwan-li-ao-wangyi.json","sui-qianwan-2016-05-10-daily-weibo","{""id"":""sui-qianwan-2016-05-10-daily-weibo"",""date"":""2016-05-10"",""displayDate"":""2016年5月10日星期二"",""datePrecision"":""day"",""title"":""李敖发微博谈“那个党的敌人从没碰过李敖这一型的”"",""summary"":""2016年5月10日，李敖在“哈囉李敖”微博发文：那个党的敌人从没碰过李敖这一型的。李敖无政治野心，光明正大，也光明磊落。他不挖墙角，却挖臭毛坑，从坑坑洼洼挖到那个党的根，曝光于世。吃尽我的苦头后，它的前秘书长陈立夫，终于提醒严防李敖的“毒计”！但太迟了，那个党终于完蛋了！别说那个党不是这个党吧，这个党也有毛坑吧？"",""view"":[""写作线"",""媒体线"",""晚年线""],""tags"":[""虽千万人，李敖往矣"",""哈囉李敖"",""微博"",""140字""],""people"":[""李敖""],""places"":[],""works"":[""虽千万人，李敖往矣"",""哈囉李敖""],""certainty"":""confirmed"",""source"":{""book"":""虽千万人，李敖往矣"",""chapter"":""042.2016年5月"",""path"":""《大李敖全集5.0》（wjm_tcy版）分章节/005.诗集语录类/005.虽千万人，李敖往矣/042.2016年5月.txt"",""line"":35,""lines"":[35,37]},""crossReferences"":[],""round"":""2026-07-11-sui-qianwan-li-ao-wangyi-daily-completion"",""dataFile"":""data/timeline-events-sui-qianwan-li-ao-wangyi.json""}"
"29088","2016","2016-05-11","2016年5月11日星期三","day","confirmed","李敖发微博谈“白色恐怖时期，一位张先生帮我印书”","2016年5月11日，李敖在“哈囉李敖”微博发文：白色恐怖时期，一位张先生帮我印书。某天清早，几个人登门，要求看他的家。问有搜索票吗？带头的说：“没有。但你相信不相信如果我们要，法院可以给我们一整本？”张先生相信，于是就大捜特搜了。日前发生的宪兵非法搜索案，当事人说宪兵登门“我能拒绝吗？”50年过去了，谁说历史不重演？","李敖","","虽千万人，李敖往矣、哈囉李敖、微博、140字","写作线、媒体线、晚年线","虽千万人，李敖往矣、哈囉李敖","","虽千万人，李敖往矣","042.2016年5月","39","《大李敖全集5.0》（wjm_tcy版）分章节/005.诗集语录类/005.虽千万人，李敖往矣/042.2016年5月.txt","","[]","data/timeline-events-sui-qianwan-li-ao-wangyi.json","sui-qianwan-2016-05-11-daily-weibo","{""id"":""sui-qianwan-2016-05-11-daily-weibo"",""date"":""2016-05-11"",""displayDate"":""2016年5月11日星期三"",""datePrecision"":""day"",""title"":""李敖发微博谈“白色恐怖时期，一位张先生帮我印书”"",""summary"":""2016年5月11日，李敖在“哈囉李敖”微博发文：白色恐怖时期，一位张先生帮我印书。某天清早，几个人登门，要求看他的家。问有搜索票吗？带头的说：“没有。但你相信不相信如果我们要，法院可以给我们一整本？”张先生相信，于是就大捜特搜了。日前发生的宪兵非法搜索案，当事人说宪兵登门“我能拒绝吗？”50年过去了，谁说历史不重演？"",""view"":[""写作线"",""媒体线"",""晚年线""],""tags"":[""虽千万人，李敖往矣"",""哈囉李敖"",""微博"",""140字""],""people"":[""李敖""],""places"":[],""works"":[""虽千万人，李敖往矣"",""哈囉李敖""],""certainty"":""confirmed"",""source"":{""book"":""虽千万人，李敖往矣"",""chapter"":""042.2016年5月"",""path"":""《大李敖全集5.0》（wjm_tcy版）分章节/005.诗集语录类/005.虽千万人，李敖往矣/042.2016年5月.txt"",""line"":39,""lines"":[39,41]},""crossReferences"":[],""round"":""2026-07-11-sui-qianwan-li-ao-wangyi-daily-completion"",""dataFile"":""data/timeline-events-sui-qianwan-li-ao-wangyi.json""}"
"29089","2016","2016-05-12","2016年5月12日星期四","day","confirmed","李敖发微博谈“旧式共产党使人民见危授命，新式共产党使人民疲于奔命”","2016年5月12日，李敖在“哈囉李敖”微博发文：旧式共产党使人民见危授命，新式共产党使人民疲于奔命；旧式使人民听天由命，新式使人民爱钱如命；旧式使人民安身立命，新式使人民安非他命；旧式箝制言论、干涉言论自由，方法是审查又查禁，新式是官方不那么笨了、官方不肯背恶名了、官方不颁发查禁令了：是他们出版社杀人，我们不要偿命了。","李敖","","虽千万人，李敖往矣、哈囉李敖、微博、140字","写作线、媒体线、晚年线","虽千万人，李敖往矣、哈囉李敖","","虽千万人，李敖往矣","042.2016年5月","43","《大李敖全集5.0》（wjm_tcy版）分章节/005.诗集语录类/005.虽千万人，李敖往矣/042.2016年5月.txt","","[]","data/timeline-events-sui-qianwan-li-ao-wangyi.json","sui-qianwan-2016-05-12-daily-weibo","{""id"":""sui-qianwan-2016-05-12-daily-weibo"",""date"":""2016-05-12"",""displayDate"":""2016年5月12日星期四"",""datePrecision"":""day"",""title"":""李敖发微博谈“旧式共产党使人民见危授命，新式共产党使人民疲于奔命”"",""summary"":""2016年5月12日，李敖在“哈囉李敖”微博发文：旧式共产党使人民见危授命，新式共产党使人民疲于奔命；旧式使人民听天由命，新式使人民爱钱如命；旧式使人民安身立命，新式使人民安非他命；旧式箝制言论、干涉言论自由，方法是审查又查禁，新式是官方不那么笨了、官方不肯背恶名了、官方不颁发查禁令了：是他们出版社杀人，我们不要偿命了。"",""view"":[""写作线"",""媒体线"",""晚年线""],""tags"":[""虽千万人，李敖往矣"",""哈囉李敖"",""微博"",""140字""],""people"":[""李敖""],""places"":[],""works"":[""虽千万人，李敖往矣"",""哈囉李敖""],""certainty"":""confirmed"",""source"":{""book"":""虽千万人，李敖往矣"",""chapter"":""042.2016年5月"",""path"":""《大李敖全集5.0》（wjm_tcy版）分章节/005.诗集语录类/005.虽千万人，李敖往矣/042.2016年5月.txt"",""line"":43,""lines"":[43,45]},""crossReferences"":[],""round"":""2026-07-11-sui-qianwan-li-ao-wangyi-daily-completion"",""dataFile"":""data/timeline-events-sui-qianwan-li-ao-wangyi.json""}"
"29090","2016","2016-05-13","2016年5月13日星期五","day","confirmed","李敖发微博谈“宋朝人苏东坡写过很多烂诗，也写过一些好诗”","2016年5月13日，李敖在“哈囉李敖”微博发文：宋朝人苏东坡写过很多烂诗，也写过一些好诗。不过，在清朝人毛奇龄眼中，好诗也很烂。有人质问：那句“春江水暖鸭先知”总是好诗吧？毛奇龄斥责道：什么鸭先知！鹅也先知啊！如今，美国终于发觉中国的韬光养晦国策了。美国说中国鸭子划水，我们一笑可也：什么鸭子划水！鹅也划水啊！","李敖","","虽千万人，李敖往矣、哈囉李敖、微博、140字","写作线、媒体线、晚年线","虽千万人，李敖往矣、哈囉李敖","","虽千万人，李敖往矣","042.2016年5月","47","《大李敖全集5.0》（wjm_tcy版）分章节/005.诗集语录类/005.虽千万人，李敖往矣/042.2016年5月.txt","","[]","data/timeline-events-sui-qianwan-li-ao-wangyi.json","sui-qianwan-2016-05-13-daily-weibo","{""id"":""sui-qianwan-2016-05-13-daily-weibo"",""date"":""2016-05-13"",""displayDate"":""2016年5月13日星期五"",""datePrecision"":""day"",""title"":""李敖发微博谈“宋朝人苏东坡写过很多烂诗，也写过一些好诗”"",""summary"":""2016年5月13日，李敖在“哈囉李敖”微博发文：宋朝人苏东坡写过很多烂诗，也写过一些好诗。不过，在清朝人毛奇龄眼中，好诗也很烂。有人质问：那句“春江水暖鸭先知”总是好诗吧？毛奇龄斥责道：什么鸭先知！鹅也先知啊！如今，美国终于发觉中国的韬光养晦国策了。美国说中国鸭子划水，我们一笑可也：什么鸭子划水！鹅也划水啊！"",""view"":[""写作线"",""媒体线"",""晚年线""],""tags"":[""虽千万人，李敖往矣"",""哈囉李敖"",""微博"",""140字""],""people"":[""李敖""],""places"":[],""works"":[""虽千万人，李敖往矣"",""哈囉李敖""],""certainty"":""confirmed"",""source"":{""book"":""虽千万人，李敖往矣"",""chapter"":""042.2016年5月"",""path"":""《大李敖全集5.0》（wjm_tcy版）分章节/005.诗集语录类/005.虽千万人，李敖往矣/042.2016年5月.txt"",""line"":47,""lines"":[47,49]},""crossReferences"":[],""round"":""2026-07-11-sui-qianwan-li-ao-wangyi-daily-completion"",""dataFile"":""data/timeline-events-sui-qianwan-li-ao-wangyi.json""}"
"29091","2016","2016-05-14","2016年5月14日星期六","day","confirmed","李敖发微博谈“哲学讨论视觉原理，有些学科也不遑多让”","2016年5月14日，李敖在“哈囉李敖”微博发文：哲学讨论视觉原理，有些学科也不遑多让。理论烦人，来番浅显的：我建议“不要直接看”，间接去眼观四路，说不定更好看：水中看月，月更好看；雾里看花，花更好看；镜中看裸女，裸女更好看；“灯火阑珊处”看梦里情人，情人更好看。甚至看共产党也如此，从钥匙孔中看下了班的他，人模人样啦！","李敖","","虽千万人，李敖往矣、哈囉李敖、微博、140字","写作线、媒体线、晚年线","虽千万人，李敖往矣、哈囉李敖","","虽千万人，李敖往矣","042.2016年5月","51","《大李敖全集5.0》（wjm_tcy版）分章节/005.诗集语录类/005.虽千万人，李敖往矣/042.2016年5月.txt","","[]","data/timeline-events-sui-qianwan-li-ao-wangyi.json","sui-qianwan-2016-05-14-daily-weibo","{""id"":""sui-qianwan-2016-05-14-daily-weibo"",""date"":""2016-05-14"",""displayDate"":""2016年5月14日星期六"",""datePrecision"":""day"",""title"":""李敖发微博谈“哲学讨论视觉原理，有些学科也不遑多让”"",""summary"":""2016年5月14日，李敖在“哈囉李敖”微博发文：哲学讨论视觉原理，有些学科也不遑多让。理论烦人，来番浅显的：我建议“不要直接看”，间接去眼观四路，说不定更好看：水中看月，月更好看；雾里看花，花更好看；镜中看裸女，裸女更好看；“灯火阑珊处”看梦里情人，情人更好看。甚至看共产党也如此，从钥匙孔中看下了班的他，人模人样啦！"",""view"":[""写作线"",""媒体线"",""晚年线""],""tags"":[""虽千万人，李敖往矣"",""哈囉李敖"",""微博"",""140字""],""people"":[""李敖""],""places"":[],""works"":[""虽千万人，李敖往矣"",""哈囉李敖""],""certainty"":""confirmed"",""source"":{""book"":""虽千万人，李敖往矣"",""chapter"":""042.2016年5月"",""path"":""《大李敖全集5.0》（wjm_tcy版）分章节/005.诗集语录类/005.虽千万人，李敖往矣/042.2016年5月.txt"",""line"":51,""lines"":[51,53]},""crossReferences"":[],""round"":""2026-07-11-sui-qianwan-li-ao-wangyi-daily-completion"",""dataFile"":""data/timeline-events-sui-qianwan-li-ao-wangyi.json""}"
"29092","2016","2016-05-15","2016年5月15日星期日","day","confirmed","李敖发微博谈““招摇撞骗”是清朝的罪名，民国以后，人变坏了，罪名不够用了”","2016年5月15日，李敖在“哈囉李敖”微博发文：“招摇撞骗”是清朝的罪名，民国以后，人变坏了，罪名不够用了；49以后，人更坏了，罪名更不够用了。但招摇撞骗在美国，却一本万利。如今美国共和党总统参选人，声言只要万利不要一本了，自然引发华尔街财阀和华盛顿政客的恐慌。因为偷鸡也要丢把米呀。这场真小人与伪君子的内斗丑剧太好看了。","李敖","","虽千万人，李敖往矣、哈囉李敖、微博、140字","写作线、媒体线、晚年线","虽千万人，李敖往矣、哈囉李敖","","虽千万人，李敖往矣","042.2016年5月","55","《大李敖全集5.0》（wjm_tcy版）分章节/005.诗集语录类/005.虽千万人，李敖往矣/042.2016年5月.txt","","[]","data/timeline-events-sui-qianwan-li-ao-wangyi.json","sui-qianwan-2016-05-15-daily-weibo","{""id"":""sui-qianwan-2016-05-15-daily-weibo"",""date"":""2016-05-15"",""displayDate"":""2016年5月15日星期日"",""datePrecision"":""day"",""title"":""李敖发微博谈““招摇撞骗”是清朝的罪名，民国以后，人变坏了，罪名不够用了”"",""summary"":""2016年5月15日，李敖在“哈囉李敖”微博发文：“招摇撞骗”是清朝的罪名，民国以后，人变坏了，罪名不够用了；49以后，人更坏了，罪名更不够用了。但招摇撞骗在美国，却一本万利。如今美国共和党总统参选人，声言只要万利不要一本了，自然引发华尔街财阀和华盛顿政客的恐慌。因为偷鸡也要丢把米呀。这场真小人与伪君子的内斗丑剧太好看了。"",""view"":[""写作线"",""媒体线"",""晚年线""],""tags"":[""虽千万人，李敖往矣"",""哈囉李敖"",""微博"",""140字""],""people"":[""李敖""],""places"":[],""works"":[""虽千万人，李敖往矣"",""哈囉李敖""],""certainty"":""confirmed"",""source"":{""book"":""虽千万人，李敖往矣"",""chapter"":""042.2016年5月"",""path"":""《大李敖全集5.0》（wjm_tcy版）分章节/005.诗集语录类/005.虽千万人，李敖往矣/042.2016年5月.txt"",""line"":55,""lines"":[55,57]},""crossReferences"":[],""round"":""2026-07-11-sui-qianwan-li-ao-wangyi-daily-completion"",""dataFile"":""data/timeline-events-sui-qianwan-li-ao-wangyi.json""}"
"29093","2016","2016-05-16","2016年5月16日星期一","day","confirmed","李敖发微博谈“台湾统独两派都是假的，都丢不掉“中华民国”这个亡国框框，想以僵尸国…”","2016年5月16日，李敖在“哈囉李敖”微博发文：台湾统独两派都是假的，都丢不掉“中华民国”这个亡国框框，想以僵尸国号与对岸分庭抗礼、等量齐观、两全其美、兄弟之邦，其实太小了！在它自己的白纸黑字里，也不过“中华民国”35个省中的一个最小的省。量来量去，它是小鸡巴，中国是大鸡巴。起来，不愿做两根鸡巴的人们，让我们消灭小鸡巴！","李敖","","虽千万人，李敖往矣、哈囉李敖、微博、140字","写作线、媒体线、晚年线","虽千万人，李敖往矣、哈囉李敖","","虽千万人，李敖往矣","042.2016年5月","59","《大李敖全集5.0》（wjm_tcy版）分章节/005.诗集语录类/005.虽千万人，李敖往矣/042.2016年5月.txt","","[]","data/timeline-events-sui-qianwan-li-ao-wangyi.json","sui-qianwan-2016-05-16-daily-weibo","{""id"":""sui-qianwan-2016-05-16-daily-weibo"",""date"":""2016-05-16"",""displayDate"":""2016年5月16日星期一"",""datePrecision"":""day"",""title"":""李敖发微博谈“台湾统独两派都是假的，都丢不掉“中华民国”这个亡国框框，想以僵尸国…”"",""summary"":""2016年5月16日，李敖在“哈囉李敖”微博发文：台湾统独两派都是假的，都丢不掉“中华民国”这个亡国框框，想以僵尸国号与对岸分庭抗礼、等量齐观、两全其美、兄弟之邦，其实太小了！在它自己的白纸黑字里，也不过“中华民国”35个省中的一个最小的省。量来量去，它是小鸡巴，中国是大鸡巴。起来，不愿做两根鸡巴的人们，让我们消灭小鸡巴！"",""view"":[""写作线"",""媒体线"",""晚年线""],""tags"":[""虽千万人，李敖往矣"",""哈囉李敖"",""微博"",""140字""],""people"":[""李敖""],""places"":[],""works"":[""虽千万人，李敖往矣"",""哈囉李敖""],""certainty"":""confirmed"",""source"":{""book"":""虽千万人，李敖往矣"",""chapter"":""042.2016年5月"",""path"":""《大李敖全集5.0》（wjm_tcy版）分章节/005.诗集语录类/005.虽千万人，李敖往矣/042.2016年5月.txt"",""line"":59,""lines"":[59,61]},""crossReferences"":[],""round"":""2026-07-11-sui-qianwan-li-ao-wangyi-daily-completion"",""dataFile"":""data/timeline-events-sui-qianwan-li-ao-wangyi.json""}"
"29094","2016","2016-05-17","2016-05-17","day","","李敖在五二〇前夕预言马英九会坐牢，并把富邦、党产和大巨蛋都纳入案源","他说自己是台湾节目中第一个预言马英九会坐进陈水扁牢房的人，理由从台北银行廉价卖给富邦、四十四户房产折算损失，到党产从九一八亿变一六六亿，再到大巨蛋、美河市和马王政争案，形成卸任后的官司链。","李敖、廖筱君、马英九、陈水扁、李登辉、连战、刘泰英、张荣发","台湾、台北","李敖政论综艺集、第十九轮、closeout、节目访谈、第184集、马英九、富邦案、党产、五二〇、坐牢","public","新台湾加油、贪污治罪条例","li-ao-zhenglun-zongyiji-168-lists-party-assets-and-fubon-mei-heshi-five-cases-against-ma-clean-image、li-ao-zhenglun-zongyiji-150-attacks-ma-cleanness-through-kmt-party-assets-cbc-land-and-492000-party-money","","","","","","[]","data/timeline-events-li-ao-zhenglun-zongyiji.json","li-ao-zhenglun-zongyiji-184-predicts-ma-will-face-prison-after-520-through-fubon-party-assets-and-old-cases","{""id"":""li-ao-zhenglun-zongyiji-184-predicts-ma-will-face-prison-after-520-through-fubon-party-assets-and-old-cases"",""date"":""2016-05-17"",""year"":2016,""month"":5,""day"":17,""title"":""李敖在五二〇前夕预言马英九会坐牢，并把富邦、党产和大巨蛋都纳入案源"",""summary"":""他说自己是台湾节目中第一个预言马英九会坐进陈水扁牢房的人，理由从台北银行廉价卖给富邦、四十四户房产折算损失，到党产从九一八亿变一六六亿，再到大巨蛋、美河市和马王政争案，形成卸任后的官司链。"",""category"":""media"",""source"":""《大李敖全集5.0》（wjm_tcy版）分章节/010.节目演讲类/012.李敖政论综艺集/184.20160517《新台湾加油》.txt"",""sourceLines"":[9,33],""lineCount"":231,""people"":[""李敖"",""廖筱君"",""马英九"",""陈水扁"",""李登辉"",""连战"",""刘泰英"",""张荣发""],""places"":[""台湾"",""台北""],""works"":[""新台湾加油"",""贪污治罪条例""],""tags"":[""李敖政论综艺集"",""第十九轮"",""closeout"",""节目访谈"",""第184集"",""马英九"",""富邦案"",""党产"",""五二〇"",""坐牢""],""crossReferences"":[""li-ao-zhenglun-zongyiji-168-lists-party-assets-and-fubon-mei-heshi-five-cases-against-ma-clean-image"",""li-ao-zhenglun-zongyiji-150-attacks-ma-cleanness-through-kmt-party-assets-cbc-land-and-492000-party-money""],""view"":[""public""],""confidence"":""high"",""round"":""li-ao-zhenglun-zongyiji-round019-181-186-closeout"",""dataFile"":""data/timeline-events-li-ao-zhenglun-zongyiji.json""}"
"29095","2016","2016-05-17","2016-05-17","day","","李敖把林锡山案外泄说成检调自走炮，并怀疑王金平卷入说是斗臭操作","他认为台湾司法系统常常像自走炮，最高法院审判人不明、法官重复更审等都违法却无人管；林锡山案若真能打中王金平，马英九早在马王政争时就会用，因此现在更像检调、调查局或某种势力释放消息来斗臭王金平。","李敖、廖筱君、林锡山、王金平、马英九、华定国","台湾","李敖政论综艺集、第十九轮、closeout、节目访谈、第184集、司法、检调、林锡山案、王金平、马王政争","public","新台湾加油","li-ao-zhenglun-zongyiji-162-tells-wang-to-admit-lobbying-as-political-friendship-for-legislative-operation","","","","","","[]","data/timeline-events-li-ao-zhenglun-zongyiji.json","li-ao-zhenglun-zongyiji-184-describes-judicial-investigation-as-self-propelled-gun-and-doubts-wang-in-lin-xishan-case","{""id"":""li-ao-zhenglun-zongyiji-184-describes-judicial-investigation-as-self-propelled-gun-and-doubts-wang-in-lin-xishan-case"",""date"":""2016-05-17"",""year"":2016,""month"":5,""day"":17,""title"":""李敖把林锡山案外泄说成检调自走炮，并怀疑王金平卷入说是斗臭操作"",""summary"":""他认为台湾司法系统常常像自走炮，最高法院审判人不明、法官重复更审等都违法却无人管；林锡山案若真能打中王金平，马英九早在马王政争时就会用，因此现在更像检调、调查局或某种势力释放消息来斗臭王金平。"",""category"":""media"",""source"":""《大李敖全集5.0》（wjm_tcy版）分章节/010.节目演讲类/012.李敖政论综艺集/184.20160517《新台湾加油》.txt"",""sourceLines"":[99,133],""lineCount"":231,""people"":[""李敖"",""廖筱君"",""林锡山"",""王金平"",""马英九"",""华定国""],""places"":[""台湾""],""works"":[""新台湾加油""],""tags"":[""李敖政论综艺集"",""第十九轮"",""closeout"",""节目访谈"",""第184集"",""司法"",""检调"",""林锡山案"",""王金平"",""马王政争""],""crossReferences"":[""li-ao-zhenglun-zongyiji-162-tells-wang-to-admit-lobbying-as-political-friendship-for-legislative-operation""],""view"":[""public""],""confidence"":""high"",""round"":""li-ao-zhenglun-zongyiji-round019-181-186-closeout"",""dataFile"":""data/timeline-events-li-ao-zhenglun-zongyiji.json""}"
"29096","2016","2016-05-17","2016-05-17","day","","李敖说蔡英文当家方知柴米贵，并把宪法大陆地区、假统派和三千二百亿国防预算合并批判","他用猪八戒当家方知柴米贵形容蔡英文上台后的困难，指出宪法增修条文写自由地区与大陆地区，台湾习惯称大陆为中国反而违反宪法；洪秀柱以下相信中华民国的都是假统派，而中华民国已亡国的旧框架又让台湾每年花三千二百亿养军队。","李敖、廖筱君、蔡英文、洪秀柱、蒋介石、郭国基、陈诚","台湾、大陆、非洲","李敖政论综艺集、第十九轮、closeout、节目访谈、第184集、蔡英文、中华民国宪法、大陆地区、假统派、国防预算","public","新台湾加油、中华民国宪法","li-ao-zhenglun-zongyiji-166-says-chiang-admitted-roc-death-and-both-counterattack-and-independence-dreams-broke、li-ao-zhenglun-zongyiji-144-states-two-sides-one-china-follows-constitution-while-roc-already-died","","","","","","[]","data/timeline-events-li-ao-zhenglun-zongyiji.json","li-ao-zhenglun-zongyiji-184-calls-tsai-household-hard-to-manage-and-condenses-constitutional-one-china-false-unification-and-defense-budget","{""id"":""li-ao-zhenglun-zongyiji-184-calls-tsai-household-hard-to-manage-and-condenses-constitutional-one-china-false-unification-and-defense-budget"",""date"":""2016-05-17"",""year"":2016,""month"":5,""day"":17,""title"":""李敖说蔡英文当家方知柴米贵，并把宪法大陆地区、假统派和三千二百亿国防预算合并批判"",""summary"":""他用猪八戒当家方知柴米贵形容蔡英文上台后的困难，指出宪法增修条文写自由地区与大陆地区，台湾习惯称大陆为中国反而违反宪法；洪秀柱以下相信中华民国的都是假统派，而中华民国已亡国的旧框架又让台湾每年花三千二百亿养军队。"",""category"":""media"",""source"":""《大李敖全集5.0》（wjm_tcy版）分章节/010.节目演讲类/012.李敖政论综艺集/184.20160517《新台湾加油》.txt"",""sourceLines"":[153,165],""lineCount"":231,""people"":[""李敖"",""廖筱君"",""蔡英文"",""洪秀柱"",""蒋介石"",""郭国基"",""陈诚""],""places"":[""台湾"",""大陆"",""非洲""],""works"":[""新台湾加油"",""中华民国宪法""],""tags"":[""李敖政论综艺集"",""第十九轮"",""closeout"",""节目访谈"",""第184集"",""蔡英文"",""中华民国宪法"",""大陆地区"",""假统派"",""国防预算""],""crossReferences"":[""li-ao-zhenglun-zongyiji-166-says-chiang-admitted-roc-death-and-both-counterattack-and-independence-dreams-broke"",""li-ao-zhenglun-zongyiji-144-states-two-sides-one-china-follows-constitution-while-roc-already-died""],""view"":[""public""],""confidence"":""high"",""round"":""li-ao-zhenglun-zongyiji-round019-181-186-closeout"",""dataFile"":""data/timeline-events-li-ao-zhenglun-zongyiji.json""}"
"29097","2016","2016-05-17","2016-05-17","day","","李敖重述质询李大维：台湾若三天成废墟，美国就不会来","他回忆在立法院问李大维，美国救台前提是台湾守住第一波，李大维说希望守十四天；李敖判断台湾三天就会因跑道被炸而垮，追问若台湾成废墟美国还来不来，李大维回答不来，于是李敖说质询完毕，并接到钱复四十次、沈剑虹五十二次美国保证失信。","李敖、廖筱君、李大维、林中斌、钱复、沈剑虹、宋楚瑜、蔡英文","台湾、美国","李敖政论综艺集、第十九轮、closeout、节目访谈、第184集、李大维、十四天、美国不来、台湾废墟、美国不可靠","public","新台湾加油、钱复回忆录、沈剑虹回忆录","li-ao-zhenglun-zongyiji-078-uses-us-defense-data-to-refute-li-jie-fourteen-days、li-ao-zhenglun-zongyiji-076-argues-taiwan-becomes-ruins-before-us-arrives","","","","","","[]","data/timeline-events-li-ao-zhenglun-zongyiji.json","li-ao-zhenglun-zongyiji-184-uses-li-dawei-fourteen-days-record-to-say-us-will-not-come-after-taiwan-becomes-ruins","{""id"":""li-ao-zhenglun-zongyiji-184-uses-li-dawei-fourteen-days-record-to-say-us-will-not-come-after-taiwan-becomes-ruins"",""date"":""2016-05-17"",""year"":2016,""month"":5,""day"":17,""title"":""李敖重述质询李大维：台湾若三天成废墟，美国就不会来"",""summary"":""他回忆在立法院问李大维，美国救台前提是台湾守住第一波，李大维说希望守十四天；李敖判断台湾三天就会因跑道被炸而垮，追问若台湾成废墟美国还来不来，李大维回答不来，于是李敖说质询完毕，并接到钱复四十次、沈剑虹五十二次美国保证失信。"",""category"":""media"",""source"":""《大李敖全集5.0》（wjm_tcy版）分章节/010.节目演讲类/012.李敖政论综艺集/184.20160517《新台湾加油》.txt"",""sourceLines"":[209,221],""lineCount"":231,""people"":[""李敖"",""廖筱君"",""李大维"",""林中斌"",""钱复"",""沈剑虹"",""宋楚瑜"",""蔡英文""],""places"":[""台湾"",""美国""],""works"":[""新台湾加油"",""钱复回忆录"",""沈剑虹回忆录""],""tags"":[""李敖政论综艺集"",""第十九轮"",""closeout"",""节目访谈"",""第184集"",""李大维"",""十四天"",""美国不来"",""台湾废墟"",""美国不可靠""],""crossReferences"":[""li-ao-zhenglun-zongyiji-078-uses-us-defense-data-to-refute-li-jie-fourteen-days"",""li-ao-zhenglun-zongyiji-076-argues-taiwan-becomes-ruins-before-us-arrives""],""view"":[""public""],""confidence"":""high"",""round"":""li-ao-zhenglun-zongyiji-round019-181-186-closeout"",""dataFile"":""data/timeline-events-li-ao-zhenglun-zongyiji.json""}"
"29098","2016","2016-05-17","2016-05-17","day","","李敖借肯亚诈骗犯和九二共识追问民进党敢不敢真正革命","节目谈到肯亚诈骗犯送北京，李敖说若民进党是革命团体，就该废旧宪法、推翻中华民国和青天白日旗，问题不是台独，而是敢不敢台独；随后他把九二共识追到二〇〇〇年四月苏起在陈水扁时代提出，认为共产党接受后台湾又否认，当然会翻脸。","李敖、廖筱君、陈水扁、苏起、蒋介石、谢聪敏","台湾、北京、肯亚、大陆","李敖政论综艺集、第十九轮、closeout、节目访谈、第184集、肯亚诈骗案、台独、中华民国、九二共识、苏起","public","新台湾加油","li-ao-zhenglun-zongyiji-177-traces-1992-consensus-to-su-chi-chen-and-tsai-mutual-cover、li-ao-zhenglun-zongyiji-178-uses-cai-ingwen-2000-legislative-record-to-pin-her-to-unification-guidelines","","","","","","[]","data/timeline-events-li-ao-zhenglun-zongyiji.json","li-ao-zhenglun-zongyiji-184-dares-dpp-to-revolutionize-roc-frame-and-ties-kenya-case-to-1992-consensus-origin","{""id"":""li-ao-zhenglun-zongyiji-184-dares-dpp-to-revolutionize-roc-frame-and-ties-kenya-case-to-1992-consensus-origin"",""date"":""2016-05-17"",""year"":2016,""month"":5,""day"":17,""title"":""李敖借肯亚诈骗犯和九二共识追问民进党敢不敢真正革命"",""summary"":""节目谈到肯亚诈骗犯送北京，李敖说若民进党是革命团体，就该废旧宪法、推翻中华民国和青天白日旗，问题不是台独，而是敢不敢台独；随后他把九二共识追到二〇〇〇年四月苏起在陈水扁时代提出，认为共产党接受后台湾又否认，当然会翻脸。"",""category"":""media"",""source"":""《大李敖全集5.0》（wjm_tcy版）分章节/010.节目演讲类/012.李敖政论综艺集/184.20160517《新台湾加油》.txt"",""sourceLines"":[65,97],""lineCount"":231,""people"":[""李敖"",""廖筱君"",""陈水扁"",""苏起"",""蒋介石"",""谢聪敏""],""places"":[""台湾"",""北京"",""肯亚"",""大陆""],""works"":[""新台湾加油""],""tags"":[""李敖政论综艺集"",""第十九轮"",""closeout"",""节目访谈"",""第184集"",""肯亚诈骗案"",""台独"",""中华民国"",""九二共识"",""苏起""],""crossReferences"":[""li-ao-zhenglun-zongyiji-177-traces-1992-consensus-to-su-chi-chen-and-tsai-mutual-cover"",""li-ao-zhenglun-zongyiji-178-uses-cai-ingwen-2000-legislative-record-to-pin-her-to-unification-guidelines""],""view"":[""public""],""confidence"":""high"",""round"":""li-ao-zhenglun-zongyiji-round019-181-186-closeout"",""dataFile"":""data/timeline-events-li-ao-zhenglun-zongyiji.json""}"
"29099","2016","2016-05-17","2016-05-17","day","","李敖赞成限制马英九出境，并把他重新定位为亲美亲日而非亲中","被问是否会制造对立时，李敖说赞成限制马英九出境，因为他可能有逃亡之意，且父亲、女婿、绿卡和美国包庇都使身份不明；他进一步说马英九没有资格亲中，真正是亲美、亲日，海啸后带头给日本捐六十六亿台币就是例子。","李敖、廖筱君、马英九、蔡英文、薛石民","台湾、美国、日本、大陆","李敖政论综艺集、第十九轮、closeout、节目访谈、第184集、限制出境、马英九、亲美、亲日、绿卡","public","新台湾加油","li-ao-zhenglun-zongyiji-163-denies-ma-clean-image-through-party-assets-and-campaign-money","","","","","","[]","data/timeline-events-li-ao-zhenglun-zongyiji.json","li-ao-zhenglun-zongyiji-184-supports-restricting-ma-exit-and-recasts-him-as-pro-american-pro-japanese-not-pro-china","{""id"":""li-ao-zhenglun-zongyiji-184-supports-restricting-ma-exit-and-recasts-him-as-pro-american-pro-japanese-not-pro-china"",""date"":""2016-05-17"",""year"":2016,""month"":5,""day"":17,""title"":""李敖赞成限制马英九出境，并把他重新定位为亲美亲日而非亲中"",""summary"":""被问是否会制造对立时，李敖说赞成限制马英九出境，因为他可能有逃亡之意，且父亲、女婿、绿卡和美国包庇都使身份不明；他进一步说马英九没有资格亲中，真正是亲美、亲日，海啸后带头给日本捐六十六亿台币就是例子。"",""category"":""media"",""source"":""《大李敖全集5.0》（wjm_tcy版）分章节/010.节目演讲类/012.李敖政论综艺集/184.20160517《新台湾加油》.txt"",""sourceLines"":[45,65],""lineCount"":231,""people"":[""李敖"",""廖筱君"",""马英九"",""蔡英文"",""薛石民""],""places"":[""台湾"",""美国"",""日本"",""大陆""],""works"":[""新台湾加油""],""tags"":[""李敖政论综艺集"",""第十九轮"",""closeout"",""节目访谈"",""第184集"",""限制出境"",""马英九"",""亲美"",""亲日"",""绿卡""],""crossReferences"":[""li-ao-zhenglun-zongyiji-163-denies-ma-clean-image-through-party-assets-and-campaign-money""],""view"":[""public""],""confidence"":""high"",""round"":""li-ao-zhenglun-zongyiji-round019-181-186-closeout"",""dataFile"":""data/timeline-events-li-ao-zhenglun-zongyiji.json""}"
"29100","2016","2016-05-17","2016-05-17","day","","李敖警告蔡英文自造潜舰政策既造不出来，也会因掐大陆石油命脉而挑衅","谈蔡英文影子内阁国防部长冯世宽的潜舰政策时，他说台湾连汽车都造不出来，更造不了高度机密的潜艇；又回忆质询李杰时，李杰承认潜艇用途是剪断大陆从新加坡到上海的石油线，李敖据此判断这会逼大陆拼命。","李敖、廖筱君、蔡英文、冯世宽、李杰","台湾、美国、大陆、新加坡、上海","李敖政论综艺集、第十九轮、closeout、节目访谈、第184集、潜水艇、冯世宽、李杰、国防政策、军购","public","新台湾加油","li-ao-zhenglun-zongyiji-077-says-submarines-could-provoke-preemptive-mainland-attack、li-ao-zhenglun-zongyiji-077-warns-initial-arms-budget-is-head-passing-then-body-follows","","","","","","[]","data/timeline-events-li-ao-zhenglun-zongyiji.json","li-ao-zhenglun-zongyiji-184-warns-tsai-submarine-policy-is-unbuildable-and-would-provoke-mainland","{""id"":""li-ao-zhenglun-zongyiji-184-warns-tsai-submarine-policy-is-unbuildable-and-would-provoke-mainland"",""date"":""2016-05-17"",""year"":2016,""month"":5,""day"":17,""title"":""李敖警告蔡英文自造潜舰政策既造不出来，也会因掐大陆石油命脉而挑衅"",""summary"":""谈蔡英文影子内阁国防部长冯世宽的潜舰政策时，他说台湾连汽车都造不出来，更造不了高度机密的潜艇；又回忆质询李杰时，李杰承认潜艇用途是剪断大陆从新加坡到上海的石油线，李敖据此判断这会逼大陆拼命。"",""category"":""media"",""source"":""《大李敖全集5.0》（wjm_tcy版）分章节/010.节目演讲类/012.李敖政论综艺集/184.20160517《新台湾加油》.txt"",""sourceLines"":[169,205],""lineCount"":231,""people"":[""李敖"",""廖筱君"",""蔡英文"",""冯世宽"",""李杰""],""places"":[""台湾"",""美国"",""大陆"",""新加坡"",""上海""],""works"":[""新台湾加油""],""tags"":[""李敖政论综艺集"",""第十九轮"",""closeout"",""节目访谈"",""第184集"",""潜水艇"",""冯世宽"",""李杰"",""国防政策"",""军购""],""crossReferences"":[""li-ao-zhenglun-zongyiji-077-says-submarines-could-provoke-preemptive-mainland-attack"",""li-ao-zhenglun-zongyiji-077-warns-initial-arms-budget-is-head-passing-then-body-follows""],""view"":[""public""],""confidence"":""high"",""round"":""li-ao-zhenglun-zongyiji-round019-181-186-closeout"",""dataFile"":""data/timeline-events-li-ao-zhenglun-zongyiji.json""}"
"29101","2016","2016-05-17","2016年5月17日星期二","day","confirmed","李敖发微博谈“美国国防部在台湾儿皇帝改朝换代时，重申美国基于与中国三公报和台湾关…”","2016年5月17日，李敖在“哈囉李敖”微博发文：美国国防部在台湾儿皇帝改朝换代时，重申美国基于与中国三公报和台湾关系法，反对台海任何一方改变现状，也不支持台湾独立。我认为：美国在做两面人：一方面反对台湾自立门户、一方面支持台湾磨拳擦掌。磨拳擦掌是壮胆的本钱，目的是使台湾疏离祖国，在疏离中等机会，虽曰不独，独在其中矣。","李敖","","虽千万人，李敖往矣、哈囉李敖、微博、140字","写作线、媒体线、晚年线","虽千万人，李敖往矣、哈囉李敖","","虽千万人，李敖往矣","042.2016年5月","63","《大李敖全集5.0》（wjm_tcy版）分章节/005.诗集语录类/005.虽千万人，李敖往矣/042.2016年5月.txt","","[]","data/timeline-events-sui-qianwan-li-ao-wangyi.json","sui-qianwan-2016-05-17-daily-weibo","{""id"":""sui-qianwan-2016-05-17-daily-weibo"",""date"":""2016-05-17"",""displayDate"":""2016年5月17日星期二"",""datePrecision"":""day"",""title"":""李敖发微博谈“美国国防部在台湾儿皇帝改朝换代时，重申美国基于与中国三公报和台湾关…”"",""summary"":""2016年5月17日，李敖在“哈囉李敖”微博发文：美国国防部在台湾儿皇帝改朝换代时，重申美国基于与中国三公报和台湾关系法，反对台海任何一方改变现状，也不支持台湾独立。我认为：美国在做两面人：一方面反对台湾自立门户、一方面支持台湾磨拳擦掌。磨拳擦掌是壮胆的本钱，目的是使台湾疏离祖国，在疏离中等机会，虽曰不独，独在其中矣。"",""view"":[""写作线"",""媒体线"",""晚年线""],""tags"":[""虽千万人，李敖往矣"",""哈囉李敖"",""微博"",""140字""],""people"":[""李敖""],""places"":[],""works"":[""虽千万人，李敖往矣"",""哈囉李敖""],""certainty"":""confirmed"",""source"":{""book"":""虽千万人，李敖往矣"",""chapter"":""042.2016年5月"",""path"":""《大李敖全集5.0》（wjm_tcy版）分章节/005.诗集语录类/005.虽千万人，李敖往矣/042.2016年5月.txt"",""line"":63,""lines"":[63,65]},""crossReferences"":[],""round"":""2026-07-11-sui-qianwan-li-ao-wangyi-daily-completion"",""dataFile"":""data/timeline-events-sui-qianwan-li-ao-wangyi.json""}"
"29102","2016","2016-05-18","2016年5月18日星期三","day","confirmed","李敖发微博谈“奥巴马一上台，势利眼的诺贝尔和平奖就给了他”","2016年5月18日，李敖在“哈囉李敖”微博发文：奥巴马一上台，势利眼的诺贝尔和平奖就给了他。这黑鬼异军突起，得和平奖于刀光闪闪之际，未免唐突。果然今年5月6日见了真章！这一天开始，奥巴马就打破前任小布什的纪录，成为美国史上进行战争最久的总统了！用兵7国，至今未已，两任任期中天天打仗，美国总统爱好和平如此，Damn you呀！","李敖","","虽千万人，李敖往矣、哈囉李敖、微博、140字","写作线、媒体线、晚年线","虽千万人，李敖往矣、哈囉李敖","","虽千万人，李敖往矣","042.2016年5月","67","《大李敖全集5.0》（wjm_tcy版）分章节/005.诗集语录类/005.虽千万人，李敖往矣/042.2016年5月.txt","","[]","data/timeline-events-sui-qianwan-li-ao-wangyi.json","sui-qianwan-2016-05-18-daily-weibo","{""id"":""sui-qianwan-2016-05-18-daily-weibo"",""date"":""2016-05-18"",""displayDate"":""2016年5月18日星期三"",""datePrecision"":""day"",""title"":""李敖发微博谈“奥巴马一上台，势利眼的诺贝尔和平奖就给了他”"",""summary"":""2016年5月18日，李敖在“哈囉李敖”微博发文：奥巴马一上台，势利眼的诺贝尔和平奖就给了他。这黑鬼异军突起，得和平奖于刀光闪闪之际，未免唐突。果然今年5月6日见了真章！这一天开始，奥巴马就打破前任小布什的纪录，成为美国史上进行战争最久的总统了！用兵7国，至今未已，两任任期中天天打仗，美国总统爱好和平如此，Damn you呀！"",""view"":[""写作线"",""媒体线"",""晚年线""],""tags"":[""虽千万人，李敖往矣"",""哈囉李敖"",""微博"",""140字""],""people"":[""李敖""],""places"":[],""works"":[""虽千万人，李敖往矣"",""哈囉李敖""],""certainty"":""confirmed"",""source"":{""book"":""虽千万人，李敖往矣"",""chapter"":""042.2016年5月"",""path"":""《大李敖全集5.0》（wjm_tcy版）分章节/005.诗集语录类/005.虽千万人，李敖往矣/042.2016年5月.txt"",""line"":67,""lines"":[67,69]},""crossReferences"":[],""round"":""2026-07-11-sui-qianwan-li-ao-wangyi-daily-completion"",""dataFile"":""data/timeline-events-sui-qianwan-li-ao-wangyi.json""}"
"29103","2016","2016-05-19","2016年5月19日星期四","day","confirmed","李敖发微博谈“民进党女头子宣称守宪，却不守宪法，此蒋光头真传也”","2016年5月19日，李敖在“哈囉李敖”微博发文：民进党女头子宣称守宪，却不守宪法，此蒋光头真传也！翻开所谓《中华民国宪法增修条文》第11条，白纸黑字领土分“自由地区”与“大陆地区”，并出现9次“自由地区”字眼加以衬托，足证一个中国属实。明明一个中国，却在九二共识字眼上拉锯，不干脆推出依法有据的一个中国要求对方，真蠢呀！","李敖","","虽千万人，李敖往矣、哈囉李敖、微博、140字","写作线、媒体线、晚年线","虽千万人，李敖往矣、哈囉李敖","","虽千万人，李敖往矣","042.2016年5月","71","《大李敖全集5.0》（wjm_tcy版）分章节/005.诗集语录类/005.虽千万人，李敖往矣/042.2016年5月.txt","","[]","data/timeline-events-sui-qianwan-li-ao-wangyi.json","sui-qianwan-2016-05-19-daily-weibo","{""id"":""sui-qianwan-2016-05-19-daily-weibo"",""date"":""2016-05-19"",""displayDate"":""2016年5月19日星期四"",""datePrecision"":""day"",""title"":""李敖发微博谈“民进党女头子宣称守宪，却不守宪法，此蒋光头真传也”"",""summary"":""2016年5月19日，李敖在“哈囉李敖”微博发文：民进党女头子宣称守宪，却不守宪法，此蒋光头真传也！翻开所谓《中华民国宪法增修条文》第11条，白纸黑字领土分“自由地区”与“大陆地区”，并出现9次“自由地区”字眼加以衬托，足证一个中国属实。明明一个中国，却在九二共识字眼上拉锯，不干脆推出依法有据的一个中国要求对方，真蠢呀！"",""view"":[""写作线"",""媒体线"",""晚年线""],""tags"":[""虽千万人，李敖往矣"",""哈囉李敖"",""微博"",""140字""],""people"":[""李敖""],""places"":[],""works"":[""虽千万人，李敖往矣"",""哈囉李敖""],""certainty"":""confirmed"",""source"":{""book"":""虽千万人，李敖往矣"",""chapter"":""042.2016年5月"",""path"":""《大李敖全集5.0》（wjm_tcy版）分章节/005.诗集语录类/005.虽千万人，李敖往矣/042.2016年5月.txt"",""line"":71,""lines"":[71,73]},""crossReferences"":[],""round"":""2026-07-11-sui-qianwan-li-ao-wangyi-daily-completion"",""dataFile"":""data/timeline-events-sui-qianwan-li-ao-wangyi.json""}"
"29104","2016","2016-05-20","2016-05-20","day","","李敖在就职当天再用《台湾关系法》without charge和铺路爪雷达批美国保护费","他说美国绝不可靠，钱复、沈剑虹和基辛格回忆录都显示美国保证转眼成谎；《台湾关系法》只写严重关切，参议院记录里的 provide 还带 without charge，台湾却买铺路爪雷达并每年花十二亿维护，实际只是替美国监测远程飞弹。","李敖、钱复、沈剑虹、基辛格、宋楚瑜、蒋经国","台湾、美国、北京、新疆、福建、英国","李敖政论综艺集、第十九轮、closeout、节目访谈、第185集、美国不可靠、台湾关系法、without charge、铺路爪、军购","public","POP抢先爆、台湾关系法、钱复回忆录、沈剑虹回忆录","li-ao-zhenglun-zongyiji-179-says-us-trips-expose-fake-sovereignty-and-tra-only-serious-concern、li-ao-zhenglun-zongyiji-042-uses-taiwan-relations-act-provide-to-attack-arms-payment","","","","","","[]","data/timeline-events-li-ao-zhenglun-zongyiji.json","li-ao-zhenglun-zongyiji-185-repeats-american-unreliability-through-tra-without-charge-and-pave-paws-radar","{""id"":""li-ao-zhenglun-zongyiji-185-repeats-american-unreliability-through-tra-without-charge-and-pave-paws-radar"",""date"":""2016-05-20"",""year"":2016,""month"":5,""day"":20,""title"":""李敖在就职当天再用《台湾关系法》without charge和铺路爪雷达批美国保护费"",""summary"":""他说美国绝不可靠，钱复、沈剑虹和基辛格回忆录都显示美国保证转眼成谎；《台湾关系法》只写严重关切，参议院记录里的 provide 还带 without charge，台湾却买铺路爪雷达并每年花十二亿维护，实际只是替美国监测远程飞弹。"",""category"":""media"",""source"":""《大李敖全集5.0》（wjm_tcy版）分章节/010.节目演讲类/012.李敖政论综艺集/185.20160520《POP抢先爆》.txt"",""sourceLines"":[413,455],""lineCount"":573,""people"":[""李敖"",""钱复"",""沈剑虹"",""基辛格"",""宋楚瑜"",""蒋经国""],""places"":[""台湾"",""美国"",""北京"",""新疆"",""福建"",""英国""],""works"":[""POP抢先爆"",""台湾关系法"",""钱复回忆录"",""沈剑虹回忆录""],""tags"":[""李敖政论综艺集"",""第十九轮"",""closeout"",""节目访谈"",""第185集"",""美国不可靠"",""台湾关系法"",""without charge"",""铺路爪"",""军购""],""crossReferences"":[""li-ao-zhenglun-zongyiji-179-says-us-trips-expose-fake-sovereignty-and-tra-only-serious-concern"",""li-ao-zhenglun-zongyiji-042-uses-taiwan-relations-act-provide-to-attack-arms-payment""],""view"":[""public""],""confidence"":""high"",""round"":""li-ao-zhenglun-zongyiji-round019-181-186-closeout"",""dataFile"":""data/timeline-events-li-ao-zhenglun-zongyiji.json""}"
"29105","2016","2016-05-20","2016-05-20","day","","李敖判断蔡英文演说不会让北京满意，并用六十比一战争问题戳破台独公投勇气","他认为北京不会觉得就职演说OK，因为台湾让它不痛快，它也不会让台湾痛快；若真要善意，应按宪法直接谈一个中国。随后他反问若台独公投导致打仗怎么办，人口六十比一，可能哥哥、丈夫、弟弟和情人都死，民进党连蔡同荣公投案与林义雄核四公投都不敢。","李敖、蔡英文、蔡同荣、陈水扁、李文忠、林义雄","台湾、北京、大陆、美国","李敖政论综艺集、第十九轮、closeout、节目访谈、第185集、蔡英文就职演说、北京、台独公投、战争、民进党","public","POP抢先爆","li-ao-zhenglun-zongyiji-158-turns-1992-consensus-into-name-dispute-and-possible-taiwan-consensus、li-ao-zhenglun-zongyiji-067-proposes-negotiating-un-ambassador-and-museum-posts-for-taiwan","","","","","","[]","data/timeline-events-li-ao-zhenglun-zongyiji.json","li-ao-zhenglun-zongyiji-185-says-inaugural-will-not-satisfy-beijing-and-exposes-referendum-courage-through-sixty-to-one-war-question","{""id"":""li-ao-zhenglun-zongyiji-185-says-inaugural-will-not-satisfy-beijing-and-exposes-referendum-courage-through-sixty-to-one-war-question"",""date"":""2016-05-20"",""year"":2016,""month"":5,""day"":20,""title"":""李敖判断蔡英文演说不会让北京满意，并用六十比一战争问题戳破台独公投勇气"",""summary"":""他认为北京不会觉得就职演说OK，因为台湾让它不痛快，它也不会让台湾痛快；若真要善意，应按宪法直接谈一个中国。随后他反问若台独公投导致打仗怎么办，人口六十比一，可能哥哥、丈夫、弟弟和情人都死，民进党连蔡同荣公投案与林义雄核四公投都不敢。"",""category"":""media"",""source"":""《大李敖全集5.0》（wjm_tcy版）分章节/010.节目演讲类/012.李敖政论综艺集/185.20160520《POP抢先爆》.txt"",""sourceLines"":[365,411],""lineCount"":573,""people"":[""李敖"",""蔡英文"",""蔡同荣"",""陈水扁"",""李文忠"",""林义雄""],""places"":[""台湾"",""北京"",""大陆"",""美国""],""works"":[""POP抢先爆""],""tags"":[""李敖政论综艺集"",""第十九轮"",""closeout"",""节目访谈"",""第185集"",""蔡英文就职演说"",""北京"",""台独公投"",""战争"",""民进党""],""crossReferences"":[""li-ao-zhenglun-zongyiji-158-turns-1992-consensus-into-name-dispute-and-possible-taiwan-consensus"",""li-ao-zhenglun-zongyiji-067-proposes-negotiating-un-ambassador-and-museum-posts-for-taiwan""],""view"":[""public""],""confidence"":""high"",""round"":""li-ao-zhenglun-zongyiji-round019-181-186-closeout"",""dataFile"":""data/timeline-events-li-ao-zhenglun-zongyiji.json""}"
"29106","2016","2016-05-20","2016-05-20","day","","李敖把蔡英文就职演说评为美丽空话，并用政府就是问题否定新南向和改革愿景","被追问评分时，他说演说感性美丽但都是空话，内行人一听就知道与十六年前内容相同；他借里根的政府就是问题，指出台湾小到全世界二万分之二，只有二十二个邦交国，新南向、区域政策和改革愿景都只是梦。","李敖、蔡英文、里根","台湾、新加坡、非洲、欧洲、教廷","李敖政论综艺集、第十九轮、closeout、节目访谈、第185集、蔡英文就职演说、空话、政府问题、新南向、邦交国","public","POP抢先爆","","","","","","","[]","data/timeline-events-li-ao-zhenglun-zongyiji.json","li-ao-zhenglun-zongyiji-185-scores-inaugural-as-beautiful-empty-talk-and-repeats-government-is-the-problem","{""id"":""li-ao-zhenglun-zongyiji-185-scores-inaugural-as-beautiful-empty-talk-and-repeats-government-is-the-problem"",""date"":""2016-05-20"",""year"":2016,""month"":5,""day"":20,""title"":""李敖把蔡英文就职演说评为美丽空话，并用政府就是问题否定新南向和改革愿景"",""summary"":""被追问评分时，他说演说感性美丽但都是空话，内行人一听就知道与十六年前内容相同；他借里根的政府就是问题，指出台湾小到全世界二万分之二，只有二十二个邦交国，新南向、区域政策和改革愿景都只是梦。"",""category"":""media"",""source"":""《大李敖全集5.0》（wjm_tcy版）分章节/010.节目演讲类/012.李敖政论综艺集/185.20160520《POP抢先爆》.txt"",""sourceLines"":[191,229],""lineCount"":573,""people"":[""李敖"",""蔡英文"",""里根""],""places"":[""台湾"",""新加坡"",""非洲"",""欧洲"",""教廷""],""works"":[""POP抢先爆""],""tags"":[""李敖政论综艺集"",""第十九轮"",""closeout"",""节目访谈"",""第185集"",""蔡英文就职演说"",""空话"",""政府问题"",""新南向"",""邦交国""],""crossReferences"":[],""view"":[""public""],""confidence"":""high"",""round"":""li-ao-zhenglun-zongyiji-round019-181-186-closeout"",""dataFile"":""data/timeline-events-li-ao-zhenglun-zongyiji.json""}"
"29107","2016","2016-05-20","2016-05-20","day","","李敖说北京六十七年对台政策错在押宝国民党，应利用百年窗口让台湾休养生息","他说大陆听蔡英文演说是否接受，要先看北京能否反省六十七年来一个个失败的对台政策，尤其押宝连战和国民党；他主张消灭国民党、查党产，再利用毛泽东和邓小平都愿意等台湾一百年的窗口，不再买武器，把钱给年轻人。","李敖、蔡英文、连战、胡锦涛、李登辉、马英九、毛泽东、邓小平","台湾、北京、大陆","李敖政论综艺集、第十九轮、closeout、节目访谈、第185集、北京对台政策、国民党、党产、百年论、年轻人","public","POP抢先爆、中国论","li-ao-zhenglun-zongyiji-179-calls-hung-hsiu-chu-only-living-kmt-figure-and-kmt-a-cross-strait-illusion、li-ao-zhenglun-zongyiji-166-uses-kissinger-mao-hundred-years-to-freeze-defense-budget-and-share-cash","","","","","","[]","data/timeline-events-li-ao-zhenglun-zongyiji.json","li-ao-zhenglun-zongyiji-185-says-beijing-misread-taiwan-for-sixty-seven-years-by-betting-on-kmt-and-should-let-taiwan-rest","{""id"":""li-ao-zhenglun-zongyiji-185-says-beijing-misread-taiwan-for-sixty-seven-years-by-betting-on-kmt-and-should-let-taiwan-rest"",""date"":""2016-05-20"",""year"":2016,""month"":5,""day"":20,""title"":""李敖说北京六十七年对台政策错在押宝国民党，应利用百年窗口让台湾休养生息"",""summary"":""他说大陆听蔡英文演说是否接受，要先看北京能否反省六十七年来一个个失败的对台政策，尤其押宝连战和国民党；他主张消灭国民党、查党产，再利用毛泽东和邓小平都愿意等台湾一百年的窗口，不再买武器，把钱给年轻人。"",""category"":""media"",""source"":""《大李敖全集5.0》（wjm_tcy版）分章节/010.节目演讲类/012.李敖政论综艺集/185.20160520《POP抢先爆》.txt"",""sourceLines"":[323,328],""lineCount"":573,""people"":[""李敖"",""蔡英文"",""连战"",""胡锦涛"",""李登辉"",""马英九"",""毛泽东"",""邓小平""],""places"":[""台湾"",""北京"",""大陆""],""works"":[""POP抢先爆"",""中国论""],""tags"":[""李敖政论综艺集"",""第十九轮"",""closeout"",""节目访谈"",""第185集"",""北京对台政策"",""国民党"",""党产"",""百年论"",""年轻人""],""crossReferences"":[""li-ao-zhenglun-zongyiji-179-calls-hung-hsiu-chu-only-living-kmt-figure-and-kmt-a-cross-strait-illusion"",""li-ao-zhenglun-zongyiji-166-uses-kissinger-mao-hundred-years-to-freeze-defense-budget-and-share-cash""],""view"":[""public""],""confidence"":""high"",""round"":""li-ao-zhenglun-zongyiji-round019-181-186-closeout"",""dataFile"":""data/timeline-events-li-ao-zhenglun-zongyiji.json""}"
"29108","2016","2016-05-20","2016-05-20","day","","李敖说台湾错失一百亿美金卡位大陆机会，只能小国寡民靠观光苟且偷生","他回忆陈立夫带三十四名国民党中央评议委员建议拿一百亿美金向大陆卡位，李登辉戒急用忍拒绝，后来大陆外汇上兆，台湾筹码已无；所以台湾应利用大陆暂不打的时间，做快乐小岛，不要国家和军队，改靠观光活着。","李敖、陈立夫、李登辉、郭台铭","台湾、大陆、以色列、日本、香港、美国","李敖政论综艺集、第十九轮、closeout、节目访谈、第185集、一国两制、戒急用忍、观光、小国寡民、谈判筹码","public","POP抢先爆","li-ao-zhenglun-zongyiji-178-argues-taiwan-should-live-fifty-years-on-tourism-and-no-arms、li-ao-zhenglun-zongyiji-120-says-taiwan-is-small-tourism-future-and-nuclear-waste-energy-prove-one-china","","","","","","[]","data/timeline-events-li-ao-zhenglun-zongyiji.json","li-ao-zhenglun-zongyiji-185-proposes-happy-small-island-tourism-after-losing-mainland-bargaining-card","{""id"":""li-ao-zhenglun-zongyiji-185-proposes-happy-small-island-tourism-after-losing-mainland-bargaining-card"",""date"":""2016-05-20"",""year"":2016,""month"":5,""day"":20,""title"":""李敖说台湾错失一百亿美金卡位大陆机会，只能小国寡民靠观光苟且偷生"",""summary"":""他回忆陈立夫带三十四名国民党中央评议委员建议拿一百亿美金向大陆卡位，李登辉戒急用忍拒绝，后来大陆外汇上兆，台湾筹码已无；所以台湾应利用大陆暂不打的时间，做快乐小岛，不要国家和军队，改靠观光活着。"",""category"":""media"",""source"":""《大李敖全集5.0》（wjm_tcy版）分章节/010.节目演讲类/012.李敖政论综艺集/185.20160520《POP抢先爆》.txt"",""sourceLines"":[329,349],""lineCount"":573,""people"":[""李敖"",""陈立夫"",""李登辉"",""郭台铭""],""places"":[""台湾"",""大陆"",""以色列"",""日本"",""香港"",""美国""],""works"":[""POP抢先爆""],""tags"":[""李敖政论综艺集"",""第十九轮"",""closeout"",""节目访谈"",""第185集"",""一国两制"",""戒急用忍"",""观光"",""小国寡民"",""谈判筹码""],""crossReferences"":[""li-ao-zhenglun-zongyiji-178-argues-taiwan-should-live-fifty-years-on-tourism-and-no-arms"",""li-ao-zhenglun-zongyiji-120-says-taiwan-is-small-tourism-future-and-nuclear-waste-energy-prove-one-china""],""view"":[""public""],""confidence"":""high"",""round"":""li-ao-zhenglun-zongyiji-round019-181-186-closeout"",""dataFile"":""data/timeline-events-li-ao-zhenglun-zongyiji.json""}"
"29109","2016","2016-05-20","2016-05-20","day","","李敖说谈转型正义应先向他致敬，并重提自己出钱办郑南榕杂志和李大维质询纪录","主持人提到他虽反台独却曾帮台独人，李敖立即说现在谈转型正义先要向他致敬，因为他对台湾言论自由有功劳，郑南榕办杂志是他出的钱；随后他又重述质询李大维十四天守台说，留下台湾变废墟美国就不来的立法院记录。","李敖、郑南榕、李大维、汪用和、郑师诚","台湾、美国","李敖政论综艺集、第十九轮、closeout、节目访谈、第185集、转型正义、郑南榕、言论自由、李大维、立法院质询","public","POP抢先爆","li-ao-zhenglun-zongyiji-143-produces-cheng-nan-jung-letter-to-answer-liu-yihong、li-ao-zhenglun-zongyiji-078-uses-us-defense-data-to-refute-li-jie-fourteen-days","","","","","","[]","data/timeline-events-li-ao-zhenglun-zongyiji.json","li-ao-zhenglun-zongyiji-185-claims-transition-justice-should-salute-him-and-retells-cheng-nan-jung-funding-before-li-dawei-record","{""id"":""li-ao-zhenglun-zongyiji-185-claims-transition-justice-should-salute-him-and-retells-cheng-nan-jung-funding-before-li-dawei-record"",""date"":""2016-05-20"",""year"":2016,""month"":5,""day"":20,""title"":""李敖说谈转型正义应先向他致敬，并重提自己出钱办郑南榕杂志和李大维质询纪录"",""summary"":""主持人提到他虽反台独却曾帮台独人，李敖立即说现在谈转型正义先要向他致敬，因为他对台湾言论自由有功劳，郑南榕办杂志是他出的钱；随后他又重述质询李大维十四天守台说，留下台湾变废墟美国就不来的立法院记录。"",""category"":""media"",""source"":""《大李敖全集5.0》（wjm_tcy版）分章节/010.节目演讲类/012.李敖政论综艺集/185.20160520《POP抢先爆》.txt"",""sourceLines"":[469,493],""lineCount"":573,""people"":[""李敖"",""郑南榕"",""李大维"",""汪用和"",""郑师诚""],""places"":[""台湾"",""美国""],""works"":[""POP抢先爆""],""tags"":[""李敖政论综艺集"",""第十九轮"",""closeout"",""节目访谈"",""第185集"",""转型正义"",""郑南榕"",""言论自由"",""李大维"",""立法院质询""],""crossReferences"":[""li-ao-zhenglun-zongyiji-143-produces-cheng-nan-jung-letter-to-answer-liu-yihong"",""li-ao-zhenglun-zongyiji-078-uses-us-defense-data-to-refute-li-jie-fourteen-days""],""view"":[""public""],""confidence"":""high"",""round"":""li-ao-zhenglun-zongyiji-round019-181-186-closeout"",""dataFile"":""data/timeline-events-li-ao-zhenglun-zongyiji.json""}"
"29110","2016","2016-05-20","2016-05-20","day","","李敖说蔡英文太平岛说法同马英九相似，都赶不上陈水扁盖机场的实际保护","节目尾声谈东海、南海与太平岛，李敖认为蔡英文主张搁置争议、共同开发与马英九类似，反而都不如陈水扁当年在太平岛盖机场；菲律宾若在国际法院成功把太平岛打成礁石，台湾就不能只说搁置，仍要保卫它。","李敖、蔡英文、马英九、陈水扁、汪用和、郑师诚","台湾、太平岛、东海、南海、菲律宾、美国、大陆","李敖政论综艺集、第十九轮、closeout、节目访谈、第185集、太平岛、南海、陈水扁、蔡英文、共同开发","public","POP抢先爆","li-ao-zhenglun-zongyiji-183-turns-taiping-island-into-test-of-roc-claim-and-mainland-landing-scenario","","","","","","[]","data/timeline-events-li-ao-zhenglun-zongyiji.json","li-ao-zhenglun-zongyiji-185-compares-tsai-and-ma-taiping-island-line-with-chen-building-airstrip","{""id"":""li-ao-zhenglun-zongyiji-185-compares-tsai-and-ma-taiping-island-line-with-chen-building-airstrip"",""date"":""2016-05-20"",""year"":2016,""month"":5,""day"":20,""title"":""李敖说蔡英文太平岛说法同马英九相似，都赶不上陈水扁盖机场的实际保护"",""summary"":""节目尾声谈东海、南海与太平岛，李敖认为蔡英文主张搁置争议、共同开发与马英九类似，反而都不如陈水扁当年在太平岛盖机场；菲律宾若在国际法院成功把太平岛打成礁石，台湾就不能只说搁置，仍要保卫它。"",""category"":""media"",""source"":""《大李敖全集5.0》（wjm_tcy版）分章节/010.节目演讲类/012.李敖政论综艺集/185.20160520《POP抢先爆》.txt"",""sourceLines"":[537,561],""lineCount"":573,""people"":[""李敖"",""蔡英文"",""马英九"",""陈水扁"",""汪用和"",""郑师诚""],""places"":[""台湾"",""太平岛"",""东海"",""南海"",""菲律宾"",""美国"",""大陆""],""works"":[""POP抢先爆""],""tags"":[""李敖政论综艺集"",""第十九轮"",""closeout"",""节目访谈"",""第185集"",""太平岛"",""南海"",""陈水扁"",""蔡英文"",""共同开发""],""crossReferences"":[""li-ao-zhenglun-zongyiji-183-turns-taiping-island-into-test-of-roc-claim-and-mainland-landing-scenario""],""view"":[""public""],""confidence"":""high"",""round"":""li-ao-zhenglun-zongyiji-round019-181-186-closeout"",""dataFile"":""data/timeline-events-li-ao-zhenglun-zongyiji.json""}"
"29111","2016","2016-05-20","2016-05-20","day","","李敖说蔡英文若有气派，应废国防部、蒙藏委员会、福建省政府和国歌","他主张蔡英文若要务实，应敢于台独公投、抛弃三民主义和五院制；又说宪法只写国防经费依法定之，没有保护国防部，总统也可废蒙藏委员会、福建省政府，甚至因宪法无国歌条款而改国歌。他还回忆自己立委宣誓时面对镜子，不向孙中山宣誓。","李敖、蔡英文、陈水扁、孙中山、汪用和、郑师诚","台湾","李敖政论综艺集、第十九轮、closeout、节目访谈、第185集、废国防部、蒙藏委员会、福建省政府、国歌、宣誓","public","POP抢先爆、中华民国宪法","li-ao-zhenglun-zongyiji-167-proposes-abolishing-defense-ministry-taxing-tycoons-and-paying-everyone-550000、li-ao-zhenglun-zongyiji-034-says-national-anthem-can-be-changed-without-amendment","","","","","","[]","data/timeline-events-li-ao-zhenglun-zongyiji.json","li-ao-zhenglun-zongyiji-185-demands-real-reform-by-abolishing-defense-ministry-mongolian-tibetan-commission-fujian-office-and-anthem","{""id"":""li-ao-zhenglun-zongyiji-185-demands-real-reform-by-abolishing-defense-ministry-mongolian-tibetan-commission-fujian-office-and-anthem"",""date"":""2016-05-20"",""year"":2016,""month"":5,""day"":20,""title"":""李敖说蔡英文若有气派，应废国防部、蒙藏委员会、福建省政府和国歌"",""summary"":""他主张蔡英文若要务实，应敢于台独公投、抛弃三民主义和五院制；又说宪法只写国防经费依法定之，没有保护国防部，总统也可废蒙藏委员会、福建省政府，甚至因宪法无国歌条款而改国歌。他还回忆自己立委宣誓时面对镜子，不向孙中山宣誓。"",""category"":""media"",""source"":""《大李敖全集5.0》（wjm_tcy版）分章节/010.节目演讲类/012.李敖政论综艺集/185.20160520《POP抢先爆》.txt"",""sourceLines"":[229,303],""lineCount"":573,""people"":[""李敖"",""蔡英文"",""陈水扁"",""孙中山"",""汪用和"",""郑师诚""],""places"":[""台湾""],""works"":[""POP抢先爆"",""中华民国宪法""],""tags"":[""李敖政论综艺集"",""第十九轮"",""closeout"",""节目访谈"",""第185集"",""废国防部"",""蒙藏委员会"",""福建省政府"",""国歌"",""宣誓""],""crossReferences"":[""li-ao-zhenglun-zongyiji-167-proposes-abolishing-defense-ministry-taxing-tycoons-and-paying-everyone-550000"",""li-ao-zhenglun-zongyiji-034-says-national-anthem-can-be-changed-without-amendment""],""view"":[""public""],""confidence"":""high"",""round"":""li-ao-zhenglun-zongyiji-round019-181-186-closeout"",""dataFile"":""data/timeline-events-li-ao-zhenglun-zongyiji.json""}"
"29112","2016","2016-05-20","2016-05-20","day","","蔡英文就职当天，李敖用十六年前立院记录和宪法条文评她没有排除九二共识","节目实时听完蔡英文就职演说后，李敖说她十六年前在立院曾讲陈水扁五二〇演说没有排除九二共识，如今也没有排除；她三十五次说国家，却又依据中华民国宪法，而宪法增修条文含自由地区和大陆地区，按此根本是一个中国。","李敖、蔡英文、陈水扁、林青霞、苏起","台湾、大陆","李敖政论综艺集、第十九轮、closeout、节目访谈、第185集、蔡英文就职演说、九二共识、中华民国宪法、一个中国、五二〇","public","POP抢先爆、中华民国宪法","li-ao-zhenglun-zongyiji-178-uses-cai-ingwen-2000-legislative-record-to-pin-her-to-unification-guidelines、li-ao-zhenglun-zongyiji-177-traces-1992-consensus-to-su-chi-chen-and-tsai-mutual-cover","","","","","","[]","data/timeline-events-li-ao-zhenglun-zongyiji.json","li-ao-zhenglun-zongyiji-185-reviews-tsai-inaugural-through-2000-record-constitution-and-one-china-not-1992-consensus","{""id"":""li-ao-zhenglun-zongyiji-185-reviews-tsai-inaugural-through-2000-record-constitution-and-one-china-not-1992-consensus"",""date"":""2016-05-20"",""year"":2016,""month"":5,""day"":20,""title"":""蔡英文就职当天，李敖用十六年前立院记录和宪法条文评她没有排除九二共识"",""summary"":""节目实时听完蔡英文就职演说后，李敖说她十六年前在立院曾讲陈水扁五二〇演说没有排除九二共识，如今也没有排除；她三十五次说国家，却又依据中华民国宪法，而宪法增修条文含自由地区和大陆地区，按此根本是一个中国。"",""category"":""media"",""source"":""《大李敖全集5.0》（wjm_tcy版）分章节/010.节目演讲类/012.李敖政论综艺集/185.20160520《POP抢先爆》.txt"",""sourceLines"":[161,185],""lineCount"":573,""people"":[""李敖"",""蔡英文"",""陈水扁"",""林青霞"",""苏起""],""places"":[""台湾"",""大陆""],""works"":[""POP抢先爆"",""中华民国宪法""],""tags"":[""李敖政论综艺集"",""第十九轮"",""closeout"",""节目访谈"",""第185集"",""蔡英文就职演说"",""九二共识"",""中华民国宪法"",""一个中国"",""五二〇""],""crossReferences"":[""li-ao-zhenglun-zongyiji-178-uses-cai-ingwen-2000-legislative-record-to-pin-her-to-unification-guidelines"",""li-ao-zhenglun-zongyiji-177-traces-1992-consensus-to-su-chi-chen-and-tsai-mutual-cover""],""view"":[""public""],""confidence"":""high"",""round"":""li-ao-zhenglun-zongyiji-round019-181-186-closeout"",""dataFile"":""data/timeline-events-li-ao-zhenglun-zongyiji.json""}"
"29113","2016","2016-05-20","2016年5月20日星期五","day","confirmed","李敖发微博谈“佛教有“大势至菩萨”，望文生义，就是“大鸡巴来了菩萨””","2016年5月20日，李敖在“哈囉李敖”微博发文：佛教有“大势至菩萨”，望文生义，就是“大鸡巴来了菩萨”。一家情趣商店出售名叫BLACK HAMMER（黑锤子）的原寸模型，粗长12英寸，1英尺吔！盒上印有该黑人本人授权文字和照片，势不可挡。设想此公如化身佛门，势不两立又势压群小，必有助于世界和平：世界领导都变小鸡鸡了，跩不起来了。","李敖","","虽千万人，李敖往矣、哈囉李敖、微博、140字","写作线、媒体线、晚年线","虽千万人，李敖往矣、哈囉李敖","","虽千万人，李敖往矣","042.2016年5月","75","《大李敖全集5.0》（wjm_tcy版）分章节/005.诗集语录类/005.虽千万人，李敖往矣/042.2016年5月.txt","","[]","data/timeline-events-sui-qianwan-li-ao-wangyi.json","sui-qianwan-2016-05-20-daily-weibo","{""id"":""sui-qianwan-2016-05-20-daily-weibo"",""date"":""2016-05-20"",""displayDate"":""2016年5月20日星期五"",""datePrecision"":""day"",""title"":""李敖发微博谈“佛教有“大势至菩萨”，望文生义，就是“大鸡巴来了菩萨””"",""summary"":""2016年5月20日，李敖在“哈囉李敖”微博发文：佛教有“大势至菩萨”，望文生义，就是“大鸡巴来了菩萨”。一家情趣商店出售名叫BLACK HAMMER（黑锤子）的原寸模型，粗长12英寸，1英尺吔！盒上印有该黑人本人授权文字和照片，势不可挡。设想此公如化身佛门，势不两立又势压群小，必有助于世界和平：世界领导都变小鸡鸡了，跩不起来了。"",""view"":[""写作线"",""媒体线"",""晚年线""],""tags"":[""虽千万人，李敖往矣"",""哈囉李敖"",""微博"",""140字""],""people"":[""李敖""],""places"":[],""works"":[""虽千万人，李敖往矣"",""哈囉李敖""],""certainty"":""confirmed"",""source"":{""book"":""虽千万人，李敖往矣"",""chapter"":""042.2016年5月"",""path"":""《大李敖全集5.0》（wjm_tcy版）分章节/005.诗集语录类/005.虽千万人，李敖往矣/042.2016年5月.txt"",""line"":75,""lines"":[75,77]},""crossReferences"":[],""round"":""2026-07-11-sui-qianwan-li-ao-wangyi-daily-completion"",""dataFile"":""data/timeline-events-sui-qianwan-li-ao-wangyi.json""}"
"29114","2016","2016-05-21","2016年5月21日星期六","day","confirmed","李敖发微博谈“《纽约时报》刊出一篇巨文，标题What I Got Wrong A…”","2016年5月21日，李敖在“哈囉李敖”微博发文：《纽约时报》刊出一篇巨文，标题What I Got Wrong About Donald Trump（我对特朗普看走了眼）。指老美看走了眼，结果一路看笑话的自己变成了笑话。依我看来，这篇文章做走了题，因为不是老美看走了特朗普而是看走了自己。老美原来就是“隐性特朗普”，特朗普把老美显性了，原来他就是你呀。","李敖","","虽千万人，李敖往矣、哈囉李敖、微博、140字","写作线、媒体线、晚年线","虽千万人，李敖往矣、哈囉李敖","","虽千万人，李敖往矣","042.2016年5月","79","《大李敖全集5.0》（wjm_tcy版）分章节/005.诗集语录类/005.虽千万人，李敖往矣/042.2016年5月.txt","","[]","data/timeline-events-sui-qianwan-li-ao-wangyi.json","sui-qianwan-2016-05-21-daily-weibo","{""id"":""sui-qianwan-2016-05-21-daily-weibo"",""date"":""2016-05-21"",""displayDate"":""2016年5月21日星期六"",""datePrecision"":""day"",""title"":""李敖发微博谈“《纽约时报》刊出一篇巨文，标题What I Got Wrong A…”"",""summary"":""2016年5月21日，李敖在“哈囉李敖”微博发文：《纽约时报》刊出一篇巨文，标题What I Got Wrong About Donald Trump（我对特朗普看走了眼）。指老美看走了眼，结果一路看笑话的自己变成了笑话。依我看来，这篇文章做走了题，因为不是老美看走了特朗普而是看走了自己。老美原来就是“隐性特朗普”，特朗普把老美显性了，原来他就是你呀。"",""view"":[""写作线"",""媒体线"",""晚年线""],""tags"":[""虽千万人，李敖往矣"",""哈囉李敖"",""微博"",""140字""],""people"":[""李敖""],""places"":[],""works"":[""虽千万人，李敖往矣"",""哈囉李敖""],""certainty"":""confirmed"",""source"":{""book"":""虽千万人，李敖往矣"",""chapter"":""042.2016年5月"",""path"":""《大李敖全集5.0》（wjm_tcy版）分章节/005.诗集语录类/005.虽千万人，李敖往矣/042.2016年5月.txt"",""line"":79,""lines"":[79,81]},""crossReferences"":[],""round"":""2026-07-11-sui-qianwan-li-ao-wangyi-daily-completion"",""dataFile"":""data/timeline-events-sui-qianwan-li-ao-wangyi.json""}"
"29115","2016","2016-05-22","2016年5月22日星期日","day","confirmed","李敖发微博谈“台湾伪宪法虽被国民党民进党联合做手脚，但在领土条款上，却无奈出现“…”","2016年5月22日，李敖在“哈囉李敖”微博发文：台湾伪宪法虽被国民党民进党联合做手脚，但在领土条款上，却无奈出现“自由地区”和“大陆地区”的白纸黑字，两区合一，正好一个中国！照台湾算法，外蒙也算中国领土，所以“大陆地区”大你310倍！对大你310倍“大陆地区”，还想与它平起平坐，以大鸡巴自居，当然自取其辱，小鸡巴就是小鸡巴呀！","李敖","","虽千万人，李敖往矣、哈囉李敖、微博、140字","写作线、媒体线、晚年线","虽千万人，李敖往矣、哈囉李敖","","虽千万人，李敖往矣","042.2016年5月","83","《大李敖全集5.0》（wjm_tcy版）分章节/005.诗集语录类/005.虽千万人，李敖往矣/042.2016年5月.txt","","[]","data/timeline-events-sui-qianwan-li-ao-wangyi.json","sui-qianwan-2016-05-22-daily-weibo","{""id"":""sui-qianwan-2016-05-22-daily-weibo"",""date"":""2016-05-22"",""displayDate"":""2016年5月22日星期日"",""datePrecision"":""day"",""title"":""李敖发微博谈“台湾伪宪法虽被国民党民进党联合做手脚，但在领土条款上，却无奈出现“…”"",""summary"":""2016年5月22日，李敖在“哈囉李敖”微博发文：台湾伪宪法虽被国民党民进党联合做手脚，但在领土条款上，却无奈出现“自由地区”和“大陆地区”的白纸黑字，两区合一，正好一个中国！照台湾算法，外蒙也算中国领土，所以“大陆地区”大你310倍！对大你310倍“大陆地区”，还想与它平起平坐，以大鸡巴自居，当然自取其辱，小鸡巴就是小鸡巴呀！"",""view"":[""写作线"",""媒体线"",""晚年线""],""tags"":[""虽千万人，李敖往矣"",""哈囉李敖"",""微博"",""140字""],""people"":[""李敖""],""places"":[],""works"":[""虽千万人，李敖往矣"",""哈囉李敖""],""certainty"":""confirmed"",""source"":{""book"":""虽千万人，李敖往矣"",""chapter"":""042.2016年5月"",""path"":""《大李敖全集5.0》（wjm_tcy版）分章节/005.诗集语录类/005.虽千万人，李敖往矣/042.2016年5月.txt"",""line"":83,""lines"":[83,85]},""crossReferences"":[],""round"":""2026-07-11-sui-qianwan-li-ao-wangyi-daily-completion"",""dataFile"":""data/timeline-events-sui-qianwan-li-ao-wangyi.json""}"
"29116","2016","2016-05-23","2016年5月23日星期一","day","confirmed","李敖发微博谈“台湾是中国的一省，67年来，却是叛离的一省，它很烦人，毛泽东对美国…”","2016年5月23日，李敖在“哈囉李敖”微博发文：台湾是中国的一省，67年来，却是叛离的一省，它很烦人，毛泽东对美国人、邓小平对日本人，都表示愿等100年，100年后再收拾它。流风所及，祖国的对台政策是二流的，姑息养奸，以为拉连、让利、援国民党、捧大财团就可得人心，结果岛上的正义之士如李敖者都不以为然。如今局面险峻，祖国也该反省吧？","李敖","","虽千万人，李敖往矣、哈囉李敖、微博、140字","写作线、媒体线、晚年线","虽千万人，李敖往矣、哈囉李敖","","虽千万人，李敖往矣","042.2016年5月","87","《大李敖全集5.0》（wjm_tcy版）分章节/005.诗集语录类/005.虽千万人，李敖往矣/042.2016年5月.txt","","[]","data/timeline-events-sui-qianwan-li-ao-wangyi.json","sui-qianwan-2016-05-23-daily-weibo","{""id"":""sui-qianwan-2016-05-23-daily-weibo"",""date"":""2016-05-23"",""displayDate"":""2016年5月23日星期一"",""datePrecision"":""day"",""title"":""李敖发微博谈“台湾是中国的一省，67年来，却是叛离的一省，它很烦人，毛泽东对美国…”"",""summary"":""2016年5月23日，李敖在“哈囉李敖”微博发文：台湾是中国的一省，67年来，却是叛离的一省，它很烦人，毛泽东对美国人、邓小平对日本人，都表示愿等100年，100年后再收拾它。流风所及，祖国的对台政策是二流的，姑息养奸，以为拉连、让利、援国民党、捧大财团就可得人心，结果岛上的正义之士如李敖者都不以为然。如今局面险峻，祖国也该反省吧？"",""view"":[""写作线"",""媒体线"",""晚年线""],""tags"":[""虽千万人，李敖往矣"",""哈囉李敖"",""微博"",""140字""],""people"":[""李敖""],""places"":[],""works"":[""虽千万人，李敖往矣"",""哈囉李敖""],""certainty"":""confirmed"",""source"":{""book"":""虽千万人，李敖往矣"",""chapter"":""042.2016年5月"",""path"":""《大李敖全集5.0》（wjm_tcy版）分章节/005.诗集语录类/005.虽千万人，李敖往矣/042.2016年5月.txt"",""line"":87,""lines"":[87,89]},""crossReferences"":[],""round"":""2026-07-11-sui-qianwan-li-ao-wangyi-daily-completion"",""dataFile"":""data/timeline-events-sui-qianwan-li-ao-wangyi.json""}"
"29117","2016","2016-05-24","2016年5月24日星期二","day","confirmed","李敖发微博谈“所谓“中华民国”宪法，蒋介石制定之而不遵守之、李登辉增修之而不遵守之”","2016年5月24日，李敖在“哈囉李敖”微博发文：所谓“中华民国”宪法，蒋介石制定之而不遵守之、李登辉增修之而不遵守之。蔡英文又何能遵守？此宪法明明有“统一”“大陆地区”字眼，“一个中国”昭然若揭都按下不表，要这女骗子喊“92共识”干什么？岂不舍本逐末？也许要逼她政治认同，但不如喊“一个中国”更实际，喊“92共识”太笨了。","李敖","","虽千万人，李敖往矣、哈囉李敖、微博、140字","写作线、媒体线、晚年线","虽千万人，李敖往矣、哈囉李敖","","虽千万人，李敖往矣","042.2016年5月","91","《大李敖全集5.0》（wjm_tcy版）分章节/005.诗集语录类/005.虽千万人，李敖往矣/042.2016年5月.txt","","[]","data/timeline-events-sui-qianwan-li-ao-wangyi.json","sui-qianwan-2016-05-24-daily-weibo","{""id"":""sui-qianwan-2016-05-24-daily-weibo"",""date"":""2016-05-24"",""displayDate"":""2016年5月24日星期二"",""datePrecision"":""day"",""title"":""李敖发微博谈“所谓“中华民国”宪法，蒋介石制定之而不遵守之、李登辉增修之而不遵守之”"",""summary"":""2016年5月24日，李敖在“哈囉李敖”微博发文：所谓“中华民国”宪法，蒋介石制定之而不遵守之、李登辉增修之而不遵守之。蔡英文又何能遵守？此宪法明明有“统一”“大陆地区”字眼，“一个中国”昭然若揭都按下不表，要这女骗子喊“92共识”干什么？岂不舍本逐末？也许要逼她政治认同，但不如喊“一个中国”更实际，喊“92共识”太笨了。"",""view"":[""写作线"",""媒体线"",""晚年线""],""tags"":[""虽千万人，李敖往矣"",""哈囉李敖"",""微博"",""140字""],""people"":[""李敖""],""places"":[],""works"":[""虽千万人，李敖往矣"",""哈囉李敖""],""certainty"":""confirmed"",""source"":{""book"":""虽千万人，李敖往矣"",""chapter"":""042.2016年5月"",""path"":""《大李敖全集5.0》（wjm_tcy版）分章节/005.诗集语录类/005.虽千万人，李敖往矣/042.2016年5月.txt"",""line"":91,""lines"":[91,93]},""crossReferences"":[],""round"":""2026-07-11-sui-qianwan-li-ao-wangyi-daily-completion"",""dataFile"":""data/timeline-events-sui-qianwan-li-ao-wangyi.json""}"
"29118","2016","2016-05-25","2016年5月25日星期三","day","confirmed","李敖发微博谈““天网恢恢，疏而不失”","2016年5月25日，李敖在“哈囉李敖”微博发文：“天网恢恢，疏而不失。”恢恢是大而化之，大而化之是给自己留条活路，不要闹笑话。军阀逢马（克思）必反，结果马建忠写的文法书《马氏文通》也给查禁了；国民党逢马必反，结果反马名著“马克思欤，农民欤”也给查禁了。如今时代变了，计算机禁书，不分青红皂白，更千万人头落地了，中国字不够用了。","李敖","","虽千万人，李敖往矣、哈囉李敖、微博、140字","写作线、媒体线、晚年线","虽千万人，李敖往矣、哈囉李敖","","虽千万人，李敖往矣","042.2016年5月","95","《大李敖全集5.0》（wjm_tcy版）分章节/005.诗集语录类/005.虽千万人，李敖往矣/042.2016年5月.txt","","[]","data/timeline-events-sui-qianwan-li-ao-wangyi.json","sui-qianwan-2016-05-25-daily-weibo","{""id"":""sui-qianwan-2016-05-25-daily-weibo"",""date"":""2016-05-25"",""displayDate"":""2016年5月25日星期三"",""datePrecision"":""day"",""title"":""李敖发微博谈““天网恢恢，疏而不失”"",""summary"":""2016年5月25日，李敖在“哈囉李敖”微博发文：“天网恢恢，疏而不失。”恢恢是大而化之，大而化之是给自己留条活路，不要闹笑话。军阀逢马（克思）必反，结果马建忠写的文法书《马氏文通》也给查禁了；国民党逢马必反，结果反马名著“马克思欤，农民欤”也给查禁了。如今时代变了，计算机禁书，不分青红皂白，更千万人头落地了，中国字不够用了。"",""view"":[""写作线"",""媒体线"",""晚年线""],""tags"":[""虽千万人，李敖往矣"",""哈囉李敖"",""微博"",""140字""],""people"":[""李敖""],""places"":[],""works"":[""虽千万人，李敖往矣"",""哈囉李敖""],""certainty"":""confirmed"",""source"":{""book"":""虽千万人，李敖往矣"",""chapter"":""042.2016年5月"",""path"":""《大李敖全集5.0》（wjm_tcy版）分章节/005.诗集语录类/005.虽千万人，李敖往矣/042.2016年5月.txt"",""line"":95,""lines"":[95,97]},""crossReferences"":[],""round"":""2026-07-11-sui-qianwan-li-ao-wangyi-daily-completion"",""dataFile"":""data/timeline-events-sui-qianwan-li-ao-wangyi.json""}"
"29119","2016","2016-05-26","2016年5月26日星期四","day","confirmed","《亚洲周刊》江迅来访，李敖问刊物是否仍被禁止进口","《2016年5月》写，2016年5月26日，《亚洲周刊》江迅来访。李敖问大陆是否仍禁止《亚洲周刊》进门，江迅点头，并补充虽不准进口，却从后门订阅2000本。李敖由此谈自己写作是在给自己留下红线。","李敖、江迅","台湾、中国大陆","江迅、亚洲周刊、禁止进口、来访","交游线、媒体线、审查线","亚洲周刊、虽千万人，李敖往矣","","虽千万人，李敖往矣","042.2016年5月","101","《大李敖全集5.0》（wjm_tcy版）分章节/005.诗集语录类/005.虽千万人，李敖往矣/042.2016年5月.txt","","[]","data/timeline-events-sui-qianwan-li-ao-wangyi.json","sui-qianwan-2016-05-26-jiang-xun-visits-and-discusses-asia-weekly-ban","{""id"":""sui-qianwan-2016-05-26-jiang-xun-visits-and-discusses-asia-weekly-ban"",""date"":""2016-05-26"",""displayDate"":""2016年5月26日星期四"",""datePrecision"":""day"",""title"":""《亚洲周刊》江迅来访，李敖问刊物是否仍被禁止进口"",""summary"":""《2016年5月》写，2016年5月26日，《亚洲周刊》江迅来访。李敖问大陆是否仍禁止《亚洲周刊》进门，江迅点头，并补充虽不准进口，却从后门订阅2000本。李敖由此谈自己写作是在给自己留下红线。"",""view"":[""交游线"",""媒体线"",""审查线""],""tags"":[""江迅"",""亚洲周刊"",""禁止进口"",""来访""],""people"":[""李敖"",""江迅""],""places"":[""台湾"",""中国大陆""],""works"":[""亚洲周刊"",""虽千万人，李敖往矣""],""certainty"":""confirmed"",""source"":{""book"":""虽千万人，李敖往矣"",""chapter"":""042.2016年5月"",""path"":""《大李敖全集5.0》（wjm_tcy版）分章节/005.诗集语录类/005.虽千万人，李敖往矣/042.2016年5月.txt"",""line"":101},""dataFile"":""data/timeline-events-sui-qianwan-li-ao-wangyi.json""}"
"29120","2016","2016-05-27","2016年5月27日星期五","day","confirmed","李敖发微博谈“我“老眼平生空四海”，老眼之下、四海之内，有了几种观察：1.革命家…”","2016年5月27日，李敖在“哈囉李敖”微博发文：我“老眼平生空四海”，老眼之下、四海之内，有了几种观察：1.革命家牺牲别人在所不惜，牺牲自己也在所不惜。2.年轻的革命家就是年老的暴君。3.革命家做不出手的，假手红卫兵。4.红卫兵破四旧，却靠权威才能活，原来他小哥最旧。5.革命家第一代不爱钱、第二代有的不爱钱、第三代全爱钱。","李敖","","虽千万人，李敖往矣、哈囉李敖、微博、140字","写作线、媒体线、晚年线","虽千万人，李敖往矣、哈囉李敖","","虽千万人，李敖往矣","042.2016年5月","103","《大李敖全集5.0》（wjm_tcy版）分章节/005.诗集语录类/005.虽千万人，李敖往矣/042.2016年5月.txt","","[]","data/timeline-events-sui-qianwan-li-ao-wangyi.json","sui-qianwan-2016-05-27-daily-weibo","{""id"":""sui-qianwan-2016-05-27-daily-weibo"",""date"":""2016-05-27"",""displayDate"":""2016年5月27日星期五"",""datePrecision"":""day"",""title"":""李敖发微博谈“我“老眼平生空四海”，老眼之下、四海之内，有了几种观察：1.革命家…”"",""summary"":""2016年5月27日，李敖在“哈囉李敖”微博发文：我“老眼平生空四海”，老眼之下、四海之内，有了几种观察：1.革命家牺牲别人在所不惜，牺牲自己也在所不惜。2.年轻的革命家就是年老的暴君。3.革命家做不出手的，假手红卫兵。4.红卫兵破四旧，却靠权威才能活，原来他小哥最旧。5.革命家第一代不爱钱、第二代有的不爱钱、第三代全爱钱。"",""view"":[""写作线"",""媒体线"",""晚年线""],""tags"":[""虽千万人，李敖往矣"",""哈囉李敖"",""微博"",""140字""],""people"":[""李敖""],""places"":[],""works"":[""虽千万人，李敖往矣"",""哈囉李敖""],""certainty"":""confirmed"",""source"":{""book"":""虽千万人，李敖往矣"",""chapter"":""042.2016年5月"",""path"":""《大李敖全集5.0》（wjm_tcy版）分章节/005.诗集语录类/005.虽千万人，李敖往矣/042.2016年5月.txt"",""line"":103,""lines"":[103,105]},""crossReferences"":[],""round"":""2026-07-11-sui-qianwan-li-ao-wangyi-daily-completion"",""dataFile"":""data/timeline-events-sui-qianwan-li-ao-wangyi.json""}"
"29121","2016","2016-05-28","2016年5月28日星期六","day","confirmed","李敖发微博谈“电视中一位来宾点破：大陆对台湾的决策来自9个单位，但其中一个单位（…”","2016年5月28日，李敖在“哈囉李敖”微博发文：电视中一位来宾点破：大陆对台湾的决策来自9个单位，但其中一个单位（海协会）的情报多半中了国民党的毒。我认为这位来宾的视野太窄了，他竟没察觉到大陆的台湾研究单位，中了民进党的毒更普遍。我在台湾67年，从反派小生演到反派老生，对这鬼岛的了解异乎寻常，对岸太天真了，笨得不像共产党。","李敖","","虽千万人，李敖往矣、哈囉李敖、微博、140字","写作线、媒体线、晚年线","虽千万人，李敖往矣、哈囉李敖","","虽千万人，李敖往矣","042.2016年5月","107","《大李敖全集5.0》（wjm_tcy版）分章节/005.诗集语录类/005.虽千万人，李敖往矣/042.2016年5月.txt","","[]","data/timeline-events-sui-qianwan-li-ao-wangyi.json","sui-qianwan-2016-05-28-daily-weibo","{""id"":""sui-qianwan-2016-05-28-daily-weibo"",""date"":""2016-05-28"",""displayDate"":""2016年5月28日星期六"",""datePrecision"":""day"",""title"":""李敖发微博谈“电视中一位来宾点破：大陆对台湾的决策来自9个单位，但其中一个单位（…”"",""summary"":""2016年5月28日，李敖在“哈囉李敖”微博发文：电视中一位来宾点破：大陆对台湾的决策来自9个单位，但其中一个单位（海协会）的情报多半中了国民党的毒。我认为这位来宾的视野太窄了，他竟没察觉到大陆的台湾研究单位，中了民进党的毒更普遍。我在台湾67年，从反派小生演到反派老生，对这鬼岛的了解异乎寻常，对岸太天真了，笨得不像共产党。"",""view"":[""写作线"",""媒体线"",""晚年线""],""tags"":[""虽千万人，李敖往矣"",""哈囉李敖"",""微博"",""140字""],""people"":[""李敖""],""places"":[],""works"":[""虽千万人，李敖往矣"",""哈囉李敖""],""certainty"":""confirmed"",""source"":{""book"":""虽千万人，李敖往矣"",""chapter"":""042.2016年5月"",""path"":""《大李敖全集5.0》（wjm_tcy版）分章节/005.诗集语录类/005.虽千万人，李敖往矣/042.2016年5月.txt"",""line"":107,""lines"":[107,109]},""crossReferences"":[],""round"":""2026-07-11-sui-qianwan-li-ao-wangyi-daily-completion"",""dataFile"":""data/timeline-events-sui-qianwan-li-ao-wangyi.json""}"
"29122","2016","2016-05-29","2016年5月29日星期日","day","confirmed","李敖发微博谈“比起“暴共产主义”“暴资本主义”来，“暴君”这个词儿太落伍了”","2016年5月29日，李敖在“哈囉李敖”微博发文：比起“暴共产主义”“暴资本主义”来，“暴君”这个词儿太落伍了。因为“暴君”作恶赶不上现代暴政的凶狠。并且，21世纪的“暴君”知道要给人民安定和面包，有了温饱，人民输了。不料，茉莉花来了，人民赢了，但人民月入赶不上“暴君”时代2天的收入，肏你妈的茉莉花！肏你妈的美式自由民主！","李敖","","虽千万人，李敖往矣、哈囉李敖、微博、140字","写作线、媒体线、晚年线","虽千万人，李敖往矣、哈囉李敖","","虽千万人，李敖往矣","042.2016年5月","111","《大李敖全集5.0》（wjm_tcy版）分章节/005.诗集语录类/005.虽千万人，李敖往矣/042.2016年5月.txt","","[]","data/timeline-events-sui-qianwan-li-ao-wangyi.json","sui-qianwan-2016-05-29-daily-weibo","{""id"":""sui-qianwan-2016-05-29-daily-weibo"",""date"":""2016-05-29"",""displayDate"":""2016年5月29日星期日"",""datePrecision"":""day"",""title"":""李敖发微博谈“比起“暴共产主义”“暴资本主义”来，“暴君”这个词儿太落伍了”"",""summary"":""2016年5月29日，李敖在“哈囉李敖”微博发文：比起“暴共产主义”“暴资本主义”来，“暴君”这个词儿太落伍了。因为“暴君”作恶赶不上现代暴政的凶狠。并且，21世纪的“暴君”知道要给人民安定和面包，有了温饱，人民输了。不料，茉莉花来了，人民赢了，但人民月入赶不上“暴君”时代2天的收入，肏你妈的茉莉花！肏你妈的美式自由民主！"",""view"":[""写作线"",""媒体线"",""晚年线""],""tags"":[""虽千万人，李敖往矣"",""哈囉李敖"",""微博"",""140字""],""people"":[""李敖""],""places"":[],""works"":[""虽千万人，李敖往矣"",""哈囉李敖""],""certainty"":""confirmed"",""source"":{""book"":""虽千万人，李敖往矣"",""chapter"":""042.2016年5月"",""path"":""《大李敖全集5.0》（wjm_tcy版）分章节/005.诗集语录类/005.虽千万人，李敖往矣/042.2016年5月.txt"",""line"":111,""lines"":[111,113]},""crossReferences"":[],""round"":""2026-07-11-sui-qianwan-li-ao-wangyi-daily-completion"",""dataFile"":""data/timeline-events-sui-qianwan-li-ao-wangyi.json""}"
"29123","2016","2016-05-30","2016年5月30日星期一","day","confirmed","三立电视台廖晓君付四万元请李敖讲两小时，播出时删去他对共产党的公道话","《2016年5月》写，2016年5月30日，李敖称三立电视台廖晓君付了4万元，请他讲两小时不同声音的话；他骂遍每一个党，也讲了共产党三大功劳：富国、强兵、使中国人平均多活30岁。但电视播出时，这段“公道话”被删掉。","李敖、廖晓君","台湾","三立电视台、廖晓君、电视删节、四万元、访谈","媒体线、审查线、晚年线","虽千万人，李敖往矣","","虽千万人，李敖往矣","042.2016年5月","117","《大李敖全集5.0》（wjm_tcy版）分章节/005.诗集语录类/005.虽千万人，李敖往矣/042.2016年5月.txt","虽千万人，李敖往矣 / 044.2016年7月 / line 65 / 说明：7月16日补述李敖上电视架子大，三立廖筱君每年会冒险做一次一对一专访。 / 《大李敖全集5.0》（wjm_tcy版）分章节/005.诗集语录类/005.虽千万人，李敖往矣/044.2016年7月.txt","[{""book"":""虽千万人，李敖往矣"",""chapter"":""044.2016年7月"",""path"":""《大李敖全集5.0》（wjm_tcy版）分章节/005.诗集语录类/005.虽千万人，李敖往矣/044.2016年7月.txt"",""line"":65,""note"":""7月16日补述李敖上电视架子大，三立廖筱君每年会冒险做一次一对一专访。""}]","data/timeline-events-sui-qianwan-li-ao-wangyi.json","sui-qianwan-2016-05-30-sanli-pays-for-two-hour-talk-and-deletes-fair-remarks","{""id"":""sui-qianwan-2016-05-30-sanli-pays-for-two-hour-talk-and-deletes-fair-remarks"",""date"":""2016-05-30"",""displayDate"":""2016年5月30日星期一"",""datePrecision"":""day"",""title"":""三立电视台廖晓君付四万元请李敖讲两小时，播出时删去他对共产党的公道话"",""summary"":""《2016年5月》写，2016年5月30日，李敖称三立电视台廖晓君付了4万元，请他讲两小时不同声音的话；他骂遍每一个党，也讲了共产党三大功劳：富国、强兵、使中国人平均多活30岁。但电视播出时，这段“公道话”被删掉。"",""view"":[""媒体线"",""审查线"",""晚年线""],""tags"":[""三立电视台"",""廖晓君"",""电视删节"",""四万元"",""访谈""],""people"":[""李敖"",""廖晓君""],""places"":[""台湾""],""works"":[""虽千万人，李敖往矣""],""certainty"":""confirmed"",""source"":{""book"":""虽千万人，李敖往矣"",""chapter"":""042.2016年5月"",""path"":""《大李敖全集5.0》（wjm_tcy版）分章节/005.诗集语录类/005.虽千万人，李敖往矣/042.2016年5月.txt"",""line"":117},""additionalSources"":[{""book"":""虽千万人，李敖往矣"",""chapter"":""044.2016年7月"",""path"":""《大李敖全集5.0》（wjm_tcy版）分章节/005.诗集语录类/005.虽千万人，李敖往矣/044.2016年7月.txt"",""line"":65,""note"":""7月16日补述李敖上电视架子大，三立廖筱君每年会冒险做一次一对一专访。""}],""dataFile"":""data/timeline-events-sui-qianwan-li-ao-wangyi.json""}"
"29124","2016","2016-05-31","2016年5月31日星期二","day","confirmed","李敖发微博谈“中产阶级伪善、自私、保守，却是稳定的力量”","2016年5月31日，李敖在“哈囉李敖”微博发文：中产阶级伪善、自私、保守，却是稳定的力量。共产主义嚣张时压缩了它，结果陷入折腾又折腾局面。现在学乖了，不压了。讽刺的倒是资本主义，今天资本主义嚣张了，压缩了它，使中产阶级变成新贫阶级，结果美国陷入疯狂又疯狂局面，现在官商勾结的传统动摇了、政客维系的稳定崩盘了，真是恶有恶报啊。","李敖","","虽千万人，李敖往矣、哈囉李敖、微博、140字","写作线、媒体线、晚年线","虽千万人，李敖往矣、哈囉李敖","","虽千万人，李敖往矣","042.2016年5月","119","《大李敖全集5.0》（wjm_tcy版）分章节/005.诗集语录类/005.虽千万人，李敖往矣/042.2016年5月.txt","","[]","data/timeline-events-sui-qianwan-li-ao-wangyi.json","sui-qianwan-2016-05-31-daily-weibo","{""id"":""sui-qianwan-2016-05-31-daily-weibo"",""date"":""2016-05-31"",""displayDate"":""2016年5月31日星期二"",""datePrecision"":""day"",""title"":""李敖发微博谈“中产阶级伪善、自私、保守，却是稳定的力量”"",""summary"":""2016年5月31日，李敖在“哈囉李敖”微博发文：中产阶级伪善、自私、保守，却是稳定的力量。共产主义嚣张时压缩了它，结果陷入折腾又折腾局面。现在学乖了，不压了。讽刺的倒是资本主义，今天资本主义嚣张了，压缩了它，使中产阶级变成新贫阶级，结果美国陷入疯狂又疯狂局面，现在官商勾结的传统动摇了、政客维系的稳定崩盘了，真是恶有恶报啊。"",""view"":[""写作线"",""媒体线"",""晚年线""],""tags"":[""虽千万人，李敖往矣"",""哈囉李敖"",""微博"",""140字""],""people"":[""李敖""],""places"":[],""works"":[""虽千万人，李敖往矣"",""哈囉李敖""],""certainty"":""confirmed"",""source"":{""book"":""虽千万人，李敖往矣"",""chapter"":""042.2016年5月"",""path"":""《大李敖全集5.0》（wjm_tcy版）分章节/005.诗集语录类/005.虽千万人，李敖往矣/042.2016年5月.txt"",""line"":119,""lines"":[119,121]},""crossReferences"":[],""round"":""2026-07-11-sui-qianwan-li-ao-wangyi-daily-completion"",""dataFile"":""data/timeline-events-sui-qianwan-li-ao-wangyi.json""}"
"29125","2016","2016-06-01","2016年6月1日星期三","day","confirmed","李敖发微博谈“小火车站站长养了小狗，每次快车呼啸而过，小狗就“扶上马送一程”式的…”","2016年6月1日，李敖在“哈囉李敖”微博发文：小火车站站长养了小狗，每次快车呼啸而过，小狗就“扶上马送一程”式的又跑又叫，威风16面。有人问站长作何感想？站长苦笑说：What worries me is what he's going to do with it when he gets it.（我担心：万一它真的追上了，可把火车怎么办。）这寓言的教训是：一闻犬吠，就发现李敖是快车。","李敖","","虽千万人，李敖往矣、哈囉李敖、微博、140字","写作线、媒体线、晚年线","虽千万人，李敖往矣、哈囉李敖","","虽千万人，李敖往矣","043.2016年6月","3","《大李敖全集5.0》（wjm_tcy版）分章节/005.诗集语录类/005.虽千万人，李敖往矣/043.2016年6月.txt","","[]","data/timeline-events-sui-qianwan-li-ao-wangyi.json","sui-qianwan-2016-06-01-daily-weibo","{""id"":""sui-qianwan-2016-06-01-daily-weibo"",""date"":""2016-06-01"",""displayDate"":""2016年6月1日星期三"",""datePrecision"":""day"",""title"":""李敖发微博谈“小火车站站长养了小狗，每次快车呼啸而过，小狗就“扶上马送一程”式的…”"",""summary"":""2016年6月1日，李敖在“哈囉李敖”微博发文：小火车站站长养了小狗，每次快车呼啸而过，小狗就“扶上马送一程”式的又跑又叫，威风16面。有人问站长作何感想？站长苦笑说：What worries me is what he's going to do with it when he gets it.（我担心：万一它真的追上了，可把火车怎么办。）这寓言的教训是：一闻犬吠，就发现李敖是快车。"",""view"":[""写作线"",""媒体线"",""晚年线""],""tags"":[""虽千万人，李敖往矣"",""哈囉李敖"",""微博"",""140字""],""people"":[""李敖""],""places"":[],""works"":[""虽千万人，李敖往矣"",""哈囉李敖""],""certainty"":""confirmed"",""source"":{""book"":""虽千万人，李敖往矣"",""chapter"":""043.2016年6月"",""path"":""《大李敖全集5.0》（wjm_tcy版）分章节/005.诗集语录类/005.虽千万人，李敖往矣/043.2016年6月.txt"",""line"":3,""lines"":[3,5]},""crossReferences"":[],""round"":""2026-07-11-sui-qianwan-li-ao-wangyi-daily-completion"",""dataFile"":""data/timeline-events-sui-qianwan-li-ao-wangyi.json""}"
"29126","2016","2016-06-02","2016年6月2日星期四","day","confirmed","李敖发微博谈“1933年，美国有人写了一本书Winner Take Nothin…”","2016年6月2日，李敖在“哈囉李敖”微博发文：1933年，美国有人写了一本书Winner Take Nothing（胜者一无所获）。引伸这一意思，可以做出很多结论，令我们会心一笑：胜者“一无所获”，败者“一无所有”，死亡“一无牵挂”，奴役“一无所失”，台湾政客“一无是处”，女同性恋领导人“一无所长”。四字成语真逗，它使我们一览无余。","李敖","","虽千万人，李敖往矣、哈囉李敖、微博、140字","写作线、媒体线、晚年线","虽千万人，李敖往矣、哈囉李敖","","虽千万人，李敖往矣","043.2016年6月","7","《大李敖全集5.0》（wjm_tcy版）分章节/005.诗集语录类/005.虽千万人，李敖往矣/043.2016年6月.txt","","[]","data/timeline-events-sui-qianwan-li-ao-wangyi.json","sui-qianwan-2016-06-02-daily-weibo","{""id"":""sui-qianwan-2016-06-02-daily-weibo"",""date"":""2016-06-02"",""displayDate"":""2016年6月2日星期四"",""datePrecision"":""day"",""title"":""李敖发微博谈“1933年，美国有人写了一本书Winner Take Nothin…”"",""summary"":""2016年6月2日，李敖在“哈囉李敖”微博发文：1933年，美国有人写了一本书Winner Take Nothing（胜者一无所获）。引伸这一意思，可以做出很多结论，令我们会心一笑：胜者“一无所获”，败者“一无所有”，死亡“一无牵挂”，奴役“一无所失”，台湾政客“一无是处”，女同性恋领导人“一无所长”。四字成语真逗，它使我们一览无余。"",""view"":[""写作线"",""媒体线"",""晚年线""],""tags"":[""虽千万人，李敖往矣"",""哈囉李敖"",""微博"",""140字""],""people"":[""李敖""],""places"":[],""works"":[""虽千万人，李敖往矣"",""哈囉李敖""],""certainty"":""confirmed"",""source"":{""book"":""虽千万人，李敖往矣"",""chapter"":""043.2016年6月"",""path"":""《大李敖全集5.0》（wjm_tcy版）分章节/005.诗集语录类/005.虽千万人，李敖往矣/043.2016年6月.txt"",""line"":7,""lines"":[7,9]},""crossReferences"":[],""round"":""2026-07-11-sui-qianwan-li-ao-wangyi-daily-completion"",""dataFile"":""data/timeline-events-sui-qianwan-li-ao-wangyi.json""}"
"29127","2016","2016-06-03","2016年6月3日星期五","day","confirmed","李敖劝陈文茜多养几条狗以分散丧犬之痛","《2016年6月》写，陈文茜是爱狗家，李敖劝她说狗走了太痛苦，为什么还养；陈文茜回答痛苦短暂，快乐却有一二十年。李敖于是建议她多养几条，死一条就不至于那么痛苦。这条补出晚年与陈文茜的私下谈话和日常劝慰。","李敖、陈文茜","台湾","陈文茜、爱狗、日常谈话","交游线、日常线、晚年线","虽千万人，李敖往矣","","虽千万人，李敖往矣","043.2016年6月","13","《大李敖全集5.0》（wjm_tcy版）分章节/005.诗集语录类/005.虽千万人，李敖往矣/043.2016年6月.txt","","[]","data/timeline-events-sui-qianwan-li-ao-wangyi.json","sui-qianwan-2016-06-03-advises-chen-wenqian-about-dogs","{""id"":""sui-qianwan-2016-06-03-advises-chen-wenqian-about-dogs"",""date"":""2016-06-03"",""displayDate"":""2016年6月3日星期五"",""datePrecision"":""day"",""title"":""李敖劝陈文茜多养几条狗以分散丧犬之痛"",""summary"":""《2016年6月》写，陈文茜是爱狗家，李敖劝她说狗走了太痛苦，为什么还养；陈文茜回答痛苦短暂，快乐却有一二十年。李敖于是建议她多养几条，死一条就不至于那么痛苦。这条补出晚年与陈文茜的私下谈话和日常劝慰。"",""view"":[""交游线"",""日常线"",""晚年线""],""tags"":[""陈文茜"",""爱狗"",""日常谈话""],""people"":[""李敖"",""陈文茜""],""places"":[""台湾""],""works"":[""虽千万人，李敖往矣""],""certainty"":""confirmed"",""source"":{""book"":""虽千万人，李敖往矣"",""chapter"":""043.2016年6月"",""path"":""《大李敖全集5.0》（wjm_tcy版）分章节/005.诗集语录类/005.虽千万人，李敖往矣/043.2016年6月.txt"",""line"":13},""dataFile"":""data/timeline-events-sui-qianwan-li-ao-wangyi.json""}"
"29128","2016","2016-06-04","2016年6月4日星期六","day","confirmed","李敖发微博谈“1899年，吉卜林（Kipling）写出了《白种人的负担》（The…”","2016年6月4日，李敖在“哈囉李敖”微博发文：1899年，吉卜林（Kipling）写出了《白种人的负担》（The White Man's Burden），如今特朗普不这样伪善了，他激发出白种人的恶劣面。人类的恶劣面，本属隐性。但经过煽风点火，就一发不可收拾。汉代的巫蛊之祸、欧洲的猎巫之风、现代的文化大革命，都属此类。如今激发轮到美国了，咱们看好戏吧。","李敖","","虽千万人，李敖往矣、哈囉李敖、微博、140字","写作线、媒体线、晚年线","虽千万人，李敖往矣、哈囉李敖","","虽千万人，李敖往矣","043.2016年6月","15","《大李敖全集5.0》（wjm_tcy版）分章节/005.诗集语录类/005.虽千万人，李敖往矣/043.2016年6月.txt","","[]","data/timeline-events-sui-qianwan-li-ao-wangyi.json","sui-qianwan-2016-06-04-daily-weibo","{""id"":""sui-qianwan-2016-06-04-daily-weibo"",""date"":""2016-06-04"",""displayDate"":""2016年6月4日星期六"",""datePrecision"":""day"",""title"":""李敖发微博谈“1899年，吉卜林（Kipling）写出了《白种人的负担》（The…”"",""summary"":""2016年6月4日，李敖在“哈囉李敖”微博发文：1899年，吉卜林（Kipling）写出了《白种人的负担》（The White Man's Burden），如今特朗普不这样伪善了，他激发出白种人的恶劣面。人类的恶劣面，本属隐性。但经过煽风点火，就一发不可收拾。汉代的巫蛊之祸、欧洲的猎巫之风、现代的文化大革命，都属此类。如今激发轮到美国了，咱们看好戏吧。"",""view"":[""写作线"",""媒体线"",""晚年线""],""tags"":[""虽千万人，李敖往矣"",""哈囉李敖"",""微博"",""140字""],""people"":[""李敖""],""places"":[],""works"":[""虽千万人，李敖往矣"",""哈囉李敖""],""certainty"":""confirmed"",""source"":{""book"":""虽千万人，李敖往矣"",""chapter"":""043.2016年6月"",""path"":""《大李敖全集5.0》（wjm_tcy版）分章节/005.诗集语录类/005.虽千万人，李敖往矣/043.2016年6月.txt"",""line"":15,""lines"":[15,17]},""crossReferences"":[],""round"":""2026-07-11-sui-qianwan-li-ao-wangyi-daily-completion"",""dataFile"":""data/timeline-events-sui-qianwan-li-ao-wangyi.json""}"
"29129","2016","2016-06-05","2016年6月5日星期日","day","confirmed","李敖发微博谈“拳王阿里不死在74岁，39岁就告一段落”","2016年6月5日，李敖在“哈囉李敖”微博发文：拳王阿里不死在74岁，39岁就告一段落。和他同年的英国物理学家霍金、中国共产党接班人胡锦涛，39岁时生命还没发光，但阿里已经挨过3万次重拳的近接战（infighting）和美国政府无远弗届的打击。他是粗犷的战士，他公然以“我是最伟大的”（I'm the greatest.）自许，诚实到永不谦虚，多牛呀。","李敖","","虽千万人，李敖往矣、哈囉李敖、微博、140字","写作线、媒体线、晚年线","虽千万人，李敖往矣、哈囉李敖","","虽千万人，李敖往矣","043.2016年6月","19","《大李敖全集5.0》（wjm_tcy版）分章节/005.诗集语录类/005.虽千万人，李敖往矣/043.2016年6月.txt","","[]","data/timeline-events-sui-qianwan-li-ao-wangyi.json","sui-qianwan-2016-06-05-daily-weibo","{""id"":""sui-qianwan-2016-06-05-daily-weibo"",""date"":""2016-06-05"",""displayDate"":""2016年6月5日星期日"",""datePrecision"":""day"",""title"":""李敖发微博谈“拳王阿里不死在74岁，39岁就告一段落”"",""summary"":""2016年6月5日，李敖在“哈囉李敖”微博发文：拳王阿里不死在74岁，39岁就告一段落。和他同年的英国物理学家霍金、中国共产党接班人胡锦涛，39岁时生命还没发光，但阿里已经挨过3万次重拳的近接战（infighting）和美国政府无远弗届的打击。他是粗犷的战士，他公然以“我是最伟大的”（I'm the greatest.）自许，诚实到永不谦虚，多牛呀。"",""view"":[""写作线"",""媒体线"",""晚年线""],""tags"":[""虽千万人，李敖往矣"",""哈囉李敖"",""微博"",""140字""],""people"":[""李敖""],""places"":[],""works"":[""虽千万人，李敖往矣"",""哈囉李敖""],""certainty"":""confirmed"",""source"":{""book"":""虽千万人，李敖往矣"",""chapter"":""043.2016年6月"",""path"":""《大李敖全集5.0》（wjm_tcy版）分章节/005.诗集语录类/005.虽千万人，李敖往矣/043.2016年6月.txt"",""line"":19,""lines"":[19,21]},""crossReferences"":[],""round"":""2026-07-11-sui-qianwan-li-ao-wangyi-daily-completion"",""dataFile"":""data/timeline-events-sui-qianwan-li-ao-wangyi.json""}"
"29130","2016","2016-06-06","2016年6月6日星期一","day","confirmed","李敖发微博谈“拳王阿里有句名言：Float like a butterfly, …”","2016年6月6日，李敖在“哈囉李敖”微博发文：拳王阿里有句名言：Float like a butterfly, sting like a bee.报上把它译成“跳跃似蝴蝶，出拳如蜂螫。”或译成“蝴蝶般的飞舞，蜜蜂般的针刺。”我把它译成“飘来飘去像蝴蝶，一螫再螫像蜜蜂。”这句英文由别人捉刀，捉刀手Drew 'Bundini' Brown。阿里揍人内行，要变蝴蝶和蜜蜂啊，还得另靠行家。","李敖","","虽千万人，李敖往矣、哈囉李敖、微博、140字","写作线、媒体线、晚年线","虽千万人，李敖往矣、哈囉李敖","","虽千万人，李敖往矣","043.2016年6月","23","《大李敖全集5.0》（wjm_tcy版）分章节/005.诗集语录类/005.虽千万人，李敖往矣/043.2016年6月.txt","","[]","data/timeline-events-sui-qianwan-li-ao-wangyi.json","sui-qianwan-2016-06-06-daily-weibo","{""id"":""sui-qianwan-2016-06-06-daily-weibo"",""date"":""2016-06-06"",""displayDate"":""2016年6月6日星期一"",""datePrecision"":""day"",""title"":""李敖发微博谈“拳王阿里有句名言：Float like a butterfly, …”"",""summary"":""2016年6月6日，李敖在“哈囉李敖”微博发文：拳王阿里有句名言：Float like a butterfly, sting like a bee.报上把它译成“跳跃似蝴蝶，出拳如蜂螫。”或译成“蝴蝶般的飞舞，蜜蜂般的针刺。”我把它译成“飘来飘去像蝴蝶，一螫再螫像蜜蜂。”这句英文由别人捉刀，捉刀手Drew 'Bundini' Brown。阿里揍人内行，要变蝴蝶和蜜蜂啊，还得另靠行家。"",""view"":[""写作线"",""媒体线"",""晚年线""],""tags"":[""虽千万人，李敖往矣"",""哈囉李敖"",""微博"",""140字""],""people"":[""李敖""],""places"":[],""works"":[""虽千万人，李敖往矣"",""哈囉李敖""],""certainty"":""confirmed"",""source"":{""book"":""虽千万人，李敖往矣"",""chapter"":""043.2016年6月"",""path"":""《大李敖全集5.0》（wjm_tcy版）分章节/005.诗集语录类/005.虽千万人，李敖往矣/043.2016年6月.txt"",""line"":23,""lines"":[23,25]},""crossReferences"":[],""round"":""2026-07-11-sui-qianwan-li-ao-wangyi-daily-completion"",""dataFile"":""data/timeline-events-sui-qianwan-li-ao-wangyi.json""}"
"29131","2016","2016-06-07","2016年6月7日星期二","day","confirmed","李敖在超市被女士盯住并认出","《2016年6月》写，2016年6月7日，李敖在超市被一位女士盯住，对方说记不起他是谁；经过几句对话，女士说“如你不是别人，我想你是李敖”。李敖借演员 Hampden 被错认的典故，把这次街头认人写成一则晚年日常。","李敖","台湾","超市、读者认出、晚年日常","日常线、晚年线","虽千万人，李敖往矣","","虽千万人，李敖往矣","043.2016年6月","29","《大李敖全集5.0》（wjm_tcy版）分章节/005.诗集语录类/005.虽千万人，李敖往矣/043.2016年6月.txt","","[]","data/timeline-events-sui-qianwan-li-ao-wangyi.json","sui-qianwan-2016-06-07-supermarket-woman-recognizes-li-ao","{""id"":""sui-qianwan-2016-06-07-supermarket-woman-recognizes-li-ao"",""date"":""2016-06-07"",""displayDate"":""2016年6月7日星期二"",""datePrecision"":""day"",""title"":""李敖在超市被女士盯住并认出"",""summary"":""《2016年6月》写，2016年6月7日，李敖在超市被一位女士盯住，对方说记不起他是谁；经过几句对话，女士说“如你不是别人，我想你是李敖”。李敖借演员 Hampden 被错认的典故，把这次街头认人写成一则晚年日常。"",""view"":[""日常线"",""晚年线""],""tags"":[""超市"",""读者认出"",""晚年日常""],""people"":[""李敖""],""places"":[""台湾""],""works"":[""虽千万人，李敖往矣""],""certainty"":""confirmed"",""source"":{""book"":""虽千万人，李敖往矣"",""chapter"":""043.2016年6月"",""path"":""《大李敖全集5.0》（wjm_tcy版）分章节/005.诗集语录类/005.虽千万人，李敖往矣/043.2016年6月.txt"",""line"":29},""dataFile"":""data/timeline-events-sui-qianwan-li-ao-wangyi.json""}"
"29132","2016","2016-06-08","2016年6月8日星期三","day","confirmed","李敖发微博谈“49年后，太多的人在台湾变成外省人，有家归不得了”","2016年6月8日，李敖在“哈囉李敖”微博发文：49年后，太多的人在台湾变成外省人，有家归不得了。多年后，两岸通了，但仍有外省人，宁愿继续见外，也不要生还，有个老将军就如此。我问他：“共产党宣布既往不究了，为什么不回家看看？”他说：“我在家乡杀了好几百人，共产党饶我，仇家会饶我吗？”我忽然歪想到楚霸王，台湾海峡就是乌江哟！","李敖","","虽千万人，李敖往矣、哈囉李敖、微博、140字","写作线、媒体线、晚年线","虽千万人，李敖往矣、哈囉李敖","","虽千万人，李敖往矣","043.2016年6月","31","《大李敖全集5.0》（wjm_tcy版）分章节/005.诗集语录类/005.虽千万人，李敖往矣/043.2016年6月.txt","","[]","data/timeline-events-sui-qianwan-li-ao-wangyi.json","sui-qianwan-2016-06-08-daily-weibo","{""id"":""sui-qianwan-2016-06-08-daily-weibo"",""date"":""2016-06-08"",""displayDate"":""2016年6月8日星期三"",""datePrecision"":""day"",""title"":""李敖发微博谈“49年后，太多的人在台湾变成外省人，有家归不得了”"",""summary"":""2016年6月8日，李敖在“哈囉李敖”微博发文：49年后，太多的人在台湾变成外省人，有家归不得了。多年后，两岸通了，但仍有外省人，宁愿继续见外，也不要生还，有个老将军就如此。我问他：“共产党宣布既往不究了，为什么不回家看看？”他说：“我在家乡杀了好几百人，共产党饶我，仇家会饶我吗？”我忽然歪想到楚霸王，台湾海峡就是乌江哟！"",""view"":[""写作线"",""媒体线"",""晚年线""],""tags"":[""虽千万人，李敖往矣"",""哈囉李敖"",""微博"",""140字""],""people"":[""李敖""],""places"":[],""works"":[""虽千万人，李敖往矣"",""哈囉李敖""],""certainty"":""confirmed"",""source"":{""book"":""虽千万人，李敖往矣"",""chapter"":""043.2016年6月"",""path"":""《大李敖全集5.0》（wjm_tcy版）分章节/005.诗集语录类/005.虽千万人，李敖往矣/043.2016年6月.txt"",""line"":31,""lines"":[31,33]},""crossReferences"":[],""round"":""2026-07-11-sui-qianwan-li-ao-wangyi-daily-completion"",""dataFile"":""data/timeline-events-sui-qianwan-li-ao-wangyi.json""}"
"29133","2016","2016-06-09","2016年6月9日星期四","day","confirmed","李敖发微博谈“看了26年，看死了蒋”","2016年6月9日，李敖在“哈囉李敖”微博发文：看了26年，看死了蒋；看了39年，看死了蒋仔；看了67年，看到蒋仔走狗变成丧家之犬，但除非狗命不再，我们仍不甘心。有国民党在，共产党永远会误判、民进党永远有箭靶和借口、海峡两岸的混蛋们永远颠三倒四中。Delenda est KMT！（国民党必须消灭！）这是中国第一智者的欢呼。Delenda est KMT！","李敖","","虽千万人，李敖往矣、哈囉李敖、微博、140字","写作线、媒体线、晚年线","虽千万人，李敖往矣、哈囉李敖","","虽千万人，李敖往矣","043.2016年6月","35","《大李敖全集5.0》（wjm_tcy版）分章节/005.诗集语录类/005.虽千万人，李敖往矣/043.2016年6月.txt","","[]","data/timeline-events-sui-qianwan-li-ao-wangyi.json","sui-qianwan-2016-06-09-daily-weibo","{""id"":""sui-qianwan-2016-06-09-daily-weibo"",""date"":""2016-06-09"",""displayDate"":""2016年6月9日星期四"",""datePrecision"":""day"",""title"":""李敖发微博谈“看了26年，看死了蒋”"",""summary"":""2016年6月9日，李敖在“哈囉李敖”微博发文：看了26年，看死了蒋；看了39年，看死了蒋仔；看了67年，看到蒋仔走狗变成丧家之犬，但除非狗命不再，我们仍不甘心。有国民党在，共产党永远会误判、民进党永远有箭靶和借口、海峡两岸的混蛋们永远颠三倒四中。Delenda est KMT！（国民党必须消灭！）这是中国第一智者的欢呼。Delenda est KMT！"",""view"":[""写作线"",""媒体线"",""晚年线""],""tags"":[""虽千万人，李敖往矣"",""哈囉李敖"",""微博"",""140字""],""people"":[""李敖""],""places"":[],""works"":[""虽千万人，李敖往矣"",""哈囉李敖""],""certainty"":""confirmed"",""source"":{""book"":""虽千万人，李敖往矣"",""chapter"":""043.2016年6月"",""path"":""《大李敖全集5.0》（wjm_tcy版）分章节/005.诗集语录类/005.虽千万人，李敖往矣/043.2016年6月.txt"",""line"":35,""lines"":[35,37]},""crossReferences"":[],""round"":""2026-07-11-sui-qianwan-li-ao-wangyi-daily-completion"",""dataFile"":""data/timeline-events-sui-qianwan-li-ao-wangyi.json""}"
"29134","2016","2016-06-10","2016年6月10日星期五","day","confirmed","李敖发微博谈“可以追忆“过去的美好时光”（the good old days），…”","2016年6月10日，李敖在“哈囉李敖”微博发文：可以追忆“过去的美好时光”（the good old days），但把幻觉当成追忆，就错了，民国热的幻觉，就是其中之一。国民党“杀人如草不闻声”早有盛名。青年党也如此，党章中竟有死刑条款！共产党也不遑多让，“我失骄杨君失柳”，那个柳，就是被自己的党杀的。民国热可热得杀气腾腾呢。","李敖","","虽千万人，李敖往矣、哈囉李敖、微博、140字","写作线、媒体线、晚年线","虽千万人，李敖往矣、哈囉李敖","","虽千万人，李敖往矣","043.2016年6月","39","《大李敖全集5.0》（wjm_tcy版）分章节/005.诗集语录类/005.虽千万人，李敖往矣/043.2016年6月.txt","","[]","data/timeline-events-sui-qianwan-li-ao-wangyi.json","sui-qianwan-2016-06-10-daily-weibo","{""id"":""sui-qianwan-2016-06-10-daily-weibo"",""date"":""2016-06-10"",""displayDate"":""2016年6月10日星期五"",""datePrecision"":""day"",""title"":""李敖发微博谈“可以追忆“过去的美好时光”（the good old days），…”"",""summary"":""2016年6月10日，李敖在“哈囉李敖”微博发文：可以追忆“过去的美好时光”（the good old days），但把幻觉当成追忆，就错了，民国热的幻觉，就是其中之一。国民党“杀人如草不闻声”早有盛名。青年党也如此，党章中竟有死刑条款！共产党也不遑多让，“我失骄杨君失柳”，那个柳，就是被自己的党杀的。民国热可热得杀气腾腾呢。"",""view"":[""写作线"",""媒体线"",""晚年线""],""tags"":[""虽千万人，李敖往矣"",""哈囉李敖"",""微博"",""140字""],""people"":[""李敖""],""places"":[],""works"":[""虽千万人，李敖往矣"",""哈囉李敖""],""certainty"":""confirmed"",""source"":{""book"":""虽千万人，李敖往矣"",""chapter"":""043.2016年6月"",""path"":""《大李敖全集5.0》（wjm_tcy版）分章节/005.诗集语录类/005.虽千万人，李敖往矣/043.2016年6月.txt"",""line"":39,""lines"":[39,41]},""crossReferences"":[],""round"":""2026-07-11-sui-qianwan-li-ao-wangyi-daily-completion"",""dataFile"":""data/timeline-events-sui-qianwan-li-ao-wangyi.json""}"
"29135","2016","2016-06-11","2016年6月11日星期六","day","confirmed","李敖发微博谈“2016.5.16美国阴茎移植手术成功”","2016年6月11日，李敖在“哈囉李敖”微博发文：2016.5.16美国阴茎移植手术成功。引发我的狂想。黑人有粗长12英吋的世界纪录，我好羡慕，狂想我能移植一条，快慰此生。狂想以外，还附歪诗一首：“不学老蒋硬中软，不学老毛软中硬。前身已做文天祥，来生要做西门庆。”正人君子一定笑我老不正经，但我顾而乐之。并叮咛国人多与黑人做朋友。","李敖","","虽千万人，李敖往矣、哈囉李敖、微博、140字","写作线、媒体线、晚年线","虽千万人，李敖往矣、哈囉李敖","","虽千万人，李敖往矣","043.2016年6月","43","《大李敖全集5.0》（wjm_tcy版）分章节/005.诗集语录类/005.虽千万人，李敖往矣/043.2016年6月.txt","","[]","data/timeline-events-sui-qianwan-li-ao-wangyi.json","sui-qianwan-2016-06-11-daily-weibo","{""id"":""sui-qianwan-2016-06-11-daily-weibo"",""date"":""2016-06-11"",""displayDate"":""2016年6月11日星期六"",""datePrecision"":""day"",""title"":""李敖发微博谈“2016.5.16美国阴茎移植手术成功”"",""summary"":""2016年6月11日，李敖在“哈囉李敖”微博发文：2016.5.16美国阴茎移植手术成功。引发我的狂想。黑人有粗长12英吋的世界纪录，我好羡慕，狂想我能移植一条，快慰此生。狂想以外，还附歪诗一首：“不学老蒋硬中软，不学老毛软中硬。前身已做文天祥，来生要做西门庆。”正人君子一定笑我老不正经，但我顾而乐之。并叮咛国人多与黑人做朋友。"",""view"":[""写作线"",""媒体线"",""晚年线""],""tags"":[""虽千万人，李敖往矣"",""哈囉李敖"",""微博"",""140字""],""people"":[""李敖""],""places"":[],""works"":[""虽千万人，李敖往矣"",""哈囉李敖""],""certainty"":""confirmed"",""source"":{""book"":""虽千万人，李敖往矣"",""chapter"":""043.2016年6月"",""path"":""《大李敖全集5.0》（wjm_tcy版）分章节/005.诗集语录类/005.虽千万人，李敖往矣/043.2016年6月.txt"",""line"":43,""lines"":[43,45]},""crossReferences"":[],""round"":""2026-07-11-sui-qianwan-li-ao-wangyi-daily-completion"",""dataFile"":""data/timeline-events-sui-qianwan-li-ao-wangyi.json""}"
"29136","2016","2016-06-12","2016年6月12日星期日","day","confirmed","李敖发微博谈“毛泽东自道生平二大事：第1件打进北京、第2件发动文革”","2016年6月12日，李敖在“哈囉李敖”微博发文：毛泽东自道生平二大事：第1件打进北京、第2件发动文革。其实第2件是使中国站起来了，文革不足道也。劫后余生的同志，收拾烂摊子40年，中国不但站起来了，也飞起来了，人民也跟着不做亡国奴与帝国主义走狗了。人民忘了共产党的功劳，错在人民；但有功的人老骑在人民脖子上，又错在谁呢？","李敖","","虽千万人，李敖往矣、哈囉李敖、微博、140字","写作线、媒体线、晚年线","虽千万人，李敖往矣、哈囉李敖","","虽千万人，李敖往矣","043.2016年6月","47","《大李敖全集5.0》（wjm_tcy版）分章节/005.诗集语录类/005.虽千万人，李敖往矣/043.2016年6月.txt","","[]","data/timeline-events-sui-qianwan-li-ao-wangyi.json","sui-qianwan-2016-06-12-daily-weibo","{""id"":""sui-qianwan-2016-06-12-daily-weibo"",""date"":""2016-06-12"",""displayDate"":""2016年6月12日星期日"",""datePrecision"":""day"",""title"":""李敖发微博谈“毛泽东自道生平二大事：第1件打进北京、第2件发动文革”"",""summary"":""2016年6月12日，李敖在“哈囉李敖”微博发文：毛泽东自道生平二大事：第1件打进北京、第2件发动文革。其实第2件是使中国站起来了，文革不足道也。劫后余生的同志，收拾烂摊子40年，中国不但站起来了，也飞起来了，人民也跟着不做亡国奴与帝国主义走狗了。人民忘了共产党的功劳，错在人民；但有功的人老骑在人民脖子上，又错在谁呢？"",""view"":[""写作线"",""媒体线"",""晚年线""],""tags"":[""虽千万人，李敖往矣"",""哈囉李敖"",""微博"",""140字""],""people"":[""李敖""],""places"":[],""works"":[""虽千万人，李敖往矣"",""哈囉李敖""],""certainty"":""confirmed"",""source"":{""book"":""虽千万人，李敖往矣"",""chapter"":""043.2016年6月"",""path"":""《大李敖全集5.0》（wjm_tcy版）分章节/005.诗集语录类/005.虽千万人，李敖往矣/043.2016年6月.txt"",""line"":47,""lines"":[47,49]},""crossReferences"":[],""round"":""2026-07-11-sui-qianwan-li-ao-wangyi-daily-completion"",""dataFile"":""data/timeline-events-sui-qianwan-li-ao-wangyi.json""}"
"29137","2016","2016-06-13","2016年6月13日星期一","day","confirmed","李敖发微博谈“郑成功失败了，他的枯骨归葬福建，但先在北京绕一下，以俘虏身分，向中…”","2016年6月13日，李敖在“哈囉李敖”微博发文：郑成功失败了，他的枯骨归葬福建，但先在北京绕一下，以俘虏身分，向中央政府输诚。从此台湾再也没有骨鲠之士。从清朝的顺民、到日本的顺民、到国民党的顺民、到民进党的顺民。加在一起，赶不上一根“狗鸡巴”。“狗鸡巴”还有一根骨头，台湾人却全岛无骨。我最看不起台湾人的，就在这里。","李敖","","虽千万人，李敖往矣、哈囉李敖、微博、140字","写作线、媒体线、晚年线","虽千万人，李敖往矣、哈囉李敖","","虽千万人，李敖往矣","043.2016年6月","51","《大李敖全集5.0》（wjm_tcy版）分章节/005.诗集语录类/005.虽千万人，李敖往矣/043.2016年6月.txt","","[]","data/timeline-events-sui-qianwan-li-ao-wangyi.json","sui-qianwan-2016-06-13-daily-weibo","{""id"":""sui-qianwan-2016-06-13-daily-weibo"",""date"":""2016-06-13"",""displayDate"":""2016年6月13日星期一"",""datePrecision"":""day"",""title"":""李敖发微博谈“郑成功失败了，他的枯骨归葬福建，但先在北京绕一下，以俘虏身分，向中…”"",""summary"":""2016年6月13日，李敖在“哈囉李敖”微博发文：郑成功失败了，他的枯骨归葬福建，但先在北京绕一下，以俘虏身分，向中央政府输诚。从此台湾再也没有骨鲠之士。从清朝的顺民、到日本的顺民、到国民党的顺民、到民进党的顺民。加在一起，赶不上一根“狗鸡巴”。“狗鸡巴”还有一根骨头，台湾人却全岛无骨。我最看不起台湾人的，就在这里。"",""view"":[""写作线"",""媒体线"",""晚年线""],""tags"":[""虽千万人，李敖往矣"",""哈囉李敖"",""微博"",""140字""],""people"":[""李敖""],""places"":[],""works"":[""虽千万人，李敖往矣"",""哈囉李敖""],""certainty"":""confirmed"",""source"":{""book"":""虽千万人，李敖往矣"",""chapter"":""043.2016年6月"",""path"":""《大李敖全集5.0》（wjm_tcy版）分章节/005.诗集语录类/005.虽千万人，李敖往矣/043.2016年6月.txt"",""line"":51,""lines"":[51,53]},""crossReferences"":[],""round"":""2026-07-11-sui-qianwan-li-ao-wangyi-daily-completion"",""dataFile"":""data/timeline-events-sui-qianwan-li-ao-wangyi.json""}"
"29138","2016","2016-06-14","2016年6月14日星期二","day","confirmed","李敖发微博谈“国民党建党97年，从没碰到过像李敖这样的敌人”","2016年6月14日，李敖在“哈囉李敖”微博发文：国民党建党97年，从没碰到过像李敖这样的敌人；共产党建党95年，从没领教过像李敖这样的朋友。国民党又拦路又卖国，李敖又追又杀，老而不已；共产党穷天下力，得此金汤。“惜竹不锄当路笋，伐薪教护带巢枝”，为了中国，李敖网开一面。对罗网中的红色王八蛋，网开一面又何妨？你飞得过我吗？","李敖","","虽千万人，李敖往矣、哈囉李敖、微博、140字","写作线、媒体线、晚年线","虽千万人，李敖往矣、哈囉李敖","","虽千万人，李敖往矣","043.2016年6月","55","《大李敖全集5.0》（wjm_tcy版）分章节/005.诗集语录类/005.虽千万人，李敖往矣/043.2016年6月.txt","","[]","data/timeline-events-sui-qianwan-li-ao-wangyi.json","sui-qianwan-2016-06-14-daily-weibo","{""id"":""sui-qianwan-2016-06-14-daily-weibo"",""date"":""2016-06-14"",""displayDate"":""2016年6月14日星期二"",""datePrecision"":""day"",""title"":""李敖发微博谈“国民党建党97年，从没碰到过像李敖这样的敌人”"",""summary"":""2016年6月14日，李敖在“哈囉李敖”微博发文：国民党建党97年，从没碰到过像李敖这样的敌人；共产党建党95年，从没领教过像李敖这样的朋友。国民党又拦路又卖国，李敖又追又杀，老而不已；共产党穷天下力，得此金汤。“惜竹不锄当路笋，伐薪教护带巢枝”，为了中国，李敖网开一面。对罗网中的红色王八蛋，网开一面又何妨？你飞得过我吗？"",""view"":[""写作线"",""媒体线"",""晚年线""],""tags"":[""虽千万人，李敖往矣"",""哈囉李敖"",""微博"",""140字""],""people"":[""李敖""],""places"":[],""works"":[""虽千万人，李敖往矣"",""哈囉李敖""],""certainty"":""confirmed"",""source"":{""book"":""虽千万人，李敖往矣"",""chapter"":""043.2016年6月"",""path"":""《大李敖全集5.0》（wjm_tcy版）分章节/005.诗集语录类/005.虽千万人，李敖往矣/043.2016年6月.txt"",""line"":55,""lines"":[55,57]},""crossReferences"":[],""round"":""2026-07-11-sui-qianwan-li-ao-wangyi-daily-completion"",""dataFile"":""data/timeline-events-sui-qianwan-li-ao-wangyi.json""}"
"29139","2016","2016-06-15","2016年6月15日星期三","day","confirmed","李敖发微博谈“汤姆士福勒（Thomas Fuller）有一句话：Many wou…”","2016年6月15日，李敖在“哈囉李敖”微博发文：汤姆士福勒（Thomas Fuller）有一句话：Many would be cowards if they had courage enough.这一观念，本来自约翰威尔摩特（John Wilmot）的 For all men would be cowards if they durst.翻成中文，古文“大勇若怯”正好棋高一着。君知否？真正的勇敢是含蓄的。","李敖","","虽千万人，李敖往矣、哈囉李敖、微博、140字","写作线、媒体线、晚年线","虽千万人，李敖往矣、哈囉李敖","","虽千万人，李敖往矣","043.2016年6月","59","《大李敖全集5.0》（wjm_tcy版）分章节/005.诗集语录类/005.虽千万人，李敖往矣/043.2016年6月.txt","","[]","data/timeline-events-sui-qianwan-li-ao-wangyi.json","sui-qianwan-2016-06-15-daily-weibo","{""id"":""sui-qianwan-2016-06-15-daily-weibo"",""date"":""2016-06-15"",""displayDate"":""2016年6月15日星期三"",""datePrecision"":""day"",""title"":""李敖发微博谈“汤姆士福勒（Thomas Fuller）有一句话：Many wou…”"",""summary"":""2016年6月15日，李敖在“哈囉李敖”微博发文：汤姆士福勒（Thomas Fuller）有一句话：Many would be cowards if they had courage enough.这一观念，本来自约翰威尔摩特（John Wilmot）的 For all men would be cowards if they durst.翻成中文，古文“大勇若怯”正好棋高一着。君知否？真正的勇敢是含蓄的。"",""view"":[""写作线"",""媒体线"",""晚年线""],""tags"":[""虽千万人，李敖往矣"",""哈囉李敖"",""微博"",""140字""],""people"":[""李敖""],""places"":[],""works"":[""虽千万人，李敖往矣"",""哈囉李敖""],""certainty"":""confirmed"",""source"":{""book"":""虽千万人，李敖往矣"",""chapter"":""043.2016年6月"",""path"":""《大李敖全集5.0》（wjm_tcy版）分章节/005.诗集语录类/005.虽千万人，李敖往矣/043.2016年6月.txt"",""line"":59,""lines"":[59,61]},""crossReferences"":[],""round"":""2026-07-11-sui-qianwan-li-ao-wangyi-daily-completion"",""dataFile"":""data/timeline-events-sui-qianwan-li-ao-wangyi.json""}"
"29140","2016","2016-06-16","2016年6月16日星期四","day","confirmed","李敖发微博谈“以为爱情是必要的、以为男女关系要以爱情做基点，这种以为，是错误的”","2016年6月16日，李敖在“哈囉李敖”微博发文：以为爱情是必要的、以为男女关系要以爱情做基点，这种以为，是错误的。其实爱情只是小说、电影、电视、诗歌的基点，缠绵悱恻、女貌郎才、海枯石烂、死去活来，都是催情戏、都是“悲剧意识”、都不是真实的、也都不能玩真的。真的男女关系应该平淡无奇。唱情歌的人生绝非人生，眼泪白流了。","李敖","","虽千万人，李敖往矣、哈囉李敖、微博、140字","写作线、媒体线、晚年线","虽千万人，李敖往矣、哈囉李敖","","虽千万人，李敖往矣","043.2016年6月","63","《大李敖全集5.0》（wjm_tcy版）分章节/005.诗集语录类/005.虽千万人，李敖往矣/043.2016年6月.txt","","[]","data/timeline-events-sui-qianwan-li-ao-wangyi.json","sui-qianwan-2016-06-16-daily-weibo","{""id"":""sui-qianwan-2016-06-16-daily-weibo"",""date"":""2016-06-16"",""displayDate"":""2016年6月16日星期四"",""datePrecision"":""day"",""title"":""李敖发微博谈“以为爱情是必要的、以为男女关系要以爱情做基点，这种以为，是错误的”"",""summary"":""2016年6月16日，李敖在“哈囉李敖”微博发文：以为爱情是必要的、以为男女关系要以爱情做基点，这种以为，是错误的。其实爱情只是小说、电影、电视、诗歌的基点，缠绵悱恻、女貌郎才、海枯石烂、死去活来，都是催情戏、都是“悲剧意识”、都不是真实的、也都不能玩真的。真的男女关系应该平淡无奇。唱情歌的人生绝非人生，眼泪白流了。"",""view"":[""写作线"",""媒体线"",""晚年线""],""tags"":[""虽千万人，李敖往矣"",""哈囉李敖"",""微博"",""140字""],""people"":[""李敖""],""places"":[],""works"":[""虽千万人，李敖往矣"",""哈囉李敖""],""certainty"":""confirmed"",""source"":{""book"":""虽千万人，李敖往矣"",""chapter"":""043.2016年6月"",""path"":""《大李敖全集5.0》（wjm_tcy版）分章节/005.诗集语录类/005.虽千万人，李敖往矣/043.2016年6月.txt"",""line"":63,""lines"":[63,65]},""crossReferences"":[],""round"":""2026-07-11-sui-qianwan-li-ao-wangyi-daily-completion"",""dataFile"":""data/timeline-events-sui-qianwan-li-ao-wangyi.json""}"
"29141","2016","2016-06-17","2016年6月17日星期五","day","confirmed","李敖发微博谈“从美国中国通到日本支那通，到所谓专家们，他们唱衰中国，高叫中国崩溃论”","2016年6月17日，李敖在“哈囉李敖”微博发文：从美国中国通到日本支那通，到所谓专家们，他们唱衰中国，高叫中国崩溃论。其实中国只要崩溃20分之1 ，13亿人口流出5000万，比现在欧洲难民多出100倍，世界就先崩溃了。中国崩溃对你绝无好处。老共是有苦说不出的人道主义者，他们包养了5000万难民，共而产之、小而康之，有助世界和平。","李敖","","虽千万人，李敖往矣、哈囉李敖、微博、140字","写作线、媒体线、晚年线","虽千万人，李敖往矣、哈囉李敖","","虽千万人，李敖往矣","043.2016年6月","67","《大李敖全集5.0》（wjm_tcy版）分章节/005.诗集语录类/005.虽千万人，李敖往矣/043.2016年6月.txt","","[]","data/timeline-events-sui-qianwan-li-ao-wangyi.json","sui-qianwan-2016-06-17-daily-weibo","{""id"":""sui-qianwan-2016-06-17-daily-weibo"",""date"":""2016-06-17"",""displayDate"":""2016年6月17日星期五"",""datePrecision"":""day"",""title"":""李敖发微博谈“从美国中国通到日本支那通，到所谓专家们，他们唱衰中国，高叫中国崩溃论”"",""summary"":""2016年6月17日，李敖在“哈囉李敖”微博发文：从美国中国通到日本支那通，到所谓专家们，他们唱衰中国，高叫中国崩溃论。其实中国只要崩溃20分之1 ，13亿人口流出5000万，比现在欧洲难民多出100倍，世界就先崩溃了。中国崩溃对你绝无好处。老共是有苦说不出的人道主义者，他们包养了5000万难民，共而产之、小而康之，有助世界和平。"",""view"":[""写作线"",""媒体线"",""晚年线""],""tags"":[""虽千万人，李敖往矣"",""哈囉李敖"",""微博"",""140字""],""people"":[""李敖""],""places"":[],""works"":[""虽千万人，李敖往矣"",""哈囉李敖""],""certainty"":""confirmed"",""source"":{""book"":""虽千万人，李敖往矣"",""chapter"":""043.2016年6月"",""path"":""《大李敖全集5.0》（wjm_tcy版）分章节/005.诗集语录类/005.虽千万人，李敖往矣/043.2016年6月.txt"",""line"":67,""lines"":[67,69]},""crossReferences"":[],""round"":""2026-07-11-sui-qianwan-li-ao-wangyi-daily-completion"",""dataFile"":""data/timeline-events-sui-qianwan-li-ao-wangyi.json""}"
"29142","2016","2016-06-18","2016年6月18日星期六","day","confirmed","李敖发微博谈“国民党伪外交部长出版《钱复回忆录》，泄露伪政府的亲美秘史外，也纪录…”","2016年6月18日，李敖在“哈囉李敖”微博发文：国民党伪外交部长出版《钱复回忆录》，泄露伪政府的亲美秘史外，也纪录了邓小平作弄美国总统卡特的故事：在卡特建议中国放宽移民后，邓小平很快答道：“你要移民吗？我可以马上送一千万来美国。”“吓得卡特立即乱以他语。”这故事暴露了美国多么伪君子！我把“迁徙自由”送给你，你都不敢接哟。","李敖","","虽千万人，李敖往矣、哈囉李敖、微博、140字","写作线、媒体线、晚年线","虽千万人，李敖往矣、哈囉李敖","","虽千万人，李敖往矣","043.2016年6月","71","《大李敖全集5.0》（wjm_tcy版）分章节/005.诗集语录类/005.虽千万人，李敖往矣/043.2016年6月.txt","","[]","data/timeline-events-sui-qianwan-li-ao-wangyi.json","sui-qianwan-2016-06-18-daily-weibo","{""id"":""sui-qianwan-2016-06-18-daily-weibo"",""date"":""2016-06-18"",""displayDate"":""2016年6月18日星期六"",""datePrecision"":""day"",""title"":""李敖发微博谈“国民党伪外交部长出版《钱复回忆录》，泄露伪政府的亲美秘史外，也纪录…”"",""summary"":""2016年6月18日，李敖在“哈囉李敖”微博发文：国民党伪外交部长出版《钱复回忆录》，泄露伪政府的亲美秘史外，也纪录了邓小平作弄美国总统卡特的故事：在卡特建议中国放宽移民后，邓小平很快答道：“你要移民吗？我可以马上送一千万来美国。”“吓得卡特立即乱以他语。”这故事暴露了美国多么伪君子！我把“迁徙自由”送给你，你都不敢接哟。"",""view"":[""写作线"",""媒体线"",""晚年线""],""tags"":[""虽千万人，李敖往矣"",""哈囉李敖"",""微博"",""140字""],""people"":[""李敖""],""places"":[],""works"":[""虽千万人，李敖往矣"",""哈囉李敖""],""certainty"":""confirmed"",""source"":{""book"":""虽千万人，李敖往矣"",""chapter"":""043.2016年6月"",""path"":""《大李敖全集5.0》（wjm_tcy版）分章节/005.诗集语录类/005.虽千万人，李敖往矣/043.2016年6月.txt"",""line"":71,""lines"":[71,73]},""crossReferences"":[],""round"":""2026-07-11-sui-qianwan-li-ao-wangyi-daily-completion"",""dataFile"":""data/timeline-events-sui-qianwan-li-ao-wangyi.json""}"
"29143","2016","2016-06-19","2016年6月19日星期日","day","confirmed","李敖发微博谈“翻到蔡英文16年前在立法院的答复，你会恍然”","2016年6月19日，李敖在“哈囉李敖”微博发文：翻到蔡英文16年前在立法院的答复，你会恍然。她公然说“两国论不能等同于台独”，“最不幸的是，它竟被解释与台独是同一件事。”多有趣啊！原来他们不是台独！他们只是紧抱中华民国不放的狗男女。跟认同中华民国的外省人并无不同，大家都是狗男女。你和他们一样还信中华民国吗？你这狗男女！","李敖","","虽千万人，李敖往矣、哈囉李敖、微博、140字","写作线、媒体线、晚年线","虽千万人，李敖往矣、哈囉李敖","","虽千万人，李敖往矣","043.2016年6月","75","《大李敖全集5.0》（wjm_tcy版）分章节/005.诗集语录类/005.虽千万人，李敖往矣/043.2016年6月.txt","","[]","data/timeline-events-sui-qianwan-li-ao-wangyi.json","sui-qianwan-2016-06-19-daily-weibo","{""id"":""sui-qianwan-2016-06-19-daily-weibo"",""date"":""2016-06-19"",""displayDate"":""2016年6月19日星期日"",""datePrecision"":""day"",""title"":""李敖发微博谈“翻到蔡英文16年前在立法院的答复，你会恍然”"",""summary"":""2016年6月19日，李敖在“哈囉李敖”微博发文：翻到蔡英文16年前在立法院的答复，你会恍然。她公然说“两国论不能等同于台独”，“最不幸的是，它竟被解释与台独是同一件事。”多有趣啊！原来他们不是台独！他们只是紧抱中华民国不放的狗男女。跟认同中华民国的外省人并无不同，大家都是狗男女。你和他们一样还信中华民国吗？你这狗男女！"",""view"":[""写作线"",""媒体线"",""晚年线""],""tags"":[""虽千万人，李敖往矣"",""哈囉李敖"",""微博"",""140字""],""people"":[""李敖""],""places"":[],""works"":[""虽千万人，李敖往矣"",""哈囉李敖""],""certainty"":""confirmed"",""source"":{""book"":""虽千万人，李敖往矣"",""chapter"":""043.2016年6月"",""path"":""《大李敖全集5.0》（wjm_tcy版）分章节/005.诗集语录类/005.虽千万人，李敖往矣/043.2016年6月.txt"",""line"":75,""lines"":[75,77]},""crossReferences"":[],""round"":""2026-07-11-sui-qianwan-li-ao-wangyi-daily-completion"",""dataFile"":""data/timeline-events-sui-qianwan-li-ao-wangyi.json""}"
"29144","2016","2016-06-20","2016年6月20日星期一","day","confirmed","李敖发微博谈“祖国，一个多么令人魂牵梦萦的词汇”","2016年6月20日，李敖在“哈囉李敖”微博发文：祖国，一个多么令人魂牵梦萦的词汇！从49年开始，离开我的祖国67年了。67年来，我的祖国从患失变成患得、从死于忧患变成生于忧患，我都被甩在海峡外面、变成旁观者了。祖国不需要我了、祖国查禁我了、祖国对我似曾相识却敬而远之了，魂牵梦萦变成魂飞魄散了。祖国这词汇依然招展，67年却太短了！","李敖","","虽千万人，李敖往矣、哈囉李敖、微博、140字","写作线、媒体线、晚年线","虽千万人，李敖往矣、哈囉李敖","","虽千万人，李敖往矣","043.2016年6月","79","《大李敖全集5.0》（wjm_tcy版）分章节/005.诗集语录类/005.虽千万人，李敖往矣/043.2016年6月.txt","","[]","data/timeline-events-sui-qianwan-li-ao-wangyi.json","sui-qianwan-2016-06-20-daily-weibo","{""id"":""sui-qianwan-2016-06-20-daily-weibo"",""date"":""2016-06-20"",""displayDate"":""2016年6月20日星期一"",""datePrecision"":""day"",""title"":""李敖发微博谈“祖国，一个多么令人魂牵梦萦的词汇”"",""summary"":""2016年6月20日，李敖在“哈囉李敖”微博发文：祖国，一个多么令人魂牵梦萦的词汇！从49年开始，离开我的祖国67年了。67年来，我的祖国从患失变成患得、从死于忧患变成生于忧患，我都被甩在海峡外面、变成旁观者了。祖国不需要我了、祖国查禁我了、祖国对我似曾相识却敬而远之了，魂牵梦萦变成魂飞魄散了。祖国这词汇依然招展，67年却太短了！"",""view"":[""写作线"",""媒体线"",""晚年线""],""tags"":[""虽千万人，李敖往矣"",""哈囉李敖"",""微博"",""140字""],""people"":[""李敖""],""places"":[],""works"":[""虽千万人，李敖往矣"",""哈囉李敖""],""certainty"":""confirmed"",""source"":{""book"":""虽千万人，李敖往矣"",""chapter"":""043.2016年6月"",""path"":""《大李敖全集5.0》（wjm_tcy版）分章节/005.诗集语录类/005.虽千万人，李敖往矣/043.2016年6月.txt"",""line"":79,""lines"":[79,81]},""crossReferences"":[],""round"":""2026-07-11-sui-qianwan-li-ao-wangyi-daily-completion"",""dataFile"":""data/timeline-events-sui-qianwan-li-ao-wangyi.json""}"
"29145","2016","2016-06-21","2016年6月21日星期二","day","confirmed","李敖发微博谈“祖国东南的小岛上，小鼻子小眼的，自外于祖国，把祖国叫“中国”，他们…”","2016年6月21日，李敖在“哈囉李敖”微博发文：祖国东南的小岛上，小鼻子小眼的，自外于祖国，把祖国叫“中国”，他们不要了；妙的是，另外一批小鼻子小眼的，霸占了祖国，自居“中国”而不疑，他们全要了。他们是一群恶棍，约翰生（S. Johnson）早就预言“爱国是恶棍的尾闾（last refuge）”。幸亏恶棍还爱国，中国人残余了眼睛和鼻子。","李敖","","虽千万人，李敖往矣、哈囉李敖、微博、140字","写作线、媒体线、晚年线","虽千万人，李敖往矣、哈囉李敖","","虽千万人，李敖往矣","043.2016年6月","83","《大李敖全集5.0》（wjm_tcy版）分章节/005.诗集语录类/005.虽千万人，李敖往矣/043.2016年6月.txt","","[]","data/timeline-events-sui-qianwan-li-ao-wangyi.json","sui-qianwan-2016-06-21-daily-weibo","{""id"":""sui-qianwan-2016-06-21-daily-weibo"",""date"":""2016-06-21"",""displayDate"":""2016年6月21日星期二"",""datePrecision"":""day"",""title"":""李敖发微博谈“祖国东南的小岛上，小鼻子小眼的，自外于祖国，把祖国叫“中国”，他们…”"",""summary"":""2016年6月21日，李敖在“哈囉李敖”微博发文：祖国东南的小岛上，小鼻子小眼的，自外于祖国，把祖国叫“中国”，他们不要了；妙的是，另外一批小鼻子小眼的，霸占了祖国，自居“中国”而不疑，他们全要了。他们是一群恶棍，约翰生（S. Johnson）早就预言“爱国是恶棍的尾闾（last refuge）”。幸亏恶棍还爱国，中国人残余了眼睛和鼻子。"",""view"":[""写作线"",""媒体线"",""晚年线""],""tags"":[""虽千万人，李敖往矣"",""哈囉李敖"",""微博"",""140字""],""people"":[""李敖""],""places"":[],""works"":[""虽千万人，李敖往矣"",""哈囉李敖""],""certainty"":""confirmed"",""source"":{""book"":""虽千万人，李敖往矣"",""chapter"":""043.2016年6月"",""path"":""《大李敖全集5.0》（wjm_tcy版）分章节/005.诗集语录类/005.虽千万人，李敖往矣/043.2016年6月.txt"",""line"":83,""lines"":[83,85]},""crossReferences"":[],""round"":""2026-07-11-sui-qianwan-li-ao-wangyi-daily-completion"",""dataFile"":""data/timeline-events-sui-qianwan-li-ao-wangyi.json""}"
"29146","2016","2016-06-22","2016年6月22日星期三","day","confirmed","李敖发微博谈“美国CNN做了一组电视：WHY THEY HATE US（为什么他…”","2016年6月22日，李敖在“哈囉李敖”微博发文：美国CNN做了一组电视：WHY THEY HATE US（为什么他们恨老美）。其实这是911以来的老问题。在911的熊熊火光中，汪汪泪眼的老美奔走相告，大惑不解的就在此。其实这问题给问反了。正确的问法是（为什么老美被他们恨）。自己祸害天下而不自知、别人与子偕亡而不自反，直到今天，还在迷糊呢。","李敖","","虽千万人，李敖往矣、哈囉李敖、微博、140字","写作线、媒体线、晚年线","虽千万人，李敖往矣、哈囉李敖","","虽千万人，李敖往矣","043.2016年6月","87","《大李敖全集5.0》（wjm_tcy版）分章节/005.诗集语录类/005.虽千万人，李敖往矣/043.2016年6月.txt","","[]","data/timeline-events-sui-qianwan-li-ao-wangyi.json","sui-qianwan-2016-06-22-daily-weibo","{""id"":""sui-qianwan-2016-06-22-daily-weibo"",""date"":""2016-06-22"",""displayDate"":""2016年6月22日星期三"",""datePrecision"":""day"",""title"":""李敖发微博谈“美国CNN做了一组电视：WHY THEY HATE US（为什么他…”"",""summary"":""2016年6月22日，李敖在“哈囉李敖”微博发文：美国CNN做了一组电视：WHY THEY HATE US（为什么他们恨老美）。其实这是911以来的老问题。在911的熊熊火光中，汪汪泪眼的老美奔走相告，大惑不解的就在此。其实这问题给问反了。正确的问法是（为什么老美被他们恨）。自己祸害天下而不自知、别人与子偕亡而不自反，直到今天，还在迷糊呢。"",""view"":[""写作线"",""媒体线"",""晚年线""],""tags"":[""虽千万人，李敖往矣"",""哈囉李敖"",""微博"",""140字""],""people"":[""李敖""],""places"":[],""works"":[""虽千万人，李敖往矣"",""哈囉李敖""],""certainty"":""confirmed"",""source"":{""book"":""虽千万人，李敖往矣"",""chapter"":""043.2016年6月"",""path"":""《大李敖全集5.0》（wjm_tcy版）分章节/005.诗集语录类/005.虽千万人，李敖往矣/043.2016年6月.txt"",""line"":87,""lines"":[87,89]},""crossReferences"":[],""round"":""2026-07-11-sui-qianwan-li-ao-wangyi-daily-completion"",""dataFile"":""data/timeline-events-sui-qianwan-li-ao-wangyi.json""}"
"29147","2016","2016-06-23","2016年6月23日星期四","day","confirmed","李敖发微博谈“国民党伪外交部长周书楷，有次吃错了药，大言“中华民国”如何如何，被…”","2016年6月23日，李敖在“哈囉李敖”微博发文：国民党伪外交部长周书楷，有次吃错了药，大言“中华民国”如何如何，被宋美龄当场打了一个耳光。蒋介石老婆提醒这奴才：“我就是中华民国！”比起法国路易十四 （Louis XIV）“朕即法国”而言，这贼婆子颇有古风。今天蔡英文偷走了中华民国，虽吻来吻去，但不敢据为己有。搞同性恋的脸皮太薄了！","李敖","","虽千万人，李敖往矣、哈囉李敖、微博、140字","写作线、媒体线、晚年线","虽千万人，李敖往矣、哈囉李敖","","虽千万人，李敖往矣","043.2016年6月","91","《大李敖全集5.0》（wjm_tcy版）分章节/005.诗集语录类/005.虽千万人，李敖往矣/043.2016年6月.txt","","[]","data/timeline-events-sui-qianwan-li-ao-wangyi.json","sui-qianwan-2016-06-23-daily-weibo","{""id"":""sui-qianwan-2016-06-23-daily-weibo"",""date"":""2016-06-23"",""displayDate"":""2016年6月23日星期四"",""datePrecision"":""day"",""title"":""李敖发微博谈“国民党伪外交部长周书楷，有次吃错了药，大言“中华民国”如何如何，被…”"",""summary"":""2016年6月23日，李敖在“哈囉李敖”微博发文：国民党伪外交部长周书楷，有次吃错了药，大言“中华民国”如何如何，被宋美龄当场打了一个耳光。蒋介石老婆提醒这奴才：“我就是中华民国！”比起法国路易十四 （Louis XIV）“朕即法国”而言，这贼婆子颇有古风。今天蔡英文偷走了中华民国，虽吻来吻去，但不敢据为己有。搞同性恋的脸皮太薄了！"",""view"":[""写作线"",""媒体线"",""晚年线""],""tags"":[""虽千万人，李敖往矣"",""哈囉李敖"",""微博"",""140字""],""people"":[""李敖""],""places"":[],""works"":[""虽千万人，李敖往矣"",""哈囉李敖""],""certainty"":""confirmed"",""source"":{""book"":""虽千万人，李敖往矣"",""chapter"":""043.2016年6月"",""path"":""《大李敖全集5.0》（wjm_tcy版）分章节/005.诗集语录类/005.虽千万人，李敖往矣/043.2016年6月.txt"",""line"":91,""lines"":[91,93]},""crossReferences"":[],""round"":""2026-07-11-sui-qianwan-li-ao-wangyi-daily-completion"",""dataFile"":""data/timeline-events-sui-qianwan-li-ao-wangyi.json""}"
"29148","2016","2016-06-24","2016年6月24日星期五","day","confirmed","李敖发微博谈“英国不讲道义，只讲利益”","2016年6月24日，李敖在“哈囉李敖”微博发文：英国不讲道义，只讲利益。它泥鳅，滑得你挡不住它、也抓不住它。几百年来，它在欧洲周旋，占尽便宜。但在拖美国下水上，却因国力衰退，得不偿失。今天中午“脱欧”成功了，进一步“脱美”成功，才算完成证果。英国是全世界最泥鳅的国家，但中国比泥鳅还泥鳅：中国不搞公投，老共没那么笨。","李敖","","虽千万人，李敖往矣、哈囉李敖、微博、140字","写作线、媒体线、晚年线","虽千万人，李敖往矣、哈囉李敖","","虽千万人，李敖往矣","043.2016年6月","95","《大李敖全集5.0》（wjm_tcy版）分章节/005.诗集语录类/005.虽千万人，李敖往矣/043.2016年6月.txt","","[]","data/timeline-events-sui-qianwan-li-ao-wangyi.json","sui-qianwan-2016-06-24-daily-weibo","{""id"":""sui-qianwan-2016-06-24-daily-weibo"",""date"":""2016-06-24"",""displayDate"":""2016年6月24日星期五"",""datePrecision"":""day"",""title"":""李敖发微博谈“英国不讲道义，只讲利益”"",""summary"":""2016年6月24日，李敖在“哈囉李敖”微博发文：英国不讲道义，只讲利益。它泥鳅，滑得你挡不住它、也抓不住它。几百年来，它在欧洲周旋，占尽便宜。但在拖美国下水上，却因国力衰退，得不偿失。今天中午“脱欧”成功了，进一步“脱美”成功，才算完成证果。英国是全世界最泥鳅的国家，但中国比泥鳅还泥鳅：中国不搞公投，老共没那么笨。"",""view"":[""写作线"",""媒体线"",""晚年线""],""tags"":[""虽千万人，李敖往矣"",""哈囉李敖"",""微博"",""140字""],""people"":[""李敖""],""places"":[],""works"":[""虽千万人，李敖往矣"",""哈囉李敖""],""certainty"":""confirmed"",""source"":{""book"":""虽千万人，李敖往矣"",""chapter"":""043.2016年6月"",""path"":""《大李敖全集5.0》（wjm_tcy版）分章节/005.诗集语录类/005.虽千万人，李敖往矣/043.2016年6月.txt"",""line"":95,""lines"":[95,97]},""crossReferences"":[],""round"":""2026-07-11-sui-qianwan-li-ao-wangyi-daily-completion"",""dataFile"":""data/timeline-events-sui-qianwan-li-ao-wangyi.json""}"
"29149","2016","2016-06-25","2016年6月25日星期六","day","confirmed","李敖发微博谈“大卫·贝克汉姆（David Beckham）以踢足球出名，雄纠于外…”","2016年6月25日，李敖在“哈囉李敖”微博发文：大卫·贝克汉姆（David Beckham）以踢足球出名，雄纠于外、草包于内。内外之间，两臂刺青以尽其俗，本不足道。唯在全身左侧刺了歪七扭八的8个中文：“生死有命，富贵由天”。细腻的中国文化跑到这英国老粗身上了，多好笑啊？这老粗昨天为“留欧”折翼，以其无知，挟中国文化一齐铩羽，真他妈的。","李敖","","虽千万人，李敖往矣、哈囉李敖、微博、140字","写作线、媒体线、晚年线","虽千万人，李敖往矣、哈囉李敖","","虽千万人，李敖往矣","043.2016年6月","99","《大李敖全集5.0》（wjm_tcy版）分章节/005.诗集语录类/005.虽千万人，李敖往矣/043.2016年6月.txt","","[]","data/timeline-events-sui-qianwan-li-ao-wangyi.json","sui-qianwan-2016-06-25-daily-weibo","{""id"":""sui-qianwan-2016-06-25-daily-weibo"",""date"":""2016-06-25"",""displayDate"":""2016年6月25日星期六"",""datePrecision"":""day"",""title"":""李敖发微博谈“大卫·贝克汉姆（David Beckham）以踢足球出名，雄纠于外…”"",""summary"":""2016年6月25日，李敖在“哈囉李敖”微博发文：大卫·贝克汉姆（David Beckham）以踢足球出名，雄纠于外、草包于内。内外之间，两臂刺青以尽其俗，本不足道。唯在全身左侧刺了歪七扭八的8个中文：“生死有命，富贵由天”。细腻的中国文化跑到这英国老粗身上了，多好笑啊？这老粗昨天为“留欧”折翼，以其无知，挟中国文化一齐铩羽，真他妈的。"",""view"":[""写作线"",""媒体线"",""晚年线""],""tags"":[""虽千万人，李敖往矣"",""哈囉李敖"",""微博"",""140字""],""people"":[""李敖""],""places"":[],""works"":[""虽千万人，李敖往矣"",""哈囉李敖""],""certainty"":""confirmed"",""source"":{""book"":""虽千万人，李敖往矣"",""chapter"":""043.2016年6月"",""path"":""《大李敖全集5.0》（wjm_tcy版）分章节/005.诗集语录类/005.虽千万人，李敖往矣/043.2016年6月.txt"",""line"":99,""lines"":[99,101]},""crossReferences"":[],""round"":""2026-07-11-sui-qianwan-li-ao-wangyi-daily-completion"",""dataFile"":""data/timeline-events-sui-qianwan-li-ao-wangyi.json""}"
"29150","2016","2016-06-26","2016年6月26日星期日","day","confirmed","李敖发微博谈“圣人的大道理是理想国、是乌托邦、是四海之内皆兄弟、是共产主义或各种…”","2016年6月26日，李敖在“哈囉李敖”微博发文：圣人的大道理是理想国、是乌托邦、是四海之内皆兄弟、是共产主义或各种主义。现代出现了危机，“地球”拒绝跟你折腾了、“地球”反了。人类不遑自寻生活路了，要面对自寻死路了。于是各国拼命抢资源，什么大道理都不谈了。“圣人不死，大盗不止”，圣人改行做大盗了，爱共产党吧，因为它最男盗。","李敖","","虽千万人，李敖往矣、哈囉李敖、微博、140字","写作线、媒体线、晚年线","虽千万人，李敖往矣、哈囉李敖","","虽千万人，李敖往矣","043.2016年6月","103","《大李敖全集5.0》（wjm_tcy版）分章节/005.诗集语录类/005.虽千万人，李敖往矣/043.2016年6月.txt","","[]","data/timeline-events-sui-qianwan-li-ao-wangyi.json","sui-qianwan-2016-06-26-daily-weibo","{""id"":""sui-qianwan-2016-06-26-daily-weibo"",""date"":""2016-06-26"",""displayDate"":""2016年6月26日星期日"",""datePrecision"":""day"",""title"":""李敖发微博谈“圣人的大道理是理想国、是乌托邦、是四海之内皆兄弟、是共产主义或各种…”"",""summary"":""2016年6月26日，李敖在“哈囉李敖”微博发文：圣人的大道理是理想国、是乌托邦、是四海之内皆兄弟、是共产主义或各种主义。现代出现了危机，“地球”拒绝跟你折腾了、“地球”反了。人类不遑自寻生活路了，要面对自寻死路了。于是各国拼命抢资源，什么大道理都不谈了。“圣人不死，大盗不止”，圣人改行做大盗了，爱共产党吧，因为它最男盗。"",""view"":[""写作线"",""媒体线"",""晚年线""],""tags"":[""虽千万人，李敖往矣"",""哈囉李敖"",""微博"",""140字""],""people"":[""李敖""],""places"":[],""works"":[""虽千万人，李敖往矣"",""哈囉李敖""],""certainty"":""confirmed"",""source"":{""book"":""虽千万人，李敖往矣"",""chapter"":""043.2016年6月"",""path"":""《大李敖全集5.0》（wjm_tcy版）分章节/005.诗集语录类/005.虽千万人，李敖往矣/043.2016年6月.txt"",""line"":103,""lines"":[103,105]},""crossReferences"":[],""round"":""2026-07-11-sui-qianwan-li-ao-wangyi-daily-completion"",""dataFile"":""data/timeline-events-sui-qianwan-li-ao-wangyi.json""}"
"29151","2016","2016-06-27","2016年6月27日星期一","day","confirmed","李敖发微博谈“欧洲这么乱，谁是祸首”","2016年6月27日，李敖在“哈囉李敖”微博发文：欧洲这么乱，谁是祸首？谁是祸头子？追根究柢，不是欧洲人，乃是美国人。美国破坏了欧洲的生态平衡，难民四窜。但它挡住难民来美，坐视欧洲鱼烂河决。它的狗腿英国吃不消了，用拖刀计脱离欧洲，但伸头挨一刀、缩头也挨一刀，世界大乱了。我们要认清美国是世界的祸源，问题不在欧洲呀。","李敖","","虽千万人，李敖往矣、哈囉李敖、微博、140字","写作线、媒体线、晚年线","虽千万人，李敖往矣、哈囉李敖","","虽千万人，李敖往矣","043.2016年6月","107","《大李敖全集5.0》（wjm_tcy版）分章节/005.诗集语录类/005.虽千万人，李敖往矣/043.2016年6月.txt","","[]","data/timeline-events-sui-qianwan-li-ao-wangyi.json","sui-qianwan-2016-06-27-daily-weibo","{""id"":""sui-qianwan-2016-06-27-daily-weibo"",""date"":""2016-06-27"",""displayDate"":""2016年6月27日星期一"",""datePrecision"":""day"",""title"":""李敖发微博谈“欧洲这么乱，谁是祸首”"",""summary"":""2016年6月27日，李敖在“哈囉李敖”微博发文：欧洲这么乱，谁是祸首？谁是祸头子？追根究柢，不是欧洲人，乃是美国人。美国破坏了欧洲的生态平衡，难民四窜。但它挡住难民来美，坐视欧洲鱼烂河决。它的狗腿英国吃不消了，用拖刀计脱离欧洲，但伸头挨一刀、缩头也挨一刀，世界大乱了。我们要认清美国是世界的祸源，问题不在欧洲呀。"",""view"":[""写作线"",""媒体线"",""晚年线""],""tags"":[""虽千万人，李敖往矣"",""哈囉李敖"",""微博"",""140字""],""people"":[""李敖""],""places"":[],""works"":[""虽千万人，李敖往矣"",""哈囉李敖""],""certainty"":""confirmed"",""source"":{""book"":""虽千万人，李敖往矣"",""chapter"":""043.2016年6月"",""path"":""《大李敖全集5.0》（wjm_tcy版）分章节/005.诗集语录类/005.虽千万人，李敖往矣/043.2016年6月.txt"",""line"":107,""lines"":[107,109]},""crossReferences"":[],""round"":""2026-07-11-sui-qianwan-li-ao-wangyi-daily-completion"",""dataFile"":""data/timeline-events-sui-qianwan-li-ao-wangyi.json""}"
"29152","2016","2016-06-28","2016年6月28日星期二","day","confirmed","陈平景来电问候身体，李敖说八十一岁后每天只能工作十五小时","《2016年6月》写，老友陈平景打电话问李敖身体，李敖说自己老了，每天不能工作16个小时；陈平景追问如今工作几小时，李敖答“每天只能工作15个小时了”。他并说81岁后把工作方式调整得更紧凑，计划中的几本大书要写完。","李敖、陈平景","台湾","陈平景、工作狂、八十一岁、写书、身体","健康线、写作线、交游线","虽千万人，李敖往矣","","虽千万人，李敖往矣","043.2016年6月","113","《大李敖全集5.0》（wjm_tcy版）分章节/005.诗集语录类/005.虽千万人，李敖往矣/043.2016年6月.txt","","[]","data/timeline-events-sui-qianwan-li-ao-wangyi.json","sui-qianwan-2016-06-28-chen-pingjing-calls-and-li-ao-says-works-fifteen-hours","{""id"":""sui-qianwan-2016-06-28-chen-pingjing-calls-and-li-ao-says-works-fifteen-hours"",""date"":""2016-06-28"",""displayDate"":""2016年6月28日星期二"",""datePrecision"":""day"",""title"":""陈平景来电问候身体，李敖说八十一岁后每天只能工作十五小时"",""summary"":""《2016年6月》写，老友陈平景打电话问李敖身体，李敖说自己老了，每天不能工作16个小时；陈平景追问如今工作几小时，李敖答“每天只能工作15个小时了”。他并说81岁后把工作方式调整得更紧凑，计划中的几本大书要写完。"",""view"":[""健康线"",""写作线"",""交游线""],""tags"":[""陈平景"",""工作狂"",""八十一岁"",""写书"",""身体""],""people"":[""李敖"",""陈平景""],""places"":[""台湾""],""works"":[""虽千万人，李敖往矣""],""certainty"":""confirmed"",""source"":{""book"":""虽千万人，李敖往矣"",""chapter"":""043.2016年6月"",""path"":""《大李敖全集5.0》（wjm_tcy版）分章节/005.诗集语录类/005.虽千万人，李敖往矣/043.2016年6月.txt"",""line"":113},""dataFile"":""data/timeline-events-sui-qianwan-li-ao-wangyi.json""}"
"29153","2016","2016-06-29","2016年6月29日星期三","day","confirmed","李敖发微博谈“40生日那天，在牢房，一个人面对孤单”","2016年6月29日，李敖在“哈囉李敖”微博发文：40生日那天，在牢房，一个人面对孤单；80生日那天，在饭店，一个人面对热闹。当事人没变，都是我，有一身傲骨、无满脸骄气；但内心深处，苍茫一片、一片苍茫。40岁时发现“千山我独行”；80 岁时发现“千山以外，万水我也独行”。前不见古人、后不见来者，内心以外，苍茫一片、一片苍茫。","李敖","","虽千万人，李敖往矣、哈囉李敖、微博、140字","写作线、媒体线、晚年线","虽千万人，李敖往矣、哈囉李敖","","虽千万人，李敖往矣","043.2016年6月","115","《大李敖全集5.0》（wjm_tcy版）分章节/005.诗集语录类/005.虽千万人，李敖往矣/043.2016年6月.txt","","[]","data/timeline-events-sui-qianwan-li-ao-wangyi.json","sui-qianwan-2016-06-29-daily-weibo","{""id"":""sui-qianwan-2016-06-29-daily-weibo"",""date"":""2016-06-29"",""displayDate"":""2016年6月29日星期三"",""datePrecision"":""day"",""title"":""李敖发微博谈“40生日那天，在牢房，一个人面对孤单”"",""summary"":""2016年6月29日，李敖在“哈囉李敖”微博发文：40生日那天，在牢房，一个人面对孤单；80生日那天，在饭店，一个人面对热闹。当事人没变，都是我，有一身傲骨、无满脸骄气；但内心深处，苍茫一片、一片苍茫。40岁时发现“千山我独行”；80 岁时发现“千山以外，万水我也独行”。前不见古人、后不见来者，内心以外，苍茫一片、一片苍茫。"",""view"":[""写作线"",""媒体线"",""晚年线""],""tags"":[""虽千万人，李敖往矣"",""哈囉李敖"",""微博"",""140字""],""people"":[""李敖""],""places"":[],""works"":[""虽千万人，李敖往矣"",""哈囉李敖""],""certainty"":""confirmed"",""source"":{""book"":""虽千万人，李敖往矣"",""chapter"":""043.2016年6月"",""path"":""《大李敖全集5.0》（wjm_tcy版）分章节/005.诗集语录类/005.虽千万人，李敖往矣/043.2016年6月.txt"",""line"":115,""lines"":[115,117]},""crossReferences"":[],""round"":""2026-07-11-sui-qianwan-li-ao-wangyi-daily-completion"",""dataFile"":""data/timeline-events-sui-qianwan-li-ao-wangyi.json""}"
"29154","2016","2016-06-30","2016年6月30日星期四","day","confirmed","李敖发微博谈“帝国主义有两种，旧式的志在杀人越货，为害有限”","2016年6月30日，李敖在“哈囉李敖”微博发文：帝国主义有两种，旧式的志在杀人越货，为害有限；新式的志不在杀人越货，而在假借“美式民主”吸走人才和通货，用麦当劳、口香糖、好莱坞大动声色，使你喜欢它，把你吸干抹尽。幸亏有回回、中国人、俄国人三大势力在挡它，但三大势力都无趣，对美帝，它们拔掉阴谋，却拔不掉阴毛。","李敖","","虽千万人，李敖往矣、哈囉李敖、微博、140字","写作线、媒体线、晚年线","虽千万人，李敖往矣、哈囉李敖","","虽千万人，李敖往矣","043.2016年6月","119","《大李敖全集5.0》（wjm_tcy版）分章节/005.诗集语录类/005.虽千万人，李敖往矣/043.2016年6月.txt","","[]","data/timeline-events-sui-qianwan-li-ao-wangyi.json","sui-qianwan-2016-06-30-daily-weibo","{""id"":""sui-qianwan-2016-06-30-daily-weibo"",""date"":""2016-06-30"",""displayDate"":""2016年6月30日星期四"",""datePrecision"":""day"",""title"":""李敖发微博谈“帝国主义有两种，旧式的志在杀人越货，为害有限”"",""summary"":""2016年6月30日，李敖在“哈囉李敖”微博发文：帝国主义有两种，旧式的志在杀人越货，为害有限；新式的志不在杀人越货，而在假借“美式民主”吸走人才和通货，用麦当劳、口香糖、好莱坞大动声色，使你喜欢它，把你吸干抹尽。幸亏有回回、中国人、俄国人三大势力在挡它，但三大势力都无趣，对美帝，它们拔掉阴谋，却拔不掉阴毛。"",""view"":[""写作线"",""媒体线"",""晚年线""],""tags"":[""虽千万人，李敖往矣"",""哈囉李敖"",""微博"",""140字""],""people"":[""李敖""],""places"":[],""works"":[""虽千万人，李敖往矣"",""哈囉李敖""],""certainty"":""confirmed"",""source"":{""book"":""虽千万人，李敖往矣"",""chapter"":""043.2016年6月"",""path"":""《大李敖全集5.0》（wjm_tcy版）分章节/005.诗集语录类/005.虽千万人，李敖往矣/043.2016年6月.txt"",""line"":119,""lines"":[119,121]},""crossReferences"":[],""round"":""2026-07-11-sui-qianwan-li-ao-wangyi-daily-completion"",""dataFile"":""data/timeline-events-sui-qianwan-li-ao-wangyi.json""}"
"29155","2016","2016-07-01","2016年7月1日星期五","day","confirmed","李敖发微博谈“有人为了漂亮，只要美丽，不要历史，所有漂亮女人都如此”","2016年7月1日，李敖在“哈囉李敖”微博发文：有人为了漂亮，只要美丽，不要历史，所有漂亮女人都如此；有人为了漂亮，只要光荣，也不要历史，所有丑陋政党也都如此。为什么不要历史？因为他们的历史太复杂了，真中有假、假中有真，真真假假，连他们自己都搞不清楚了。自建党以来，他们的谎话太多了，真的出现，他们自己都不敢相信了。","李敖","","虽千万人，李敖往矣、哈囉李敖、微博、140字","写作线、媒体线、晚年线","虽千万人，李敖往矣、哈囉李敖","","虽千万人，李敖往矣","044.2016年7月","3","《大李敖全集5.0》（wjm_tcy版）分章节/005.诗集语录类/005.虽千万人，李敖往矣/044.2016年7月.txt","","[]","data/timeline-events-sui-qianwan-li-ao-wangyi.json","sui-qianwan-2016-07-01-daily-weibo","{""id"":""sui-qianwan-2016-07-01-daily-weibo"",""date"":""2016-07-01"",""displayDate"":""2016年7月1日星期五"",""datePrecision"":""day"",""title"":""李敖发微博谈“有人为了漂亮，只要美丽，不要历史，所有漂亮女人都如此”"",""summary"":""2016年7月1日，李敖在“哈囉李敖”微博发文：有人为了漂亮，只要美丽，不要历史，所有漂亮女人都如此；有人为了漂亮，只要光荣，也不要历史，所有丑陋政党也都如此。为什么不要历史？因为他们的历史太复杂了，真中有假、假中有真，真真假假，连他们自己都搞不清楚了。自建党以来，他们的谎话太多了，真的出现，他们自己都不敢相信了。"",""view"":[""写作线"",""媒体线"",""晚年线""],""tags"":[""虽千万人，李敖往矣"",""哈囉李敖"",""微博"",""140字""],""people"":[""李敖""],""places"":[],""works"":[""虽千万人，李敖往矣"",""哈囉李敖""],""certainty"":""confirmed"",""source"":{""book"":""虽千万人，李敖往矣"",""chapter"":""044.2016年7月"",""path"":""《大李敖全集5.0》（wjm_tcy版）分章节/005.诗集语录类/005.虽千万人，李敖往矣/044.2016年7月.txt"",""line"":3,""lines"":[3,5]},""crossReferences"":[],""round"":""2026-07-11-sui-qianwan-li-ao-wangyi-daily-completion"",""dataFile"":""data/timeline-events-sui-qianwan-li-ao-wangyi.json""}"
"29156","2016","2016-07-02","2016年7月2日星期六","day","confirmed","李敖发微博谈“拿枪杆的夺权，常常在“党指挥枪”“政指挥枪”下败北，但弃甲曳兵，退…”","2016年7月2日，李敖在“哈囉李敖”微博发文：拿枪杆的夺权，常常在“党指挥枪”“政指挥枪”下败北，但弃甲曳兵，退居第二线，在密闭势力范围里，也自成王国。台湾情况尤其特殊：亡国之君加上败军之将、美国之犬加上日本之狗，67年下来，腐败不堪。这次飞弹“草螟（蚱蜢）弄鸡公”以为寿礼，北京哭笑不得。李敖主张台湾废武，可谓先知。","李敖","","虽千万人，李敖往矣、哈囉李敖、微博、140字","写作线、媒体线、晚年线","虽千万人，李敖往矣、哈囉李敖","","虽千万人，李敖往矣","044.2016年7月","7","《大李敖全集5.0》（wjm_tcy版）分章节/005.诗集语录类/005.虽千万人，李敖往矣/044.2016年7月.txt","","[]","data/timeline-events-sui-qianwan-li-ao-wangyi.json","sui-qianwan-2016-07-02-daily-weibo","{""id"":""sui-qianwan-2016-07-02-daily-weibo"",""date"":""2016-07-02"",""displayDate"":""2016年7月2日星期六"",""datePrecision"":""day"",""title"":""李敖发微博谈“拿枪杆的夺权，常常在“党指挥枪”“政指挥枪”下败北，但弃甲曳兵，退…”"",""summary"":""2016年7月2日，李敖在“哈囉李敖”微博发文：拿枪杆的夺权，常常在“党指挥枪”“政指挥枪”下败北，但弃甲曳兵，退居第二线，在密闭势力范围里，也自成王国。台湾情况尤其特殊：亡国之君加上败军之将、美国之犬加上日本之狗，67年下来，腐败不堪。这次飞弹“草螟（蚱蜢）弄鸡公”以为寿礼，北京哭笑不得。李敖主张台湾废武，可谓先知。"",""view"":[""写作线"",""媒体线"",""晚年线""],""tags"":[""虽千万人，李敖往矣"",""哈囉李敖"",""微博"",""140字""],""people"":[""李敖""],""places"":[],""works"":[""虽千万人，李敖往矣"",""哈囉李敖""],""certainty"":""confirmed"",""source"":{""book"":""虽千万人，李敖往矣"",""chapter"":""044.2016年7月"",""path"":""《大李敖全集5.0》（wjm_tcy版）分章节/005.诗集语录类/005.虽千万人，李敖往矣/044.2016年7月.txt"",""line"":7,""lines"":[7,9]},""crossReferences"":[],""round"":""2026-07-11-sui-qianwan-li-ao-wangyi-daily-completion"",""dataFile"":""data/timeline-events-sui-qianwan-li-ao-wangyi.json""}"
"29157","2016","2016-07-03","2016年7月3日星期日","day","confirmed","李敖发微博谈“拜读官方宣传品一册，期勉人民“以先进典型为标杆、以反面典型为镜鉴，…”","2016年7月3日，李敖在“哈囉李敖”微博发文：拜读官方宣传品一册，期勉人民“以先进典型为标杆、以反面典型为镜鉴，见贤思齐、见不贤而自省”。语重心长，只是高估了人民。文天祥正气歌里首先点出“典型在夙昔”，结果此公一死殉道。人民不敢见贤思齐或见不贤而自省了，因为你的伟大或贪污，我都沦为旁观者，中华人民旁观国，如此而已。","李敖","","虽千万人，李敖往矣、哈囉李敖、微博、140字","写作线、媒体线、晚年线","虽千万人，李敖往矣、哈囉李敖","","虽千万人，李敖往矣","044.2016年7月","11","《大李敖全集5.0》（wjm_tcy版）分章节/005.诗集语录类/005.虽千万人，李敖往矣/044.2016年7月.txt","","[]","data/timeline-events-sui-qianwan-li-ao-wangyi.json","sui-qianwan-2016-07-03-daily-weibo","{""id"":""sui-qianwan-2016-07-03-daily-weibo"",""date"":""2016-07-03"",""displayDate"":""2016年7月3日星期日"",""datePrecision"":""day"",""title"":""李敖发微博谈“拜读官方宣传品一册，期勉人民“以先进典型为标杆、以反面典型为镜鉴，…”"",""summary"":""2016年7月3日，李敖在“哈囉李敖”微博发文：拜读官方宣传品一册，期勉人民“以先进典型为标杆、以反面典型为镜鉴，见贤思齐、见不贤而自省”。语重心长，只是高估了人民。文天祥正气歌里首先点出“典型在夙昔”，结果此公一死殉道。人民不敢见贤思齐或见不贤而自省了，因为你的伟大或贪污，我都沦为旁观者，中华人民旁观国，如此而已。"",""view"":[""写作线"",""媒体线"",""晚年线""],""tags"":[""虽千万人，李敖往矣"",""哈囉李敖"",""微博"",""140字""],""people"":[""李敖""],""places"":[],""works"":[""虽千万人，李敖往矣"",""哈囉李敖""],""certainty"":""confirmed"",""source"":{""book"":""虽千万人，李敖往矣"",""chapter"":""044.2016年7月"",""path"":""《大李敖全集5.0》（wjm_tcy版）分章节/005.诗集语录类/005.虽千万人，李敖往矣/044.2016年7月.txt"",""line"":11,""lines"":[11,13]},""crossReferences"":[],""round"":""2026-07-11-sui-qianwan-li-ao-wangyi-daily-completion"",""dataFile"":""data/timeline-events-sui-qianwan-li-ao-wangyi.json""}"
"29158","2016","2016-07-04","2016年7月4日星期一","day","confirmed","李敖发微博谈“那一年代陈文茜主持电视，找蔡康永做来宾”","2016年7月4日，李敖在“哈囉李敖”微博发文：那一年代陈文茜主持电视，找蔡康永做来宾。谈笑间，我把小蔡逼到死角，他挣扎一阵，招认是GAY。但反讽我不清楚同性恋，以为同性恋就是搞屁眼。其实我对搞屁眼的定义是很考究的：搞的是“漂亮男生的屁眼”，丑类是不屑搞的。如今同性恋者多属丑类，我宁搞共产党，也不搞丑屁眼，特此发誓 。","李敖","","虽千万人，李敖往矣、哈囉李敖、微博、140字","写作线、媒体线、晚年线","虽千万人，李敖往矣、哈囉李敖","","虽千万人，李敖往矣","044.2016年7月","15","《大李敖全集5.0》（wjm_tcy版）分章节/005.诗集语录类/005.虽千万人，李敖往矣/044.2016年7月.txt","","[]","data/timeline-events-sui-qianwan-li-ao-wangyi.json","sui-qianwan-2016-07-04-daily-weibo","{""id"":""sui-qianwan-2016-07-04-daily-weibo"",""date"":""2016-07-04"",""displayDate"":""2016年7月4日星期一"",""datePrecision"":""day"",""title"":""李敖发微博谈“那一年代陈文茜主持电视，找蔡康永做来宾”"",""summary"":""2016年7月4日，李敖在“哈囉李敖”微博发文：那一年代陈文茜主持电视，找蔡康永做来宾。谈笑间，我把小蔡逼到死角，他挣扎一阵，招认是GAY。但反讽我不清楚同性恋，以为同性恋就是搞屁眼。其实我对搞屁眼的定义是很考究的：搞的是“漂亮男生的屁眼”，丑类是不屑搞的。如今同性恋者多属丑类，我宁搞共产党，也不搞丑屁眼，特此发誓 。"",""view"":[""写作线"",""媒体线"",""晚年线""],""tags"":[""虽千万人，李敖往矣"",""哈囉李敖"",""微博"",""140字""],""people"":[""李敖""],""places"":[],""works"":[""虽千万人，李敖往矣"",""哈囉李敖""],""certainty"":""confirmed"",""source"":{""book"":""虽千万人，李敖往矣"",""chapter"":""044.2016年7月"",""path"":""《大李敖全集5.0》（wjm_tcy版）分章节/005.诗集语录类/005.虽千万人，李敖往矣/044.2016年7月.txt"",""line"":15,""lines"":[15,17]},""crossReferences"":[],""round"":""2026-07-11-sui-qianwan-li-ao-wangyi-daily-completion"",""dataFile"":""data/timeline-events-sui-qianwan-li-ao-wangyi.json""}"
"29159","2016","2016-07-05","2016年7月5日星期二","day","confirmed","李敖发微博谈“哲学家不讨喜，是不干脆”","2016年7月5日，李敖在“哈囉李敖”微博发文：哲学家不讨喜，是不干脆；张大帅讨喜，是干脆，“以XX论”涵盖一切：援我以手的，以恩人论；帮我跑腿的，以朋友论；不帮我还说风凉话的，以敌人论；迟来又打开瓶盖的，以“天方夜谭”渔翁论。瓶中魔鬼所以要惩罚渔翁，因为孙悟空简讯过来：“救你出来对你并无好处：压在五行山下，最跩啦！”","李敖","","虽千万人，李敖往矣、哈囉李敖、微博、140字","写作线、媒体线、晚年线","虽千万人，李敖往矣、哈囉李敖","","虽千万人，李敖往矣","044.2016年7月","19","《大李敖全集5.0》（wjm_tcy版）分章节/005.诗集语录类/005.虽千万人，李敖往矣/044.2016年7月.txt","","[]","data/timeline-events-sui-qianwan-li-ao-wangyi.json","sui-qianwan-2016-07-05-daily-weibo","{""id"":""sui-qianwan-2016-07-05-daily-weibo"",""date"":""2016-07-05"",""displayDate"":""2016年7月5日星期二"",""datePrecision"":""day"",""title"":""李敖发微博谈“哲学家不讨喜，是不干脆”"",""summary"":""2016年7月5日，李敖在“哈囉李敖”微博发文：哲学家不讨喜，是不干脆；张大帅讨喜，是干脆，“以XX论”涵盖一切：援我以手的，以恩人论；帮我跑腿的，以朋友论；不帮我还说风凉话的，以敌人论；迟来又打开瓶盖的，以“天方夜谭”渔翁论。瓶中魔鬼所以要惩罚渔翁，因为孙悟空简讯过来：“救你出来对你并无好处：压在五行山下，最跩啦！”"",""view"":[""写作线"",""媒体线"",""晚年线""],""tags"":[""虽千万人，李敖往矣"",""哈囉李敖"",""微博"",""140字""],""people"":[""李敖""],""places"":[],""works"":[""虽千万人，李敖往矣"",""哈囉李敖""],""certainty"":""confirmed"",""source"":{""book"":""虽千万人，李敖往矣"",""chapter"":""044.2016年7月"",""path"":""《大李敖全集5.0》（wjm_tcy版）分章节/005.诗集语录类/005.虽千万人，李敖往矣/044.2016年7月.txt"",""line"":19,""lines"":[19,21]},""crossReferences"":[],""round"":""2026-07-11-sui-qianwan-li-ao-wangyi-daily-completion"",""dataFile"":""data/timeline-events-sui-qianwan-li-ao-wangyi.json""}"
"29160","2016","2016-07-06","2016年7月6日星期三","day","confirmed","李敖发微博谈“乡下小男孩钓青蛙，将一根绳子垂到草丛里，青蛙一见即咬住不放，为小男…”","2016年7月6日，李敖在“哈囉李敖”微博发文：乡下小男孩钓青蛙，将一根绳子垂到草丛里，青蛙一见即咬住不放，为小男孩垂绳可得。今天的“92共识”，本是李登辉下台前唆使走狗苏起向北京提出的障眼法，那天是2000年4月28日。笨共产党咬住不放，长达16年。聪明做法是不提“92共识”而径提“一个中国”。可惜笨青蛙想不通，咬错了绳子。","李敖","","虽千万人，李敖往矣、哈囉李敖、微博、140字","写作线、媒体线、晚年线","虽千万人，李敖往矣、哈囉李敖","","虽千万人，李敖往矣","044.2016年7月","23","《大李敖全集5.0》（wjm_tcy版）分章节/005.诗集语录类/005.虽千万人，李敖往矣/044.2016年7月.txt","","[]","data/timeline-events-sui-qianwan-li-ao-wangyi.json","sui-qianwan-2016-07-06-daily-weibo","{""id"":""sui-qianwan-2016-07-06-daily-weibo"",""date"":""2016-07-06"",""displayDate"":""2016年7月6日星期三"",""datePrecision"":""day"",""title"":""李敖发微博谈“乡下小男孩钓青蛙，将一根绳子垂到草丛里，青蛙一见即咬住不放，为小男…”"",""summary"":""2016年7月6日，李敖在“哈囉李敖”微博发文：乡下小男孩钓青蛙，将一根绳子垂到草丛里，青蛙一见即咬住不放，为小男孩垂绳可得。今天的“92共识”，本是李登辉下台前唆使走狗苏起向北京提出的障眼法，那天是2000年4月28日。笨共产党咬住不放，长达16年。聪明做法是不提“92共识”而径提“一个中国”。可惜笨青蛙想不通，咬错了绳子。"",""view"":[""写作线"",""媒体线"",""晚年线""],""tags"":[""虽千万人，李敖往矣"",""哈囉李敖"",""微博"",""140字""],""people"":[""李敖""],""places"":[],""works"":[""虽千万人，李敖往矣"",""哈囉李敖""],""certainty"":""confirmed"",""source"":{""book"":""虽千万人，李敖往矣"",""chapter"":""044.2016年7月"",""path"":""《大李敖全集5.0》（wjm_tcy版）分章节/005.诗集语录类/005.虽千万人，李敖往矣/044.2016年7月.txt"",""line"":23,""lines"":[23,25]},""crossReferences"":[],""round"":""2026-07-11-sui-qianwan-li-ao-wangyi-daily-completion"",""dataFile"":""data/timeline-events-sui-qianwan-li-ao-wangyi.json""}"
"29161","2016","2016-07-07","2016年7月7日星期四","day","confirmed","李敖发微博谈“说三国的都“遥想公瑾当年”，也遥想“一时多少豪杰”的当年，其实这只…”","2016年7月7日，李敖在“哈囉李敖”微博发文：说三国的都“遥想公瑾当年”，也遥想“一时多少豪杰”的当年，其实这只是骚人墨客的滥情戏，思想家是不会这样“羽扇纶巾”“赤壁怀古”的。思想家看到的是：赤壁之战破坏了中国统一，自208年到280年，长达72年之久！刘备、孙权自己无力统一又妨碍别人统一，皆大罪人也，诸葛大笨蛋也。","李敖","","虽千万人，李敖往矣、哈囉李敖、微博、140字","写作线、媒体线、晚年线","虽千万人，李敖往矣、哈囉李敖","","虽千万人，李敖往矣","044.2016年7月","27","《大李敖全集5.0》（wjm_tcy版）分章节/005.诗集语录类/005.虽千万人，李敖往矣/044.2016年7月.txt","","[]","data/timeline-events-sui-qianwan-li-ao-wangyi.json","sui-qianwan-2016-07-07-daily-weibo","{""id"":""sui-qianwan-2016-07-07-daily-weibo"",""date"":""2016-07-07"",""displayDate"":""2016年7月7日星期四"",""datePrecision"":""day"",""title"":""李敖发微博谈“说三国的都“遥想公瑾当年”，也遥想“一时多少豪杰”的当年，其实这只…”"",""summary"":""2016年7月7日，李敖在“哈囉李敖”微博发文：说三国的都“遥想公瑾当年”，也遥想“一时多少豪杰”的当年，其实这只是骚人墨客的滥情戏，思想家是不会这样“羽扇纶巾”“赤壁怀古”的。思想家看到的是：赤壁之战破坏了中国统一，自208年到280年，长达72年之久！刘备、孙权自己无力统一又妨碍别人统一，皆大罪人也，诸葛大笨蛋也。"",""view"":[""写作线"",""媒体线"",""晚年线""],""tags"":[""虽千万人，李敖往矣"",""哈囉李敖"",""微博"",""140字""],""people"":[""李敖""],""places"":[],""works"":[""虽千万人，李敖往矣"",""哈囉李敖""],""certainty"":""confirmed"",""source"":{""book"":""虽千万人，李敖往矣"",""chapter"":""044.2016年7月"",""path"":""《大李敖全集5.0》（wjm_tcy版）分章节/005.诗集语录类/005.虽千万人，李敖往矣/044.2016年7月.txt"",""line"":27,""lines"":[27,29]},""crossReferences"":[],""round"":""2026-07-11-sui-qianwan-li-ao-wangyi-daily-completion"",""dataFile"":""data/timeline-events-sui-qianwan-li-ao-wangyi.json""}"
"29162","2016","2016-07-08","2016年7月8日星期五","day","confirmed","李敖发微博谈“67年来，两岸极权集团，刍狗人民，灌输了杂七杂八许多教条”","2016年7月8日，李敖在“哈囉李敖”微博发文：67年来，两岸极权集团，刍狗人民，灌输了杂七杂八许多教条。时过境迁，教条发酵，不知何时何地冒出来，使人哭笑不得。49年蒋介石被打得鼻青眼肿后，以“军人魂”要求不朽、要求“战到一兵一卒”。蒋死后，台湾竟有“一兵一卒”独自按下飞弹按钮者，腾笑中外，蒋介石我武维扬，真不朽矣！","李敖","","虽千万人，李敖往矣、哈囉李敖、微博、140字","写作线、媒体线、晚年线","虽千万人，李敖往矣、哈囉李敖","","虽千万人，李敖往矣","044.2016年7月","31","《大李敖全集5.0》（wjm_tcy版）分章节/005.诗集语录类/005.虽千万人，李敖往矣/044.2016年7月.txt","","[]","data/timeline-events-sui-qianwan-li-ao-wangyi.json","sui-qianwan-2016-07-08-daily-weibo","{""id"":""sui-qianwan-2016-07-08-daily-weibo"",""date"":""2016-07-08"",""displayDate"":""2016年7月8日星期五"",""datePrecision"":""day"",""title"":""李敖发微博谈“67年来，两岸极权集团，刍狗人民，灌输了杂七杂八许多教条”"",""summary"":""2016年7月8日，李敖在“哈囉李敖”微博发文：67年来，两岸极权集团，刍狗人民，灌输了杂七杂八许多教条。时过境迁，教条发酵，不知何时何地冒出来，使人哭笑不得。49年蒋介石被打得鼻青眼肿后，以“军人魂”要求不朽、要求“战到一兵一卒”。蒋死后，台湾竟有“一兵一卒”独自按下飞弹按钮者，腾笑中外，蒋介石我武维扬，真不朽矣！"",""view"":[""写作线"",""媒体线"",""晚年线""],""tags"":[""虽千万人，李敖往矣"",""哈囉李敖"",""微博"",""140字""],""people"":[""李敖""],""places"":[],""works"":[""虽千万人，李敖往矣"",""哈囉李敖""],""certainty"":""confirmed"",""source"":{""book"":""虽千万人，李敖往矣"",""chapter"":""044.2016年7月"",""path"":""《大李敖全集5.0》（wjm_tcy版）分章节/005.诗集语录类/005.虽千万人，李敖往矣/044.2016年7月.txt"",""line"":31,""lines"":[31,33]},""crossReferences"":[],""round"":""2026-07-11-sui-qianwan-li-ao-wangyi-daily-completion"",""dataFile"":""data/timeline-events-sui-qianwan-li-ao-wangyi.json""}"
"29163","2016","2016-07-09","2016年7月9日星期六","day","confirmed","李敖在书房中提到藏有袁世凯时期政府公报","《2016年7月》写，2016年7月9日，李敖称自己“卧虎藏龙”，藏到不少东西，其中之一是袁世凯时期的政府公报；他由公报中大总统命令须国务卿副署，比较后来台湾政治制度的变化。","李敖、袁世凯","台湾","书房、袁世凯、政府公报、藏书","书房线、藏书线、文献线","虽千万人，李敖往矣","","虽千万人，李敖往矣","044.2016年7月","37","《大李敖全集5.0》（wjm_tcy版）分章节/005.诗集语录类/005.虽千万人，李敖往矣/044.2016年7月.txt","","[]","data/timeline-events-sui-qianwan-li-ao-wangyi.json","sui-qianwan-2016-07-09-notes-yuan-shikai-government-gazette-in-study","{""id"":""sui-qianwan-2016-07-09-notes-yuan-shikai-government-gazette-in-study"",""date"":""2016-07-09"",""displayDate"":""2016年7月9日星期六"",""datePrecision"":""day"",""title"":""李敖在书房中提到藏有袁世凯时期政府公报"",""summary"":""《2016年7月》写，2016年7月9日，李敖称自己“卧虎藏龙”，藏到不少东西，其中之一是袁世凯时期的政府公报；他由公报中大总统命令须国务卿副署，比较后来台湾政治制度的变化。"",""view"":[""书房线"",""藏书线"",""文献线""],""tags"":[""书房"",""袁世凯"",""政府公报"",""藏书""],""people"":[""李敖"",""袁世凯""],""places"":[""台湾""],""works"":[""虽千万人，李敖往矣""],""certainty"":""confirmed"",""source"":{""book"":""虽千万人，李敖往矣"",""chapter"":""044.2016年7月"",""path"":""《大李敖全集5.0》（wjm_tcy版）分章节/005.诗集语录类/005.虽千万人，李敖往矣/044.2016年7月.txt"",""line"":37},""dataFile"":""data/timeline-events-sui-qianwan-li-ao-wangyi.json""}"
"29164","2016","2016-07-10","2016年7月10日星期日","day","confirmed","李敖发微博谈“毛泽东，文抄公”","2016年7月10日，李敖在“哈囉李敖”微博发文：毛泽东，文抄公。事情不算大，但很有趣。他那句“天若有情天亦老”，是抄唐朝诗人李贺的；他那句“挖深洞、广积粮、不称霸”，是抄《明史》的；他那句1956年7月14日的名言“美国帝国主义是纸老虎”，“纸老虎”是抄1924年恽代英《怎样进行革命运动》的。真老虎真屌，32年后还咬你一口。","李敖","","虽千万人，李敖往矣、哈囉李敖、微博、140字","写作线、媒体线、晚年线","虽千万人，李敖往矣、哈囉李敖","","虽千万人，李敖往矣","044.2016年7月","39","《大李敖全集5.0》（wjm_tcy版）分章节/005.诗集语录类/005.虽千万人，李敖往矣/044.2016年7月.txt","","[]","data/timeline-events-sui-qianwan-li-ao-wangyi.json","sui-qianwan-2016-07-10-daily-weibo","{""id"":""sui-qianwan-2016-07-10-daily-weibo"",""date"":""2016-07-10"",""displayDate"":""2016年7月10日星期日"",""datePrecision"":""day"",""title"":""李敖发微博谈“毛泽东，文抄公”"",""summary"":""2016年7月10日，李敖在“哈囉李敖”微博发文：毛泽东，文抄公。事情不算大，但很有趣。他那句“天若有情天亦老”，是抄唐朝诗人李贺的；他那句“挖深洞、广积粮、不称霸”，是抄《明史》的；他那句1956年7月14日的名言“美国帝国主义是纸老虎”，“纸老虎”是抄1924年恽代英《怎样进行革命运动》的。真老虎真屌，32年后还咬你一口。"",""view"":[""写作线"",""媒体线"",""晚年线""],""tags"":[""虽千万人，李敖往矣"",""哈囉李敖"",""微博"",""140字""],""people"":[""李敖""],""places"":[],""works"":[""虽千万人，李敖往矣"",""哈囉李敖""],""certainty"":""confirmed"",""source"":{""book"":""虽千万人，李敖往矣"",""chapter"":""044.2016年7月"",""path"":""《大李敖全集5.0》（wjm_tcy版）分章节/005.诗集语录类/005.虽千万人，李敖往矣/044.2016年7月.txt"",""line"":39,""lines"":[39,41]},""crossReferences"":[],""round"":""2026-07-11-sui-qianwan-li-ao-wangyi-daily-completion"",""dataFile"":""data/timeline-events-sui-qianwan-li-ao-wangyi.json""}"
"29165","2016","2016-07-11","2016年7月11日星期一","day","confirmed","李敖发微博谈“中共中央文献研究室，2015年公布了《毛泽东题词题字手迹精选》，看…”","2016年7月11日，李敖在“哈囉李敖”微博发文：中共中央文献研究室，2015年公布了《毛泽东题词题字手迹精选》，看到毛泽东1950年赞美瞿秋白的话：“宁愿向刽子手的屠刀走去，不愿屈服。”21年后在《建国以来毛泽东文稿》第13册第243页中，却看到大骂瞿秋白“自首叛变了”的话。瞿秋白死一回，毛泽东白纸黑字郄有两端。政治需要呀！","李敖","","虽千万人，李敖往矣、哈囉李敖、微博、140字","写作线、媒体线、晚年线","虽千万人，李敖往矣、哈囉李敖","","虽千万人，李敖往矣","044.2016年7月","43","《大李敖全集5.0》（wjm_tcy版）分章节/005.诗集语录类/005.虽千万人，李敖往矣/044.2016年7月.txt","","[]","data/timeline-events-sui-qianwan-li-ao-wangyi.json","sui-qianwan-2016-07-11-daily-weibo","{""id"":""sui-qianwan-2016-07-11-daily-weibo"",""date"":""2016-07-11"",""displayDate"":""2016年7月11日星期一"",""datePrecision"":""day"",""title"":""李敖发微博谈“中共中央文献研究室，2015年公布了《毛泽东题词题字手迹精选》，看…”"",""summary"":""2016年7月11日，李敖在“哈囉李敖”微博发文：中共中央文献研究室，2015年公布了《毛泽东题词题字手迹精选》，看到毛泽东1950年赞美瞿秋白的话：“宁愿向刽子手的屠刀走去，不愿屈服。”21年后在《建国以来毛泽东文稿》第13册第243页中，却看到大骂瞿秋白“自首叛变了”的话。瞿秋白死一回，毛泽东白纸黑字郄有两端。政治需要呀！"",""view"":[""写作线"",""媒体线"",""晚年线""],""tags"":[""虽千万人，李敖往矣"",""哈囉李敖"",""微博"",""140字""],""people"":[""李敖""],""places"":[],""works"":[""虽千万人，李敖往矣"",""哈囉李敖""],""certainty"":""confirmed"",""source"":{""book"":""虽千万人，李敖往矣"",""chapter"":""044.2016年7月"",""path"":""《大李敖全集5.0》（wjm_tcy版）分章节/005.诗集语录类/005.虽千万人，李敖往矣/044.2016年7月.txt"",""line"":43,""lines"":[43,45]},""crossReferences"":[],""round"":""2026-07-11-sui-qianwan-li-ao-wangyi-daily-completion"",""dataFile"":""data/timeline-events-sui-qianwan-li-ao-wangyi.json""}"
"29166","2016","2016-07-12","2016年7月12日星期二","day","confirmed","李敖发微博谈“小市民忘记过去”","2016年7月12日，李敖在“哈囉李敖”微博发文：小市民忘记过去；共产党不好意思提到过去。其实，共产党使中国不再有弱国之悲、亡国之惨；共产党使中国没有叶名琛、没有李鸿章、没有章宗祥、没有王世杰；共产党使中国只有强奸没有轮奸、只有温饱没有饿殍、只有白天抓人没有“有吏夜捉人”，这都是进步和功劳。但它恶名昭彰，自己都没脸提了。","李敖","","虽千万人，李敖往矣、哈囉李敖、微博、140字","写作线、媒体线、晚年线","虽千万人，李敖往矣、哈囉李敖","","虽千万人，李敖往矣","044.2016年7月","47","《大李敖全集5.0》（wjm_tcy版）分章节/005.诗集语录类/005.虽千万人，李敖往矣/044.2016年7月.txt","","[]","data/timeline-events-sui-qianwan-li-ao-wangyi.json","sui-qianwan-2016-07-12-daily-weibo","{""id"":""sui-qianwan-2016-07-12-daily-weibo"",""date"":""2016-07-12"",""displayDate"":""2016年7月12日星期二"",""datePrecision"":""day"",""title"":""李敖发微博谈“小市民忘记过去”"",""summary"":""2016年7月12日，李敖在“哈囉李敖”微博发文：小市民忘记过去；共产党不好意思提到过去。其实，共产党使中国不再有弱国之悲、亡国之惨；共产党使中国没有叶名琛、没有李鸿章、没有章宗祥、没有王世杰；共产党使中国只有强奸没有轮奸、只有温饱没有饿殍、只有白天抓人没有“有吏夜捉人”，这都是进步和功劳。但它恶名昭彰，自己都没脸提了。"",""view"":[""写作线"",""媒体线"",""晚年线""],""tags"":[""虽千万人，李敖往矣"",""哈囉李敖"",""微博"",""140字""],""people"":[""李敖""],""places"":[],""works"":[""虽千万人，李敖往矣"",""哈囉李敖""],""certainty"":""confirmed"",""source"":{""book"":""虽千万人，李敖往矣"",""chapter"":""044.2016年7月"",""path"":""《大李敖全集5.0》（wjm_tcy版）分章节/005.诗集语录类/005.虽千万人，李敖往矣/044.2016年7月.txt"",""line"":47,""lines"":[47,49]},""crossReferences"":[],""round"":""2026-07-11-sui-qianwan-li-ao-wangyi-daily-completion"",""dataFile"":""data/timeline-events-sui-qianwan-li-ao-wangyi.json""}"
"29167","2016","2016-07-13","2016年7月13日星期三","day","confirmed","李敖发微博谈“一种政治把戏叫“养寇自重”，老是剿土匪、剿流寇，永远剿不完，因为不…”","2016年7月13日，李敖在“哈囉李敖”微博发文：一种政治把戏叫“养寇自重”，老是剿土匪、剿流寇，永远剿不完，因为不能剿完，完了就没戏唱了。司马懿当然知道前面是空城，但他不能进城抓诸葛亮，没了敌人就没了自己。但养寇会失控，美国养出了大尾苏联、大尾中国、大尾IS，弄得尾大不掉，头痛医脚脚痛医头，方寸大乱，我们有好戏看了。","李敖","","虽千万人，李敖往矣、哈囉李敖、微博、140字","写作线、媒体线、晚年线","虽千万人，李敖往矣、哈囉李敖","","虽千万人，李敖往矣","044.2016年7月","51","《大李敖全集5.0》（wjm_tcy版）分章节/005.诗集语录类/005.虽千万人，李敖往矣/044.2016年7月.txt","","[]","data/timeline-events-sui-qianwan-li-ao-wangyi.json","sui-qianwan-2016-07-13-daily-weibo","{""id"":""sui-qianwan-2016-07-13-daily-weibo"",""date"":""2016-07-13"",""displayDate"":""2016年7月13日星期三"",""datePrecision"":""day"",""title"":""李敖发微博谈“一种政治把戏叫“养寇自重”，老是剿土匪、剿流寇，永远剿不完，因为不…”"",""summary"":""2016年7月13日，李敖在“哈囉李敖”微博发文：一种政治把戏叫“养寇自重”，老是剿土匪、剿流寇，永远剿不完，因为不能剿完，完了就没戏唱了。司马懿当然知道前面是空城，但他不能进城抓诸葛亮，没了敌人就没了自己。但养寇会失控，美国养出了大尾苏联、大尾中国、大尾IS，弄得尾大不掉，头痛医脚脚痛医头，方寸大乱，我们有好戏看了。"",""view"":[""写作线"",""媒体线"",""晚年线""],""tags"":[""虽千万人，李敖往矣"",""哈囉李敖"",""微博"",""140字""],""people"":[""李敖""],""places"":[],""works"":[""虽千万人，李敖往矣"",""哈囉李敖""],""certainty"":""confirmed"",""source"":{""book"":""虽千万人，李敖往矣"",""chapter"":""044.2016年7月"",""path"":""《大李敖全集5.0》（wjm_tcy版）分章节/005.诗集语录类/005.虽千万人，李敖往矣/044.2016年7月.txt"",""line"":51,""lines"":[51,53]},""crossReferences"":[],""round"":""2026-07-11-sui-qianwan-li-ao-wangyi-daily-completion"",""dataFile"":""data/timeline-events-sui-qianwan-li-ao-wangyi.json""}"
"29168","2016","2016-07-14","2016年7月14日星期四","day","confirmed","陈文茜安排秘书 Vicky 每周三到李敖书房陪伴并协助剪贴","《2016年7月》写，李敖自称独来独往，把自己埋在像大坟一样的书房里，昼伏夜不出，整天没有电话也没人说话。陈文茜看不下去，每周三请秘书 Vicky 到书房来陪他；Vicky 又被李敖抓住做工，整天剪贴，从此书房每周三多了一个工作狂。","李敖、陈文茜、Vicky","李敖书房、台湾","陈文茜、Vicky、书房、剪贴、工作狂","书房线、交游线、日常线","虽千万人，李敖往矣","","虽千万人，李敖往矣","044.2016年7月","57","《大李敖全集5.0》（wjm_tcy版）分章节/005.诗集语录类/005.虽千万人，李敖往矣/044.2016年7月.txt","","[]","data/timeline-events-sui-qianwan-li-ao-wangyi.json","sui-qianwan-2016-07-14-chen-wenqian-sends-vicky-weekly-to-study","{""id"":""sui-qianwan-2016-07-14-chen-wenqian-sends-vicky-weekly-to-study"",""date"":""2016-07-14"",""displayDate"":""2016年7月14日星期四"",""datePrecision"":""day"",""title"":""陈文茜安排秘书 Vicky 每周三到李敖书房陪伴并协助剪贴"",""summary"":""《2016年7月》写，李敖自称独来独往，把自己埋在像大坟一样的书房里，昼伏夜不出，整天没有电话也没人说话。陈文茜看不下去，每周三请秘书 Vicky 到书房来陪他；Vicky 又被李敖抓住做工，整天剪贴，从此书房每周三多了一个工作狂。"",""view"":[""书房线"",""交游线"",""日常线""],""tags"":[""陈文茜"",""Vicky"",""书房"",""剪贴"",""工作狂""],""people"":[""李敖"",""陈文茜"",""Vicky""],""places"":[""李敖书房"",""台湾""],""works"":[""虽千万人，李敖往矣""],""certainty"":""confirmed"",""source"":{""book"":""虽千万人，李敖往矣"",""chapter"":""044.2016年7月"",""path"":""《大李敖全集5.0》（wjm_tcy版）分章节/005.诗集语录类/005.虽千万人，李敖往矣/044.2016年7月.txt"",""line"":57},""dataFile"":""data/timeline-events-sui-qianwan-li-ao-wangyi.json""}"
"29169","2016","2016-07-15","2016年7月15日星期五","day","confirmed","李敖发微博谈“美国得到歌剧《公主夜未眠》真传“谁都不许睡”，用“谁都不是岛”釜底…”","2016年7月15日，李敖在“哈囉李敖”微博发文：美国得到歌剧《公主夜未眠》真传“谁都不许睡”，用“谁都不是岛”釜底抽薪。不料祸延走狗台湾，连走狗的太平岛也给殒灭了。蒋介石做美国狗，丢了外蒙古；徒子徒孙做美国狗，丢了太平岛。这些卖国贼，他们不敢和自己人与虎谋皮，却甘愿把洋人引狼入室。狼虎之年，被美国一肏再肏，真是贱种呀！","李敖","","虽千万人，李敖往矣、哈囉李敖、微博、140字","写作线、媒体线、晚年线","虽千万人，李敖往矣、哈囉李敖","","虽千万人，李敖往矣","044.2016年7月","59","《大李敖全集5.0》（wjm_tcy版）分章节/005.诗集语录类/005.虽千万人，李敖往矣/044.2016年7月.txt","","[]","data/timeline-events-sui-qianwan-li-ao-wangyi.json","sui-qianwan-2016-07-15-daily-weibo","{""id"":""sui-qianwan-2016-07-15-daily-weibo"",""date"":""2016-07-15"",""displayDate"":""2016年7月15日星期五"",""datePrecision"":""day"",""title"":""李敖发微博谈“美国得到歌剧《公主夜未眠》真传“谁都不许睡”，用“谁都不是岛”釜底…”"",""summary"":""2016年7月15日，李敖在“哈囉李敖”微博发文：美国得到歌剧《公主夜未眠》真传“谁都不许睡”，用“谁都不是岛”釜底抽薪。不料祸延走狗台湾，连走狗的太平岛也给殒灭了。蒋介石做美国狗，丢了外蒙古；徒子徒孙做美国狗，丢了太平岛。这些卖国贼，他们不敢和自己人与虎谋皮，却甘愿把洋人引狼入室。狼虎之年，被美国一肏再肏，真是贱种呀！"",""view"":[""写作线"",""媒体线"",""晚年线""],""tags"":[""虽千万人，李敖往矣"",""哈囉李敖"",""微博"",""140字""],""people"":[""李敖""],""places"":[],""works"":[""虽千万人，李敖往矣"",""哈囉李敖""],""certainty"":""confirmed"",""source"":{""book"":""虽千万人，李敖往矣"",""chapter"":""044.2016年7月"",""path"":""《大李敖全集5.0》（wjm_tcy版）分章节/005.诗集语录类/005.虽千万人，李敖往矣/044.2016年7月.txt"",""line"":59,""lines"":[59,61]},""crossReferences"":[],""round"":""2026-07-11-sui-qianwan-li-ao-wangyi-daily-completion"",""dataFile"":""data/timeline-events-sui-qianwan-li-ao-wangyi.json""}"
"29170","2016","2016-07-16","2016年7月16日星期六","day","confirmed","李敖发微博谈“我表面上极有礼，但骨子里架子大，上电视尤其明显，我从不和别的来宾坐…”","2016年7月16日，李敖在“哈囉李敖”微博发文：我表面上极有礼，但骨子里架子大，上电视尤其明显，我从不和别的来宾坐在一起。电视台对我也敬而远之。三立电视的廖筱君每年会冒险犯难一次，一对一专访我，听听我的一家之言。我曾预言马英九会在下台前登上太平岛，结果不出所料。我判断他预知美国出卖台湾，他会做一次汉奸式告别，卸责了。","李敖","","虽千万人，李敖往矣、哈囉李敖、微博、140字","写作线、媒体线、晚年线","虽千万人，李敖往矣、哈囉李敖","","虽千万人，李敖往矣","044.2016年7月","63","《大李敖全集5.0》（wjm_tcy版）分章节/005.诗集语录类/005.虽千万人，李敖往矣/044.2016年7月.txt","","[]","data/timeline-events-sui-qianwan-li-ao-wangyi.json","sui-qianwan-2016-07-16-daily-weibo","{""id"":""sui-qianwan-2016-07-16-daily-weibo"",""date"":""2016-07-16"",""displayDate"":""2016年7月16日星期六"",""datePrecision"":""day"",""title"":""李敖发微博谈“我表面上极有礼，但骨子里架子大，上电视尤其明显，我从不和别的来宾坐…”"",""summary"":""2016年7月16日，李敖在“哈囉李敖”微博发文：我表面上极有礼，但骨子里架子大，上电视尤其明显，我从不和别的来宾坐在一起。电视台对我也敬而远之。三立电视的廖筱君每年会冒险犯难一次，一对一专访我，听听我的一家之言。我曾预言马英九会在下台前登上太平岛，结果不出所料。我判断他预知美国出卖台湾，他会做一次汉奸式告别，卸责了。"",""view"":[""写作线"",""媒体线"",""晚年线""],""tags"":[""虽千万人，李敖往矣"",""哈囉李敖"",""微博"",""140字""],""people"":[""李敖""],""places"":[],""works"":[""虽千万人，李敖往矣"",""哈囉李敖""],""certainty"":""confirmed"",""source"":{""book"":""虽千万人，李敖往矣"",""chapter"":""044.2016年7月"",""path"":""《大李敖全集5.0》（wjm_tcy版）分章节/005.诗集语录类/005.虽千万人，李敖往矣/044.2016年7月.txt"",""line"":63,""lines"":[63,65]},""crossReferences"":[],""round"":""2026-07-11-sui-qianwan-li-ao-wangyi-daily-completion"",""dataFile"":""data/timeline-events-sui-qianwan-li-ao-wangyi.json""}"
"29171","2016","2016-07-17","2016年7月17日星期日","day","confirmed","李敖发微博谈“勃起是一种实力展示，都是一样的”","2016年7月17日，李敖在“哈囉李敖”微博发文：勃起是一种实力展示，都是一样的；但不勃起时就见出高下了：一种是阴茎与睾丸同时下垂，窝在一起；一种是阴茎单独呈粗棍形下垂，与睾丸不窝在一起，虽不勃起，但也生气勃勃，展示出软实力。这就是美国。中国却自废武功了，甚至连李敖写的《阳痿美国》都给查禁了。在软实力上，共产党先阳痿了。","李敖","","虽千万人，李敖往矣、哈囉李敖、微博、140字","写作线、媒体线、晚年线","虽千万人，李敖往矣、哈囉李敖","","虽千万人，李敖往矣","044.2016年7月","67","《大李敖全集5.0》（wjm_tcy版）分章节/005.诗集语录类/005.虽千万人，李敖往矣/044.2016年7月.txt","","[]","data/timeline-events-sui-qianwan-li-ao-wangyi.json","sui-qianwan-2016-07-17-daily-weibo","{""id"":""sui-qianwan-2016-07-17-daily-weibo"",""date"":""2016-07-17"",""displayDate"":""2016年7月17日星期日"",""datePrecision"":""day"",""title"":""李敖发微博谈“勃起是一种实力展示，都是一样的”"",""summary"":""2016年7月17日，李敖在“哈囉李敖”微博发文：勃起是一种实力展示，都是一样的；但不勃起时就见出高下了：一种是阴茎与睾丸同时下垂，窝在一起；一种是阴茎单独呈粗棍形下垂，与睾丸不窝在一起，虽不勃起，但也生气勃勃，展示出软实力。这就是美国。中国却自废武功了，甚至连李敖写的《阳痿美国》都给查禁了。在软实力上，共产党先阳痿了。"",""view"":[""写作线"",""媒体线"",""晚年线""],""tags"":[""虽千万人，李敖往矣"",""哈囉李敖"",""微博"",""140字""],""people"":[""李敖""],""places"":[],""works"":[""虽千万人，李敖往矣"",""哈囉李敖""],""certainty"":""confirmed"",""source"":{""book"":""虽千万人，李敖往矣"",""chapter"":""044.2016年7月"",""path"":""《大李敖全集5.0》（wjm_tcy版）分章节/005.诗集语录类/005.虽千万人，李敖往矣/044.2016年7月.txt"",""line"":67,""lines"":[67,69]},""crossReferences"":[],""round"":""2026-07-11-sui-qianwan-li-ao-wangyi-daily-completion"",""dataFile"":""data/timeline-events-sui-qianwan-li-ao-wangyi.json""}"
"29172","2016","2016-07-18","2016年7月18日星期一","day","confirmed","李敖发微博谈“富兰克林讲过一个故事：清教徒从欧洲航向美洲，碰到海盗”","2016年7月18日，李敖在“哈囉李敖”微博发文：富兰克林讲过一个故事：清教徒从欧洲航向美洲，碰到海盗。清教徒吓得逃到船舱里，却对仆人大喊：“我们信仰和平，反对打仗；你们上去打呀！”如今，清教徒的后代美国人，拒绝了国际法、拒绝了批准联合国海洋法公约，逍遥国际法外，却反过头来要中国遵守国际法。原来清教徒的不要脸是祖传的！","李敖","","虽千万人，李敖往矣、哈囉李敖、微博、140字","写作线、媒体线、晚年线","虽千万人，李敖往矣、哈囉李敖","","虽千万人，李敖往矣","044.2016年7月","71","《大李敖全集5.0》（wjm_tcy版）分章节/005.诗集语录类/005.虽千万人，李敖往矣/044.2016年7月.txt","","[]","data/timeline-events-sui-qianwan-li-ao-wangyi.json","sui-qianwan-2016-07-18-daily-weibo","{""id"":""sui-qianwan-2016-07-18-daily-weibo"",""date"":""2016-07-18"",""displayDate"":""2016年7月18日星期一"",""datePrecision"":""day"",""title"":""李敖发微博谈“富兰克林讲过一个故事：清教徒从欧洲航向美洲，碰到海盗”"",""summary"":""2016年7月18日，李敖在“哈囉李敖”微博发文：富兰克林讲过一个故事：清教徒从欧洲航向美洲，碰到海盗。清教徒吓得逃到船舱里，却对仆人大喊：“我们信仰和平，反对打仗；你们上去打呀！”如今，清教徒的后代美国人，拒绝了国际法、拒绝了批准联合国海洋法公约，逍遥国际法外，却反过头来要中国遵守国际法。原来清教徒的不要脸是祖传的！"",""view"":[""写作线"",""媒体线"",""晚年线""],""tags"":[""虽千万人，李敖往矣"",""哈囉李敖"",""微博"",""140字""],""people"":[""李敖""],""places"":[],""works"":[""虽千万人，李敖往矣"",""哈囉李敖""],""certainty"":""confirmed"",""source"":{""book"":""虽千万人，李敖往矣"",""chapter"":""044.2016年7月"",""path"":""《大李敖全集5.0》（wjm_tcy版）分章节/005.诗集语录类/005.虽千万人，李敖往矣/044.2016年7月.txt"",""line"":71,""lines"":[71,73]},""crossReferences"":[],""round"":""2026-07-11-sui-qianwan-li-ao-wangyi-daily-completion"",""dataFile"":""data/timeline-events-sui-qianwan-li-ao-wangyi.json""}"
"29173","2016","2016-07-19","2016年7月19日星期二","day","confirmed","李敖发微博谈“民进党举办执政后全代会，新科中常委、中执委纷纷窜出”","2016年7月19日，李敖在“哈囉李敖”微博发文：民进党举办执政后全代会，新科中常委、中执委纷纷窜出。这种假民主的政党结构，本跟国民党学的、国民党又跟共产党学的、共产党又跟苏联老大哥学的、老大哥又跟老妖妇马克思学的。但老妖妇原案是中央执行委员多数制，并不同意你们几十个少数人夺权。结果老妖妇变成死胎了，你们变成怪胎了。","李敖","","虽千万人，李敖往矣、哈囉李敖、微博、140字","写作线、媒体线、晚年线","虽千万人，李敖往矣、哈囉李敖","","虽千万人，李敖往矣","044.2016年7月","75","《大李敖全集5.0》（wjm_tcy版）分章节/005.诗集语录类/005.虽千万人，李敖往矣/044.2016年7月.txt","","[]","data/timeline-events-sui-qianwan-li-ao-wangyi.json","sui-qianwan-2016-07-19-daily-weibo","{""id"":""sui-qianwan-2016-07-19-daily-weibo"",""date"":""2016-07-19"",""displayDate"":""2016年7月19日星期二"",""datePrecision"":""day"",""title"":""李敖发微博谈“民进党举办执政后全代会，新科中常委、中执委纷纷窜出”"",""summary"":""2016年7月19日，李敖在“哈囉李敖”微博发文：民进党举办执政后全代会，新科中常委、中执委纷纷窜出。这种假民主的政党结构，本跟国民党学的、国民党又跟共产党学的、共产党又跟苏联老大哥学的、老大哥又跟老妖妇马克思学的。但老妖妇原案是中央执行委员多数制，并不同意你们几十个少数人夺权。结果老妖妇变成死胎了，你们变成怪胎了。"",""view"":[""写作线"",""媒体线"",""晚年线""],""tags"":[""虽千万人，李敖往矣"",""哈囉李敖"",""微博"",""140字""],""people"":[""李敖""],""places"":[],""works"":[""虽千万人，李敖往矣"",""哈囉李敖""],""certainty"":""confirmed"",""source"":{""book"":""虽千万人，李敖往矣"",""chapter"":""044.2016年7月"",""path"":""《大李敖全集5.0》（wjm_tcy版）分章节/005.诗集语录类/005.虽千万人，李敖往矣/044.2016年7月.txt"",""line"":75,""lines"":[75,77]},""crossReferences"":[],""round"":""2026-07-11-sui-qianwan-li-ao-wangyi-daily-completion"",""dataFile"":""data/timeline-events-sui-qianwan-li-ao-wangyi.json""}"
"29174","2016","2016-07-20","2016年7月20日星期三","day","confirmed","李敖发微博谈“1945年，台湾投入祖国的怀抱”","2016年7月20日，李敖在“哈囉李敖”微博发文：1945年，台湾投入祖国的怀抱；1949年，祖国投入台湾的怀抱。这祖国就是阴魂不散的“中华民国”。现实的台湾人把祖国切成3段：“中华民国”到台湾、“中华民国”在台湾、“中华民国”是台湾，接收了黄金、故宫傥来之财，也接收了太平岛飞来之祸。但太平岛是大国的，台湾太小了、保不住它了。","李敖","","虽千万人，李敖往矣、哈囉李敖、微博、140字","写作线、媒体线、晚年线","虽千万人，李敖往矣、哈囉李敖","","虽千万人，李敖往矣","044.2016年7月","79","《大李敖全集5.0》（wjm_tcy版）分章节/005.诗集语录类/005.虽千万人，李敖往矣/044.2016年7月.txt","","[]","data/timeline-events-sui-qianwan-li-ao-wangyi.json","sui-qianwan-2016-07-20-daily-weibo","{""id"":""sui-qianwan-2016-07-20-daily-weibo"",""date"":""2016-07-20"",""displayDate"":""2016年7月20日星期三"",""datePrecision"":""day"",""title"":""李敖发微博谈“1945年，台湾投入祖国的怀抱”"",""summary"":""2016年7月20日，李敖在“哈囉李敖”微博发文：1945年，台湾投入祖国的怀抱；1949年，祖国投入台湾的怀抱。这祖国就是阴魂不散的“中华民国”。现实的台湾人把祖国切成3段：“中华民国”到台湾、“中华民国”在台湾、“中华民国”是台湾，接收了黄金、故宫傥来之财，也接收了太平岛飞来之祸。但太平岛是大国的，台湾太小了、保不住它了。"",""view"":[""写作线"",""媒体线"",""晚年线""],""tags"":[""虽千万人，李敖往矣"",""哈囉李敖"",""微博"",""140字""],""people"":[""李敖""],""places"":[],""works"":[""虽千万人，李敖往矣"",""哈囉李敖""],""certainty"":""confirmed"",""source"":{""book"":""虽千万人，李敖往矣"",""chapter"":""044.2016年7月"",""path"":""《大李敖全集5.0》（wjm_tcy版）分章节/005.诗集语录类/005.虽千万人，李敖往矣/044.2016年7月.txt"",""line"":79,""lines"":[79,81]},""crossReferences"":[],""round"":""2026-07-11-sui-qianwan-li-ao-wangyi-daily-completion"",""dataFile"":""data/timeline-events-sui-qianwan-li-ao-wangyi.json""}"
"29175","2016","2016-07-21","2016年7月21日星期四","day","confirmed","刘辰旦来访，与李敖聊四十年前难友王伟中旧事","《2016年7月》写，难友刘辰旦来找李敖聊天，谈起40年前往事，并问李敖是否记得同住五房的王伟中。刘辰旦转述王伟中出狱后回家、妻子为救他改嫁当年整他之人、王伟中醒悟后出家的故事。","李敖、刘辰旦、王伟中","台湾","刘辰旦、王伟中、难友、狱友、旧事","交游线、司法线、晚年线","虽千万人，李敖往矣","","虽千万人，李敖往矣","044.2016年7月","85","《大李敖全集5.0》（wjm_tcy版）分章节/005.诗集语录类/005.虽千万人，李敖往矣/044.2016年7月.txt","","[]","data/timeline-events-sui-qianwan-li-ao-wangyi.json","sui-qianwan-2016-07-21-liu-chendan-visits-and-talks-prison-past","{""id"":""sui-qianwan-2016-07-21-liu-chendan-visits-and-talks-prison-past"",""date"":""2016-07-21"",""displayDate"":""2016年7月21日星期四"",""datePrecision"":""day"",""title"":""刘辰旦来访，与李敖聊四十年前难友王伟中旧事"",""summary"":""《2016年7月》写，难友刘辰旦来找李敖聊天，谈起40年前往事，并问李敖是否记得同住五房的王伟中。刘辰旦转述王伟中出狱后回家、妻子为救他改嫁当年整他之人、王伟中醒悟后出家的故事。"",""view"":[""交游线"",""司法线"",""晚年线""],""tags"":[""刘辰旦"",""王伟中"",""难友"",""狱友"",""旧事""],""people"":[""李敖"",""刘辰旦"",""王伟中""],""places"":[""台湾""],""works"":[""虽千万人，李敖往矣""],""certainty"":""confirmed"",""source"":{""book"":""虽千万人，李敖往矣"",""chapter"":""044.2016年7月"",""path"":""《大李敖全集5.0》（wjm_tcy版）分章节/005.诗集语录类/005.虽千万人，李敖往矣/044.2016年7月.txt"",""line"":85},""dataFile"":""data/timeline-events-sui-qianwan-li-ao-wangyi.json""}"
"29176","2016","2016-07-22","2016年7月22日星期五","day","confirmed","李敖发微博谈“从“杀婴”（infanticide）到“溺女”，到1793年洪亮吉…”","2016年7月22日，李敖在“哈囉李敖”微博发文：从“杀婴”（infanticide）到“溺女”，到1793年洪亮吉、1798年马尔萨斯（Malthus）的深忧，都无法解决人口问题。但是，避孕药、“不敢生”、“不要生”舒缓了它。人民自己不生比政府不准生毕竟有所不同。“人多好办事”，“小国寡民”就不能成其大，要强国，就别操心了，人民自己会打小算盘。","李敖","","虽千万人，李敖往矣、哈囉李敖、微博、140字","写作线、媒体线、晚年线","虽千万人，李敖往矣、哈囉李敖","","虽千万人，李敖往矣","044.2016年7月","87","《大李敖全集5.0》（wjm_tcy版）分章节/005.诗集语录类/005.虽千万人，李敖往矣/044.2016年7月.txt","","[]","data/timeline-events-sui-qianwan-li-ao-wangyi.json","sui-qianwan-2016-07-22-daily-weibo","{""id"":""sui-qianwan-2016-07-22-daily-weibo"",""date"":""2016-07-22"",""displayDate"":""2016年7月22日星期五"",""datePrecision"":""day"",""title"":""李敖发微博谈“从“杀婴”（infanticide）到“溺女”，到1793年洪亮吉…”"",""summary"":""2016年7月22日，李敖在“哈囉李敖”微博发文：从“杀婴”（infanticide）到“溺女”，到1793年洪亮吉、1798年马尔萨斯（Malthus）的深忧，都无法解决人口问题。但是，避孕药、“不敢生”、“不要生”舒缓了它。人民自己不生比政府不准生毕竟有所不同。“人多好办事”，“小国寡民”就不能成其大，要强国，就别操心了，人民自己会打小算盘。"",""view"":[""写作线"",""媒体线"",""晚年线""],""tags"":[""虽千万人，李敖往矣"",""哈囉李敖"",""微博"",""140字""],""people"":[""李敖""],""places"":[],""works"":[""虽千万人，李敖往矣"",""哈囉李敖""],""certainty"":""confirmed"",""source"":{""book"":""虽千万人，李敖往矣"",""chapter"":""044.2016年7月"",""path"":""《大李敖全集5.0》（wjm_tcy版）分章节/005.诗集语录类/005.虽千万人，李敖往矣/044.2016年7月.txt"",""line"":87,""lines"":[87,89]},""crossReferences"":[],""round"":""2026-07-11-sui-qianwan-li-ao-wangyi-daily-completion"",""dataFile"":""data/timeline-events-sui-qianwan-li-ao-wangyi.json""}"
"29177","2016","2016-07-23","2016年7月23日星期六","day","confirmed","李敖发微博谈“卡通电影的主题之一是：大恶狼老想抓到小老鼠，但阴错阳差，总抓不到”","2016年7月23日，李敖在“哈囉李敖”微博发文：卡通电影的主题之一是：大恶狼老想抓到小老鼠，但阴错阳差，总抓不到。大恶狼不该那么笨，但下场就是那么笨。现在弄清楚了：原来上了自己人的当。自己人都是“陈云林之流”，他们抱住姓连的，失掉台湾人心。如今又想抱姓蔡的。歹戏拖棚，一拖67年而狼狈不得统一，为天下笑。还相信自己人吗？","李敖","","虽千万人，李敖往矣、哈囉李敖、微博、140字","写作线、媒体线、晚年线","虽千万人，李敖往矣、哈囉李敖","","虽千万人，李敖往矣","044.2016年7月","91","《大李敖全集5.0》（wjm_tcy版）分章节/005.诗集语录类/005.虽千万人，李敖往矣/044.2016年7月.txt","","[]","data/timeline-events-sui-qianwan-li-ao-wangyi.json","sui-qianwan-2016-07-23-daily-weibo","{""id"":""sui-qianwan-2016-07-23-daily-weibo"",""date"":""2016-07-23"",""displayDate"":""2016年7月23日星期六"",""datePrecision"":""day"",""title"":""李敖发微博谈“卡通电影的主题之一是：大恶狼老想抓到小老鼠，但阴错阳差，总抓不到”"",""summary"":""2016年7月23日，李敖在“哈囉李敖”微博发文：卡通电影的主题之一是：大恶狼老想抓到小老鼠，但阴错阳差，总抓不到。大恶狼不该那么笨，但下场就是那么笨。现在弄清楚了：原来上了自己人的当。自己人都是“陈云林之流”，他们抱住姓连的，失掉台湾人心。如今又想抱姓蔡的。歹戏拖棚，一拖67年而狼狈不得统一，为天下笑。还相信自己人吗？"",""view"":[""写作线"",""媒体线"",""晚年线""],""tags"":[""虽千万人，李敖往矣"",""哈囉李敖"",""微博"",""140字""],""people"":[""李敖""],""places"":[],""works"":[""虽千万人，李敖往矣"",""哈囉李敖""],""certainty"":""confirmed"",""source"":{""book"":""虽千万人，李敖往矣"",""chapter"":""044.2016年7月"",""path"":""《大李敖全集5.0》（wjm_tcy版）分章节/005.诗集语录类/005.虽千万人，李敖往矣/044.2016年7月.txt"",""line"":91,""lines"":[91,93]},""crossReferences"":[],""round"":""2026-07-11-sui-qianwan-li-ao-wangyi-daily-completion"",""dataFile"":""data/timeline-events-sui-qianwan-li-ao-wangyi.json""}"
"29178","2016","2016-07-24","2016年7月24日星期日","day","confirmed","李敖发微博谈“所谓中华民国，国祚从1912到1949，共38年”","2016年7月24日，李敖在“哈囉李敖”微博发文：所谓中华民国，国祚从1912到1949，共38年。亡国后，国号被僵尸政权利用，从1949到今天，共67年。冥寿竟比阳寿还长，真无耻！国民党说“中华民国是我”；民进党说“我是中华民国”，骗老共说“中华民国”是中国；骗世界说“中华民国”是台湾。实际上，什么都不是，只是一只变形虫。","李敖","","虽千万人，李敖往矣、哈囉李敖、微博、140字","写作线、媒体线、晚年线","虽千万人，李敖往矣、哈囉李敖","","虽千万人，李敖往矣","044.2016年7月","95","《大李敖全集5.0》（wjm_tcy版）分章节/005.诗集语录类/005.虽千万人，李敖往矣/044.2016年7月.txt","","[]","data/timeline-events-sui-qianwan-li-ao-wangyi.json","sui-qianwan-2016-07-24-daily-weibo","{""id"":""sui-qianwan-2016-07-24-daily-weibo"",""date"":""2016-07-24"",""displayDate"":""2016年7月24日星期日"",""datePrecision"":""day"",""title"":""李敖发微博谈“所谓中华民国，国祚从1912到1949，共38年”"",""summary"":""2016年7月24日，李敖在“哈囉李敖”微博发文：所谓中华民国，国祚从1912到1949，共38年。亡国后，国号被僵尸政权利用，从1949到今天，共67年。冥寿竟比阳寿还长，真无耻！国民党说“中华民国是我”；民进党说“我是中华民国”，骗老共说“中华民国”是中国；骗世界说“中华民国”是台湾。实际上，什么都不是，只是一只变形虫。"",""view"":[""写作线"",""媒体线"",""晚年线""],""tags"":[""虽千万人，李敖往矣"",""哈囉李敖"",""微博"",""140字""],""people"":[""李敖""],""places"":[],""works"":[""虽千万人，李敖往矣"",""哈囉李敖""],""certainty"":""confirmed"",""source"":{""book"":""虽千万人，李敖往矣"",""chapter"":""044.2016年7月"",""path"":""《大李敖全集5.0》（wjm_tcy版）分章节/005.诗集语录类/005.虽千万人，李敖往矣/044.2016年7月.txt"",""line"":95,""lines"":[95,97]},""crossReferences"":[],""round"":""2026-07-11-sui-qianwan-li-ao-wangyi-daily-completion"",""dataFile"":""data/timeline-events-sui-qianwan-li-ao-wangyi.json""}"
"29179","2016","2016-07-25","2016年7月25日星期一","day","confirmed","李敖发微博谈“那年做电视节目，要看看《南京条约》正本”","2016年7月25日，李敖在“哈囉李敖”微博发文：那年做电视节目，要看看《南京条约》正本。台北故宫博物院周功鑫院长陪我，郑重把条约推到我面前。透过露出指尖的手套，我用指尖轻触了条约边缘，国耻凄凉，历历在目。170年前，祖国丢了香港；170年后，香港丢了祖国。港仔太现实了，不慎终追远；但祖国是亲娘，摆臭脸晒臭脚也不对啊。","李敖","","虽千万人，李敖往矣、哈囉李敖、微博、140字","写作线、媒体线、晚年线","虽千万人，李敖往矣、哈囉李敖","","虽千万人，李敖往矣","044.2016年7月","99","《大李敖全集5.0》（wjm_tcy版）分章节/005.诗集语录类/005.虽千万人，李敖往矣/044.2016年7月.txt","","[]","data/timeline-events-sui-qianwan-li-ao-wangyi.json","sui-qianwan-2016-07-25-daily-weibo","{""id"":""sui-qianwan-2016-07-25-daily-weibo"",""date"":""2016-07-25"",""displayDate"":""2016年7月25日星期一"",""datePrecision"":""day"",""title"":""李敖发微博谈“那年做电视节目，要看看《南京条约》正本”"",""summary"":""2016年7月25日，李敖在“哈囉李敖”微博发文：那年做电视节目，要看看《南京条约》正本。台北故宫博物院周功鑫院长陪我，郑重把条约推到我面前。透过露出指尖的手套，我用指尖轻触了条约边缘，国耻凄凉，历历在目。170年前，祖国丢了香港；170年后，香港丢了祖国。港仔太现实了，不慎终追远；但祖国是亲娘，摆臭脸晒臭脚也不对啊。"",""view"":[""写作线"",""媒体线"",""晚年线""],""tags"":[""虽千万人，李敖往矣"",""哈囉李敖"",""微博"",""140字""],""people"":[""李敖""],""places"":[],""works"":[""虽千万人，李敖往矣"",""哈囉李敖""],""certainty"":""confirmed"",""source"":{""book"":""虽千万人，李敖往矣"",""chapter"":""044.2016年7月"",""path"":""《大李敖全集5.0》（wjm_tcy版）分章节/005.诗集语录类/005.虽千万人，李敖往矣/044.2016年7月.txt"",""line"":99,""lines"":[99,101]},""crossReferences"":[],""round"":""2026-07-11-sui-qianwan-li-ao-wangyi-daily-completion"",""dataFile"":""data/timeline-events-sui-qianwan-li-ao-wangyi.json""}"
"29180","2016","2016-07-26","2016年7月26日星期二","day","confirmed","李敖因朋友开刀与化疗感触，写出一首病后歪诗","《2016年7月》写，三年来，李敖有两个朋友做摄护腺开刀，一人死于化疗；他想到自己被“上帝大了我又小了我”，怒而写诗，诗中直写自己开刀后的衰老与身体变化。此条补出晚年健康经验转入诗句的日常写作。","李敖","台湾","前列腺、开刀、化疗、写诗、晚年身体","健康线、写作线、晚年线","虽千万人，李敖往矣","","虽千万人，李敖往矣","044.2016年7月","105","《大李敖全集5.0》（wjm_tcy版）分章节/005.诗集语录类/005.虽千万人，李敖往矣/044.2016年7月.txt","","[]","data/timeline-events-sui-qianwan-li-ao-wangyi.json","sui-qianwan-2016-07-26-writes-poem-after-prostate-surgery-and-chemotherapy-thoughts","{""id"":""sui-qianwan-2016-07-26-writes-poem-after-prostate-surgery-and-chemotherapy-thoughts"",""date"":""2016-07-26"",""displayDate"":""2016年7月26日星期二"",""datePrecision"":""day"",""title"":""李敖因朋友开刀与化疗感触，写出一首病后歪诗"",""summary"":""《2016年7月》写，三年来，李敖有两个朋友做摄护腺开刀，一人死于化疗；他想到自己被“上帝大了我又小了我”，怒而写诗，诗中直写自己开刀后的衰老与身体变化。此条补出晚年健康经验转入诗句的日常写作。"",""view"":[""健康线"",""写作线"",""晚年线""],""tags"":[""前列腺"",""开刀"",""化疗"",""写诗"",""晚年身体""],""people"":[""李敖""],""places"":[""台湾""],""works"":[""虽千万人，李敖往矣""],""certainty"":""confirmed"",""source"":{""book"":""虽千万人，李敖往矣"",""chapter"":""044.2016年7月"",""path"":""《大李敖全集5.0》（wjm_tcy版）分章节/005.诗集语录类/005.虽千万人，李敖往矣/044.2016年7月.txt"",""line"":105},""dataFile"":""data/timeline-events-sui-qianwan-li-ao-wangyi.json""}"
"29181","2016","2016-07-27","2016年7月27日星期三","day","confirmed","李敖发微博谈“人工智能是令人憧憬的境界，但科学家退步了，因为他们只能在机器人身上…”","2016年7月27日，李敖在“哈囉李敖”微博发文：人工智能是令人憧憬的境界，但科学家退步了，因为他们只能在机器人身上打转，端茶、送饭、做苦工、拆炸弹、下西洋棋、或像日本人虚情假意的打躬哈腰而已，没有任何狂飙了。百年以前的人工智能是“科学怪人”带来的爱恨情仇 ，现在的人工智能却是人工失智，大家千篇一律。千篇一律是智慧吗？","李敖","","虽千万人，李敖往矣、哈囉李敖、微博、140字","写作线、媒体线、晚年线","虽千万人，李敖往矣、哈囉李敖","","虽千万人，李敖往矣","044.2016年7月","107","《大李敖全集5.0》（wjm_tcy版）分章节/005.诗集语录类/005.虽千万人，李敖往矣/044.2016年7月.txt","","[]","data/timeline-events-sui-qianwan-li-ao-wangyi.json","sui-qianwan-2016-07-27-daily-weibo","{""id"":""sui-qianwan-2016-07-27-daily-weibo"",""date"":""2016-07-27"",""displayDate"":""2016年7月27日星期三"",""datePrecision"":""day"",""title"":""李敖发微博谈“人工智能是令人憧憬的境界，但科学家退步了，因为他们只能在机器人身上…”"",""summary"":""2016年7月27日，李敖在“哈囉李敖”微博发文：人工智能是令人憧憬的境界，但科学家退步了，因为他们只能在机器人身上打转，端茶、送饭、做苦工、拆炸弹、下西洋棋、或像日本人虚情假意的打躬哈腰而已，没有任何狂飙了。百年以前的人工智能是“科学怪人”带来的爱恨情仇 ，现在的人工智能却是人工失智，大家千篇一律。千篇一律是智慧吗？"",""view"":[""写作线"",""媒体线"",""晚年线""],""tags"":[""虽千万人，李敖往矣"",""哈囉李敖"",""微博"",""140字""],""people"":[""李敖""],""places"":[],""works"":[""虽千万人，李敖往矣"",""哈囉李敖""],""certainty"":""confirmed"",""source"":{""book"":""虽千万人，李敖往矣"",""chapter"":""044.2016年7月"",""path"":""《大李敖全集5.0》（wjm_tcy版）分章节/005.诗集语录类/005.虽千万人，李敖往矣/044.2016年7月.txt"",""line"":107,""lines"":[107,109]},""crossReferences"":[],""round"":""2026-07-11-sui-qianwan-li-ao-wangyi-daily-completion"",""dataFile"":""data/timeline-events-sui-qianwan-li-ao-wangyi.json""}"
"29182","2016","2016-07-28","2016年7月28日星期四","day","confirmed","李敖发微博谈“1941美国流行一句If you can't lick'em, j…”","2016年7月28日，李敖在“哈囉李敖”微博发文：1941美国流行一句If you can't lick'em, join'em. （打不过他们，就加入他们。）1976又补上一句If you can't kill'em, join'em.（杀不掉他们，就加入他们。）这种思路太现实了。民主党大会上，桑德斯（Sanders）惹来嘘声一片，日你老桑！势力眼的美国人都受不了了。","李敖","","虽千万人，李敖往矣、哈囉李敖、微博、140字","写作线、媒体线、晚年线","虽千万人，李敖往矣、哈囉李敖","","虽千万人，李敖往矣","044.2016年7月","111","《大李敖全集5.0》（wjm_tcy版）分章节/005.诗集语录类/005.虽千万人，李敖往矣/044.2016年7月.txt","","[]","data/timeline-events-sui-qianwan-li-ao-wangyi.json","sui-qianwan-2016-07-28-daily-weibo","{""id"":""sui-qianwan-2016-07-28-daily-weibo"",""date"":""2016-07-28"",""displayDate"":""2016年7月28日星期四"",""datePrecision"":""day"",""title"":""李敖发微博谈“1941美国流行一句If you can't lick'em, j…”"",""summary"":""2016年7月28日，李敖在“哈囉李敖”微博发文：1941美国流行一句If you can't lick'em, join'em. （打不过他们，就加入他们。）1976又补上一句If you can't kill'em, join'em.（杀不掉他们，就加入他们。）这种思路太现实了。民主党大会上，桑德斯（Sanders）惹来嘘声一片，日你老桑！势力眼的美国人都受不了了。"",""view"":[""写作线"",""媒体线"",""晚年线""],""tags"":[""虽千万人，李敖往矣"",""哈囉李敖"",""微博"",""140字""],""people"":[""李敖""],""places"":[],""works"":[""虽千万人，李敖往矣"",""哈囉李敖""],""certainty"":""confirmed"",""source"":{""book"":""虽千万人，李敖往矣"",""chapter"":""044.2016年7月"",""path"":""《大李敖全集5.0》（wjm_tcy版）分章节/005.诗集语录类/005.虽千万人，李敖往矣/044.2016年7月.txt"",""line"":111,""lines"":[111,113]},""crossReferences"":[],""round"":""2026-07-11-sui-qianwan-li-ao-wangyi-daily-completion"",""dataFile"":""data/timeline-events-sui-qianwan-li-ao-wangyi.json""}"
"29183","2016","2016-07-29","2016年7月29日星期五","day","confirmed","李敖发微博谈“国民党外衣学共产党，内衣却有自己的一套，它“国裤通党库、党库通内裤”","2016年7月29日，李敖在“哈囉李敖”微博发文：国民党外衣学共产党，内衣却有自己的一套，它“国裤通党库、党库通内裤。”先化公为党、再化党为私。拥有庞大而来路不明党产。财聚人不散时，蒋家独吃“最大的一份”（lion' share）；财散人不聚时，自李、连、马以下，各衔利嘴以分肥。如今民进党立法扣留的，100卡车停经后的月经棉而已。","李敖","","虽千万人，李敖往矣、哈囉李敖、微博、140字","写作线、媒体线、晚年线","虽千万人，李敖往矣、哈囉李敖","","虽千万人，李敖往矣","044.2016年7月","115","《大李敖全集5.0》（wjm_tcy版）分章节/005.诗集语录类/005.虽千万人，李敖往矣/044.2016年7月.txt","","[]","data/timeline-events-sui-qianwan-li-ao-wangyi.json","sui-qianwan-2016-07-29-daily-weibo","{""id"":""sui-qianwan-2016-07-29-daily-weibo"",""date"":""2016-07-29"",""displayDate"":""2016年7月29日星期五"",""datePrecision"":""day"",""title"":""李敖发微博谈“国民党外衣学共产党，内衣却有自己的一套，它“国裤通党库、党库通内裤”"",""summary"":""2016年7月29日，李敖在“哈囉李敖”微博发文：国民党外衣学共产党，内衣却有自己的一套，它“国裤通党库、党库通内裤。”先化公为党、再化党为私。拥有庞大而来路不明党产。财聚人不散时，蒋家独吃“最大的一份”（lion' share）；财散人不聚时，自李、连、马以下，各衔利嘴以分肥。如今民进党立法扣留的，100卡车停经后的月经棉而已。"",""view"":[""写作线"",""媒体线"",""晚年线""],""tags"":[""虽千万人，李敖往矣"",""哈囉李敖"",""微博"",""140字""],""people"":[""李敖""],""places"":[],""works"":[""虽千万人，李敖往矣"",""哈囉李敖""],""certainty"":""confirmed"",""source"":{""book"":""虽千万人，李敖往矣"",""chapter"":""044.2016年7月"",""path"":""《大李敖全集5.0》（wjm_tcy版）分章节/005.诗集语录类/005.虽千万人，李敖往矣/044.2016年7月.txt"",""line"":115,""lines"":[115,117]},""crossReferences"":[],""round"":""2026-07-11-sui-qianwan-li-ao-wangyi-daily-completion"",""dataFile"":""data/timeline-events-sui-qianwan-li-ao-wangyi.json""}"
"29184","2016","2016-07-30","2016年7月30日星期六","day","confirmed","萧启庆向李敖私下说老师辈学问并不怎么样","《2016年7月》写，历史系同班好友萧启庆成为哈佛博士后做了“学阀”，曾偷偷告诉李敖：他们老师那辈人学问并不怎么样。李敖借此谈自己常年在书房做学问、六亲不认和不怕得罪人的读书姿态。","李敖、萧启庆","台湾","萧启庆、历史系同学、书房、学问","交游线、学术线、书房线","虽千万人，李敖往矣","","虽千万人，李敖往矣","044.2016年7月","121","《大李敖全集5.0》（wjm_tcy版）分章节/005.诗集语录类/005.虽千万人，李敖往矣/044.2016年7月.txt","","[]","data/timeline-events-sui-qianwan-li-ao-wangyi.json","sui-qianwan-2016-07-30-xiao-qiqing-comments-on-teachers-generation","{""id"":""sui-qianwan-2016-07-30-xiao-qiqing-comments-on-teachers-generation"",""date"":""2016-07-30"",""displayDate"":""2016年7月30日星期六"",""datePrecision"":""day"",""title"":""萧启庆向李敖私下说老师辈学问并不怎么样"",""summary"":""《2016年7月》写，历史系同班好友萧启庆成为哈佛博士后做了“学阀”，曾偷偷告诉李敖：他们老师那辈人学问并不怎么样。李敖借此谈自己常年在书房做学问、六亲不认和不怕得罪人的读书姿态。"",""view"":[""交游线"",""学术线"",""书房线""],""tags"":[""萧启庆"",""历史系同学"",""书房"",""学问""],""people"":[""李敖"",""萧启庆""],""places"":[""台湾""],""works"":[""虽千万人，李敖往矣""],""certainty"":""confirmed"",""source"":{""book"":""虽千万人，李敖往矣"",""chapter"":""044.2016年7月"",""path"":""《大李敖全集5.0》（wjm_tcy版）分章节/005.诗集语录类/005.虽千万人，李敖往矣/044.2016年7月.txt"",""line"":121},""dataFile"":""data/timeline-events-sui-qianwan-li-ao-wangyi.json""}"
"29185","2016","2016-07-31","2016年7月31日星期日","day","confirmed","李敖发微博谈“有一次，国民党老立委张九如告诉我：一天张群请吃饭，按照共产党习惯，…”","2016年7月31日，李敖在“哈囉李敖”微博发文：有一次，国民党老立委张九如告诉我：一天张群请吃饭，按照共产党习惯，赴约时都是两个人，可是这次却由周恩来单刀赴会。席上聊天，王世杰炫耀国民党人才比共产党多。周恩来笑道：“我们承认国民党人才多，但你们不能用啊。”如今风水转了：他们从不拒人千里之外，他们的单位是万里了。","李敖","","虽千万人，李敖往矣、哈囉李敖、微博、140字","写作线、媒体线、晚年线","虽千万人，李敖往矣、哈囉李敖","","虽千万人，李敖往矣","044.2016年7月","123","《大李敖全集5.0》（wjm_tcy版）分章节/005.诗集语录类/005.虽千万人，李敖往矣/044.2016年7月.txt","","[]","data/timeline-events-sui-qianwan-li-ao-wangyi.json","sui-qianwan-2016-07-31-daily-weibo","{""id"":""sui-qianwan-2016-07-31-daily-weibo"",""date"":""2016-07-31"",""displayDate"":""2016年7月31日星期日"",""datePrecision"":""day"",""title"":""李敖发微博谈“有一次，国民党老立委张九如告诉我：一天张群请吃饭，按照共产党习惯，…”"",""summary"":""2016年7月31日，李敖在“哈囉李敖”微博发文：有一次，国民党老立委张九如告诉我：一天张群请吃饭，按照共产党习惯，赴约时都是两个人，可是这次却由周恩来单刀赴会。席上聊天，王世杰炫耀国民党人才比共产党多。周恩来笑道：“我们承认国民党人才多，但你们不能用啊。”如今风水转了：他们从不拒人千里之外，他们的单位是万里了。"",""view"":[""写作线"",""媒体线"",""晚年线""],""tags"":[""虽千万人，李敖往矣"",""哈囉李敖"",""微博"",""140字""],""people"":[""李敖""],""places"":[],""works"":[""虽千万人，李敖往矣"",""哈囉李敖""],""certainty"":""confirmed"",""source"":{""book"":""虽千万人，李敖往矣"",""chapter"":""044.2016年7月"",""path"":""《大李敖全集5.0》（wjm_tcy版）分章节/005.诗集语录类/005.虽千万人，李敖往矣/044.2016年7月.txt"",""line"":123,""lines"":[123,125]},""crossReferences"":[],""round"":""2026-07-11-sui-qianwan-li-ao-wangyi-daily-completion"",""dataFile"":""data/timeline-events-sui-qianwan-li-ao-wangyi.json""}"
"29186","2016","2016-08-01","2016年8月1日星期一","day","confirmed","李敖发微博谈“本要做绅士，但国民党斗倒我：诬我是台独”","2016年8月1日，李敖在“哈囉李敖”微博发文：本要做绅士，但国民党斗倒我：诬我是台独；斗臭我，诬我侵占别人财产。后来真相大白了。但共产党接班斗倒我：禁我的书出版、阻止我上电视；斗臭我：用假书上市、用假文冒充，大捧老毛及领导人，并用国民党斗臭我的判决，朝我头上套。我形象已毁，做不成绅士了，改行做战士了。你们自做自受啦！","李敖","","虽千万人，李敖往矣、哈囉李敖、微博、140字","写作线、媒体线、晚年线","虽千万人，李敖往矣、哈囉李敖","","虽千万人，李敖往矣","045.2016年8月","3","《大李敖全集5.0》（wjm_tcy版）分章节/005.诗集语录类/005.虽千万人，李敖往矣/045.2016年8月.txt","","[]","data/timeline-events-sui-qianwan-li-ao-wangyi.json","sui-qianwan-2016-08-01-daily-weibo","{""id"":""sui-qianwan-2016-08-01-daily-weibo"",""date"":""2016-08-01"",""displayDate"":""2016年8月1日星期一"",""datePrecision"":""day"",""title"":""李敖发微博谈“本要做绅士，但国民党斗倒我：诬我是台独”"",""summary"":""2016年8月1日，李敖在“哈囉李敖”微博发文：本要做绅士，但国民党斗倒我：诬我是台独；斗臭我，诬我侵占别人财产。后来真相大白了。但共产党接班斗倒我：禁我的书出版、阻止我上电视；斗臭我：用假书上市、用假文冒充，大捧老毛及领导人，并用国民党斗臭我的判决，朝我头上套。我形象已毁，做不成绅士了，改行做战士了。你们自做自受啦！"",""view"":[""写作线"",""媒体线"",""晚年线""],""tags"":[""虽千万人，李敖往矣"",""哈囉李敖"",""微博"",""140字""],""people"":[""李敖""],""places"":[],""works"":[""虽千万人，李敖往矣"",""哈囉李敖""],""certainty"":""confirmed"",""source"":{""book"":""虽千万人，李敖往矣"",""chapter"":""045.2016年8月"",""path"":""《大李敖全集5.0》（wjm_tcy版）分章节/005.诗集语录类/005.虽千万人，李敖往矣/045.2016年8月.txt"",""line"":3,""lines"":[3,5]},""crossReferences"":[],""round"":""2026-07-11-sui-qianwan-li-ao-wangyi-daily-completion"",""dataFile"":""data/timeline-events-sui-qianwan-li-ao-wangyi.json""}"
"29187","2016","2016-08-02","2016年8月2日星期二","day","confirmed","潘毓刚在美国为李敖成立出版社","《2016年8月》写，李敖说自己的主力不在眼前政治挖苦，而在一部部大著作；潘毓刚已在美国为他成立出版社，李敖称自己“直攻腹心，跟美帝算账”，战场在远方。这条补出晚年海外出版布点。","李敖、潘毓刚","美国、台湾","潘毓刚、美国出版社、出版、大著作","出版线、交游线、晚年线","虽千万人，李敖往矣","","虽千万人，李敖往矣","045.2016年8月","9","《大李敖全集5.0》（wjm_tcy版）分章节/005.诗集语录类/005.虽千万人，李敖往矣/045.2016年8月.txt","","[]","data/timeline-events-sui-qianwan-li-ao-wangyi.json","sui-qianwan-2016-08-02-pan-yugang-establishes-us-publisher-for-li-ao","{""id"":""sui-qianwan-2016-08-02-pan-yugang-establishes-us-publisher-for-li-ao"",""date"":""2016-08-02"",""displayDate"":""2016年8月2日星期二"",""datePrecision"":""day"",""title"":""潘毓刚在美国为李敖成立出版社"",""summary"":""《2016年8月》写，李敖说自己的主力不在眼前政治挖苦，而在一部部大著作；潘毓刚已在美国为他成立出版社，李敖称自己“直攻腹心，跟美帝算账”，战场在远方。这条补出晚年海外出版布点。"",""view"":[""出版线"",""交游线"",""晚年线""],""tags"":[""潘毓刚"",""美国出版社"",""出版"",""大著作""],""people"":[""李敖"",""潘毓刚""],""places"":[""美国"",""台湾""],""works"":[""虽千万人，李敖往矣""],""certainty"":""confirmed"",""source"":{""book"":""虽千万人，李敖往矣"",""chapter"":""045.2016年8月"",""path"":""《大李敖全集5.0》（wjm_tcy版）分章节/005.诗集语录类/005.虽千万人，李敖往矣/045.2016年8月.txt"",""line"":9},""dataFile"":""data/timeline-events-sui-qianwan-li-ao-wangyi.json""}"
"29188","2016","2016-08-03","2016年8月3日星期三","day","confirmed","李敖发微博谈“老子哲学“不敢为天下先””","2016年8月3日，李敖在“哈囉李敖”微博发文：老子哲学“不敢为天下先”。中国顺民领教了共产党的厉害，缩在那儿，不做带头的，都“不敢为天下先”。可是，怕做头子、也怕做尾巴，因此，有小便宜占就一哄而上。占小便宜并不因为自己需要，而是怕别人占了先。这是社会主义的坏毛病。香港小民领教了中国顺民的厉害，他们丢你老妈吓死了。","李敖","","虽千万人，李敖往矣、哈囉李敖、微博、140字","写作线、媒体线、晚年线","虽千万人，李敖往矣、哈囉李敖","","虽千万人，李敖往矣","045.2016年8月","11","《大李敖全集5.0》（wjm_tcy版）分章节/005.诗集语录类/005.虽千万人，李敖往矣/045.2016年8月.txt","","[]","data/timeline-events-sui-qianwan-li-ao-wangyi.json","sui-qianwan-2016-08-03-daily-weibo","{""id"":""sui-qianwan-2016-08-03-daily-weibo"",""date"":""2016-08-03"",""displayDate"":""2016年8月3日星期三"",""datePrecision"":""day"",""title"":""李敖发微博谈“老子哲学“不敢为天下先””"",""summary"":""2016年8月3日，李敖在“哈囉李敖”微博发文：老子哲学“不敢为天下先”。中国顺民领教了共产党的厉害，缩在那儿，不做带头的，都“不敢为天下先”。可是，怕做头子、也怕做尾巴，因此，有小便宜占就一哄而上。占小便宜并不因为自己需要，而是怕别人占了先。这是社会主义的坏毛病。香港小民领教了中国顺民的厉害，他们丢你老妈吓死了。"",""view"":[""写作线"",""媒体线"",""晚年线""],""tags"":[""虽千万人，李敖往矣"",""哈囉李敖"",""微博"",""140字""],""people"":[""李敖""],""places"":[],""works"":[""虽千万人，李敖往矣"",""哈囉李敖""],""certainty"":""confirmed"",""source"":{""book"":""虽千万人，李敖往矣"",""chapter"":""045.2016年8月"",""path"":""《大李敖全集5.0》（wjm_tcy版）分章节/005.诗集语录类/005.虽千万人，李敖往矣/045.2016年8月.txt"",""line"":11,""lines"":[11,13]},""crossReferences"":[],""round"":""2026-07-11-sui-qianwan-li-ao-wangyi-daily-completion"",""dataFile"":""data/timeline-events-sui-qianwan-li-ao-wangyi.json""}"
"29189","2016","2016-08-04","2016年8月4日星期四","day","confirmed","李敖发微博谈“共产党是个苦命的党：打天下花了28年，得天下时豪杰都五十开外”","2016年8月4日，李敖在“哈囉李敖”微博发文：共产党是个苦命的党：打天下花了28年，得天下时豪杰都五十开外。为求近功，未免猴急色急，急着造天堂，往往跌入地狱。觉悟后，知道“穷不是共产主义”了，于是全国大发财，徐而财厚者尤其发财。为对付美帝及其走狗，发财有理，但发财也有罪：共产党变得爱钱了。不苦命了，但爱钱如命了。","李敖","","虽千万人，李敖往矣、哈囉李敖、微博、140字","写作线、媒体线、晚年线","虽千万人，李敖往矣、哈囉李敖","","虽千万人，李敖往矣","045.2016年8月","15","《大李敖全集5.0》（wjm_tcy版）分章节/005.诗集语录类/005.虽千万人，李敖往矣/045.2016年8月.txt","","[]","data/timeline-events-sui-qianwan-li-ao-wangyi.json","sui-qianwan-2016-08-04-daily-weibo","{""id"":""sui-qianwan-2016-08-04-daily-weibo"",""date"":""2016-08-04"",""displayDate"":""2016年8月4日星期四"",""datePrecision"":""day"",""title"":""李敖发微博谈“共产党是个苦命的党：打天下花了28年，得天下时豪杰都五十开外”"",""summary"":""2016年8月4日，李敖在“哈囉李敖”微博发文：共产党是个苦命的党：打天下花了28年，得天下时豪杰都五十开外。为求近功，未免猴急色急，急着造天堂，往往跌入地狱。觉悟后，知道“穷不是共产主义”了，于是全国大发财，徐而财厚者尤其发财。为对付美帝及其走狗，发财有理，但发财也有罪：共产党变得爱钱了。不苦命了，但爱钱如命了。"",""view"":[""写作线"",""媒体线"",""晚年线""],""tags"":[""虽千万人，李敖往矣"",""哈囉李敖"",""微博"",""140字""],""people"":[""李敖""],""places"":[],""works"":[""虽千万人，李敖往矣"",""哈囉李敖""],""certainty"":""confirmed"",""source"":{""book"":""虽千万人，李敖往矣"",""chapter"":""045.2016年8月"",""path"":""《大李敖全集5.0》（wjm_tcy版）分章节/005.诗集语录类/005.虽千万人，李敖往矣/045.2016年8月.txt"",""line"":15,""lines"":[15,17]},""crossReferences"":[],""round"":""2026-07-11-sui-qianwan-li-ao-wangyi-daily-completion"",""dataFile"":""data/timeline-events-sui-qianwan-li-ao-wangyi.json""}"
"29190","2016","2016-08-05","2016年8月5日星期五","day","confirmed","李敖发微博谈“李自成了不起，他革命，取财有道”","2016年8月5日，李敖在“哈囉李敖”微博发文：李自成了不起，他革命，取财有道；孙中山下三滥，他革命，从日本人的钱到俄国人的钱，无一不拿。最不要脸的，是一边喊打倒军阀一边偷拿军阀的钱。1923年11月25日，他毛笔正楷，写信给张作霖：“一年以来，屡蒙我公资助”“得以复还，此皆公之大力所玉成也”。看吧！此所谓“国父”嘴脸也！","李敖","","虽千万人，李敖往矣、哈囉李敖、微博、140字","写作线、媒体线、晚年线","虽千万人，李敖往矣、哈囉李敖","","虽千万人，李敖往矣","045.2016年8月","19","《大李敖全集5.0》（wjm_tcy版）分章节/005.诗集语录类/005.虽千万人，李敖往矣/045.2016年8月.txt","","[]","data/timeline-events-sui-qianwan-li-ao-wangyi.json","sui-qianwan-2016-08-05-daily-weibo","{""id"":""sui-qianwan-2016-08-05-daily-weibo"",""date"":""2016-08-05"",""displayDate"":""2016年8月5日星期五"",""datePrecision"":""day"",""title"":""李敖发微博谈“李自成了不起，他革命，取财有道”"",""summary"":""2016年8月5日，李敖在“哈囉李敖”微博发文：李自成了不起，他革命，取财有道；孙中山下三滥，他革命，从日本人的钱到俄国人的钱，无一不拿。最不要脸的，是一边喊打倒军阀一边偷拿军阀的钱。1923年11月25日，他毛笔正楷，写信给张作霖：“一年以来，屡蒙我公资助”“得以复还，此皆公之大力所玉成也”。看吧！此所谓“国父”嘴脸也！"",""view"":[""写作线"",""媒体线"",""晚年线""],""tags"":[""虽千万人，李敖往矣"",""哈囉李敖"",""微博"",""140字""],""people"":[""李敖""],""places"":[],""works"":[""虽千万人，李敖往矣"",""哈囉李敖""],""certainty"":""confirmed"",""source"":{""book"":""虽千万人，李敖往矣"",""chapter"":""045.2016年8月"",""path"":""《大李敖全集5.0》（wjm_tcy版）分章节/005.诗集语录类/005.虽千万人，李敖往矣/045.2016年8月.txt"",""line"":19,""lines"":[19,21]},""crossReferences"":[],""round"":""2026-07-11-sui-qianwan-li-ao-wangyi-daily-completion"",""dataFile"":""data/timeline-events-sui-qianwan-li-ao-wangyi.json""}"
"29191","2016","2016-08-06","2016年8月6日星期六","day","confirmed","李敖发微博谈“我相信：1.高高在上的，很少是好人”","2016年8月6日，李敖在“哈囉李敖”微博发文：我相信：1.高高在上的，很少是好人。2.因为好人不可能爬到那么高。3.爬到那么高，好人也变成了坏人。4.坏人也爱国，只是丑态百出。5.要与坏人既联合又斗争。6.好人不要坐以待毙，但要坐以待旦；不要同归于尽，但要同归殊途；不要同室操戈，但要同室跟坏人纠缠，因为中国啊中国，也是我的。","李敖","","虽千万人，李敖往矣、哈囉李敖、微博、140字","写作线、媒体线、晚年线","虽千万人，李敖往矣、哈囉李敖","","虽千万人，李敖往矣","045.2016年8月","23","《大李敖全集5.0》（wjm_tcy版）分章节/005.诗集语录类/005.虽千万人，李敖往矣/045.2016年8月.txt","","[]","data/timeline-events-sui-qianwan-li-ao-wangyi.json","sui-qianwan-2016-08-06-daily-weibo","{""id"":""sui-qianwan-2016-08-06-daily-weibo"",""date"":""2016-08-06"",""displayDate"":""2016年8月6日星期六"",""datePrecision"":""day"",""title"":""李敖发微博谈“我相信：1.高高在上的，很少是好人”"",""summary"":""2016年8月6日，李敖在“哈囉李敖”微博发文：我相信：1.高高在上的，很少是好人。2.因为好人不可能爬到那么高。3.爬到那么高，好人也变成了坏人。4.坏人也爱国，只是丑态百出。5.要与坏人既联合又斗争。6.好人不要坐以待毙，但要坐以待旦；不要同归于尽，但要同归殊途；不要同室操戈，但要同室跟坏人纠缠，因为中国啊中国，也是我的。"",""view"":[""写作线"",""媒体线"",""晚年线""],""tags"":[""虽千万人，李敖往矣"",""哈囉李敖"",""微博"",""140字""],""people"":[""李敖""],""places"":[],""works"":[""虽千万人，李敖往矣"",""哈囉李敖""],""certainty"":""confirmed"",""source"":{""book"":""虽千万人，李敖往矣"",""chapter"":""045.2016年8月"",""path"":""《大李敖全集5.0》（wjm_tcy版）分章节/005.诗集语录类/005.虽千万人，李敖往矣/045.2016年8月.txt"",""line"":23,""lines"":[23,25]},""crossReferences"":[],""round"":""2026-07-11-sui-qianwan-li-ao-wangyi-daily-completion"",""dataFile"":""data/timeline-events-sui-qianwan-li-ao-wangyi.json""}"
"29192","2016","2016-08-07","2016年8月7日星期日","day","confirmed","李敖发微博谈““天下为公”人人会念，但第三个字念错了”","2016年8月7日，李敖在“哈囉李敖”微博发文：“天下为公”人人会念，但第三个字念错了。“为”字发音不念“唯”而念“谓”，意思是天下不是天下人的而是你一家人的。在广州，孙中山做总统，儿子一连三次做首都市长；在台湾，蒋介石做总统，儿子翻来覆去做行政院长，革命呀革命，命都革到你们家里去了。你们可是朝鲜金家的祖师爷哟。","李敖","","虽千万人，李敖往矣、哈囉李敖、微博、140字","写作线、媒体线、晚年线","虽千万人，李敖往矣、哈囉李敖","","虽千万人，李敖往矣","045.2016年8月","27","《大李敖全集5.0》（wjm_tcy版）分章节/005.诗集语录类/005.虽千万人，李敖往矣/045.2016年8月.txt","","[]","data/timeline-events-sui-qianwan-li-ao-wangyi.json","sui-qianwan-2016-08-07-daily-weibo","{""id"":""sui-qianwan-2016-08-07-daily-weibo"",""date"":""2016-08-07"",""displayDate"":""2016年8月7日星期日"",""datePrecision"":""day"",""title"":""李敖发微博谈““天下为公”人人会念，但第三个字念错了”"",""summary"":""2016年8月7日，李敖在“哈囉李敖”微博发文：“天下为公”人人会念，但第三个字念错了。“为”字发音不念“唯”而念“谓”，意思是天下不是天下人的而是你一家人的。在广州，孙中山做总统，儿子一连三次做首都市长；在台湾，蒋介石做总统，儿子翻来覆去做行政院长，革命呀革命，命都革到你们家里去了。你们可是朝鲜金家的祖师爷哟。"",""view"":[""写作线"",""媒体线"",""晚年线""],""tags"":[""虽千万人，李敖往矣"",""哈囉李敖"",""微博"",""140字""],""people"":[""李敖""],""places"":[],""works"":[""虽千万人，李敖往矣"",""哈囉李敖""],""certainty"":""confirmed"",""source"":{""book"":""虽千万人，李敖往矣"",""chapter"":""045.2016年8月"",""path"":""《大李敖全集5.0》（wjm_tcy版）分章节/005.诗集语录类/005.虽千万人，李敖往矣/045.2016年8月.txt"",""line"":27,""lines"":[27,29]},""crossReferences"":[],""round"":""2026-07-11-sui-qianwan-li-ao-wangyi-daily-completion"",""dataFile"":""data/timeline-events-sui-qianwan-li-ao-wangyi.json""}"
"29193","2016","2016-08-08","2016年8月8日星期一","day","confirmed","李敖发微博谈“斯大林一代枭雄，一辈子要革人命，但他没想到，在他家里，就有人反革命…”","2016年8月8日，李敖在“哈囉李敖”微博发文：斯大林一代枭雄，一辈子要革人命，但他没想到，在他家里，就有人反革命：太太自杀殉妇人之道，魂归天国而非共党之国；女儿终身信仰自己的感情世界，魂归离恨天而非共产艳阳天。母女二人，看来都是不可救药的顽固份子，但顽固又怎样，女人自有女人的世界。可惜现代女人缺乏自己的世界了。","李敖","","虽千万人，李敖往矣、哈囉李敖、微博、140字","写作线、媒体线、晚年线","虽千万人，李敖往矣、哈囉李敖","","虽千万人，李敖往矣","045.2016年8月","31","《大李敖全集5.0》（wjm_tcy版）分章节/005.诗集语录类/005.虽千万人，李敖往矣/045.2016年8月.txt","","[]","data/timeline-events-sui-qianwan-li-ao-wangyi.json","sui-qianwan-2016-08-08-daily-weibo","{""id"":""sui-qianwan-2016-08-08-daily-weibo"",""date"":""2016-08-08"",""displayDate"":""2016年8月8日星期一"",""datePrecision"":""day"",""title"":""李敖发微博谈“斯大林一代枭雄，一辈子要革人命，但他没想到，在他家里，就有人反革命…”"",""summary"":""2016年8月8日，李敖在“哈囉李敖”微博发文：斯大林一代枭雄，一辈子要革人命，但他没想到，在他家里，就有人反革命：太太自杀殉妇人之道，魂归天国而非共党之国；女儿终身信仰自己的感情世界，魂归离恨天而非共产艳阳天。母女二人，看来都是不可救药的顽固份子，但顽固又怎样，女人自有女人的世界。可惜现代女人缺乏自己的世界了。"",""view"":[""写作线"",""媒体线"",""晚年线""],""tags"":[""虽千万人，李敖往矣"",""哈囉李敖"",""微博"",""140字""],""people"":[""李敖""],""places"":[],""works"":[""虽千万人，李敖往矣"",""哈囉李敖""],""certainty"":""confirmed"",""source"":{""book"":""虽千万人，李敖往矣"",""chapter"":""045.2016年8月"",""path"":""《大李敖全集5.0》（wjm_tcy版）分章节/005.诗集语录类/005.虽千万人，李敖往矣/045.2016年8月.txt"",""line"":31,""lines"":[31,33]},""crossReferences"":[],""round"":""2026-07-11-sui-qianwan-li-ao-wangyi-daily-completion"",""dataFile"":""data/timeline-events-sui-qianwan-li-ao-wangyi.json""}"
"29194","2016","2016-08-09","2016年8月9日星期二","day","confirmed","李敖发微博谈“美国选总统，明眼人看穿这种把戏，感叹choosing the le…”","2016年8月9日，李敖在“哈囉李敖”微博发文：美国选总统，明眼人看穿这种把戏，感叹choosing the lesser of two evils is still choosing evil.（两害取其轻，轻的仍是害）有人埋怨中国一害没得选，其实早在49年就选过了。明眼人看穿中国宁可专政，不可动乱。一动乱，就完蛋了。支持共产党不动乱1000年，但我要活1080岁，那时再除三害吧。","李敖","","虽千万人，李敖往矣、哈囉李敖、微博、140字","写作线、媒体线、晚年线","虽千万人，李敖往矣、哈囉李敖","","虽千万人，李敖往矣","045.2016年8月","35","《大李敖全集5.0》（wjm_tcy版）分章节/005.诗集语录类/005.虽千万人，李敖往矣/045.2016年8月.txt","","[]","data/timeline-events-sui-qianwan-li-ao-wangyi.json","sui-qianwan-2016-08-09-daily-weibo","{""id"":""sui-qianwan-2016-08-09-daily-weibo"",""date"":""2016-08-09"",""displayDate"":""2016年8月9日星期二"",""datePrecision"":""day"",""title"":""李敖发微博谈“美国选总统，明眼人看穿这种把戏，感叹choosing the le…”"",""summary"":""2016年8月9日，李敖在“哈囉李敖”微博发文：美国选总统，明眼人看穿这种把戏，感叹choosing the lesser of two evils is still choosing evil.（两害取其轻，轻的仍是害）有人埋怨中国一害没得选，其实早在49年就选过了。明眼人看穿中国宁可专政，不可动乱。一动乱，就完蛋了。支持共产党不动乱1000年，但我要活1080岁，那时再除三害吧。"",""view"":[""写作线"",""媒体线"",""晚年线""],""tags"":[""虽千万人，李敖往矣"",""哈囉李敖"",""微博"",""140字""],""people"":[""李敖""],""places"":[],""works"":[""虽千万人，李敖往矣"",""哈囉李敖""],""certainty"":""confirmed"",""source"":{""book"":""虽千万人，李敖往矣"",""chapter"":""045.2016年8月"",""path"":""《大李敖全集5.0》（wjm_tcy版）分章节/005.诗集语录类/005.虽千万人，李敖往矣/045.2016年8月.txt"",""line"":35,""lines"":[35,37]},""crossReferences"":[],""round"":""2026-07-11-sui-qianwan-li-ao-wangyi-daily-completion"",""dataFile"":""data/timeline-events-sui-qianwan-li-ao-wangyi.json""}"
"29195","2016","2016-08-10","2016年8月10日星期三","day","confirmed","李敖发微博谈“江春男命薄，酒驾事发，去不成新加坡做伪大使了”","2016年8月10日，李敖在“哈囉李敖”微博发文：江春男命薄，酒驾事发，去不成新加坡做伪大使了。多年前他对法官抱怨：“李敖一辈子骂了多少人，今天骂他一下，他就告我们。”法官说：“他骂人，可以告他。”江春男说：“可是没人敢告他。”我听了大笑。我是纸老虎，你怕我，我就是老虎；你不怕我，我就是纸。近年被告缺货，想起江春男了。","李敖","","虽千万人，李敖往矣、哈囉李敖、微博、140字","写作线、媒体线、晚年线","虽千万人，李敖往矣、哈囉李敖","","虽千万人，李敖往矣","045.2016年8月","39","《大李敖全集5.0》（wjm_tcy版）分章节/005.诗集语录类/005.虽千万人，李敖往矣/045.2016年8月.txt","","[]","data/timeline-events-sui-qianwan-li-ao-wangyi.json","sui-qianwan-2016-08-10-daily-weibo","{""id"":""sui-qianwan-2016-08-10-daily-weibo"",""date"":""2016-08-10"",""displayDate"":""2016年8月10日星期三"",""datePrecision"":""day"",""title"":""李敖发微博谈“江春男命薄，酒驾事发，去不成新加坡做伪大使了”"",""summary"":""2016年8月10日，李敖在“哈囉李敖”微博发文：江春男命薄，酒驾事发，去不成新加坡做伪大使了。多年前他对法官抱怨：“李敖一辈子骂了多少人，今天骂他一下，他就告我们。”法官说：“他骂人，可以告他。”江春男说：“可是没人敢告他。”我听了大笑。我是纸老虎，你怕我，我就是老虎；你不怕我，我就是纸。近年被告缺货，想起江春男了。"",""view"":[""写作线"",""媒体线"",""晚年线""],""tags"":[""虽千万人，李敖往矣"",""哈囉李敖"",""微博"",""140字""],""people"":[""李敖""],""places"":[],""works"":[""虽千万人，李敖往矣"",""哈囉李敖""],""certainty"":""confirmed"",""source"":{""book"":""虽千万人，李敖往矣"",""chapter"":""045.2016年8月"",""path"":""《大李敖全集5.0》（wjm_tcy版）分章节/005.诗集语录类/005.虽千万人，李敖往矣/045.2016年8月.txt"",""line"":39,""lines"":[39,41]},""crossReferences"":[],""round"":""2026-07-11-sui-qianwan-li-ao-wangyi-daily-completion"",""dataFile"":""data/timeline-events-sui-qianwan-li-ao-wangyi.json""}"
"29196","2016","2016-08-11","2016年8月11日星期四","day","confirmed","李敖发微博谈“陶渊明“误落尘网中，一去三十年”","2016年8月11日，李敖在“哈囉李敖”微博发文：陶渊明“误落尘网中，一去三十年。”他是幸运的。现代人就没这样亷价了：现代人“误落尘网中，一去六十年。”六十年后，低眉使他们的眼睛失明、低头使他们的颈椎变形、低级使他们的智慧滑落、低声下气使他们在斗争中谁也打不赢。做为先知者，我预见了他们的败绩：他们是六十年后的可怜虫。","李敖","","虽千万人，李敖往矣、哈囉李敖、微博、140字","写作线、媒体线、晚年线","虽千万人，李敖往矣、哈囉李敖","","虽千万人，李敖往矣","045.2016年8月","43","《大李敖全集5.0》（wjm_tcy版）分章节/005.诗集语录类/005.虽千万人，李敖往矣/045.2016年8月.txt","","[]","data/timeline-events-sui-qianwan-li-ao-wangyi.json","sui-qianwan-2016-08-11-daily-weibo","{""id"":""sui-qianwan-2016-08-11-daily-weibo"",""date"":""2016-08-11"",""displayDate"":""2016年8月11日星期四"",""datePrecision"":""day"",""title"":""李敖发微博谈“陶渊明“误落尘网中，一去三十年”"",""summary"":""2016年8月11日，李敖在“哈囉李敖”微博发文：陶渊明“误落尘网中，一去三十年。”他是幸运的。现代人就没这样亷价了：现代人“误落尘网中，一去六十年。”六十年后，低眉使他们的眼睛失明、低头使他们的颈椎变形、低级使他们的智慧滑落、低声下气使他们在斗争中谁也打不赢。做为先知者，我预见了他们的败绩：他们是六十年后的可怜虫。"",""view"":[""写作线"",""媒体线"",""晚年线""],""tags"":[""虽千万人，李敖往矣"",""哈囉李敖"",""微博"",""140字""],""people"":[""李敖""],""places"":[],""works"":[""虽千万人，李敖往矣"",""哈囉李敖""],""certainty"":""confirmed"",""source"":{""book"":""虽千万人，李敖往矣"",""chapter"":""045.2016年8月"",""path"":""《大李敖全集5.0》（wjm_tcy版）分章节/005.诗集语录类/005.虽千万人，李敖往矣/045.2016年8月.txt"",""line"":43,""lines"":[43,45]},""crossReferences"":[],""round"":""2026-07-11-sui-qianwan-li-ao-wangyi-daily-completion"",""dataFile"":""data/timeline-events-sui-qianwan-li-ao-wangyi.json""}"
"29197","2016","2016-08-12","2016年8月12日星期五","day","confirmed","李敖发微博谈“古代张良智慧过人，他知道推翻暴君，必须勾结流氓”","2016年8月12日，李敖在“哈囉李敖”微博发文：古代张良智慧过人，他知道推翻暴君，必须勾结流氓。打到天下后，自己飘然远引；现代张良就复杂多了，知道要使祖国壮大，得用“顾全大局”陪暴君伤天害理：牺牲朋友、同志、干女儿，和自己，都在所不惜。在纪登奎面前，他大哭一场给暴君看。革命呀革命，中国成形了，现代张良不成人形了。","李敖","","虽千万人，李敖往矣、哈囉李敖、微博、140字","写作线、媒体线、晚年线","虽千万人，李敖往矣、哈囉李敖","","虽千万人，李敖往矣","045.2016年8月","47","《大李敖全集5.0》（wjm_tcy版）分章节/005.诗集语录类/005.虽千万人，李敖往矣/045.2016年8月.txt","","[]","data/timeline-events-sui-qianwan-li-ao-wangyi.json","sui-qianwan-2016-08-12-daily-weibo","{""id"":""sui-qianwan-2016-08-12-daily-weibo"",""date"":""2016-08-12"",""displayDate"":""2016年8月12日星期五"",""datePrecision"":""day"",""title"":""李敖发微博谈“古代张良智慧过人，他知道推翻暴君，必须勾结流氓”"",""summary"":""2016年8月12日，李敖在“哈囉李敖”微博发文：古代张良智慧过人，他知道推翻暴君，必须勾结流氓。打到天下后，自己飘然远引；现代张良就复杂多了，知道要使祖国壮大，得用“顾全大局”陪暴君伤天害理：牺牲朋友、同志、干女儿，和自己，都在所不惜。在纪登奎面前，他大哭一场给暴君看。革命呀革命，中国成形了，现代张良不成人形了。"",""view"":[""写作线"",""媒体线"",""晚年线""],""tags"":[""虽千万人，李敖往矣"",""哈囉李敖"",""微博"",""140字""],""people"":[""李敖""],""places"":[],""works"":[""虽千万人，李敖往矣"",""哈囉李敖""],""certainty"":""confirmed"",""source"":{""book"":""虽千万人，李敖往矣"",""chapter"":""045.2016年8月"",""path"":""《大李敖全集5.0》（wjm_tcy版）分章节/005.诗集语录类/005.虽千万人，李敖往矣/045.2016年8月.txt"",""line"":47,""lines"":[47,49]},""crossReferences"":[],""round"":""2026-07-11-sui-qianwan-li-ao-wangyi-daily-completion"",""dataFile"":""data/timeline-events-sui-qianwan-li-ao-wangyi.json""}"
"29198","2016","2016-08-13","2016年8月13日星期六","day","confirmed","李敖发微博谈“湘潭人在大陆，变成负心汉”","2016年8月13日，李敖在“哈囉李敖”微博发文：湘潭人在大陆，变成负心汉；在台湾，变成多情种。宋楚瑜最多情。太太生前，睡觉时手拉手；太太死后，他情伤终年。在我书房，提到亡妻，犹潸然泪下；还有王凤喈，国立编译馆馆长，太太死前，床头留下一杯水，他每天小心翼翼换好清水，仍杯留原处，直到70岁自己死去。大陆的湘潭人不奇怪吗？","李敖","","虽千万人，李敖往矣、哈囉李敖、微博、140字","写作线、媒体线、晚年线","虽千万人，李敖往矣、哈囉李敖","","虽千万人，李敖往矣","045.2016年8月","51","《大李敖全集5.0》（wjm_tcy版）分章节/005.诗集语录类/005.虽千万人，李敖往矣/045.2016年8月.txt","","[]","data/timeline-events-sui-qianwan-li-ao-wangyi.json","sui-qianwan-2016-08-13-daily-weibo","{""id"":""sui-qianwan-2016-08-13-daily-weibo"",""date"":""2016-08-13"",""displayDate"":""2016年8月13日星期六"",""datePrecision"":""day"",""title"":""李敖发微博谈“湘潭人在大陆，变成负心汉”"",""summary"":""2016年8月13日，李敖在“哈囉李敖”微博发文：湘潭人在大陆，变成负心汉；在台湾，变成多情种。宋楚瑜最多情。太太生前，睡觉时手拉手；太太死后，他情伤终年。在我书房，提到亡妻，犹潸然泪下；还有王凤喈，国立编译馆馆长，太太死前，床头留下一杯水，他每天小心翼翼换好清水，仍杯留原处，直到70岁自己死去。大陆的湘潭人不奇怪吗？"",""view"":[""写作线"",""媒体线"",""晚年线""],""tags"":[""虽千万人，李敖往矣"",""哈囉李敖"",""微博"",""140字""],""people"":[""李敖""],""places"":[],""works"":[""虽千万人，李敖往矣"",""哈囉李敖""],""certainty"":""confirmed"",""source"":{""book"":""虽千万人，李敖往矣"",""chapter"":""045.2016年8月"",""path"":""《大李敖全集5.0》（wjm_tcy版）分章节/005.诗集语录类/005.虽千万人，李敖往矣/045.2016年8月.txt"",""line"":51,""lines"":[51,53]},""crossReferences"":[],""round"":""2026-07-11-sui-qianwan-li-ao-wangyi-daily-completion"",""dataFile"":""data/timeline-events-sui-qianwan-li-ao-wangyi.json""}"
"29199","2016","2016-08-14","2016年8月14日星期日","day","confirmed","李敖发微博谈“中国站起来了”","2016年8月14日，李敖在“哈囉李敖”微博发文：中国站起来了！中国飞起来了！一站一飞，却教化出两批混蛋：国民党教化出来的蓝中带绿；共产党教化出来的白里透红。检验混蛋的唯一标准是问他对李敖的看法：对李敖有正面评价的，即非混蛋；有负面评价的，即属混蛋无疑。标准听来荒谬，拉丁谚语“因为它荒谬所以我相信”，您还是信了吧。","李敖","","虽千万人，李敖往矣、哈囉李敖、微博、140字","写作线、媒体线、晚年线","虽千万人，李敖往矣、哈囉李敖","","虽千万人，李敖往矣","045.2016年8月","55","《大李敖全集5.0》（wjm_tcy版）分章节/005.诗集语录类/005.虽千万人，李敖往矣/045.2016年8月.txt","","[]","data/timeline-events-sui-qianwan-li-ao-wangyi.json","sui-qianwan-2016-08-14-daily-weibo","{""id"":""sui-qianwan-2016-08-14-daily-weibo"",""date"":""2016-08-14"",""displayDate"":""2016年8月14日星期日"",""datePrecision"":""day"",""title"":""李敖发微博谈“中国站起来了”"",""summary"":""2016年8月14日，李敖在“哈囉李敖”微博发文：中国站起来了！中国飞起来了！一站一飞，却教化出两批混蛋：国民党教化出来的蓝中带绿；共产党教化出来的白里透红。检验混蛋的唯一标准是问他对李敖的看法：对李敖有正面评价的，即非混蛋；有负面评价的，即属混蛋无疑。标准听来荒谬，拉丁谚语“因为它荒谬所以我相信”，您还是信了吧。"",""view"":[""写作线"",""媒体线"",""晚年线""],""tags"":[""虽千万人，李敖往矣"",""哈囉李敖"",""微博"",""140字""],""people"":[""李敖""],""places"":[],""works"":[""虽千万人，李敖往矣"",""哈囉李敖""],""certainty"":""confirmed"",""source"":{""book"":""虽千万人，李敖往矣"",""chapter"":""045.2016年8月"",""path"":""《大李敖全集5.0》（wjm_tcy版）分章节/005.诗集语录类/005.虽千万人，李敖往矣/045.2016年8月.txt"",""line"":55,""lines"":[55,57]},""crossReferences"":[],""round"":""2026-07-11-sui-qianwan-li-ao-wangyi-daily-completion"",""dataFile"":""data/timeline-events-sui-qianwan-li-ao-wangyi.json""}"
"29200","2016","2016-08-15","2016年8月15日星期一","day","confirmed","李敖发微博谈“苏起在2005年3月18日送了一本鬼鬼祟祟的书给我，明承他“企图避…”","2016年8月15日，李敖在“哈囉李敖”微博发文：苏起在2005年3月18日送了一本鬼鬼祟祟的书给我，明承他“企图避开一个中国四个字”，才发明“92共识”。所以，今天北京咬住“92共识”是上了李登辉手下苏起的当，该咬的是“一个中国”四个字才对，这样才名正言顺并使声言尊重宪政体制的蔡姑娘无话可说。不料北京只会死咬不会活放，傻屄也！","李敖","","虽千万人，李敖往矣、哈囉李敖、微博、140字","写作线、媒体线、晚年线","虽千万人，李敖往矣、哈囉李敖","","虽千万人，李敖往矣","045.2016年8月","59","《大李敖全集5.0》（wjm_tcy版）分章节/005.诗集语录类/005.虽千万人，李敖往矣/045.2016年8月.txt","","[]","data/timeline-events-sui-qianwan-li-ao-wangyi.json","sui-qianwan-2016-08-15-daily-weibo","{""id"":""sui-qianwan-2016-08-15-daily-weibo"",""date"":""2016-08-15"",""displayDate"":""2016年8月15日星期一"",""datePrecision"":""day"",""title"":""李敖发微博谈“苏起在2005年3月18日送了一本鬼鬼祟祟的书给我，明承他“企图避…”"",""summary"":""2016年8月15日，李敖在“哈囉李敖”微博发文：苏起在2005年3月18日送了一本鬼鬼祟祟的书给我，明承他“企图避开一个中国四个字”，才发明“92共识”。所以，今天北京咬住“92共识”是上了李登辉手下苏起的当，该咬的是“一个中国”四个字才对，这样才名正言顺并使声言尊重宪政体制的蔡姑娘无话可说。不料北京只会死咬不会活放，傻屄也！"",""view"":[""写作线"",""媒体线"",""晚年线""],""tags"":[""虽千万人，李敖往矣"",""哈囉李敖"",""微博"",""140字""],""people"":[""李敖""],""places"":[],""works"":[""虽千万人，李敖往矣"",""哈囉李敖""],""certainty"":""confirmed"",""source"":{""book"":""虽千万人，李敖往矣"",""chapter"":""045.2016年8月"",""path"":""《大李敖全集5.0》（wjm_tcy版）分章节/005.诗集语录类/005.虽千万人，李敖往矣/045.2016年8月.txt"",""line"":59,""lines"":[59,61]},""crossReferences"":[],""round"":""2026-07-11-sui-qianwan-li-ao-wangyi-daily-completion"",""dataFile"":""data/timeline-events-sui-qianwan-li-ao-wangyi.json""}"
"29201","2016","2016-08-16","2016年8月16日星期二","day","confirmed","李敖发微博谈“台湾的前途 我是预言家，我预言台湾：1.被美国出卖，难乎为汉奸”","2016年8月16日，李敖在“哈囉李敖”微博发文：台湾的前途 我是预言家，我预言台湾：1.被美国出卖，难乎为汉奸；2.少子化后，难乎为继；3.真台独不敢、假台独在阳痿中手淫，难乎为台奸；4.同性恋者娘娘腔者当道，只会卖屁眼，难乎为妓；5.祖国会统一、祖国不讨人喜欢、祖国烦死这鬼岛了，最后的悲剧是难乎为祖国。台湾有解脱没有解放，台湾完了。","李敖","","虽千万人，李敖往矣、哈囉李敖、微博、140字","写作线、媒体线、晚年线","虽千万人，李敖往矣、哈囉李敖","","虽千万人，李敖往矣","045.2016年8月","63","《大李敖全集5.0》（wjm_tcy版）分章节/005.诗集语录类/005.虽千万人，李敖往矣/045.2016年8月.txt","","[]","data/timeline-events-sui-qianwan-li-ao-wangyi.json","sui-qianwan-2016-08-16-daily-weibo","{""id"":""sui-qianwan-2016-08-16-daily-weibo"",""date"":""2016-08-16"",""displayDate"":""2016年8月16日星期二"",""datePrecision"":""day"",""title"":""李敖发微博谈“台湾的前途 我是预言家，我预言台湾：1.被美国出卖，难乎为汉奸”"",""summary"":""2016年8月16日，李敖在“哈囉李敖”微博发文：台湾的前途 我是预言家，我预言台湾：1.被美国出卖，难乎为汉奸；2.少子化后，难乎为继；3.真台独不敢、假台独在阳痿中手淫，难乎为台奸；4.同性恋者娘娘腔者当道，只会卖屁眼，难乎为妓；5.祖国会统一、祖国不讨人喜欢、祖国烦死这鬼岛了，最后的悲剧是难乎为祖国。台湾有解脱没有解放，台湾完了。"",""view"":[""写作线"",""媒体线"",""晚年线""],""tags"":[""虽千万人，李敖往矣"",""哈囉李敖"",""微博"",""140字""],""people"":[""李敖""],""places"":[],""works"":[""虽千万人，李敖往矣"",""哈囉李敖""],""certainty"":""confirmed"",""source"":{""book"":""虽千万人，李敖往矣"",""chapter"":""045.2016年8月"",""path"":""《大李敖全集5.0》（wjm_tcy版）分章节/005.诗集语录类/005.虽千万人，李敖往矣/045.2016年8月.txt"",""line"":63,""lines"":[63,65,67]},""crossReferences"":[],""round"":""2026-07-11-sui-qianwan-li-ao-wangyi-daily-completion"",""dataFile"":""data/timeline-events-sui-qianwan-li-ao-wangyi.json""}"
"29202","2016","2016-08-17","2016年8月17日星期三","day","confirmed","李敖发微博谈“国民党不但“挟泥沙俱下”，也江河日下：它死了总裁、死了主席、夹肥而…”","2016年8月17日，李敖在“哈囉李敖”微博发文：国民党不但“挟泥沙俱下”，也江河日下：它死了总裁、死了主席、夹肥而逃了李连吴马主席、卖了中央党部、关了中央日报，最后在伪国会成了少数党。国民党会有俄式“善终”吗？我不相信。俄国国会450席，共产党犹尸居92席，国民党守得住吗？“该死卵朝天”，娘希匹四脚朝天了，安有完卵乎？","李敖","","虽千万人，李敖往矣、哈囉李敖、微博、140字","写作线、媒体线、晚年线","虽千万人，李敖往矣、哈囉李敖","","虽千万人，李敖往矣","045.2016年8月","69","《大李敖全集5.0》（wjm_tcy版）分章节/005.诗集语录类/005.虽千万人，李敖往矣/045.2016年8月.txt","","[]","data/timeline-events-sui-qianwan-li-ao-wangyi.json","sui-qianwan-2016-08-17-daily-weibo","{""id"":""sui-qianwan-2016-08-17-daily-weibo"",""date"":""2016-08-17"",""displayDate"":""2016年8月17日星期三"",""datePrecision"":""day"",""title"":""李敖发微博谈“国民党不但“挟泥沙俱下”，也江河日下：它死了总裁、死了主席、夹肥而…”"",""summary"":""2016年8月17日，李敖在“哈囉李敖”微博发文：国民党不但“挟泥沙俱下”，也江河日下：它死了总裁、死了主席、夹肥而逃了李连吴马主席、卖了中央党部、关了中央日报，最后在伪国会成了少数党。国民党会有俄式“善终”吗？我不相信。俄国国会450席，共产党犹尸居92席，国民党守得住吗？“该死卵朝天”，娘希匹四脚朝天了，安有完卵乎？"",""view"":[""写作线"",""媒体线"",""晚年线""],""tags"":[""虽千万人，李敖往矣"",""哈囉李敖"",""微博"",""140字""],""people"":[""李敖""],""places"":[],""works"":[""虽千万人，李敖往矣"",""哈囉李敖""],""certainty"":""confirmed"",""source"":{""book"":""虽千万人，李敖往矣"",""chapter"":""045.2016年8月"",""path"":""《大李敖全集5.0》（wjm_tcy版）分章节/005.诗集语录类/005.虽千万人，李敖往矣/045.2016年8月.txt"",""line"":69,""lines"":[69,71]},""crossReferences"":[],""round"":""2026-07-11-sui-qianwan-li-ao-wangyi-daily-completion"",""dataFile"":""data/timeline-events-sui-qianwan-li-ao-wangyi.json""}"
"29203","2016","2016-08-18","2016年8月18日星期四","day","confirmed","李敖发微博谈“量子卫星发射了”","2016年8月18日，李敖在“哈囉李敖”微博发文：量子卫星发射了。命名“墨子号”，连墨子的画像都一并上天下地了。中国科学家是不墨守成规的，但宣传上画像一出，就闹了墨守成规的笑话。因为一千多年前古人长得什么模样，我们根本不知道。罗马皇帝卡拉卡拉（Caracalla）的石像犹在，但和他同时的关公却乱画一通。万家墨面，都是假的。","李敖","","虽千万人，李敖往矣、哈囉李敖、微博、140字","写作线、媒体线、晚年线","虽千万人，李敖往矣、哈囉李敖","","虽千万人，李敖往矣","045.2016年8月","73","《大李敖全集5.0》（wjm_tcy版）分章节/005.诗集语录类/005.虽千万人，李敖往矣/045.2016年8月.txt","","[]","data/timeline-events-sui-qianwan-li-ao-wangyi.json","sui-qianwan-2016-08-18-daily-weibo","{""id"":""sui-qianwan-2016-08-18-daily-weibo"",""date"":""2016-08-18"",""displayDate"":""2016年8月18日星期四"",""datePrecision"":""day"",""title"":""李敖发微博谈“量子卫星发射了”"",""summary"":""2016年8月18日，李敖在“哈囉李敖”微博发文：量子卫星发射了。命名“墨子号”，连墨子的画像都一并上天下地了。中国科学家是不墨守成规的，但宣传上画像一出，就闹了墨守成规的笑话。因为一千多年前古人长得什么模样，我们根本不知道。罗马皇帝卡拉卡拉（Caracalla）的石像犹在，但和他同时的关公却乱画一通。万家墨面，都是假的。"",""view"":[""写作线"",""媒体线"",""晚年线""],""tags"":[""虽千万人，李敖往矣"",""哈囉李敖"",""微博"",""140字""],""people"":[""李敖""],""places"":[],""works"":[""虽千万人，李敖往矣"",""哈囉李敖""],""certainty"":""confirmed"",""source"":{""book"":""虽千万人，李敖往矣"",""chapter"":""045.2016年8月"",""path"":""《大李敖全集5.0》（wjm_tcy版）分章节/005.诗集语录类/005.虽千万人，李敖往矣/045.2016年8月.txt"",""line"":73,""lines"":[73,75]},""crossReferences"":[],""round"":""2026-07-11-sui-qianwan-li-ao-wangyi-daily-completion"",""dataFile"":""data/timeline-events-sui-qianwan-li-ao-wangyi.json""}"
"29204","2016","2016-08-19","2016年8月19日星期五","day","confirmed","李敖发微博谈“共产党有很多动人口号，源远流长”","2016年8月19日，李敖在“哈囉李敖”微博发文：共产党有很多动人口号，源远流长。“各尽所能，各取所需”脱胎圣西门（Saint-Simon），圣西门死时马克思才7岁。马克思发扬光大这口号，祸福与共。不料革命成功后，共产党由脱胎变成换骨，口号改成“各尽所能，按需分配”了，个人的道德选择，一下子沦为组织分配。圣西门变成西门大官人了。","李敖","","虽千万人，李敖往矣、哈囉李敖、微博、140字","写作线、媒体线、晚年线","虽千万人，李敖往矣、哈囉李敖","","虽千万人，李敖往矣","045.2016年8月","77","《大李敖全集5.0》（wjm_tcy版）分章节/005.诗集语录类/005.虽千万人，李敖往矣/045.2016年8月.txt","","[]","data/timeline-events-sui-qianwan-li-ao-wangyi.json","sui-qianwan-2016-08-19-daily-weibo","{""id"":""sui-qianwan-2016-08-19-daily-weibo"",""date"":""2016-08-19"",""displayDate"":""2016年8月19日星期五"",""datePrecision"":""day"",""title"":""李敖发微博谈“共产党有很多动人口号，源远流长”"",""summary"":""2016年8月19日，李敖在“哈囉李敖”微博发文：共产党有很多动人口号，源远流长。“各尽所能，各取所需”脱胎圣西门（Saint-Simon），圣西门死时马克思才7岁。马克思发扬光大这口号，祸福与共。不料革命成功后，共产党由脱胎变成换骨，口号改成“各尽所能，按需分配”了，个人的道德选择，一下子沦为组织分配。圣西门变成西门大官人了。"",""view"":[""写作线"",""媒体线"",""晚年线""],""tags"":[""虽千万人，李敖往矣"",""哈囉李敖"",""微博"",""140字""],""people"":[""李敖""],""places"":[],""works"":[""虽千万人，李敖往矣"",""哈囉李敖""],""certainty"":""confirmed"",""source"":{""book"":""虽千万人，李敖往矣"",""chapter"":""045.2016年8月"",""path"":""《大李敖全集5.0》（wjm_tcy版）分章节/005.诗集语录类/005.虽千万人，李敖往矣/045.2016年8月.txt"",""line"":77,""lines"":[77,79]},""crossReferences"":[],""round"":""2026-07-11-sui-qianwan-li-ao-wangyi-daily-completion"",""dataFile"":""data/timeline-events-sui-qianwan-li-ao-wangyi.json""}"
"29205","2016","2016-08-20","2016年8月20日星期六","day","confirmed","李敖发微博谈“马寅初用长寿证明自己对，冯友兰用长寿证明别人错，季羡林用长寿证明自…”","2016年8月20日，李敖在“哈囉李敖”微博发文：马寅初用长寿证明自己对，冯友兰用长寿证明别人错，季羡林用长寿证明自己错，宋美龄用长寿证明长寿错，老乌龟用长寿证明国民党共产党都错错错，玛士撒拉（Methuselah）用长寿969岁证明长寿800岁的彭祖错。理论上长寿是一种成就，但“寿则多辱”，除非活得神气活现，否则早死了也不错。","李敖","","虽千万人，李敖往矣、哈囉李敖、微博、140字","写作线、媒体线、晚年线","虽千万人，李敖往矣、哈囉李敖","","虽千万人，李敖往矣","045.2016年8月","81","《大李敖全集5.0》（wjm_tcy版）分章节/005.诗集语录类/005.虽千万人，李敖往矣/045.2016年8月.txt","","[]","data/timeline-events-sui-qianwan-li-ao-wangyi.json","sui-qianwan-2016-08-20-daily-weibo","{""id"":""sui-qianwan-2016-08-20-daily-weibo"",""date"":""2016-08-20"",""displayDate"":""2016年8月20日星期六"",""datePrecision"":""day"",""title"":""李敖发微博谈“马寅初用长寿证明自己对，冯友兰用长寿证明别人错，季羡林用长寿证明自…”"",""summary"":""2016年8月20日，李敖在“哈囉李敖”微博发文：马寅初用长寿证明自己对，冯友兰用长寿证明别人错，季羡林用长寿证明自己错，宋美龄用长寿证明长寿错，老乌龟用长寿证明国民党共产党都错错错，玛士撒拉（Methuselah）用长寿969岁证明长寿800岁的彭祖错。理论上长寿是一种成就，但“寿则多辱”，除非活得神气活现，否则早死了也不错。"",""view"":[""写作线"",""媒体线"",""晚年线""],""tags"":[""虽千万人，李敖往矣"",""哈囉李敖"",""微博"",""140字""],""people"":[""李敖""],""places"":[],""works"":[""虽千万人，李敖往矣"",""哈囉李敖""],""certainty"":""confirmed"",""source"":{""book"":""虽千万人，李敖往矣"",""chapter"":""045.2016年8月"",""path"":""《大李敖全集5.0》（wjm_tcy版）分章节/005.诗集语录类/005.虽千万人，李敖往矣/045.2016年8月.txt"",""line"":81,""lines"":[81,83]},""crossReferences"":[],""round"":""2026-07-11-sui-qianwan-li-ao-wangyi-daily-completion"",""dataFile"":""data/timeline-events-sui-qianwan-li-ao-wangyi.json""}"
"29206","2016","2016-08-21","2016年8月21日星期日","day","confirmed","李敖发微博谈“《世说新语》描写：“阮籍胸中垒块，故须酒浇之”","2016年8月21日，李敖在“哈囉李敖”微博发文：《世说新语》描写：“阮籍胸中垒块，故须酒浇之。”这段话，演变出“借他人酒杯，浇自己块垒”的成语。到了现代，人变坏了，喜欢“借李敖文章，泄自己私情”了。他们捏造李敖文章，大拍自毛泽东以下国家领导人的马屁；又大骂蔡英文之流。所捧所骂不论是对是错，都不是我写的。特此声明如上。","李敖","","虽千万人，李敖往矣、哈囉李敖、微博、140字","写作线、媒体线、晚年线","虽千万人，李敖往矣、哈囉李敖","","虽千万人，李敖往矣","045.2016年8月","85","《大李敖全集5.0》（wjm_tcy版）分章节/005.诗集语录类/005.虽千万人，李敖往矣/045.2016年8月.txt","","[]","data/timeline-events-sui-qianwan-li-ao-wangyi.json","sui-qianwan-2016-08-21-daily-weibo","{""id"":""sui-qianwan-2016-08-21-daily-weibo"",""date"":""2016-08-21"",""displayDate"":""2016年8月21日星期日"",""datePrecision"":""day"",""title"":""李敖发微博谈“《世说新语》描写：“阮籍胸中垒块，故须酒浇之”"",""summary"":""2016年8月21日，李敖在“哈囉李敖”微博发文：《世说新语》描写：“阮籍胸中垒块，故须酒浇之。”这段话，演变出“借他人酒杯，浇自己块垒”的成语。到了现代，人变坏了，喜欢“借李敖文章，泄自己私情”了。他们捏造李敖文章，大拍自毛泽东以下国家领导人的马屁；又大骂蔡英文之流。所捧所骂不论是对是错，都不是我写的。特此声明如上。"",""view"":[""写作线"",""媒体线"",""晚年线""],""tags"":[""虽千万人，李敖往矣"",""哈囉李敖"",""微博"",""140字""],""people"":[""李敖""],""places"":[],""works"":[""虽千万人，李敖往矣"",""哈囉李敖""],""certainty"":""confirmed"",""source"":{""book"":""虽千万人，李敖往矣"",""chapter"":""045.2016年8月"",""path"":""《大李敖全集5.0》（wjm_tcy版）分章节/005.诗集语录类/005.虽千万人，李敖往矣/045.2016年8月.txt"",""line"":85,""lines"":[85,87]},""crossReferences"":[],""round"":""2026-07-11-sui-qianwan-li-ao-wangyi-daily-completion"",""dataFile"":""data/timeline-events-sui-qianwan-li-ao-wangyi.json""}"
"29207","2016","2016-08-22","2016年8月22日星期一","day","confirmed","李敖发微博谈“可怜有3种：小可怜、老可怜、共产党可怜”","2016年8月22日，李敖在“哈囉李敖”微博发文：可怜有3种：小可怜、老可怜、共产党可怜。可恶的共产党其实很可怜：1.不会游泳，却爱国情殷，摸着石头过河。2.乱流中富国强兵，却因偷吃，功不可没却人已灭顶。3.做的好事没人记得，做的坏事没人忘记。4.宣传退步了，当年会吹牛，现在只会吹牛屄了。5.连李大师都统战不到，令计划破产。","李敖","","虽千万人，李敖往矣、哈囉李敖、微博、140字","写作线、媒体线、晚年线","虽千万人，李敖往矣、哈囉李敖","","虽千万人，李敖往矣","045.2016年8月","89","《大李敖全集5.0》（wjm_tcy版）分章节/005.诗集语录类/005.虽千万人，李敖往矣/045.2016年8月.txt","","[]","data/timeline-events-sui-qianwan-li-ao-wangyi.json","sui-qianwan-2016-08-22-daily-weibo","{""id"":""sui-qianwan-2016-08-22-daily-weibo"",""date"":""2016-08-22"",""displayDate"":""2016年8月22日星期一"",""datePrecision"":""day"",""title"":""李敖发微博谈“可怜有3种：小可怜、老可怜、共产党可怜”"",""summary"":""2016年8月22日，李敖在“哈囉李敖”微博发文：可怜有3种：小可怜、老可怜、共产党可怜。可恶的共产党其实很可怜：1.不会游泳，却爱国情殷，摸着石头过河。2.乱流中富国强兵，却因偷吃，功不可没却人已灭顶。3.做的好事没人记得，做的坏事没人忘记。4.宣传退步了，当年会吹牛，现在只会吹牛屄了。5.连李大师都统战不到，令计划破产。"",""view"":[""写作线"",""媒体线"",""晚年线""],""tags"":[""虽千万人，李敖往矣"",""哈囉李敖"",""微博"",""140字""],""people"":[""李敖""],""places"":[],""works"":[""虽千万人，李敖往矣"",""哈囉李敖""],""certainty"":""confirmed"",""source"":{""book"":""虽千万人，李敖往矣"",""chapter"":""045.2016年8月"",""path"":""《大李敖全集5.0》（wjm_tcy版）分章节/005.诗集语录类/005.虽千万人，李敖往矣/045.2016年8月.txt"",""line"":89,""lines"":[89,91]},""crossReferences"":[],""round"":""2026-07-11-sui-qianwan-li-ao-wangyi-daily-completion"",""dataFile"":""data/timeline-events-sui-qianwan-li-ao-wangyi.json""}"
"29208","2016","2016-08-23","2016年8月23日星期二","day","confirmed","李敖记录自己在台湾六十七年收罗不少国民党史料","《2016年8月》写，李敖说自己在台湾67年，收罗到不少国民党史料，几十年后重读仍怵目惊心；他举出一册秘件《中华民国四十一年十月施政报告》，称其为陈诚手笔，并摘出其中“反攻大陆后”在废墟上重建中国的文字。","李敖、陈诚","台湾","国民党史料、陈诚、施政报告、藏书","藏书线、文献线、书房线","中华民国四十一年十月施政报告、虽千万人，李敖往矣","","虽千万人，李敖往矣","045.2016年8月","95","《大李敖全集5.0》（wjm_tcy版）分章节/005.诗集语录类/005.虽千万人，李敖往矣/045.2016年8月.txt","","[]","data/timeline-events-sui-qianwan-li-ao-wangyi.json","sui-qianwan-2016-08-23-records-kmt-documents-collected-in-taiwan","{""id"":""sui-qianwan-2016-08-23-records-kmt-documents-collected-in-taiwan"",""date"":""2016-08-23"",""displayDate"":""2016年8月23日星期二"",""datePrecision"":""day"",""title"":""李敖记录自己在台湾六十七年收罗不少国民党史料"",""summary"":""《2016年8月》写，李敖说自己在台湾67年，收罗到不少国民党史料，几十年后重读仍怵目惊心；他举出一册秘件《中华民国四十一年十月施政报告》，称其为陈诚手笔，并摘出其中“反攻大陆后”在废墟上重建中国的文字。"",""view"":[""藏书线"",""文献线"",""书房线""],""tags"":[""国民党史料"",""陈诚"",""施政报告"",""藏书""],""people"":[""李敖"",""陈诚""],""places"":[""台湾""],""works"":[""中华民国四十一年十月施政报告"",""虽千万人，李敖往矣""],""certainty"":""confirmed"",""source"":{""book"":""虽千万人，李敖往矣"",""chapter"":""045.2016年8月"",""path"":""《大李敖全集5.0》（wjm_tcy版）分章节/005.诗集语录类/005.虽千万人，李敖往矣/045.2016年8月.txt"",""line"":95},""dataFile"":""data/timeline-events-sui-qianwan-li-ao-wangyi.json""}"
"29209","2016","2016-08-24","2016年8月24日星期三","day","confirmed","李敖发微博谈“伪政府自炫不用“中国台北”（Taipei China），至多藏头缩…”","2016年8月24日，李敖在“哈囉李敖”微博发文：伪政府自炫不用“中国台北”（Taipei China），至多藏头缩尾并歪七扭八的用“中华台北”（Chinese China）来打屁。但骨子里伪政府真这样硬骨头吗？北京上当了：伪政府在加入“亚洲开发银行”（ADB）“欧洲复兴开发银行”（EBRD）“美洲开发银行”（IDB）时，用的都是“中国台北”哟。","李敖","","虽千万人，李敖往矣、哈囉李敖、微博、140字","写作线、媒体线、晚年线","虽千万人，李敖往矣、哈囉李敖","","虽千万人，李敖往矣","045.2016年8月","97","《大李敖全集5.0》（wjm_tcy版）分章节/005.诗集语录类/005.虽千万人，李敖往矣/045.2016年8月.txt","","[]","data/timeline-events-sui-qianwan-li-ao-wangyi.json","sui-qianwan-2016-08-24-daily-weibo","{""id"":""sui-qianwan-2016-08-24-daily-weibo"",""date"":""2016-08-24"",""displayDate"":""2016年8月24日星期三"",""datePrecision"":""day"",""title"":""李敖发微博谈“伪政府自炫不用“中国台北”（Taipei China），至多藏头缩…”"",""summary"":""2016年8月24日，李敖在“哈囉李敖”微博发文：伪政府自炫不用“中国台北”（Taipei China），至多藏头缩尾并歪七扭八的用“中华台北”（Chinese China）来打屁。但骨子里伪政府真这样硬骨头吗？北京上当了：伪政府在加入“亚洲开发银行”（ADB）“欧洲复兴开发银行”（EBRD）“美洲开发银行”（IDB）时，用的都是“中国台北”哟。"",""view"":[""写作线"",""媒体线"",""晚年线""],""tags"":[""虽千万人，李敖往矣"",""哈囉李敖"",""微博"",""140字""],""people"":[""李敖""],""places"":[],""works"":[""虽千万人，李敖往矣"",""哈囉李敖""],""certainty"":""confirmed"",""source"":{""book"":""虽千万人，李敖往矣"",""chapter"":""045.2016年8月"",""path"":""《大李敖全集5.0》（wjm_tcy版）分章节/005.诗集语录类/005.虽千万人，李敖往矣/045.2016年8月.txt"",""line"":97,""lines"":[97,99]},""crossReferences"":[],""round"":""2026-07-11-sui-qianwan-li-ao-wangyi-daily-completion"",""dataFile"":""data/timeline-events-sui-qianwan-li-ao-wangyi.json""}"
"29210","2016","2016-08-25","2016年8月25日星期四","day","confirmed","李敖发微博谈“机器人时代不但来了，来得还排山倒海”","2016年8月25日，李敖在“哈囉李敖”微博发文：机器人时代不但来了，来得还排山倒海。它不单在制造业中锁螺丝钉了，幅度已扩散，从零售、预售、金融、交通、医疗、家政、客服、迎宾、餐饮、信息查询等等等等，都无役不与。说是人工智能的登峰造极吗？其实厚此薄彼，因它无法造出贝多芬的大脑。大脑退化了，造出机器人又算什么智慧呢？","李敖","","虽千万人，李敖往矣、哈囉李敖、微博、140字","写作线、媒体线、晚年线","虽千万人，李敖往矣、哈囉李敖","","虽千万人，李敖往矣","045.2016年8月","101","《大李敖全集5.0》（wjm_tcy版）分章节/005.诗集语录类/005.虽千万人，李敖往矣/045.2016年8月.txt","","[]","data/timeline-events-sui-qianwan-li-ao-wangyi.json","sui-qianwan-2016-08-25-daily-weibo","{""id"":""sui-qianwan-2016-08-25-daily-weibo"",""date"":""2016-08-25"",""displayDate"":""2016年8月25日星期四"",""datePrecision"":""day"",""title"":""李敖发微博谈“机器人时代不但来了，来得还排山倒海”"",""summary"":""2016年8月25日，李敖在“哈囉李敖”微博发文：机器人时代不但来了，来得还排山倒海。它不单在制造业中锁螺丝钉了，幅度已扩散，从零售、预售、金融、交通、医疗、家政、客服、迎宾、餐饮、信息查询等等等等，都无役不与。说是人工智能的登峰造极吗？其实厚此薄彼，因它无法造出贝多芬的大脑。大脑退化了，造出机器人又算什么智慧呢？"",""view"":[""写作线"",""媒体线"",""晚年线""],""tags"":[""虽千万人，李敖往矣"",""哈囉李敖"",""微博"",""140字""],""people"":[""李敖""],""places"":[],""works"":[""虽千万人，李敖往矣"",""哈囉李敖""],""certainty"":""confirmed"",""source"":{""book"":""虽千万人，李敖往矣"",""chapter"":""045.2016年8月"",""path"":""《大李敖全集5.0》（wjm_tcy版）分章节/005.诗集语录类/005.虽千万人，李敖往矣/045.2016年8月.txt"",""line"":101,""lines"":[101,103]},""crossReferences"":[],""round"":""2026-07-11-sui-qianwan-li-ao-wangyi-daily-completion"",""dataFile"":""data/timeline-events-sui-qianwan-li-ao-wangyi.json""}"
"29211","2016","2016-08-26","2016年8月26日星期五","day","confirmed","李敖发微博谈“周联华牧师死了”","2016年8月26日，李敖在“哈囉李敖”微博发文：周联华牧师死了。他一生奉主之名、与人无忤。殷海光死后，殷太太找他办追思礼拜，我不以为然，当面臭他一次。后来他生意日隆，主持蒋介石、蒋经国、蒋孝文丧礼，我大乐。快乐人生要能“坐吃、等死、看热闹”，周联华一生无常、三代白虎，虎视眈眈眈如此，殊堪嘉尚。周联华呀，我要kiss你。","李敖","","虽千万人，李敖往矣、哈囉李敖、微博、140字","写作线、媒体线、晚年线","虽千万人，李敖往矣、哈囉李敖","","虽千万人，李敖往矣","045.2016年8月","105","《大李敖全集5.0》（wjm_tcy版）分章节/005.诗集语录类/005.虽千万人，李敖往矣/045.2016年8月.txt","","[]","data/timeline-events-sui-qianwan-li-ao-wangyi.json","sui-qianwan-2016-08-26-daily-weibo","{""id"":""sui-qianwan-2016-08-26-daily-weibo"",""date"":""2016-08-26"",""displayDate"":""2016年8月26日星期五"",""datePrecision"":""day"",""title"":""李敖发微博谈“周联华牧师死了”"",""summary"":""2016年8月26日，李敖在“哈囉李敖”微博发文：周联华牧师死了。他一生奉主之名、与人无忤。殷海光死后，殷太太找他办追思礼拜，我不以为然，当面臭他一次。后来他生意日隆，主持蒋介石、蒋经国、蒋孝文丧礼，我大乐。快乐人生要能“坐吃、等死、看热闹”，周联华一生无常、三代白虎，虎视眈眈眈如此，殊堪嘉尚。周联华呀，我要kiss你。"",""view"":[""写作线"",""媒体线"",""晚年线""],""tags"":[""虽千万人，李敖往矣"",""哈囉李敖"",""微博"",""140字""],""people"":[""李敖""],""places"":[],""works"":[""虽千万人，李敖往矣"",""哈囉李敖""],""certainty"":""confirmed"",""source"":{""book"":""虽千万人，李敖往矣"",""chapter"":""045.2016年8月"",""path"":""《大李敖全集5.0》（wjm_tcy版）分章节/005.诗集语录类/005.虽千万人，李敖往矣/045.2016年8月.txt"",""line"":105,""lines"":[105,107]},""crossReferences"":[],""round"":""2026-07-11-sui-qianwan-li-ao-wangyi-daily-completion"",""dataFile"":""data/timeline-events-sui-qianwan-li-ao-wangyi.json""}"
"29212","2016","2016-08-27","2016年8月27日星期六","day","confirmed","李敖发微博谈“女人比男人有很多优点，但在搞政治上，却有怪毛病”","2016年8月27日，李敖在“哈囉李敖”微博发文：女人比男人有很多优点，但在搞政治上，却有怪毛病。希腊哲学家早就看出女人生理结构上的偏差。这种偏差，可以矫正。重点是她能否给丈夫做早餐。这一关口做不到，她就很难把自己定位清楚、很难变成成功的女强人。蔡英文的致命伤是她没有早餐做定位，她遇人不淑，所遇都是烂货，自己也完了。","李敖","","虽千万人，李敖往矣、哈囉李敖、微博、140字","写作线、媒体线、晚年线","虽千万人，李敖往矣、哈囉李敖","","虽千万人，李敖往矣","045.2016年8月","109","《大李敖全集5.0》（wjm_tcy版）分章节/005.诗集语录类/005.虽千万人，李敖往矣/045.2016年8月.txt","","[]","data/timeline-events-sui-qianwan-li-ao-wangyi.json","sui-qianwan-2016-08-27-daily-weibo","{""id"":""sui-qianwan-2016-08-27-daily-weibo"",""date"":""2016-08-27"",""displayDate"":""2016年8月27日星期六"",""datePrecision"":""day"",""title"":""李敖发微博谈“女人比男人有很多优点，但在搞政治上，却有怪毛病”"",""summary"":""2016年8月27日，李敖在“哈囉李敖”微博发文：女人比男人有很多优点，但在搞政治上，却有怪毛病。希腊哲学家早就看出女人生理结构上的偏差。这种偏差，可以矫正。重点是她能否给丈夫做早餐。这一关口做不到，她就很难把自己定位清楚、很难变成成功的女强人。蔡英文的致命伤是她没有早餐做定位，她遇人不淑，所遇都是烂货，自己也完了。"",""view"":[""写作线"",""媒体线"",""晚年线""],""tags"":[""虽千万人，李敖往矣"",""哈囉李敖"",""微博"",""140字""],""people"":[""李敖""],""places"":[],""works"":[""虽千万人，李敖往矣"",""哈囉李敖""],""certainty"":""confirmed"",""source"":{""book"":""虽千万人，李敖往矣"",""chapter"":""045.2016年8月"",""path"":""《大李敖全集5.0》（wjm_tcy版）分章节/005.诗集语录类/005.虽千万人，李敖往矣/045.2016年8月.txt"",""line"":109,""lines"":[109,111]},""crossReferences"":[],""round"":""2026-07-11-sui-qianwan-li-ao-wangyi-daily-completion"",""dataFile"":""data/timeline-events-sui-qianwan-li-ao-wangyi.json""}"
"29213","2016","2016-08-28","2016年8月28日星期日","day","confirmed","李敖发微博谈“台湾的伪国防部长公然信济公，公然下拜”","2016年8月28日，李敖在“哈囉李敖”微博发文：台湾的伪国防部长公然信济公，公然下拜；台湾的黑心企业家（郭台铭之流）公然信关公，公然磕头。济公关公本是中国不入流的民间信仰的主角，但犹存淳朴和忠义。如今在台湾沦为妖神与财神，淳朴和忠义都随烂人而不成人形、不成神形：济公会为汉奸台奸服务吗？关公会为美国人做狗腿代工吗？","李敖","","虽千万人，李敖往矣、哈囉李敖、微博、140字","写作线、媒体线、晚年线","虽千万人，李敖往矣、哈囉李敖","","虽千万人，李敖往矣","045.2016年8月","113","《大李敖全集5.0》（wjm_tcy版）分章节/005.诗集语录类/005.虽千万人，李敖往矣/045.2016年8月.txt","","[]","data/timeline-events-sui-qianwan-li-ao-wangyi.json","sui-qianwan-2016-08-28-daily-weibo","{""id"":""sui-qianwan-2016-08-28-daily-weibo"",""date"":""2016-08-28"",""displayDate"":""2016年8月28日星期日"",""datePrecision"":""day"",""title"":""李敖发微博谈“台湾的伪国防部长公然信济公，公然下拜”"",""summary"":""2016年8月28日，李敖在“哈囉李敖”微博发文：台湾的伪国防部长公然信济公，公然下拜；台湾的黑心企业家（郭台铭之流）公然信关公，公然磕头。济公关公本是中国不入流的民间信仰的主角，但犹存淳朴和忠义。如今在台湾沦为妖神与财神，淳朴和忠义都随烂人而不成人形、不成神形：济公会为汉奸台奸服务吗？关公会为美国人做狗腿代工吗？"",""view"":[""写作线"",""媒体线"",""晚年线""],""tags"":[""虽千万人，李敖往矣"",""哈囉李敖"",""微博"",""140字""],""people"":[""李敖""],""places"":[],""works"":[""虽千万人，李敖往矣"",""哈囉李敖""],""certainty"":""confirmed"",""source"":{""book"":""虽千万人，李敖往矣"",""chapter"":""045.2016年8月"",""path"":""《大李敖全集5.0》（wjm_tcy版）分章节/005.诗集语录类/005.虽千万人，李敖往矣/045.2016年8月.txt"",""line"":113,""lines"":[113,115]},""crossReferences"":[],""round"":""2026-07-11-sui-qianwan-li-ao-wangyi-daily-completion"",""dataFile"":""data/timeline-events-sui-qianwan-li-ao-wangyi.json""}"
"29214","2016","2016-08-29","2016年8月29日星期一","day","confirmed","李敖列出自己“不吃三粒以上花生米、不用手机、不开汽车”等生活戒条","《2016年8月》写，2016年8月29日，李敖用一长串“不”列出自己的生活习惯：不抽烟、不喝酒、不摸女人、不买股票、不打牌、不信宗教、不参加婚丧喜庆、不用信用卡、不用手机、不开汽车等，并以“我快乐”收束。这是晚年自我日常画像。","李敖","台湾","生活习惯、不用手机、不开汽车、戒条","日常线、晚年线","虽千万人，李敖往矣","","虽千万人，李敖往矣","045.2016年8月","119","《大李敖全集5.0》（wjm_tcy版）分章节/005.诗集语录类/005.虽千万人，李敖往矣/045.2016年8月.txt","","[]","data/timeline-events-sui-qianwan-li-ao-wangyi.json","sui-qianwan-2016-08-29-lists-personal-abstinences-and-daily-habits","{""id"":""sui-qianwan-2016-08-29-lists-personal-abstinences-and-daily-habits"",""date"":""2016-08-29"",""displayDate"":""2016年8月29日星期一"",""datePrecision"":""day"",""title"":""李敖列出自己“不吃三粒以上花生米、不用手机、不开汽车”等生活戒条"",""summary"":""《2016年8月》写，2016年8月29日，李敖用一长串“不”列出自己的生活习惯：不抽烟、不喝酒、不摸女人、不买股票、不打牌、不信宗教、不参加婚丧喜庆、不用信用卡、不用手机、不开汽车等，并以“我快乐”收束。这是晚年自我日常画像。"",""view"":[""日常线"",""晚年线""],""tags"":[""生活习惯"",""不用手机"",""不开汽车"",""戒条""],""people"":[""李敖""],""places"":[""台湾""],""works"":[""虽千万人，李敖往矣""],""certainty"":""confirmed"",""source"":{""book"":""虽千万人，李敖往矣"",""chapter"":""045.2016年8月"",""path"":""《大李敖全集5.0》（wjm_tcy版）分章节/005.诗集语录类/005.虽千万人，李敖往矣/045.2016年8月.txt"",""line"":119},""dataFile"":""data/timeline-events-sui-qianwan-li-ao-wangyi.json""}"
"29215","2016","2016-08-30","2016年8月30日星期二","day","confirmed","李敖发微博谈“爱自由吗”","2016年8月30日，李敖在“哈囉李敖”微博发文：爱自由吗？开门找自由，自由被万恶的政府挡住；关门找自由，自由居然在门后、在你家里，想不到吧？原来自由不自由并不全由政府决定，你可控制关门后的“逃世”部分，门一关，门外的都可疏离。与人为善的第一步竟是与人疏离！“我欲仁，斯仁至矣”，孔夫子吹的牛，你可以再吹，只要肯关门。","李敖","","虽千万人，李敖往矣、哈囉李敖、微博、140字","写作线、媒体线、晚年线","虽千万人，李敖往矣、哈囉李敖","","虽千万人，李敖往矣","045.2016年8月","121","《大李敖全集5.0》（wjm_tcy版）分章节/005.诗集语录类/005.虽千万人，李敖往矣/045.2016年8月.txt","","[]","data/timeline-events-sui-qianwan-li-ao-wangyi.json","sui-qianwan-2016-08-30-daily-weibo","{""id"":""sui-qianwan-2016-08-30-daily-weibo"",""date"":""2016-08-30"",""displayDate"":""2016年8月30日星期二"",""datePrecision"":""day"",""title"":""李敖发微博谈“爱自由吗”"",""summary"":""2016年8月30日，李敖在“哈囉李敖”微博发文：爱自由吗？开门找自由，自由被万恶的政府挡住；关门找自由，自由居然在门后、在你家里，想不到吧？原来自由不自由并不全由政府决定，你可控制关门后的“逃世”部分，门一关，门外的都可疏离。与人为善的第一步竟是与人疏离！“我欲仁，斯仁至矣”，孔夫子吹的牛，你可以再吹，只要肯关门。"",""view"":[""写作线"",""媒体线"",""晚年线""],""tags"":[""虽千万人，李敖往矣"",""哈囉李敖"",""微博"",""140字""],""people"":[""李敖""],""places"":[],""works"":[""虽千万人，李敖往矣"",""哈囉李敖""],""certainty"":""confirmed"",""source"":{""book"":""虽千万人，李敖往矣"",""chapter"":""045.2016年8月"",""path"":""《大李敖全集5.0》（wjm_tcy版）分章节/005.诗集语录类/005.虽千万人，李敖往矣/045.2016年8月.txt"",""line"":121,""lines"":[121,123]},""crossReferences"":[],""round"":""2026-07-11-sui-qianwan-li-ao-wangyi-daily-completion"",""dataFile"":""data/timeline-events-sui-qianwan-li-ao-wangyi.json""}"
"29216","2016","2016-08-31","2016年8月31日星期三","day","confirmed","李敖发微博谈“57年前，胡适提出一个观点，他说我们拿笔杆发表思想的人，不要太看轻…”","2016年8月31日，李敖在“哈囉李敖”微博发文：57年前，胡适提出一个观点，他说我们拿笔杆发表思想的人，不要太看轻自己。我们也是有权有势的人。我们有的，不是那种幼稚的势力。我们不是弱者。我们也是强者。我们的力量是凭人类的良知而存在的。57年过去了，我越来越受到他的话的鼓舞了，虽然我越来越发现：前不见古人后不见来者了。","李敖","","虽千万人，李敖往矣、哈囉李敖、微博、140字","写作线、媒体线、晚年线","虽千万人，李敖往矣、哈囉李敖","","虽千万人，李敖往矣","045.2016年8月","125","《大李敖全集5.0》（wjm_tcy版）分章节/005.诗集语录类/005.虽千万人，李敖往矣/045.2016年8月.txt","","[]","data/timeline-events-sui-qianwan-li-ao-wangyi.json","sui-qianwan-2016-08-31-daily-weibo","{""id"":""sui-qianwan-2016-08-31-daily-weibo"",""date"":""2016-08-31"",""displayDate"":""2016年8月31日星期三"",""datePrecision"":""day"",""title"":""李敖发微博谈“57年前，胡适提出一个观点，他说我们拿笔杆发表思想的人，不要太看轻…”"",""summary"":""2016年8月31日，李敖在“哈囉李敖”微博发文：57年前，胡适提出一个观点，他说我们拿笔杆发表思想的人，不要太看轻自己。我们也是有权有势的人。我们有的，不是那种幼稚的势力。我们不是弱者。我们也是强者。我们的力量是凭人类的良知而存在的。57年过去了，我越来越受到他的话的鼓舞了，虽然我越来越发现：前不见古人后不见来者了。"",""view"":[""写作线"",""媒体线"",""晚年线""],""tags"":[""虽千万人，李敖往矣"",""哈囉李敖"",""微博"",""140字""],""people"":[""李敖""],""places"":[],""works"":[""虽千万人，李敖往矣"",""哈囉李敖""],""certainty"":""confirmed"",""source"":{""book"":""虽千万人，李敖往矣"",""chapter"":""045.2016年8月"",""path"":""《大李敖全集5.0》（wjm_tcy版）分章节/005.诗集语录类/005.虽千万人，李敖往矣/045.2016年8月.txt"",""line"":125,""lines"":[125,127]},""crossReferences"":[],""round"":""2026-07-11-sui-qianwan-li-ao-wangyi-daily-completion"",""dataFile"":""data/timeline-events-sui-qianwan-li-ao-wangyi.json""}"
"29217","2016","2016-09-01","2016年9月1日星期四","day","confirmed","李敖发微博谈“共产党很命苦，付了28年青春才打到天下”","2016年9月1日，李敖在“哈囉李敖”微博发文：共产党很命苦，付了28年青春才打到天下。然后就三反五反100反，折腾到憬悟“穷不是共产主义”才罢休。本来打算韬光养晦蔫坏的，但美帝找敌人，很快就锁定了你。只好迎上前去做大国了。这世界小国是不能做的，做到新加坡又怎样？它只是放不大的小写字母，扭来扭去，仍是个没鸡巴的小s。","李敖","","虽千万人，李敖往矣、哈囉李敖、微博、140字","写作线、媒体线、晚年线","虽千万人，李敖往矣、哈囉李敖","","虽千万人，李敖往矣","046.2016年9月","3","《大李敖全集5.0》（wjm_tcy版）分章节/005.诗集语录类/005.虽千万人，李敖往矣/046.2016年9月.txt","","[]","data/timeline-events-sui-qianwan-li-ao-wangyi.json","sui-qianwan-2016-09-01-daily-weibo","{""id"":""sui-qianwan-2016-09-01-daily-weibo"",""date"":""2016-09-01"",""displayDate"":""2016年9月1日星期四"",""datePrecision"":""day"",""title"":""李敖发微博谈“共产党很命苦，付了28年青春才打到天下”"",""summary"":""2016年9月1日，李敖在“哈囉李敖”微博发文：共产党很命苦，付了28年青春才打到天下。然后就三反五反100反，折腾到憬悟“穷不是共产主义”才罢休。本来打算韬光养晦蔫坏的，但美帝找敌人，很快就锁定了你。只好迎上前去做大国了。这世界小国是不能做的，做到新加坡又怎样？它只是放不大的小写字母，扭来扭去，仍是个没鸡巴的小s。"",""view"":[""写作线"",""媒体线"",""晚年线""],""tags"":[""虽千万人，李敖往矣"",""哈囉李敖"",""微博"",""140字""],""people"":[""李敖""],""places"":[],""works"":[""虽千万人，李敖往矣"",""哈囉李敖""],""certainty"":""confirmed"",""source"":{""book"":""虽千万人，李敖往矣"",""chapter"":""046.2016年9月"",""path"":""《大李敖全集5.0》（wjm_tcy版）分章节/005.诗集语录类/005.虽千万人，李敖往矣/046.2016年9月.txt"",""line"":3,""lines"":[3,5]},""crossReferences"":[],""round"":""2026-07-11-sui-qianwan-li-ao-wangyi-daily-completion"",""dataFile"":""data/timeline-events-sui-qianwan-li-ao-wangyi.json""}"
"29218","2016","2016-09-02","2016年9月2日星期五","day","confirmed","李敖发微博谈“只知道1842英国吃掉中国的香港，却忽畧1845美国吃掉墨西哥的得…”","2016年9月2日，李敖在“哈囉李敖”微博发文：只知道1842英国吃掉中国的香港，却忽畧1845美国吃掉墨西哥的得克萨斯。只是中共硬鸡鸡，吓得英国吐出来；墨西哥软，美国不但咬住不放，并且声言盖道长城区隔之！当年美国挖走的墨西哥国土，不止得克萨斯，而是墨西哥的一半！美帝美帝是这样妈的屄！真期期墨西哥能向中共哥哥学习硬鸡鸡！","李敖","","虽千万人，李敖往矣、哈囉李敖、微博、140字","写作线、媒体线、晚年线","虽千万人，李敖往矣、哈囉李敖","","虽千万人，李敖往矣","046.2016年9月","7","《大李敖全集5.0》（wjm_tcy版）分章节/005.诗集语录类/005.虽千万人，李敖往矣/046.2016年9月.txt","","[]","data/timeline-events-sui-qianwan-li-ao-wangyi.json","sui-qianwan-2016-09-02-daily-weibo","{""id"":""sui-qianwan-2016-09-02-daily-weibo"",""date"":""2016-09-02"",""displayDate"":""2016年9月2日星期五"",""datePrecision"":""day"",""title"":""李敖发微博谈“只知道1842英国吃掉中国的香港，却忽畧1845美国吃掉墨西哥的得…”"",""summary"":""2016年9月2日，李敖在“哈囉李敖”微博发文：只知道1842英国吃掉中国的香港，却忽畧1845美国吃掉墨西哥的得克萨斯。只是中共硬鸡鸡，吓得英国吐出来；墨西哥软，美国不但咬住不放，并且声言盖道长城区隔之！当年美国挖走的墨西哥国土，不止得克萨斯，而是墨西哥的一半！美帝美帝是这样妈的屄！真期期墨西哥能向中共哥哥学习硬鸡鸡！"",""view"":[""写作线"",""媒体线"",""晚年线""],""tags"":[""虽千万人，李敖往矣"",""哈囉李敖"",""微博"",""140字""],""people"":[""李敖""],""places"":[],""works"":[""虽千万人，李敖往矣"",""哈囉李敖""],""certainty"":""confirmed"",""source"":{""book"":""虽千万人，李敖往矣"",""chapter"":""046.2016年9月"",""path"":""《大李敖全集5.0》（wjm_tcy版）分章节/005.诗集语录类/005.虽千万人，李敖往矣/046.2016年9月.txt"",""line"":7,""lines"":[7,9]},""crossReferences"":[],""round"":""2026-07-11-sui-qianwan-li-ao-wangyi-daily-completion"",""dataFile"":""data/timeline-events-sui-qianwan-li-ao-wangyi.json""}"
"29219","2016","2016-09-03","2016年9月3日星期六","day","confirmed","李敖发微博谈“说墨西哥人偷渡美国，但是，有良知的墨西哥人却不这样想：第一，我们的…”","2016年9月3日，李敖在“哈囉李敖”微博发文：说墨西哥人偷渡美国，但是，有良知的墨西哥人却不这样想：第一，我们的国土被你们美国巧取豪夺了一半，我们是回到我家，并非来到你家。第二，我们的经济被掐在22个财团手中、跨国公司挖走了90%的市场，祸首是你们美国。我们溜到美国，不单讨饭，还讨公道：让拉美人遍地花旗吧，我肏你。","李敖","","虽千万人，李敖往矣、哈囉李敖、微博、140字","写作线、媒体线、晚年线","虽千万人，李敖往矣、哈囉李敖","","虽千万人，李敖往矣","046.2016年9月","11","《大李敖全集5.0》（wjm_tcy版）分章节/005.诗集语录类/005.虽千万人，李敖往矣/046.2016年9月.txt","","[]","data/timeline-events-sui-qianwan-li-ao-wangyi.json","sui-qianwan-2016-09-03-daily-weibo","{""id"":""sui-qianwan-2016-09-03-daily-weibo"",""date"":""2016-09-03"",""displayDate"":""2016年9月3日星期六"",""datePrecision"":""day"",""title"":""李敖发微博谈“说墨西哥人偷渡美国，但是，有良知的墨西哥人却不这样想：第一，我们的…”"",""summary"":""2016年9月3日，李敖在“哈囉李敖”微博发文：说墨西哥人偷渡美国，但是，有良知的墨西哥人却不这样想：第一，我们的国土被你们美国巧取豪夺了一半，我们是回到我家，并非来到你家。第二，我们的经济被掐在22个财团手中、跨国公司挖走了90%的市场，祸首是你们美国。我们溜到美国，不单讨饭，还讨公道：让拉美人遍地花旗吧，我肏你。"",""view"":[""写作线"",""媒体线"",""晚年线""],""tags"":[""虽千万人，李敖往矣"",""哈囉李敖"",""微博"",""140字""],""people"":[""李敖""],""places"":[],""works"":[""虽千万人，李敖往矣"",""哈囉李敖""],""certainty"":""confirmed"",""source"":{""book"":""虽千万人，李敖往矣"",""chapter"":""046.2016年9月"",""path"":""《大李敖全集5.0》（wjm_tcy版）分章节/005.诗集语录类/005.虽千万人，李敖往矣/046.2016年9月.txt"",""line"":11,""lines"":[11,13]},""crossReferences"":[],""round"":""2026-07-11-sui-qianwan-li-ao-wangyi-daily-completion"",""dataFile"":""data/timeline-events-sui-qianwan-li-ao-wangyi.json""}"
"29220","2016","2016-09-04","2016年9月4日星期日","day","confirmed","李敖发微博谈“共产党是善斗的集团，“内斗内行、外斗也内行””","2016年9月4日，李敖在“哈囉李敖”微博发文：共产党是善斗的集团，“内斗内行、外斗也内行”；国民党民进党望斗莫及，只会宫廷政治。权力最后落到女人手里，就出来西太后。西太后对内会夺权，对外就一筹莫展。蔡英文就是“对内内行，对外外行”的台湾土产西太后。但西太后比土产西太后有见识：台湾的宿命就该被管，是不能自己当家的。","李敖","","虽千万人，李敖往矣、哈囉李敖、微博、140字","写作线、媒体线、晚年线","虽千万人，李敖往矣、哈囉李敖","","虽千万人，李敖往矣","046.2016年9月","15","《大李敖全集5.0》（wjm_tcy版）分章节/005.诗集语录类/005.虽千万人，李敖往矣/046.2016年9月.txt","","[]","data/timeline-events-sui-qianwan-li-ao-wangyi.json","sui-qianwan-2016-09-04-daily-weibo","{""id"":""sui-qianwan-2016-09-04-daily-weibo"",""date"":""2016-09-04"",""displayDate"":""2016年9月4日星期日"",""datePrecision"":""day"",""title"":""李敖发微博谈“共产党是善斗的集团，“内斗内行、外斗也内行””"",""summary"":""2016年9月4日，李敖在“哈囉李敖”微博发文：共产党是善斗的集团，“内斗内行、外斗也内行”；国民党民进党望斗莫及，只会宫廷政治。权力最后落到女人手里，就出来西太后。西太后对内会夺权，对外就一筹莫展。蔡英文就是“对内内行，对外外行”的台湾土产西太后。但西太后比土产西太后有见识：台湾的宿命就该被管，是不能自己当家的。"",""view"":[""写作线"",""媒体线"",""晚年线""],""tags"":[""虽千万人，李敖往矣"",""哈囉李敖"",""微博"",""140字""],""people"":[""李敖""],""places"":[],""works"":[""虽千万人，李敖往矣"",""哈囉李敖""],""certainty"":""confirmed"",""source"":{""book"":""虽千万人，李敖往矣"",""chapter"":""046.2016年9月"",""path"":""《大李敖全集5.0》（wjm_tcy版）分章节/005.诗集语录类/005.虽千万人，李敖往矣/046.2016年9月.txt"",""line"":15,""lines"":[15,17]},""crossReferences"":[],""round"":""2026-07-11-sui-qianwan-li-ao-wangyi-daily-completion"",""dataFile"":""data/timeline-events-sui-qianwan-li-ao-wangyi.json""}"
"29221","2016","2016-09-05","2016年9月5日星期一","day","confirmed","李敖发微博谈“95年来，共产党打主要敌人、打次要敌人，打呀打的，从没上过当”","2016年9月5日，李敖在“哈囉李敖”微博发文：95年来，共产党打主要敌人、打次要敌人，打呀打的，从没上过当。但今天打的台独，却上了当。因为台独只是幽灵，并不存在。台独只是一群懦种的口腔期梦呓、粉拳绣腿的假动作，从来不是真的、也从来不敢玩真的。台独从没抛过头颅，共产党却把赝品当真货，多蠢哟！小偷骗了贼祖宗，共产党哟！","李敖","","虽千万人，李敖往矣、哈囉李敖、微博、140字","写作线、媒体线、晚年线","虽千万人，李敖往矣、哈囉李敖","","虽千万人，李敖往矣","046.2016年9月","19","《大李敖全集5.0》（wjm_tcy版）分章节/005.诗集语录类/005.虽千万人，李敖往矣/046.2016年9月.txt","","[]","data/timeline-events-sui-qianwan-li-ao-wangyi.json","sui-qianwan-2016-09-05-daily-weibo","{""id"":""sui-qianwan-2016-09-05-daily-weibo"",""date"":""2016-09-05"",""displayDate"":""2016年9月5日星期一"",""datePrecision"":""day"",""title"":""李敖发微博谈“95年来，共产党打主要敌人、打次要敌人，打呀打的，从没上过当”"",""summary"":""2016年9月5日，李敖在“哈囉李敖”微博发文：95年来，共产党打主要敌人、打次要敌人，打呀打的，从没上过当。但今天打的台独，却上了当。因为台独只是幽灵，并不存在。台独只是一群懦种的口腔期梦呓、粉拳绣腿的假动作，从来不是真的、也从来不敢玩真的。台独从没抛过头颅，共产党却把赝品当真货，多蠢哟！小偷骗了贼祖宗，共产党哟！"",""view"":[""写作线"",""媒体线"",""晚年线""],""tags"":[""虽千万人，李敖往矣"",""哈囉李敖"",""微博"",""140字""],""people"":[""李敖""],""places"":[],""works"":[""虽千万人，李敖往矣"",""哈囉李敖""],""certainty"":""confirmed"",""source"":{""book"":""虽千万人，李敖往矣"",""chapter"":""046.2016年9月"",""path"":""《大李敖全集5.0》（wjm_tcy版）分章节/005.诗集语录类/005.虽千万人，李敖往矣/046.2016年9月.txt"",""line"":19,""lines"":[19,21]},""crossReferences"":[],""round"":""2026-07-11-sui-qianwan-li-ao-wangyi-daily-completion"",""dataFile"":""data/timeline-events-sui-qianwan-li-ao-wangyi.json""}"
"29222","2016","2016-09-06","2016年9月6日星期二","day","confirmed","李敖发微博谈“国民党要给李敖戴帽子”","2016年9月6日，李敖在“哈囉李敖”微博发文：国民党要给李敖戴帽子。红卫兵流行时，我年纪相当，但戴这帽子有流弊，乃逃过一劫。后来改戴台独帽子。一年后，发现我不但反台独，连台湾话（实为闽南话）都不会说。移送军法前，大特务偷对我说：“原来你不会说台湾话。”我笑答道：“小意思小意思，英国国王乔治第一还不会说英文呢！”","李敖","","虽千万人，李敖往矣、哈囉李敖、微博、140字","写作线、媒体线、晚年线","虽千万人，李敖往矣、哈囉李敖","","虽千万人，李敖往矣","046.2016年9月","23","《大李敖全集5.0》（wjm_tcy版）分章节/005.诗集语录类/005.虽千万人，李敖往矣/046.2016年9月.txt","","[]","data/timeline-events-sui-qianwan-li-ao-wangyi.json","sui-qianwan-2016-09-06-daily-weibo","{""id"":""sui-qianwan-2016-09-06-daily-weibo"",""date"":""2016-09-06"",""displayDate"":""2016年9月6日星期二"",""datePrecision"":""day"",""title"":""李敖发微博谈“国民党要给李敖戴帽子”"",""summary"":""2016年9月6日，李敖在“哈囉李敖”微博发文：国民党要给李敖戴帽子。红卫兵流行时，我年纪相当，但戴这帽子有流弊，乃逃过一劫。后来改戴台独帽子。一年后，发现我不但反台独，连台湾话（实为闽南话）都不会说。移送军法前，大特务偷对我说：“原来你不会说台湾话。”我笑答道：“小意思小意思，英国国王乔治第一还不会说英文呢！”"",""view"":[""写作线"",""媒体线"",""晚年线""],""tags"":[""虽千万人，李敖往矣"",""哈囉李敖"",""微博"",""140字""],""people"":[""李敖""],""places"":[],""works"":[""虽千万人，李敖往矣"",""哈囉李敖""],""certainty"":""confirmed"",""source"":{""book"":""虽千万人，李敖往矣"",""chapter"":""046.2016年9月"",""path"":""《大李敖全集5.0》（wjm_tcy版）分章节/005.诗集语录类/005.虽千万人，李敖往矣/046.2016年9月.txt"",""line"":23,""lines"":[23,25]},""crossReferences"":[],""round"":""2026-07-11-sui-qianwan-li-ao-wangyi-daily-completion"",""dataFile"":""data/timeline-events-sui-qianwan-li-ao-wangyi.json""}"
"29223","2016","2016-09-07","2016年9月7日星期三","day","confirmed","李敖发微博谈“乔治第一（George I）1660生在欧洲大陆，阴错阳差，54岁…”","2016年9月7日，李敖在“哈囉李敖”微博发文：乔治第一（George I）1660生在欧洲大陆，阴错阳差，54岁成了英国国王。他说了54年日耳曼话，一句英文都不会，当了皇上与大臣言语不通。他不出席内阁会议，落得清静。内阁大臣和国会议员趁虚而入，使英国变成内阁制直到今天。多有趣啊：什么民主！什么内阁制！都来自菜英文，政治太菜了！","李敖","","虽千万人，李敖往矣、哈囉李敖、微博、140字","写作线、媒体线、晚年线","虽千万人，李敖往矣、哈囉李敖","","虽千万人，李敖往矣","046.2016年9月","27","《大李敖全集5.0》（wjm_tcy版）分章节/005.诗集语录类/005.虽千万人，李敖往矣/046.2016年9月.txt","","[]","data/timeline-events-sui-qianwan-li-ao-wangyi.json","sui-qianwan-2016-09-07-daily-weibo","{""id"":""sui-qianwan-2016-09-07-daily-weibo"",""date"":""2016-09-07"",""displayDate"":""2016年9月7日星期三"",""datePrecision"":""day"",""title"":""李敖发微博谈“乔治第一（George I）1660生在欧洲大陆，阴错阳差，54岁…”"",""summary"":""2016年9月7日，李敖在“哈囉李敖”微博发文：乔治第一（George I）1660生在欧洲大陆，阴错阳差，54岁成了英国国王。他说了54年日耳曼话，一句英文都不会，当了皇上与大臣言语不通。他不出席内阁会议，落得清静。内阁大臣和国会议员趁虚而入，使英国变成内阁制直到今天。多有趣啊：什么民主！什么内阁制！都来自菜英文，政治太菜了！"",""view"":[""写作线"",""媒体线"",""晚年线""],""tags"":[""虽千万人，李敖往矣"",""哈囉李敖"",""微博"",""140字""],""people"":[""李敖""],""places"":[],""works"":[""虽千万人，李敖往矣"",""哈囉李敖""],""certainty"":""confirmed"",""source"":{""book"":""虽千万人，李敖往矣"",""chapter"":""046.2016年9月"",""path"":""《大李敖全集5.0》（wjm_tcy版）分章节/005.诗集语录类/005.虽千万人，李敖往矣/046.2016年9月.txt"",""line"":27,""lines"":[27,29]},""crossReferences"":[],""round"":""2026-07-11-sui-qianwan-li-ao-wangyi-daily-completion"",""dataFile"":""data/timeline-events-sui-qianwan-li-ao-wangyi.json""}"
"29224","2016","2016-09-08","2016年9月8日星期四","day","confirmed","李敖发微博谈“银行怕挤兑，因没那么多钱应付钱滚钱”","2016年9月8日，李敖在“哈囉李敖”微博发文：银行怕挤兑，因没那么多钱应付钱滚钱；监狱怕暴动，因没那么多人支持人钉人，恒定要靠氛围，一旦冲破了氛围，地动山摇矣。当年苏联解体，原因之一就在人民不鸟政府了。今天的台湾，遭遇68个单位接力罢工，人民不鸟政府了。蔡的古义是放逐，“周公诛管叔而蔡蔡叔”就是放逐蔡叔。别了，蔡妞。","李敖","","虽千万人，李敖往矣、哈囉李敖、微博、140字","写作线、媒体线、晚年线","虽千万人，李敖往矣、哈囉李敖","","虽千万人，李敖往矣","046.2016年9月","31","《大李敖全集5.0》（wjm_tcy版）分章节/005.诗集语录类/005.虽千万人，李敖往矣/046.2016年9月.txt","","[]","data/timeline-events-sui-qianwan-li-ao-wangyi.json","sui-qianwan-2016-09-08-daily-weibo","{""id"":""sui-qianwan-2016-09-08-daily-weibo"",""date"":""2016-09-08"",""displayDate"":""2016年9月8日星期四"",""datePrecision"":""day"",""title"":""李敖发微博谈“银行怕挤兑，因没那么多钱应付钱滚钱”"",""summary"":""2016年9月8日，李敖在“哈囉李敖”微博发文：银行怕挤兑，因没那么多钱应付钱滚钱；监狱怕暴动，因没那么多人支持人钉人，恒定要靠氛围，一旦冲破了氛围，地动山摇矣。当年苏联解体，原因之一就在人民不鸟政府了。今天的台湾，遭遇68个单位接力罢工，人民不鸟政府了。蔡的古义是放逐，“周公诛管叔而蔡蔡叔”就是放逐蔡叔。别了，蔡妞。"",""view"":[""写作线"",""媒体线"",""晚年线""],""tags"":[""虽千万人，李敖往矣"",""哈囉李敖"",""微博"",""140字""],""people"":[""李敖""],""places"":[],""works"":[""虽千万人，李敖往矣"",""哈囉李敖""],""certainty"":""confirmed"",""source"":{""book"":""虽千万人，李敖往矣"",""chapter"":""046.2016年9月"",""path"":""《大李敖全集5.0》（wjm_tcy版）分章节/005.诗集语录类/005.虽千万人，李敖往矣/046.2016年9月.txt"",""line"":31,""lines"":[31,33]},""crossReferences"":[],""round"":""2026-07-11-sui-qianwan-li-ao-wangyi-daily-completion"",""dataFile"":""data/timeline-events-sui-qianwan-li-ao-wangyi.json""}"
"29225","2016","2016-09-09","2016年9月9日星期五","day","confirmed","李敖发微博谈“海峡两岸最被打压的人是谁”","2016年9月9日，李敖在“哈囉李敖”微博发文：海峡两岸最被打压的人是谁？原来是我。为什么是我？因为我不甩共产党、国民党、民进党和所有鸡巴毛的党，说出真话并秀出证据，外带现身说法。我一现身，就证明别人是假的。我拆了别人的台、挖了别人的根，因为各路人马都恨我又消灭不了我，就只好打压我了。李敖吗？查无此人！他是谁呀？","李敖","","虽千万人，李敖往矣、哈囉李敖、微博、140字","写作线、媒体线、晚年线","虽千万人，李敖往矣、哈囉李敖","","虽千万人，李敖往矣","046.2016年9月","35","《大李敖全集5.0》（wjm_tcy版）分章节/005.诗集语录类/005.虽千万人，李敖往矣/046.2016年9月.txt","","[]","data/timeline-events-sui-qianwan-li-ao-wangyi.json","sui-qianwan-2016-09-09-daily-weibo","{""id"":""sui-qianwan-2016-09-09-daily-weibo"",""date"":""2016-09-09"",""displayDate"":""2016年9月9日星期五"",""datePrecision"":""day"",""title"":""李敖发微博谈“海峡两岸最被打压的人是谁”"",""summary"":""2016年9月9日，李敖在“哈囉李敖”微博发文：海峡两岸最被打压的人是谁？原来是我。为什么是我？因为我不甩共产党、国民党、民进党和所有鸡巴毛的党，说出真话并秀出证据，外带现身说法。我一现身，就证明别人是假的。我拆了别人的台、挖了别人的根，因为各路人马都恨我又消灭不了我，就只好打压我了。李敖吗？查无此人！他是谁呀？"",""view"":[""写作线"",""媒体线"",""晚年线""],""tags"":[""虽千万人，李敖往矣"",""哈囉李敖"",""微博"",""140字""],""people"":[""李敖""],""places"":[],""works"":[""虽千万人，李敖往矣"",""哈囉李敖""],""certainty"":""confirmed"",""source"":{""book"":""虽千万人，李敖往矣"",""chapter"":""046.2016年9月"",""path"":""《大李敖全集5.0》（wjm_tcy版）分章节/005.诗集语录类/005.虽千万人，李敖往矣/046.2016年9月.txt"",""line"":35,""lines"":[35,37]},""crossReferences"":[],""round"":""2026-07-11-sui-qianwan-li-ao-wangyi-daily-completion"",""dataFile"":""data/timeline-events-sui-qianwan-li-ao-wangyi.json""}"
"29226","2016","2016-09-10","2016年9月10日星期六","day","confirmed","李敖发微博谈“蔡英文一改朝换代，就换下国民党故宫博物院院长冯明珠”","2016年9月10日，李敖在“哈囉李敖”微博发文：蔡英文一改朝换代，就换下国民党故宫博物院院长冯明珠。不料“此地不养娘，自有养娘处”，冯明珠摇身一变，从伪官变到京官，成了北京故宫“弼马温”。67年来，祖国一直小里小气不肯对台湾开放一官半职，这可不像开国时的共产党。那时的中央政府还招降纳叛，后来就不周恩来了。反省吧，笨蛋！","李敖","","虽千万人，李敖往矣、哈囉李敖、微博、140字","写作线、媒体线、晚年线","虽千万人，李敖往矣、哈囉李敖","","虽千万人，李敖往矣","046.2016年9月","39","《大李敖全集5.0》（wjm_tcy版）分章节/005.诗集语录类/005.虽千万人，李敖往矣/046.2016年9月.txt","","[]","data/timeline-events-sui-qianwan-li-ao-wangyi.json","sui-qianwan-2016-09-10-daily-weibo","{""id"":""sui-qianwan-2016-09-10-daily-weibo"",""date"":""2016-09-10"",""displayDate"":""2016年9月10日星期六"",""datePrecision"":""day"",""title"":""李敖发微博谈“蔡英文一改朝换代，就换下国民党故宫博物院院长冯明珠”"",""summary"":""2016年9月10日，李敖在“哈囉李敖”微博发文：蔡英文一改朝换代，就换下国民党故宫博物院院长冯明珠。不料“此地不养娘，自有养娘处”，冯明珠摇身一变，从伪官变到京官，成了北京故宫“弼马温”。67年来，祖国一直小里小气不肯对台湾开放一官半职，这可不像开国时的共产党。那时的中央政府还招降纳叛，后来就不周恩来了。反省吧，笨蛋！"",""view"":[""写作线"",""媒体线"",""晚年线""],""tags"":[""虽千万人，李敖往矣"",""哈囉李敖"",""微博"",""140字""],""people"":[""李敖""],""places"":[],""works"":[""虽千万人，李敖往矣"",""哈囉李敖""],""certainty"":""confirmed"",""source"":{""book"":""虽千万人，李敖往矣"",""chapter"":""046.2016年9月"",""path"":""《大李敖全集5.0》（wjm_tcy版）分章节/005.诗集语录类/005.虽千万人，李敖往矣/046.2016年9月.txt"",""line"":39,""lines"":[39,41]},""crossReferences"":[],""round"":""2026-07-11-sui-qianwan-li-ao-wangyi-daily-completion"",""dataFile"":""data/timeline-events-sui-qianwan-li-ao-wangyi.json""}"
"29227","2016","2016-09-11","2016年9月11日星期日","day","confirmed","李敖发微博谈“911年复一年，如今15年了”","2016年9月11日，李敖在“哈囉李敖”微博发文：911年复一年，如今15年了。美国人并未从它得到教训。美国人认为错在别人、错在伊斯兰、错在本拉登（Bin Laden）、错在劫机的19个暴徒。15年了，清楚知道美国多混蛋了。翻开《古兰经》第74章，明说天使就是19个。多动人的数目啊！他们用血肉筑成心的长城：他们是天使，美国人是混蛋。","李敖","","虽千万人，李敖往矣、哈囉李敖、微博、140字","写作线、媒体线、晚年线","虽千万人，李敖往矣、哈囉李敖","","虽千万人，李敖往矣","046.2016年9月","43","《大李敖全集5.0》（wjm_tcy版）分章节/005.诗集语录类/005.虽千万人，李敖往矣/046.2016年9月.txt","","[]","data/timeline-events-sui-qianwan-li-ao-wangyi.json","sui-qianwan-2016-09-11-daily-weibo","{""id"":""sui-qianwan-2016-09-11-daily-weibo"",""date"":""2016-09-11"",""displayDate"":""2016年9月11日星期日"",""datePrecision"":""day"",""title"":""李敖发微博谈“911年复一年，如今15年了”"",""summary"":""2016年9月11日，李敖在“哈囉李敖”微博发文：911年复一年，如今15年了。美国人并未从它得到教训。美国人认为错在别人、错在伊斯兰、错在本拉登（Bin Laden）、错在劫机的19个暴徒。15年了，清楚知道美国多混蛋了。翻开《古兰经》第74章，明说天使就是19个。多动人的数目啊！他们用血肉筑成心的长城：他们是天使，美国人是混蛋。"",""view"":[""写作线"",""媒体线"",""晚年线""],""tags"":[""虽千万人，李敖往矣"",""哈囉李敖"",""微博"",""140字""],""people"":[""李敖""],""places"":[],""works"":[""虽千万人，李敖往矣"",""哈囉李敖""],""certainty"":""confirmed"",""source"":{""book"":""虽千万人，李敖往矣"",""chapter"":""046.2016年9月"",""path"":""《大李敖全集5.0》（wjm_tcy版）分章节/005.诗集语录类/005.虽千万人，李敖往矣/046.2016年9月.txt"",""line"":43,""lines"":[43,45]},""crossReferences"":[],""round"":""2026-07-11-sui-qianwan-li-ao-wangyi-daily-completion"",""dataFile"":""data/timeline-events-sui-qianwan-li-ao-wangyi.json""}"
"29228","2016","2016-09-12","2016年9月12日星期一","day","confirmed","李敖发微博谈“一个中国人的信念：1.中国一定要强大”","2016年9月12日，李敖在“哈囉李敖”微博发文：一个中国人的信念：1.中国一定要强大。2.坏人统治的中国比弱国、亡国好。3.外国人比坏人还坏。4.坏人只是垄断，朋比为党又朋比为奸，像狗咬住骨头，对中国人民恐吓。但狗可以看家。5.坏人视我们如土芥，我们视坏人如寇雠。6.除权与钱外，我们也可追寻出生存空间，中国的前途啊，是我们的。","李敖","","虽千万人，李敖往矣、哈囉李敖、微博、140字","写作线、媒体线、晚年线","虽千万人，李敖往矣、哈囉李敖","","虽千万人，李敖往矣","046.2016年9月","47","《大李敖全集5.0》（wjm_tcy版）分章节/005.诗集语录类/005.虽千万人，李敖往矣/046.2016年9月.txt","","[]","data/timeline-events-sui-qianwan-li-ao-wangyi.json","sui-qianwan-2016-09-12-daily-weibo","{""id"":""sui-qianwan-2016-09-12-daily-weibo"",""date"":""2016-09-12"",""displayDate"":""2016年9月12日星期一"",""datePrecision"":""day"",""title"":""李敖发微博谈“一个中国人的信念：1.中国一定要强大”"",""summary"":""2016年9月12日，李敖在“哈囉李敖”微博发文：一个中国人的信念：1.中国一定要强大。2.坏人统治的中国比弱国、亡国好。3.外国人比坏人还坏。4.坏人只是垄断，朋比为党又朋比为奸，像狗咬住骨头，对中国人民恐吓。但狗可以看家。5.坏人视我们如土芥，我们视坏人如寇雠。6.除权与钱外，我们也可追寻出生存空间，中国的前途啊，是我们的。"",""view"":[""写作线"",""媒体线"",""晚年线""],""tags"":[""虽千万人，李敖往矣"",""哈囉李敖"",""微博"",""140字""],""people"":[""李敖""],""places"":[],""works"":[""虽千万人，李敖往矣"",""哈囉李敖""],""certainty"":""confirmed"",""source"":{""book"":""虽千万人，李敖往矣"",""chapter"":""046.2016年9月"",""path"":""《大李敖全集5.0》（wjm_tcy版）分章节/005.诗集语录类/005.虽千万人，李敖往矣/046.2016年9月.txt"",""line"":47,""lines"":[47,49]},""crossReferences"":[],""round"":""2026-07-11-sui-qianwan-li-ao-wangyi-daily-completion"",""dataFile"":""data/timeline-events-sui-qianwan-li-ao-wangyi.json""}"
"29229","2016","2016-09-13","2016年9月13日星期二","day","confirmed","李敖发微博谈“电影院顽童看西部片，习惯性的先定性：“好人还是坏人”","2016年9月13日，李敖在“哈囉李敖”微博发文：电影院顽童看西部片，习惯性的先定性：“好人还是坏人？”哀乐中年以后，发现好人坏人的划分没那么清楚了，并谴责二分法有问题了。现在我老了，思虑越老到，越觉得二分法反倒不失为判别大是大非的一种预感、一种先验。我越来越凭直觉，再用证据支撑我的直觉。我是顽童，却是最有学问的。","李敖","","虽千万人，李敖往矣、哈囉李敖、微博、140字","写作线、媒体线、晚年线","虽千万人，李敖往矣、哈囉李敖","","虽千万人，李敖往矣","046.2016年9月","51","《大李敖全集5.0》（wjm_tcy版）分章节/005.诗集语录类/005.虽千万人，李敖往矣/046.2016年9月.txt","","[]","data/timeline-events-sui-qianwan-li-ao-wangyi.json","sui-qianwan-2016-09-13-daily-weibo","{""id"":""sui-qianwan-2016-09-13-daily-weibo"",""date"":""2016-09-13"",""displayDate"":""2016年9月13日星期二"",""datePrecision"":""day"",""title"":""李敖发微博谈“电影院顽童看西部片，习惯性的先定性：“好人还是坏人”"",""summary"":""2016年9月13日，李敖在“哈囉李敖”微博发文：电影院顽童看西部片，习惯性的先定性：“好人还是坏人？”哀乐中年以后，发现好人坏人的划分没那么清楚了，并谴责二分法有问题了。现在我老了，思虑越老到，越觉得二分法反倒不失为判别大是大非的一种预感、一种先验。我越来越凭直觉，再用证据支撑我的直觉。我是顽童，却是最有学问的。"",""view"":[""写作线"",""媒体线"",""晚年线""],""tags"":[""虽千万人，李敖往矣"",""哈囉李敖"",""微博"",""140字""],""people"":[""李敖""],""places"":[],""works"":[""虽千万人，李敖往矣"",""哈囉李敖""],""certainty"":""confirmed"",""source"":{""book"":""虽千万人，李敖往矣"",""chapter"":""046.2016年9月"",""path"":""《大李敖全集5.0》（wjm_tcy版）分章节/005.诗集语录类/005.虽千万人，李敖往矣/046.2016年9月.txt"",""line"":51,""lines"":[51,53]},""crossReferences"":[],""round"":""2026-07-11-sui-qianwan-li-ao-wangyi-daily-completion"",""dataFile"":""data/timeline-events-sui-qianwan-li-ao-wangyi.json""}"
"29230","2016","2016-09-14","2016年9月14日星期三","day","confirmed","李敖发微博谈“有些先行者，虽在革命成功后老了或靠边站了，但不失为革命先进、开国元…”","2016年9月14日，李敖在“哈囉李敖”微博发文：有些先行者，虽在革命成功后老了或靠边站了，但不失为革命先进、开国元勋、党国元老。但台湾有批赝品，就是所谓“台独大老”，不但不敢在岛上坐国民党的牢，反倒暗中投怀送抱。今天他们一一冒充“台独大老”了，居然得到“台独小妹”“台独小弟”的支持。“赝品捧假货”，我于台湾见之。","李敖","","虽千万人，李敖往矣、哈囉李敖、微博、140字","写作线、媒体线、晚年线","虽千万人，李敖往矣、哈囉李敖","","虽千万人，李敖往矣","046.2016年9月","55","《大李敖全集5.0》（wjm_tcy版）分章节/005.诗集语录类/005.虽千万人，李敖往矣/046.2016年9月.txt","","[]","data/timeline-events-sui-qianwan-li-ao-wangyi.json","sui-qianwan-2016-09-14-daily-weibo","{""id"":""sui-qianwan-2016-09-14-daily-weibo"",""date"":""2016-09-14"",""displayDate"":""2016年9月14日星期三"",""datePrecision"":""day"",""title"":""李敖发微博谈“有些先行者，虽在革命成功后老了或靠边站了，但不失为革命先进、开国元…”"",""summary"":""2016年9月14日，李敖在“哈囉李敖”微博发文：有些先行者，虽在革命成功后老了或靠边站了，但不失为革命先进、开国元勋、党国元老。但台湾有批赝品，就是所谓“台独大老”，不但不敢在岛上坐国民党的牢，反倒暗中投怀送抱。今天他们一一冒充“台独大老”了，居然得到“台独小妹”“台独小弟”的支持。“赝品捧假货”，我于台湾见之。"",""view"":[""写作线"",""媒体线"",""晚年线""],""tags"":[""虽千万人，李敖往矣"",""哈囉李敖"",""微博"",""140字""],""people"":[""李敖""],""places"":[],""works"":[""虽千万人，李敖往矣"",""哈囉李敖""],""certainty"":""confirmed"",""source"":{""book"":""虽千万人，李敖往矣"",""chapter"":""046.2016年9月"",""path"":""《大李敖全集5.0》（wjm_tcy版）分章节/005.诗集语录类/005.虽千万人，李敖往矣/046.2016年9月.txt"",""line"":55,""lines"":[55,57]},""crossReferences"":[],""round"":""2026-07-11-sui-qianwan-li-ao-wangyi-daily-completion"",""dataFile"":""data/timeline-events-sui-qianwan-li-ao-wangyi.json""}"
"29231","2016","2016-09-15","2016年9月15日星期四","day","confirmed","李敖发微博谈“全世界最不要脸的国家，就是美国”","2016年9月15日，李敖在“哈囉李敖”微博发文：全世界最不要脸的国家，就是美国。1898年美国对菲律宾说：帮我们赶走西班牙，就给你们独立。等到西班牙赶走了，美国却霸占菲律宾48年！光在20世纪初年，菲律宾就被干掉20万！这次菲律宾总统拿出美国人行凶照片当众给美国总统看，你狗娘养的，居然向我谈起人权来了，你好意思向我说教吗？","李敖","","虽千万人，李敖往矣、哈囉李敖、微博、140字","写作线、媒体线、晚年线","虽千万人，李敖往矣、哈囉李敖","","虽千万人，李敖往矣","046.2016年9月","59","《大李敖全集5.0》（wjm_tcy版）分章节/005.诗集语录类/005.虽千万人，李敖往矣/046.2016年9月.txt","","[]","data/timeline-events-sui-qianwan-li-ao-wangyi.json","sui-qianwan-2016-09-15-daily-weibo","{""id"":""sui-qianwan-2016-09-15-daily-weibo"",""date"":""2016-09-15"",""displayDate"":""2016年9月15日星期四"",""datePrecision"":""day"",""title"":""李敖发微博谈“全世界最不要脸的国家，就是美国”"",""summary"":""2016年9月15日，李敖在“哈囉李敖”微博发文：全世界最不要脸的国家，就是美国。1898年美国对菲律宾说：帮我们赶走西班牙，就给你们独立。等到西班牙赶走了，美国却霸占菲律宾48年！光在20世纪初年，菲律宾就被干掉20万！这次菲律宾总统拿出美国人行凶照片当众给美国总统看，你狗娘养的，居然向我谈起人权来了，你好意思向我说教吗？"",""view"":[""写作线"",""媒体线"",""晚年线""],""tags"":[""虽千万人，李敖往矣"",""哈囉李敖"",""微博"",""140字""],""people"":[""李敖""],""places"":[],""works"":[""虽千万人，李敖往矣"",""哈囉李敖""],""certainty"":""confirmed"",""source"":{""book"":""虽千万人，李敖往矣"",""chapter"":""046.2016年9月"",""path"":""《大李敖全集5.0》（wjm_tcy版）分章节/005.诗集语录类/005.虽千万人，李敖往矣/046.2016年9月.txt"",""line"":59,""lines"":[59,61]},""crossReferences"":[],""round"":""2026-07-11-sui-qianwan-li-ao-wangyi-daily-completion"",""dataFile"":""data/timeline-events-sui-qianwan-li-ao-wangyi.json""}"
"29232","2016","2016-09-16","2016年9月16日星期五","day","confirmed","李敖发微博谈“美西战争后，美国说话不算话，不让菲律宾独立了，并扬言5000美军就…”","2016年9月16日，李敖在“哈囉李敖”微博发文：美西战争后，美国说话不算话，不让菲律宾独立了，并扬言5000美军就可平定菲律宾，结果增兵10倍到56000，仍旧师老无功。美国终于始乱终弃了。今天有贱种台湾人，妄想以“51俱乐部”（台湾成为美国第51州）加入美国，美国会要你吗？连菲律宾都不要呢，会要你吗？美国要肏还会挑屁眼呢。","李敖","","虽千万人，李敖往矣、哈囉李敖、微博、140字","写作线、媒体线、晚年线","虽千万人，李敖往矣、哈囉李敖","","虽千万人，李敖往矣","046.2016年9月","63","《大李敖全集5.0》（wjm_tcy版）分章节/005.诗集语录类/005.虽千万人，李敖往矣/046.2016年9月.txt","","[]","data/timeline-events-sui-qianwan-li-ao-wangyi.json","sui-qianwan-2016-09-16-daily-weibo","{""id"":""sui-qianwan-2016-09-16-daily-weibo"",""date"":""2016-09-16"",""displayDate"":""2016年9月16日星期五"",""datePrecision"":""day"",""title"":""李敖发微博谈“美西战争后，美国说话不算话，不让菲律宾独立了，并扬言5000美军就…”"",""summary"":""2016年9月16日，李敖在“哈囉李敖”微博发文：美西战争后，美国说话不算话，不让菲律宾独立了，并扬言5000美军就可平定菲律宾，结果增兵10倍到56000，仍旧师老无功。美国终于始乱终弃了。今天有贱种台湾人，妄想以“51俱乐部”（台湾成为美国第51州）加入美国，美国会要你吗？连菲律宾都不要呢，会要你吗？美国要肏还会挑屁眼呢。"",""view"":[""写作线"",""媒体线"",""晚年线""],""tags"":[""虽千万人，李敖往矣"",""哈囉李敖"",""微博"",""140字""],""people"":[""李敖""],""places"":[],""works"":[""虽千万人，李敖往矣"",""哈囉李敖""],""certainty"":""confirmed"",""source"":{""book"":""虽千万人，李敖往矣"",""chapter"":""046.2016年9月"",""path"":""《大李敖全集5.0》（wjm_tcy版）分章节/005.诗集语录类/005.虽千万人，李敖往矣/046.2016年9月.txt"",""line"":63,""lines"":[63,65]},""crossReferences"":[],""round"":""2026-07-11-sui-qianwan-li-ao-wangyi-daily-completion"",""dataFile"":""data/timeline-events-sui-qianwan-li-ao-wangyi.json""}"
"29233","2016","2016-09-17","2016年9月17日星期六","day","confirmed","李敖发微博谈“过午不食，入睡时肚子已空无一物，加上脑中无人心里没事，很快就入睡了”","2016年9月17日，李敖在“哈囉李敖”微博发文：过午不食，入睡时肚子已空无一物，加上脑中无人心里没事，很快就入睡了。但睡到5小时就作怪，恶梦连连，捆住我手脚，醒来要逐手逐脚分别晓以大义，才能脱身。除非两腿突发性抽筋，腾床而起，才能以大困境颠覆小困境。自己整自己最好，什么马克思牛克思，都“太史公，牛马走”了，你懂吗？","李敖","","虽千万人，李敖往矣、哈囉李敖、微博、140字","写作线、媒体线、晚年线","虽千万人，李敖往矣、哈囉李敖","","虽千万人，李敖往矣","046.2016年9月","67","《大李敖全集5.0》（wjm_tcy版）分章节/005.诗集语录类/005.虽千万人，李敖往矣/046.2016年9月.txt","","[]","data/timeline-events-sui-qianwan-li-ao-wangyi.json","sui-qianwan-2016-09-17-daily-weibo","{""id"":""sui-qianwan-2016-09-17-daily-weibo"",""date"":""2016-09-17"",""displayDate"":""2016年9月17日星期六"",""datePrecision"":""day"",""title"":""李敖发微博谈“过午不食，入睡时肚子已空无一物，加上脑中无人心里没事，很快就入睡了”"",""summary"":""2016年9月17日，李敖在“哈囉李敖”微博发文：过午不食，入睡时肚子已空无一物，加上脑中无人心里没事，很快就入睡了。但睡到5小时就作怪，恶梦连连，捆住我手脚，醒来要逐手逐脚分别晓以大义，才能脱身。除非两腿突发性抽筋，腾床而起，才能以大困境颠覆小困境。自己整自己最好，什么马克思牛克思，都“太史公，牛马走”了，你懂吗？"",""view"":[""写作线"",""媒体线"",""晚年线""],""tags"":[""虽千万人，李敖往矣"",""哈囉李敖"",""微博"",""140字""],""people"":[""李敖""],""places"":[],""works"":[""虽千万人，李敖往矣"",""哈囉李敖""],""certainty"":""confirmed"",""source"":{""book"":""虽千万人，李敖往矣"",""chapter"":""046.2016年9月"",""path"":""《大李敖全集5.0》（wjm_tcy版）分章节/005.诗集语录类/005.虽千万人，李敖往矣/046.2016年9月.txt"",""line"":67,""lines"":[67,69]},""crossReferences"":[],""round"":""2026-07-11-sui-qianwan-li-ao-wangyi-daily-completion"",""dataFile"":""data/timeline-events-sui-qianwan-li-ao-wangyi.json""}"
"29234","2016","2016-09-18","2016年9月18日星期日","day","confirmed","李敖半夜两腿抽筋，去小医院挂韩毅雄门诊","《2016年9月》写，李敖因半夜两腿抽筋，妨碍自己81岁的工作狂节奏，于是跑到小医院挂老同学、骨科名医韩毅雄的门诊。前一天他还写到过午不食后入睡快，但睡五小时后恶梦连连，除非两腿突发性抽筋才能从小困境中腾床而起。","李敖、韩毅雄","台湾","韩毅雄、腿抽筋、小医院、骨科、八十一岁","健康线、交游线、晚年线","虽千万人，李敖往矣","","虽千万人，李敖往矣","046.2016年9月","73","《大李敖全集5.0》（wjm_tcy版）分章节/005.诗集语录类/005.虽千万人，李敖往矣/046.2016年9月.txt","虽千万人，李敖往矣 / 046.2016年9月 / line 69 / 说明：9月17日写过午不食、恶梦与两腿突发性抽筋。 / 《大李敖全集5.0》（wjm_tcy版）分章节/005.诗集语录类/005.虽千万人，李敖往矣/046.2016年9月.txt","[{""book"":""虽千万人，李敖往矣"",""chapter"":""046.2016年9月"",""path"":""《大李敖全集5.0》（wjm_tcy版）分章节/005.诗集语录类/005.虽千万人，李敖往矣/046.2016年9月.txt"",""line"":69,""note"":""9月17日写过午不食、恶梦与两腿突发性抽筋。""}]","data/timeline-events-sui-qianwan-li-ao-wangyi.json","sui-qianwan-2016-09-18-visits-han-yixiong-clinic-for-night-leg-cramps","{""id"":""sui-qianwan-2016-09-18-visits-han-yixiong-clinic-for-night-leg-cramps"",""date"":""2016-09-18"",""displayDate"":""2016年9月18日星期日"",""datePrecision"":""day"",""title"":""李敖半夜两腿抽筋，去小医院挂韩毅雄门诊"",""summary"":""《2016年9月》写，李敖因半夜两腿抽筋，妨碍自己81岁的工作狂节奏，于是跑到小医院挂老同学、骨科名医韩毅雄的门诊。前一天他还写到过午不食后入睡快，但睡五小时后恶梦连连，除非两腿突发性抽筋才能从小困境中腾床而起。"",""view"":[""健康线"",""交游线"",""晚年线""],""tags"":[""韩毅雄"",""腿抽筋"",""小医院"",""骨科"",""八十一岁""],""people"":[""李敖"",""韩毅雄""],""places"":[""台湾""],""works"":[""虽千万人，李敖往矣""],""certainty"":""confirmed"",""source"":{""book"":""虽千万人，李敖往矣"",""chapter"":""046.2016年9月"",""path"":""《大李敖全集5.0》（wjm_tcy版）分章节/005.诗集语录类/005.虽千万人，李敖往矣/046.2016年9月.txt"",""line"":73},""additionalSources"":[{""book"":""虽千万人，李敖往矣"",""chapter"":""046.2016年9月"",""path"":""《大李敖全集5.0》（wjm_tcy版）分章节/005.诗集语录类/005.虽千万人，李敖往矣/046.2016年9月.txt"",""line"":69,""note"":""9月17日写过午不食、恶梦与两腿突发性抽筋。""}],""dataFile"":""data/timeline-events-sui-qianwan-li-ao-wangyi.json""}"
"29235","2016","2016-09-19","2016年9月19日星期一","day","confirmed","李敖发微博谈“台湾的公安单位很多，但知行合一的叫警备总部，人犯一抓就很难放”","2016年9月19日，李敖在“哈囉李敖”微博发文：台湾的公安单位很多，但知行合一的叫警备总部，人犯一抓就很难放。它说你是共××，就抓进来了；但要放可没那么简单，你说不是还不够，得提出不是证据才算。文明人法律条文反对“自证其罪”，国民党也跟进，只是加了一条要“自证其无罪”，如今民进党学起国民党了，国民党抱怨，却忘了报应。","李敖","","虽千万人，李敖往矣、哈囉李敖、微博、140字","写作线、媒体线、晚年线","虽千万人，李敖往矣、哈囉李敖","","虽千万人，李敖往矣","046.2016年9月","75","《大李敖全集5.0》（wjm_tcy版）分章节/005.诗集语录类/005.虽千万人，李敖往矣/046.2016年9月.txt","","[]","data/timeline-events-sui-qianwan-li-ao-wangyi.json","sui-qianwan-2016-09-19-daily-weibo","{""id"":""sui-qianwan-2016-09-19-daily-weibo"",""date"":""2016-09-19"",""displayDate"":""2016年9月19日星期一"",""datePrecision"":""day"",""title"":""李敖发微博谈“台湾的公安单位很多，但知行合一的叫警备总部，人犯一抓就很难放”"",""summary"":""2016年9月19日，李敖在“哈囉李敖”微博发文：台湾的公安单位很多，但知行合一的叫警备总部，人犯一抓就很难放。它说你是共××，就抓进来了；但要放可没那么简单，你说不是还不够，得提出不是证据才算。文明人法律条文反对“自证其罪”，国民党也跟进，只是加了一条要“自证其无罪”，如今民进党学起国民党了，国民党抱怨，却忘了报应。"",""view"":[""写作线"",""媒体线"",""晚年线""],""tags"":[""虽千万人，李敖往矣"",""哈囉李敖"",""微博"",""140字""],""people"":[""李敖""],""places"":[],""works"":[""虽千万人，李敖往矣"",""哈囉李敖""],""certainty"":""confirmed"",""source"":{""book"":""虽千万人，李敖往矣"",""chapter"":""046.2016年9月"",""path"":""《大李敖全集5.0》（wjm_tcy版）分章节/005.诗集语录类/005.虽千万人，李敖往矣/046.2016年9月.txt"",""line"":75,""lines"":[75,77]},""crossReferences"":[],""round"":""2026-07-11-sui-qianwan-li-ao-wangyi-daily-completion"",""dataFile"":""data/timeline-events-sui-qianwan-li-ao-wangyi.json""}"
"29236","2016","2016-09-20","2016年9月20日星期二","day","confirmed","李敖发微博谈“李鸿章是中国首先用过“X光”的人，本该大书特书，但身分不同，无须借光”","2016年9月20日，李敖在“哈囉李敖”微博发文：李鸿章是中国首先用过“X光”的人，本该大书特书，但身分不同，无须借光；毛泽东是中国最后遗憾没用过“伟哥”的人，本该大书特书，但身分不同，无须助兴。清代诗人说：“科以人重科益重，人以科传人可知。”推而广之，凡靠名牌彰显自己的，都是二流货。欣赏一身国货的女人吧，男人亦同。","李敖","","虽千万人，李敖往矣、哈囉李敖、微博、140字","写作线、媒体线、晚年线","虽千万人，李敖往矣、哈囉李敖","","虽千万人，李敖往矣","046.2016年9月","79","《大李敖全集5.0》（wjm_tcy版）分章节/005.诗集语录类/005.虽千万人，李敖往矣/046.2016年9月.txt","","[]","data/timeline-events-sui-qianwan-li-ao-wangyi.json","sui-qianwan-2016-09-20-daily-weibo","{""id"":""sui-qianwan-2016-09-20-daily-weibo"",""date"":""2016-09-20"",""displayDate"":""2016年9月20日星期二"",""datePrecision"":""day"",""title"":""李敖发微博谈“李鸿章是中国首先用过“X光”的人，本该大书特书，但身分不同，无须借光”"",""summary"":""2016年9月20日，李敖在“哈囉李敖”微博发文：李鸿章是中国首先用过“X光”的人，本该大书特书，但身分不同，无须借光；毛泽东是中国最后遗憾没用过“伟哥”的人，本该大书特书，但身分不同，无须助兴。清代诗人说：“科以人重科益重，人以科传人可知。”推而广之，凡靠名牌彰显自己的，都是二流货。欣赏一身国货的女人吧，男人亦同。"",""view"":[""写作线"",""媒体线"",""晚年线""],""tags"":[""虽千万人，李敖往矣"",""哈囉李敖"",""微博"",""140字""],""people"":[""李敖""],""places"":[],""works"":[""虽千万人，李敖往矣"",""哈囉李敖""],""certainty"":""confirmed"",""source"":{""book"":""虽千万人，李敖往矣"",""chapter"":""046.2016年9月"",""path"":""《大李敖全集5.0》（wjm_tcy版）分章节/005.诗集语录类/005.虽千万人，李敖往矣/046.2016年9月.txt"",""line"":79,""lines"":[79,81]},""crossReferences"":[],""round"":""2026-07-11-sui-qianwan-li-ao-wangyi-daily-completion"",""dataFile"":""data/timeline-events-sui-qianwan-li-ao-wangyi.json""}"
"29237","2016","2016-09-21","2016年9月21日星期三","day","confirmed","李敖发微博谈“美国曾经讨人喜欢过，那是它嚼起口香糖、翘起二郎腿，表面上到处洒钱的…”","2016年9月21日，李敖在“哈囉李敖”微博发文：美国曾经讨人喜欢过，那是它嚼起口香糖、翘起二郎腿，表面上到处洒钱的时代。曾几何时，它泄了底，大少爷原是个老千，哎呀，我们心寒了。911以后，自己宪法保障的自由人权全部随风而去，大少爷不但高处不胜寒，并且机场不胜寒，杯弓蛇影、神经兮兮，神为之夺、气为之沮。哎呀，他们胆寒了。","李敖","","虽千万人，李敖往矣、哈囉李敖、微博、140字","写作线、媒体线、晚年线","虽千万人，李敖往矣、哈囉李敖","","虽千万人，李敖往矣","046.2016年9月","83","《大李敖全集5.0》（wjm_tcy版）分章节/005.诗集语录类/005.虽千万人，李敖往矣/046.2016年9月.txt","","[]","data/timeline-events-sui-qianwan-li-ao-wangyi.json","sui-qianwan-2016-09-21-daily-weibo","{""id"":""sui-qianwan-2016-09-21-daily-weibo"",""date"":""2016-09-21"",""displayDate"":""2016年9月21日星期三"",""datePrecision"":""day"",""title"":""李敖发微博谈“美国曾经讨人喜欢过，那是它嚼起口香糖、翘起二郎腿，表面上到处洒钱的…”"",""summary"":""2016年9月21日，李敖在“哈囉李敖”微博发文：美国曾经讨人喜欢过，那是它嚼起口香糖、翘起二郎腿，表面上到处洒钱的时代。曾几何时，它泄了底，大少爷原是个老千，哎呀，我们心寒了。911以后，自己宪法保障的自由人权全部随风而去，大少爷不但高处不胜寒，并且机场不胜寒，杯弓蛇影、神经兮兮，神为之夺、气为之沮。哎呀，他们胆寒了。"",""view"":[""写作线"",""媒体线"",""晚年线""],""tags"":[""虽千万人，李敖往矣"",""哈囉李敖"",""微博"",""140字""],""people"":[""李敖""],""places"":[],""works"":[""虽千万人，李敖往矣"",""哈囉李敖""],""certainty"":""confirmed"",""source"":{""book"":""虽千万人，李敖往矣"",""chapter"":""046.2016年9月"",""path"":""《大李敖全集5.0》（wjm_tcy版）分章节/005.诗集语录类/005.虽千万人，李敖往矣/046.2016年9月.txt"",""line"":83,""lines"":[83,85]},""crossReferences"":[],""round"":""2026-07-11-sui-qianwan-li-ao-wangyi-daily-completion"",""dataFile"":""data/timeline-events-sui-qianwan-li-ao-wangyi.json""}"
"29238","2016","2016-09-22","2016年9月22日星期四","day","confirmed","李敖发微博谈““去年元夜时，花市灯如昼”","2016年9月22日，李敖在“哈囉李敖”微博发文：“去年元夜时，花市灯如昼。月上柳梢头，人约黄昏后；今年元月时，月与灯依旧。不见去年人，泪湿春衫袖。”我不关心词是谁写的，关心的是最后一句写错了。因他把“情伤”做了“情迁”的句号。大情人绝不如此。大情人把“泪湿春衫袖”随手改成“想她一身肉”或“想她一身瘦”。这才叫洒脱。","李敖","","虽千万人，李敖往矣、哈囉李敖、微博、140字","写作线、媒体线、晚年线","虽千万人，李敖往矣、哈囉李敖","","虽千万人，李敖往矣","046.2016年9月","87","《大李敖全集5.0》（wjm_tcy版）分章节/005.诗集语录类/005.虽千万人，李敖往矣/046.2016年9月.txt","","[]","data/timeline-events-sui-qianwan-li-ao-wangyi.json","sui-qianwan-2016-09-22-daily-weibo","{""id"":""sui-qianwan-2016-09-22-daily-weibo"",""date"":""2016-09-22"",""displayDate"":""2016年9月22日星期四"",""datePrecision"":""day"",""title"":""李敖发微博谈““去年元夜时，花市灯如昼”"",""summary"":""2016年9月22日，李敖在“哈囉李敖”微博发文：“去年元夜时，花市灯如昼。月上柳梢头，人约黄昏后；今年元月时，月与灯依旧。不见去年人，泪湿春衫袖。”我不关心词是谁写的，关心的是最后一句写错了。因他把“情伤”做了“情迁”的句号。大情人绝不如此。大情人把“泪湿春衫袖”随手改成“想她一身肉”或“想她一身瘦”。这才叫洒脱。"",""view"":[""写作线"",""媒体线"",""晚年线""],""tags"":[""虽千万人，李敖往矣"",""哈囉李敖"",""微博"",""140字""],""people"":[""李敖""],""places"":[],""works"":[""虽千万人，李敖往矣"",""哈囉李敖""],""certainty"":""confirmed"",""source"":{""book"":""虽千万人，李敖往矣"",""chapter"":""046.2016年9月"",""path"":""《大李敖全集5.0》（wjm_tcy版）分章节/005.诗集语录类/005.虽千万人，李敖往矣/046.2016年9月.txt"",""line"":87,""lines"":[87,89]},""crossReferences"":[],""round"":""2026-07-11-sui-qianwan-li-ao-wangyi-daily-completion"",""dataFile"":""data/timeline-events-sui-qianwan-li-ao-wangyi.json""}"
"29239","2016","2016-09-23","2016年9月23日星期五","day","confirmed","李敖发微博谈“一个精神病人总以为他是米，鸡要吃他”","2016年9月23日，李敖在“哈囉李敖”微博发文：一个精神病人总以为他是米，鸡要吃他。住院半个月后，一天又冲进医院。医生一看就说：“早就告诉你是人，不是米，你知道吗？”病人说：“我确实知道我是人不是米，可是那北京鸡巴鸡不知道。”这病人名叫蔡英文，她发现“我们的宪法不知道有中华人民共和国”，但是，中华人民共和国不知道。","李敖","","虽千万人，李敖往矣、哈囉李敖、微博、140字","写作线、媒体线、晚年线","虽千万人，李敖往矣、哈囉李敖","","虽千万人，李敖往矣","046.2016年9月","91","《大李敖全集5.0》（wjm_tcy版）分章节/005.诗集语录类/005.虽千万人，李敖往矣/046.2016年9月.txt","","[]","data/timeline-events-sui-qianwan-li-ao-wangyi.json","sui-qianwan-2016-09-23-daily-weibo","{""id"":""sui-qianwan-2016-09-23-daily-weibo"",""date"":""2016-09-23"",""displayDate"":""2016年9月23日星期五"",""datePrecision"":""day"",""title"":""李敖发微博谈“一个精神病人总以为他是米，鸡要吃他”"",""summary"":""2016年9月23日，李敖在“哈囉李敖”微博发文：一个精神病人总以为他是米，鸡要吃他。住院半个月后，一天又冲进医院。医生一看就说：“早就告诉你是人，不是米，你知道吗？”病人说：“我确实知道我是人不是米，可是那北京鸡巴鸡不知道。”这病人名叫蔡英文，她发现“我们的宪法不知道有中华人民共和国”，但是，中华人民共和国不知道。"",""view"":[""写作线"",""媒体线"",""晚年线""],""tags"":[""虽千万人，李敖往矣"",""哈囉李敖"",""微博"",""140字""],""people"":[""李敖""],""places"":[],""works"":[""虽千万人，李敖往矣"",""哈囉李敖""],""certainty"":""confirmed"",""source"":{""book"":""虽千万人，李敖往矣"",""chapter"":""046.2016年9月"",""path"":""《大李敖全集5.0》（wjm_tcy版）分章节/005.诗集语录类/005.虽千万人，李敖往矣/046.2016年9月.txt"",""line"":91,""lines"":[91,93]},""crossReferences"":[],""round"":""2026-07-11-sui-qianwan-li-ao-wangyi-daily-completion"",""dataFile"":""data/timeline-events-sui-qianwan-li-ao-wangyi.json""}"
"29240","2016","2016-09-24","2016年9月24日星期六","day","confirmed","李敖发微博谈“当别人坐牢时，她纳福”","2016年9月24日，李敖在“哈囉李敖”微博发文：当别人坐牢时，她纳福；当别人反抗时，她服从：当别人组党时，她逍遥党外；当别人喊台独时，她追随李登辉，以魔术“两国论”先下双城。她早就声称：“最不幸的是，两国论竟被解释与台独是同一件事。”为什么？因为台湾已经借中华民国伪国号独立在先了，他李登辉我蔡英文比别人奸诈多了。","李敖","","虽千万人，李敖往矣、哈囉李敖、微博、140字","写作线、媒体线、晚年线","虽千万人，李敖往矣、哈囉李敖","","虽千万人，李敖往矣","046.2016年9月","95","《大李敖全集5.0》（wjm_tcy版）分章节/005.诗集语录类/005.虽千万人，李敖往矣/046.2016年9月.txt","","[]","data/timeline-events-sui-qianwan-li-ao-wangyi.json","sui-qianwan-2016-09-24-daily-weibo","{""id"":""sui-qianwan-2016-09-24-daily-weibo"",""date"":""2016-09-24"",""displayDate"":""2016年9月24日星期六"",""datePrecision"":""day"",""title"":""李敖发微博谈“当别人坐牢时，她纳福”"",""summary"":""2016年9月24日，李敖在“哈囉李敖”微博发文：当别人坐牢时，她纳福；当别人反抗时，她服从：当别人组党时，她逍遥党外；当别人喊台独时，她追随李登辉，以魔术“两国论”先下双城。她早就声称：“最不幸的是，两国论竟被解释与台独是同一件事。”为什么？因为台湾已经借中华民国伪国号独立在先了，他李登辉我蔡英文比别人奸诈多了。"",""view"":[""写作线"",""媒体线"",""晚年线""],""tags"":[""虽千万人，李敖往矣"",""哈囉李敖"",""微博"",""140字""],""people"":[""李敖""],""places"":[],""works"":[""虽千万人，李敖往矣"",""哈囉李敖""],""certainty"":""confirmed"",""source"":{""book"":""虽千万人，李敖往矣"",""chapter"":""046.2016年9月"",""path"":""《大李敖全集5.0》（wjm_tcy版）分章节/005.诗集语录类/005.虽千万人，李敖往矣/046.2016年9月.txt"",""line"":95,""lines"":[95,97]},""crossReferences"":[],""round"":""2026-07-11-sui-qianwan-li-ao-wangyi-daily-completion"",""dataFile"":""data/timeline-events-sui-qianwan-li-ao-wangyi.json""}"
"29241","2016","2016-09-25","2016年9月25日星期日","day","confirmed","李敖发微博谈“人民的眼睛是雪亮的，但喜怒却是无常的”","2016年9月25日，李敖在“哈囉李敖”微博发文：人民的眼睛是雪亮的，但喜怒却是无常的。在人民向他欢呼的时刻，克伦威尔（Cromwell）侧过头来对朋友说：我上断头台时他们也会这样叫。人民的底子只是小市民，在权威面前，只是可怜虫、寄生虫、糊涂虫、应声虫、叩头虫，但是，权威倒了，人民却是奔走相告的报丧虫。什么民主？鸡巴毛呀！","李敖","","虽千万人，李敖往矣、哈囉李敖、微博、140字","写作线、媒体线、晚年线","虽千万人，李敖往矣、哈囉李敖","","虽千万人，李敖往矣","046.2016年9月","99","《大李敖全集5.0》（wjm_tcy版）分章节/005.诗集语录类/005.虽千万人，李敖往矣/046.2016年9月.txt","","[]","data/timeline-events-sui-qianwan-li-ao-wangyi.json","sui-qianwan-2016-09-25-daily-weibo","{""id"":""sui-qianwan-2016-09-25-daily-weibo"",""date"":""2016-09-25"",""displayDate"":""2016年9月25日星期日"",""datePrecision"":""day"",""title"":""李敖发微博谈“人民的眼睛是雪亮的，但喜怒却是无常的”"",""summary"":""2016年9月25日，李敖在“哈囉李敖”微博发文：人民的眼睛是雪亮的，但喜怒却是无常的。在人民向他欢呼的时刻，克伦威尔（Cromwell）侧过头来对朋友说：我上断头台时他们也会这样叫。人民的底子只是小市民，在权威面前，只是可怜虫、寄生虫、糊涂虫、应声虫、叩头虫，但是，权威倒了，人民却是奔走相告的报丧虫。什么民主？鸡巴毛呀！"",""view"":[""写作线"",""媒体线"",""晚年线""],""tags"":[""虽千万人，李敖往矣"",""哈囉李敖"",""微博"",""140字""],""people"":[""李敖""],""places"":[],""works"":[""虽千万人，李敖往矣"",""哈囉李敖""],""certainty"":""confirmed"",""source"":{""book"":""虽千万人，李敖往矣"",""chapter"":""046.2016年9月"",""path"":""《大李敖全集5.0》（wjm_tcy版）分章节/005.诗集语录类/005.虽千万人，李敖往矣/046.2016年9月.txt"",""line"":99,""lines"":[99,101]},""crossReferences"":[],""round"":""2026-07-11-sui-qianwan-li-ao-wangyi-daily-completion"",""dataFile"":""data/timeline-events-sui-qianwan-li-ao-wangyi.json""}"
"29242","2016","2016-09-26","2016年9月26日星期一","day","confirmed","李敖发微博谈“67年来，台湾的烦恼都因不晓得自己是老几，要在世界强出头”","2016年9月26日，李敖在“哈囉李敖”微博发文：67年来，台湾的烦恼都因不晓得自己是老几，要在世界强出头。在开罗宣言里，明说台湾归于中华民国，但该国没想到，它早在49年亡国于台湾。蒋介石私下低吟亡国曲，公开却演赶尸记。行尸到今天，明明是中国一个叛乱的省，却捏造自己是一个中国以外的国，妄想与中国兄弟之邦。妈的屄你是老几啊？","李敖","","虽千万人，李敖往矣、哈囉李敖、微博、140字","写作线、媒体线、晚年线","虽千万人，李敖往矣、哈囉李敖","","虽千万人，李敖往矣","046.2016年9月","103","《大李敖全集5.0》（wjm_tcy版）分章节/005.诗集语录类/005.虽千万人，李敖往矣/046.2016年9月.txt","","[]","data/timeline-events-sui-qianwan-li-ao-wangyi.json","sui-qianwan-2016-09-26-daily-weibo","{""id"":""sui-qianwan-2016-09-26-daily-weibo"",""date"":""2016-09-26"",""displayDate"":""2016年9月26日星期一"",""datePrecision"":""day"",""title"":""李敖发微博谈“67年来，台湾的烦恼都因不晓得自己是老几，要在世界强出头”"",""summary"":""2016年9月26日，李敖在“哈囉李敖”微博发文：67年来，台湾的烦恼都因不晓得自己是老几，要在世界强出头。在开罗宣言里，明说台湾归于中华民国，但该国没想到，它早在49年亡国于台湾。蒋介石私下低吟亡国曲，公开却演赶尸记。行尸到今天，明明是中国一个叛乱的省，却捏造自己是一个中国以外的国，妄想与中国兄弟之邦。妈的屄你是老几啊？"",""view"":[""写作线"",""媒体线"",""晚年线""],""tags"":[""虽千万人，李敖往矣"",""哈囉李敖"",""微博"",""140字""],""people"":[""李敖""],""places"":[],""works"":[""虽千万人，李敖往矣"",""哈囉李敖""],""certainty"":""confirmed"",""source"":{""book"":""虽千万人，李敖往矣"",""chapter"":""046.2016年9月"",""path"":""《大李敖全集5.0》（wjm_tcy版）分章节/005.诗集语录类/005.虽千万人，李敖往矣/046.2016年9月.txt"",""line"":103,""lines"":[103,105]},""crossReferences"":[],""round"":""2026-07-11-sui-qianwan-li-ao-wangyi-daily-completion"",""dataFile"":""data/timeline-events-sui-qianwan-li-ao-wangyi.json""}"
"29243","2016","2016-09-27","2016年9月27日星期二","day","confirmed","李敖发微博谈“英文里有个词儿叫“饱和轰炸”（saturation bombing…”","2016年9月27日，李敖在“哈囉李敖”微博发文：英文里有个词儿叫“饱和轰炸”（saturation bombing），我比照造了一个新词儿叫“饱和杀人”（saturation killing）。“饱和杀人”就是美国整天干的蠢事。它造武器，可以把你杀了又杀。但你只死一次，多杀又有什么用？还是咱们聪明，只杀你一次，一次你就吃不消，杀千刀的敢对赌吗？","李敖","","虽千万人，李敖往矣、哈囉李敖、微博、140字","写作线、媒体线、晚年线","虽千万人，李敖往矣、哈囉李敖","","虽千万人，李敖往矣","046.2016年9月","107","《大李敖全集5.0》（wjm_tcy版）分章节/005.诗集语录类/005.虽千万人，李敖往矣/046.2016年9月.txt","","[]","data/timeline-events-sui-qianwan-li-ao-wangyi.json","sui-qianwan-2016-09-27-daily-weibo","{""id"":""sui-qianwan-2016-09-27-daily-weibo"",""date"":""2016-09-27"",""displayDate"":""2016年9月27日星期二"",""datePrecision"":""day"",""title"":""李敖发微博谈“英文里有个词儿叫“饱和轰炸”（saturation bombing…”"",""summary"":""2016年9月27日，李敖在“哈囉李敖”微博发文：英文里有个词儿叫“饱和轰炸”（saturation bombing），我比照造了一个新词儿叫“饱和杀人”（saturation killing）。“饱和杀人”就是美国整天干的蠢事。它造武器，可以把你杀了又杀。但你只死一次，多杀又有什么用？还是咱们聪明，只杀你一次，一次你就吃不消，杀千刀的敢对赌吗？"",""view"":[""写作线"",""媒体线"",""晚年线""],""tags"":[""虽千万人，李敖往矣"",""哈囉李敖"",""微博"",""140字""],""people"":[""李敖""],""places"":[],""works"":[""虽千万人，李敖往矣"",""哈囉李敖""],""certainty"":""confirmed"",""source"":{""book"":""虽千万人，李敖往矣"",""chapter"":""046.2016年9月"",""path"":""《大李敖全集5.0》（wjm_tcy版）分章节/005.诗集语录类/005.虽千万人，李敖往矣/046.2016年9月.txt"",""line"":107,""lines"":[107,109]},""crossReferences"":[],""round"":""2026-07-11-sui-qianwan-li-ao-wangyi-daily-completion"",""dataFile"":""data/timeline-events-sui-qianwan-li-ao-wangyi.json""}"
"29244","2016","2016-09-28","2016年9月28日星期三","day","confirmed","李敖发微博谈“清朝王渔洋《池北偶谈》讲到一个故事：有一方士，有本领代你吃饭，他吃…”","2016年9月28日，李敖在“哈囉李敖”微博发文：清朝王渔洋《池北偶谈》讲到一个故事：有一方士，有本领代你吃饭，他吃了你就饱了；又有本领使你代他吃饭，你吃了他就饱了。不但代吃，还可代为大便小便，太邪门了。李岳瑞《春冰室野乘》分析这是催眠，所谓方士就是催眠师。真是胡说八道！真正有这本领的是我们伟大的东方红，花名共产党。","李敖","","虽千万人，李敖往矣、哈囉李敖、微博、140字","写作线、媒体线、晚年线","虽千万人，李敖往矣、哈囉李敖","","虽千万人，李敖往矣","046.2016年9月","111","《大李敖全集5.0》（wjm_tcy版）分章节/005.诗集语录类/005.虽千万人，李敖往矣/046.2016年9月.txt","","[]","data/timeline-events-sui-qianwan-li-ao-wangyi.json","sui-qianwan-2016-09-28-daily-weibo","{""id"":""sui-qianwan-2016-09-28-daily-weibo"",""date"":""2016-09-28"",""displayDate"":""2016年9月28日星期三"",""datePrecision"":""day"",""title"":""李敖发微博谈“清朝王渔洋《池北偶谈》讲到一个故事：有一方士，有本领代你吃饭，他吃…”"",""summary"":""2016年9月28日，李敖在“哈囉李敖”微博发文：清朝王渔洋《池北偶谈》讲到一个故事：有一方士，有本领代你吃饭，他吃了你就饱了；又有本领使你代他吃饭，你吃了他就饱了。不但代吃，还可代为大便小便，太邪门了。李岳瑞《春冰室野乘》分析这是催眠，所谓方士就是催眠师。真是胡说八道！真正有这本领的是我们伟大的东方红，花名共产党。"",""view"":[""写作线"",""媒体线"",""晚年线""],""tags"":[""虽千万人，李敖往矣"",""哈囉李敖"",""微博"",""140字""],""people"":[""李敖""],""places"":[],""works"":[""虽千万人，李敖往矣"",""哈囉李敖""],""certainty"":""confirmed"",""source"":{""book"":""虽千万人，李敖往矣"",""chapter"":""046.2016年9月"",""path"":""《大李敖全集5.0》（wjm_tcy版）分章节/005.诗集语录类/005.虽千万人，李敖往矣/046.2016年9月.txt"",""line"":111,""lines"":[111,113]},""crossReferences"":[],""round"":""2026-07-11-sui-qianwan-li-ao-wangyi-daily-completion"",""dataFile"":""data/timeline-events-sui-qianwan-li-ao-wangyi.json""}"
"29245","2016","2016-09-29","2016年9月29日星期四","day","confirmed","李戡清早飞往剑桥","《2016年9月》写，2016年9月29日清早，李戡飞去剑桥。李敖把剑桥写成有米尔顿桑树、罗素符号、八百年智慧尘封之地，并以“李戡勉之”作结。","李敖、李戡","剑桥、台湾","李戡、剑桥、留学、家庭","家庭线、教育线、晚年线","虽千万人，李敖往矣","","虽千万人，李敖往矣","046.2016年9月","117","《大李敖全集5.0》（wjm_tcy版）分章节/005.诗集语录类/005.虽千万人，李敖往矣/046.2016年9月.txt","","[]","data/timeline-events-sui-qianwan-li-ao-wangyi.json","sui-qianwan-2016-09-29-li-kan-flies-to-cambridge","{""id"":""sui-qianwan-2016-09-29-li-kan-flies-to-cambridge"",""date"":""2016-09-29"",""displayDate"":""2016年9月29日星期四"",""datePrecision"":""day"",""title"":""李戡清早飞往剑桥"",""summary"":""《2016年9月》写，2016年9月29日清早，李戡飞去剑桥。李敖把剑桥写成有米尔顿桑树、罗素符号、八百年智慧尘封之地，并以“李戡勉之”作结。"",""view"":[""家庭线"",""教育线"",""晚年线""],""tags"":[""李戡"",""剑桥"",""留学"",""家庭""],""people"":[""李敖"",""李戡""],""places"":[""剑桥"",""台湾""],""works"":[""虽千万人，李敖往矣""],""certainty"":""confirmed"",""source"":{""book"":""虽千万人，李敖往矣"",""chapter"":""046.2016年9月"",""path"":""《大李敖全集5.0》（wjm_tcy版）分章节/005.诗集语录类/005.虽千万人，李敖往矣/046.2016年9月.txt"",""line"":117},""dataFile"":""data/timeline-events-sui-qianwan-li-ao-wangyi.json""}"
"29246","2016","2016-09-30","2016年9月30日星期五","day","confirmed","李敖发微博谈“李鸿章阅人已多，他最佩服曾国藩，说曾国藩有“大人气象””","2016年9月30日，李敖在“哈囉李敖”微博发文：李鸿章阅人已多，他最佩服曾国藩，说曾国藩有“大人气象”。从相术上看，曾文正有三角眼，是败相。但此公劲气内敛、坚苦卓绝，自成“大人气象”。我81年来，所见牛鬼蛇神，从蒋家班到土八路，长得多鼠头虾蟆眼，了无“大人气象”。唯有胡适例外，“汪汪若千顷之陂”，声容笑貌，令人难忘。","李敖","","虽千万人，李敖往矣、哈囉李敖、微博、140字","写作线、媒体线、晚年线","虽千万人，李敖往矣、哈囉李敖","","虽千万人，李敖往矣","046.2016年9月","119","《大李敖全集5.0》（wjm_tcy版）分章节/005.诗集语录类/005.虽千万人，李敖往矣/046.2016年9月.txt","","[]","data/timeline-events-sui-qianwan-li-ao-wangyi.json","sui-qianwan-2016-09-30-daily-weibo","{""id"":""sui-qianwan-2016-09-30-daily-weibo"",""date"":""2016-09-30"",""displayDate"":""2016年9月30日星期五"",""datePrecision"":""day"",""title"":""李敖发微博谈“李鸿章阅人已多，他最佩服曾国藩，说曾国藩有“大人气象””"",""summary"":""2016年9月30日，李敖在“哈囉李敖”微博发文：李鸿章阅人已多，他最佩服曾国藩，说曾国藩有“大人气象”。从相术上看，曾文正有三角眼，是败相。但此公劲气内敛、坚苦卓绝，自成“大人气象”。我81年来，所见牛鬼蛇神，从蒋家班到土八路，长得多鼠头虾蟆眼，了无“大人气象”。唯有胡适例外，“汪汪若千顷之陂”，声容笑貌，令人难忘。"",""view"":[""写作线"",""媒体线"",""晚年线""],""tags"":[""虽千万人，李敖往矣"",""哈囉李敖"",""微博"",""140字""],""people"":[""李敖""],""places"":[],""works"":[""虽千万人，李敖往矣"",""哈囉李敖""],""certainty"":""confirmed"",""source"":{""book"":""虽千万人，李敖往矣"",""chapter"":""046.2016年9月"",""path"":""《大李敖全集5.0》（wjm_tcy版）分章节/005.诗集语录类/005.虽千万人，李敖往矣/046.2016年9月.txt"",""line"":119,""lines"":[119,121]},""crossReferences"":[],""round"":""2026-07-11-sui-qianwan-li-ao-wangyi-daily-completion"",""dataFile"":""data/timeline-events-sui-qianwan-li-ao-wangyi.json""}"
"29247","2016","2016-10-01","2016年10月1日星期六","day","confirmed","李敖发微博谈“亲爱的阿里巴巴：端详尊照，发现《史记》把“貌寝”解释成丑是错的”","2016年10月1日，李敖在“哈囉李敖”微博发文：亲爱的阿里巴巴：端详尊照，发现《史记》把“貌寝”解释成丑是错的。“貌寝”不是丑，而是《魏志》说的“貌不足也”。貌不足是你的长相跟不上你的职业相。洋鬼子阿里巴巴做强盗可以不蒙脸；你的毛病明明“貌不足也”还要以本尊示人，难怪吓人倒怪。让党高兴一点，还是蒙起脸吧。李敖敬上。","李敖","","虽千万人，李敖往矣、哈囉李敖、微博、140字","写作线、媒体线、晚年线","虽千万人，李敖往矣、哈囉李敖","","虽千万人，李敖往矣","047.2016年10月","3","《大李敖全集5.0》（wjm_tcy版）分章节/005.诗集语录类/005.虽千万人，李敖往矣/047.2016年10月.txt","","[]","data/timeline-events-sui-qianwan-li-ao-wangyi.json","sui-qianwan-2016-10-01-daily-weibo","{""id"":""sui-qianwan-2016-10-01-daily-weibo"",""date"":""2016-10-01"",""displayDate"":""2016年10月1日星期六"",""datePrecision"":""day"",""title"":""李敖发微博谈“亲爱的阿里巴巴：端详尊照，发现《史记》把“貌寝”解释成丑是错的”"",""summary"":""2016年10月1日，李敖在“哈囉李敖”微博发文：亲爱的阿里巴巴：端详尊照，发现《史记》把“貌寝”解释成丑是错的。“貌寝”不是丑，而是《魏志》说的“貌不足也”。貌不足是你的长相跟不上你的职业相。洋鬼子阿里巴巴做强盗可以不蒙脸；你的毛病明明“貌不足也”还要以本尊示人，难怪吓人倒怪。让党高兴一点，还是蒙起脸吧。李敖敬上。"",""view"":[""写作线"",""媒体线"",""晚年线""],""tags"":[""虽千万人，李敖往矣"",""哈囉李敖"",""微博"",""140字""],""people"":[""李敖""],""places"":[],""works"":[""虽千万人，李敖往矣"",""哈囉李敖""],""certainty"":""confirmed"",""source"":{""book"":""虽千万人，李敖往矣"",""chapter"":""047.2016年10月"",""path"":""《大李敖全集5.0》（wjm_tcy版）分章节/005.诗集语录类/005.虽千万人，李敖往矣/047.2016年10月.txt"",""line"":3,""lines"":[3,5]},""crossReferences"":[],""round"":""2026-07-11-sui-qianwan-li-ao-wangyi-daily-completion"",""dataFile"":""data/timeline-events-sui-qianwan-li-ao-wangyi.json""}"
"29248","2016","2016-10-02","2016年10月2日星期日","day","confirmed","李敖发微博谈“我是先知，我早在28年前就警告李登辉不是好东西”","2016年10月2日，李敖在“哈囉李敖”微博发文：我是先知，我早在28年前就警告李登辉不是好东西。国民党反击我，由许倬云、丘宏达等出版《站在历史的转折点上》为李登辉护航；共产党也反击我，推迟22年才解除禁令。如今国共两党都被这假日本鬼子骗了，想来又好气又好笑又活该。李敖目光如炬、国共目光如豆、李登辉豆豆其间，爽得直放屁。","李敖","","虽千万人，李敖往矣、哈囉李敖、微博、140字","写作线、媒体线、晚年线","虽千万人，李敖往矣、哈囉李敖","","虽千万人，李敖往矣","047.2016年10月","7","《大李敖全集5.0》（wjm_tcy版）分章节/005.诗集语录类/005.虽千万人，李敖往矣/047.2016年10月.txt","","[]","data/timeline-events-sui-qianwan-li-ao-wangyi.json","sui-qianwan-2016-10-02-daily-weibo","{""id"":""sui-qianwan-2016-10-02-daily-weibo"",""date"":""2016-10-02"",""displayDate"":""2016年10月2日星期日"",""datePrecision"":""day"",""title"":""李敖发微博谈“我是先知，我早在28年前就警告李登辉不是好东西”"",""summary"":""2016年10月2日，李敖在“哈囉李敖”微博发文：我是先知，我早在28年前就警告李登辉不是好东西。国民党反击我，由许倬云、丘宏达等出版《站在历史的转折点上》为李登辉护航；共产党也反击我，推迟22年才解除禁令。如今国共两党都被这假日本鬼子骗了，想来又好气又好笑又活该。李敖目光如炬、国共目光如豆、李登辉豆豆其间，爽得直放屁。"",""view"":[""写作线"",""媒体线"",""晚年线""],""tags"":[""虽千万人，李敖往矣"",""哈囉李敖"",""微博"",""140字""],""people"":[""李敖""],""places"":[],""works"":[""虽千万人，李敖往矣"",""哈囉李敖""],""certainty"":""confirmed"",""source"":{""book"":""虽千万人，李敖往矣"",""chapter"":""047.2016年10月"",""path"":""《大李敖全集5.0》（wjm_tcy版）分章节/005.诗集语录类/005.虽千万人，李敖往矣/047.2016年10月.txt"",""line"":7,""lines"":[7,9]},""crossReferences"":[],""round"":""2026-07-11-sui-qianwan-li-ao-wangyi-daily-completion"",""dataFile"":""data/timeline-events-sui-qianwan-li-ao-wangyi.json""}"
"29249","2016","2016-10-03","2016年10月3日星期一","day","confirmed","李敖发微博谈“老大哥斯大林挖苦小老弟中国共产党，说它是“人造奶油式的共产党””","2016年10月3日，李敖在“哈囉李敖”微博发文：老大哥斯大林挖苦小老弟中国共产党，说它是“人造奶油式的共产党”。“人造奶油”虽然不地道，好歹也可冒充奶油。地道又怎样？你会解体，我不会，因我快速变为中国式社会主义。中国式社会主义就是美国式资本主义山寨版。全世界最可怕的动物就是共产党变成资本家，我不敢照镜子，我怕我自己。","李敖","","虽千万人，李敖往矣、哈囉李敖、微博、140字","写作线、媒体线、晚年线","虽千万人，李敖往矣、哈囉李敖","","虽千万人，李敖往矣","047.2016年10月","11","《大李敖全集5.0》（wjm_tcy版）分章节/005.诗集语录类/005.虽千万人，李敖往矣/047.2016年10月.txt","","[]","data/timeline-events-sui-qianwan-li-ao-wangyi.json","sui-qianwan-2016-10-03-daily-weibo","{""id"":""sui-qianwan-2016-10-03-daily-weibo"",""date"":""2016-10-03"",""displayDate"":""2016年10月3日星期一"",""datePrecision"":""day"",""title"":""李敖发微博谈“老大哥斯大林挖苦小老弟中国共产党，说它是“人造奶油式的共产党””"",""summary"":""2016年10月3日，李敖在“哈囉李敖”微博发文：老大哥斯大林挖苦小老弟中国共产党，说它是“人造奶油式的共产党”。“人造奶油”虽然不地道，好歹也可冒充奶油。地道又怎样？你会解体，我不会，因我快速变为中国式社会主义。中国式社会主义就是美国式资本主义山寨版。全世界最可怕的动物就是共产党变成资本家，我不敢照镜子，我怕我自己。"",""view"":[""写作线"",""媒体线"",""晚年线""],""tags"":[""虽千万人，李敖往矣"",""哈囉李敖"",""微博"",""140字""],""people"":[""李敖""],""places"":[],""works"":[""虽千万人，李敖往矣"",""哈囉李敖""],""certainty"":""confirmed"",""source"":{""book"":""虽千万人，李敖往矣"",""chapter"":""047.2016年10月"",""path"":""《大李敖全集5.0》（wjm_tcy版）分章节/005.诗集语录类/005.虽千万人，李敖往矣/047.2016年10月.txt"",""line"":11,""lines"":[11,13]},""crossReferences"":[],""round"":""2026-07-11-sui-qianwan-li-ao-wangyi-daily-completion"",""dataFile"":""data/timeline-events-sui-qianwan-li-ao-wangyi.json""}"
"29250","2016","2016-10-04","2016年10月4日星期二","day","confirmed","李敖发微博谈“100年前，文学革命条件之一是“不避俗语俗字””","2016年10月4日，李敖在“哈囉李敖”微博发文：100年前，文学革命条件之一是“不避俗语俗字”。但搞文学革命诸公，笔下还是文绉绉的。吴稚晖、毛润之比较放得开，也止于有“放屁”二字出现，中国人真正能恣肆行文的，百年孤寂，李敖一人而已。其实李敖只是坦白传真，他只不过写出了人民的语言。金正日、吕正操，日你操你，多么人民呀！","李敖","","虽千万人，李敖往矣、哈囉李敖、微博、140字","写作线、媒体线、晚年线","虽千万人，李敖往矣、哈囉李敖","","虽千万人，李敖往矣","047.2016年10月","15","《大李敖全集5.0》（wjm_tcy版）分章节/005.诗集语录类/005.虽千万人，李敖往矣/047.2016年10月.txt","","[]","data/timeline-events-sui-qianwan-li-ao-wangyi.json","sui-qianwan-2016-10-04-daily-weibo","{""id"":""sui-qianwan-2016-10-04-daily-weibo"",""date"":""2016-10-04"",""displayDate"":""2016年10月4日星期二"",""datePrecision"":""day"",""title"":""李敖发微博谈“100年前，文学革命条件之一是“不避俗语俗字””"",""summary"":""2016年10月4日，李敖在“哈囉李敖”微博发文：100年前，文学革命条件之一是“不避俗语俗字”。但搞文学革命诸公，笔下还是文绉绉的。吴稚晖、毛润之比较放得开，也止于有“放屁”二字出现，中国人真正能恣肆行文的，百年孤寂，李敖一人而已。其实李敖只是坦白传真，他只不过写出了人民的语言。金正日、吕正操，日你操你，多么人民呀！"",""view"":[""写作线"",""媒体线"",""晚年线""],""tags"":[""虽千万人，李敖往矣"",""哈囉李敖"",""微博"",""140字""],""people"":[""李敖""],""places"":[],""works"":[""虽千万人，李敖往矣"",""哈囉李敖""],""certainty"":""confirmed"",""source"":{""book"":""虽千万人，李敖往矣"",""chapter"":""047.2016年10月"",""path"":""《大李敖全集5.0》（wjm_tcy版）分章节/005.诗集语录类/005.虽千万人，李敖往矣/047.2016年10月.txt"",""line"":15,""lines"":[15,17]},""crossReferences"":[],""round"":""2026-07-11-sui-qianwan-li-ao-wangyi-daily-completion"",""dataFile"":""data/timeline-events-sui-qianwan-li-ao-wangyi.json""}"
"29251","2016","2016-10-05","2016年10月5日星期三","day","confirmed","李敖发微博谈“李敖揭发李登辉叛共后，李登辉迂回发出一段假历史：承认他与共产党有过…”","2016年10月5日，李敖在“哈囉李敖”微博发文：李敖揭发李登辉叛共后，李登辉迂回发出一段假历史：承认他与共产党有过渊源，但他要退出，好合好散，就退出了。后来做了国民党，但秘密长捐箱底，蒋经国不知道。不料李敖找出他出卖同志的黑资料，原来他向姓蒋的交了心、交了名单，别人横尸，他才横行。什么好合好散，是你太像共产党啦。","李敖","","虽千万人，李敖往矣、哈囉李敖、微博、140字","写作线、媒体线、晚年线","虽千万人，李敖往矣、哈囉李敖","","虽千万人，李敖往矣","047.2016年10月","19","《大李敖全集5.0》（wjm_tcy版）分章节/005.诗集语录类/005.虽千万人，李敖往矣/047.2016年10月.txt","","[]","data/timeline-events-sui-qianwan-li-ao-wangyi.json","sui-qianwan-2016-10-05-daily-weibo","{""id"":""sui-qianwan-2016-10-05-daily-weibo"",""date"":""2016-10-05"",""displayDate"":""2016年10月5日星期三"",""datePrecision"":""day"",""title"":""李敖发微博谈“李敖揭发李登辉叛共后，李登辉迂回发出一段假历史：承认他与共产党有过…”"",""summary"":""2016年10月5日，李敖在“哈囉李敖”微博发文：李敖揭发李登辉叛共后，李登辉迂回发出一段假历史：承认他与共产党有过渊源，但他要退出，好合好散，就退出了。后来做了国民党，但秘密长捐箱底，蒋经国不知道。不料李敖找出他出卖同志的黑资料，原来他向姓蒋的交了心、交了名单，别人横尸，他才横行。什么好合好散，是你太像共产党啦。"",""view"":[""写作线"",""媒体线"",""晚年线""],""tags"":[""虽千万人，李敖往矣"",""哈囉李敖"",""微博"",""140字""],""people"":[""李敖""],""places"":[],""works"":[""虽千万人，李敖往矣"",""哈囉李敖""],""certainty"":""confirmed"",""source"":{""book"":""虽千万人，李敖往矣"",""chapter"":""047.2016年10月"",""path"":""《大李敖全集5.0》（wjm_tcy版）分章节/005.诗集语录类/005.虽千万人，李敖往矣/047.2016年10月.txt"",""line"":19,""lines"":[19,21]},""crossReferences"":[],""round"":""2026-07-11-sui-qianwan-li-ao-wangyi-daily-completion"",""dataFile"":""data/timeline-events-sui-qianwan-li-ao-wangyi.json""}"
"29252","2016","2016-10-06","2016年10月6日星期四","day","confirmed","李敖发微博谈“念大学正值蒋家横行，资讯和史料都被打劫，知道的一点共产党讯息来自日…”","2016年10月6日，李敖在“哈囉李敖”微博发文：念大学正值蒋家横行，资讯和史料都被打劫，知道的一点共产党讯息来自日本B级学者波多野乾一；如今蒋家完蛋，波多野乾一换成了A片女优波多野结衣。曾几何时，波多野乾一和我们众望所归的共产党靠边站，波多野结衣和他们众望所归的一身白肉上床来。俱往矣，看我们的毛不如看他们的毛。","李敖","","虽千万人，李敖往矣、哈囉李敖、微博、140字","写作线、媒体线、晚年线","虽千万人，李敖往矣、哈囉李敖","","虽千万人，李敖往矣","047.2016年10月","23","《大李敖全集5.0》（wjm_tcy版）分章节/005.诗集语录类/005.虽千万人，李敖往矣/047.2016年10月.txt","","[]","data/timeline-events-sui-qianwan-li-ao-wangyi.json","sui-qianwan-2016-10-06-daily-weibo","{""id"":""sui-qianwan-2016-10-06-daily-weibo"",""date"":""2016-10-06"",""displayDate"":""2016年10月6日星期四"",""datePrecision"":""day"",""title"":""李敖发微博谈“念大学正值蒋家横行，资讯和史料都被打劫，知道的一点共产党讯息来自日…”"",""summary"":""2016年10月6日，李敖在“哈囉李敖”微博发文：念大学正值蒋家横行，资讯和史料都被打劫，知道的一点共产党讯息来自日本B级学者波多野乾一；如今蒋家完蛋，波多野乾一换成了A片女优波多野结衣。曾几何时，波多野乾一和我们众望所归的共产党靠边站，波多野结衣和他们众望所归的一身白肉上床来。俱往矣，看我们的毛不如看他们的毛。"",""view"":[""写作线"",""媒体线"",""晚年线""],""tags"":[""虽千万人，李敖往矣"",""哈囉李敖"",""微博"",""140字""],""people"":[""李敖""],""places"":[],""works"":[""虽千万人，李敖往矣"",""哈囉李敖""],""certainty"":""confirmed"",""source"":{""book"":""虽千万人，李敖往矣"",""chapter"":""047.2016年10月"",""path"":""《大李敖全集5.0》（wjm_tcy版）分章节/005.诗集语录类/005.虽千万人，李敖往矣/047.2016年10月.txt"",""line"":23,""lines"":[23,25]},""crossReferences"":[],""round"":""2026-07-11-sui-qianwan-li-ao-wangyi-daily-completion"",""dataFile"":""data/timeline-events-sui-qianwan-li-ao-wangyi.json""}"
"29253","2016","2016-10-07","2016年10月7日星期五","day","confirmed","李敖发微博谈“小市民有一种小人物心态，就是自己发了、想远走高飞，谁还要穷亲戚呢”","2016年10月7日，李敖在“哈囉李敖”微博发文：小市民有一种小人物心态，就是自己发了、想远走高飞，谁还要穷亲戚呢？所以，上海人不想要甘肃人；香港人不想要青海人；台湾人抱着全中国的黄金和故宫不放，不想要甘肃人青海人和专产亲娘的大陆人。从小市民小气八拉的小心眼看，很自然。但我们和共产党却不以为然。我们政治正确：不许你逃掉。","李敖","","虽千万人，李敖往矣、哈囉李敖、微博、140字","写作线、媒体线、晚年线","虽千万人，李敖往矣、哈囉李敖","","虽千万人，李敖往矣","047.2016年10月","27","《大李敖全集5.0》（wjm_tcy版）分章节/005.诗集语录类/005.虽千万人，李敖往矣/047.2016年10月.txt","","[]","data/timeline-events-sui-qianwan-li-ao-wangyi.json","sui-qianwan-2016-10-07-daily-weibo","{""id"":""sui-qianwan-2016-10-07-daily-weibo"",""date"":""2016-10-07"",""displayDate"":""2016年10月7日星期五"",""datePrecision"":""day"",""title"":""李敖发微博谈“小市民有一种小人物心态，就是自己发了、想远走高飞，谁还要穷亲戚呢”"",""summary"":""2016年10月7日，李敖在“哈囉李敖”微博发文：小市民有一种小人物心态，就是自己发了、想远走高飞，谁还要穷亲戚呢？所以，上海人不想要甘肃人；香港人不想要青海人；台湾人抱着全中国的黄金和故宫不放，不想要甘肃人青海人和专产亲娘的大陆人。从小市民小气八拉的小心眼看，很自然。但我们和共产党却不以为然。我们政治正确：不许你逃掉。"",""view"":[""写作线"",""媒体线"",""晚年线""],""tags"":[""虽千万人，李敖往矣"",""哈囉李敖"",""微博"",""140字""],""people"":[""李敖""],""places"":[],""works"":[""虽千万人，李敖往矣"",""哈囉李敖""],""certainty"":""confirmed"",""source"":{""book"":""虽千万人，李敖往矣"",""chapter"":""047.2016年10月"",""path"":""《大李敖全集5.0》（wjm_tcy版）分章节/005.诗集语录类/005.虽千万人，李敖往矣/047.2016年10月.txt"",""line"":27,""lines"":[27,29]},""crossReferences"":[],""round"":""2026-07-11-sui-qianwan-li-ao-wangyi-daily-completion"",""dataFile"":""data/timeline-events-sui-qianwan-li-ao-wangyi.json""}"
"29254","2016","2016-10-08","2016年10月8日星期六","day","confirmed","李敖发微博谈“折腾有中式折腾和美式折腾”","2016年10月8日，李敖在“哈囉李敖”微博发文：折腾有中式折腾和美式折腾。文革集中式折腾大成，受害的是中国；美式折腾由44任总统总其成，人类本没本领害到全世界，但美国有了，受害的是全世界。美式折腾比中式折腾厉害多了，因中式刀刀见骨，美式却吃人不吐骨头。但别因此对美国恨之入骨，因你恨了半天，说不定是你被吃的贱骨头。","李敖","","虽千万人，李敖往矣、哈囉李敖、微博、140字","写作线、媒体线、晚年线","虽千万人，李敖往矣、哈囉李敖","","虽千万人，李敖往矣","047.2016年10月","31","《大李敖全集5.0》（wjm_tcy版）分章节/005.诗集语录类/005.虽千万人，李敖往矣/047.2016年10月.txt","","[]","data/timeline-events-sui-qianwan-li-ao-wangyi.json","sui-qianwan-2016-10-08-daily-weibo","{""id"":""sui-qianwan-2016-10-08-daily-weibo"",""date"":""2016-10-08"",""displayDate"":""2016年10月8日星期六"",""datePrecision"":""day"",""title"":""李敖发微博谈“折腾有中式折腾和美式折腾”"",""summary"":""2016年10月8日，李敖在“哈囉李敖”微博发文：折腾有中式折腾和美式折腾。文革集中式折腾大成，受害的是中国；美式折腾由44任总统总其成，人类本没本领害到全世界，但美国有了，受害的是全世界。美式折腾比中式折腾厉害多了，因中式刀刀见骨，美式却吃人不吐骨头。但别因此对美国恨之入骨，因你恨了半天，说不定是你被吃的贱骨头。"",""view"":[""写作线"",""媒体线"",""晚年线""],""tags"":[""虽千万人，李敖往矣"",""哈囉李敖"",""微博"",""140字""],""people"":[""李敖""],""places"":[],""works"":[""虽千万人，李敖往矣"",""哈囉李敖""],""certainty"":""confirmed"",""source"":{""book"":""虽千万人，李敖往矣"",""chapter"":""047.2016年10月"",""path"":""《大李敖全集5.0》（wjm_tcy版）分章节/005.诗集语录类/005.虽千万人，李敖往矣/047.2016年10月.txt"",""line"":31,""lines"":[31,33]},""crossReferences"":[],""round"":""2026-07-11-sui-qianwan-li-ao-wangyi-daily-completion"",""dataFile"":""data/timeline-events-sui-qianwan-li-ao-wangyi.json""}"
"29255","2016","2016-10-09","2016年10月9日星期日","day","confirmed","李敖发微博谈“悲剧是知道共产党多可恨，却忽略了共产党多重要”","2016年10月9日，李敖在“哈囉李敖”微博发文：悲剧是知道共产党多可恨，却忽略了共产党多重要。李敖的伟大在敢狗血淋头、敢佛头着粪、也敢为坏人开脱。我一生历经亡国之惨、弱国之悲，我深感中国要强大，目前只有那群坏人能使中国强大。我们没有选择、没有第二次机会、也没有推翻重来的本钱和必要。让坏人中饱吧，国库损失了10%都值得！","李敖","","虽千万人，李敖往矣、哈囉李敖、微博、140字","写作线、媒体线、晚年线","虽千万人，李敖往矣、哈囉李敖","","虽千万人，李敖往矣","047.2016年10月","35","《大李敖全集5.0》（wjm_tcy版）分章节/005.诗集语录类/005.虽千万人，李敖往矣/047.2016年10月.txt","","[]","data/timeline-events-sui-qianwan-li-ao-wangyi.json","sui-qianwan-2016-10-09-daily-weibo","{""id"":""sui-qianwan-2016-10-09-daily-weibo"",""date"":""2016-10-09"",""displayDate"":""2016年10月9日星期日"",""datePrecision"":""day"",""title"":""李敖发微博谈“悲剧是知道共产党多可恨，却忽略了共产党多重要”"",""summary"":""2016年10月9日，李敖在“哈囉李敖”微博发文：悲剧是知道共产党多可恨，却忽略了共产党多重要。李敖的伟大在敢狗血淋头、敢佛头着粪、也敢为坏人开脱。我一生历经亡国之惨、弱国之悲，我深感中国要强大，目前只有那群坏人能使中国强大。我们没有选择、没有第二次机会、也没有推翻重来的本钱和必要。让坏人中饱吧，国库损失了10%都值得！"",""view"":[""写作线"",""媒体线"",""晚年线""],""tags"":[""虽千万人，李敖往矣"",""哈囉李敖"",""微博"",""140字""],""people"":[""李敖""],""places"":[],""works"":[""虽千万人，李敖往矣"",""哈囉李敖""],""certainty"":""confirmed"",""source"":{""book"":""虽千万人，李敖往矣"",""chapter"":""047.2016年10月"",""path"":""《大李敖全集5.0》（wjm_tcy版）分章节/005.诗集语录类/005.虽千万人，李敖往矣/047.2016年10月.txt"",""line"":35,""lines"":[35,37]},""crossReferences"":[],""round"":""2026-07-11-sui-qianwan-li-ao-wangyi-daily-completion"",""dataFile"":""data/timeline-events-sui-qianwan-li-ao-wangyi.json""}"
"29256","2016","2016-10-10","2016年10月10日星期一","day","confirmed","李敖发微博谈“追求政治权力，总是一场空”","2016年10月10日，李敖在“哈囉李敖”微博发文：追求政治权力，总是一场空。还赶不上追求财色来得实惠。大独裁者予智自雄，其实他早被左右包围，全部支体语言，早在小李子眼中。徐复观透露：蒋介石一摸下巴就表示要发脾气，他小徐子就先闪开为妙。可见领袖英明半天，不能令计划不贴身。由此看来，领袖最容易被计划蒙骗，领袖者，大傻瓜也。","李敖","","虽千万人，李敖往矣、哈囉李敖、微博、140字","写作线、媒体线、晚年线","虽千万人，李敖往矣、哈囉李敖","","虽千万人，李敖往矣","047.2016年10月","39","《大李敖全集5.0》（wjm_tcy版）分章节/005.诗集语录类/005.虽千万人，李敖往矣/047.2016年10月.txt","","[]","data/timeline-events-sui-qianwan-li-ao-wangyi.json","sui-qianwan-2016-10-10-daily-weibo","{""id"":""sui-qianwan-2016-10-10-daily-weibo"",""date"":""2016-10-10"",""displayDate"":""2016年10月10日星期一"",""datePrecision"":""day"",""title"":""李敖发微博谈“追求政治权力，总是一场空”"",""summary"":""2016年10月10日，李敖在“哈囉李敖”微博发文：追求政治权力，总是一场空。还赶不上追求财色来得实惠。大独裁者予智自雄，其实他早被左右包围，全部支体语言，早在小李子眼中。徐复观透露：蒋介石一摸下巴就表示要发脾气，他小徐子就先闪开为妙。可见领袖英明半天，不能令计划不贴身。由此看来，领袖最容易被计划蒙骗，领袖者，大傻瓜也。"",""view"":[""写作线"",""媒体线"",""晚年线""],""tags"":[""虽千万人，李敖往矣"",""哈囉李敖"",""微博"",""140字""],""people"":[""李敖""],""places"":[],""works"":[""虽千万人，李敖往矣"",""哈囉李敖""],""certainty"":""confirmed"",""source"":{""book"":""虽千万人，李敖往矣"",""chapter"":""047.2016年10月"",""path"":""《大李敖全集5.0》（wjm_tcy版）分章节/005.诗集语录类/005.虽千万人，李敖往矣/047.2016年10月.txt"",""line"":39,""lines"":[39,41]},""crossReferences"":[],""round"":""2026-07-11-sui-qianwan-li-ao-wangyi-daily-completion"",""dataFile"":""data/timeline-events-sui-qianwan-li-ao-wangyi.json""}"
"29257","2016","2016-10-11","2016年10月11日星期二","day","confirmed","李敖发微博谈“宋楚瑜出自宫廷，摇身一变，变成台湾仅有的大人了，使我们来不及恨他”","2016年10月11日，李敖在“哈囉李敖”微博发文：宋楚瑜出自宫廷，摇身一变，变成台湾仅有的大人了，使我们来不及恨他。他心里有中国、手里没有，有的只是台湾的烂摊子。我公开建议祖国要示天下以广，分个湖南省主席给他做，但祖国太小气了。他毕竟是海峡两岸最后的残棋。残棋的失败并非祖国的胜利，台湾至今不能归顺，祖国没有责任吗？","李敖","","虽千万人，李敖往矣、哈囉李敖、微博、140字","写作线、媒体线、晚年线","虽千万人，李敖往矣、哈囉李敖","","虽千万人，李敖往矣","047.2016年10月","43","《大李敖全集5.0》（wjm_tcy版）分章节/005.诗集语录类/005.虽千万人，李敖往矣/047.2016年10月.txt","","[]","data/timeline-events-sui-qianwan-li-ao-wangyi.json","sui-qianwan-2016-10-11-daily-weibo","{""id"":""sui-qianwan-2016-10-11-daily-weibo"",""date"":""2016-10-11"",""displayDate"":""2016年10月11日星期二"",""datePrecision"":""day"",""title"":""李敖发微博谈“宋楚瑜出自宫廷，摇身一变，变成台湾仅有的大人了，使我们来不及恨他”"",""summary"":""2016年10月11日，李敖在“哈囉李敖”微博发文：宋楚瑜出自宫廷，摇身一变，变成台湾仅有的大人了，使我们来不及恨他。他心里有中国、手里没有，有的只是台湾的烂摊子。我公开建议祖国要示天下以广，分个湖南省主席给他做，但祖国太小气了。他毕竟是海峡两岸最后的残棋。残棋的失败并非祖国的胜利，台湾至今不能归顺，祖国没有责任吗？"",""view"":[""写作线"",""媒体线"",""晚年线""],""tags"":[""虽千万人，李敖往矣"",""哈囉李敖"",""微博"",""140字""],""people"":[""李敖""],""places"":[],""works"":[""虽千万人，李敖往矣"",""哈囉李敖""],""certainty"":""confirmed"",""source"":{""book"":""虽千万人，李敖往矣"",""chapter"":""047.2016年10月"",""path"":""《大李敖全集5.0》（wjm_tcy版）分章节/005.诗集语录类/005.虽千万人，李敖往矣/047.2016年10月.txt"",""line"":43,""lines"":[43,45]},""crossReferences"":[],""round"":""2026-07-11-sui-qianwan-li-ao-wangyi-daily-completion"",""dataFile"":""data/timeline-events-sui-qianwan-li-ao-wangyi.json""}"
"29258","2016","2016-10-12","2016年10月12日星期三","day","confirmed","李敖发微博谈“糊涂的年轻人会问：亡国和中国人统治有什么不一样”","2016年10月12日，李敖在“哈囉李敖”微博发文：糊涂的年轻人会问：亡国和中国人统治有什么不一样？不一样可大了：南京大屠杀时，日本兵把中国女学生关在大学校园、集体轮奸；但中国人再坏，也干不出来。爱国是保护女学生，也顺便保护同性恋者的屁眼。你搞情人屁眼时忽然亡国了有日本人冲进来趁虚而入你的屁眼，你呀，为了屁眼，不爱国成吗？","李敖","","虽千万人，李敖往矣、哈囉李敖、微博、140字","写作线、媒体线、晚年线","虽千万人，李敖往矣、哈囉李敖","","虽千万人，李敖往矣","047.2016年10月","47","《大李敖全集5.0》（wjm_tcy版）分章节/005.诗集语录类/005.虽千万人，李敖往矣/047.2016年10月.txt","","[]","data/timeline-events-sui-qianwan-li-ao-wangyi.json","sui-qianwan-2016-10-12-daily-weibo","{""id"":""sui-qianwan-2016-10-12-daily-weibo"",""date"":""2016-10-12"",""displayDate"":""2016年10月12日星期三"",""datePrecision"":""day"",""title"":""李敖发微博谈“糊涂的年轻人会问：亡国和中国人统治有什么不一样”"",""summary"":""2016年10月12日，李敖在“哈囉李敖”微博发文：糊涂的年轻人会问：亡国和中国人统治有什么不一样？不一样可大了：南京大屠杀时，日本兵把中国女学生关在大学校园、集体轮奸；但中国人再坏，也干不出来。爱国是保护女学生，也顺便保护同性恋者的屁眼。你搞情人屁眼时忽然亡国了有日本人冲进来趁虚而入你的屁眼，你呀，为了屁眼，不爱国成吗？"",""view"":[""写作线"",""媒体线"",""晚年线""],""tags"":[""虽千万人，李敖往矣"",""哈囉李敖"",""微博"",""140字""],""people"":[""李敖""],""places"":[],""works"":[""虽千万人，李敖往矣"",""哈囉李敖""],""certainty"":""confirmed"",""source"":{""book"":""虽千万人，李敖往矣"",""chapter"":""047.2016年10月"",""path"":""《大李敖全集5.0》（wjm_tcy版）分章节/005.诗集语录类/005.虽千万人，李敖往矣/047.2016年10月.txt"",""line"":47,""lines"":[47,49]},""crossReferences"":[],""round"":""2026-07-11-sui-qianwan-li-ao-wangyi-daily-completion"",""dataFile"":""data/timeline-events-sui-qianwan-li-ao-wangyi.json""}"
"29259","2016","2016-10-13","2016年10月13日星期四","day","confirmed","李敖发微博谈“共产党的台湾政策，早在毛泽东对基辛格的秘密谈话里定了调：台湾岛上是…”","2016年10月13日，李敖在“哈囉李敖”微博发文：共产党的台湾政策，早在毛泽东对基辛格的秘密谈话里定了调：台湾岛上是一群反革命，我们愿意等100年再动手。毛泽东死后，中国变强了，可是台湾政策却落入“陈云林模式”，以为拉拢连战、勾结财团就可生效。结果落到今天这种“猪八戒照镜子——里外不是人”的僵局。万法皆空，毛泽东会动手吗？","李敖","","虽千万人，李敖往矣、哈囉李敖、微博、140字","写作线、媒体线、晚年线","虽千万人，李敖往矣、哈囉李敖","","虽千万人，李敖往矣","047.2016年10月","51","《大李敖全集5.0》（wjm_tcy版）分章节/005.诗集语录类/005.虽千万人，李敖往矣/047.2016年10月.txt","","[]","data/timeline-events-sui-qianwan-li-ao-wangyi.json","sui-qianwan-2016-10-13-daily-weibo","{""id"":""sui-qianwan-2016-10-13-daily-weibo"",""date"":""2016-10-13"",""displayDate"":""2016年10月13日星期四"",""datePrecision"":""day"",""title"":""李敖发微博谈“共产党的台湾政策，早在毛泽东对基辛格的秘密谈话里定了调：台湾岛上是…”"",""summary"":""2016年10月13日，李敖在“哈囉李敖”微博发文：共产党的台湾政策，早在毛泽东对基辛格的秘密谈话里定了调：台湾岛上是一群反革命，我们愿意等100年再动手。毛泽东死后，中国变强了，可是台湾政策却落入“陈云林模式”，以为拉拢连战、勾结财团就可生效。结果落到今天这种“猪八戒照镜子——里外不是人”的僵局。万法皆空，毛泽东会动手吗？"",""view"":[""写作线"",""媒体线"",""晚年线""],""tags"":[""虽千万人，李敖往矣"",""哈囉李敖"",""微博"",""140字""],""people"":[""李敖""],""places"":[],""works"":[""虽千万人，李敖往矣"",""哈囉李敖""],""certainty"":""confirmed"",""source"":{""book"":""虽千万人，李敖往矣"",""chapter"":""047.2016年10月"",""path"":""《大李敖全集5.0》（wjm_tcy版）分章节/005.诗集语录类/005.虽千万人，李敖往矣/047.2016年10月.txt"",""line"":51,""lines"":[51,53]},""crossReferences"":[],""round"":""2026-07-11-sui-qianwan-li-ao-wangyi-daily-completion"",""dataFile"":""data/timeline-events-sui-qianwan-li-ao-wangyi.json""}"
"29260","2016","2016-10-14","2016年10月14日星期五","day","confirmed","李敖发微博谈“一代明星嘉宝（Greta Garbo）退隐后说她从没说过我要孤独（…”","2016年10月14日，李敖在“哈囉李敖”微博发文：一代明星嘉宝（Greta Garbo）退隐后说她从没说过我要孤独（I want to be alone.）只说过让我孤独（I want to be left alone.）当年政府是喜欢折腾人的，今天不折腾了，但人民折腾起自己了：一天之内，西湖来了60万游客，看到的都是别人后脑勺。嘉宝懂了，原来不让自己孤独的，是后脑勺。","李敖","","虽千万人，李敖往矣、哈囉李敖、微博、140字","写作线、媒体线、晚年线","虽千万人，李敖往矣、哈囉李敖","","虽千万人，李敖往矣","047.2016年10月","55","《大李敖全集5.0》（wjm_tcy版）分章节/005.诗集语录类/005.虽千万人，李敖往矣/047.2016年10月.txt","","[]","data/timeline-events-sui-qianwan-li-ao-wangyi.json","sui-qianwan-2016-10-14-daily-weibo","{""id"":""sui-qianwan-2016-10-14-daily-weibo"",""date"":""2016-10-14"",""displayDate"":""2016年10月14日星期五"",""datePrecision"":""day"",""title"":""李敖发微博谈“一代明星嘉宝（Greta Garbo）退隐后说她从没说过我要孤独（…”"",""summary"":""2016年10月14日，李敖在“哈囉李敖”微博发文：一代明星嘉宝（Greta Garbo）退隐后说她从没说过我要孤独（I want to be alone.）只说过让我孤独（I want to be left alone.）当年政府是喜欢折腾人的，今天不折腾了，但人民折腾起自己了：一天之内，西湖来了60万游客，看到的都是别人后脑勺。嘉宝懂了，原来不让自己孤独的，是后脑勺。"",""view"":[""写作线"",""媒体线"",""晚年线""],""tags"":[""虽千万人，李敖往矣"",""哈囉李敖"",""微博"",""140字""],""people"":[""李敖""],""places"":[],""works"":[""虽千万人，李敖往矣"",""哈囉李敖""],""certainty"":""confirmed"",""source"":{""book"":""虽千万人，李敖往矣"",""chapter"":""047.2016年10月"",""path"":""《大李敖全集5.0》（wjm_tcy版）分章节/005.诗集语录类/005.虽千万人，李敖往矣/047.2016年10月.txt"",""line"":55,""lines"":[55,57]},""crossReferences"":[],""round"":""2026-07-11-sui-qianwan-li-ao-wangyi-daily-completion"",""dataFile"":""data/timeline-events-sui-qianwan-li-ao-wangyi.json""}"
"29261","2016","2016-10-15","2016年10月15日星期六","day","confirmed","李敖发微博谈“我谈到屁眼与爱国的关系，如你无知，你一定笑我胡扯”","2016年10月15日，李敖在“哈囉李敖”微博发文：我谈到屁眼与爱国的关系，如你无知，你一定笑我胡扯。其实当年南京事变时，共产党掌握了第6军，政治部主任林祖涵就鼓动强奸外国人，引发国际事件。《龚德柏回忆录》还提到日本荒木少尉都被搞过屁眼。共产党为了给国民党找麻烦，连日本人的臭屁眼都蔡康永一下，当年的共产党多爱中国呀！","李敖","","虽千万人，李敖往矣、哈囉李敖、微博、140字","写作线、媒体线、晚年线","虽千万人，李敖往矣、哈囉李敖","","虽千万人，李敖往矣","047.2016年10月","59","《大李敖全集5.0》（wjm_tcy版）分章节/005.诗集语录类/005.虽千万人，李敖往矣/047.2016年10月.txt","","[]","data/timeline-events-sui-qianwan-li-ao-wangyi.json","sui-qianwan-2016-10-15-daily-weibo","{""id"":""sui-qianwan-2016-10-15-daily-weibo"",""date"":""2016-10-15"",""displayDate"":""2016年10月15日星期六"",""datePrecision"":""day"",""title"":""李敖发微博谈“我谈到屁眼与爱国的关系，如你无知，你一定笑我胡扯”"",""summary"":""2016年10月15日，李敖在“哈囉李敖”微博发文：我谈到屁眼与爱国的关系，如你无知，你一定笑我胡扯。其实当年南京事变时，共产党掌握了第6军，政治部主任林祖涵就鼓动强奸外国人，引发国际事件。《龚德柏回忆录》还提到日本荒木少尉都被搞过屁眼。共产党为了给国民党找麻烦，连日本人的臭屁眼都蔡康永一下，当年的共产党多爱中国呀！"",""view"":[""写作线"",""媒体线"",""晚年线""],""tags"":[""虽千万人，李敖往矣"",""哈囉李敖"",""微博"",""140字""],""people"":[""李敖""],""places"":[],""works"":[""虽千万人，李敖往矣"",""哈囉李敖""],""certainty"":""confirmed"",""source"":{""book"":""虽千万人，李敖往矣"",""chapter"":""047.2016年10月"",""path"":""《大李敖全集5.0》（wjm_tcy版）分章节/005.诗集语录类/005.虽千万人，李敖往矣/047.2016年10月.txt"",""line"":59,""lines"":[59,61]},""crossReferences"":[],""round"":""2026-07-11-sui-qianwan-li-ao-wangyi-daily-completion"",""dataFile"":""data/timeline-events-sui-qianwan-li-ao-wangyi.json""}"
"29262","2016","2016-10-16","2016年10月16日星期日","day","confirmed","李敖发微博谈“网络时代年轻人不但变成了低头族，也变成了低三下四族”","2016年10月16日，李敖在“哈囉李敖”微博发文：网络时代年轻人不但变成了低头族，也变成了低三下四族。他们一大特色是“少无大志”。相对的，他们上一代的，都“少有大志”。结果败则有志未酬、成则毛泽东：生前一门五烈士、死后不能保妻子。看来大志也不是好玩的。我是“少有大志”的，我的大志是“与朝廷争胜”：政府整我我也玩它。","李敖","","虽千万人，李敖往矣、哈囉李敖、微博、140字","写作线、媒体线、晚年线","虽千万人，李敖往矣、哈囉李敖","","虽千万人，李敖往矣","047.2016年10月","63","《大李敖全集5.0》（wjm_tcy版）分章节/005.诗集语录类/005.虽千万人，李敖往矣/047.2016年10月.txt","","[]","data/timeline-events-sui-qianwan-li-ao-wangyi.json","sui-qianwan-2016-10-16-daily-weibo","{""id"":""sui-qianwan-2016-10-16-daily-weibo"",""date"":""2016-10-16"",""displayDate"":""2016年10月16日星期日"",""datePrecision"":""day"",""title"":""李敖发微博谈“网络时代年轻人不但变成了低头族，也变成了低三下四族”"",""summary"":""2016年10月16日，李敖在“哈囉李敖”微博发文：网络时代年轻人不但变成了低头族，也变成了低三下四族。他们一大特色是“少无大志”。相对的，他们上一代的，都“少有大志”。结果败则有志未酬、成则毛泽东：生前一门五烈士、死后不能保妻子。看来大志也不是好玩的。我是“少有大志”的，我的大志是“与朝廷争胜”：政府整我我也玩它。"",""view"":[""写作线"",""媒体线"",""晚年线""],""tags"":[""虽千万人，李敖往矣"",""哈囉李敖"",""微博"",""140字""],""people"":[""李敖""],""places"":[],""works"":[""虽千万人，李敖往矣"",""哈囉李敖""],""certainty"":""confirmed"",""source"":{""book"":""虽千万人，李敖往矣"",""chapter"":""047.2016年10月"",""path"":""《大李敖全集5.0》（wjm_tcy版）分章节/005.诗集语录类/005.虽千万人，李敖往矣/047.2016年10月.txt"",""line"":63,""lines"":[63,65]},""crossReferences"":[],""round"":""2026-07-11-sui-qianwan-li-ao-wangyi-daily-completion"",""dataFile"":""data/timeline-events-sui-qianwan-li-ao-wangyi.json""}"
"29263","2016","2016-10-17","2016年10月17日星期一","day","confirmed","李敖发微博谈“以为1842年与英国订的《南京条约》是第一个不平等条约，这种历史，…”","2016年10月17日，李敖在“哈囉李敖”微博发文：以为1842年与英国订的《南京条约》是第一个不平等条约，这种历史，你一开始就没学对。因为《南京条约》丢了香港外，其他还粗枝大叶。真正祸害中国的不平等，乃是不到两年就跟美国订下的“超英赶美”的卖国杰作《望厦条约》。别忘了美国是真正后来居上的帝国主义老大，你的历史要重修了。","李敖","","虽千万人，李敖往矣、哈囉李敖、微博、140字","写作线、媒体线、晚年线","虽千万人，李敖往矣、哈囉李敖","","虽千万人，李敖往矣","047.2016年10月","67","《大李敖全集5.0》（wjm_tcy版）分章节/005.诗集语录类/005.虽千万人，李敖往矣/047.2016年10月.txt","","[]","data/timeline-events-sui-qianwan-li-ao-wangyi.json","sui-qianwan-2016-10-17-daily-weibo","{""id"":""sui-qianwan-2016-10-17-daily-weibo"",""date"":""2016-10-17"",""displayDate"":""2016年10月17日星期一"",""datePrecision"":""day"",""title"":""李敖发微博谈“以为1842年与英国订的《南京条约》是第一个不平等条约，这种历史，…”"",""summary"":""2016年10月17日，李敖在“哈囉李敖”微博发文：以为1842年与英国订的《南京条约》是第一个不平等条约，这种历史，你一开始就没学对。因为《南京条约》丢了香港外，其他还粗枝大叶。真正祸害中国的不平等，乃是不到两年就跟美国订下的“超英赶美”的卖国杰作《望厦条约》。别忘了美国是真正后来居上的帝国主义老大，你的历史要重修了。"",""view"":[""写作线"",""媒体线"",""晚年线""],""tags"":[""虽千万人，李敖往矣"",""哈囉李敖"",""微博"",""140字""],""people"":[""李敖""],""places"":[],""works"":[""虽千万人，李敖往矣"",""哈囉李敖""],""certainty"":""confirmed"",""source"":{""book"":""虽千万人，李敖往矣"",""chapter"":""047.2016年10月"",""path"":""《大李敖全集5.0》（wjm_tcy版）分章节/005.诗集语录类/005.虽千万人，李敖往矣/047.2016年10月.txt"",""line"":67,""lines"":[67,69]},""crossReferences"":[],""round"":""2026-07-11-sui-qianwan-li-ao-wangyi-daily-completion"",""dataFile"":""data/timeline-events-sui-qianwan-li-ao-wangyi.json""}"
"29264","2016","2016-10-18","2016年10月18日星期二","day","confirmed","李敖发微博谈“菲律宾独立，拖了48年才成真”","2016年10月18日，李敖在“哈囉李敖”微博发文：菲律宾独立，拖了48年才成真。原因是碰到3个骗子：第一个是美国，美国食言而肥；第二个是孙中山，孙中山先拿了100,000元，说可买到军火赶走美国人，结果船沉了；第三次还是孙中山，菲律宾又付了钱，军火到了，开箱一看，全是破铜烂铁。菲律宾气疯了，什么中华民国国父SUN，SOB呀！","李敖","","虽千万人，李敖往矣、哈囉李敖、微博、140字","写作线、媒体线、晚年线","虽千万人，李敖往矣、哈囉李敖","","虽千万人，李敖往矣","047.2016年10月","71","《大李敖全集5.0》（wjm_tcy版）分章节/005.诗集语录类/005.虽千万人，李敖往矣/047.2016年10月.txt","","[]","data/timeline-events-sui-qianwan-li-ao-wangyi.json","sui-qianwan-2016-10-18-daily-weibo","{""id"":""sui-qianwan-2016-10-18-daily-weibo"",""date"":""2016-10-18"",""displayDate"":""2016年10月18日星期二"",""datePrecision"":""day"",""title"":""李敖发微博谈“菲律宾独立，拖了48年才成真”"",""summary"":""2016年10月18日，李敖在“哈囉李敖”微博发文：菲律宾独立，拖了48年才成真。原因是碰到3个骗子：第一个是美国，美国食言而肥；第二个是孙中山，孙中山先拿了100,000元，说可买到军火赶走美国人，结果船沉了；第三次还是孙中山，菲律宾又付了钱，军火到了，开箱一看，全是破铜烂铁。菲律宾气疯了，什么中华民国国父SUN，SOB呀！"",""view"":[""写作线"",""媒体线"",""晚年线""],""tags"":[""虽千万人，李敖往矣"",""哈囉李敖"",""微博"",""140字""],""people"":[""李敖""],""places"":[],""works"":[""虽千万人，李敖往矣"",""哈囉李敖""],""certainty"":""confirmed"",""source"":{""book"":""虽千万人，李敖往矣"",""chapter"":""047.2016年10月"",""path"":""《大李敖全集5.0》（wjm_tcy版）分章节/005.诗集语录类/005.虽千万人，李敖往矣/047.2016年10月.txt"",""line"":71,""lines"":[71,73]},""crossReferences"":[],""round"":""2026-07-11-sui-qianwan-li-ao-wangyi-daily-completion"",""dataFile"":""data/timeline-events-sui-qianwan-li-ao-wangyi.json""}"
"29265","2016","2016-10-19","2016年10月19日星期三","day","confirmed","李敖发微博谈“中华民国本来名正言顺，一直为世界各国所承认”","2016年10月19日，李敖在“哈囉李敖”微博发文：中华民国本来名正言顺，一直为世界各国所承认。但17年后，国民党偷走了它；88年后，蔡英文又偷走了它，一再沦为赃物。蔡英文比陈水扁更像贼，因为陈的台独是进行式；蔡的是完成式，比台独还台独。祖国要贼说92共识示爱，是把贼当妓，插错了鸡巴。应名正言顺要贼说一个中国，不然就肏死你。","李敖","","虽千万人，李敖往矣、哈囉李敖、微博、140字","写作线、媒体线、晚年线","虽千万人，李敖往矣、哈囉李敖","","虽千万人，李敖往矣","047.2016年10月","75","《大李敖全集5.0》（wjm_tcy版）分章节/005.诗集语录类/005.虽千万人，李敖往矣/047.2016年10月.txt","","[]","data/timeline-events-sui-qianwan-li-ao-wangyi.json","sui-qianwan-2016-10-19-daily-weibo","{""id"":""sui-qianwan-2016-10-19-daily-weibo"",""date"":""2016-10-19"",""displayDate"":""2016年10月19日星期三"",""datePrecision"":""day"",""title"":""李敖发微博谈“中华民国本来名正言顺，一直为世界各国所承认”"",""summary"":""2016年10月19日，李敖在“哈囉李敖”微博发文：中华民国本来名正言顺，一直为世界各国所承认。但17年后，国民党偷走了它；88年后，蔡英文又偷走了它，一再沦为赃物。蔡英文比陈水扁更像贼，因为陈的台独是进行式；蔡的是完成式，比台独还台独。祖国要贼说92共识示爱，是把贼当妓，插错了鸡巴。应名正言顺要贼说一个中国，不然就肏死你。"",""view"":[""写作线"",""媒体线"",""晚年线""],""tags"":[""虽千万人，李敖往矣"",""哈囉李敖"",""微博"",""140字""],""people"":[""李敖""],""places"":[],""works"":[""虽千万人，李敖往矣"",""哈囉李敖""],""certainty"":""confirmed"",""source"":{""book"":""虽千万人，李敖往矣"",""chapter"":""047.2016年10月"",""path"":""《大李敖全集5.0》（wjm_tcy版）分章节/005.诗集语录类/005.虽千万人，李敖往矣/047.2016年10月.txt"",""line"":75,""lines"":[75,77]},""crossReferences"":[],""round"":""2026-07-11-sui-qianwan-li-ao-wangyi-daily-completion"",""dataFile"":""data/timeline-events-sui-qianwan-li-ao-wangyi.json""}"
"29266","2016","2016-10-20","2016年10月20日星期四","day","confirmed","李敖发微博谈““三个女人没好话，三个男人比屌大”","2016年10月20日，李敖在“哈囉李敖”微博发文：“三个女人没好话，三个男人比屌大。”偷听到女人的粥粥和男人的牛牛，你不能认真、不能以辞害意，以为这屌男人是歧视女性者。我的一个朋友对女性一律称为“傻屄”、另一个朋友每句收尾必用“我肏”，说他们歧视女性都过奖了，事实上两人都怕老婆。男人对男人的语言是牛屄对牛屄，不可认真。","李敖","","虽千万人，李敖往矣、哈囉李敖、微博、140字","写作线、媒体线、晚年线","虽千万人，李敖往矣、哈囉李敖","","虽千万人，李敖往矣","047.2016年10月","79","《大李敖全集5.0》（wjm_tcy版）分章节/005.诗集语录类/005.虽千万人，李敖往矣/047.2016年10月.txt","","[]","data/timeline-events-sui-qianwan-li-ao-wangyi.json","sui-qianwan-2016-10-20-daily-weibo","{""id"":""sui-qianwan-2016-10-20-daily-weibo"",""date"":""2016-10-20"",""displayDate"":""2016年10月20日星期四"",""datePrecision"":""day"",""title"":""李敖发微博谈““三个女人没好话，三个男人比屌大”"",""summary"":""2016年10月20日，李敖在“哈囉李敖”微博发文：“三个女人没好话，三个男人比屌大。”偷听到女人的粥粥和男人的牛牛，你不能认真、不能以辞害意，以为这屌男人是歧视女性者。我的一个朋友对女性一律称为“傻屄”、另一个朋友每句收尾必用“我肏”，说他们歧视女性都过奖了，事实上两人都怕老婆。男人对男人的语言是牛屄对牛屄，不可认真。"",""view"":[""写作线"",""媒体线"",""晚年线""],""tags"":[""虽千万人，李敖往矣"",""哈囉李敖"",""微博"",""140字""],""people"":[""李敖""],""places"":[],""works"":[""虽千万人，李敖往矣"",""哈囉李敖""],""certainty"":""confirmed"",""source"":{""book"":""虽千万人，李敖往矣"",""chapter"":""047.2016年10月"",""path"":""《大李敖全集5.0》（wjm_tcy版）分章节/005.诗集语录类/005.虽千万人，李敖往矣/047.2016年10月.txt"",""line"":79,""lines"":[79,81]},""crossReferences"":[],""round"":""2026-07-11-sui-qianwan-li-ao-wangyi-daily-completion"",""dataFile"":""data/timeline-events-sui-qianwan-li-ao-wangyi.json""}"
"29267","2016","2016-10-21","2016年10月21日星期五","day","confirmed","李敖发微博谈“李戡写《国民党员毛泽东》，虽在祖国不能出版，但有个讯号长留我们心头…”","2016年10月21日，李敖在“哈囉李敖”微博发文：李戡写《国民党员毛泽东》，虽在祖国不能出版，但有个讯号长留我们心头，就是有人相信与国民党合作对共产党有利。其实大谬不然。因为国民党已臭蛋，合作会使共产党更臭，太失民心。连爷爷臭犹在鼻，逐臭之计，何能胜算？给了民进党蔡姑娘苟延空间、给了国民党洪阿姨残喘时间，笨哉老共！","李敖","","虽千万人，李敖往矣、哈囉李敖、微博、140字","写作线、媒体线、晚年线","虽千万人，李敖往矣、哈囉李敖","","虽千万人，李敖往矣","047.2016年10月","83","《大李敖全集5.0》（wjm_tcy版）分章节/005.诗集语录类/005.虽千万人，李敖往矣/047.2016年10月.txt","","[]","data/timeline-events-sui-qianwan-li-ao-wangyi.json","sui-qianwan-2016-10-21-daily-weibo","{""id"":""sui-qianwan-2016-10-21-daily-weibo"",""date"":""2016-10-21"",""displayDate"":""2016年10月21日星期五"",""datePrecision"":""day"",""title"":""李敖发微博谈“李戡写《国民党员毛泽东》，虽在祖国不能出版，但有个讯号长留我们心头…”"",""summary"":""2016年10月21日，李敖在“哈囉李敖”微博发文：李戡写《国民党员毛泽东》，虽在祖国不能出版，但有个讯号长留我们心头，就是有人相信与国民党合作对共产党有利。其实大谬不然。因为国民党已臭蛋，合作会使共产党更臭，太失民心。连爷爷臭犹在鼻，逐臭之计，何能胜算？给了民进党蔡姑娘苟延空间、给了国民党洪阿姨残喘时间，笨哉老共！"",""view"":[""写作线"",""媒体线"",""晚年线""],""tags"":[""虽千万人，李敖往矣"",""哈囉李敖"",""微博"",""140字""],""people"":[""李敖""],""places"":[],""works"":[""虽千万人，李敖往矣"",""哈囉李敖""],""certainty"":""confirmed"",""source"":{""book"":""虽千万人，李敖往矣"",""chapter"":""047.2016年10月"",""path"":""《大李敖全集5.0》（wjm_tcy版）分章节/005.诗集语录类/005.虽千万人，李敖往矣/047.2016年10月.txt"",""line"":83,""lines"":[83,85]},""crossReferences"":[],""round"":""2026-07-11-sui-qianwan-li-ao-wangyi-daily-completion"",""dataFile"":""data/timeline-events-sui-qianwan-li-ao-wangyi.json""}"
"29268","2016","2016-10-22","2016年10月22日星期六","day","confirmed","李敖发微博谈“一生经历两个世代：我年轻时，国民党逃往台湾，牛鬼蛇神，个个败北，却…”","2016年10月22日，李敖在“哈囉李敖”微博发文：一生经历两个世代：我年轻时，国民党逃往台湾，牛鬼蛇神，个个败北，却厚颜指南，大吹丰功伟业。如那么行，大陆也不会丢了，“肉麻当有趣”而已；我年老后，网络族崛起台湾，大脑停止、小脑放假、指尖在反射、一身浅薄、四肢闷骚，程度在芝麻绿豆间，小s代表一切，“芝麻当有趣”而已。","李敖","","虽千万人，李敖往矣、哈囉李敖、微博、140字","写作线、媒体线、晚年线","虽千万人，李敖往矣、哈囉李敖","","虽千万人，李敖往矣","047.2016年10月","87","《大李敖全集5.0》（wjm_tcy版）分章节/005.诗集语录类/005.虽千万人，李敖往矣/047.2016年10月.txt","","[]","data/timeline-events-sui-qianwan-li-ao-wangyi.json","sui-qianwan-2016-10-22-daily-weibo","{""id"":""sui-qianwan-2016-10-22-daily-weibo"",""date"":""2016-10-22"",""displayDate"":""2016年10月22日星期六"",""datePrecision"":""day"",""title"":""李敖发微博谈“一生经历两个世代：我年轻时，国民党逃往台湾，牛鬼蛇神，个个败北，却…”"",""summary"":""2016年10月22日，李敖在“哈囉李敖”微博发文：一生经历两个世代：我年轻时，国民党逃往台湾，牛鬼蛇神，个个败北，却厚颜指南，大吹丰功伟业。如那么行，大陆也不会丢了，“肉麻当有趣”而已；我年老后，网络族崛起台湾，大脑停止、小脑放假、指尖在反射、一身浅薄、四肢闷骚，程度在芝麻绿豆间，小s代表一切，“芝麻当有趣”而已。"",""view"":[""写作线"",""媒体线"",""晚年线""],""tags"":[""虽千万人，李敖往矣"",""哈囉李敖"",""微博"",""140字""],""people"":[""李敖""],""places"":[],""works"":[""虽千万人，李敖往矣"",""哈囉李敖""],""certainty"":""confirmed"",""source"":{""book"":""虽千万人，李敖往矣"",""chapter"":""047.2016年10月"",""path"":""《大李敖全集5.0》（wjm_tcy版）分章节/005.诗集语录类/005.虽千万人，李敖往矣/047.2016年10月.txt"",""line"":87,""lines"":[87,89]},""crossReferences"":[],""round"":""2026-07-11-sui-qianwan-li-ao-wangyi-daily-completion"",""dataFile"":""data/timeline-events-sui-qianwan-li-ao-wangyi.json""}"
"29269","2016","2016-10-23","2016年10月23日星期日","day","confirmed","李敖发微博谈“连战夫人连方瑀，自诩能歌，开演唱会”","2016年10月23日，李敖在“哈囉李敖”微博发文：连战夫人连方瑀，自诩能歌，开演唱会。演唱之日，歌者骨立、闻者绝倒。连战的发言人丁远超发表谈话，说连夫人歌声动人、才华出众，应得诺贝尔文学奖；连战先生功在宇内、四海升平，应得诺贝尔和平奖。我得知后，恍然大悟：原来北京十多年来十指连心、唐突台湾人心，是与丁远超同一水平的。","李敖","","虽千万人，李敖往矣、哈囉李敖、微博、140字","写作线、媒体线、晚年线","虽千万人，李敖往矣、哈囉李敖","","虽千万人，李敖往矣","047.2016年10月","91","《大李敖全集5.0》（wjm_tcy版）分章节/005.诗集语录类/005.虽千万人，李敖往矣/047.2016年10月.txt","","[]","data/timeline-events-sui-qianwan-li-ao-wangyi.json","sui-qianwan-2016-10-23-daily-weibo","{""id"":""sui-qianwan-2016-10-23-daily-weibo"",""date"":""2016-10-23"",""displayDate"":""2016年10月23日星期日"",""datePrecision"":""day"",""title"":""李敖发微博谈“连战夫人连方瑀，自诩能歌，开演唱会”"",""summary"":""2016年10月23日，李敖在“哈囉李敖”微博发文：连战夫人连方瑀，自诩能歌，开演唱会。演唱之日，歌者骨立、闻者绝倒。连战的发言人丁远超发表谈话，说连夫人歌声动人、才华出众，应得诺贝尔文学奖；连战先生功在宇内、四海升平，应得诺贝尔和平奖。我得知后，恍然大悟：原来北京十多年来十指连心、唐突台湾人心，是与丁远超同一水平的。"",""view"":[""写作线"",""媒体线"",""晚年线""],""tags"":[""虽千万人，李敖往矣"",""哈囉李敖"",""微博"",""140字""],""people"":[""李敖""],""places"":[],""works"":[""虽千万人，李敖往矣"",""哈囉李敖""],""certainty"":""confirmed"",""source"":{""book"":""虽千万人，李敖往矣"",""chapter"":""047.2016年10月"",""path"":""《大李敖全集5.0》（wjm_tcy版）分章节/005.诗集语录类/005.虽千万人，李敖往矣/047.2016年10月.txt"",""line"":91,""lines"":[91,93]},""crossReferences"":[],""round"":""2026-07-11-sui-qianwan-li-ao-wangyi-daily-completion"",""dataFile"":""data/timeline-events-sui-qianwan-li-ao-wangyi.json""}"
"29270","2016","2016-10-24","2016年10月24日星期一","day","confirmed","李敖发微博谈“在中国艺术的荒原里，多少人推陈出新，却落得走火入魔”","2016年10月24日，李敖在“哈囉李敖”微博发文：在中国艺术的荒原里，多少人推陈出新，却落得走火入魔。陈仁毅则不然。他从具像卯入抽象、从浪漫嵌入古典，使花落的中国艺术不但春天犹在，并且四季如春。仁毅现正于役北京，以新书《中国当代家具设计》开其端，端正走向。他守旧、也创新；是前卫、也是后卫。他把荒原开拓成原野，又是四分卫。","李敖","","虽千万人，李敖往矣、哈囉李敖、微博、140字","写作线、媒体线、晚年线","虽千万人，李敖往矣、哈囉李敖","","虽千万人，李敖往矣","047.2016年10月","95","《大李敖全集5.0》（wjm_tcy版）分章节/005.诗集语录类/005.虽千万人，李敖往矣/047.2016年10月.txt","","[]","data/timeline-events-sui-qianwan-li-ao-wangyi.json","sui-qianwan-2016-10-24-daily-weibo","{""id"":""sui-qianwan-2016-10-24-daily-weibo"",""date"":""2016-10-24"",""displayDate"":""2016年10月24日星期一"",""datePrecision"":""day"",""title"":""李敖发微博谈“在中国艺术的荒原里，多少人推陈出新，却落得走火入魔”"",""summary"":""2016年10月24日，李敖在“哈囉李敖”微博发文：在中国艺术的荒原里，多少人推陈出新，却落得走火入魔。陈仁毅则不然。他从具像卯入抽象、从浪漫嵌入古典，使花落的中国艺术不但春天犹在，并且四季如春。仁毅现正于役北京，以新书《中国当代家具设计》开其端，端正走向。他守旧、也创新；是前卫、也是后卫。他把荒原开拓成原野，又是四分卫。"",""view"":[""写作线"",""媒体线"",""晚年线""],""tags"":[""虽千万人，李敖往矣"",""哈囉李敖"",""微博"",""140字""],""people"":[""李敖""],""places"":[],""works"":[""虽千万人，李敖往矣"",""哈囉李敖""],""certainty"":""confirmed"",""source"":{""book"":""虽千万人，李敖往矣"",""chapter"":""047.2016年10月"",""path"":""《大李敖全集5.0》（wjm_tcy版）分章节/005.诗集语录类/005.虽千万人，李敖往矣/047.2016年10月.txt"",""line"":95,""lines"":[95,97]},""crossReferences"":[],""round"":""2026-07-11-sui-qianwan-li-ao-wangyi-daily-completion"",""dataFile"":""data/timeline-events-sui-qianwan-li-ao-wangyi.json""}"
"29271","2016","2016-10-25","2016年10月25日星期二","day","confirmed","李敖发微博谈“湖南骡子不信邪，毛泽东更骡：不信邪，不相信老蒋不能打败”","2016年10月25日，李敖在“哈囉李敖”微博发文：湖南骡子不信邪，毛泽东更骡：不信邪，不相信老蒋不能打败；不信邪，不相信28个或2万8千个布尔什维克；不信邪，不相信不能抗美援朝；不信邪，不相信不能跟老大哥翻脸。他生恐中国沦为附庸，高瞻远瞩，人所不及。但他低估了克绍箕骡的残存者，他们磨刀霍霍，把中国端上世界：中国飞起来了！","李敖","","虽千万人，李敖往矣、哈囉李敖、微博、140字","写作线、媒体线、晚年线","虽千万人，李敖往矣、哈囉李敖","","虽千万人，李敖往矣","047.2016年10月","99","《大李敖全集5.0》（wjm_tcy版）分章节/005.诗集语录类/005.虽千万人，李敖往矣/047.2016年10月.txt","","[]","data/timeline-events-sui-qianwan-li-ao-wangyi.json","sui-qianwan-2016-10-25-daily-weibo","{""id"":""sui-qianwan-2016-10-25-daily-weibo"",""date"":""2016-10-25"",""displayDate"":""2016年10月25日星期二"",""datePrecision"":""day"",""title"":""李敖发微博谈“湖南骡子不信邪，毛泽东更骡：不信邪，不相信老蒋不能打败”"",""summary"":""2016年10月25日，李敖在“哈囉李敖”微博发文：湖南骡子不信邪，毛泽东更骡：不信邪，不相信老蒋不能打败；不信邪，不相信28个或2万8千个布尔什维克；不信邪，不相信不能抗美援朝；不信邪，不相信不能跟老大哥翻脸。他生恐中国沦为附庸，高瞻远瞩，人所不及。但他低估了克绍箕骡的残存者，他们磨刀霍霍，把中国端上世界：中国飞起来了！"",""view"":[""写作线"",""媒体线"",""晚年线""],""tags"":[""虽千万人，李敖往矣"",""哈囉李敖"",""微博"",""140字""],""people"":[""李敖""],""places"":[],""works"":[""虽千万人，李敖往矣"",""哈囉李敖""],""certainty"":""confirmed"",""source"":{""book"":""虽千万人，李敖往矣"",""chapter"":""047.2016年10月"",""path"":""《大李敖全集5.0》（wjm_tcy版）分章节/005.诗集语录类/005.虽千万人，李敖往矣/047.2016年10月.txt"",""line"":99,""lines"":[99,101]},""crossReferences"":[],""round"":""2026-07-11-sui-qianwan-li-ao-wangyi-daily-completion"",""dataFile"":""data/timeline-events-sui-qianwan-li-ao-wangyi.json""}"
"29272","2016","2016-10-26","2016年10月26日星期三","day","confirmed","李敖发微博谈“为了爱国，有人横尸法场”","2016年10月26日，李敖在“哈囉李敖”微博发文：为了爱国，有人横尸法场；为了爱国，有人坐穿牢底。在爱国的信念下，有人离乡背井、有人家破人亡、有人出卖自己又被同志出卖、有人做了黄盖、做了吉斯林（Quisling）、做了双面间谍。对比起来，我付的代价最少：出狱40年了，我只是被两岸孤立、只是四面楚歌。爱国到头，凄凉露尾，只剩下自己。","李敖","","虽千万人，李敖往矣、哈囉李敖、微博、140字","写作线、媒体线、晚年线","虽千万人，李敖往矣、哈囉李敖","","虽千万人，李敖往矣","047.2016年10月","103","《大李敖全集5.0》（wjm_tcy版）分章节/005.诗集语录类/005.虽千万人，李敖往矣/047.2016年10月.txt","","[]","data/timeline-events-sui-qianwan-li-ao-wangyi.json","sui-qianwan-2016-10-26-daily-weibo","{""id"":""sui-qianwan-2016-10-26-daily-weibo"",""date"":""2016-10-26"",""displayDate"":""2016年10月26日星期三"",""datePrecision"":""day"",""title"":""李敖发微博谈“为了爱国，有人横尸法场”"",""summary"":""2016年10月26日，李敖在“哈囉李敖”微博发文：为了爱国，有人横尸法场；为了爱国，有人坐穿牢底。在爱国的信念下，有人离乡背井、有人家破人亡、有人出卖自己又被同志出卖、有人做了黄盖、做了吉斯林（Quisling）、做了双面间谍。对比起来，我付的代价最少：出狱40年了，我只是被两岸孤立、只是四面楚歌。爱国到头，凄凉露尾，只剩下自己。"",""view"":[""写作线"",""媒体线"",""晚年线""],""tags"":[""虽千万人，李敖往矣"",""哈囉李敖"",""微博"",""140字""],""people"":[""李敖""],""places"":[],""works"":[""虽千万人，李敖往矣"",""哈囉李敖""],""certainty"":""confirmed"",""source"":{""book"":""虽千万人，李敖往矣"",""chapter"":""047.2016年10月"",""path"":""《大李敖全集5.0》（wjm_tcy版）分章节/005.诗集语录类/005.虽千万人，李敖往矣/047.2016年10月.txt"",""line"":103,""lines"":[103,105]},""crossReferences"":[],""round"":""2026-07-11-sui-qianwan-li-ao-wangyi-daily-completion"",""dataFile"":""data/timeline-events-sui-qianwan-li-ao-wangyi.json""}"
"29273","2016","2016-10-27","2016年10月27日星期四","day","confirmed","李敖发微博谈“40年前入狱时，禁子牢头目露凶光，自称罗所长”","2016年10月27日，李敖在“哈囉李敖”微博发文：40年前入狱时，禁子牢头目露凶光，自称罗所长。相处久了，跟我砍大山，倒其言也善。他说他天天都神仙老虎狗：看到老婆，就是神仙；看到囚犯，就是老虎；看到长官，就是狗。我想到我自己：看到神仙，我就仙游；看到老虎，我就虎视；看到狗，我就打主人。笑傲江湖啊，在别人身上做出我自己。","李敖","","虽千万人，李敖往矣、哈囉李敖、微博、140字","写作线、媒体线、晚年线","虽千万人，李敖往矣、哈囉李敖","","虽千万人，李敖往矣","047.2016年10月","107","《大李敖全集5.0》（wjm_tcy版）分章节/005.诗集语录类/005.虽千万人，李敖往矣/047.2016年10月.txt","","[]","data/timeline-events-sui-qianwan-li-ao-wangyi.json","sui-qianwan-2016-10-27-daily-weibo","{""id"":""sui-qianwan-2016-10-27-daily-weibo"",""date"":""2016-10-27"",""displayDate"":""2016年10月27日星期四"",""datePrecision"":""day"",""title"":""李敖发微博谈“40年前入狱时，禁子牢头目露凶光，自称罗所长”"",""summary"":""2016年10月27日，李敖在“哈囉李敖”微博发文：40年前入狱时，禁子牢头目露凶光，自称罗所长。相处久了，跟我砍大山，倒其言也善。他说他天天都神仙老虎狗：看到老婆，就是神仙；看到囚犯，就是老虎；看到长官，就是狗。我想到我自己：看到神仙，我就仙游；看到老虎，我就虎视；看到狗，我就打主人。笑傲江湖啊，在别人身上做出我自己。"",""view"":[""写作线"",""媒体线"",""晚年线""],""tags"":[""虽千万人，李敖往矣"",""哈囉李敖"",""微博"",""140字""],""people"":[""李敖""],""places"":[],""works"":[""虽千万人，李敖往矣"",""哈囉李敖""],""certainty"":""confirmed"",""source"":{""book"":""虽千万人，李敖往矣"",""chapter"":""047.2016年10月"",""path"":""《大李敖全集5.0》（wjm_tcy版）分章节/005.诗集语录类/005.虽千万人，李敖往矣/047.2016年10月.txt"",""line"":107,""lines"":[107,109]},""crossReferences"":[],""round"":""2026-07-11-sui-qianwan-li-ao-wangyi-daily-completion"",""dataFile"":""data/timeline-events-sui-qianwan-li-ao-wangyi.json""}"
"29274","2016","2016-10-28","2016年10月28日星期五","day","confirmed","李敖把自己的140字写作形容为快速完成全套起承转合","《2016年10月》写，李敖提到李开复《140字的惊人力量》开社交短文之道先河，但把140字写作处理成一套快速起承转合、平上去入的作业，他认为自己“居首功”。这条补出他对“哈囉李敖”短文技法的晚年自评。","李敖、李开复","台湾","140字、哈囉李敖、李开复、写作技法","写作线、网络线","虽千万人，李敖往矣、哈囉李敖、140字的惊人力量","","虽千万人，李敖往矣","047.2016年10月","113","《大李敖全集5.0》（wjm_tcy版）分章节/005.诗集语录类/005.虽千万人，李敖往矣/047.2016年10月.txt","","[]","data/timeline-events-sui-qianwan-li-ao-wangyi.json","sui-qianwan-2016-10-28-defines-his-140-character-writing-as-quick-composition","{""id"":""sui-qianwan-2016-10-28-defines-his-140-character-writing-as-quick-composition"",""date"":""2016-10-28"",""displayDate"":""2016年10月28日星期五"",""datePrecision"":""day"",""title"":""李敖把自己的140字写作形容为快速完成全套起承转合"",""summary"":""《2016年10月》写，李敖提到李开复《140字的惊人力量》开社交短文之道先河，但把140字写作处理成一套快速起承转合、平上去入的作业，他认为自己“居首功”。这条补出他对“哈囉李敖”短文技法的晚年自评。"",""view"":[""写作线"",""网络线""],""tags"":[""140字"",""哈囉李敖"",""李开复"",""写作技法""],""people"":[""李敖"",""李开复""],""places"":[""台湾""],""works"":[""虽千万人，李敖往矣"",""哈囉李敖"",""140字的惊人力量""],""certainty"":""confirmed"",""source"":{""book"":""虽千万人，李敖往矣"",""chapter"":""047.2016年10月"",""path"":""《大李敖全集5.0》（wjm_tcy版）分章节/005.诗集语录类/005.虽千万人，李敖往矣/047.2016年10月.txt"",""line"":113},""dataFile"":""data/timeline-events-sui-qianwan-li-ao-wangyi.json""}"
"29275","2016","2016-10-29","2016年10月29日星期六","day","confirmed","李敖发微博谈“受过国民党教育的人，说我坏话的太多”","2016年10月29日，李敖在“哈囉李敖”微博发文：受过国民党教育的人，说我坏话的太多；受过共产党教育的人，说我好话的太少，原因是笨蛋们没看到全面的我，只看到我的1/8。有个英文字叫octoroon，指黑人血统占1/8黑白混血儿，笨蛋们只看到1/8就以为是我，就好像看到1/8的冰山就以为了解冰山一样。两岸这些人不但笨蛋还是另外一种蛋。","李敖","","虽千万人，李敖往矣、哈囉李敖、微博、140字","写作线、媒体线、晚年线","虽千万人，李敖往矣、哈囉李敖","","虽千万人，李敖往矣","047.2016年10月","115","《大李敖全集5.0》（wjm_tcy版）分章节/005.诗集语录类/005.虽千万人，李敖往矣/047.2016年10月.txt","","[]","data/timeline-events-sui-qianwan-li-ao-wangyi.json","sui-qianwan-2016-10-29-daily-weibo","{""id"":""sui-qianwan-2016-10-29-daily-weibo"",""date"":""2016-10-29"",""displayDate"":""2016年10月29日星期六"",""datePrecision"":""day"",""title"":""李敖发微博谈“受过国民党教育的人，说我坏话的太多”"",""summary"":""2016年10月29日，李敖在“哈囉李敖”微博发文：受过国民党教育的人，说我坏话的太多；受过共产党教育的人，说我好话的太少，原因是笨蛋们没看到全面的我，只看到我的1/8。有个英文字叫octoroon，指黑人血统占1/8黑白混血儿，笨蛋们只看到1/8就以为是我，就好像看到1/8的冰山就以为了解冰山一样。两岸这些人不但笨蛋还是另外一种蛋。"",""view"":[""写作线"",""媒体线"",""晚年线""],""tags"":[""虽千万人，李敖往矣"",""哈囉李敖"",""微博"",""140字""],""people"":[""李敖""],""places"":[],""works"":[""虽千万人，李敖往矣"",""哈囉李敖""],""certainty"":""confirmed"",""source"":{""book"":""虽千万人，李敖往矣"",""chapter"":""047.2016年10月"",""path"":""《大李敖全集5.0》（wjm_tcy版）分章节/005.诗集语录类/005.虽千万人，李敖往矣/047.2016年10月.txt"",""line"":115,""lines"":[115,117]},""crossReferences"":[],""round"":""2026-07-11-sui-qianwan-li-ao-wangyi-daily-completion"",""dataFile"":""data/timeline-events-sui-qianwan-li-ao-wangyi.json""}"
"29276","2016","2016-10-30","2016年10月30日星期日","day","confirmed","李敖发微博谈“别信远距离的资本家、别信近距离的共产党、别信超过17岁的17岁、别…”","2016年10月30日，李敖在“哈囉李敖”微博发文：别信远距离的资本家、别信近距离的共产党、别信超过17岁的17岁、别信姓“余”的什么散文家、什么诗人、什么历史学家。妈的，姓“余”的干错了行：他们眼儿媚，不知跟政府作对。但我佩服余叔岩，是唱戏的，却会唱“打渔杀家”，在戏台上敢革命；我也佩服余秋里，为革命，锯成了独臂将军。","李敖","","虽千万人，李敖往矣、哈囉李敖、微博、140字","写作线、媒体线、晚年线","虽千万人，李敖往矣、哈囉李敖","","虽千万人，李敖往矣","047.2016年10月","119","《大李敖全集5.0》（wjm_tcy版）分章节/005.诗集语录类/005.虽千万人，李敖往矣/047.2016年10月.txt","","[]","data/timeline-events-sui-qianwan-li-ao-wangyi.json","sui-qianwan-2016-10-30-daily-weibo","{""id"":""sui-qianwan-2016-10-30-daily-weibo"",""date"":""2016-10-30"",""displayDate"":""2016年10月30日星期日"",""datePrecision"":""day"",""title"":""李敖发微博谈“别信远距离的资本家、别信近距离的共产党、别信超过17岁的17岁、别…”"",""summary"":""2016年10月30日，李敖在“哈囉李敖”微博发文：别信远距离的资本家、别信近距离的共产党、别信超过17岁的17岁、别信姓“余”的什么散文家、什么诗人、什么历史学家。妈的，姓“余”的干错了行：他们眼儿媚，不知跟政府作对。但我佩服余叔岩，是唱戏的，却会唱“打渔杀家”，在戏台上敢革命；我也佩服余秋里，为革命，锯成了独臂将军。"",""view"":[""写作线"",""媒体线"",""晚年线""],""tags"":[""虽千万人，李敖往矣"",""哈囉李敖"",""微博"",""140字""],""people"":[""李敖""],""places"":[],""works"":[""虽千万人，李敖往矣"",""哈囉李敖""],""certainty"":""confirmed"",""source"":{""book"":""虽千万人，李敖往矣"",""chapter"":""047.2016年10月"",""path"":""《大李敖全集5.0》（wjm_tcy版）分章节/005.诗集语录类/005.虽千万人，李敖往矣/047.2016年10月.txt"",""line"":119,""lines"":[119,121]},""crossReferences"":[],""round"":""2026-07-11-sui-qianwan-li-ao-wangyi-daily-completion"",""dataFile"":""data/timeline-events-sui-qianwan-li-ao-wangyi.json""}"
"29277","2016","2016-10-31","2016年10月31日星期一","day","confirmed","李敖发微博谈““好话说尽，坏事做绝”","2016年10月31日，李敖在“哈囉李敖”微博发文：“好话说尽，坏事做绝。”最拿手的是美国。美国有庞大的软实力，做了坏事，立刻用“好话说尽”转场，由于宣传主轴不靠中央，所以说谎话还有傻瓜听。中国几十年来进步很多，唯独在宣传上只能自欺，中央淫威下，男主播下岗、女主播上床，对李敖之流禁了又禁，但他却是赢家。你玩得过李敖吗？","李敖","","虽千万人，李敖往矣、哈囉李敖、微博、140字","写作线、媒体线、晚年线","虽千万人，李敖往矣、哈囉李敖","","虽千万人，李敖往矣","047.2016年10月","123","《大李敖全集5.0》（wjm_tcy版）分章节/005.诗集语录类/005.虽千万人，李敖往矣/047.2016年10月.txt","","[]","data/timeline-events-sui-qianwan-li-ao-wangyi.json","sui-qianwan-2016-10-31-daily-weibo","{""id"":""sui-qianwan-2016-10-31-daily-weibo"",""date"":""2016-10-31"",""displayDate"":""2016年10月31日星期一"",""datePrecision"":""day"",""title"":""李敖发微博谈““好话说尽，坏事做绝”"",""summary"":""2016年10月31日，李敖在“哈囉李敖”微博发文：“好话说尽，坏事做绝。”最拿手的是美国。美国有庞大的软实力，做了坏事，立刻用“好话说尽”转场，由于宣传主轴不靠中央，所以说谎话还有傻瓜听。中国几十年来进步很多，唯独在宣传上只能自欺，中央淫威下，男主播下岗、女主播上床，对李敖之流禁了又禁，但他却是赢家。你玩得过李敖吗？"",""view"":[""写作线"",""媒体线"",""晚年线""],""tags"":[""虽千万人，李敖往矣"",""哈囉李敖"",""微博"",""140字""],""people"":[""李敖""],""places"":[],""works"":[""虽千万人，李敖往矣"",""哈囉李敖""],""certainty"":""confirmed"",""source"":{""book"":""虽千万人，李敖往矣"",""chapter"":""047.2016年10月"",""path"":""《大李敖全集5.0》（wjm_tcy版）分章节/005.诗集语录类/005.虽千万人，李敖往矣/047.2016年10月.txt"",""line"":123,""lines"":[123,125]},""crossReferences"":[],""round"":""2026-07-11-sui-qianwan-li-ao-wangyi-daily-completion"",""dataFile"":""data/timeline-events-sui-qianwan-li-ao-wangyi.json""}"
"29278","2016","2016-11-01","2016年11月1日星期二","day","confirmed","李敖发微博谈“古书《中山狼传》写忘恩负义故事”","2016年11月1日，李敖在“哈囉李敖”微博发文：古书《中山狼传》写忘恩负义故事。其实，搞政治的人都是中山狼，都是败类。由于各取所需，有人两岸通吃，变成公约数，竟由败类摇身俨然善类。并非运气好，而是他“为了目的，不择手段”，迷信政治非他不可，偷拿洋钱，豢养怪胎：姓蒋姓毛姓汪均属之。汪政权也捧他呢，他还通吃到汉奸呢！","李敖","","虽千万人，李敖往矣、哈囉李敖、微博、140字","写作线、媒体线、晚年线","虽千万人，李敖往矣、哈囉李敖","","虽千万人，李敖往矣","048.2016年11月","3","《大李敖全集5.0》（wjm_tcy版）分章节/005.诗集语录类/005.虽千万人，李敖往矣/048.2016年11月.txt","","[]","data/timeline-events-sui-qianwan-li-ao-wangyi.json","sui-qianwan-2016-11-01-daily-weibo","{""id"":""sui-qianwan-2016-11-01-daily-weibo"",""date"":""2016-11-01"",""displayDate"":""2016年11月1日星期二"",""datePrecision"":""day"",""title"":""李敖发微博谈“古书《中山狼传》写忘恩负义故事”"",""summary"":""2016年11月1日，李敖在“哈囉李敖”微博发文：古书《中山狼传》写忘恩负义故事。其实，搞政治的人都是中山狼，都是败类。由于各取所需，有人两岸通吃，变成公约数，竟由败类摇身俨然善类。并非运气好，而是他“为了目的，不择手段”，迷信政治非他不可，偷拿洋钱，豢养怪胎：姓蒋姓毛姓汪均属之。汪政权也捧他呢，他还通吃到汉奸呢！"",""view"":[""写作线"",""媒体线"",""晚年线""],""tags"":[""虽千万人，李敖往矣"",""哈囉李敖"",""微博"",""140字""],""people"":[""李敖""],""places"":[],""works"":[""虽千万人，李敖往矣"",""哈囉李敖""],""certainty"":""confirmed"",""source"":{""book"":""虽千万人，李敖往矣"",""chapter"":""048.2016年11月"",""path"":""《大李敖全集5.0》（wjm_tcy版）分章节/005.诗集语录类/005.虽千万人，李敖往矣/048.2016年11月.txt"",""line"":3,""lines"":[3,5]},""crossReferences"":[],""round"":""2026-07-11-sui-qianwan-li-ao-wangyi-daily-completion"",""dataFile"":""data/timeline-events-sui-qianwan-li-ao-wangyi.json""}"
"29279","2016","2016-11-02","2016年11月2日星期三","day","confirmed","李敖发微博谈“第一次见到国民党“教阀”穆闽珠时候，就开她玩笑：“我不知道你是好人…”","2016年11月2日，李敖在“哈囉李敖”微博发文：第一次见到国民党“教阀”穆闽珠时候，就开她玩笑：“我不知道你是好人还是坏人，陈文茜说你是好人，那你一定是坏人。”这种反面认定法，推而广之，也极有趣：孙中山生前四面楚歌、死后八面玲珑，国民党、共产党、汉奸都捧他，我倒好奇起来了：他不是恶棍吧？为什么总被“王八看绿豆”呢？","李敖","","虽千万人，李敖往矣、哈囉李敖、微博、140字","写作线、媒体线、晚年线","虽千万人，李敖往矣、哈囉李敖","","虽千万人，李敖往矣","048.2016年11月","7","《大李敖全集5.0》（wjm_tcy版）分章节/005.诗集语录类/005.虽千万人，李敖往矣/048.2016年11月.txt","","[]","data/timeline-events-sui-qianwan-li-ao-wangyi.json","sui-qianwan-2016-11-02-daily-weibo","{""id"":""sui-qianwan-2016-11-02-daily-weibo"",""date"":""2016-11-02"",""displayDate"":""2016年11月2日星期三"",""datePrecision"":""day"",""title"":""李敖发微博谈“第一次见到国民党“教阀”穆闽珠时候，就开她玩笑：“我不知道你是好人…”"",""summary"":""2016年11月2日，李敖在“哈囉李敖”微博发文：第一次见到国民党“教阀”穆闽珠时候，就开她玩笑：“我不知道你是好人还是坏人，陈文茜说你是好人，那你一定是坏人。”这种反面认定法，推而广之，也极有趣：孙中山生前四面楚歌、死后八面玲珑，国民党、共产党、汉奸都捧他，我倒好奇起来了：他不是恶棍吧？为什么总被“王八看绿豆”呢？"",""view"":[""写作线"",""媒体线"",""晚年线""],""tags"":[""虽千万人，李敖往矣"",""哈囉李敖"",""微博"",""140字""],""people"":[""李敖""],""places"":[],""works"":[""虽千万人，李敖往矣"",""哈囉李敖""],""certainty"":""confirmed"",""source"":{""book"":""虽千万人，李敖往矣"",""chapter"":""048.2016年11月"",""path"":""《大李敖全集5.0》（wjm_tcy版）分章节/005.诗集语录类/005.虽千万人，李敖往矣/048.2016年11月.txt"",""line"":7,""lines"":[7,9]},""crossReferences"":[],""round"":""2026-07-11-sui-qianwan-li-ao-wangyi-daily-completion"",""dataFile"":""data/timeline-events-sui-qianwan-li-ao-wangyi.json""}"
"29280","2016","2016-11-03","2016年11月3日星期四","day","confirmed","李敖发微博谈“共产党早就消灭了国民党，并弄出了一个尾巴党“民革”来演僵尸戏”","2016年11月3日，李敖在“哈囉李敖”微博发文：共产党早就消灭了国民党，并弄出了一个尾巴党“民革”来演僵尸戏。不料手术做得欠澈底，在台湾留个小尾巴，尾小不掉，以致一路上当：李登辉靠小尾巴夺权、连战靠小尾巴发财、马英九靠小尾巴混台独、洪秀柱靠小尾巴走阴尸路。直到今天，共产党还被国民党娈出国共双簧死戏。共产党好倒霉哟！","李敖","","虽千万人，李敖往矣、哈囉李敖、微博、140字","写作线、媒体线、晚年线","虽千万人，李敖往矣、哈囉李敖","","虽千万人，李敖往矣","048.2016年11月","11","《大李敖全集5.0》（wjm_tcy版）分章节/005.诗集语录类/005.虽千万人，李敖往矣/048.2016年11月.txt","","[]","data/timeline-events-sui-qianwan-li-ao-wangyi.json","sui-qianwan-2016-11-03-daily-weibo","{""id"":""sui-qianwan-2016-11-03-daily-weibo"",""date"":""2016-11-03"",""displayDate"":""2016年11月3日星期四"",""datePrecision"":""day"",""title"":""李敖发微博谈“共产党早就消灭了国民党，并弄出了一个尾巴党“民革”来演僵尸戏”"",""summary"":""2016年11月3日，李敖在“哈囉李敖”微博发文：共产党早就消灭了国民党，并弄出了一个尾巴党“民革”来演僵尸戏。不料手术做得欠澈底，在台湾留个小尾巴，尾小不掉，以致一路上当：李登辉靠小尾巴夺权、连战靠小尾巴发财、马英九靠小尾巴混台独、洪秀柱靠小尾巴走阴尸路。直到今天，共产党还被国民党娈出国共双簧死戏。共产党好倒霉哟！"",""view"":[""写作线"",""媒体线"",""晚年线""],""tags"":[""虽千万人，李敖往矣"",""哈囉李敖"",""微博"",""140字""],""people"":[""李敖""],""places"":[],""works"":[""虽千万人，李敖往矣"",""哈囉李敖""],""certainty"":""confirmed"",""source"":{""book"":""虽千万人，李敖往矣"",""chapter"":""048.2016年11月"",""path"":""《大李敖全集5.0》（wjm_tcy版）分章节/005.诗集语录类/005.虽千万人，李敖往矣/048.2016年11月.txt"",""line"":11,""lines"":[11,13]},""crossReferences"":[],""round"":""2026-07-11-sui-qianwan-li-ao-wangyi-daily-completion"",""dataFile"":""data/timeline-events-sui-qianwan-li-ao-wangyi.json""}"
"29281","2016","2016-11-04","2016年11月4日星期五","day","confirmed","李敖发微博谈“汪达尔人肆虐欧洲，恣意破坏，所过荒芜，至今留有“汪达尔破坏”（va…”","2016年11月4日，李敖在“哈囉李敖”微博发文：汪达尔人肆虐欧洲，恣意破坏，所过荒芜，至今留有“汪达尔破坏”（vandalism）令人胆寒。今天年轻人的“网达尔”好有一比，他们的“网络汪达尔破坏”（net vandalism）俗化世界，世界变得浅薄而无趣，还“以无趣当有趣”，败坏了高度广度深度和味觉。看看登陆的蔡康永和小s罢，大江西去啦。","李敖","","虽千万人，李敖往矣、哈囉李敖、微博、140字","写作线、媒体线、晚年线","虽千万人，李敖往矣、哈囉李敖","","虽千万人，李敖往矣","048.2016年11月","15","《大李敖全集5.0》（wjm_tcy版）分章节/005.诗集语录类/005.虽千万人，李敖往矣/048.2016年11月.txt","","[]","data/timeline-events-sui-qianwan-li-ao-wangyi.json","sui-qianwan-2016-11-04-daily-weibo","{""id"":""sui-qianwan-2016-11-04-daily-weibo"",""date"":""2016-11-04"",""displayDate"":""2016年11月4日星期五"",""datePrecision"":""day"",""title"":""李敖发微博谈“汪达尔人肆虐欧洲，恣意破坏，所过荒芜，至今留有“汪达尔破坏”（va…”"",""summary"":""2016年11月4日，李敖在“哈囉李敖”微博发文：汪达尔人肆虐欧洲，恣意破坏，所过荒芜，至今留有“汪达尔破坏”（vandalism）令人胆寒。今天年轻人的“网达尔”好有一比，他们的“网络汪达尔破坏”（net vandalism）俗化世界，世界变得浅薄而无趣，还“以无趣当有趣”，败坏了高度广度深度和味觉。看看登陆的蔡康永和小s罢，大江西去啦。"",""view"":[""写作线"",""媒体线"",""晚年线""],""tags"":[""虽千万人，李敖往矣"",""哈囉李敖"",""微博"",""140字""],""people"":[""李敖""],""places"":[],""works"":[""虽千万人，李敖往矣"",""哈囉李敖""],""certainty"":""confirmed"",""source"":{""book"":""虽千万人，李敖往矣"",""chapter"":""048.2016年11月"",""path"":""《大李敖全集5.0》（wjm_tcy版）分章节/005.诗集语录类/005.虽千万人，李敖往矣/048.2016年11月.txt"",""line"":15,""lines"":[15,17]},""crossReferences"":[],""round"":""2026-07-11-sui-qianwan-li-ao-wangyi-daily-completion"",""dataFile"":""data/timeline-events-sui-qianwan-li-ao-wangyi.json""}"
"29282","2016","2016-11-05","2016年11月5日星期六","day","confirmed","李敖发微博谈“孙中山的千秋功罪，还不在他向5个国家兜售中国主权、也不在他弄出杂七…”","2016年11月5日，李敖在“哈囉李敖”微博发文：孙中山的千秋功罪，还不在他向5个国家兜售中国主权、也不在他弄出杂七杂八的三民主义，而在他横柴入灶了中国政党形态：把帮会式的革命党，私通了苏联式的革命党，政治化成党治，流毒直到今天。海峡两岸奉他的名而不鞭尸他，是中了他的蛊。毛泽东对朱德狠批孙中山，但在公开场合，毛亦蛊矣。","李敖","","虽千万人，李敖往矣、哈囉李敖、微博、140字","写作线、媒体线、晚年线","虽千万人，李敖往矣、哈囉李敖","","虽千万人，李敖往矣","048.2016年11月","19","《大李敖全集5.0》（wjm_tcy版）分章节/005.诗集语录类/005.虽千万人，李敖往矣/048.2016年11月.txt","","[]","data/timeline-events-sui-qianwan-li-ao-wangyi.json","sui-qianwan-2016-11-05-daily-weibo","{""id"":""sui-qianwan-2016-11-05-daily-weibo"",""date"":""2016-11-05"",""displayDate"":""2016年11月5日星期六"",""datePrecision"":""day"",""title"":""李敖发微博谈“孙中山的千秋功罪，还不在他向5个国家兜售中国主权、也不在他弄出杂七…”"",""summary"":""2016年11月5日，李敖在“哈囉李敖”微博发文：孙中山的千秋功罪，还不在他向5个国家兜售中国主权、也不在他弄出杂七杂八的三民主义，而在他横柴入灶了中国政党形态：把帮会式的革命党，私通了苏联式的革命党，政治化成党治，流毒直到今天。海峡两岸奉他的名而不鞭尸他，是中了他的蛊。毛泽东对朱德狠批孙中山，但在公开场合，毛亦蛊矣。"",""view"":[""写作线"",""媒体线"",""晚年线""],""tags"":[""虽千万人，李敖往矣"",""哈囉李敖"",""微博"",""140字""],""people"":[""李敖""],""places"":[],""works"":[""虽千万人，李敖往矣"",""哈囉李敖""],""certainty"":""confirmed"",""source"":{""book"":""虽千万人，李敖往矣"",""chapter"":""048.2016年11月"",""path"":""《大李敖全集5.0》（wjm_tcy版）分章节/005.诗集语录类/005.虽千万人，李敖往矣/048.2016年11月.txt"",""line"":19,""lines"":[19,21]},""crossReferences"":[],""round"":""2026-07-11-sui-qianwan-li-ao-wangyi-daily-completion"",""dataFile"":""data/timeline-events-sui-qianwan-li-ao-wangyi.json""}"
"29283","2016","2016-11-06","2016年11月6日星期日","day","confirmed","李敖发微博谈“三民主义是一团强力胶，黏到身上就你中有我我中有你”","2016年11月6日，李敖在“哈囉李敖”微博发文：三民主义是一团强力胶，黏到身上就你中有我我中有你。孙中山对法国人说三民主义就是自由平等博爱、对美国人说就是民有民治民享、对中国人说就是民族民权民生、对共产党说就是民生主义即共产主义。结果什么都是又什么都不是，徒然一摊天马行空的口号。肯定孙中山的人代表头脑不清，是混蛋。","李敖","","虽千万人，李敖往矣、哈囉李敖、微博、140字","写作线、媒体线、晚年线","虽千万人，李敖往矣、哈囉李敖","","虽千万人，李敖往矣","048.2016年11月","23","《大李敖全集5.0》（wjm_tcy版）分章节/005.诗集语录类/005.虽千万人，李敖往矣/048.2016年11月.txt","","[]","data/timeline-events-sui-qianwan-li-ao-wangyi.json","sui-qianwan-2016-11-06-daily-weibo","{""id"":""sui-qianwan-2016-11-06-daily-weibo"",""date"":""2016-11-06"",""displayDate"":""2016年11月6日星期日"",""datePrecision"":""day"",""title"":""李敖发微博谈“三民主义是一团强力胶，黏到身上就你中有我我中有你”"",""summary"":""2016年11月6日，李敖在“哈囉李敖”微博发文：三民主义是一团强力胶，黏到身上就你中有我我中有你。孙中山对法国人说三民主义就是自由平等博爱、对美国人说就是民有民治民享、对中国人说就是民族民权民生、对共产党说就是民生主义即共产主义。结果什么都是又什么都不是，徒然一摊天马行空的口号。肯定孙中山的人代表头脑不清，是混蛋。"",""view"":[""写作线"",""媒体线"",""晚年线""],""tags"":[""虽千万人，李敖往矣"",""哈囉李敖"",""微博"",""140字""],""people"":[""李敖""],""places"":[],""works"":[""虽千万人，李敖往矣"",""哈囉李敖""],""certainty"":""confirmed"",""source"":{""book"":""虽千万人，李敖往矣"",""chapter"":""048.2016年11月"",""path"":""《大李敖全集5.0》（wjm_tcy版）分章节/005.诗集语录类/005.虽千万人，李敖往矣/048.2016年11月.txt"",""line"":23,""lines"":[23,25]},""crossReferences"":[],""round"":""2026-07-11-sui-qianwan-li-ao-wangyi-daily-completion"",""dataFile"":""data/timeline-events-sui-qianwan-li-ao-wangyi.json""}"
"29284","2016","2016-11-07","2016年11月7日星期一","day","confirmed","李敖发微博谈“几千年来，渺小的人类追求伟大的信仰，以好梦始、以噩梦终，最后不敢做…”","2016年11月7日，李敖在“哈囉李敖”微博发文：几千年来，渺小的人类追求伟大的信仰，以好梦始、以噩梦终，最后不敢做梦了。俄式共产是好梦，但苏联解体摧毁了它；美式民主是好梦，但美国大选摧毁了它。美国狗男女露出了真面目：狗男真小人、狗女伪君子，人类再也不敢相信民主了。梦里寻它千百度的，原来是抽象名词。人类把头一扭，走了。","李敖","","虽千万人，李敖往矣、哈囉李敖、微博、140字","写作线、媒体线、晚年线","虽千万人，李敖往矣、哈囉李敖","","虽千万人，李敖往矣","048.2016年11月","27","《大李敖全集5.0》（wjm_tcy版）分章节/005.诗集语录类/005.虽千万人，李敖往矣/048.2016年11月.txt","","[]","data/timeline-events-sui-qianwan-li-ao-wangyi.json","sui-qianwan-2016-11-07-daily-weibo","{""id"":""sui-qianwan-2016-11-07-daily-weibo"",""date"":""2016-11-07"",""displayDate"":""2016年11月7日星期一"",""datePrecision"":""day"",""title"":""李敖发微博谈“几千年来，渺小的人类追求伟大的信仰，以好梦始、以噩梦终，最后不敢做…”"",""summary"":""2016年11月7日，李敖在“哈囉李敖”微博发文：几千年来，渺小的人类追求伟大的信仰，以好梦始、以噩梦终，最后不敢做梦了。俄式共产是好梦，但苏联解体摧毁了它；美式民主是好梦，但美国大选摧毁了它。美国狗男女露出了真面目：狗男真小人、狗女伪君子，人类再也不敢相信民主了。梦里寻它千百度的，原来是抽象名词。人类把头一扭，走了。"",""view"":[""写作线"",""媒体线"",""晚年线""],""tags"":[""虽千万人，李敖往矣"",""哈囉李敖"",""微博"",""140字""],""people"":[""李敖""],""places"":[],""works"":[""虽千万人，李敖往矣"",""哈囉李敖""],""certainty"":""confirmed"",""source"":{""book"":""虽千万人，李敖往矣"",""chapter"":""048.2016年11月"",""path"":""《大李敖全集5.0》（wjm_tcy版）分章节/005.诗集语录类/005.虽千万人，李敖往矣/048.2016年11月.txt"",""line"":27,""lines"":[27,29]},""crossReferences"":[],""round"":""2026-07-11-sui-qianwan-li-ao-wangyi-daily-completion"",""dataFile"":""data/timeline-events-sui-qianwan-li-ao-wangyi.json""}"
"29285","2016","2016-11-08","2016年11月8日星期二","day","confirmed","李敖发微博谈“大选使政党轮替，轮替属实，但民主未必”","2016年11月8日，李敖在“哈囉李敖”微博发文：大选使政党轮替，轮替属实，但民主未必。因为对人民而言，只是扁担轮替，从左肩换到右肩，负担未减，骑在你头上的，还骑在你头上。人民在投票日神气一天，开票以后，不论公的母的，王八蛋还是王八蛋，而你照样是睾丸，别人浪里黑条，你永远在外面。我看还是共××好，至少它少恶心我一次。","李敖","","虽千万人，李敖往矣、哈囉李敖、微博、140字","写作线、媒体线、晚年线","虽千万人，李敖往矣、哈囉李敖","","虽千万人，李敖往矣","048.2016年11月","31","《大李敖全集5.0》（wjm_tcy版）分章节/005.诗集语录类/005.虽千万人，李敖往矣/048.2016年11月.txt","","[]","data/timeline-events-sui-qianwan-li-ao-wangyi.json","sui-qianwan-2016-11-08-daily-weibo","{""id"":""sui-qianwan-2016-11-08-daily-weibo"",""date"":""2016-11-08"",""displayDate"":""2016年11月8日星期二"",""datePrecision"":""day"",""title"":""李敖发微博谈“大选使政党轮替，轮替属实，但民主未必”"",""summary"":""2016年11月8日，李敖在“哈囉李敖”微博发文：大选使政党轮替，轮替属实，但民主未必。因为对人民而言，只是扁担轮替，从左肩换到右肩，负担未减，骑在你头上的，还骑在你头上。人民在投票日神气一天，开票以后，不论公的母的，王八蛋还是王八蛋，而你照样是睾丸，别人浪里黑条，你永远在外面。我看还是共××好，至少它少恶心我一次。"",""view"":[""写作线"",""媒体线"",""晚年线""],""tags"":[""虽千万人，李敖往矣"",""哈囉李敖"",""微博"",""140字""],""people"":[""李敖""],""places"":[],""works"":[""虽千万人，李敖往矣"",""哈囉李敖""],""certainty"":""confirmed"",""source"":{""book"":""虽千万人，李敖往矣"",""chapter"":""048.2016年11月"",""path"":""《大李敖全集5.0》（wjm_tcy版）分章节/005.诗集语录类/005.虽千万人，李敖往矣/048.2016年11月.txt"",""line"":31,""lines"":[31,33]},""crossReferences"":[],""round"":""2026-07-11-sui-qianwan-li-ao-wangyi-daily-completion"",""dataFile"":""data/timeline-events-sui-qianwan-li-ao-wangyi.json""}"
"29286","2016","2016-11-09","2016年11月9日星期三","day","confirmed","李敖发微博谈“中文精致每在粗鄙笑话中：一男苦恋一女，女人开出条件：能喝光我这泡小…”","2016年11月9日，李敖在“哈囉李敖”微博发文：中文精致每在粗鄙笑话中：一男苦恋一女，女人开出条件：能喝光我这泡小便，就嫁给你。男人应声而喝，就结婚了。几年后，感而有诗：“当年想屄喝屄汤，今日烦屄屄满床。大屄小屄团团坐，中间坐个屄大王。”在修辞学上，“屄大王”比“大屄王”好，一如毛大王比大毛王好，此中文之精致也。","李敖","","虽千万人，李敖往矣、哈囉李敖、微博、140字","写作线、媒体线、晚年线","虽千万人，李敖往矣、哈囉李敖","","虽千万人，李敖往矣","048.2016年11月","35","《大李敖全集5.0》（wjm_tcy版）分章节/005.诗集语录类/005.虽千万人，李敖往矣/048.2016年11月.txt","","[]","data/timeline-events-sui-qianwan-li-ao-wangyi.json","sui-qianwan-2016-11-09-daily-weibo","{""id"":""sui-qianwan-2016-11-09-daily-weibo"",""date"":""2016-11-09"",""displayDate"":""2016年11月9日星期三"",""datePrecision"":""day"",""title"":""李敖发微博谈“中文精致每在粗鄙笑话中：一男苦恋一女，女人开出条件：能喝光我这泡小…”"",""summary"":""2016年11月9日，李敖在“哈囉李敖”微博发文：中文精致每在粗鄙笑话中：一男苦恋一女，女人开出条件：能喝光我这泡小便，就嫁给你。男人应声而喝，就结婚了。几年后，感而有诗：“当年想屄喝屄汤，今日烦屄屄满床。大屄小屄团团坐，中间坐个屄大王。”在修辞学上，“屄大王”比“大屄王”好，一如毛大王比大毛王好，此中文之精致也。"",""view"":[""写作线"",""媒体线"",""晚年线""],""tags"":[""虽千万人，李敖往矣"",""哈囉李敖"",""微博"",""140字""],""people"":[""李敖""],""places"":[],""works"":[""虽千万人，李敖往矣"",""哈囉李敖""],""certainty"":""confirmed"",""source"":{""book"":""虽千万人，李敖往矣"",""chapter"":""048.2016年11月"",""path"":""《大李敖全集5.0》（wjm_tcy版）分章节/005.诗集语录类/005.虽千万人，李敖往矣/048.2016年11月.txt"",""line"":35,""lines"":[35,37]},""crossReferences"":[],""round"":""2026-07-11-sui-qianwan-li-ao-wangyi-daily-completion"",""dataFile"":""data/timeline-events-sui-qianwan-li-ao-wangyi.json""}"
"29287","2016","2016-11-10","2016年11月10日星期四","day","confirmed","李敖发微博谈“不管谁是统治者，小市民总是忍气吞声者”","2016年11月10日，李敖在“哈囉李敖”微博发文：不管谁是统治者，小市民总是忍气吞声者。但是，民主开小市民一个玩笑：居然给出一次机会，让你把玩笑开回来。于是，小市民偷偷分裂了：其中一半按规矩投，另一半就特朗普（trump）起来了。特朗普，不一定会更好；但按规矩投，一定不会更好。那就疯狂一下吧。反正今天过后，又要忍气吞声了。","李敖","","虽千万人，李敖往矣、哈囉李敖、微博、140字","写作线、媒体线、晚年线","虽千万人，李敖往矣、哈囉李敖","","虽千万人，李敖往矣","048.2016年11月","39","《大李敖全集5.0》（wjm_tcy版）分章节/005.诗集语录类/005.虽千万人，李敖往矣/048.2016年11月.txt","","[]","data/timeline-events-sui-qianwan-li-ao-wangyi.json","sui-qianwan-2016-11-10-daily-weibo","{""id"":""sui-qianwan-2016-11-10-daily-weibo"",""date"":""2016-11-10"",""displayDate"":""2016年11月10日星期四"",""datePrecision"":""day"",""title"":""李敖发微博谈“不管谁是统治者，小市民总是忍气吞声者”"",""summary"":""2016年11月10日，李敖在“哈囉李敖”微博发文：不管谁是统治者，小市民总是忍气吞声者。但是，民主开小市民一个玩笑：居然给出一次机会，让你把玩笑开回来。于是，小市民偷偷分裂了：其中一半按规矩投，另一半就特朗普（trump）起来了。特朗普，不一定会更好；但按规矩投，一定不会更好。那就疯狂一下吧。反正今天过后，又要忍气吞声了。"",""view"":[""写作线"",""媒体线"",""晚年线""],""tags"":[""虽千万人，李敖往矣"",""哈囉李敖"",""微博"",""140字""],""people"":[""李敖""],""places"":[],""works"":[""虽千万人，李敖往矣"",""哈囉李敖""],""certainty"":""confirmed"",""source"":{""book"":""虽千万人，李敖往矣"",""chapter"":""048.2016年11月"",""path"":""《大李敖全集5.0》（wjm_tcy版）分章节/005.诗集语录类/005.虽千万人，李敖往矣/048.2016年11月.txt"",""line"":39,""lines"":[39,41]},""crossReferences"":[],""round"":""2026-07-11-sui-qianwan-li-ao-wangyi-daily-completion"",""dataFile"":""data/timeline-events-sui-qianwan-li-ao-wangyi.json""}"
"29288","2016","2016-11-11","2016年11月11日星期五","day","confirmed","李敖发微博谈“我改写一句英文：The only good KMT is a de…”","2016年11月11日，李敖在“哈囉李敖”微博发文：我改写一句英文：The only good KMT is a dead KMT.死国民党才是好国民党。因为国民党活着，成事不足、帮凶有余：它沦为共产党右翼，但咬住中华民国，给共产党小鞋穿；它又沦为民进党左翼，偷套上中华民国，假戏真做、李代桃僵，俨然台独其来有自。它给民进党dildo（假鸡巴）过瘾，民进党大乐。","李敖","","虽千万人，李敖往矣、哈囉李敖、微博、140字","写作线、媒体线、晚年线","虽千万人，李敖往矣、哈囉李敖","","虽千万人，李敖往矣","048.2016年11月","43","《大李敖全集5.0》（wjm_tcy版）分章节/005.诗集语录类/005.虽千万人，李敖往矣/048.2016年11月.txt","","[]","data/timeline-events-sui-qianwan-li-ao-wangyi.json","sui-qianwan-2016-11-11-daily-weibo","{""id"":""sui-qianwan-2016-11-11-daily-weibo"",""date"":""2016-11-11"",""displayDate"":""2016年11月11日星期五"",""datePrecision"":""day"",""title"":""李敖发微博谈“我改写一句英文：The only good KMT is a de…”"",""summary"":""2016年11月11日，李敖在“哈囉李敖”微博发文：我改写一句英文：The only good KMT is a dead KMT.死国民党才是好国民党。因为国民党活着，成事不足、帮凶有余：它沦为共产党右翼，但咬住中华民国，给共产党小鞋穿；它又沦为民进党左翼，偷套上中华民国，假戏真做、李代桃僵，俨然台独其来有自。它给民进党dildo（假鸡巴）过瘾，民进党大乐。"",""view"":[""写作线"",""媒体线"",""晚年线""],""tags"":[""虽千万人，李敖往矣"",""哈囉李敖"",""微博"",""140字""],""people"":[""李敖""],""places"":[],""works"":[""虽千万人，李敖往矣"",""哈囉李敖""],""certainty"":""confirmed"",""source"":{""book"":""虽千万人，李敖往矣"",""chapter"":""048.2016年11月"",""path"":""《大李敖全集5.0》（wjm_tcy版）分章节/005.诗集语录类/005.虽千万人，李敖往矣/048.2016年11月.txt"",""line"":43,""lines"":[43,45]},""crossReferences"":[],""round"":""2026-07-11-sui-qianwan-li-ao-wangyi-daily-completion"",""dataFile"":""data/timeline-events-sui-qianwan-li-ao-wangyi.json""}"
"29289","2016","2016-11-12","2016年11月12日星期六","day","confirmed","李敖发微博谈“古典中有个规格，就是好汉不会“为盗贼上条陈”、不会向王八蛋政权提供…”","2016年11月12日，李敖在“哈囉李敖”微博发文：古典中有个规格，就是好汉不会“为盗贼上条陈”、不会向王八蛋政权提供意见。你不配听、我也不会说。虽然每天写我的，但不是给王八蛋看的，而是自己留下记录的。不同的是，古人要把记录沉在井里、埋在沙里；而我却印在书里、撒在微博里。扑灭星星之火吗？屁啊！春风吹又生的，是我不是你。","李敖","","虽千万人，李敖往矣、哈囉李敖、微博、140字","写作线、媒体线、晚年线","虽千万人，李敖往矣、哈囉李敖","","虽千万人，李敖往矣","048.2016年11月","47","《大李敖全集5.0》（wjm_tcy版）分章节/005.诗集语录类/005.虽千万人，李敖往矣/048.2016年11月.txt","","[]","data/timeline-events-sui-qianwan-li-ao-wangyi.json","sui-qianwan-2016-11-12-daily-weibo","{""id"":""sui-qianwan-2016-11-12-daily-weibo"",""date"":""2016-11-12"",""displayDate"":""2016年11月12日星期六"",""datePrecision"":""day"",""title"":""李敖发微博谈“古典中有个规格，就是好汉不会“为盗贼上条陈”、不会向王八蛋政权提供…”"",""summary"":""2016年11月12日，李敖在“哈囉李敖”微博发文：古典中有个规格，就是好汉不会“为盗贼上条陈”、不会向王八蛋政权提供意见。你不配听、我也不会说。虽然每天写我的，但不是给王八蛋看的，而是自己留下记录的。不同的是，古人要把记录沉在井里、埋在沙里；而我却印在书里、撒在微博里。扑灭星星之火吗？屁啊！春风吹又生的，是我不是你。"",""view"":[""写作线"",""媒体线"",""晚年线""],""tags"":[""虽千万人，李敖往矣"",""哈囉李敖"",""微博"",""140字""],""people"":[""李敖""],""places"":[],""works"":[""虽千万人，李敖往矣"",""哈囉李敖""],""certainty"":""confirmed"",""source"":{""book"":""虽千万人，李敖往矣"",""chapter"":""048.2016年11月"",""path"":""《大李敖全集5.0》（wjm_tcy版）分章节/005.诗集语录类/005.虽千万人，李敖往矣/048.2016年11月.txt"",""line"":47,""lines"":[47,49]},""crossReferences"":[],""round"":""2026-07-11-sui-qianwan-li-ao-wangyi-daily-completion"",""dataFile"":""data/timeline-events-sui-qianwan-li-ao-wangyi.json""}"
"29290","2016","2016-11-13","2016年11月13日星期日","day","confirmed","李敖发微博谈“孙中山的三民主义，严格说来，只是三个粗糙的口号，称不上什么主义”","2016年11月13日，李敖在“哈囉李敖”微博发文：孙中山的三民主义，严格说来，只是三个粗糙的口号，称不上什么主义。有趣的是，共产党戏剧性的实现了其中的民族主义和民生主义，却留下民权主义心照不宣。原来民权主义是一幕骗局，没谈人权，只谈官权，这不太荒唐了吗？幸亏共产党洞烛其奸、没有上当。以民权行骗，老孙呀你只是小骗子。","李敖","","虽千万人，李敖往矣、哈囉李敖、微博、140字","写作线、媒体线、晚年线","虽千万人，李敖往矣、哈囉李敖","","虽千万人，李敖往矣","048.2016年11月","51","《大李敖全集5.0》（wjm_tcy版）分章节/005.诗集语录类/005.虽千万人，李敖往矣/048.2016年11月.txt","","[]","data/timeline-events-sui-qianwan-li-ao-wangyi.json","sui-qianwan-2016-11-13-daily-weibo","{""id"":""sui-qianwan-2016-11-13-daily-weibo"",""date"":""2016-11-13"",""displayDate"":""2016年11月13日星期日"",""datePrecision"":""day"",""title"":""李敖发微博谈“孙中山的三民主义，严格说来，只是三个粗糙的口号，称不上什么主义”"",""summary"":""2016年11月13日，李敖在“哈囉李敖”微博发文：孙中山的三民主义，严格说来，只是三个粗糙的口号，称不上什么主义。有趣的是，共产党戏剧性的实现了其中的民族主义和民生主义，却留下民权主义心照不宣。原来民权主义是一幕骗局，没谈人权，只谈官权，这不太荒唐了吗？幸亏共产党洞烛其奸、没有上当。以民权行骗，老孙呀你只是小骗子。"",""view"":[""写作线"",""媒体线"",""晚年线""],""tags"":[""虽千万人，李敖往矣"",""哈囉李敖"",""微博"",""140字""],""people"":[""李敖""],""places"":[],""works"":[""虽千万人，李敖往矣"",""哈囉李敖""],""certainty"":""confirmed"",""source"":{""book"":""虽千万人，李敖往矣"",""chapter"":""048.2016年11月"",""path"":""《大李敖全集5.0》（wjm_tcy版）分章节/005.诗集语录类/005.虽千万人，李敖往矣/048.2016年11月.txt"",""line"":51,""lines"":[51,53]},""crossReferences"":[],""round"":""2026-07-11-sui-qianwan-li-ao-wangyi-daily-completion"",""dataFile"":""data/timeline-events-sui-qianwan-li-ao-wangyi.json""}"
"29291","2016","2016-11-14","2016年11月14日星期一","day","confirmed","李敖说明自己天天在微博发言的三重目的","《2016年11月》写，李敖说自己天天在微博发言的目的有三：一是李敖不忘祖国，二是祖国不忘封锁但网开一面，三是外面假文章太多，李敖要宣示主权、一概否认。11月12日他还说明，自己每天写的不是给政权看，而是给自己留下记录，印在书里、撒在微博里。","李敖","中国大陆、台湾","微博、假文章、宣示主权、哈囉李敖、每日写作","网络线、写作线、审查线","虽千万人，李敖往矣、哈囉李敖","","虽千万人，李敖往矣","048.2016年11月","57","《大李敖全集5.0》（wjm_tcy版）分章节/005.诗集语录类/005.虽千万人，李敖往矣/048.2016年11月.txt","虽千万人，李敖往矣 / 048.2016年11月 / line 49 / 说明：11月12日说明每天写作是给自己留下记录，印在书里、撒在微博里。 / 《大李敖全集5.0》（wjm_tcy版）分章节/005.诗集语录类/005.虽千万人，李敖往矣/048.2016年11月.txt","[{""book"":""虽千万人，李敖往矣"",""chapter"":""048.2016年11月"",""path"":""《大李敖全集5.0》（wjm_tcy版）分章节/005.诗集语录类/005.虽千万人，李敖往矣/048.2016年11月.txt"",""line"":49,""note"":""11月12日说明每天写作是给自己留下记录，印在书里、撒在微博里。""}]","data/timeline-events-sui-qianwan-li-ao-wangyi.json","sui-qianwan-2016-11-14-explains-why-he-posts-on-weibo-daily","{""id"":""sui-qianwan-2016-11-14-explains-why-he-posts-on-weibo-daily"",""date"":""2016-11-14"",""displayDate"":""2016年11月14日星期一"",""datePrecision"":""day"",""title"":""李敖说明自己天天在微博发言的三重目的"",""summary"":""《2016年11月》写，李敖说自己天天在微博发言的目的有三：一是李敖不忘祖国，二是祖国不忘封锁但网开一面，三是外面假文章太多，李敖要宣示主权、一概否认。11月12日他还说明，自己每天写的不是给政权看，而是给自己留下记录，印在书里、撒在微博里。"",""view"":[""网络线"",""写作线"",""审查线""],""tags"":[""微博"",""假文章"",""宣示主权"",""哈囉李敖"",""每日写作""],""people"":[""李敖""],""places"":[""中国大陆"",""台湾""],""works"":[""虽千万人，李敖往矣"",""哈囉李敖""],""certainty"":""confirmed"",""source"":{""book"":""虽千万人，李敖往矣"",""chapter"":""048.2016年11月"",""path"":""《大李敖全集5.0》（wjm_tcy版）分章节/005.诗集语录类/005.虽千万人，李敖往矣/048.2016年11月.txt"",""line"":57},""additionalSources"":[{""book"":""虽千万人，李敖往矣"",""chapter"":""048.2016年11月"",""path"":""《大李敖全集5.0》（wjm_tcy版）分章节/005.诗集语录类/005.虽千万人，李敖往矣/048.2016年11月.txt"",""line"":49,""note"":""11月12日说明每天写作是给自己留下记录，印在书里、撒在微博里。""}],""dataFile"":""data/timeline-events-sui-qianwan-li-ao-wangyi.json""}"
"29292","2016","2016-11-15","2016年11月15日星期二","day","confirmed","李敖发微博谈“李敖一身反骨”","2016年11月15日，李敖在“哈囉李敖”微博发文：李敖一身反骨。一身反骨要付代价：要觉悟牢里空间多小时间多长、要觉悟亲人朋友同志女人多不可靠、要觉悟政府多王八蛋。文天祥说“典型在夙昔”，他错了，典型不在夙昔而在今天，而李敖就是那典型。但没人承认你是典型，一身反骨的最后觉悟是小人们把你积毁销骨，你不是典型了，小人们才是。","李敖","","虽千万人，李敖往矣、哈囉李敖、微博、140字","写作线、媒体线、晚年线","虽千万人，李敖往矣、哈囉李敖","","虽千万人，李敖往矣","048.2016年11月","59","《大李敖全集5.0》（wjm_tcy版）分章节/005.诗集语录类/005.虽千万人，李敖往矣/048.2016年11月.txt","","[]","data/timeline-events-sui-qianwan-li-ao-wangyi.json","sui-qianwan-2016-11-15-daily-weibo","{""id"":""sui-qianwan-2016-11-15-daily-weibo"",""date"":""2016-11-15"",""displayDate"":""2016年11月15日星期二"",""datePrecision"":""day"",""title"":""李敖发微博谈“李敖一身反骨”"",""summary"":""2016年11月15日，李敖在“哈囉李敖”微博发文：李敖一身反骨。一身反骨要付代价：要觉悟牢里空间多小时间多长、要觉悟亲人朋友同志女人多不可靠、要觉悟政府多王八蛋。文天祥说“典型在夙昔”，他错了，典型不在夙昔而在今天，而李敖就是那典型。但没人承认你是典型，一身反骨的最后觉悟是小人们把你积毁销骨，你不是典型了，小人们才是。"",""view"":[""写作线"",""媒体线"",""晚年线""],""tags"":[""虽千万人，李敖往矣"",""哈囉李敖"",""微博"",""140字""],""people"":[""李敖""],""places"":[],""works"":[""虽千万人，李敖往矣"",""哈囉李敖""],""certainty"":""confirmed"",""source"":{""book"":""虽千万人，李敖往矣"",""chapter"":""048.2016年11月"",""path"":""《大李敖全集5.0》（wjm_tcy版）分章节/005.诗集语录类/005.虽千万人，李敖往矣/048.2016年11月.txt"",""line"":59,""lines"":[59,61]},""crossReferences"":[],""round"":""2026-07-11-sui-qianwan-li-ao-wangyi-daily-completion"",""dataFile"":""data/timeline-events-sui-qianwan-li-ao-wangyi.json""}"
"29293","2016","2016-11-16","2016年11月16日星期三","day","confirmed","李敖发微博谈“有些人本是共产党的木偶，被甩后不论顶着哪种光环：或是党的叛徒、或是…”","2016年11月16日，李敖在“哈囉李敖”微博发文：有些人本是共产党的木偶，被甩后不论顶着哪种光环：或是党的叛徒、或是民运人士、或是学生领袖、或是什么功的信徒、或是什么奖的得主，对李敖总是众口一声，骂个不停。他们本是共产党雕走了刀的木偶，但脱队后众妄所归得如此整齐划一，倒真是奇遇。别信共产党的叛徒了，他们比共产党还坏。","李敖","","虽千万人，李敖往矣、哈囉李敖、微博、140字","写作线、媒体线、晚年线","虽千万人，李敖往矣、哈囉李敖","","虽千万人，李敖往矣","048.2016年11月","63","《大李敖全集5.0》（wjm_tcy版）分章节/005.诗集语录类/005.虽千万人，李敖往矣/048.2016年11月.txt","","[]","data/timeline-events-sui-qianwan-li-ao-wangyi.json","sui-qianwan-2016-11-16-daily-weibo","{""id"":""sui-qianwan-2016-11-16-daily-weibo"",""date"":""2016-11-16"",""displayDate"":""2016年11月16日星期三"",""datePrecision"":""day"",""title"":""李敖发微博谈“有些人本是共产党的木偶，被甩后不论顶着哪种光环：或是党的叛徒、或是…”"",""summary"":""2016年11月16日，李敖在“哈囉李敖”微博发文：有些人本是共产党的木偶，被甩后不论顶着哪种光环：或是党的叛徒、或是民运人士、或是学生领袖、或是什么功的信徒、或是什么奖的得主，对李敖总是众口一声，骂个不停。他们本是共产党雕走了刀的木偶，但脱队后众妄所归得如此整齐划一，倒真是奇遇。别信共产党的叛徒了，他们比共产党还坏。"",""view"":[""写作线"",""媒体线"",""晚年线""],""tags"":[""虽千万人，李敖往矣"",""哈囉李敖"",""微博"",""140字""],""people"":[""李敖""],""places"":[],""works"":[""虽千万人，李敖往矣"",""哈囉李敖""],""certainty"":""confirmed"",""source"":{""book"":""虽千万人，李敖往矣"",""chapter"":""048.2016年11月"",""path"":""《大李敖全集5.0》（wjm_tcy版）分章节/005.诗集语录类/005.虽千万人，李敖往矣/048.2016年11月.txt"",""line"":63,""lines"":[63,65]},""crossReferences"":[],""round"":""2026-07-11-sui-qianwan-li-ao-wangyi-daily-completion"",""dataFile"":""data/timeline-events-sui-qianwan-li-ao-wangyi.json""}"
"29294","2016","2016-11-17","2016年11月17日星期四","day","confirmed","李敖发微博谈“人工智能早期成就是制造科学怪人，科学怪人伟大成就是干掉制造科学怪人…”","2016年11月17日，李敖在“哈囉李敖”微博发文：人工智能早期成就是制造科学怪人，科学怪人伟大成就是干掉制造科学怪人的科学家。我想科学怪人预知人工智能不是好东西，会搞得天下大乱。试看中国农民占50%，美国只占2%，如比照美国，闲出48%来好吃懒做，发展人工智能，世界不完蛋才怪。所以，谁都不许大跃进，好吃懒做才有益世界和平。","李敖","","虽千万人，李敖往矣、哈囉李敖、微博、140字","写作线、媒体线、晚年线","虽千万人，李敖往矣、哈囉李敖","","虽千万人，李敖往矣","048.2016年11月","67","《大李敖全集5.0》（wjm_tcy版）分章节/005.诗集语录类/005.虽千万人，李敖往矣/048.2016年11月.txt","","[]","data/timeline-events-sui-qianwan-li-ao-wangyi.json","sui-qianwan-2016-11-17-daily-weibo","{""id"":""sui-qianwan-2016-11-17-daily-weibo"",""date"":""2016-11-17"",""displayDate"":""2016年11月17日星期四"",""datePrecision"":""day"",""title"":""李敖发微博谈“人工智能早期成就是制造科学怪人，科学怪人伟大成就是干掉制造科学怪人…”"",""summary"":""2016年11月17日，李敖在“哈囉李敖”微博发文：人工智能早期成就是制造科学怪人，科学怪人伟大成就是干掉制造科学怪人的科学家。我想科学怪人预知人工智能不是好东西，会搞得天下大乱。试看中国农民占50%，美国只占2%，如比照美国，闲出48%来好吃懒做，发展人工智能，世界不完蛋才怪。所以，谁都不许大跃进，好吃懒做才有益世界和平。"",""view"":[""写作线"",""媒体线"",""晚年线""],""tags"":[""虽千万人，李敖往矣"",""哈囉李敖"",""微博"",""140字""],""people"":[""李敖""],""places"":[],""works"":[""虽千万人，李敖往矣"",""哈囉李敖""],""certainty"":""confirmed"",""source"":{""book"":""虽千万人，李敖往矣"",""chapter"":""048.2016年11月"",""path"":""《大李敖全集5.0》（wjm_tcy版）分章节/005.诗集语录类/005.虽千万人，李敖往矣/048.2016年11月.txt"",""line"":67,""lines"":[67,69]},""crossReferences"":[],""round"":""2026-07-11-sui-qianwan-li-ao-wangyi-daily-completion"",""dataFile"":""data/timeline-events-sui-qianwan-li-ao-wangyi.json""}"
"29295","2016","2016-11-18","2016年11月18日星期五","day","confirmed","陈正澄促成李敖作客百岁经济学家施建生","《2016年11月》写，经济学家施建生一百岁，盼望见李敖一面；施建生的学生陈正澄仗着与李敖67年交情，强邀李敖作客。饭后施建生寄给李敖一篇回忆，谈自己身历两次世界大战、目击共产党崛起与中国成为世界第二大经济体。","李敖、施建生、陈正澄","台湾","施建生、陈正澄、百岁、作客、经济学家","交游线、学术线、晚年线","虽千万人，李敖往矣","","虽千万人，李敖往矣","048.2016年11月","73","《大李敖全集5.0》（wjm_tcy版）分章节/005.诗集语录类/005.虽千万人，李敖往矣/048.2016年11月.txt","","[]","data/timeline-events-sui-qianwan-li-ao-wangyi.json","sui-qianwan-2016-11-18-visits-hundred-year-old-shi-jiansheng","{""id"":""sui-qianwan-2016-11-18-visits-hundred-year-old-shi-jiansheng"",""date"":""2016-11-18"",""displayDate"":""2016年11月18日星期五"",""datePrecision"":""day"",""title"":""陈正澄促成李敖作客百岁经济学家施建生"",""summary"":""《2016年11月》写，经济学家施建生一百岁，盼望见李敖一面；施建生的学生陈正澄仗着与李敖67年交情，强邀李敖作客。饭后施建生寄给李敖一篇回忆，谈自己身历两次世界大战、目击共产党崛起与中国成为世界第二大经济体。"",""view"":[""交游线"",""学术线"",""晚年线""],""tags"":[""施建生"",""陈正澄"",""百岁"",""作客"",""经济学家""],""people"":[""李敖"",""施建生"",""陈正澄""],""places"":[""台湾""],""works"":[""虽千万人，李敖往矣""],""certainty"":""confirmed"",""source"":{""book"":""虽千万人，李敖往矣"",""chapter"":""048.2016年11月"",""path"":""《大李敖全集5.0》（wjm_tcy版）分章节/005.诗集语录类/005.虽千万人，李敖往矣/048.2016年11月.txt"",""line"":73},""dataFile"":""data/timeline-events-sui-qianwan-li-ao-wangyi.json""}"
"29296","2016","2016-11-19","2016年11月19日星期六","day","confirmed","李敖发微博谈““梦断香销四十年”、“国民革命四十年”，四十年，多么漫长的日子，对…”","2016年11月19日，李敖在“哈囉李敖”微博发文：“梦断香销四十年”、“国民革命四十年”，四十年，多么漫长的日子，对别人是长吁短叹，对我却是旧恨与新仇。四十年前的11月19，从黑狱走出来，从不掩饰我对独裁者和他党羽的仇视，但我却分得很清醒：他们强了中国，被打压就是公愤；他们弱了中国，被打压就是私仇。四十年了，遗憾我报了私仇。","李敖","","虽千万人，李敖往矣、哈囉李敖、微博、140字","写作线、媒体线、晚年线","虽千万人，李敖往矣、哈囉李敖","","虽千万人，李敖往矣","048.2016年11月","75","《大李敖全集5.0》（wjm_tcy版）分章节/005.诗集语录类/005.虽千万人，李敖往矣/048.2016年11月.txt","","[]","data/timeline-events-sui-qianwan-li-ao-wangyi.json","sui-qianwan-2016-11-19-daily-weibo","{""id"":""sui-qianwan-2016-11-19-daily-weibo"",""date"":""2016-11-19"",""displayDate"":""2016年11月19日星期六"",""datePrecision"":""day"",""title"":""李敖发微博谈““梦断香销四十年”、“国民革命四十年”，四十年，多么漫长的日子，对…”"",""summary"":""2016年11月19日，李敖在“哈囉李敖”微博发文：“梦断香销四十年”、“国民革命四十年”，四十年，多么漫长的日子，对别人是长吁短叹，对我却是旧恨与新仇。四十年前的11月19，从黑狱走出来，从不掩饰我对独裁者和他党羽的仇视，但我却分得很清醒：他们强了中国，被打压就是公愤；他们弱了中国，被打压就是私仇。四十年了，遗憾我报了私仇。"",""view"":[""写作线"",""媒体线"",""晚年线""],""tags"":[""虽千万人，李敖往矣"",""哈囉李敖"",""微博"",""140字""],""people"":[""李敖""],""places"":[],""works"":[""虽千万人，李敖往矣"",""哈囉李敖""],""certainty"":""confirmed"",""source"":{""book"":""虽千万人，李敖往矣"",""chapter"":""048.2016年11月"",""path"":""《大李敖全集5.0》（wjm_tcy版）分章节/005.诗集语录类/005.虽千万人，李敖往矣/048.2016年11月.txt"",""line"":75,""lines"":[75,77]},""crossReferences"":[],""round"":""2026-07-11-sui-qianwan-li-ao-wangyi-daily-completion"",""dataFile"":""data/timeline-events-sui-qianwan-li-ao-wangyi.json""}"
"29297","2016","2016-11-20","2016年11月20日星期日","day","confirmed","李敖发微博谈“曹操看赵云打仗：“东冲西突，所向无前”","2016年11月20日，李敖在“哈囉李敖”微博发文：曹操看赵云打仗：“东冲西突，所向无前。”所向无前不是所向无敌，是赵云前面已空无一物，空得不只没有敌人了，空得只有自己了。这才是赵云。有一个大咖，文章前无古人、后无来者、所过者化、所存者神。你学不到他的笔法，你只有嘴上骂心里磕头。他不是赵云。赵云不见了，赵云也在磕头。","李敖","","虽千万人，李敖往矣、哈囉李敖、微博、140字","写作线、媒体线、晚年线","虽千万人，李敖往矣、哈囉李敖","","虽千万人，李敖往矣","048.2016年11月","79","《大李敖全集5.0》（wjm_tcy版）分章节/005.诗集语录类/005.虽千万人，李敖往矣/048.2016年11月.txt","","[]","data/timeline-events-sui-qianwan-li-ao-wangyi.json","sui-qianwan-2016-11-20-daily-weibo","{""id"":""sui-qianwan-2016-11-20-daily-weibo"",""date"":""2016-11-20"",""displayDate"":""2016年11月20日星期日"",""datePrecision"":""day"",""title"":""李敖发微博谈“曹操看赵云打仗：“东冲西突，所向无前”"",""summary"":""2016年11月20日，李敖在“哈囉李敖”微博发文：曹操看赵云打仗：“东冲西突，所向无前。”所向无前不是所向无敌，是赵云前面已空无一物，空得不只没有敌人了，空得只有自己了。这才是赵云。有一个大咖，文章前无古人、后无来者、所过者化、所存者神。你学不到他的笔法，你只有嘴上骂心里磕头。他不是赵云。赵云不见了，赵云也在磕头。"",""view"":[""写作线"",""媒体线"",""晚年线""],""tags"":[""虽千万人，李敖往矣"",""哈囉李敖"",""微博"",""140字""],""people"":[""李敖""],""places"":[],""works"":[""虽千万人，李敖往矣"",""哈囉李敖""],""certainty"":""confirmed"",""source"":{""book"":""虽千万人，李敖往矣"",""chapter"":""048.2016年11月"",""path"":""《大李敖全集5.0》（wjm_tcy版）分章节/005.诗集语录类/005.虽千万人，李敖往矣/048.2016年11月.txt"",""line"":79,""lines"":[79,81]},""crossReferences"":[],""round"":""2026-07-11-sui-qianwan-li-ao-wangyi-daily-completion"",""dataFile"":""data/timeline-events-sui-qianwan-li-ao-wangyi.json""}"
"29298","2016","2016-11-21","2016年11月21日星期一","day","confirmed","李敖发微博谈“从台北到北京到香港，都捧起孙中山来，认为他是一个中国的黏合剂，这种…”","2016年11月21日，李敖在“哈囉李敖”微博发文：从台北到北京到香港，都捧起孙中山来，认为他是一个中国的黏合剂，这种对历史的无知，太好笑了。殊不知孙中山是分裂中国的第一罪人。他在中华民国中央政府以外，在南方搞非法政府、搞地方伪政权，从俄国的钱到军阀的钱，无一不拿，流毒中国，以至于今。捧孙中山以谋中国统一？你太混蛋了！","李敖","","虽千万人，李敖往矣、哈囉李敖、微博、140字","写作线、媒体线、晚年线","虽千万人，李敖往矣、哈囉李敖","","虽千万人，李敖往矣","048.2016年11月","83","《大李敖全集5.0》（wjm_tcy版）分章节/005.诗集语录类/005.虽千万人，李敖往矣/048.2016年11月.txt","","[]","data/timeline-events-sui-qianwan-li-ao-wangyi.json","sui-qianwan-2016-11-21-daily-weibo","{""id"":""sui-qianwan-2016-11-21-daily-weibo"",""date"":""2016-11-21"",""displayDate"":""2016年11月21日星期一"",""datePrecision"":""day"",""title"":""李敖发微博谈“从台北到北京到香港，都捧起孙中山来，认为他是一个中国的黏合剂，这种…”"",""summary"":""2016年11月21日，李敖在“哈囉李敖”微博发文：从台北到北京到香港，都捧起孙中山来，认为他是一个中国的黏合剂，这种对历史的无知，太好笑了。殊不知孙中山是分裂中国的第一罪人。他在中华民国中央政府以外，在南方搞非法政府、搞地方伪政权，从俄国的钱到军阀的钱，无一不拿，流毒中国，以至于今。捧孙中山以谋中国统一？你太混蛋了！"",""view"":[""写作线"",""媒体线"",""晚年线""],""tags"":[""虽千万人，李敖往矣"",""哈囉李敖"",""微博"",""140字""],""people"":[""李敖""],""places"":[],""works"":[""虽千万人，李敖往矣"",""哈囉李敖""],""certainty"":""confirmed"",""source"":{""book"":""虽千万人，李敖往矣"",""chapter"":""048.2016年11月"",""path"":""《大李敖全集5.0》（wjm_tcy版）分章节/005.诗集语录类/005.虽千万人，李敖往矣/048.2016年11月.txt"",""line"":83,""lines"":[83,85]},""crossReferences"":[],""round"":""2026-07-11-sui-qianwan-li-ao-wangyi-daily-completion"",""dataFile"":""data/timeline-events-sui-qianwan-li-ao-wangyi.json""}"
"29299","2016","2016-11-22","2016年11月22日星期二","day","confirmed","李敖发微博谈“有人说孙中山生在美国，是美国人”","2016年11月22日，李敖在“哈囉李敖”微博发文：有人说孙中山生在美国，是美国人。事实上，说他生在美国的，不是别人，正是他自己。他向美国申报1870.11.24生在位问奴（Waimanu），美国查出他发假誓并伪造文书，下之于狱。孙中山又谎报他爸爸孙达成1874前一直在美国，又被查出他爸爸一辈子没来美。幸亏没来过，不然父子达成牢里相见了。","李敖","","虽千万人，李敖往矣、哈囉李敖、微博、140字","写作线、媒体线、晚年线","虽千万人，李敖往矣、哈囉李敖","","虽千万人，李敖往矣","048.2016年11月","87","《大李敖全集5.0》（wjm_tcy版）分章节/005.诗集语录类/005.虽千万人，李敖往矣/048.2016年11月.txt","","[]","data/timeline-events-sui-qianwan-li-ao-wangyi.json","sui-qianwan-2016-11-22-daily-weibo","{""id"":""sui-qianwan-2016-11-22-daily-weibo"",""date"":""2016-11-22"",""displayDate"":""2016年11月22日星期二"",""datePrecision"":""day"",""title"":""李敖发微博谈“有人说孙中山生在美国，是美国人”"",""summary"":""2016年11月22日，李敖在“哈囉李敖”微博发文：有人说孙中山生在美国，是美国人。事实上，说他生在美国的，不是别人，正是他自己。他向美国申报1870.11.24生在位问奴（Waimanu），美国查出他发假誓并伪造文书，下之于狱。孙中山又谎报他爸爸孙达成1874前一直在美国，又被查出他爸爸一辈子没来美。幸亏没来过，不然父子达成牢里相见了。"",""view"":[""写作线"",""媒体线"",""晚年线""],""tags"":[""虽千万人，李敖往矣"",""哈囉李敖"",""微博"",""140字""],""people"":[""李敖""],""places"":[],""works"":[""虽千万人，李敖往矣"",""哈囉李敖""],""certainty"":""confirmed"",""source"":{""book"":""虽千万人，李敖往矣"",""chapter"":""048.2016年11月"",""path"":""《大李敖全集5.0》（wjm_tcy版）分章节/005.诗集语录类/005.虽千万人，李敖往矣/048.2016年11月.txt"",""line"":87,""lines"":[87,89]},""crossReferences"":[],""round"":""2026-07-11-sui-qianwan-li-ao-wangyi-daily-completion"",""dataFile"":""data/timeline-events-sui-qianwan-li-ao-wangyi.json""}"
"29300","2016","2016-11-23","2016年11月23日星期三","day","confirmed","李敖发微博谈“国民党党报《中央日报》垮了，但一传三代的国民党家族式党报《联合报》…”","2016年11月23日，李敖在“哈囉李敖”微博发文：国民党党报《中央日报》垮了，但一传三代的国民党家族式党报《联合报》却托共产党的福遗传下来，大谈台湾实行三民主义才有今天。我大笑：孤岛独小，何来民族主义？一党独大，何来民权主义？地权平均给党、涨价不敢归公，何来民生主义？正因为挂羊头卖狗肉，才残喘至今，三民主义娘希匹呀！","李敖","","虽千万人，李敖往矣、哈囉李敖、微博、140字","写作线、媒体线、晚年线","虽千万人，李敖往矣、哈囉李敖","","虽千万人，李敖往矣","048.2016年11月","91","《大李敖全集5.0》（wjm_tcy版）分章节/005.诗集语录类/005.虽千万人，李敖往矣/048.2016年11月.txt","","[]","data/timeline-events-sui-qianwan-li-ao-wangyi.json","sui-qianwan-2016-11-23-daily-weibo","{""id"":""sui-qianwan-2016-11-23-daily-weibo"",""date"":""2016-11-23"",""displayDate"":""2016年11月23日星期三"",""datePrecision"":""day"",""title"":""李敖发微博谈“国民党党报《中央日报》垮了，但一传三代的国民党家族式党报《联合报》…”"",""summary"":""2016年11月23日，李敖在“哈囉李敖”微博发文：国民党党报《中央日报》垮了，但一传三代的国民党家族式党报《联合报》却托共产党的福遗传下来，大谈台湾实行三民主义才有今天。我大笑：孤岛独小，何来民族主义？一党独大，何来民权主义？地权平均给党、涨价不敢归公，何来民生主义？正因为挂羊头卖狗肉，才残喘至今，三民主义娘希匹呀！"",""view"":[""写作线"",""媒体线"",""晚年线""],""tags"":[""虽千万人，李敖往矣"",""哈囉李敖"",""微博"",""140字""],""people"":[""李敖""],""places"":[],""works"":[""虽千万人，李敖往矣"",""哈囉李敖""],""certainty"":""confirmed"",""source"":{""book"":""虽千万人，李敖往矣"",""chapter"":""048.2016年11月"",""path"":""《大李敖全集5.0》（wjm_tcy版）分章节/005.诗集语录类/005.虽千万人，李敖往矣/048.2016年11月.txt"",""line"":91,""lines"":[91,93]},""crossReferences"":[],""round"":""2026-07-11-sui-qianwan-li-ao-wangyi-daily-completion"",""dataFile"":""data/timeline-events-sui-qianwan-li-ao-wangyi.json""}"
"29301","2016","2016-11-24","2016年11月24日星期四","day","confirmed","李敖发微博谈“国民党共产党本来哥俩好的，由苏联技术指导、金钱喂饱，越闹越凶”","2016年11月24日，李敖在“哈囉李敖”微博发文：国民党共产党本来哥俩好的，由苏联技术指导、金钱喂饱，越闹越凶。老国民党员吃不消了，向孙中山抱怨，孙中山拍胸脯，但拍了一半，他死了。蒋介石推迟了决胜点，最后还是输了。80多年过去了，共产党已庞然大物，若还丢不掉国民党这张80年的臭牌，就太没出息了。共产党总该学点新把戏吧？","李敖","","虽千万人，李敖往矣、哈囉李敖、微博、140字","写作线、媒体线、晚年线","虽千万人，李敖往矣、哈囉李敖","","虽千万人，李敖往矣","048.2016年11月","95","《大李敖全集5.0》（wjm_tcy版）分章节/005.诗集语录类/005.虽千万人，李敖往矣/048.2016年11月.txt","","[]","data/timeline-events-sui-qianwan-li-ao-wangyi.json","sui-qianwan-2016-11-24-daily-weibo","{""id"":""sui-qianwan-2016-11-24-daily-weibo"",""date"":""2016-11-24"",""displayDate"":""2016年11月24日星期四"",""datePrecision"":""day"",""title"":""李敖发微博谈“国民党共产党本来哥俩好的，由苏联技术指导、金钱喂饱，越闹越凶”"",""summary"":""2016年11月24日，李敖在“哈囉李敖”微博发文：国民党共产党本来哥俩好的，由苏联技术指导、金钱喂饱，越闹越凶。老国民党员吃不消了，向孙中山抱怨，孙中山拍胸脯，但拍了一半，他死了。蒋介石推迟了决胜点，最后还是输了。80多年过去了，共产党已庞然大物，若还丢不掉国民党这张80年的臭牌，就太没出息了。共产党总该学点新把戏吧？"",""view"":[""写作线"",""媒体线"",""晚年线""],""tags"":[""虽千万人，李敖往矣"",""哈囉李敖"",""微博"",""140字""],""people"":[""李敖""],""places"":[],""works"":[""虽千万人，李敖往矣"",""哈囉李敖""],""certainty"":""confirmed"",""source"":{""book"":""虽千万人，李敖往矣"",""chapter"":""048.2016年11月"",""path"":""《大李敖全集5.0》（wjm_tcy版）分章节/005.诗集语录类/005.虽千万人，李敖往矣/048.2016年11月.txt"",""line"":95,""lines"":[95,97]},""crossReferences"":[],""round"":""2026-07-11-sui-qianwan-li-ao-wangyi-daily-completion"",""dataFile"":""data/timeline-events-sui-qianwan-li-ao-wangyi.json""}"
"29302","2016","2016-11-25","2016年11月25日星期五","day","confirmed","李敖说自己不与朋友来往、拆掉电视线路并日夜工作","《2016年11月》写，李敖说自己并非整天忧国忧民，事实上跟朋友不来往，电视线路也拆了；他日夜工作，但与忧国忧民没有直接关系。此时他觉得中国已无自己容身之地，孤立傲岸，只为未来喘息，并把三千万字以上文字称为遗书。","李敖","台湾","电视线路、日夜工作、遗书、孤立、三千万字","日常线、写作线、晚年线","虽千万人，李敖往矣","","虽千万人，李敖往矣","048.2016年11月","101","《大李敖全集5.0》（wjm_tcy版）分章节/005.诗集语录类/005.虽千万人，李敖往矣/048.2016年11月.txt","","[]","data/timeline-events-sui-qianwan-li-ao-wangyi.json","sui-qianwan-2016-11-25-cuts-tv-line-and-works-day-and-night","{""id"":""sui-qianwan-2016-11-25-cuts-tv-line-and-works-day-and-night"",""date"":""2016-11-25"",""displayDate"":""2016年11月25日星期五"",""datePrecision"":""day"",""title"":""李敖说自己不与朋友来往、拆掉电视线路并日夜工作"",""summary"":""《2016年11月》写，李敖说自己并非整天忧国忧民，事实上跟朋友不来往，电视线路也拆了；他日夜工作，但与忧国忧民没有直接关系。此时他觉得中国已无自己容身之地，孤立傲岸，只为未来喘息，并把三千万字以上文字称为遗书。"",""view"":[""日常线"",""写作线"",""晚年线""],""tags"":[""电视线路"",""日夜工作"",""遗书"",""孤立"",""三千万字""],""people"":[""李敖""],""places"":[""台湾""],""works"":[""虽千万人，李敖往矣""],""certainty"":""confirmed"",""source"":{""book"":""虽千万人，李敖往矣"",""chapter"":""048.2016年11月"",""path"":""《大李敖全集5.0》（wjm_tcy版）分章节/005.诗集语录类/005.虽千万人，李敖往矣/048.2016年11月.txt"",""line"":101},""dataFile"":""data/timeline-events-sui-qianwan-li-ao-wangyi.json""}"
"29303","2016","2016-11-26","2016年11月26日星期六","day","confirmed","李敖记录内蒙古文化出版社盗印《我来剥蒋介石的皮》并署名李敖","《2016年11月》写，李敖提到劳动党主席吴荣元等大学时代即被抓进牢里，又说40多年过去后，内蒙古文化出版社盗印出一本《我来剥蒋介石的皮》，著者署“李敖”。这条补出晚年仍持续出现的盗版/伪书状况。","李敖、吴荣元","内蒙古、台湾","盗印、伪书、内蒙古文化出版社、我来剥蒋介石的皮、吴荣元","出版线、盗版线、晚年线","我来剥蒋介石的皮、虽千万人，李敖往矣","","虽千万人，李敖往矣","048.2016年11月","105","《大李敖全集5.0》（wjm_tcy版）分章节/005.诗集语录类/005.虽千万人，李敖往矣/048.2016年11月.txt","","[]","data/timeline-events-sui-qianwan-li-ao-wangyi.json","sui-qianwan-2016-11-26-records-pirated-book-i-peel-chiang-kai-shek","{""id"":""sui-qianwan-2016-11-26-records-pirated-book-i-peel-chiang-kai-shek"",""date"":""2016-11-26"",""displayDate"":""2016年11月26日星期六"",""datePrecision"":""day"",""title"":""李敖记录内蒙古文化出版社盗印《我来剥蒋介石的皮》并署名李敖"",""summary"":""《2016年11月》写，李敖提到劳动党主席吴荣元等大学时代即被抓进牢里，又说40多年过去后，内蒙古文化出版社盗印出一本《我来剥蒋介石的皮》，著者署“李敖”。这条补出晚年仍持续出现的盗版/伪书状况。"",""view"":[""出版线"",""盗版线"",""晚年线""],""tags"":[""盗印"",""伪书"",""内蒙古文化出版社"",""我来剥蒋介石的皮"",""吴荣元""],""people"":[""李敖"",""吴荣元""],""places"":[""内蒙古"",""台湾""],""works"":[""我来剥蒋介石的皮"",""虽千万人，李敖往矣""],""certainty"":""confirmed"",""source"":{""book"":""虽千万人，李敖往矣"",""chapter"":""048.2016年11月"",""path"":""《大李敖全集5.0》（wjm_tcy版）分章节/005.诗集语录类/005.虽千万人，李敖往矣/048.2016年11月.txt"",""line"":105},""dataFile"":""data/timeline-events-sui-qianwan-li-ao-wangyi.json""}"
"29304","2016","2016-11-27","2016年11月27日星期日","day","confirmed","李敖发微博谈“大陆的台湾研究所终于承认：马英九执政8年，使台湾主体意识猖獗，对两…”","2016年11月27日，李敖在“哈囉李敖”微博发文：大陆的台湾研究所终于承认：马英九执政8年，使台湾主体意识猖獗，对两岸关系伤害很大。看了这新闻，我忍不住窃笑。早在8年前，我就预告马英九不敢恢复国统会及课纲，不但“扁规马随”，且是B型台独，媚美媚日甚于民进党。如今我未以先知自豪，大陆却以后觉丢脸：你们的知台派是白痴！","李敖","","虽千万人，李敖往矣、哈囉李敖、微博、140字","写作线、媒体线、晚年线","虽千万人，李敖往矣、哈囉李敖","","虽千万人，李敖往矣","048.2016年11月","107","《大李敖全集5.0》（wjm_tcy版）分章节/005.诗集语录类/005.虽千万人，李敖往矣/048.2016年11月.txt","","[]","data/timeline-events-sui-qianwan-li-ao-wangyi.json","sui-qianwan-2016-11-27-daily-weibo","{""id"":""sui-qianwan-2016-11-27-daily-weibo"",""date"":""2016-11-27"",""displayDate"":""2016年11月27日星期日"",""datePrecision"":""day"",""title"":""李敖发微博谈“大陆的台湾研究所终于承认：马英九执政8年，使台湾主体意识猖獗，对两…”"",""summary"":""2016年11月27日，李敖在“哈囉李敖”微博发文：大陆的台湾研究所终于承认：马英九执政8年，使台湾主体意识猖獗，对两岸关系伤害很大。看了这新闻，我忍不住窃笑。早在8年前，我就预告马英九不敢恢复国统会及课纲，不但“扁规马随”，且是B型台独，媚美媚日甚于民进党。如今我未以先知自豪，大陆却以后觉丢脸：你们的知台派是白痴！"",""view"":[""写作线"",""媒体线"",""晚年线""],""tags"":[""虽千万人，李敖往矣"",""哈囉李敖"",""微博"",""140字""],""people"":[""李敖""],""places"":[],""works"":[""虽千万人，李敖往矣"",""哈囉李敖""],""certainty"":""confirmed"",""source"":{""book"":""虽千万人，李敖往矣"",""chapter"":""048.2016年11月"",""path"":""《大李敖全集5.0》（wjm_tcy版）分章节/005.诗集语录类/005.虽千万人，李敖往矣/048.2016年11月.txt"",""line"":107,""lines"":[107,109]},""crossReferences"":[],""round"":""2026-07-11-sui-qianwan-li-ao-wangyi-daily-completion"",""dataFile"":""data/timeline-events-sui-qianwan-li-ao-wangyi.json""}"
"29305","2016","2016-11-28","2016年11月28日星期一","day","confirmed","李敖发微博谈“大家听好”","2016年11月28日，李敖在“哈囉李敖”微博发文：大家听好！在乱世中，要“政治正确”，但偷偷告诉你：“政治正确，但不要太正确。”明朝土木之变，英宗被掳。于谦另立皇帝，不受胡人要挟，是“政治正确”。但英宗放回来夺门之变，非杀于谦不可，因为不杀他就证明咱们错了。于是于谦被杀了。讨厌，别人“政治正确”你却更正确，什么意思嘛！","李敖","","虽千万人，李敖往矣、哈囉李敖、微博、140字","写作线、媒体线、晚年线","虽千万人，李敖往矣、哈囉李敖","","虽千万人，李敖往矣","048.2016年11月","111","《大李敖全集5.0》（wjm_tcy版）分章节/005.诗集语录类/005.虽千万人，李敖往矣/048.2016年11月.txt","","[]","data/timeline-events-sui-qianwan-li-ao-wangyi.json","sui-qianwan-2016-11-28-daily-weibo","{""id"":""sui-qianwan-2016-11-28-daily-weibo"",""date"":""2016-11-28"",""displayDate"":""2016年11月28日星期一"",""datePrecision"":""day"",""title"":""李敖发微博谈“大家听好”"",""summary"":""2016年11月28日，李敖在“哈囉李敖”微博发文：大家听好！在乱世中，要“政治正确”，但偷偷告诉你：“政治正确，但不要太正确。”明朝土木之变，英宗被掳。于谦另立皇帝，不受胡人要挟，是“政治正确”。但英宗放回来夺门之变，非杀于谦不可，因为不杀他就证明咱们错了。于是于谦被杀了。讨厌，别人“政治正确”你却更正确，什么意思嘛！"",""view"":[""写作线"",""媒体线"",""晚年线""],""tags"":[""虽千万人，李敖往矣"",""哈囉李敖"",""微博"",""140字""],""people"":[""李敖""],""places"":[],""works"":[""虽千万人，李敖往矣"",""哈囉李敖""],""certainty"":""confirmed"",""source"":{""book"":""虽千万人，李敖往矣"",""chapter"":""048.2016年11月"",""path"":""《大李敖全集5.0》（wjm_tcy版）分章节/005.诗集语录类/005.虽千万人，李敖往矣/048.2016年11月.txt"",""line"":111,""lines"":[111,113]},""crossReferences"":[],""round"":""2026-07-11-sui-qianwan-li-ao-wangyi-daily-completion"",""dataFile"":""data/timeline-events-sui-qianwan-li-ao-wangyi.json""}"
"29306","2016","2016-11-29","2016年11月29日星期二","day","confirmed","李敖发微博谈“卡斯特罗死了”","2016年11月29日，李敖在“哈囉李敖”微博发文：卡斯特罗死了。他们革坏政府的命，过程太容易了。革坏政府的命，中国共产党花了28年，而古巴呢，只花了1/10的时间，就大功告成。对比起来，共产党多倒霉而卡斯特罗多幸运。教训是：玩革命，别在中国玩。中国只能玩假民主假独立，玩革命毫无机会，老行家共产党空了前也绝了后，他们在狞笑。","李敖","","虽千万人，李敖往矣、哈囉李敖、微博、140字","写作线、媒体线、晚年线","虽千万人，李敖往矣、哈囉李敖","","虽千万人，李敖往矣","048.2016年11月","115","《大李敖全集5.0》（wjm_tcy版）分章节/005.诗集语录类/005.虽千万人，李敖往矣/048.2016年11月.txt","","[]","data/timeline-events-sui-qianwan-li-ao-wangyi.json","sui-qianwan-2016-11-29-daily-weibo","{""id"":""sui-qianwan-2016-11-29-daily-weibo"",""date"":""2016-11-29"",""displayDate"":""2016年11月29日星期二"",""datePrecision"":""day"",""title"":""李敖发微博谈“卡斯特罗死了”"",""summary"":""2016年11月29日，李敖在“哈囉李敖”微博发文：卡斯特罗死了。他们革坏政府的命，过程太容易了。革坏政府的命，中国共产党花了28年，而古巴呢，只花了1/10的时间，就大功告成。对比起来，共产党多倒霉而卡斯特罗多幸运。教训是：玩革命，别在中国玩。中国只能玩假民主假独立，玩革命毫无机会，老行家共产党空了前也绝了后，他们在狞笑。"",""view"":[""写作线"",""媒体线"",""晚年线""],""tags"":[""虽千万人，李敖往矣"",""哈囉李敖"",""微博"",""140字""],""people"":[""李敖""],""places"":[],""works"":[""虽千万人，李敖往矣"",""哈囉李敖""],""certainty"":""confirmed"",""source"":{""book"":""虽千万人，李敖往矣"",""chapter"":""048.2016年11月"",""path"":""《大李敖全集5.0》（wjm_tcy版）分章节/005.诗集语录类/005.虽千万人，李敖往矣/048.2016年11月.txt"",""line"":115,""lines"":[115,117]},""crossReferences"":[],""round"":""2026-07-11-sui-qianwan-li-ao-wangyi-daily-completion"",""dataFile"":""data/timeline-events-sui-qianwan-li-ao-wangyi.json""}"
"29307","2016","2016-11-30","2016年11月30日星期三","day","confirmed","李敖发微博谈“电影拍砸了，画面乌漆妈黑，粤语叫“没公在”，意思是查无此人”","2016年11月30日，李敖在“哈囉李敖”微博发文：电影拍砸了，画面乌漆妈黑，粤语叫“没公在”，意思是查无此人。你会纳闷：李敖名满天下，为什么许多场合“没公在”？为什么有头有脸的都讳提此人？为什么？“不能提他，一提他，就证明我们是假的。”多有趣！怎么会有这么一个人，他竟被两岸不谋而合藏起来，他一出头，别人就会露尾呀。","李敖","","虽千万人，李敖往矣、哈囉李敖、微博、140字","写作线、媒体线、晚年线","虽千万人，李敖往矣、哈囉李敖","","虽千万人，李敖往矣","048.2016年11月","119","《大李敖全集5.0》（wjm_tcy版）分章节/005.诗集语录类/005.虽千万人，李敖往矣/048.2016年11月.txt","","[]","data/timeline-events-sui-qianwan-li-ao-wangyi.json","sui-qianwan-2016-11-30-daily-weibo","{""id"":""sui-qianwan-2016-11-30-daily-weibo"",""date"":""2016-11-30"",""displayDate"":""2016年11月30日星期三"",""datePrecision"":""day"",""title"":""李敖发微博谈“电影拍砸了，画面乌漆妈黑，粤语叫“没公在”，意思是查无此人”"",""summary"":""2016年11月30日，李敖在“哈囉李敖”微博发文：电影拍砸了，画面乌漆妈黑，粤语叫“没公在”，意思是查无此人。你会纳闷：李敖名满天下，为什么许多场合“没公在”？为什么有头有脸的都讳提此人？为什么？“不能提他，一提他，就证明我们是假的。”多有趣！怎么会有这么一个人，他竟被两岸不谋而合藏起来，他一出头，别人就会露尾呀。"",""view"":[""写作线"",""媒体线"",""晚年线""],""tags"":[""虽千万人，李敖往矣"",""哈囉李敖"",""微博"",""140字""],""people"":[""李敖""],""places"":[],""works"":[""虽千万人，李敖往矣"",""哈囉李敖""],""certainty"":""confirmed"",""source"":{""book"":""虽千万人，李敖往矣"",""chapter"":""048.2016年11月"",""path"":""《大李敖全集5.0》（wjm_tcy版）分章节/005.诗集语录类/005.虽千万人，李敖往矣/048.2016年11月.txt"",""line"":119,""lines"":[119,121]},""crossReferences"":[],""round"":""2026-07-11-sui-qianwan-li-ao-wangyi-daily-completion"",""dataFile"":""data/timeline-events-sui-qianwan-li-ao-wangyi.json""}"
"29308","2016","2016-12-01","2016年12月1日星期四","day","confirmed","李敖发微博谈“我的同班老同学，伪中央研究院近代史研究所研究员陶英惠，在伪国史馆馆…”","2016年12月1日，李敖在“哈囉李敖”微博发文：我的同班老同学，伪中央研究院近代史研究所研究员陶英惠，在伪国史馆馆刊复刊第六期指出：鲁迅一面坐领国民政府干薪每月三百元大洋，一面撰文攻击国民政府，而给他这一优遇的，是蔡元培。而蔡元培1938.4.3给许寿裳的信中，却坦承《阿Q正传》都没看完。那个时代的人呀，真令我们弄不懂。","李敖","","虽千万人，李敖往矣、哈囉李敖、微博、140字","写作线、媒体线、晚年线","虽千万人，李敖往矣、哈囉李敖","","虽千万人，李敖往矣","049.2016年12月","3","《大李敖全集5.0》（wjm_tcy版）分章节/005.诗集语录类/005.虽千万人，李敖往矣/049.2016年12月.txt","","[]","data/timeline-events-sui-qianwan-li-ao-wangyi.json","sui-qianwan-2016-12-01-daily-weibo","{""id"":""sui-qianwan-2016-12-01-daily-weibo"",""date"":""2016-12-01"",""displayDate"":""2016年12月1日星期四"",""datePrecision"":""day"",""title"":""李敖发微博谈“我的同班老同学，伪中央研究院近代史研究所研究员陶英惠，在伪国史馆馆…”"",""summary"":""2016年12月1日，李敖在“哈囉李敖”微博发文：我的同班老同学，伪中央研究院近代史研究所研究员陶英惠，在伪国史馆馆刊复刊第六期指出：鲁迅一面坐领国民政府干薪每月三百元大洋，一面撰文攻击国民政府，而给他这一优遇的，是蔡元培。而蔡元培1938.4.3给许寿裳的信中，却坦承《阿Q正传》都没看完。那个时代的人呀，真令我们弄不懂。"",""view"":[""写作线"",""媒体线"",""晚年线""],""tags"":[""虽千万人，李敖往矣"",""哈囉李敖"",""微博"",""140字""],""people"":[""李敖""],""places"":[],""works"":[""虽千万人，李敖往矣"",""哈囉李敖""],""certainty"":""confirmed"",""source"":{""book"":""虽千万人，李敖往矣"",""chapter"":""049.2016年12月"",""path"":""《大李敖全集5.0》（wjm_tcy版）分章节/005.诗集语录类/005.虽千万人，李敖往矣/049.2016年12月.txt"",""line"":3,""lines"":[3,5]},""crossReferences"":[],""round"":""2026-07-11-sui-qianwan-li-ao-wangyi-daily-completion"",""dataFile"":""data/timeline-events-sui-qianwan-li-ao-wangyi.json""}"
"29309","2016","2016-12-02","2016年12月2日星期五","day","confirmed","李敖发微博谈“一种说法是：特朗普当选象征美国极右派抬头”","2016年12月2日，李敖在“哈囉李敖”微博发文：一种说法是：特朗普当选象征美国极右派抬头。其实极右派有两种：一种是欺负人的、一种是被人欺负的。一战后德国被欺负，出了希特勒，情有可原。他们变成极右派，是穷人翻身。特朗普的极右派却是美国觉得欺负人欺负得不够，要变本加厉，是富人加码。闽南话说“呷人够够”是也。请务必弄清楚。","李敖","","虽千万人，李敖往矣、哈囉李敖、微博、140字","写作线、媒体线、晚年线","虽千万人，李敖往矣、哈囉李敖","","虽千万人，李敖往矣","049.2016年12月","7","《大李敖全集5.0》（wjm_tcy版）分章节/005.诗集语录类/005.虽千万人，李敖往矣/049.2016年12月.txt","","[]","data/timeline-events-sui-qianwan-li-ao-wangyi.json","sui-qianwan-2016-12-02-daily-weibo","{""id"":""sui-qianwan-2016-12-02-daily-weibo"",""date"":""2016-12-02"",""displayDate"":""2016年12月2日星期五"",""datePrecision"":""day"",""title"":""李敖发微博谈“一种说法是：特朗普当选象征美国极右派抬头”"",""summary"":""2016年12月2日，李敖在“哈囉李敖”微博发文：一种说法是：特朗普当选象征美国极右派抬头。其实极右派有两种：一种是欺负人的、一种是被人欺负的。一战后德国被欺负，出了希特勒，情有可原。他们变成极右派，是穷人翻身。特朗普的极右派却是美国觉得欺负人欺负得不够，要变本加厉，是富人加码。闽南话说“呷人够够”是也。请务必弄清楚。"",""view"":[""写作线"",""媒体线"",""晚年线""],""tags"":[""虽千万人，李敖往矣"",""哈囉李敖"",""微博"",""140字""],""people"":[""李敖""],""places"":[],""works"":[""虽千万人，李敖往矣"",""哈囉李敖""],""certainty"":""confirmed"",""source"":{""book"":""虽千万人，李敖往矣"",""chapter"":""049.2016年12月"",""path"":""《大李敖全集5.0》（wjm_tcy版）分章节/005.诗集语录类/005.虽千万人，李敖往矣/049.2016年12月.txt"",""line"":7,""lines"":[7,9]},""crossReferences"":[],""round"":""2026-07-11-sui-qianwan-li-ao-wangyi-daily-completion"",""dataFile"":""data/timeline-events-sui-qianwan-li-ao-wangyi.json""}"
"29310","2016","2016-12-03","2016年12月3日星期六","day","confirmed","李敖发微博谈“阿里巴巴优点N多”","2016年12月3日，李敖在“哈囉李敖”微博发文：阿里巴巴优点N多。其中一个，就是他不以貌取人。而我呢，虽和孔夫子一样，知道“以貌取人，失之子羽”，可是还犯老毛病：很嘀咕长相。我不喜欢一看起来就令自己很不舒服的人，无法辨别人面兽心，是我的缺点。我有一个朋友叫马英九，我本该在动物园认识他的，我上了孔夫子“不问马”的当。","李敖","","虽千万人，李敖往矣、哈囉李敖、微博、140字","写作线、媒体线、晚年线","虽千万人，李敖往矣、哈囉李敖","","虽千万人，李敖往矣","049.2016年12月","11","《大李敖全集5.0》（wjm_tcy版）分章节/005.诗集语录类/005.虽千万人，李敖往矣/049.2016年12月.txt","","[]","data/timeline-events-sui-qianwan-li-ao-wangyi.json","sui-qianwan-2016-12-03-daily-weibo","{""id"":""sui-qianwan-2016-12-03-daily-weibo"",""date"":""2016-12-03"",""displayDate"":""2016年12月3日星期六"",""datePrecision"":""day"",""title"":""李敖发微博谈“阿里巴巴优点N多”"",""summary"":""2016年12月3日，李敖在“哈囉李敖”微博发文：阿里巴巴优点N多。其中一个，就是他不以貌取人。而我呢，虽和孔夫子一样，知道“以貌取人，失之子羽”，可是还犯老毛病：很嘀咕长相。我不喜欢一看起来就令自己很不舒服的人，无法辨别人面兽心，是我的缺点。我有一个朋友叫马英九，我本该在动物园认识他的，我上了孔夫子“不问马”的当。"",""view"":[""写作线"",""媒体线"",""晚年线""],""tags"":[""虽千万人，李敖往矣"",""哈囉李敖"",""微博"",""140字""],""people"":[""李敖""],""places"":[],""works"":[""虽千万人，李敖往矣"",""哈囉李敖""],""certainty"":""confirmed"",""source"":{""book"":""虽千万人，李敖往矣"",""chapter"":""049.2016年12月"",""path"":""《大李敖全集5.0》（wjm_tcy版）分章节/005.诗集语录类/005.虽千万人，李敖往矣/049.2016年12月.txt"",""line"":11,""lines"":[11,13]},""crossReferences"":[],""round"":""2026-07-11-sui-qianwan-li-ao-wangyi-daily-completion"",""dataFile"":""data/timeline-events-sui-qianwan-li-ao-wangyi.json""}"
"29311","2016","2016-12-04","2016年12月4日星期日","day","confirmed","李敖发微博谈“美国跟中国有邦交，居然跟中国的一个省的头子通电话，称之为“台湾总统””","2016年12月4日，李敖在“哈囉李敖”微博发文：美国跟中国有邦交，居然跟中国的一个省的头子通电话，称之为“台湾总统”！中国要忍这口气吗？如果是我，我会举办一场“夏威夷女王丽留卡拉妮（Queen Liliuokalani）逝世百年追悼会”向世界宣布：夏威夷根本不是你的一个州！你侵略了夏威夷！并把它的女王关在牢里！别以为我好作弄！以牙还牙呀！","李敖","","虽千万人，李敖往矣、哈囉李敖、微博、140字","写作线、媒体线、晚年线","虽千万人，李敖往矣、哈囉李敖","","虽千万人，李敖往矣","049.2016年12月","15","《大李敖全集5.0》（wjm_tcy版）分章节/005.诗集语录类/005.虽千万人，李敖往矣/049.2016年12月.txt","","[]","data/timeline-events-sui-qianwan-li-ao-wangyi.json","sui-qianwan-2016-12-04-daily-weibo","{""id"":""sui-qianwan-2016-12-04-daily-weibo"",""date"":""2016-12-04"",""displayDate"":""2016年12月4日星期日"",""datePrecision"":""day"",""title"":""李敖发微博谈“美国跟中国有邦交，居然跟中国的一个省的头子通电话，称之为“台湾总统””"",""summary"":""2016年12月4日，李敖在“哈囉李敖”微博发文：美国跟中国有邦交，居然跟中国的一个省的头子通电话，称之为“台湾总统”！中国要忍这口气吗？如果是我，我会举办一场“夏威夷女王丽留卡拉妮（Queen Liliuokalani）逝世百年追悼会”向世界宣布：夏威夷根本不是你的一个州！你侵略了夏威夷！并把它的女王关在牢里！别以为我好作弄！以牙还牙呀！"",""view"":[""写作线"",""媒体线"",""晚年线""],""tags"":[""虽千万人，李敖往矣"",""哈囉李敖"",""微博"",""140字""],""people"":[""李敖""],""places"":[],""works"":[""虽千万人，李敖往矣"",""哈囉李敖""],""certainty"":""confirmed"",""source"":{""book"":""虽千万人，李敖往矣"",""chapter"":""049.2016年12月"",""path"":""《大李敖全集5.0》（wjm_tcy版）分章节/005.诗集语录类/005.虽千万人，李敖往矣/049.2016年12月.txt"",""line"":15,""lines"":[15,17]},""crossReferences"":[],""round"":""2026-07-11-sui-qianwan-li-ao-wangyi-daily-completion"",""dataFile"":""data/timeline-events-sui-qianwan-li-ao-wangyi.json""}"
"29312","2016","2016-12-05","2016年12月5日星期一","day","confirmed","李敖发微博谈“训练狗熊，第一条要先弄清楚：就是狗熊的“即时性””","2016年12月5日，李敖在“哈囉李敖”微博发文：训练狗熊，第一条要先弄清楚：就是狗熊的“即时性”。“即时性”就是奖惩都要立刻兑现：表演得差，立刻给你一鞭；表演得好，立刻赏你一块方糖。台湾地区性的人格特色就是狗熊性，台湾人不识好歹，不怕吓，但怕立刻打他。共产党从两颗空包弹开始，都是吓他，无效。要地动山摇吗？打他才对。","李敖","","虽千万人，李敖往矣、哈囉李敖、微博、140字","写作线、媒体线、晚年线","虽千万人，李敖往矣、哈囉李敖","","虽千万人，李敖往矣","049.2016年12月","19","《大李敖全集5.0》（wjm_tcy版）分章节/005.诗集语录类/005.虽千万人，李敖往矣/049.2016年12月.txt","","[]","data/timeline-events-sui-qianwan-li-ao-wangyi.json","sui-qianwan-2016-12-05-daily-weibo","{""id"":""sui-qianwan-2016-12-05-daily-weibo"",""date"":""2016-12-05"",""displayDate"":""2016年12月5日星期一"",""datePrecision"":""day"",""title"":""李敖发微博谈“训练狗熊，第一条要先弄清楚：就是狗熊的“即时性””"",""summary"":""2016年12月5日，李敖在“哈囉李敖”微博发文：训练狗熊，第一条要先弄清楚：就是狗熊的“即时性”。“即时性”就是奖惩都要立刻兑现：表演得差，立刻给你一鞭；表演得好，立刻赏你一块方糖。台湾地区性的人格特色就是狗熊性，台湾人不识好歹，不怕吓，但怕立刻打他。共产党从两颗空包弹开始，都是吓他，无效。要地动山摇吗？打他才对。"",""view"":[""写作线"",""媒体线"",""晚年线""],""tags"":[""虽千万人，李敖往矣"",""哈囉李敖"",""微博"",""140字""],""people"":[""李敖""],""places"":[],""works"":[""虽千万人，李敖往矣"",""哈囉李敖""],""certainty"":""confirmed"",""source"":{""book"":""虽千万人，李敖往矣"",""chapter"":""049.2016年12月"",""path"":""《大李敖全集5.0》（wjm_tcy版）分章节/005.诗集语录类/005.虽千万人，李敖往矣/049.2016年12月.txt"",""line"":19,""lines"":[19,21]},""crossReferences"":[],""round"":""2026-07-11-sui-qianwan-li-ao-wangyi-daily-completion"",""dataFile"":""data/timeline-events-sui-qianwan-li-ao-wangyi.json""}"
"29313","2016","2016-12-06","2016年12月6日星期二","day","confirmed","李敖记录八大山人花鸟册真货在自己手里","《2016年12月》写，李敖说台北故宫大力宣传的八大山人花鸟册被王方宇拆穿是假货，杨仁恺又透露真货原来在李敖手里。李敖借此讥讽“政权是假的，古物也是假的”，而自己抱着真货直笑。","李敖、王方宇、杨仁恺","台湾、台北故宫博物院","八大山人、花鸟册、王方宇、杨仁恺、收藏","藏书线、文物线、书房线","虽千万人，李敖往矣","","虽千万人，李敖往矣","049.2016年12月","25","《大李敖全集5.0》（wjm_tcy版）分章节/005.诗集语录类/005.虽千万人，李敖往矣/049.2016年12月.txt","","[]","data/timeline-events-sui-qianwan-li-ao-wangyi.json","sui-qianwan-2016-12-06-notes-real-bada-shanren-album-in-his-hands","{""id"":""sui-qianwan-2016-12-06-notes-real-bada-shanren-album-in-his-hands"",""date"":""2016-12-06"",""displayDate"":""2016年12月6日星期二"",""datePrecision"":""day"",""title"":""李敖记录八大山人花鸟册真货在自己手里"",""summary"":""《2016年12月》写，李敖说台北故宫大力宣传的八大山人花鸟册被王方宇拆穿是假货，杨仁恺又透露真货原来在李敖手里。李敖借此讥讽“政权是假的，古物也是假的”，而自己抱着真货直笑。"",""view"":[""藏书线"",""文物线"",""书房线""],""tags"":[""八大山人"",""花鸟册"",""王方宇"",""杨仁恺"",""收藏""],""people"":[""李敖"",""王方宇"",""杨仁恺""],""places"":[""台湾"",""台北故宫博物院""],""works"":[""虽千万人，李敖往矣""],""certainty"":""confirmed"",""source"":{""book"":""虽千万人，李敖往矣"",""chapter"":""049.2016年12月"",""path"":""《大李敖全集5.0》（wjm_tcy版）分章节/005.诗集语录类/005.虽千万人，李敖往矣/049.2016年12月.txt"",""line"":25},""dataFile"":""data/timeline-events-sui-qianwan-li-ao-wangyi.json""}"
"29314","2016","2016-12-07","2016年12月7日星期三","day","confirmed","李敖发微博谈“共产党在延安时代，讲究“丢包袱””","2016年12月7日，李敖在“哈囉李敖”微博发文：共产党在延安时代，讲究“丢包袱”。到了北京，却积习难改，旧包袱忘了丢掉：孙中山也、国民党也、新三民主义也、人民民主专政也、中央宣传部也、书刊预审制也，等等等等，说也说不完。今天还丢不掉孙中山、国民党、新三民主义，就是笨。迎点新吧、去点旧吧，你大到不能倒了，还怕什么呀？","李敖","","虽千万人，李敖往矣、哈囉李敖、微博、140字","写作线、媒体线、晚年线","虽千万人，李敖往矣、哈囉李敖","","虽千万人，李敖往矣","049.2016年12月","27","《大李敖全集5.0》（wjm_tcy版）分章节/005.诗集语录类/005.虽千万人，李敖往矣/049.2016年12月.txt","","[]","data/timeline-events-sui-qianwan-li-ao-wangyi.json","sui-qianwan-2016-12-07-daily-weibo","{""id"":""sui-qianwan-2016-12-07-daily-weibo"",""date"":""2016-12-07"",""displayDate"":""2016年12月7日星期三"",""datePrecision"":""day"",""title"":""李敖发微博谈“共产党在延安时代，讲究“丢包袱””"",""summary"":""2016年12月7日，李敖在“哈囉李敖”微博发文：共产党在延安时代，讲究“丢包袱”。到了北京，却积习难改，旧包袱忘了丢掉：孙中山也、国民党也、新三民主义也、人民民主专政也、中央宣传部也、书刊预审制也，等等等等，说也说不完。今天还丢不掉孙中山、国民党、新三民主义，就是笨。迎点新吧、去点旧吧，你大到不能倒了，还怕什么呀？"",""view"":[""写作线"",""媒体线"",""晚年线""],""tags"":[""虽千万人，李敖往矣"",""哈囉李敖"",""微博"",""140字""],""people"":[""李敖""],""places"":[],""works"":[""虽千万人，李敖往矣"",""哈囉李敖""],""certainty"":""confirmed"",""source"":{""book"":""虽千万人，李敖往矣"",""chapter"":""049.2016年12月"",""path"":""《大李敖全集5.0》（wjm_tcy版）分章节/005.诗集语录类/005.虽千万人，李敖往矣/049.2016年12月.txt"",""line"":27,""lines"":[27,29]},""crossReferences"":[],""round"":""2026-07-11-sui-qianwan-li-ao-wangyi-daily-completion"",""dataFile"":""data/timeline-events-sui-qianwan-li-ao-wangyi.json""}"
"29315","2016","2016-12-08","2016年12月8日星期四","day","confirmed","李敖发微博谈“在高压政权下，苟活的人民会向往，向往美国”","2016年12月8日，李敖在“哈囉李敖”微博发文：在高压政权下，苟活的人民会向往，向往美国。美国的宣传太成功了，中国人难免迷上它。直到有一天，我们发现：高压背后，政权的靠山原来就是美国，美国原来就是伪君子、幕后人、操盘手、罗汉脚，真凶！正因为美国撑腰、统治者屈膝，我们才肝硬化。别迷美国了，中国人，一片梦碎啊，一丝苦笑。","李敖","","虽千万人，李敖往矣、哈囉李敖、微博、140字","写作线、媒体线、晚年线","虽千万人，李敖往矣、哈囉李敖","","虽千万人，李敖往矣","049.2016年12月","31","《大李敖全集5.0》（wjm_tcy版）分章节/005.诗集语录类/005.虽千万人，李敖往矣/049.2016年12月.txt","","[]","data/timeline-events-sui-qianwan-li-ao-wangyi.json","sui-qianwan-2016-12-08-daily-weibo","{""id"":""sui-qianwan-2016-12-08-daily-weibo"",""date"":""2016-12-08"",""displayDate"":""2016年12月8日星期四"",""datePrecision"":""day"",""title"":""李敖发微博谈“在高压政权下，苟活的人民会向往，向往美国”"",""summary"":""2016年12月8日，李敖在“哈囉李敖”微博发文：在高压政权下，苟活的人民会向往，向往美国。美国的宣传太成功了，中国人难免迷上它。直到有一天，我们发现：高压背后，政权的靠山原来就是美国，美国原来就是伪君子、幕后人、操盘手、罗汉脚，真凶！正因为美国撑腰、统治者屈膝，我们才肝硬化。别迷美国了，中国人，一片梦碎啊，一丝苦笑。"",""view"":[""写作线"",""媒体线"",""晚年线""],""tags"":[""虽千万人，李敖往矣"",""哈囉李敖"",""微博"",""140字""],""people"":[""李敖""],""places"":[],""works"":[""虽千万人，李敖往矣"",""哈囉李敖""],""certainty"":""confirmed"",""source"":{""book"":""虽千万人，李敖往矣"",""chapter"":""049.2016年12月"",""path"":""《大李敖全集5.0》（wjm_tcy版）分章节/005.诗集语录类/005.虽千万人，李敖往矣/049.2016年12月.txt"",""line"":31,""lines"":[31,33]},""crossReferences"":[],""round"":""2026-07-11-sui-qianwan-li-ao-wangyi-daily-completion"",""dataFile"":""data/timeline-events-sui-qianwan-li-ao-wangyi.json""}"
"29316","2016","2016-12-09","2016年12月9日星期五","day","confirmed","李敖发微博谈“男人革命，坐了牢”","2016年12月9日，李敖在“哈囉李敖”微博发文：男人革命，坐了牢。情人要不要在外面接烂摊子？为了爱情与爱国，她接了；为了生存与斗争，她变了。她由少女变为悍妇。27年后，男人出狱进入英雄榜、情人老去变为母夜叉。生离了温妮（Winnie），曼德拉成功了吗？革命不是请客吃饭，但革命是百劫红颜吗？一想到温妮，我就看到两个失败者。","李敖","","虽千万人，李敖往矣、哈囉李敖、微博、140字","写作线、媒体线、晚年线","虽千万人，李敖往矣、哈囉李敖","","虽千万人，李敖往矣","049.2016年12月","35","《大李敖全集5.0》（wjm_tcy版）分章节/005.诗集语录类/005.虽千万人，李敖往矣/049.2016年12月.txt","","[]","data/timeline-events-sui-qianwan-li-ao-wangyi.json","sui-qianwan-2016-12-09-daily-weibo","{""id"":""sui-qianwan-2016-12-09-daily-weibo"",""date"":""2016-12-09"",""displayDate"":""2016年12月9日星期五"",""datePrecision"":""day"",""title"":""李敖发微博谈“男人革命，坐了牢”"",""summary"":""2016年12月9日，李敖在“哈囉李敖”微博发文：男人革命，坐了牢。情人要不要在外面接烂摊子？为了爱情与爱国，她接了；为了生存与斗争，她变了。她由少女变为悍妇。27年后，男人出狱进入英雄榜、情人老去变为母夜叉。生离了温妮（Winnie），曼德拉成功了吗？革命不是请客吃饭，但革命是百劫红颜吗？一想到温妮，我就看到两个失败者。"",""view"":[""写作线"",""媒体线"",""晚年线""],""tags"":[""虽千万人，李敖往矣"",""哈囉李敖"",""微博"",""140字""],""people"":[""李敖""],""places"":[],""works"":[""虽千万人，李敖往矣"",""哈囉李敖""],""certainty"":""confirmed"",""source"":{""book"":""虽千万人，李敖往矣"",""chapter"":""049.2016年12月"",""path"":""《大李敖全集5.0》（wjm_tcy版）分章节/005.诗集语录类/005.虽千万人，李敖往矣/049.2016年12月.txt"",""line"":35,""lines"":[35,37]},""crossReferences"":[],""round"":""2026-07-11-sui-qianwan-li-ao-wangyi-daily-completion"",""dataFile"":""data/timeline-events-sui-qianwan-li-ao-wangyi.json""}"
"29317","2016","2016-12-10","2016年12月10日星期六","day","confirmed","李敖十年不开车，偶坐出租车被司机从声音认出，并写双腿不良于行","《2016年12月》写，李敖已十年不开车，也没开车必要；偶尔坐出租车，司机不关心他的长相，但听到声音立刻回头叫“李大师”。李敖说自己的声音比面容年轻，而双腿又比自己更老，已经不良于行、彳亍其行。","李敖","台湾","出租车、声音、不开车、不良于行、双腿","日常线、健康线、晚年线","虽千万人，李敖往矣","","虽千万人，李敖往矣","049.2016年12月","41","《大李敖全集5.0》（wjm_tcy版）分章节/005.诗集语录类/005.虽千万人，李敖往矣/049.2016年12月.txt","","[]","data/timeline-events-sui-qianwan-li-ao-wangyi.json","sui-qianwan-2016-12-10-taxi-driver-recognizes-voice-and-li-ao-notes-bad-legs","{""id"":""sui-qianwan-2016-12-10-taxi-driver-recognizes-voice-and-li-ao-notes-bad-legs"",""date"":""2016-12-10"",""displayDate"":""2016年12月10日星期六"",""datePrecision"":""day"",""title"":""李敖十年不开车，偶坐出租车被司机从声音认出，并写双腿不良于行"",""summary"":""《2016年12月》写，李敖已十年不开车，也没开车必要；偶尔坐出租车，司机不关心他的长相，但听到声音立刻回头叫“李大师”。李敖说自己的声音比面容年轻，而双腿又比自己更老，已经不良于行、彳亍其行。"",""view"":[""日常线"",""健康线"",""晚年线""],""tags"":[""出租车"",""声音"",""不开车"",""不良于行"",""双腿""],""people"":[""李敖""],""places"":[""台湾""],""works"":[""虽千万人，李敖往矣""],""certainty"":""confirmed"",""source"":{""book"":""虽千万人，李敖往矣"",""chapter"":""049.2016年12月"",""path"":""《大李敖全集5.0》（wjm_tcy版）分章节/005.诗集语录类/005.虽千万人，李敖往矣/049.2016年12月.txt"",""line"":41},""dataFile"":""data/timeline-events-sui-qianwan-li-ao-wangyi.json""}"
"29318","2016","2016-12-11","2016年12月11日星期日","day","confirmed","李敖发微博谈“它壮大的过程又壮观又壮烈：理想高、教条严，千万人头落地，换到一步登天”","2016年12月11日，李敖在“哈囉李敖”微博发文：它壮大的过程又壮观又壮烈：理想高、教条严，千万人头落地，换到一步登天。不管三七开或七三开，共产党使中国变强，却使人民变弱，在言论自由上，它承袭了旧教条。人民弱不禁风就挡不住美国的歪风，结果软实力煽来，中国无从屏蔽。共产党很壮大，不会望风而逃的；但人民闻风丧胆，先跑了。","李敖","","虽千万人，李敖往矣、哈囉李敖、微博、140字","写作线、媒体线、晚年线","虽千万人，李敖往矣、哈囉李敖","","虽千万人，李敖往矣","049.2016年12月","43","《大李敖全集5.0》（wjm_tcy版）分章节/005.诗集语录类/005.虽千万人，李敖往矣/049.2016年12月.txt","","[]","data/timeline-events-sui-qianwan-li-ao-wangyi.json","sui-qianwan-2016-12-11-daily-weibo","{""id"":""sui-qianwan-2016-12-11-daily-weibo"",""date"":""2016-12-11"",""displayDate"":""2016年12月11日星期日"",""datePrecision"":""day"",""title"":""李敖发微博谈“它壮大的过程又壮观又壮烈：理想高、教条严，千万人头落地，换到一步登天”"",""summary"":""2016年12月11日，李敖在“哈囉李敖”微博发文：它壮大的过程又壮观又壮烈：理想高、教条严，千万人头落地，换到一步登天。不管三七开或七三开，共产党使中国变强，却使人民变弱，在言论自由上，它承袭了旧教条。人民弱不禁风就挡不住美国的歪风，结果软实力煽来，中国无从屏蔽。共产党很壮大，不会望风而逃的；但人民闻风丧胆，先跑了。"",""view"":[""写作线"",""媒体线"",""晚年线""],""tags"":[""虽千万人，李敖往矣"",""哈囉李敖"",""微博"",""140字""],""people"":[""李敖""],""places"":[],""works"":[""虽千万人，李敖往矣"",""哈囉李敖""],""certainty"":""confirmed"",""source"":{""book"":""虽千万人，李敖往矣"",""chapter"":""049.2016年12月"",""path"":""《大李敖全集5.0》（wjm_tcy版）分章节/005.诗集语录类/005.虽千万人，李敖往矣/049.2016年12月.txt"",""line"":43,""lines"":[43,45]},""crossReferences"":[],""round"":""2026-07-11-sui-qianwan-li-ao-wangyi-daily-completion"",""dataFile"":""data/timeline-events-sui-qianwan-li-ao-wangyi.json""}"
"29319","2016","2016-12-12","2016年12月12日星期一","day","confirmed","李敖发微博谈“你听过人格分裂，没听过国格分裂，对不对”","2016年12月12日，李敖在“哈囉李敖”微博发文：你听过人格分裂，没听过国格分裂，对不对？今天要你见识见识：国格分裂是一个国家分两部分，小部分叫“党”，绝大部分叫“中国人”。党欢迎中国人爱国，但轮不到你来参与，你给我走开！党要吃谁，就吃谁；要日谁，就日谁；要禁谁，就禁谁；要秦城谁，就秦城谁，党和中国人长相上下。国格分裂是小意思。","李敖","","虽千万人，李敖往矣、哈囉李敖、微博、140字","写作线、媒体线、晚年线","虽千万人，李敖往矣、哈囉李敖","","虽千万人，李敖往矣","049.2016年12月","47","《大李敖全集5.0》（wjm_tcy版）分章节/005.诗集语录类/005.虽千万人，李敖往矣/049.2016年12月.txt","","[]","data/timeline-events-sui-qianwan-li-ao-wangyi.json","sui-qianwan-2016-12-12-daily-weibo","{""id"":""sui-qianwan-2016-12-12-daily-weibo"",""date"":""2016-12-12"",""displayDate"":""2016年12月12日星期一"",""datePrecision"":""day"",""title"":""李敖发微博谈“你听过人格分裂，没听过国格分裂，对不对”"",""summary"":""2016年12月12日，李敖在“哈囉李敖”微博发文：你听过人格分裂，没听过国格分裂，对不对？今天要你见识见识：国格分裂是一个国家分两部分，小部分叫“党”，绝大部分叫“中国人”。党欢迎中国人爱国，但轮不到你来参与，你给我走开！党要吃谁，就吃谁；要日谁，就日谁；要禁谁，就禁谁；要秦城谁，就秦城谁，党和中国人长相上下。国格分裂是小意思。"",""view"":[""写作线"",""媒体线"",""晚年线""],""tags"":[""虽千万人，李敖往矣"",""哈囉李敖"",""微博"",""140字""],""people"":[""李敖""],""places"":[],""works"":[""虽千万人，李敖往矣"",""哈囉李敖""],""certainty"":""confirmed"",""source"":{""book"":""虽千万人，李敖往矣"",""chapter"":""049.2016年12月"",""path"":""《大李敖全集5.0》（wjm_tcy版）分章节/005.诗集语录类/005.虽千万人，李敖往矣/049.2016年12月.txt"",""line"":47,""lines"":[47,49]},""crossReferences"":[],""round"":""2026-07-11-sui-qianwan-li-ao-wangyi-daily-completion"",""dataFile"":""data/timeline-events-sui-qianwan-li-ao-wangyi.json""}"
"29320","2016","2016-12-13","2016年12月13日星期二","day","confirmed","李敖发微博谈“六十多年来，全世界公然与美帝对着干的，毛泽东和卡斯楚（卡斯特罗）最…”","2016年12月13日，李敖在“哈囉李敖”微博发文：六十多年来，全世界公然与美帝对着干的，毛泽东和卡斯楚（卡斯特罗）最出色。美国无力拔毛于先，却以为可灭楚于后。乃以“獴行动”（Operation Mongoose）作代号，暗杀卡斯楚不绝，但全失手。獴对毒液没免疫力，但它敢面对毒蛇，因为它手脚快：你没咬到我，我已咬到你。这就是共产党啊！共产党！","李敖","","虽千万人，李敖往矣、哈囉李敖、微博、140字","写作线、媒体线、晚年线","虽千万人，李敖往矣、哈囉李敖","","虽千万人，李敖往矣","049.2016年12月","51","《大李敖全集5.0》（wjm_tcy版）分章节/005.诗集语录类/005.虽千万人，李敖往矣/049.2016年12月.txt","","[]","data/timeline-events-sui-qianwan-li-ao-wangyi.json","sui-qianwan-2016-12-13-daily-weibo","{""id"":""sui-qianwan-2016-12-13-daily-weibo"",""date"":""2016-12-13"",""displayDate"":""2016年12月13日星期二"",""datePrecision"":""day"",""title"":""李敖发微博谈“六十多年来，全世界公然与美帝对着干的，毛泽东和卡斯楚（卡斯特罗）最…”"",""summary"":""2016年12月13日，李敖在“哈囉李敖”微博发文：六十多年来，全世界公然与美帝对着干的，毛泽东和卡斯楚（卡斯特罗）最出色。美国无力拔毛于先，却以为可灭楚于后。乃以“獴行动”（Operation Mongoose）作代号，暗杀卡斯楚不绝，但全失手。獴对毒液没免疫力，但它敢面对毒蛇，因为它手脚快：你没咬到我，我已咬到你。这就是共产党啊！共产党！"",""view"":[""写作线"",""媒体线"",""晚年线""],""tags"":[""虽千万人，李敖往矣"",""哈囉李敖"",""微博"",""140字""],""people"":[""李敖""],""places"":[],""works"":[""虽千万人，李敖往矣"",""哈囉李敖""],""certainty"":""confirmed"",""source"":{""book"":""虽千万人，李敖往矣"",""chapter"":""049.2016年12月"",""path"":""《大李敖全集5.0》（wjm_tcy版）分章节/005.诗集语录类/005.虽千万人，李敖往矣/049.2016年12月.txt"",""line"":51,""lines"":[51,53]},""crossReferences"":[],""round"":""2026-07-11-sui-qianwan-li-ao-wangyi-daily-completion"",""dataFile"":""data/timeline-events-sui-qianwan-li-ao-wangyi.json""}"
"29321","2016","2016-12-14","2016年12月14日星期三","day","confirmed","李敖发微博谈“科学家霍金（Hawking）躺在轮椅里盘算：人类只是一颗小星上的小…”","2016年12月14日，李敖在“哈囉李敖”微博发文：科学家霍金（Hawking）躺在轮椅里盘算：人类只是一颗小星上的小生物，小星绕着一颗星系边缘的恒星打转，星系在宇宙中又是1000亿中的一个。结论不是天道无亲、也不是天地不仁，而是上帝忙不过来了，所以造了万物就不管了。要信霍金的怪论吗？上帝色狼化，拔屌不认人，始乱终弃，大屌你好。","李敖","","虽千万人，李敖往矣、哈囉李敖、微博、140字","写作线、媒体线、晚年线","虽千万人，李敖往矣、哈囉李敖","","虽千万人，李敖往矣","049.2016年12月","55","《大李敖全集5.0》（wjm_tcy版）分章节/005.诗集语录类/005.虽千万人，李敖往矣/049.2016年12月.txt","","[]","data/timeline-events-sui-qianwan-li-ao-wangyi.json","sui-qianwan-2016-12-14-daily-weibo","{""id"":""sui-qianwan-2016-12-14-daily-weibo"",""date"":""2016-12-14"",""displayDate"":""2016年12月14日星期三"",""datePrecision"":""day"",""title"":""李敖发微博谈“科学家霍金（Hawking）躺在轮椅里盘算：人类只是一颗小星上的小…”"",""summary"":""2016年12月14日，李敖在“哈囉李敖”微博发文：科学家霍金（Hawking）躺在轮椅里盘算：人类只是一颗小星上的小生物，小星绕着一颗星系边缘的恒星打转，星系在宇宙中又是1000亿中的一个。结论不是天道无亲、也不是天地不仁，而是上帝忙不过来了，所以造了万物就不管了。要信霍金的怪论吗？上帝色狼化，拔屌不认人，始乱终弃，大屌你好。"",""view"":[""写作线"",""媒体线"",""晚年线""],""tags"":[""虽千万人，李敖往矣"",""哈囉李敖"",""微博"",""140字""],""people"":[""李敖""],""places"":[],""works"":[""虽千万人，李敖往矣"",""哈囉李敖""],""certainty"":""confirmed"",""source"":{""book"":""虽千万人，李敖往矣"",""chapter"":""049.2016年12月"",""path"":""《大李敖全集5.0》（wjm_tcy版）分章节/005.诗集语录类/005.虽千万人，李敖往矣/049.2016年12月.txt"",""line"":55,""lines"":[55,57]},""crossReferences"":[],""round"":""2026-07-11-sui-qianwan-li-ao-wangyi-daily-completion"",""dataFile"":""data/timeline-events-sui-qianwan-li-ao-wangyi.json""}"
"29322","2016","2016-12-15","2016年12月15日星期四","day","confirmed","李敖发微博谈“国民党斗争“内斗内行，外斗外行””","2016年12月15日，李敖在“哈囉李敖”微博发文：国民党斗争“内斗内行，外斗外行”。民进党是国民党化身，但青出于蓝，内斗更内行，外斗更外行，台湾人有一种贱骨头，国民党贱不过他。蒋介石死时，外省大员鱼贯鞠躬，台湾大员带队叩头，贱态立判。共产党“内斗内行，外斗也内行”，国民党民进党都非敌手。共产党还会猫哭耗子，你哭不过他。","李敖","","虽千万人，李敖往矣、哈囉李敖、微博、140字","写作线、媒体线、晚年线","虽千万人，李敖往矣、哈囉李敖","","虽千万人，李敖往矣","049.2016年12月","59","《大李敖全集5.0》（wjm_tcy版）分章节/005.诗集语录类/005.虽千万人，李敖往矣/049.2016年12月.txt","","[]","data/timeline-events-sui-qianwan-li-ao-wangyi.json","sui-qianwan-2016-12-15-daily-weibo","{""id"":""sui-qianwan-2016-12-15-daily-weibo"",""date"":""2016-12-15"",""displayDate"":""2016年12月15日星期四"",""datePrecision"":""day"",""title"":""李敖发微博谈“国民党斗争“内斗内行，外斗外行””"",""summary"":""2016年12月15日，李敖在“哈囉李敖”微博发文：国民党斗争“内斗内行，外斗外行”。民进党是国民党化身，但青出于蓝，内斗更内行，外斗更外行，台湾人有一种贱骨头，国民党贱不过他。蒋介石死时，外省大员鱼贯鞠躬，台湾大员带队叩头，贱态立判。共产党“内斗内行，外斗也内行”，国民党民进党都非敌手。共产党还会猫哭耗子，你哭不过他。"",""view"":[""写作线"",""媒体线"",""晚年线""],""tags"":[""虽千万人，李敖往矣"",""哈囉李敖"",""微博"",""140字""],""people"":[""李敖""],""places"":[],""works"":[""虽千万人，李敖往矣"",""哈囉李敖""],""certainty"":""confirmed"",""source"":{""book"":""虽千万人，李敖往矣"",""chapter"":""049.2016年12月"",""path"":""《大李敖全集5.0》（wjm_tcy版）分章节/005.诗集语录类/005.虽千万人，李敖往矣/049.2016年12月.txt"",""line"":59,""lines"":[59,61]},""crossReferences"":[],""round"":""2026-07-11-sui-qianwan-li-ao-wangyi-daily-completion"",""dataFile"":""data/timeline-events-sui-qianwan-li-ao-wangyi.json""}"
"29323","2016","2016-12-16","2016年12月16日星期五","day","confirmed","李敖发微博谈“特朗普当选，象征着粗犷的美国横行”","2016年12月16日，李敖在“哈囉李敖”微博发文：特朗普当选，象征着粗犷的美国横行。早年对待印第安妇女，奸杀后割下大阴唇，装饰在军帽上炫耀。今天，特朗普式粗犷，走的就是这一路线。对台湾政策，只有一条：“先高价卖你武器、再高价卖你。”台湾早晚被美国出卖，这次出卖“太平岛”只是序曲，最后台湾什么都不是，只是两片大阴唇。","李敖","","虽千万人，李敖往矣、哈囉李敖、微博、140字","写作线、媒体线、晚年线","虽千万人，李敖往矣、哈囉李敖","","虽千万人，李敖往矣","049.2016年12月","63","《大李敖全集5.0》（wjm_tcy版）分章节/005.诗集语录类/005.虽千万人，李敖往矣/049.2016年12月.txt","","[]","data/timeline-events-sui-qianwan-li-ao-wangyi.json","sui-qianwan-2016-12-16-daily-weibo","{""id"":""sui-qianwan-2016-12-16-daily-weibo"",""date"":""2016-12-16"",""displayDate"":""2016年12月16日星期五"",""datePrecision"":""day"",""title"":""李敖发微博谈“特朗普当选，象征着粗犷的美国横行”"",""summary"":""2016年12月16日，李敖在“哈囉李敖”微博发文：特朗普当选，象征着粗犷的美国横行。早年对待印第安妇女，奸杀后割下大阴唇，装饰在军帽上炫耀。今天，特朗普式粗犷，走的就是这一路线。对台湾政策，只有一条：“先高价卖你武器、再高价卖你。”台湾早晚被美国出卖，这次出卖“太平岛”只是序曲，最后台湾什么都不是，只是两片大阴唇。"",""view"":[""写作线"",""媒体线"",""晚年线""],""tags"":[""虽千万人，李敖往矣"",""哈囉李敖"",""微博"",""140字""],""people"":[""李敖""],""places"":[],""works"":[""虽千万人，李敖往矣"",""哈囉李敖""],""certainty"":""confirmed"",""source"":{""book"":""虽千万人，李敖往矣"",""chapter"":""049.2016年12月"",""path"":""《大李敖全集5.0》（wjm_tcy版）分章节/005.诗集语录类/005.虽千万人，李敖往矣/049.2016年12月.txt"",""line"":63,""lines"":[63,65]},""crossReferences"":[],""round"":""2026-07-11-sui-qianwan-li-ao-wangyi-daily-completion"",""dataFile"":""data/timeline-events-sui-qianwan-li-ao-wangyi.json""}"
"29324","2016","2016-12-17","2016年12月17日星期六","day","confirmed","李敖发微博谈“蒋介石喊反攻××年，不敢玩真的”","2016年12月17日，李敖在“哈囉李敖”微博发文：蒋介石喊反攻××年，不敢玩真的；民进党喊独立××年，也不敢玩真的。台湾人民被骗了，搞统一吧？可是统一被假左派包办了、被连爷爷买办了、被海协会代办了、被国台办公事公办了。台湾人民得不到明白而立即的有奶的亲娘，反看到经期不调的后妈。看过电影《再见列宁》吗？原来亲娘即后妈。","李敖","","虽千万人，李敖往矣、哈囉李敖、微博、140字","写作线、媒体线、晚年线","虽千万人，李敖往矣、哈囉李敖","","虽千万人，李敖往矣","049.2016年12月","67","《大李敖全集5.0》（wjm_tcy版）分章节/005.诗集语录类/005.虽千万人，李敖往矣/049.2016年12月.txt","","[]","data/timeline-events-sui-qianwan-li-ao-wangyi.json","sui-qianwan-2016-12-17-daily-weibo","{""id"":""sui-qianwan-2016-12-17-daily-weibo"",""date"":""2016-12-17"",""displayDate"":""2016年12月17日星期六"",""datePrecision"":""day"",""title"":""李敖发微博谈“蒋介石喊反攻××年，不敢玩真的”"",""summary"":""2016年12月17日，李敖在“哈囉李敖”微博发文：蒋介石喊反攻××年，不敢玩真的；民进党喊独立××年，也不敢玩真的。台湾人民被骗了，搞统一吧？可是统一被假左派包办了、被连爷爷买办了、被海协会代办了、被国台办公事公办了。台湾人民得不到明白而立即的有奶的亲娘，反看到经期不调的后妈。看过电影《再见列宁》吗？原来亲娘即后妈。"",""view"":[""写作线"",""媒体线"",""晚年线""],""tags"":[""虽千万人，李敖往矣"",""哈囉李敖"",""微博"",""140字""],""people"":[""李敖""],""places"":[],""works"":[""虽千万人，李敖往矣"",""哈囉李敖""],""certainty"":""confirmed"",""source"":{""book"":""虽千万人，李敖往矣"",""chapter"":""049.2016年12月"",""path"":""《大李敖全集5.0》（wjm_tcy版）分章节/005.诗集语录类/005.虽千万人，李敖往矣/049.2016年12月.txt"",""line"":67,""lines"":[67,69]},""crossReferences"":[],""round"":""2026-07-11-sui-qianwan-li-ao-wangyi-daily-completion"",""dataFile"":""data/timeline-events-sui-qianwan-li-ao-wangyi.json""}"
"29325","2016","2016-12-18","2016年12月18日星期日","day","confirmed","李敖发微博谈“喜玛拉雅山主峰珠穆朗玛峰，最早登上的是一名土著和英国登山家马洛里（…”","2016年12月18日，李敖在“哈囉李敖”微博发文：喜玛拉雅山主峰珠穆朗玛峰，最早登上的是一名土著和英国登山家马洛里（G. H. L. Mallory）。问马洛里何故登山？他答说Because it's there.（因为它在那儿）多么倒果为因的答案！为什么反美帝？为什么反小日本？为什么反“中华民国”僵尸？为什么反假共产党专政？哈哈！每条都可倒果为因：因为它在那儿！","李敖","","虽千万人，李敖往矣、哈囉李敖、微博、140字","写作线、媒体线、晚年线","虽千万人，李敖往矣、哈囉李敖","","虽千万人，李敖往矣","049.2016年12月","71","《大李敖全集5.0》（wjm_tcy版）分章节/005.诗集语录类/005.虽千万人，李敖往矣/049.2016年12月.txt","","[]","data/timeline-events-sui-qianwan-li-ao-wangyi.json","sui-qianwan-2016-12-18-daily-weibo","{""id"":""sui-qianwan-2016-12-18-daily-weibo"",""date"":""2016-12-18"",""displayDate"":""2016年12月18日星期日"",""datePrecision"":""day"",""title"":""李敖发微博谈“喜玛拉雅山主峰珠穆朗玛峰，最早登上的是一名土著和英国登山家马洛里（…”"",""summary"":""2016年12月18日，李敖在“哈囉李敖”微博发文：喜玛拉雅山主峰珠穆朗玛峰，最早登上的是一名土著和英国登山家马洛里（G. H. L. Mallory）。问马洛里何故登山？他答说Because it's there.（因为它在那儿）多么倒果为因的答案！为什么反美帝？为什么反小日本？为什么反“中华民国”僵尸？为什么反假共产党专政？哈哈！每条都可倒果为因：因为它在那儿！"",""view"":[""写作线"",""媒体线"",""晚年线""],""tags"":[""虽千万人，李敖往矣"",""哈囉李敖"",""微博"",""140字""],""people"":[""李敖""],""places"":[],""works"":[""虽千万人，李敖往矣"",""哈囉李敖""],""certainty"":""confirmed"",""source"":{""book"":""虽千万人，李敖往矣"",""chapter"":""049.2016年12月"",""path"":""《大李敖全集5.0》（wjm_tcy版）分章节/005.诗集语录类/005.虽千万人，李敖往矣/049.2016年12月.txt"",""line"":71,""lines"":[71,73]},""crossReferences"":[],""round"":""2026-07-11-sui-qianwan-li-ao-wangyi-daily-completion"",""dataFile"":""data/timeline-events-sui-qianwan-li-ao-wangyi.json""}"
"29326","2016","2016-12-19","2016年12月19日星期一","day","confirmed","李敖发微博谈“喜欢看芭蕾，但看到跳芭蕾的女星个个牺牲了腿的美丽，又觉得太不相称”","2016年12月19日，李敖在“哈囉李敖”微博发文：喜欢看芭蕾，但看到跳芭蕾的女星个个牺牲了腿的美丽，又觉得太不相称。凯因斯（Keynes）对经济学内行，但对他芭蕾舞星太太路帕可娃（Lopakova）的大腿却显然外行。我的看法最后错误了，因我不幸看到日本人吉田都（糖梅仙子Miyako Yoshida）的The Nutcracker（胡桃钳）DVD，日本人的腿呀！","李敖","","虽千万人，李敖往矣、哈囉李敖、微博、140字","写作线、媒体线、晚年线","虽千万人，李敖往矣、哈囉李敖","","虽千万人，李敖往矣","049.2016年12月","75","《大李敖全集5.0》（wjm_tcy版）分章节/005.诗集语录类/005.虽千万人，李敖往矣/049.2016年12月.txt","","[]","data/timeline-events-sui-qianwan-li-ao-wangyi.json","sui-qianwan-2016-12-19-daily-weibo","{""id"":""sui-qianwan-2016-12-19-daily-weibo"",""date"":""2016-12-19"",""displayDate"":""2016年12月19日星期一"",""datePrecision"":""day"",""title"":""李敖发微博谈“喜欢看芭蕾，但看到跳芭蕾的女星个个牺牲了腿的美丽，又觉得太不相称”"",""summary"":""2016年12月19日，李敖在“哈囉李敖”微博发文：喜欢看芭蕾，但看到跳芭蕾的女星个个牺牲了腿的美丽，又觉得太不相称。凯因斯（Keynes）对经济学内行，但对他芭蕾舞星太太路帕可娃（Lopakova）的大腿却显然外行。我的看法最后错误了，因我不幸看到日本人吉田都（糖梅仙子Miyako Yoshida）的The Nutcracker（胡桃钳）DVD，日本人的腿呀！"",""view"":[""写作线"",""媒体线"",""晚年线""],""tags"":[""虽千万人，李敖往矣"",""哈囉李敖"",""微博"",""140字""],""people"":[""李敖""],""places"":[],""works"":[""虽千万人，李敖往矣"",""哈囉李敖""],""certainty"":""confirmed"",""source"":{""book"":""虽千万人，李敖往矣"",""chapter"":""049.2016年12月"",""path"":""《大李敖全集5.0》（wjm_tcy版）分章节/005.诗集语录类/005.虽千万人，李敖往矣/049.2016年12月.txt"",""line"":75,""lines"":[75,77]},""crossReferences"":[],""round"":""2026-07-11-sui-qianwan-li-ao-wangyi-daily-completion"",""dataFile"":""data/timeline-events-sui-qianwan-li-ao-wangyi.json""}"
"29327","2016","2016-12-20","2016年12月20日星期二","day","confirmed","李敖发微博谈“一中政策 美国与台湾断交后，一直奉行一个中国政策”","2016年12月20日，李敖在“哈囉李敖”微博发文：一中政策 美国与台湾断交后，一直奉行一个中国政策。最近特朗普上台，谣言纷飞，说有改变。我大笑：有个屁改变！台湾太小了，只是根小鸡巴，并且是屁眼被搞时多余出来的小鸡巴，它没有做筹码的条件，却有被出卖的长相。特朗普是美国总统中最铜臭的，最可能先卖小鸡巴，拥屄自重的台湾呀，不知死在眼前。","李敖","","虽千万人，李敖往矣、哈囉李敖、微博、140字","写作线、媒体线、晚年线","虽千万人，李敖往矣、哈囉李敖","","虽千万人，李敖往矣","049.2016年12月","79","《大李敖全集5.0》（wjm_tcy版）分章节/005.诗集语录类/005.虽千万人，李敖往矣/049.2016年12月.txt","","[]","data/timeline-events-sui-qianwan-li-ao-wangyi.json","sui-qianwan-2016-12-20-daily-weibo","{""id"":""sui-qianwan-2016-12-20-daily-weibo"",""date"":""2016-12-20"",""displayDate"":""2016年12月20日星期二"",""datePrecision"":""day"",""title"":""李敖发微博谈“一中政策 美国与台湾断交后，一直奉行一个中国政策”"",""summary"":""2016年12月20日，李敖在“哈囉李敖”微博发文：一中政策 美国与台湾断交后，一直奉行一个中国政策。最近特朗普上台，谣言纷飞，说有改变。我大笑：有个屁改变！台湾太小了，只是根小鸡巴，并且是屁眼被搞时多余出来的小鸡巴，它没有做筹码的条件，却有被出卖的长相。特朗普是美国总统中最铜臭的，最可能先卖小鸡巴，拥屄自重的台湾呀，不知死在眼前。"",""view"":[""写作线"",""媒体线"",""晚年线""],""tags"":[""虽千万人，李敖往矣"",""哈囉李敖"",""微博"",""140字""],""people"":[""李敖""],""places"":[],""works"":[""虽千万人，李敖往矣"",""哈囉李敖""],""certainty"":""confirmed"",""source"":{""book"":""虽千万人，李敖往矣"",""chapter"":""049.2016年12月"",""path"":""《大李敖全集5.0》（wjm_tcy版）分章节/005.诗集语录类/005.虽千万人，李敖往矣/049.2016年12月.txt"",""line"":79,""lines"":[79,81,83]},""crossReferences"":[],""round"":""2026-07-11-sui-qianwan-li-ao-wangyi-daily-completion"",""dataFile"":""data/timeline-events-sui-qianwan-li-ao-wangyi.json""}"
"29328","2016","2016-12-21","2016年12月21日星期三","day","confirmed","李敖发微博谈“美国地下大使卜睿哲（Richard Bush）写公开信给特朗普，说…”","2016年12月21日，李敖在“哈囉李敖”微博发文：美国地下大使卜睿哲（Richard Bush）写公开信给特朗普，说你理解一中政策，但你可能没听到国务院的简报。卜睿哲所谓的简报，就是建交时双方做的承诺。承诺一如婚约，婚约不会明列男不偷吃女不养汉，但不遵守这种隐含的（implied）约束，共产党就翻脸啦。一翻脸花样多得很，谁不会耍流氓呢？","李敖","","虽千万人，李敖往矣、哈囉李敖、微博、140字","写作线、媒体线、晚年线","虽千万人，李敖往矣、哈囉李敖","","虽千万人，李敖往矣","049.2016年12月","85","《大李敖全集5.0》（wjm_tcy版）分章节/005.诗集语录类/005.虽千万人，李敖往矣/049.2016年12月.txt","","[]","data/timeline-events-sui-qianwan-li-ao-wangyi.json","sui-qianwan-2016-12-21-daily-weibo","{""id"":""sui-qianwan-2016-12-21-daily-weibo"",""date"":""2016-12-21"",""displayDate"":""2016年12月21日星期三"",""datePrecision"":""day"",""title"":""李敖发微博谈“美国地下大使卜睿哲（Richard Bush）写公开信给特朗普，说…”"",""summary"":""2016年12月21日，李敖在“哈囉李敖”微博发文：美国地下大使卜睿哲（Richard Bush）写公开信给特朗普，说你理解一中政策，但你可能没听到国务院的简报。卜睿哲所谓的简报，就是建交时双方做的承诺。承诺一如婚约，婚约不会明列男不偷吃女不养汉，但不遵守这种隐含的（implied）约束，共产党就翻脸啦。一翻脸花样多得很，谁不会耍流氓呢？"",""view"":[""写作线"",""媒体线"",""晚年线""],""tags"":[""虽千万人，李敖往矣"",""哈囉李敖"",""微博"",""140字""],""people"":[""李敖""],""places"":[],""works"":[""虽千万人，李敖往矣"",""哈囉李敖""],""certainty"":""confirmed"",""source"":{""book"":""虽千万人，李敖往矣"",""chapter"":""049.2016年12月"",""path"":""《大李敖全集5.0》（wjm_tcy版）分章节/005.诗集语录类/005.虽千万人，李敖往矣/049.2016年12月.txt"",""line"":85,""lines"":[85,87]},""crossReferences"":[],""round"":""2026-07-11-sui-qianwan-li-ao-wangyi-daily-completion"",""dataFile"":""data/timeline-events-sui-qianwan-li-ao-wangyi.json""}"
"29329","2016","2016-12-22","2016年12月22日星期四","day","confirmed","臧英年主持中央电视英语评论，来电问李敖对港澳的意见","《2016年12月》写，老友臧英年主持中央电视英语评论，电话询问李敖对港澳的意见。李敖答澳门人比香港人聪明，香港人又比台湾人“笨得快”，并由此继续评论香港、台湾与美国的关系。","李敖、臧英年","台湾、澳门、香港","臧英年、中央电视英语评论、港澳、电话","交游线、媒体线、晚年线","虽千万人，李敖往矣","","虽千万人，李敖往矣","049.2016年12月","91","《大李敖全集5.0》（wjm_tcy版）分章节/005.诗集语录类/005.虽千万人，李敖往矣/049.2016年12月.txt","","[]","data/timeline-events-sui-qianwan-li-ao-wangyi.json","sui-qianwan-2016-12-22-zang-yingnian-calls-about-hong-kong-and-macau","{""id"":""sui-qianwan-2016-12-22-zang-yingnian-calls-about-hong-kong-and-macau"",""date"":""2016-12-22"",""displayDate"":""2016年12月22日星期四"",""datePrecision"":""day"",""title"":""臧英年主持中央电视英语评论，来电问李敖对港澳的意见"",""summary"":""《2016年12月》写，老友臧英年主持中央电视英语评论，电话询问李敖对港澳的意见。李敖答澳门人比香港人聪明，香港人又比台湾人“笨得快”，并由此继续评论香港、台湾与美国的关系。"",""view"":[""交游线"",""媒体线"",""晚年线""],""tags"":[""臧英年"",""中央电视英语评论"",""港澳"",""电话""],""people"":[""李敖"",""臧英年""],""places"":[""台湾"",""澳门"",""香港""],""works"":[""虽千万人，李敖往矣""],""certainty"":""confirmed"",""source"":{""book"":""虽千万人，李敖往矣"",""chapter"":""049.2016年12月"",""path"":""《大李敖全集5.0》（wjm_tcy版）分章节/005.诗集语录类/005.虽千万人，李敖往矣/049.2016年12月.txt"",""line"":91},""dataFile"":""data/timeline-events-sui-qianwan-li-ao-wangyi.json""}"
"29330","2016","2016-12-23","2016年12月23日星期五","day","confirmed","李敖发微博谈“是谁”","2016年12月23日，李敖在“哈囉李敖”微博发文：是谁？第一个用军舰炮打中国台湾？是1867的美国。是谁？第一个帮日本制造“牡丹社事件”害中国台湾？是1874的美国。是谁？帮日本压迫中国放弃台湾？是1895的美国。是谁？八国联军第一个打进中国北京紫禁城？是1900的美国。是谁？第一个用飞机炸台湾？是1945的美国。美国是我们朋友吗？","李敖","","虽千万人，李敖往矣、哈囉李敖、微博、140字","写作线、媒体线、晚年线","虽千万人，李敖往矣、哈囉李敖","","虽千万人，李敖往矣","049.2016年12月","93","《大李敖全集5.0》（wjm_tcy版）分章节/005.诗集语录类/005.虽千万人，李敖往矣/049.2016年12月.txt","","[]","data/timeline-events-sui-qianwan-li-ao-wangyi.json","sui-qianwan-2016-12-23-daily-weibo","{""id"":""sui-qianwan-2016-12-23-daily-weibo"",""date"":""2016-12-23"",""displayDate"":""2016年12月23日星期五"",""datePrecision"":""day"",""title"":""李敖发微博谈“是谁”"",""summary"":""2016年12月23日，李敖在“哈囉李敖”微博发文：是谁？第一个用军舰炮打中国台湾？是1867的美国。是谁？第一个帮日本制造“牡丹社事件”害中国台湾？是1874的美国。是谁？帮日本压迫中国放弃台湾？是1895的美国。是谁？八国联军第一个打进中国北京紫禁城？是1900的美国。是谁？第一个用飞机炸台湾？是1945的美国。美国是我们朋友吗？"",""view"":[""写作线"",""媒体线"",""晚年线""],""tags"":[""虽千万人，李敖往矣"",""哈囉李敖"",""微博"",""140字""],""people"":[""李敖""],""places"":[],""works"":[""虽千万人，李敖往矣"",""哈囉李敖""],""certainty"":""confirmed"",""source"":{""book"":""虽千万人，李敖往矣"",""chapter"":""049.2016年12月"",""path"":""《大李敖全集5.0》（wjm_tcy版）分章节/005.诗集语录类/005.虽千万人，李敖往矣/049.2016年12月.txt"",""line"":93,""lines"":[93,95]},""crossReferences"":[],""round"":""2026-07-11-sui-qianwan-li-ao-wangyi-daily-completion"",""dataFile"":""data/timeline-events-sui-qianwan-li-ao-wangyi.json""}"
"29331","2016","2016-12-24","2016年12月24日星期六","day","confirmed","李敖发微博谈“千百年来人类追求的伟大梦想，最动人心弦的是“民主””","2016年12月24日，李敖在“哈囉李敖”微博发文：千百年来人类追求的伟大梦想，最动人心弦的是“民主”。但在最后，由苏联式民主到英美式民主，使人类觉悟到：好梦方酣就是噩梦初醒，民主原来是骗局！民主只是为掌权者作伥、为既得者作嫁、为共产世界和资本世界做蚂蚁雄兵。于是，人民反了！人民利用民主程序搅乱了这个世界，肏他妈的民主！","李敖","","虽千万人，李敖往矣、哈囉李敖、微博、140字","写作线、媒体线、晚年线","虽千万人，李敖往矣、哈囉李敖","","虽千万人，李敖往矣","049.2016年12月","97","《大李敖全集5.0》（wjm_tcy版）分章节/005.诗集语录类/005.虽千万人，李敖往矣/049.2016年12月.txt","","[]","data/timeline-events-sui-qianwan-li-ao-wangyi.json","sui-qianwan-2016-12-24-daily-weibo","{""id"":""sui-qianwan-2016-12-24-daily-weibo"",""date"":""2016-12-24"",""displayDate"":""2016年12月24日星期六"",""datePrecision"":""day"",""title"":""李敖发微博谈“千百年来人类追求的伟大梦想，最动人心弦的是“民主””"",""summary"":""2016年12月24日，李敖在“哈囉李敖”微博发文：千百年来人类追求的伟大梦想，最动人心弦的是“民主”。但在最后，由苏联式民主到英美式民主，使人类觉悟到：好梦方酣就是噩梦初醒，民主原来是骗局！民主只是为掌权者作伥、为既得者作嫁、为共产世界和资本世界做蚂蚁雄兵。于是，人民反了！人民利用民主程序搅乱了这个世界，肏他妈的民主！"",""view"":[""写作线"",""媒体线"",""晚年线""],""tags"":[""虽千万人，李敖往矣"",""哈囉李敖"",""微博"",""140字""],""people"":[""李敖""],""places"":[],""works"":[""虽千万人，李敖往矣"",""哈囉李敖""],""certainty"":""confirmed"",""source"":{""book"":""虽千万人，李敖往矣"",""chapter"":""049.2016年12月"",""path"":""《大李敖全集5.0》（wjm_tcy版）分章节/005.诗集语录类/005.虽千万人，李敖往矣/049.2016年12月.txt"",""line"":97,""lines"":[97,99]},""crossReferences"":[],""round"":""2026-07-11-sui-qianwan-li-ao-wangyi-daily-completion"",""dataFile"":""data/timeline-events-sui-qianwan-li-ao-wangyi.json""}"
"29332","2016","2016-12-25","2016年12月25日星期日","day","confirmed","李敖发微博谈“现代人呀多么机灵”","2016年12月25日，李敖在“哈囉李敖”微博发文：现代人呀多么机灵！胆小心细，很容易被统治、很容易“立正站好！”仓鼠偷生、肥猫宿饱，所有的生存花样他们都会、都会很快的学会，但他们不要革命，革命是一种落了伍的人生观。革命的成功要靠革命情谊，但革命情谊最后一定被偷走，一切果实都是一宗窃案。不要革命了吧？现代人呀要反革命！","李敖","","虽千万人，李敖往矣、哈囉李敖、微博、140字","写作线、媒体线、晚年线","虽千万人，李敖往矣、哈囉李敖","","虽千万人，李敖往矣","049.2016年12月","101","《大李敖全集5.0》（wjm_tcy版）分章节/005.诗集语录类/005.虽千万人，李敖往矣/049.2016年12月.txt","","[]","data/timeline-events-sui-qianwan-li-ao-wangyi.json","sui-qianwan-2016-12-25-daily-weibo","{""id"":""sui-qianwan-2016-12-25-daily-weibo"",""date"":""2016-12-25"",""displayDate"":""2016年12月25日星期日"",""datePrecision"":""day"",""title"":""李敖发微博谈“现代人呀多么机灵”"",""summary"":""2016年12月25日，李敖在“哈囉李敖”微博发文：现代人呀多么机灵！胆小心细，很容易被统治、很容易“立正站好！”仓鼠偷生、肥猫宿饱，所有的生存花样他们都会、都会很快的学会，但他们不要革命，革命是一种落了伍的人生观。革命的成功要靠革命情谊，但革命情谊最后一定被偷走，一切果实都是一宗窃案。不要革命了吧？现代人呀要反革命！"",""view"":[""写作线"",""媒体线"",""晚年线""],""tags"":[""虽千万人，李敖往矣"",""哈囉李敖"",""微博"",""140字""],""people"":[""李敖""],""places"":[],""works"":[""虽千万人，李敖往矣"",""哈囉李敖""],""certainty"":""confirmed"",""source"":{""book"":""虽千万人，李敖往矣"",""chapter"":""049.2016年12月"",""path"":""《大李敖全集5.0》（wjm_tcy版）分章节/005.诗集语录类/005.虽千万人，李敖往矣/049.2016年12月.txt"",""line"":101,""lines"":[101,103]},""crossReferences"":[],""round"":""2026-07-11-sui-qianwan-li-ao-wangyi-daily-completion"",""dataFile"":""data/timeline-events-sui-qianwan-li-ao-wangyi.json""}"
"29333","2016","2016-12-26","2016年12月26日星期一","day","confirmed","李敖发微博谈“满门寡妇，无法接班”","2016年12月26日，李敖在“哈囉李敖”微博发文：满门寡妇，无法接班。最后窜出两批余孽：一批是国民党遗孤、一批是民进党贱种，打着伪国号，以美国为靠山，献屄又献屁股。按说祖国强大了，理应吸引台湾回向，但共产党不讨人喜欢，又自以为对台政策正确，因此屄和屁股都跑了。要检讨呀！ 蒋氏父子本意家天下，但儿孙或心中有鬼或尿中有糖，留下满门寡妇，无法接班。最后窜出两批余孽：一批是国民党遗孤、一批是民进党贱种，打着伪国号，以美国为靠山，献屄又献屁股。按说祖国强大了，理应吸引台湾回向，但共产党不讨人喜欢，又自以为对台政策正确，因此屄和屁股都跑了。要检讨呀！","李敖","","虽千万人，李敖往矣、哈囉李敖、微博、140字","写作线、媒体线、晚年线","虽千万人，李敖往矣、哈囉李敖","","虽千万人，李敖往矣","049.2016年12月","105","《大李敖全集5.0》（wjm_tcy版）分章节/005.诗集语录类/005.虽千万人，李敖往矣/049.2016年12月.txt","","[]","data/timeline-events-sui-qianwan-li-ao-wangyi.json","sui-qianwan-2016-12-26-daily-weibo","{""id"":""sui-qianwan-2016-12-26-daily-weibo"",""date"":""2016-12-26"",""displayDate"":""2016年12月26日星期一"",""datePrecision"":""day"",""title"":""李敖发微博谈“满门寡妇，无法接班”"",""summary"":""2016年12月26日，李敖在“哈囉李敖”微博发文：满门寡妇，无法接班。最后窜出两批余孽：一批是国民党遗孤、一批是民进党贱种，打着伪国号，以美国为靠山，献屄又献屁股。按说祖国强大了，理应吸引台湾回向，但共产党不讨人喜欢，又自以为对台政策正确，因此屄和屁股都跑了。要检讨呀！ 蒋氏父子本意家天下，但儿孙或心中有鬼或尿中有糖，留下满门寡妇，无法接班。最后窜出两批余孽：一批是国民党遗孤、一批是民进党贱种，打着伪国号，以美国为靠山，献屄又献屁股。按说祖国强大了，理应吸引台湾回向，但共产党不讨人喜欢，又自以为对台政策正确，因此屄和屁股都跑了。要检讨呀！"",""view"":[""写作线"",""媒体线"",""晚年线""],""tags"":[""虽千万人，李敖往矣"",""哈囉李敖"",""微博"",""140字""],""people"":[""李敖""],""places"":[],""works"":[""虽千万人，李敖往矣"",""哈囉李敖""],""certainty"":""confirmed"",""source"":{""book"":""虽千万人，李敖往矣"",""chapter"":""049.2016年12月"",""path"":""《大李敖全集5.0》（wjm_tcy版）分章节/005.诗集语录类/005.虽千万人，李敖往矣/049.2016年12月.txt"",""line"":105,""lines"":[105,107,109]},""crossReferences"":[],""round"":""2026-07-11-sui-qianwan-li-ao-wangyi-daily-completion"",""dataFile"":""data/timeline-events-sui-qianwan-li-ao-wangyi.json""}"
"29334","2016","2016-12-27","2016年12月27日星期二","day","confirmed","李敖发微博谈“《三国志》里描写穷兵黩武的结果是：“寇不为衰，而我已大病矣”","2016年12月27日，李敖在“哈囉李敖”微博发文：《三国志》里描写穷兵黩武的结果是：“寇不为衰，而我已大病矣。”（敌人并不因你而完蛋，你自己倒完蛋了。）美国核武世界第一，但陷入军工勾结不能自拔，养敌自重，债台高筑。特朗普又要跟俄国比划了，俄国吃过亏，再也不干这种笨事了。美俄核武坐拥世界95%，还要杠上开花，神经病呀！","李敖","","虽千万人，李敖往矣、哈囉李敖、微博、140字","写作线、媒体线、晚年线","虽千万人，李敖往矣、哈囉李敖","","虽千万人，李敖往矣","049.2016年12月","111","《大李敖全集5.0》（wjm_tcy版）分章节/005.诗集语录类/005.虽千万人，李敖往矣/049.2016年12月.txt","","[]","data/timeline-events-sui-qianwan-li-ao-wangyi.json","sui-qianwan-2016-12-27-daily-weibo","{""id"":""sui-qianwan-2016-12-27-daily-weibo"",""date"":""2016-12-27"",""displayDate"":""2016年12月27日星期二"",""datePrecision"":""day"",""title"":""李敖发微博谈“《三国志》里描写穷兵黩武的结果是：“寇不为衰，而我已大病矣”"",""summary"":""2016年12月27日，李敖在“哈囉李敖”微博发文：《三国志》里描写穷兵黩武的结果是：“寇不为衰，而我已大病矣。”（敌人并不因你而完蛋，你自己倒完蛋了。）美国核武世界第一，但陷入军工勾结不能自拔，养敌自重，债台高筑。特朗普又要跟俄国比划了，俄国吃过亏，再也不干这种笨事了。美俄核武坐拥世界95%，还要杠上开花，神经病呀！"",""view"":[""写作线"",""媒体线"",""晚年线""],""tags"":[""虽千万人，李敖往矣"",""哈囉李敖"",""微博"",""140字""],""people"":[""李敖""],""places"":[],""works"":[""虽千万人，李敖往矣"",""哈囉李敖""],""certainty"":""confirmed"",""source"":{""book"":""虽千万人，李敖往矣"",""chapter"":""049.2016年12月"",""path"":""《大李敖全集5.0》（wjm_tcy版）分章节/005.诗集语录类/005.虽千万人，李敖往矣/049.2016年12月.txt"",""line"":111,""lines"":[111,113]},""crossReferences"":[],""round"":""2026-07-11-sui-qianwan-li-ao-wangyi-daily-completion"",""dataFile"":""data/timeline-events-sui-qianwan-li-ao-wangyi.json""}"
"29335","2016","2016-12-28","2016年12月28日星期三","day","confirmed","李敖发微博谈“领袖平常人模人样，情绪失控时就原形毕露”","2016年12月28日，李敖在“哈囉李敖”微博发文：领袖平常人模人样，情绪失控时就原形毕露。孙中山所求不遂，会当众以头撞墙；蒋介石不满之下，会打人耳光。他常常以“手不打人”自勉，但常常犯戒，只好“自记大过一次”聊以自罚。毛泽东头不撞墙、手不打人，但会摆出双拳做“老子要揍你”嘴脸，足以吓人。总之领袖天威起来，也丑态毕露。","李敖","","虽千万人，李敖往矣、哈囉李敖、微博、140字","写作线、媒体线、晚年线","虽千万人，李敖往矣、哈囉李敖","","虽千万人，李敖往矣","049.2016年12月","115","《大李敖全集5.0》（wjm_tcy版）分章节/005.诗集语录类/005.虽千万人，李敖往矣/049.2016年12月.txt","","[]","data/timeline-events-sui-qianwan-li-ao-wangyi.json","sui-qianwan-2016-12-28-daily-weibo","{""id"":""sui-qianwan-2016-12-28-daily-weibo"",""date"":""2016-12-28"",""displayDate"":""2016年12月28日星期三"",""datePrecision"":""day"",""title"":""李敖发微博谈“领袖平常人模人样，情绪失控时就原形毕露”"",""summary"":""2016年12月28日，李敖在“哈囉李敖”微博发文：领袖平常人模人样，情绪失控时就原形毕露。孙中山所求不遂，会当众以头撞墙；蒋介石不满之下，会打人耳光。他常常以“手不打人”自勉，但常常犯戒，只好“自记大过一次”聊以自罚。毛泽东头不撞墙、手不打人，但会摆出双拳做“老子要揍你”嘴脸，足以吓人。总之领袖天威起来，也丑态毕露。"",""view"":[""写作线"",""媒体线"",""晚年线""],""tags"":[""虽千万人，李敖往矣"",""哈囉李敖"",""微博"",""140字""],""people"":[""李敖""],""places"":[],""works"":[""虽千万人，李敖往矣"",""哈囉李敖""],""certainty"":""confirmed"",""source"":{""book"":""虽千万人，李敖往矣"",""chapter"":""049.2016年12月"",""path"":""《大李敖全集5.0》（wjm_tcy版）分章节/005.诗集语录类/005.虽千万人，李敖往矣/049.2016年12月.txt"",""line"":115,""lines"":[115,117]},""crossReferences"":[],""round"":""2026-07-11-sui-qianwan-li-ao-wangyi-daily-completion"",""dataFile"":""data/timeline-events-sui-qianwan-li-ao-wangyi.json""}"
"29336","2016","2016-12-29","2016年12月29日星期四","day","confirmed","李敖发微博谈“枷锁是古来的刑具，包含木枷和铁锁”","2016年12月29日，李敖在“哈囉李敖”微博发文：枷锁是古来的刑具，包含木枷和铁锁。现代人花样翻新，整人无需这么笨了，但在精神上，却古为今用，枷锁不绝。教条政党最多枷锁，两岸水火同源，大家各为其主、颠倒黑白。两岸通后，多戴了学术交流面目，其实是枷上加枷、锁上加锁。大家不敢抛弃教条说真话，回头不是岸，前头难道是吗？","李敖","","虽千万人，李敖往矣、哈囉李敖、微博、140字","写作线、媒体线、晚年线","虽千万人，李敖往矣、哈囉李敖","","虽千万人，李敖往矣","049.2016年12月","119","《大李敖全集5.0》（wjm_tcy版）分章节/005.诗集语录类/005.虽千万人，李敖往矣/049.2016年12月.txt","","[]","data/timeline-events-sui-qianwan-li-ao-wangyi.json","sui-qianwan-2016-12-29-daily-weibo","{""id"":""sui-qianwan-2016-12-29-daily-weibo"",""date"":""2016-12-29"",""displayDate"":""2016年12月29日星期四"",""datePrecision"":""day"",""title"":""李敖发微博谈“枷锁是古来的刑具，包含木枷和铁锁”"",""summary"":""2016年12月29日，李敖在“哈囉李敖”微博发文：枷锁是古来的刑具，包含木枷和铁锁。现代人花样翻新，整人无需这么笨了，但在精神上，却古为今用，枷锁不绝。教条政党最多枷锁，两岸水火同源，大家各为其主、颠倒黑白。两岸通后，多戴了学术交流面目，其实是枷上加枷、锁上加锁。大家不敢抛弃教条说真话，回头不是岸，前头难道是吗？"",""view"":[""写作线"",""媒体线"",""晚年线""],""tags"":[""虽千万人，李敖往矣"",""哈囉李敖"",""微博"",""140字""],""people"":[""李敖""],""places"":[],""works"":[""虽千万人，李敖往矣"",""哈囉李敖""],""certainty"":""confirmed"",""source"":{""book"":""虽千万人，李敖往矣"",""chapter"":""049.2016年12月"",""path"":""《大李敖全集5.0》（wjm_tcy版）分章节/005.诗集语录类/005.虽千万人，李敖往矣/049.2016年12月.txt"",""line"":119,""lines"":[119,121]},""crossReferences"":[],""round"":""2026-07-11-sui-qianwan-li-ao-wangyi-daily-completion"",""dataFile"":""data/timeline-events-sui-qianwan-li-ao-wangyi.json""}"
"29337","2016","2016-12-30","2016年12月30日星期五","day","confirmed","李敖发微博谈“400年前来台的汉族是穷人、是流民、是罗汉脚，谈不上文化水平”","2016年12月30日，李敖在“哈囉李敖”微博发文：400年前来台的汉族是穷人、是流民、是罗汉脚，谈不上文化水平。从清朝到日本，知识分子被扭曲了。49起国民党瓮中捉鳖，知识分子更形扭曲，特色是一群混蛋，软骨而错乱，人格智慧，两无可取。今天的知识分子，大率类此。大陆的则是另一种扭曲错乱，虽然混蛋，但有朝气，此中国之大幸乎？","李敖","","虽千万人，李敖往矣、哈囉李敖、微博、140字","写作线、媒体线、晚年线","虽千万人，李敖往矣、哈囉李敖","","虽千万人，李敖往矣","049.2016年12月","123","《大李敖全集5.0》（wjm_tcy版）分章节/005.诗集语录类/005.虽千万人，李敖往矣/049.2016年12月.txt","","[]","data/timeline-events-sui-qianwan-li-ao-wangyi.json","sui-qianwan-2016-12-30-daily-weibo","{""id"":""sui-qianwan-2016-12-30-daily-weibo"",""date"":""2016-12-30"",""displayDate"":""2016年12月30日星期五"",""datePrecision"":""day"",""title"":""李敖发微博谈“400年前来台的汉族是穷人、是流民、是罗汉脚，谈不上文化水平”"",""summary"":""2016年12月30日，李敖在“哈囉李敖”微博发文：400年前来台的汉族是穷人、是流民、是罗汉脚，谈不上文化水平。从清朝到日本，知识分子被扭曲了。49起国民党瓮中捉鳖，知识分子更形扭曲，特色是一群混蛋，软骨而错乱，人格智慧，两无可取。今天的知识分子，大率类此。大陆的则是另一种扭曲错乱，虽然混蛋，但有朝气，此中国之大幸乎？"",""view"":[""写作线"",""媒体线"",""晚年线""],""tags"":[""虽千万人，李敖往矣"",""哈囉李敖"",""微博"",""140字""],""people"":[""李敖""],""places"":[],""works"":[""虽千万人，李敖往矣"",""哈囉李敖""],""certainty"":""confirmed"",""source"":{""book"":""虽千万人，李敖往矣"",""chapter"":""049.2016年12月"",""path"":""《大李敖全集5.0》（wjm_tcy版）分章节/005.诗集语录类/005.虽千万人，李敖往矣/049.2016年12月.txt"",""line"":123,""lines"":[123,125]},""crossReferences"":[],""round"":""2026-07-11-sui-qianwan-li-ao-wangyi-daily-completion"",""dataFile"":""data/timeline-events-sui-qianwan-li-ao-wangyi.json""}"
"29338","2016","2016-12-31","2016年12月31日星期六","day","confirmed","李敖发微博谈“古人“君子不党”，因为知道党不是好玩的”","2016年12月31日，李敖在“哈囉李敖”微博发文：古人“君子不党”，因为知道党不是好玩的。后来有了黑社会，组织严密、目标猥琐。再后来出现政党，苏联式拔得头筹，于是党变成既道德又恐怖的组织，从“狐群狗党”变“狼群狗党”，弄得人人自危。狼比狐恐怖在狼会吃自己人。难怪史家只剩董狐了，董狼被吃掉了。但董狐也改名了，他叫董恩来。","李敖","","虽千万人，李敖往矣、哈囉李敖、微博、140字","写作线、媒体线、晚年线","虽千万人，李敖往矣、哈囉李敖","","虽千万人，李敖往矣","049.2016年12月","127","《大李敖全集5.0》（wjm_tcy版）分章节/005.诗集语录类/005.虽千万人，李敖往矣/049.2016年12月.txt","","[]","data/timeline-events-sui-qianwan-li-ao-wangyi.json","sui-qianwan-2016-12-31-daily-weibo","{""id"":""sui-qianwan-2016-12-31-daily-weibo"",""date"":""2016-12-31"",""displayDate"":""2016年12月31日星期六"",""datePrecision"":""day"",""title"":""李敖发微博谈“古人“君子不党”，因为知道党不是好玩的”"",""summary"":""2016年12月31日，李敖在“哈囉李敖”微博发文：古人“君子不党”，因为知道党不是好玩的。后来有了黑社会，组织严密、目标猥琐。再后来出现政党，苏联式拔得头筹，于是党变成既道德又恐怖的组织，从“狐群狗党”变“狼群狗党”，弄得人人自危。狼比狐恐怖在狼会吃自己人。难怪史家只剩董狐了，董狼被吃掉了。但董狐也改名了，他叫董恩来。"",""view"":[""写作线"",""媒体线"",""晚年线""],""tags"":[""虽千万人，李敖往矣"",""哈囉李敖"",""微博"",""140字""],""people"":[""李敖""],""places"":[],""works"":[""虽千万人，李敖往矣"",""哈囉李敖""],""certainty"":""confirmed"",""source"":{""book"":""虽千万人，李敖往矣"",""chapter"":""049.2016年12月"",""path"":""《大李敖全集5.0》（wjm_tcy版）分章节/005.诗集语录类/005.虽千万人，李敖往矣/049.2016年12月.txt"",""line"":127,""lines"":[127,129]},""crossReferences"":[],""round"":""2026-07-11-sui-qianwan-li-ao-wangyi-daily-completion"",""dataFile"":""data/timeline-events-sui-qianwan-li-ao-wangyi.json""}"
"29339","2017","2017-01-01","2017年1月1日星期日","day","confirmed","李敖发微博谈“两岸的“历史家”集体上了一个大当，就是蒋介石日记出现了、读过了、看…”","2017年1月1日，李敖在“哈囉李敖”微博发文：两岸的“历史家”集体上了一个大当，就是蒋介石日记出现了、读过了、看错了。因为你不会看门道，所以你不会看膏药。日记有大量的言行不一：一方面打人耳光、一方面读宋明学案。检讨后又打人耳光，又读宋明学案，周而复始，年复一年。蒋介石一生改不了他的坏脾气，你却以为他改了，你是笨蛋。","李敖","","虽千万人，李敖往矣、哈囉李敖、微博、140字","写作线、媒体线、晚年线","虽千万人，李敖往矣、哈囉李敖","","虽千万人，李敖往矣","050.2017年1月","3","《大李敖全集5.0》（wjm_tcy版）分章节/005.诗集语录类/005.虽千万人，李敖往矣/050.2017年1月.txt","","[]","data/timeline-events-sui-qianwan-li-ao-wangyi.json","sui-qianwan-2017-01-01-daily-weibo","{""id"":""sui-qianwan-2017-01-01-daily-weibo"",""date"":""2017-01-01"",""displayDate"":""2017年1月1日星期日"",""datePrecision"":""day"",""title"":""李敖发微博谈“两岸的“历史家”集体上了一个大当，就是蒋介石日记出现了、读过了、看…”"",""summary"":""2017年1月1日，李敖在“哈囉李敖”微博发文：两岸的“历史家”集体上了一个大当，就是蒋介石日记出现了、读过了、看错了。因为你不会看门道，所以你不会看膏药。日记有大量的言行不一：一方面打人耳光、一方面读宋明学案。检讨后又打人耳光，又读宋明学案，周而复始，年复一年。蒋介石一生改不了他的坏脾气，你却以为他改了，你是笨蛋。"",""view"":[""写作线"",""媒体线"",""晚年线""],""tags"":[""虽千万人，李敖往矣"",""哈囉李敖"",""微博"",""140字""],""people"":[""李敖""],""places"":[],""works"":[""虽千万人，李敖往矣"",""哈囉李敖""],""certainty"":""confirmed"",""source"":{""book"":""虽千万人，李敖往矣"",""chapter"":""050.2017年1月"",""path"":""《大李敖全集5.0》（wjm_tcy版）分章节/005.诗集语录类/005.虽千万人，李敖往矣/050.2017年1月.txt"",""line"":3,""lines"":[3,5]},""crossReferences"":[],""round"":""2026-07-11-sui-qianwan-li-ao-wangyi-daily-completion"",""dataFile"":""data/timeline-events-sui-qianwan-li-ao-wangyi.json""}"
"29340","2017","2017-01-02","2017年1月2日星期一","day","confirmed","李敖发微博谈“现代人越来越无趣，他们已经丧失了许多浪漫的和古典的信念”","2017年1月2日，李敖在“哈囉李敖”微博发文：现代人越来越无趣，他们已经丧失了许多浪漫的和古典的信念。贪图网上的方便和眼前的短视，他们都不是伟大的人，也不要做伟大的人。放眼世界，我们几乎看不到伟人，看到的都是凡夫、俗子、市侩、加了s的蔡康永、和加了es的小s，这世界对我们俗不可耐。让我们提高警觉：不要俗不可耐。","李敖","","虽千万人，李敖往矣、哈囉李敖、微博、140字","写作线、媒体线、晚年线","虽千万人，李敖往矣、哈囉李敖","","虽千万人，李敖往矣","050.2017年1月","7","《大李敖全集5.0》（wjm_tcy版）分章节/005.诗集语录类/005.虽千万人，李敖往矣/050.2017年1月.txt","","[]","data/timeline-events-sui-qianwan-li-ao-wangyi.json","sui-qianwan-2017-01-02-daily-weibo","{""id"":""sui-qianwan-2017-01-02-daily-weibo"",""date"":""2017-01-02"",""displayDate"":""2017年1月2日星期一"",""datePrecision"":""day"",""title"":""李敖发微博谈“现代人越来越无趣，他们已经丧失了许多浪漫的和古典的信念”"",""summary"":""2017年1月2日，李敖在“哈囉李敖”微博发文：现代人越来越无趣，他们已经丧失了许多浪漫的和古典的信念。贪图网上的方便和眼前的短视，他们都不是伟大的人，也不要做伟大的人。放眼世界，我们几乎看不到伟人，看到的都是凡夫、俗子、市侩、加了s的蔡康永、和加了es的小s，这世界对我们俗不可耐。让我们提高警觉：不要俗不可耐。"",""view"":[""写作线"",""媒体线"",""晚年线""],""tags"":[""虽千万人，李敖往矣"",""哈囉李敖"",""微博"",""140字""],""people"":[""李敖""],""places"":[],""works"":[""虽千万人，李敖往矣"",""哈囉李敖""],""certainty"":""confirmed"",""source"":{""book"":""虽千万人，李敖往矣"",""chapter"":""050.2017年1月"",""path"":""《大李敖全集5.0》（wjm_tcy版）分章节/005.诗集语录类/005.虽千万人，李敖往矣/050.2017年1月.txt"",""line"":7,""lines"":[7,9]},""crossReferences"":[],""round"":""2026-07-11-sui-qianwan-li-ao-wangyi-daily-completion"",""dataFile"":""data/timeline-events-sui-qianwan-li-ao-wangyi.json""}"
"29341","2017","2017-01-03","2017年1月3日星期二","day","confirmed","李敖发微博谈“蒋介石一个死因是祸起肛门”","2017年1月3日，李敖在“哈囉李敖”微博发文：蒋介石一个死因是祸起肛门。原来他便秘，要用灌肠剂（浣肠、开塞露），但他摆架子，自己不动手，命副官拿灌肠剂替他通屁眼。有一次副官中了邪，用力过猛，多刺出一个屁眼来，领袖平添怪症，终身不愈。蒋介石信基督，却把爱敌人（Enemy）错爱成爱灌肠剂（Enema），英文太烂，真活该啊！","李敖","","虽千万人，李敖往矣、哈囉李敖、微博、140字","写作线、媒体线、晚年线","虽千万人，李敖往矣、哈囉李敖","","虽千万人，李敖往矣","050.2017年1月","11","《大李敖全集5.0》（wjm_tcy版）分章节/005.诗集语录类/005.虽千万人，李敖往矣/050.2017年1月.txt","","[]","data/timeline-events-sui-qianwan-li-ao-wangyi.json","sui-qianwan-2017-01-03-daily-weibo","{""id"":""sui-qianwan-2017-01-03-daily-weibo"",""date"":""2017-01-03"",""displayDate"":""2017年1月3日星期二"",""datePrecision"":""day"",""title"":""李敖发微博谈“蒋介石一个死因是祸起肛门”"",""summary"":""2017年1月3日，李敖在“哈囉李敖”微博发文：蒋介石一个死因是祸起肛门。原来他便秘，要用灌肠剂（浣肠、开塞露），但他摆架子，自己不动手，命副官拿灌肠剂替他通屁眼。有一次副官中了邪，用力过猛，多刺出一个屁眼来，领袖平添怪症，终身不愈。蒋介石信基督，却把爱敌人（Enemy）错爱成爱灌肠剂（Enema），英文太烂，真活该啊！"",""view"":[""写作线"",""媒体线"",""晚年线""],""tags"":[""虽千万人，李敖往矣"",""哈囉李敖"",""微博"",""140字""],""people"":[""李敖""],""places"":[],""works"":[""虽千万人，李敖往矣"",""哈囉李敖""],""certainty"":""confirmed"",""source"":{""book"":""虽千万人，李敖往矣"",""chapter"":""050.2017年1月"",""path"":""《大李敖全集5.0》（wjm_tcy版）分章节/005.诗集语录类/005.虽千万人，李敖往矣/050.2017年1月.txt"",""line"":11,""lines"":[11,13]},""crossReferences"":[],""round"":""2026-07-11-sui-qianwan-li-ao-wangyi-daily-completion"",""dataFile"":""data/timeline-events-sui-qianwan-li-ao-wangyi.json""}"
"29342","2017","2017-01-04","2017年1月4日星期三","day","confirmed","李敖发微博谈“奴性的特色之一是：连主子自己都不在乎了，做奴才的，却仍闪躲回避”","2017年1月4日，李敖在“哈囉李敖”微博发文：奴性的特色之一是：连主子自己都不在乎了，做奴才的，却仍闪躲回避。例如日本人自己都不在乎“殖民”字眼了，可是蔡英文党羽却禁止使用；美国人自己都不在乎“阳痿”字眼了，可是杨洁篪党羽却禁止使用（北京外交部查禁李敖《阳痿美国》，美国却不查禁）。奴性是横跨两岸的，却都是当权派！","李敖","","虽千万人，李敖往矣、哈囉李敖、微博、140字","写作线、媒体线、晚年线","虽千万人，李敖往矣、哈囉李敖","","虽千万人，李敖往矣","050.2017年1月","15","《大李敖全集5.0》（wjm_tcy版）分章节/005.诗集语录类/005.虽千万人，李敖往矣/050.2017年1月.txt","","[]","data/timeline-events-sui-qianwan-li-ao-wangyi.json","sui-qianwan-2017-01-04-daily-weibo","{""id"":""sui-qianwan-2017-01-04-daily-weibo"",""date"":""2017-01-04"",""displayDate"":""2017年1月4日星期三"",""datePrecision"":""day"",""title"":""李敖发微博谈“奴性的特色之一是：连主子自己都不在乎了，做奴才的，却仍闪躲回避”"",""summary"":""2017年1月4日，李敖在“哈囉李敖”微博发文：奴性的特色之一是：连主子自己都不在乎了，做奴才的，却仍闪躲回避。例如日本人自己都不在乎“殖民”字眼了，可是蔡英文党羽却禁止使用；美国人自己都不在乎“阳痿”字眼了，可是杨洁篪党羽却禁止使用（北京外交部查禁李敖《阳痿美国》，美国却不查禁）。奴性是横跨两岸的，却都是当权派！"",""view"":[""写作线"",""媒体线"",""晚年线""],""tags"":[""虽千万人，李敖往矣"",""哈囉李敖"",""微博"",""140字""],""people"":[""李敖""],""places"":[],""works"":[""虽千万人，李敖往矣"",""哈囉李敖""],""certainty"":""confirmed"",""source"":{""book"":""虽千万人，李敖往矣"",""chapter"":""050.2017年1月"",""path"":""《大李敖全集5.0》（wjm_tcy版）分章节/005.诗集语录类/005.虽千万人，李敖往矣/050.2017年1月.txt"",""line"":15,""lines"":[15,17]},""crossReferences"":[],""round"":""2026-07-11-sui-qianwan-li-ao-wangyi-daily-completion"",""dataFile"":""data/timeline-events-sui-qianwan-li-ao-wangyi.json""}"
"29343","2017","2017-01-05","2017年1月5日星期四","day","confirmed","李敖发微博谈“统战部金律是“联合次要敌人，打击主要敌人”","2017年1月5日，李敖在“哈囉李敖”微博发文：统战部金律是“联合次要敌人，打击主要敌人。”后来赢了，但统战部尾大不掉，宗国遗音，听来怪吓人的。好在美国有个敌人部（我代拟的），一直长敌人威风吓唬自己人，大兴军备。如今中国变成主要敌人，统来统去，煞是好看。比硬鸡巴，中国有软实力；比软鸡巴，中国鸡巴不够灵活，像死鸡巴。","李敖","","虽千万人，李敖往矣、哈囉李敖、微博、140字","写作线、媒体线、晚年线","虽千万人，李敖往矣、哈囉李敖","","虽千万人，李敖往矣","050.2017年1月","19","《大李敖全集5.0》（wjm_tcy版）分章节/005.诗集语录类/005.虽千万人，李敖往矣/050.2017年1月.txt","","[]","data/timeline-events-sui-qianwan-li-ao-wangyi.json","sui-qianwan-2017-01-05-daily-weibo","{""id"":""sui-qianwan-2017-01-05-daily-weibo"",""date"":""2017-01-05"",""displayDate"":""2017年1月5日星期四"",""datePrecision"":""day"",""title"":""李敖发微博谈“统战部金律是“联合次要敌人，打击主要敌人”"",""summary"":""2017年1月5日，李敖在“哈囉李敖”微博发文：统战部金律是“联合次要敌人，打击主要敌人。”后来赢了，但统战部尾大不掉，宗国遗音，听来怪吓人的。好在美国有个敌人部（我代拟的），一直长敌人威风吓唬自己人，大兴军备。如今中国变成主要敌人，统来统去，煞是好看。比硬鸡巴，中国有软实力；比软鸡巴，中国鸡巴不够灵活，像死鸡巴。"",""view"":[""写作线"",""媒体线"",""晚年线""],""tags"":[""虽千万人，李敖往矣"",""哈囉李敖"",""微博"",""140字""],""people"":[""李敖""],""places"":[],""works"":[""虽千万人，李敖往矣"",""哈囉李敖""],""certainty"":""confirmed"",""source"":{""book"":""虽千万人，李敖往矣"",""chapter"":""050.2017年1月"",""path"":""《大李敖全集5.0》（wjm_tcy版）分章节/005.诗集语录类/005.虽千万人，李敖往矣/050.2017年1月.txt"",""line"":19,""lines"":[19,21]},""crossReferences"":[],""round"":""2026-07-11-sui-qianwan-li-ao-wangyi-daily-completion"",""dataFile"":""data/timeline-events-sui-qianwan-li-ao-wangyi.json""}"
"29344","2017","2017-01-06","2017年1月6日星期五","day","confirmed","李敖发微博谈“以前嫖妓的叫恩客、保镖的叫大茶壶”","2017年1月6日，李敖在“哈囉李敖”微博发文：以前嫖妓的叫恩客、保镖的叫大茶壶。日本是恩客、美国是大茶壶。日本肏了台湾50年，根本看不起你，台湾人却贱态十足。日本天灾，马英九带头送了66亿，超过全世界捐款的总和，但台湾人到日本找花姑娘却遭拒绝。大茶壶美国擅长白嫖，台湾最后人财两空。神女生涯西望神州吧，可惜那家伙有梅毒。","李敖","","虽千万人，李敖往矣、哈囉李敖、微博、140字","写作线、媒体线、晚年线","虽千万人，李敖往矣、哈囉李敖","","虽千万人，李敖往矣","050.2017年1月","23","《大李敖全集5.0》（wjm_tcy版）分章节/005.诗集语录类/005.虽千万人，李敖往矣/050.2017年1月.txt","","[]","data/timeline-events-sui-qianwan-li-ao-wangyi.json","sui-qianwan-2017-01-06-daily-weibo","{""id"":""sui-qianwan-2017-01-06-daily-weibo"",""date"":""2017-01-06"",""displayDate"":""2017年1月6日星期五"",""datePrecision"":""day"",""title"":""李敖发微博谈“以前嫖妓的叫恩客、保镖的叫大茶壶”"",""summary"":""2017年1月6日，李敖在“哈囉李敖”微博发文：以前嫖妓的叫恩客、保镖的叫大茶壶。日本是恩客、美国是大茶壶。日本肏了台湾50年，根本看不起你，台湾人却贱态十足。日本天灾，马英九带头送了66亿，超过全世界捐款的总和，但台湾人到日本找花姑娘却遭拒绝。大茶壶美国擅长白嫖，台湾最后人财两空。神女生涯西望神州吧，可惜那家伙有梅毒。"",""view"":[""写作线"",""媒体线"",""晚年线""],""tags"":[""虽千万人，李敖往矣"",""哈囉李敖"",""微博"",""140字""],""people"":[""李敖""],""places"":[],""works"":[""虽千万人，李敖往矣"",""哈囉李敖""],""certainty"":""confirmed"",""source"":{""book"":""虽千万人，李敖往矣"",""chapter"":""050.2017年1月"",""path"":""《大李敖全集5.0》（wjm_tcy版）分章节/005.诗集语录类/005.虽千万人，李敖往矣/050.2017年1月.txt"",""line"":23,""lines"":[23,25]},""crossReferences"":[],""round"":""2026-07-11-sui-qianwan-li-ao-wangyi-daily-completion"",""dataFile"":""data/timeline-events-sui-qianwan-li-ao-wangyi.json""}"
"29345","2017","2017-01-07","2017年1月7日星期六","day","confirmed","李敖发微博谈“我写过2本孙中山的书，我是专家”","2017年1月7日，李敖在“哈囉李敖”微博发文：我写过2本孙中山的书，我是专家。而你呢？你对孙中山的了解只是国民党共产党告诉你的，你上了当。对专家，你就心服口服吧。孙中山应是爱国者，他的毛病在以卖国为手段去爱国，这就砸锅了。阻止他的，竟是日本！日本发现他到处乱开价，不如袁世凯会做凯子，于是始乱终弃。孙中山才夜奔苏联。","李敖","","虽千万人，李敖往矣、哈囉李敖、微博、140字","写作线、媒体线、晚年线","虽千万人，李敖往矣、哈囉李敖","","虽千万人，李敖往矣","050.2017年1月","27","《大李敖全集5.0》（wjm_tcy版）分章节/005.诗集语录类/005.虽千万人，李敖往矣/050.2017年1月.txt","","[]","data/timeline-events-sui-qianwan-li-ao-wangyi.json","sui-qianwan-2017-01-07-daily-weibo","{""id"":""sui-qianwan-2017-01-07-daily-weibo"",""date"":""2017-01-07"",""displayDate"":""2017年1月7日星期六"",""datePrecision"":""day"",""title"":""李敖发微博谈“我写过2本孙中山的书，我是专家”"",""summary"":""2017年1月7日，李敖在“哈囉李敖”微博发文：我写过2本孙中山的书，我是专家。而你呢？你对孙中山的了解只是国民党共产党告诉你的，你上了当。对专家，你就心服口服吧。孙中山应是爱国者，他的毛病在以卖国为手段去爱国，这就砸锅了。阻止他的，竟是日本！日本发现他到处乱开价，不如袁世凯会做凯子，于是始乱终弃。孙中山才夜奔苏联。"",""view"":[""写作线"",""媒体线"",""晚年线""],""tags"":[""虽千万人，李敖往矣"",""哈囉李敖"",""微博"",""140字""],""people"":[""李敖""],""places"":[],""works"":[""虽千万人，李敖往矣"",""哈囉李敖""],""certainty"":""confirmed"",""source"":{""book"":""虽千万人，李敖往矣"",""chapter"":""050.2017年1月"",""path"":""《大李敖全集5.0》（wjm_tcy版）分章节/005.诗集语录类/005.虽千万人，李敖往矣/050.2017年1月.txt"",""line"":27,""lines"":[27,29]},""crossReferences"":[],""round"":""2026-07-11-sui-qianwan-li-ao-wangyi-daily-completion"",""dataFile"":""data/timeline-events-sui-qianwan-li-ao-wangyi.json""}"
"29346","2017","2017-01-08","2017年1月8日星期日","day","confirmed","李敖发微博谈““张大帅”（北洋军阀）作恶不如国共两党，度量也不像两党小气八拉”","2017年1月8日，李敖在“哈囉李敖”微博发文：“张大帅”（北洋军阀）作恶不如国共两党，度量也不像两党小气八拉。“张大帅”明明是中央政府，却听凭孙中山在广东私设伪政权。伪政权钱从何来？托词靠蒋介石做股票。百年以后，蒋介石日记曝光，原来是一战时德国下旗归国，德国大使秘密送的200万大洋！汉奸汉奸汉奸，百年以前就有人干了！","李敖","","虽千万人，李敖往矣、哈囉李敖、微博、140字","写作线、媒体线、晚年线","虽千万人，李敖往矣、哈囉李敖","","虽千万人，李敖往矣","050.2017年1月","31","《大李敖全集5.0》（wjm_tcy版）分章节/005.诗集语录类/005.虽千万人，李敖往矣/050.2017年1月.txt","","[]","data/timeline-events-sui-qianwan-li-ao-wangyi.json","sui-qianwan-2017-01-08-daily-weibo","{""id"":""sui-qianwan-2017-01-08-daily-weibo"",""date"":""2017-01-08"",""displayDate"":""2017年1月8日星期日"",""datePrecision"":""day"",""title"":""李敖发微博谈““张大帅”（北洋军阀）作恶不如国共两党，度量也不像两党小气八拉”"",""summary"":""2017年1月8日，李敖在“哈囉李敖”微博发文：“张大帅”（北洋军阀）作恶不如国共两党，度量也不像两党小气八拉。“张大帅”明明是中央政府，却听凭孙中山在广东私设伪政权。伪政权钱从何来？托词靠蒋介石做股票。百年以后，蒋介石日记曝光，原来是一战时德国下旗归国，德国大使秘密送的200万大洋！汉奸汉奸汉奸，百年以前就有人干了！"",""view"":[""写作线"",""媒体线"",""晚年线""],""tags"":[""虽千万人，李敖往矣"",""哈囉李敖"",""微博"",""140字""],""people"":[""李敖""],""places"":[],""works"":[""虽千万人，李敖往矣"",""哈囉李敖""],""certainty"":""confirmed"",""source"":{""book"":""虽千万人，李敖往矣"",""chapter"":""050.2017年1月"",""path"":""《大李敖全集5.0》（wjm_tcy版）分章节/005.诗集语录类/005.虽千万人，李敖往矣/050.2017年1月.txt"",""line"":31,""lines"":[31,33]},""crossReferences"":[],""round"":""2026-07-11-sui-qianwan-li-ao-wangyi-daily-completion"",""dataFile"":""data/timeline-events-sui-qianwan-li-ao-wangyi.json""}"
"29347","2017","2017-01-09","2017年1月9日星期一","day","confirmed","李敖发微博谈“中国人变坏了”","2017年1月9日，李敖在“哈囉李敖”微博发文：中国人变坏了！过去的坏人是土豪劣绅，坏法是江湖屯聚，坏是“块状的”；后来国共两党遍设党部，有组织的刀刀见骨，坏就变成“面状的”。中国人为了自保，也有样学样。我不服，我一生期勉自己做个“厉害的好中国人”，我从不做国民党共产党，我行我荤、我行我素、出自黑牢又怎样？我是我。","李敖","","虽千万人，李敖往矣、哈囉李敖、微博、140字","写作线、媒体线、晚年线","虽千万人，李敖往矣、哈囉李敖","","虽千万人，李敖往矣","050.2017年1月","35","《大李敖全集5.0》（wjm_tcy版）分章节/005.诗集语录类/005.虽千万人，李敖往矣/050.2017年1月.txt","","[]","data/timeline-events-sui-qianwan-li-ao-wangyi.json","sui-qianwan-2017-01-09-daily-weibo","{""id"":""sui-qianwan-2017-01-09-daily-weibo"",""date"":""2017-01-09"",""displayDate"":""2017年1月9日星期一"",""datePrecision"":""day"",""title"":""李敖发微博谈“中国人变坏了”"",""summary"":""2017年1月9日，李敖在“哈囉李敖”微博发文：中国人变坏了！过去的坏人是土豪劣绅，坏法是江湖屯聚，坏是“块状的”；后来国共两党遍设党部，有组织的刀刀见骨，坏就变成“面状的”。中国人为了自保，也有样学样。我不服，我一生期勉自己做个“厉害的好中国人”，我从不做国民党共产党，我行我荤、我行我素、出自黑牢又怎样？我是我。"",""view"":[""写作线"",""媒体线"",""晚年线""],""tags"":[""虽千万人，李敖往矣"",""哈囉李敖"",""微博"",""140字""],""people"":[""李敖""],""places"":[],""works"":[""虽千万人，李敖往矣"",""哈囉李敖""],""certainty"":""confirmed"",""source"":{""book"":""虽千万人，李敖往矣"",""chapter"":""050.2017年1月"",""path"":""《大李敖全集5.0》（wjm_tcy版）分章节/005.诗集语录类/005.虽千万人，李敖往矣/050.2017年1月.txt"",""line"":35,""lines"":[35,37]},""crossReferences"":[],""round"":""2026-07-11-sui-qianwan-li-ao-wangyi-daily-completion"",""dataFile"":""data/timeline-events-sui-qianwan-li-ao-wangyi.json""}"
"29348","2017","2017-01-10","2017年1月10日星期二","day","confirmed","李敖发微博谈“国民党整敌人，心狠手辣”","2017年1月10日，李敖在“哈囉李敖”微博发文：国民党整敌人，心狠手辣；共产党整同志，赶尽杀绝。两党都有打击面，但共产党更宽。“我失骄杨君失柳”，杨是杨开慧，国民党枪下亡魂；柳是柳直荀，共产党枪下落魄。文革时整人更敌友不分，太不厚道。共产党开始爱钱是厚道的起点，金钱可以软化一些打击面，不全是坏事。说来荒唐，却是真理。","李敖","","虽千万人，李敖往矣、哈囉李敖、微博、140字","写作线、媒体线、晚年线","虽千万人，李敖往矣、哈囉李敖","","虽千万人，李敖往矣","050.2017年1月","39","《大李敖全集5.0》（wjm_tcy版）分章节/005.诗集语录类/005.虽千万人，李敖往矣/050.2017年1月.txt","","[]","data/timeline-events-sui-qianwan-li-ao-wangyi.json","sui-qianwan-2017-01-10-daily-weibo","{""id"":""sui-qianwan-2017-01-10-daily-weibo"",""date"":""2017-01-10"",""displayDate"":""2017年1月10日星期二"",""datePrecision"":""day"",""title"":""李敖发微博谈“国民党整敌人，心狠手辣”"",""summary"":""2017年1月10日，李敖在“哈囉李敖”微博发文：国民党整敌人，心狠手辣；共产党整同志，赶尽杀绝。两党都有打击面，但共产党更宽。“我失骄杨君失柳”，杨是杨开慧，国民党枪下亡魂；柳是柳直荀，共产党枪下落魄。文革时整人更敌友不分，太不厚道。共产党开始爱钱是厚道的起点，金钱可以软化一些打击面，不全是坏事。说来荒唐，却是真理。"",""view"":[""写作线"",""媒体线"",""晚年线""],""tags"":[""虽千万人，李敖往矣"",""哈囉李敖"",""微博"",""140字""],""people"":[""李敖""],""places"":[],""works"":[""虽千万人，李敖往矣"",""哈囉李敖""],""certainty"":""confirmed"",""source"":{""book"":""虽千万人，李敖往矣"",""chapter"":""050.2017年1月"",""path"":""《大李敖全集5.0》（wjm_tcy版）分章节/005.诗集语录类/005.虽千万人，李敖往矣/050.2017年1月.txt"",""line"":39,""lines"":[39,41]},""crossReferences"":[],""round"":""2026-07-11-sui-qianwan-li-ao-wangyi-daily-completion"",""dataFile"":""data/timeline-events-sui-qianwan-li-ao-wangyi.json""}"
"29349","2017","2017-01-11","2017年1月11日星期三","day","confirmed","李敖发微博谈“十年河东、十年河西、十年10亿3400万支iPhone手机，可以推…”","2017年1月11日，李敖在“哈囉李敖”微博发文：十年河东、十年河西、十年10亿3400万支iPhone手机，可以推文、可以快照、可以游戏、可以收看实时串流影音、可以打破政府拦截、可以起哄脱欧媚美、搞茉莉花。名为民主，实际民主害我我害民主。iPhone是普及、是即兴、是一拥而上，是否智慧，则大有可议。智慧的命被革了，你越来越笨了。","李敖","","虽千万人，李敖往矣、哈囉李敖、微博、140字","写作线、媒体线、晚年线","虽千万人，李敖往矣、哈囉李敖","","虽千万人，李敖往矣","050.2017年1月","43","《大李敖全集5.0》（wjm_tcy版）分章节/005.诗集语录类/005.虽千万人，李敖往矣/050.2017年1月.txt","","[]","data/timeline-events-sui-qianwan-li-ao-wangyi.json","sui-qianwan-2017-01-11-daily-weibo","{""id"":""sui-qianwan-2017-01-11-daily-weibo"",""date"":""2017-01-11"",""displayDate"":""2017年1月11日星期三"",""datePrecision"":""day"",""title"":""李敖发微博谈“十年河东、十年河西、十年10亿3400万支iPhone手机，可以推…”"",""summary"":""2017年1月11日，李敖在“哈囉李敖”微博发文：十年河东、十年河西、十年10亿3400万支iPhone手机，可以推文、可以快照、可以游戏、可以收看实时串流影音、可以打破政府拦截、可以起哄脱欧媚美、搞茉莉花。名为民主，实际民主害我我害民主。iPhone是普及、是即兴、是一拥而上，是否智慧，则大有可议。智慧的命被革了，你越来越笨了。"",""view"":[""写作线"",""媒体线"",""晚年线""],""tags"":[""虽千万人，李敖往矣"",""哈囉李敖"",""微博"",""140字""],""people"":[""李敖""],""places"":[],""works"":[""虽千万人，李敖往矣"",""哈囉李敖""],""certainty"":""confirmed"",""source"":{""book"":""虽千万人，李敖往矣"",""chapter"":""050.2017年1月"",""path"":""《大李敖全集5.0》（wjm_tcy版）分章节/005.诗集语录类/005.虽千万人，李敖往矣/050.2017年1月.txt"",""line"":43,""lines"":[43,45]},""crossReferences"":[],""round"":""2026-07-11-sui-qianwan-li-ao-wangyi-daily-completion"",""dataFile"":""data/timeline-events-sui-qianwan-li-ao-wangyi.json""}"
"29350","2017","2017-01-12","2017年1月12日星期四","day","confirmed","李敖发微博谈“潜规则第一课是：做老人，你的朋友是大厦管理员，一分钱一分货，此外别…”","2017年1月12日，李敖在“哈囉李敖”微博发文：潜规则第一课是：做老人，你的朋友是大厦管理员，一分钱一分货，此外别无朋友；做邻居，你的朋友是牌搭子，除119救护车司机外，此外别无朋友；做老处女，你的朋友是猫猫猫猫或猫猫猫狗或猫猫狗狗或猫狗狗狗或狗狗狗狗，此外别无朋友；做共产党，你的朋友就是冤魂、你的敌人就是朋友。","李敖","","虽千万人，李敖往矣、哈囉李敖、微博、140字","写作线、媒体线、晚年线","虽千万人，李敖往矣、哈囉李敖","","虽千万人，李敖往矣","050.2017年1月","47","《大李敖全集5.0》（wjm_tcy版）分章节/005.诗集语录类/005.虽千万人，李敖往矣/050.2017年1月.txt","","[]","data/timeline-events-sui-qianwan-li-ao-wangyi.json","sui-qianwan-2017-01-12-daily-weibo","{""id"":""sui-qianwan-2017-01-12-daily-weibo"",""date"":""2017-01-12"",""displayDate"":""2017年1月12日星期四"",""datePrecision"":""day"",""title"":""李敖发微博谈“潜规则第一课是：做老人，你的朋友是大厦管理员，一分钱一分货，此外别…”"",""summary"":""2017年1月12日，李敖在“哈囉李敖”微博发文：潜规则第一课是：做老人，你的朋友是大厦管理员，一分钱一分货，此外别无朋友；做邻居，你的朋友是牌搭子，除119救护车司机外，此外别无朋友；做老处女，你的朋友是猫猫猫猫或猫猫猫狗或猫猫狗狗或猫狗狗狗或狗狗狗狗，此外别无朋友；做共产党，你的朋友就是冤魂、你的敌人就是朋友。"",""view"":[""写作线"",""媒体线"",""晚年线""],""tags"":[""虽千万人，李敖往矣"",""哈囉李敖"",""微博"",""140字""],""people"":[""李敖""],""places"":[],""works"":[""虽千万人，李敖往矣"",""哈囉李敖""],""certainty"":""confirmed"",""source"":{""book"":""虽千万人，李敖往矣"",""chapter"":""050.2017年1月"",""path"":""《大李敖全集5.0》（wjm_tcy版）分章节/005.诗集语录类/005.虽千万人，李敖往矣/050.2017年1月.txt"",""line"":47,""lines"":[47,49]},""crossReferences"":[],""round"":""2026-07-11-sui-qianwan-li-ao-wangyi-daily-completion"",""dataFile"":""data/timeline-events-sui-qianwan-li-ao-wangyi.json""}"
"29351","2017","2017-01-13","2017年1月13日星期五","day","confirmed","李敖发微博谈“女人优点很多，但这些优点，并不证明她们可以无所不为”","2017年1月13日，李敖在“哈囉李敖”微博发文：女人优点很多，但这些优点，并不证明她们可以无所不为。例如王菲不适合信宗教、陈菊不适合玩男人或被男人玩、王效兰不适合卖香水、洪秀柱不适合办党、蔡英文不适合搞政治、龙应台不适合谈历史、谈思想、谈文化、谈德国男人（德国丈夫会饿其体肤并饱以老拳）。佛门主张女人来生做男人，不无道理。","李敖","","虽千万人，李敖往矣、哈囉李敖、微博、140字","写作线、媒体线、晚年线","虽千万人，李敖往矣、哈囉李敖","","虽千万人，李敖往矣","050.2017年1月","51","《大李敖全集5.0》（wjm_tcy版）分章节/005.诗集语录类/005.虽千万人，李敖往矣/050.2017年1月.txt","","[]","data/timeline-events-sui-qianwan-li-ao-wangyi.json","sui-qianwan-2017-01-13-daily-weibo","{""id"":""sui-qianwan-2017-01-13-daily-weibo"",""date"":""2017-01-13"",""displayDate"":""2017年1月13日星期五"",""datePrecision"":""day"",""title"":""李敖发微博谈“女人优点很多，但这些优点，并不证明她们可以无所不为”"",""summary"":""2017年1月13日，李敖在“哈囉李敖”微博发文：女人优点很多，但这些优点，并不证明她们可以无所不为。例如王菲不适合信宗教、陈菊不适合玩男人或被男人玩、王效兰不适合卖香水、洪秀柱不适合办党、蔡英文不适合搞政治、龙应台不适合谈历史、谈思想、谈文化、谈德国男人（德国丈夫会饿其体肤并饱以老拳）。佛门主张女人来生做男人，不无道理。"",""view"":[""写作线"",""媒体线"",""晚年线""],""tags"":[""虽千万人，李敖往矣"",""哈囉李敖"",""微博"",""140字""],""people"":[""李敖""],""places"":[],""works"":[""虽千万人，李敖往矣"",""哈囉李敖""],""certainty"":""confirmed"",""source"":{""book"":""虽千万人，李敖往矣"",""chapter"":""050.2017年1月"",""path"":""《大李敖全集5.0》（wjm_tcy版）分章节/005.诗集语录类/005.虽千万人，李敖往矣/050.2017年1月.txt"",""line"":51,""lines"":[51,53]},""crossReferences"":[],""round"":""2026-07-11-sui-qianwan-li-ao-wangyi-daily-completion"",""dataFile"":""data/timeline-events-sui-qianwan-li-ao-wangyi.json""}"
"29352","2017","2017-01-14","2017年1月14日星期六","day","confirmed","李敖发微博谈“我是先知、是预言家”","2017年1月14日，李敖在“哈囉李敖”微博发文：我是先知、是预言家。我预言20年内，男人的性欲，都转向搞男人屁眼和人工智能的机器人（科技极品的硅胶美女之类），真的女人，只会人工受孕、同性恋、打麻将、唱洋歌、画西画、信密宗、养高山族、或沦落做穿长裤的女政客。最后，满床机器人、满街蔡英文，幽冥异路、男不男女不女，真好！","李敖","","虽千万人，李敖往矣、哈囉李敖、微博、140字","写作线、媒体线、晚年线","虽千万人，李敖往矣、哈囉李敖","","虽千万人，李敖往矣","050.2017年1月","55","《大李敖全集5.0》（wjm_tcy版）分章节/005.诗集语录类/005.虽千万人，李敖往矣/050.2017年1月.txt","","[]","data/timeline-events-sui-qianwan-li-ao-wangyi.json","sui-qianwan-2017-01-14-daily-weibo","{""id"":""sui-qianwan-2017-01-14-daily-weibo"",""date"":""2017-01-14"",""displayDate"":""2017年1月14日星期六"",""datePrecision"":""day"",""title"":""李敖发微博谈“我是先知、是预言家”"",""summary"":""2017年1月14日，李敖在“哈囉李敖”微博发文：我是先知、是预言家。我预言20年内，男人的性欲，都转向搞男人屁眼和人工智能的机器人（科技极品的硅胶美女之类），真的女人，只会人工受孕、同性恋、打麻将、唱洋歌、画西画、信密宗、养高山族、或沦落做穿长裤的女政客。最后，满床机器人、满街蔡英文，幽冥异路、男不男女不女，真好！"",""view"":[""写作线"",""媒体线"",""晚年线""],""tags"":[""虽千万人，李敖往矣"",""哈囉李敖"",""微博"",""140字""],""people"":[""李敖""],""places"":[],""works"":[""虽千万人，李敖往矣"",""哈囉李敖""],""certainty"":""confirmed"",""source"":{""book"":""虽千万人，李敖往矣"",""chapter"":""050.2017年1月"",""path"":""《大李敖全集5.0》（wjm_tcy版）分章节/005.诗集语录类/005.虽千万人，李敖往矣/050.2017年1月.txt"",""line"":55,""lines"":[55,57]},""crossReferences"":[],""round"":""2026-07-11-sui-qianwan-li-ao-wangyi-daily-completion"",""dataFile"":""data/timeline-events-sui-qianwan-li-ao-wangyi.json""}"
"29353","2017","2017-01-15","2017年1月15日星期日","day","confirmed","李敖发微博谈“我们以为宋朝的诗人发现“庸人自扰”，其实诗人从不相信庸人可以自扰，…”","2017年1月15日，李敖在“哈囉李敖”微博发文：我们以为宋朝的诗人发现“庸人自扰”，其实诗人从不相信庸人可以自扰，原句是“本来无事只畏扰，扰者才吏非庸人。”意思是说，真正折腾我们的、使我们要死要活的，不是庸人而是能干的官僚。唯一例外是蒋介石，蒋独裁而不能干，结果事办不通，劳民伤财倒通了。毛泽东比较能干，但皆非善类。","李敖","","虽千万人，李敖往矣、哈囉李敖、微博、140字","写作线、媒体线、晚年线","虽千万人，李敖往矣、哈囉李敖","","虽千万人，李敖往矣","050.2017年1月","59","《大李敖全集5.0》（wjm_tcy版）分章节/005.诗集语录类/005.虽千万人，李敖往矣/050.2017年1月.txt","","[]","data/timeline-events-sui-qianwan-li-ao-wangyi.json","sui-qianwan-2017-01-15-daily-weibo","{""id"":""sui-qianwan-2017-01-15-daily-weibo"",""date"":""2017-01-15"",""displayDate"":""2017年1月15日星期日"",""datePrecision"":""day"",""title"":""李敖发微博谈“我们以为宋朝的诗人发现“庸人自扰”，其实诗人从不相信庸人可以自扰，…”"",""summary"":""2017年1月15日，李敖在“哈囉李敖”微博发文：我们以为宋朝的诗人发现“庸人自扰”，其实诗人从不相信庸人可以自扰，原句是“本来无事只畏扰，扰者才吏非庸人。”意思是说，真正折腾我们的、使我们要死要活的，不是庸人而是能干的官僚。唯一例外是蒋介石，蒋独裁而不能干，结果事办不通，劳民伤财倒通了。毛泽东比较能干，但皆非善类。"",""view"":[""写作线"",""媒体线"",""晚年线""],""tags"":[""虽千万人，李敖往矣"",""哈囉李敖"",""微博"",""140字""],""people"":[""李敖""],""places"":[],""works"":[""虽千万人，李敖往矣"",""哈囉李敖""],""certainty"":""confirmed"",""source"":{""book"":""虽千万人，李敖往矣"",""chapter"":""050.2017年1月"",""path"":""《大李敖全集5.0》（wjm_tcy版）分章节/005.诗集语录类/005.虽千万人，李敖往矣/050.2017年1月.txt"",""line"":59,""lines"":[59,61]},""crossReferences"":[],""round"":""2026-07-11-sui-qianwan-li-ao-wangyi-daily-completion"",""dataFile"":""data/timeline-events-sui-qianwan-li-ao-wangyi.json""}"
"29354","2017","2017-01-16","2017年1月16日星期一","day","confirmed","李敖发微博谈“我曾质疑中央研究院院长怎么还有美国人国籍”","2017年1月16日，李敖在“哈囉李敖”微博发文：我曾质疑中央研究院院长怎么还有美国人国籍？翁启惠跑来向我解释：他个人利益有商业性，难以分开，双重国籍是陈水扁特准的。我责备说：院长地位何等清高！从蔡元培到胡适，哪个人会有外国人身分还在金钱上纠缠不清？你会出事的。如今果然出事了。你不能又清高又爱钱又做美国人，翁启惠笨蛋！","李敖","","虽千万人，李敖往矣、哈囉李敖、微博、140字","写作线、媒体线、晚年线","虽千万人，李敖往矣、哈囉李敖","","虽千万人，李敖往矣","050.2017年1月","63","《大李敖全集5.0》（wjm_tcy版）分章节/005.诗集语录类/005.虽千万人，李敖往矣/050.2017年1月.txt","","[]","data/timeline-events-sui-qianwan-li-ao-wangyi.json","sui-qianwan-2017-01-16-daily-weibo","{""id"":""sui-qianwan-2017-01-16-daily-weibo"",""date"":""2017-01-16"",""displayDate"":""2017年1月16日星期一"",""datePrecision"":""day"",""title"":""李敖发微博谈“我曾质疑中央研究院院长怎么还有美国人国籍”"",""summary"":""2017年1月16日，李敖在“哈囉李敖”微博发文：我曾质疑中央研究院院长怎么还有美国人国籍？翁启惠跑来向我解释：他个人利益有商业性，难以分开，双重国籍是陈水扁特准的。我责备说：院长地位何等清高！从蔡元培到胡适，哪个人会有外国人身分还在金钱上纠缠不清？你会出事的。如今果然出事了。你不能又清高又爱钱又做美国人，翁启惠笨蛋！"",""view"":[""写作线"",""媒体线"",""晚年线""],""tags"":[""虽千万人，李敖往矣"",""哈囉李敖"",""微博"",""140字""],""people"":[""李敖""],""places"":[],""works"":[""虽千万人，李敖往矣"",""哈囉李敖""],""certainty"":""confirmed"",""source"":{""book"":""虽千万人，李敖往矣"",""chapter"":""050.2017年1月"",""path"":""《大李敖全集5.0》（wjm_tcy版）分章节/005.诗集语录类/005.虽千万人，李敖往矣/050.2017年1月.txt"",""line"":63,""lines"":[63,65]},""crossReferences"":[],""round"":""2026-07-11-sui-qianwan-li-ao-wangyi-daily-completion"",""dataFile"":""data/timeline-events-sui-qianwan-li-ao-wangyi.json""}"
"29355","2017","2017-01-17","2017年1月17日星期二","day","confirmed","李敖发微博谈“我早指出“八年抗战”的说法是中了国民党的奸计”","2017年1月17日，李敖在“哈囉李敖”微博发文：我早指出“八年抗战”的说法是中了国民党的奸计！中国人挺身抗战，早在918事变就开始了、早在77事变前6年就开始了，那时国民党还在媚日！今天共产党不跟着瞎扯了，已从918起算抗战14年，但国民党军头郝柏村还说算早了会“自外于二次大战”！什么鬼话啊！腰斩自己来配合洋人胡扯吗？","李敖","","虽千万人，李敖往矣、哈囉李敖、微博、140字","写作线、媒体线、晚年线","虽千万人，李敖往矣、哈囉李敖","","虽千万人，李敖往矣","050.2017年1月","67","《大李敖全集5.0》（wjm_tcy版）分章节/005.诗集语录类/005.虽千万人，李敖往矣/050.2017年1月.txt","","[]","data/timeline-events-sui-qianwan-li-ao-wangyi.json","sui-qianwan-2017-01-17-daily-weibo","{""id"":""sui-qianwan-2017-01-17-daily-weibo"",""date"":""2017-01-17"",""displayDate"":""2017年1月17日星期二"",""datePrecision"":""day"",""title"":""李敖发微博谈“我早指出“八年抗战”的说法是中了国民党的奸计”"",""summary"":""2017年1月17日，李敖在“哈囉李敖”微博发文：我早指出“八年抗战”的说法是中了国民党的奸计！中国人挺身抗战，早在918事变就开始了、早在77事变前6年就开始了，那时国民党还在媚日！今天共产党不跟着瞎扯了，已从918起算抗战14年，但国民党军头郝柏村还说算早了会“自外于二次大战”！什么鬼话啊！腰斩自己来配合洋人胡扯吗？"",""view"":[""写作线"",""媒体线"",""晚年线""],""tags"":[""虽千万人，李敖往矣"",""哈囉李敖"",""微博"",""140字""],""people"":[""李敖""],""places"":[],""works"":[""虽千万人，李敖往矣"",""哈囉李敖""],""certainty"":""confirmed"",""source"":{""book"":""虽千万人，李敖往矣"",""chapter"":""050.2017年1月"",""path"":""《大李敖全集5.0》（wjm_tcy版）分章节/005.诗集语录类/005.虽千万人，李敖往矣/050.2017年1月.txt"",""line"":67,""lines"":[67,69]},""crossReferences"":[],""round"":""2026-07-11-sui-qianwan-li-ao-wangyi-daily-completion"",""dataFile"":""data/timeline-events-sui-qianwan-li-ao-wangyi.json""}"
"29356","2017","2017-01-18","2017年1月18日星期三","day","confirmed","李敖发微博谈“不要脸的人发明了抗战怪论：说1931年918事变开始的是局部抗战、…”","2017年1月18日，李敖在“哈囉李敖”微博发文：不要脸的人发明了抗战怪论：说1931年918事变开始的是局部抗战、1937年77事变开始的才是全面抗战，所以抗战是8年而非14年。这种怪论，真是自阉！试问抗战哪一次不是局部的？国民党自己出版《抗日战史》中，一次次丰功伟业，哪一次不是局部的？哪一次不是局部开打或开溜的？全面个屁呀。","李敖","","虽千万人，李敖往矣、哈囉李敖、微博、140字","写作线、媒体线、晚年线","虽千万人，李敖往矣、哈囉李敖","","虽千万人，李敖往矣","050.2017年1月","71","《大李敖全集5.0》（wjm_tcy版）分章节/005.诗集语录类/005.虽千万人，李敖往矣/050.2017年1月.txt","","[]","data/timeline-events-sui-qianwan-li-ao-wangyi.json","sui-qianwan-2017-01-18-daily-weibo","{""id"":""sui-qianwan-2017-01-18-daily-weibo"",""date"":""2017-01-18"",""displayDate"":""2017年1月18日星期三"",""datePrecision"":""day"",""title"":""李敖发微博谈“不要脸的人发明了抗战怪论：说1931年918事变开始的是局部抗战、…”"",""summary"":""2017年1月18日，李敖在“哈囉李敖”微博发文：不要脸的人发明了抗战怪论：说1931年918事变开始的是局部抗战、1937年77事变开始的才是全面抗战，所以抗战是8年而非14年。这种怪论，真是自阉！试问抗战哪一次不是局部的？国民党自己出版《抗日战史》中，一次次丰功伟业，哪一次不是局部的？哪一次不是局部开打或开溜的？全面个屁呀。"",""view"":[""写作线"",""媒体线"",""晚年线""],""tags"":[""虽千万人，李敖往矣"",""哈囉李敖"",""微博"",""140字""],""people"":[""李敖""],""places"":[],""works"":[""虽千万人，李敖往矣"",""哈囉李敖""],""certainty"":""confirmed"",""source"":{""book"":""虽千万人，李敖往矣"",""chapter"":""050.2017年1月"",""path"":""《大李敖全集5.0》（wjm_tcy版）分章节/005.诗集语录类/005.虽千万人，李敖往矣/050.2017年1月.txt"",""line"":71,""lines"":[71,73]},""crossReferences"":[],""round"":""2026-07-11-sui-qianwan-li-ao-wangyi-daily-completion"",""dataFile"":""data/timeline-events-sui-qianwan-li-ao-wangyi.json""}"
"29357","2017","2017-01-19","2017年1月19日星期四","day","confirmed","李敖发微博谈“1931年918事变，东北军奉蒋介石之命不战而退，并背起“不抵抗主…”","2017年1月19日，李敖在“哈囉李敖”微博发文：1931年918事变，东北军奉蒋介石之命不战而退，并背起“不抵抗主义”黑锅，但马占山将军组织东北义勇军，虽无完卵、也要击石，挺身抗战。蒋介石当时只会“安内攘外”，同时打压马占山，并诬谤别人是汉奸。如今真汉奸的抗战史只有8年而非14年，少算了6年，因为前6年他们见不得人。","李敖","","虽千万人，李敖往矣、哈囉李敖、微博、140字","写作线、媒体线、晚年线","虽千万人，李敖往矣、哈囉李敖","","虽千万人，李敖往矣","050.2017年1月","75","《大李敖全集5.0》（wjm_tcy版）分章节/005.诗集语录类/005.虽千万人，李敖往矣/050.2017年1月.txt","","[]","data/timeline-events-sui-qianwan-li-ao-wangyi.json","sui-qianwan-2017-01-19-daily-weibo","{""id"":""sui-qianwan-2017-01-19-daily-weibo"",""date"":""2017-01-19"",""displayDate"":""2017年1月19日星期四"",""datePrecision"":""day"",""title"":""李敖发微博谈“1931年918事变，东北军奉蒋介石之命不战而退，并背起“不抵抗主…”"",""summary"":""2017年1月19日，李敖在“哈囉李敖”微博发文：1931年918事变，东北军奉蒋介石之命不战而退，并背起“不抵抗主义”黑锅，但马占山将军组织东北义勇军，虽无完卵、也要击石，挺身抗战。蒋介石当时只会“安内攘外”，同时打压马占山，并诬谤别人是汉奸。如今真汉奸的抗战史只有8年而非14年，少算了6年，因为前6年他们见不得人。"",""view"":[""写作线"",""媒体线"",""晚年线""],""tags"":[""虽千万人，李敖往矣"",""哈囉李敖"",""微博"",""140字""],""people"":[""李敖""],""places"":[],""works"":[""虽千万人，李敖往矣"",""哈囉李敖""],""certainty"":""confirmed"",""source"":{""book"":""虽千万人，李敖往矣"",""chapter"":""050.2017年1月"",""path"":""《大李敖全集5.0》（wjm_tcy版）分章节/005.诗集语录类/005.虽千万人，李敖往矣/050.2017年1月.txt"",""line"":75,""lines"":[75,77]},""crossReferences"":[],""round"":""2026-07-11-sui-qianwan-li-ao-wangyi-daily-completion"",""dataFile"":""data/timeline-events-sui-qianwan-li-ao-wangyi.json""}"
"29358","2017","2017-01-20","2017年1月20日星期五","day","confirmed","李敖发微博谈“如果吉朋（Edward Gibbon）不活在18世纪而活在今天，他…”","2017年1月20日，李敖在“哈囉李敖”微博发文：如果吉朋（Edward Gibbon）不活在18世纪而活在今天，他不写罗马衰亡（Decline and Fall）而写起美国衰亡来。美国将亡于：1.有力量毁灭世界而被世界反噬。2.傲慢与偏见。3.消耗能源。4.搅乱苍生。5.巧取豪夺还称老大。6.汽车泛滥，错过了铁路。7.同性恋引发社会问题。8.女人太嚣张。9.被犹太人牵了鼻子。","李敖","","虽千万人，李敖往矣、哈囉李敖、微博、140字","写作线、媒体线、晚年线","虽千万人，李敖往矣、哈囉李敖","","虽千万人，李敖往矣","050.2017年1月","79","《大李敖全集5.0》（wjm_tcy版）分章节/005.诗集语录类/005.虽千万人，李敖往矣/050.2017年1月.txt","","[]","data/timeline-events-sui-qianwan-li-ao-wangyi.json","sui-qianwan-2017-01-20-daily-weibo","{""id"":""sui-qianwan-2017-01-20-daily-weibo"",""date"":""2017-01-20"",""displayDate"":""2017年1月20日星期五"",""datePrecision"":""day"",""title"":""李敖发微博谈“如果吉朋（Edward Gibbon）不活在18世纪而活在今天，他…”"",""summary"":""2017年1月20日，李敖在“哈囉李敖”微博发文：如果吉朋（Edward Gibbon）不活在18世纪而活在今天，他不写罗马衰亡（Decline and Fall）而写起美国衰亡来。美国将亡于：1.有力量毁灭世界而被世界反噬。2.傲慢与偏见。3.消耗能源。4.搅乱苍生。5.巧取豪夺还称老大。6.汽车泛滥，错过了铁路。7.同性恋引发社会问题。8.女人太嚣张。9.被犹太人牵了鼻子。"",""view"":[""写作线"",""媒体线"",""晚年线""],""tags"":[""虽千万人，李敖往矣"",""哈囉李敖"",""微博"",""140字""],""people"":[""李敖""],""places"":[],""works"":[""虽千万人，李敖往矣"",""哈囉李敖""],""certainty"":""confirmed"",""source"":{""book"":""虽千万人，李敖往矣"",""chapter"":""050.2017年1月"",""path"":""《大李敖全集5.0》（wjm_tcy版）分章节/005.诗集语录类/005.虽千万人，李敖往矣/050.2017年1月.txt"",""line"":79,""lines"":[79,81]},""crossReferences"":[],""round"":""2026-07-11-sui-qianwan-li-ao-wangyi-daily-completion"",""dataFile"":""data/timeline-events-sui-qianwan-li-ao-wangyi.json""}"
"29359","2017","2017-01-21","2017年1月21日","day","confirmed","李敖在飞页书屋从《阳痿美国》美元九一一和台湾关系法说美国不会保护台湾","李敖说《阳痿美国》批美国，提到美元、九一一和《台湾关系法》，结论是美国不会真正保护台湾。","李敖","台北、美国","李敖演讲集、演讲、飞页书屋、文星、晚年演讲、阳痿美国、美元、九一一、台湾关系法、美国","演讲线、公共事件线","李敖演讲集、054.20170121李敖飞页书屋演讲、阳痿美国、台湾关系法","","李敖演讲集","054.20170121李敖飞页书屋演讲","197","《大李敖全集5.0》（wjm_tcy版）分章节/010.节目演讲类/011.李敖演讲集/054.20170121李敖飞页书屋演讲.txt","","[]","data/timeline-events-li-ao-yanjiangji.json","li-ao-yanjiangji-054-connects-yangwei-america-dollar-and-tra-to-america-not-protecting-taiwan","{""id"":""li-ao-yanjiangji-054-connects-yangwei-america-dollar-and-tra-to-america-not-protecting-taiwan"",""date"":""2017-01-21"",""displayDate"":""2017年1月21日"",""datePrecision"":""day"",""title"":""李敖在飞页书屋从《阳痿美国》美元九一一和台湾关系法说美国不会保护台湾"",""summary"":""李敖说《阳痿美国》批美国，提到美元、九一一和《台湾关系法》，结论是美国不会真正保护台湾。"",""view"":[""演讲线"",""公共事件线""],""tags"":[""李敖演讲集"",""演讲"",""飞页书屋"",""文星"",""晚年演讲"",""阳痿美国"",""美元"",""九一一"",""台湾关系法"",""美国""],""people"":[""李敖""],""places"":[""台北"",""美国""],""works"":[""李敖演讲集"",""054.20170121李敖飞页书屋演讲"",""阳痿美国"",""台湾关系法""],""certainty"":""confirmed"",""source"":{""book"":""李敖演讲集"",""chapter"":""054.20170121李敖飞页书屋演讲"",""path"":""《大李敖全集5.0》（wjm_tcy版）分章节/010.节目演讲类/011.李敖演讲集/054.20170121李敖飞页书屋演讲.txt"",""line"":197,""lines"":[197,199,201,202]},""crossReferences"":[],""dataFile"":""data/timeline-events-li-ao-yanjiangji.json""}"
"29360","2017","2017-01-21","2017年1月21日","day","confirmed","李敖在飞页书屋区分真假文星并回忆许倬云封面案赢八百万","李敖说展览中的文星有真有假，真正的文星从他进入后才开始，后来到九十九期被禁；萧孟能复刊失败，他又提到因许倬云封面赢得八百万元诉讼。","李敖、许倬云、萧孟能","台北","李敖演讲集、演讲、飞页书屋、文星、晚年演讲、许倬云、萧孟能、诉讼、八百万","演讲线、公共事件线","李敖演讲集、054.20170121李敖飞页书屋演讲","","李敖演讲集","054.20170121李敖飞页书屋演讲","19","《大李敖全集5.0》（wjm_tcy版）分章节/010.节目演讲类/011.李敖演讲集/054.20170121李敖飞页书屋演讲.txt","","[]","data/timeline-events-li-ao-yanjiangji.json","li-ao-yanjiangji-054-distinguishes-real-and-fake-wenxing-and-recalls-xu-zhuoyun-lawsuit","{""id"":""li-ao-yanjiangji-054-distinguishes-real-and-fake-wenxing-and-recalls-xu-zhuoyun-lawsuit"",""date"":""2017-01-21"",""displayDate"":""2017年1月21日"",""datePrecision"":""day"",""title"":""李敖在飞页书屋区分真假文星并回忆许倬云封面案赢八百万"",""summary"":""李敖说展览中的文星有真有假，真正的文星从他进入后才开始，后来到九十九期被禁；萧孟能复刊失败，他又提到因许倬云封面赢得八百万元诉讼。"",""view"":[""演讲线"",""公共事件线""],""tags"":[""李敖演讲集"",""演讲"",""飞页书屋"",""文星"",""晚年演讲"",""许倬云"",""萧孟能"",""诉讼"",""八百万""],""people"":[""李敖"",""许倬云"",""萧孟能""],""places"":[""台北""],""works"":[""李敖演讲集"",""054.20170121李敖飞页书屋演讲""],""certainty"":""confirmed"",""source"":{""book"":""李敖演讲集"",""chapter"":""054.20170121李敖飞页书屋演讲"",""path"":""《大李敖全集5.0》（wjm_tcy版）分章节/010.节目演讲类/011.李敖演讲集/054.20170121李敖飞页书屋演讲.txt"",""line"":19,""lines"":[19]},""crossReferences"":[],""dataFile"":""data/timeline-events-li-ao-yanjiangji.json""}"
"29361","2017","2017-01-21","2017年1月21日","day","confirmed","李敖在飞页书屋开场说脑瘤压迫腿神经医生估他剩三年","李敖在飞页书屋说左腿失灵仍因礼貌站着演讲，脑瘤病例罕见且压迫腿神经，医生估计他大约还有三年。","李敖","台北","李敖演讲集、演讲、飞页书屋、文星、晚年演讲、脑瘤、左腿、医生、三年、最后演讲","演讲线、公共事件线","李敖演讲集、054.20170121李敖飞页书屋演讲","","李敖演讲集","054.20170121李敖飞页书屋演讲","17","《大李敖全集5.0》（wjm_tcy版）分章节/010.节目演讲类/011.李敖演讲集/054.20170121李敖飞页书屋演讲.txt","","[]","data/timeline-events-li-ao-yanjiangji.json","li-ao-yanjiangji-054-opens-flypage-talk-with-brain-tumor-leg-impairment-and-three-years-left","{""id"":""li-ao-yanjiangji-054-opens-flypage-talk-with-brain-tumor-leg-impairment-and-three-years-left"",""date"":""2017-01-21"",""displayDate"":""2017年1月21日"",""datePrecision"":""day"",""title"":""李敖在飞页书屋开场说脑瘤压迫腿神经医生估他剩三年"",""summary"":""李敖在飞页书屋说左腿失灵仍因礼貌站着演讲，脑瘤病例罕见且压迫腿神经，医生估计他大约还有三年。"",""view"":[""演讲线"",""公共事件线""],""tags"":[""李敖演讲集"",""演讲"",""飞页书屋"",""文星"",""晚年演讲"",""脑瘤"",""左腿"",""医生"",""三年"",""最后演讲""],""people"":[""李敖""],""places"":[""台北""],""works"":[""李敖演讲集"",""054.20170121李敖飞页书屋演讲""],""certainty"":""confirmed"",""source"":{""book"":""李敖演讲集"",""chapter"":""054.20170121李敖飞页书屋演讲"",""path"":""《大李敖全集5.0》（wjm_tcy版）分章节/010.节目演讲类/011.李敖演讲集/054.20170121李敖飞页书屋演讲.txt"",""line"":17,""lines"":[17]},""crossReferences"":[],""dataFile"":""data/timeline-events-li-ao-yanjiangji.json""}"
"29362","2017","2017-01-21","2017年1月21日","day","confirmed","李敖在飞页书屋认出林衡哲与文星译作《当代智慧人物访问录》","李敖在现场认出林衡哲，记得他和文星翻译《当代智慧人物访问录》的关系。","李敖、林衡哲","台北","李敖演讲集、演讲、飞页书屋、文星、晚年演讲、林衡哲、翻译","演讲线、公共事件线","李敖演讲集、054.20170121李敖飞页书屋演讲、当代智慧人物访问录","","李敖演讲集","054.20170121李敖飞页书屋演讲","33","《大李敖全集5.0》（wjm_tcy版）分章节/010.节目演讲类/011.李敖演讲集/054.20170121李敖飞页书屋演讲.txt","","[]","data/timeline-events-li-ao-yanjiangji.json","li-ao-yanjiangji-054-recognizes-lin-hengzhe-from-wenxing-translation","{""id"":""li-ao-yanjiangji-054-recognizes-lin-hengzhe-from-wenxing-translation"",""date"":""2017-01-21"",""displayDate"":""2017年1月21日"",""datePrecision"":""day"",""title"":""李敖在飞页书屋认出林衡哲与文星译作《当代智慧人物访问录》"",""summary"":""李敖在现场认出林衡哲，记得他和文星翻译《当代智慧人物访问录》的关系。"",""view"":[""演讲线"",""公共事件线""],""tags"":[""李敖演讲集"",""演讲"",""飞页书屋"",""文星"",""晚年演讲"",""林衡哲"",""翻译""],""people"":[""李敖"",""林衡哲""],""places"":[""台北""],""works"":[""李敖演讲集"",""054.20170121李敖飞页书屋演讲"",""当代智慧人物访问录""],""certainty"":""confirmed"",""source"":{""book"":""李敖演讲集"",""chapter"":""054.20170121李敖飞页书屋演讲"",""path"":""《大李敖全集5.0》（wjm_tcy版）分章节/010.节目演讲类/011.李敖演讲集/054.20170121李敖飞页书屋演讲.txt"",""line"":33,""lines"":[33]},""crossReferences"":[],""dataFile"":""data/timeline-events-li-ao-yanjiangji.json""}"
"29363","2017","2017-01-21","2017年1月21日","day","confirmed","李敖在飞页书屋用《第73烈士》说蒋介石篡夺革命且台湾人必须学会不服从","李敖从《第73烈士》谈黄花岗没有浙江人、蒋介石篡夺革命，再说台湾一路受清朝、日本、国民党和后来权力影响，真正的人必须学会不服从并承受名誉和没有同志的代价。","李敖、蒋介石","台北","李敖演讲集、演讲、飞页书屋、文星、晚年演讲、第73烈士、黄花岗、蒋介石、不服从、台湾","演讲线、公共事件线","李敖演讲集、054.20170121李敖飞页书屋演讲、第73烈士","","李敖演讲集","054.20170121李敖飞页书屋演讲","258","《大李敖全集5.0》（wjm_tcy版）分章节/010.节目演讲类/011.李敖演讲集/054.20170121李敖飞页书屋演讲.txt","","[]","data/timeline-events-li-ao-yanjiangji.json","li-ao-yanjiangji-054-uses-seventy-third-martyr-to-say-chiang-usurped-revolution-and-people-must-disobey","{""id"":""li-ao-yanjiangji-054-uses-seventy-third-martyr-to-say-chiang-usurped-revolution-and-people-must-disobey"",""date"":""2017-01-21"",""displayDate"":""2017年1月21日"",""datePrecision"":""day"",""title"":""李敖在飞页书屋用《第73烈士》说蒋介石篡夺革命且台湾人必须学会不服从"",""summary"":""李敖从《第73烈士》谈黄花岗没有浙江人、蒋介石篡夺革命，再说台湾一路受清朝、日本、国民党和后来权力影响，真正的人必须学会不服从并承受名誉和没有同志的代价。"",""view"":[""演讲线"",""公共事件线""],""tags"":[""李敖演讲集"",""演讲"",""飞页书屋"",""文星"",""晚年演讲"",""第73烈士"",""黄花岗"",""蒋介石"",""不服从"",""台湾""],""people"":[""李敖"",""蒋介石""],""places"":[""台北""],""works"":[""李敖演讲集"",""054.20170121李敖飞页书屋演讲"",""第73烈士""],""certainty"":""confirmed"",""source"":{""book"":""李敖演讲集"",""chapter"":""054.20170121李敖飞页书屋演讲"",""path"":""《大李敖全集5.0》（wjm_tcy版）分章节/010.节目演讲类/011.李敖演讲集/054.20170121李敖飞页书屋演讲.txt"",""line"":258,""lines"":[258,260]},""crossReferences"":[],""dataFile"":""data/timeline-events-li-ao-yanjiangji.json""}"
"29364","2017","2017-01-21","2017年1月21日","day","confirmed","李敖在飞页书屋用《蓝色的毛毯》和李远哲评判逃出去又回来的人","李敖讲《蓝色的毛毯》故事，并说李远哲本是美国公民和诺贝尔奖得主，逃出去后回来帮台湾却把教育改革做成灾难，还让中研院制度自肥。","李敖、李远哲","台北","李敖演讲集、演讲、飞页书屋、文星、晚年演讲、蓝色的毛毯、李远哲、教育改革、中研院、诺贝尔奖","演讲线、公共事件线","李敖演讲集、054.20170121李敖飞页书屋演讲、蓝色的毛毯","","李敖演讲集","054.20170121李敖飞页书屋演讲","260","《大李敖全集5.0》（wjm_tcy版）分章节/010.节目演讲类/011.李敖演讲集/054.20170121李敖飞页书屋演讲.txt","","[]","data/timeline-events-li-ao-yanjiangji.json","li-ao-yanjiangji-054-uses-blue-blanket-and-li-yuanzhe-to-judge-returned-escapee-disaster","{""id"":""li-ao-yanjiangji-054-uses-blue-blanket-and-li-yuanzhe-to-judge-returned-escapee-disaster"",""date"":""2017-01-21"",""displayDate"":""2017年1月21日"",""datePrecision"":""day"",""title"":""李敖在飞页书屋用《蓝色的毛毯》和李远哲评判逃出去又回来的人"",""summary"":""李敖讲《蓝色的毛毯》故事，并说李远哲本是美国公民和诺贝尔奖得主，逃出去后回来帮台湾却把教育改革做成灾难，还让中研院制度自肥。"",""view"":[""演讲线"",""公共事件线""],""tags"":[""李敖演讲集"",""演讲"",""飞页书屋"",""文星"",""晚年演讲"",""蓝色的毛毯"",""李远哲"",""教育改革"",""中研院"",""诺贝尔奖""],""people"":[""李敖"",""李远哲""],""places"":[""台北""],""works"":[""李敖演讲集"",""054.20170121李敖飞页书屋演讲"",""蓝色的毛毯""],""certainty"":""confirmed"",""source"":{""book"":""李敖演讲集"",""chapter"":""054.20170121李敖飞页书屋演讲"",""path"":""《大李敖全集5.0》（wjm_tcy版）分章节/010.节目演讲类/011.李敖演讲集/054.20170121李敖飞页书屋演讲.txt"",""line"":260,""lines"":[260,262]},""crossReferences"":[],""dataFile"":""data/timeline-events-li-ao-yanjiangji.json""}"
"29365","2017","2017-01-21","2017年1月21日","day","confirmed","李敖在飞页书屋用毛诗注释漏刘志逊说明《文星》也挖共产党根","李敖说《文星》式挖根也可挖共产党根，例如毛泽东诗注释没有讲刘志逊被共产党杀害这层历史。","李敖、毛泽东、刘志逊","台北","李敖演讲集、演讲、飞页书屋、文星、晚年演讲、毛泽东、刘志逊、共产党、挖根","演讲线、公共事件线","李敖演讲集、054.20170121李敖飞页书屋演讲","li-ao-yanjiangji-050-uses-mao-poem-liu-zhixun-and-wang-shiwei-to-discuss-own-side-killings、li-ao-youhua-shuo-644-shows-dictionary-entry-on-liu-zhixun-wrongful-killing、li-ao-yumiao-tianxia-062-shows-liu-zhixun-photo-and-own-side-killing","李敖演讲集","054.20170121李敖飞页书屋演讲","129","《大李敖全集5.0》（wjm_tcy版）分章节/010.节目演讲类/011.李敖演讲集/054.20170121李敖飞页书屋演讲.txt","","[]","data/timeline-events-li-ao-yanjiangji.json","li-ao-yanjiangji-054-uses-mao-poem-and-liu-zhixun-to-dig-ccp-roots-through-wenxing-method","{""id"":""li-ao-yanjiangji-054-uses-mao-poem-and-liu-zhixun-to-dig-ccp-roots-through-wenxing-method"",""date"":""2017-01-21"",""displayDate"":""2017年1月21日"",""datePrecision"":""day"",""title"":""李敖在飞页书屋用毛诗注释漏刘志逊说明《文星》也挖共产党根"",""summary"":""李敖说《文星》式挖根也可挖共产党根，例如毛泽东诗注释没有讲刘志逊被共产党杀害这层历史。"",""view"":[""演讲线"",""公共事件线""],""tags"":[""李敖演讲集"",""演讲"",""飞页书屋"",""文星"",""晚年演讲"",""毛泽东"",""刘志逊"",""共产党"",""挖根""],""people"":[""李敖"",""毛泽东"",""刘志逊""],""places"":[""台北""],""works"":[""李敖演讲集"",""054.20170121李敖飞页书屋演讲""],""certainty"":""confirmed"",""source"":{""book"":""李敖演讲集"",""chapter"":""054.20170121李敖飞页书屋演讲"",""path"":""《大李敖全集5.0》（wjm_tcy版）分章节/010.节目演讲类/011.李敖演讲集/054.20170121李敖飞页书屋演讲.txt"",""line"":129,""lines"":[129]},""crossReferences"":[""li-ao-yanjiangji-050-uses-mao-poem-liu-zhixun-and-wang-shiwei-to-discuss-own-side-killings"",""li-ao-youhua-shuo-644-shows-dictionary-entry-on-liu-zhixun-wrongful-killing"",""li-ao-yumiao-tianxia-062-shows-liu-zhixun-photo-and-own-side-killing""],""dataFile"":""data/timeline-events-li-ao-yanjiangji.json""}"
"29366","2017","2017-01-21","2017年1月21日","day","confirmed","李敖在飞页书屋用电影和柯达比喻出版业衰落","李敖说沈登恩相信出版还能被拯救是错的，出版像胶片和柯达一样正在被时代淘汰。","李敖、沈登恩","台北","李敖演讲集、演讲、飞页书屋、文星、晚年演讲、出版业、柯达、电影、衰落","演讲线、公共事件线","李敖演讲集、054.20170121李敖飞页书屋演讲","","李敖演讲集","054.20170121李敖飞页书屋演讲","25","《大李敖全集5.0》（wjm_tcy版）分章节/010.节目演讲类/011.李敖演讲集/054.20170121李敖飞页书屋演讲.txt","","[]","data/timeline-events-li-ao-yanjiangji.json","li-ao-yanjiangji-054-compares-publishing-decline-to-film-and-kodak","{""id"":""li-ao-yanjiangji-054-compares-publishing-decline-to-film-and-kodak"",""date"":""2017-01-21"",""displayDate"":""2017年1月21日"",""datePrecision"":""day"",""title"":""李敖在飞页书屋用电影和柯达比喻出版业衰落"",""summary"":""李敖说沈登恩相信出版还能被拯救是错的，出版像胶片和柯达一样正在被时代淘汰。"",""view"":[""演讲线"",""公共事件线""],""tags"":[""李敖演讲集"",""演讲"",""飞页书屋"",""文星"",""晚年演讲"",""出版业"",""柯达"",""电影"",""衰落""],""people"":[""李敖"",""沈登恩""],""places"":[""台北""],""works"":[""李敖演讲集"",""054.20170121李敖飞页书屋演讲""],""certainty"":""confirmed"",""source"":{""book"":""李敖演讲集"",""chapter"":""054.20170121李敖飞页书屋演讲"",""path"":""《大李敖全集5.0》（wjm_tcy版）分章节/010.节目演讲类/011.李敖演讲集/054.20170121李敖飞页书屋演讲.txt"",""line"":25,""lines"":[25]},""crossReferences"":[],""dataFile"":""data/timeline-events-li-ao-yanjiangji.json""}"
"29367","2017","2017-01-21","2017年1月21日","day","confirmed","李敖在飞页书屋纠正自己没有婚纱合照和戒指只有易拉罐环","李敖说照片说明有误，他没有婚纱合照，也没有戒指，只曾用易拉罐拉环当戒指，婚纱照是妻子自己去拍的。","李敖","台北","李敖演讲集、演讲、飞页书屋、文星、晚年演讲、婚礼、照片、戒指、易拉罐环","演讲线、公共事件线","李敖演讲集、054.20170121李敖飞页书屋演讲","","李敖演讲集","054.20170121李敖飞页书屋演讲","23","《大李敖全集5.0》（wjm_tcy版）分章节/010.节目演讲类/011.李敖演讲集/054.20170121李敖飞页书屋演讲.txt","","[]","data/timeline-events-li-ao-yanjiangji.json","li-ao-yanjiangji-054-corrects-wedding-photo-and-pull-tab-ring-story","{""id"":""li-ao-yanjiangji-054-corrects-wedding-photo-and-pull-tab-ring-story"",""date"":""2017-01-21"",""displayDate"":""2017年1月21日"",""datePrecision"":""day"",""title"":""李敖在飞页书屋纠正自己没有婚纱合照和戒指只有易拉罐环"",""summary"":""李敖说照片说明有误，他没有婚纱合照，也没有戒指，只曾用易拉罐拉环当戒指，婚纱照是妻子自己去拍的。"",""view"":[""演讲线"",""公共事件线""],""tags"":[""李敖演讲集"",""演讲"",""飞页书屋"",""文星"",""晚年演讲"",""婚礼"",""照片"",""戒指"",""易拉罐环""],""people"":[""李敖""],""places"":[""台北""],""works"":[""李敖演讲集"",""054.20170121李敖飞页书屋演讲""],""certainty"":""confirmed"",""source"":{""book"":""李敖演讲集"",""chapter"":""054.20170121李敖飞页书屋演讲"",""path"":""《大李敖全集5.0》（wjm_tcy版）分章节/010.节目演讲类/011.李敖演讲集/054.20170121李敖飞页书屋演讲.txt"",""line"":23,""lines"":[23]},""crossReferences"":[],""dataFile"":""data/timeline-events-li-ao-yanjiangji.json""}"
"29368","2017","2017-01-21","2017年1月21日","day","confirmed","李敖在飞页书屋回忆二〇〇五年北大清华复旦演讲及打着红旗反红旗得罪共产党","李敖回忆二〇〇五年到北大、清华、复旦演讲，开红地毯玩笑，并用“打着红旗反红旗”谈毛泽东，因而得罪共产党。","李敖、毛泽东","台北、北京大学、清华大学、复旦大学","李敖演讲集、演讲、飞页书屋、文星、晚年演讲、神州文化之旅、北京大学、清华大学、复旦大学、毛泽东","演讲线、公共事件线","李敖演讲集、054.20170121李敖飞页书屋演讲","","李敖演讲集","054.20170121李敖飞页书屋演讲","91","《大李敖全集5.0》（wjm_tcy版）分章节/010.节目演讲类/011.李敖演讲集/054.20170121李敖飞页书屋演讲.txt","","[]","data/timeline-events-li-ao-yanjiangji.json","li-ao-yanjiangji-054-recalls-2005-mainland-campus-tour-and-offending-ccp-with-red-flag-line","{""id"":""li-ao-yanjiangji-054-recalls-2005-mainland-campus-tour-and-offending-ccp-with-red-flag-line"",""date"":""2017-01-21"",""displayDate"":""2017年1月21日"",""datePrecision"":""day"",""title"":""李敖在飞页书屋回忆二〇〇五年北大清华复旦演讲及打着红旗反红旗得罪共产党"",""summary"":""李敖回忆二〇〇五年到北大、清华、复旦演讲，开红地毯玩笑，并用“打着红旗反红旗”谈毛泽东，因而得罪共产党。"",""view"":[""演讲线"",""公共事件线""],""tags"":[""李敖演讲集"",""演讲"",""飞页书屋"",""文星"",""晚年演讲"",""神州文化之旅"",""北京大学"",""清华大学"",""复旦大学"",""毛泽东""],""people"":[""李敖"",""毛泽东""],""places"":[""台北"",""北京大学"",""清华大学"",""复旦大学""],""works"":[""李敖演讲集"",""054.20170121李敖飞页书屋演讲""],""certainty"":""confirmed"",""source"":{""book"":""李敖演讲集"",""chapter"":""054.20170121李敖飞页书屋演讲"",""path"":""《大李敖全集5.0》（wjm_tcy版）分章节/010.节目演讲类/011.李敖演讲集/054.20170121李敖飞页书屋演讲.txt"",""line"":91,""lines"":[91,93]},""crossReferences"":[],""dataFile"":""data/timeline-events-li-ao-yanjiangji.json""}"
"29369","2017","2017-01-21","2017年1月21日","day","confirmed","李敖在飞页书屋回忆沈登恩出钱出版并相信他出狱后还能回来","李敖说沈登恩的妻子付钱让书能出版，沈登恩在他出狱后见到他，判断他仍是作家、还能回来；他则曾在出狱后把自己关了五个半月，最后被国安局拉出来。","李敖、沈登恩","台北","李敖演讲集、演讲、飞页书屋、文星、晚年演讲、沈登恩、出狱、出版、国安局、五个半月","演讲线、公共事件线","李敖演讲集、054.20170121李敖飞页书屋演讲","","李敖演讲集","054.20170121李敖飞页书屋演讲","25","《大李敖全集5.0》（wjm_tcy版）分章节/010.节目演讲类/011.李敖演讲集/054.20170121李敖飞页书屋演讲.txt","","[]","data/timeline-events-li-ao-yanjiangji.json","li-ao-yanjiangji-054-recalls-shen-dengen-backing-him-after-prison-and-his-five-month-lockup","{""id"":""li-ao-yanjiangji-054-recalls-shen-dengen-backing-him-after-prison-and-his-five-month-lockup"",""date"":""2017-01-21"",""displayDate"":""2017年1月21日"",""datePrecision"":""day"",""title"":""李敖在飞页书屋回忆沈登恩出钱出版并相信他出狱后还能回来"",""summary"":""李敖说沈登恩的妻子付钱让书能出版，沈登恩在他出狱后见到他，判断他仍是作家、还能回来；他则曾在出狱后把自己关了五个半月，最后被国安局拉出来。"",""view"":[""演讲线"",""公共事件线""],""tags"":[""李敖演讲集"",""演讲"",""飞页书屋"",""文星"",""晚年演讲"",""沈登恩"",""出狱"",""出版"",""国安局"",""五个半月""],""people"":[""李敖"",""沈登恩""],""places"":[""台北""],""works"":[""李敖演讲集"",""054.20170121李敖飞页书屋演讲""],""certainty"":""confirmed"",""source"":{""book"":""李敖演讲集"",""chapter"":""054.20170121李敖飞页书屋演讲"",""path"":""《大李敖全集5.0》（wjm_tcy版）分章节/010.节目演讲类/011.李敖演讲集/054.20170121李敖飞页书屋演讲.txt"",""line"":25,""lines"":[25]},""crossReferences"":[],""dataFile"":""data/timeline-events-li-ao-yanjiangji.json""}"
"29370","2017","2017-01-21","2017年1月21日","day","confirmed","李敖在飞页书屋回忆沈登恩高信疆帮他复出并为高信疆买墓","李敖说沈登恩最有眼光的是《尹县长》，后来沈登恩经高信疆和《中国时报》支持他复出；高信疆去世后，他不去追悼会，而花六十万为高买墓。","李敖、沈登恩、高信疆","台北","李敖演讲集、演讲、飞页书屋、文星、晚年演讲、沈登恩、高信疆、中国时报、复出、墓地","演讲线、公共事件线","李敖演讲集、054.20170121李敖飞页书屋演讲、尹县长、中国时报","","李敖演讲集","054.20170121李敖飞页书屋演讲","50","《大李敖全集5.0》（wjm_tcy版）分章节/010.节目演讲类/011.李敖演讲集/054.20170121李敖飞页书屋演讲.txt","","[]","data/timeline-events-li-ao-yanjiangji.json","li-ao-yanjiangji-054-recalls-shen-dengen-gao-xinjiang-and-buying-grave-for-gao","{""id"":""li-ao-yanjiangji-054-recalls-shen-dengen-gao-xinjiang-and-buying-grave-for-gao"",""date"":""2017-01-21"",""displayDate"":""2017年1月21日"",""datePrecision"":""day"",""title"":""李敖在飞页书屋回忆沈登恩高信疆帮他复出并为高信疆买墓"",""summary"":""李敖说沈登恩最有眼光的是《尹县长》，后来沈登恩经高信疆和《中国时报》支持他复出；高信疆去世后，他不去追悼会，而花六十万为高买墓。"",""view"":[""演讲线"",""公共事件线""],""tags"":[""李敖演讲集"",""演讲"",""飞页书屋"",""文星"",""晚年演讲"",""沈登恩"",""高信疆"",""中国时报"",""复出"",""墓地""],""people"":[""李敖"",""沈登恩"",""高信疆""],""places"":[""台北""],""works"":[""李敖演讲集"",""054.20170121李敖飞页书屋演讲"",""尹县长"",""中国时报""],""certainty"":""confirmed"",""source"":{""book"":""李敖演讲集"",""chapter"":""054.20170121李敖飞页书屋演讲"",""path"":""《大李敖全集5.0》（wjm_tcy版）分章节/010.节目演讲类/011.李敖演讲集/054.20170121李敖飞页书屋演讲.txt"",""line"":50,""lines"":[50,51,53]},""crossReferences"":[],""dataFile"":""data/timeline-events-li-ao-yanjiangji.json""}"
"29371","2017","2017-01-21","2017年1月21日","day","confirmed","李敖在飞页书屋回顾从TVBS华视到凤凰卫视《李敖有话说》的电视曝光","李敖回忆早期有线电视、TVBS、华视和苏逸洪，再说刘长乐和凤凰卫视开价促成《李敖有话说》，北京要求三月七日付款三月八日开播。","李敖、苏逸洪、刘长乐","台北","李敖演讲集、演讲、飞页书屋、文星、晚年演讲、电视、TVBS、华视、凤凰卫视、李敖有话说","演讲线、公共事件线","李敖演讲集、054.20170121李敖飞页书屋演讲、李敖有话说","","李敖演讲集","054.20170121李敖飞页书屋演讲","83","《大李敖全集5.0》（wjm_tcy版）分章节/010.节目演讲类/011.李敖演讲集/054.20170121李敖飞页书屋演讲.txt","","[]","data/timeline-events-li-ao-yanjiangji.json","li-ao-yanjiangji-054-traces-tv-exposure-from-tvbs-to-phoenix-and-youhuashuo","{""id"":""li-ao-yanjiangji-054-traces-tv-exposure-from-tvbs-to-phoenix-and-youhuashuo"",""date"":""2017-01-21"",""displayDate"":""2017年1月21日"",""datePrecision"":""day"",""title"":""李敖在飞页书屋回顾从TVBS华视到凤凰卫视《李敖有话说》的电视曝光"",""summary"":""李敖回忆早期有线电视、TVBS、华视和苏逸洪，再说刘长乐和凤凰卫视开价促成《李敖有话说》，北京要求三月七日付款三月八日开播。"",""view"":[""演讲线"",""公共事件线""],""tags"":[""李敖演讲集"",""演讲"",""飞页书屋"",""文星"",""晚年演讲"",""电视"",""TVBS"",""华视"",""凤凰卫视"",""李敖有话说""],""people"":[""李敖"",""苏逸洪"",""刘长乐""],""places"":[""台北""],""works"":[""李敖演讲集"",""054.20170121李敖飞页书屋演讲"",""李敖有话说""],""certainty"":""confirmed"",""source"":{""book"":""李敖演讲集"",""chapter"":""054.20170121李敖飞页书屋演讲"",""path"":""《大李敖全集5.0》（wjm_tcy版）分章节/010.节目演讲类/011.李敖演讲集/054.20170121李敖飞页书屋演讲.txt"",""line"":83,""lines"":[83,85,87,89]},""crossReferences"":[],""dataFile"":""data/timeline-events-li-ao-yanjiangji.json""}"
"29372","2017","2017-01-21","2017年1月21日","day","confirmed","李敖在飞页书屋批马英九军购比陈水扁李登辉更多又捐钱给日本","李敖说马英九买的美国武器比陈水扁和李登辉还多，并非亲北京；他又批台湾捐日本六十六亿新台币，日本仍轻视台湾。","李敖、马英九、陈水扁、李登辉、林全","台北、日本、美国","李敖演讲集、演讲、飞页书屋、文星、晚年演讲、马英九、军购、日本、陈水扁、李登辉","演讲线、公共事件线","李敖演讲集、054.20170121李敖飞页书屋演讲","","李敖演讲集","054.20170121李敖飞页书屋演讲","204","《大李敖全集5.0》（wjm_tcy版）分章节/010.节目演讲类/011.李敖演讲集/054.20170121李敖飞页书屋演讲.txt","","[]","data/timeline-events-li-ao-yanjiangji.json","li-ao-yanjiangji-054-criticizes-ma-yingjeou-arms-purchases-and-japan-donation","{""id"":""li-ao-yanjiangji-054-criticizes-ma-yingjeou-arms-purchases-and-japan-donation"",""date"":""2017-01-21"",""displayDate"":""2017年1月21日"",""datePrecision"":""day"",""title"":""李敖在飞页书屋批马英九军购比陈水扁李登辉更多又捐钱给日本"",""summary"":""李敖说马英九买的美国武器比陈水扁和李登辉还多，并非亲北京；他又批台湾捐日本六十六亿新台币，日本仍轻视台湾。"",""view"":[""演讲线"",""公共事件线""],""tags"":[""李敖演讲集"",""演讲"",""飞页书屋"",""文星"",""晚年演讲"",""马英九"",""军购"",""日本"",""陈水扁"",""李登辉""],""people"":[""李敖"",""马英九"",""陈水扁"",""李登辉"",""林全""],""places"":[""台北"",""日本"",""美国""],""works"":[""李敖演讲集"",""054.20170121李敖飞页书屋演讲""],""certainty"":""confirmed"",""source"":{""book"":""李敖演讲集"",""chapter"":""054.20170121李敖飞页书屋演讲"",""path"":""《大李敖全集5.0》（wjm_tcy版）分章节/010.节目演讲类/011.李敖演讲集/054.20170121李敖飞页书屋演讲.txt"",""line"":204,""lines"":[204,206]},""crossReferences"":[],""dataFile"":""data/timeline-events-li-ao-yanjiangji.json""}"
"29373","2017","2017-01-21","2017年1月21日","day","confirmed","李敖在飞页书屋批台湾现代文学名家没有真正才华","李敖批评陈若曦、白先勇、王文兴、台静农和余光中等台湾现代文学人物，认为他们缺乏真正才华，诗人也应反对政府。","李敖、陈若曦、白先勇、王文兴、台静农、余光中","台北","李敖演讲集、演讲、飞页书屋、文星、晚年演讲、台湾文学、陈若曦、白先勇、王文兴、余光中","演讲线、公共事件线","李敖演讲集、054.20170121李敖飞页书屋演讲","","李敖演讲集","054.20170121李敖飞页书屋演讲","45","《大李敖全集5.0》（wjm_tcy版）分章节/010.节目演讲类/011.李敖演讲集/054.20170121李敖飞页书屋演讲.txt","","[]","data/timeline-events-li-ao-yanjiangji.json","li-ao-yanjiangji-054-criticizes-taiwan-modern-literature-writers-as-lacking-talent","{""id"":""li-ao-yanjiangji-054-criticizes-taiwan-modern-literature-writers-as-lacking-talent"",""date"":""2017-01-21"",""displayDate"":""2017年1月21日"",""datePrecision"":""day"",""title"":""李敖在飞页书屋批台湾现代文学名家没有真正才华"",""summary"":""李敖批评陈若曦、白先勇、王文兴、台静农和余光中等台湾现代文学人物，认为他们缺乏真正才华，诗人也应反对政府。"",""view"":[""演讲线"",""公共事件线""],""tags"":[""李敖演讲集"",""演讲"",""飞页书屋"",""文星"",""晚年演讲"",""台湾文学"",""陈若曦"",""白先勇"",""王文兴"",""余光中""],""people"":[""李敖"",""陈若曦"",""白先勇"",""王文兴"",""台静农"",""余光中""],""places"":[""台北""],""works"":[""李敖演讲集"",""054.20170121李敖飞页书屋演讲""],""certainty"":""confirmed"",""source"":{""book"":""李敖演讲集"",""chapter"":""054.20170121李敖飞页书屋演讲"",""path"":""《大李敖全集5.0》（wjm_tcy版）分章节/010.节目演讲类/011.李敖演讲集/054.20170121李敖飞页书屋演讲.txt"",""line"":45,""lines"":[45,47,49]},""crossReferences"":[],""dataFile"":""data/timeline-events-li-ao-yanjiangji.json""}"
"29374","2017","2017-01-21","2017年1月21日","day","confirmed","李敖在飞页书屋把《自由中国》和《文星》区分为政治与文化挖根","李敖说《自由中国》是政治性的，《文星》则是文化挖根；他进入后才把《文星》变成挖国民党根、也挖共产党根的刊物。","李敖","台北","李敖演讲集、演讲、飞页书屋、文星、晚年演讲、自由中国、政治、文化挖根","演讲线、公共事件线","李敖演讲集、054.20170121李敖飞页书屋演讲、自由中国、文星","","李敖演讲集","054.20170121李敖飞页书屋演讲","127","《大李敖全集5.0》（wjm_tcy版）分章节/010.节目演讲类/011.李敖演讲集/054.20170121李敖飞页书屋演讲.txt","","[]","data/timeline-events-li-ao-yanjiangji.json","li-ao-yanjiangji-054-contrasts-freedom-china-political-root-with-wenxing-cultural-root","{""id"":""li-ao-yanjiangji-054-contrasts-freedom-china-political-root-with-wenxing-cultural-root"",""date"":""2017-01-21"",""displayDate"":""2017年1月21日"",""datePrecision"":""day"",""title"":""李敖在飞页书屋把《自由中国》和《文星》区分为政治与文化挖根"",""summary"":""李敖说《自由中国》是政治性的，《文星》则是文化挖根；他进入后才把《文星》变成挖国民党根、也挖共产党根的刊物。"",""view"":[""演讲线"",""公共事件线""],""tags"":[""李敖演讲集"",""演讲"",""飞页书屋"",""文星"",""晚年演讲"",""自由中国"",""政治"",""文化挖根""],""people"":[""李敖""],""places"":[""台北""],""works"":[""李敖演讲集"",""054.20170121李敖飞页书屋演讲"",""自由中国"",""文星""],""certainty"":""confirmed"",""source"":{""book"":""李敖演讲集"",""chapter"":""054.20170121李敖飞页书屋演讲"",""path"":""《大李敖全集5.0》（wjm_tcy版）分章节/010.节目演讲类/011.李敖演讲集/054.20170121李敖飞页书屋演讲.txt"",""line"":127,""lines"":[127,129]},""crossReferences"":[],""dataFile"":""data/timeline-events-li-ao-yanjiangji.json""}"
"29375","2017","2017-01-21","2017年1月21日","day","confirmed","李敖在飞页书屋把脑瘤压迫恶化与台湾太小拒绝事实并置","李敖说脑部压迫会影响说话、吞咽和腿，又转入台湾太小、只有世界极小一部分的问题，认为台湾若拒绝事实就没有好未来。","李敖","台北","李敖演讲集、演讲、飞页书屋、文星、晚年演讲、脑瘤、台湾太小、事实、未来","演讲线、公共事件线","李敖演讲集、054.20170121李敖飞页书屋演讲","","李敖演讲集","054.20170121李敖飞页书屋演讲","41","《大李敖全集5.0》（wjm_tcy版）分章节/010.节目演讲类/011.李敖演讲集/054.20170121李敖飞页书屋演讲.txt","","[]","data/timeline-events-li-ao-yanjiangji.json","li-ao-yanjiangji-054-connects-brain-decline-with-taiwan-smallness-and-refusal-of-facts","{""id"":""li-ao-yanjiangji-054-connects-brain-decline-with-taiwan-smallness-and-refusal-of-facts"",""date"":""2017-01-21"",""displayDate"":""2017年1月21日"",""datePrecision"":""day"",""title"":""李敖在飞页书屋把脑瘤压迫恶化与台湾太小拒绝事实并置"",""summary"":""李敖说脑部压迫会影响说话、吞咽和腿，又转入台湾太小、只有世界极小一部分的问题，认为台湾若拒绝事实就没有好未来。"",""view"":[""演讲线"",""公共事件线""],""tags"":[""李敖演讲集"",""演讲"",""飞页书屋"",""文星"",""晚年演讲"",""脑瘤"",""台湾太小"",""事实"",""未来""],""people"":[""李敖""],""places"":[""台北""],""works"":[""李敖演讲集"",""054.20170121李敖飞页书屋演讲""],""certainty"":""confirmed"",""source"":{""book"":""李敖演讲集"",""chapter"":""054.20170121李敖飞页书屋演讲"",""path"":""《大李敖全集5.0》（wjm_tcy版）分章节/010.节目演讲类/011.李敖演讲集/054.20170121李敖飞页书屋演讲.txt"",""line"":41,""lines"":[41]},""crossReferences"":[],""dataFile"":""data/timeline-events-li-ao-yanjiangji.json""}"
"29376","2017","2017-01-21","2017年1月21日","day","confirmed","李敖在飞页书屋建议七十六岁听众若台湾不能发展就全家逃到美国","李敖回答七十六岁听众时说，可以用吴璋炯的办法，如果台湾不能发展，全家逃到美国；他自己本可成为美国公民却留下来，因为总要有人照亮自己的方向。","李敖、吴璋炯","台北、美国","李敖演讲集、演讲、飞页书屋、文星、晚年演讲、美国、逃离台湾、吴璋炯、人生建议","演讲线、公共事件线","李敖演讲集、054.20170121李敖飞页书屋演讲","","李敖演讲集","054.20170121李敖飞页书屋演讲","256","《大李敖全集5.0》（wjm_tcy版）分章节/010.节目演讲类/011.李敖演讲集/054.20170121李敖飞页书屋演讲.txt","","[]","data/timeline-events-li-ao-yanjiangji.json","li-ao-yanjiangji-054-advises-old-audience-to-escape-to-america-if-taiwan-cannot-develop","{""id"":""li-ao-yanjiangji-054-advises-old-audience-to-escape-to-america-if-taiwan-cannot-develop"",""date"":""2017-01-21"",""displayDate"":""2017年1月21日"",""datePrecision"":""day"",""title"":""李敖在飞页书屋建议七十六岁听众若台湾不能发展就全家逃到美国"",""summary"":""李敖回答七十六岁听众时说，可以用吴璋炯的办法，如果台湾不能发展，全家逃到美国；他自己本可成为美国公民却留下来，因为总要有人照亮自己的方向。"",""view"":[""演讲线"",""公共事件线""],""tags"":[""李敖演讲集"",""演讲"",""飞页书屋"",""文星"",""晚年演讲"",""美国"",""逃离台湾"",""吴璋炯"",""人生建议""],""people"":[""李敖"",""吴璋炯""],""places"":[""台北"",""美国""],""works"":[""李敖演讲集"",""054.20170121李敖飞页书屋演讲""],""certainty"":""confirmed"",""source"":{""book"":""李敖演讲集"",""chapter"":""054.20170121李敖飞页书屋演讲"",""path"":""《大李敖全集5.0》（wjm_tcy版）分章节/010.节目演讲类/011.李敖演讲集/054.20170121李敖飞页书屋演讲.txt"",""line"":256,""lines"":[256,258]},""crossReferences"":[],""dataFile"":""data/timeline-events-li-ao-yanjiangji.json""}"
"29377","2017","2017-01-21","2017年1月21日","day","confirmed","李敖在飞页书屋说《李敖有话说》七百多集影响大陆一代人","李敖说他在凤凰卫视做了七百多集《李敖有话说》，并借节目影响大陆一代人。","李敖","台北","李敖演讲集、演讲、飞页书屋、文星、晚年演讲、李敖有话说、凤凰卫视、大陆影响","演讲线、公共事件线","李敖演讲集、054.20170121李敖飞页书屋演讲、李敖有话说","","李敖演讲集","054.20170121李敖飞页书屋演讲","89","《大李敖全集5.0》（wjm_tcy版）分章节/010.节目演讲类/011.李敖演讲集/054.20170121李敖飞页书屋演讲.txt","","[]","data/timeline-events-li-ao-yanjiangji.json","li-ao-yanjiangji-054-says-youhuashuo-episodes-influenced-a-mainland-generation","{""id"":""li-ao-yanjiangji-054-says-youhuashuo-episodes-influenced-a-mainland-generation"",""date"":""2017-01-21"",""displayDate"":""2017年1月21日"",""datePrecision"":""day"",""title"":""李敖在飞页书屋说《李敖有话说》七百多集影响大陆一代人"",""summary"":""李敖说他在凤凰卫视做了七百多集《李敖有话说》，并借节目影响大陆一代人。"",""view"":[""演讲线"",""公共事件线""],""tags"":[""李敖演讲集"",""演讲"",""飞页书屋"",""文星"",""晚年演讲"",""李敖有话说"",""凤凰卫视"",""大陆影响""],""people"":[""李敖""],""places"":[""台北""],""works"":[""李敖演讲集"",""054.20170121李敖飞页书屋演讲"",""李敖有话说""],""certainty"":""confirmed"",""source"":{""book"":""李敖演讲集"",""chapter"":""054.20170121李敖飞页书屋演讲"",""path"":""《大李敖全集5.0》（wjm_tcy版）分章节/010.节目演讲类/011.李敖演讲集/054.20170121李敖飞页书屋演讲.txt"",""line"":89,""lines"":[89,91]},""crossReferences"":[],""dataFile"":""data/timeline-events-li-ao-yanjiangji.json""}"
"29378","2017","2017-01-21","2017年1月21日","day","confirmed","李敖在飞页书屋说大陆不能出他的书只有微博和网站能转弯","李敖说他的书现在在大陆不能出版，只能靠微博转弯；网络替代书籍，也统一了思想和谣言传播。","李敖","台北","李敖演讲集、演讲、飞页书屋、文星、晚年演讲、大陆出版、微博、网站、网络、禁书","演讲线、公共事件线","李敖演讲集、054.20170121李敖飞页书屋演讲","","李敖演讲集","054.20170121李敖飞页书屋演讲","93","《大李敖全集5.0》（wjm_tcy版）分章节/010.节目演讲类/011.李敖演讲集/054.20170121李敖飞页书屋演讲.txt","","[]","data/timeline-events-li-ao-yanjiangji.json","li-ao-yanjiangji-054-says-mainland-books-are-blocked-and-weibo-web-replaced-books","{""id"":""li-ao-yanjiangji-054-says-mainland-books-are-blocked-and-weibo-web-replaced-books"",""date"":""2017-01-21"",""displayDate"":""2017年1月21日"",""datePrecision"":""day"",""title"":""李敖在飞页书屋说大陆不能出他的书只有微博和网站能转弯"",""summary"":""李敖说他的书现在在大陆不能出版，只能靠微博转弯；网络替代书籍，也统一了思想和谣言传播。"",""view"":[""演讲线"",""公共事件线""],""tags"":[""李敖演讲集"",""演讲"",""飞页书屋"",""文星"",""晚年演讲"",""大陆出版"",""微博"",""网站"",""网络"",""禁书""],""people"":[""李敖""],""places"":[""台北""],""works"":[""李敖演讲集"",""054.20170121李敖飞页书屋演讲""],""certainty"":""confirmed"",""source"":{""book"":""李敖演讲集"",""chapter"":""054.20170121李敖飞页书屋演讲"",""path"":""《大李敖全集5.0》（wjm_tcy版）分章节/010.节目演讲类/011.李敖演讲集/054.20170121李敖飞页书屋演讲.txt"",""line"":93,""lines"":[93,95]},""crossReferences"":[],""dataFile"":""data/timeline-events-li-ao-yanjiangji.json""}"
"29379","2017","2017-01-21","2017年1月21日","day","confirmed","李敖在飞页书屋说大陆机场待他如国宾而台湾不是主人","李敖谈盗版和假书后说，美国像老板要台湾付钱，台湾不是主人、大陆只是客人；他在中华人民共和国机场曾被当作国宾接待，但大陆也看出他软硬不吃。","李敖","台北、美国、台湾、中国大陆","李敖演讲集、演讲、飞页书屋、文星、晚年演讲、大陆接待、台湾、美国、盗版、国宾","演讲线、公共事件线","李敖演讲集、054.20170121李敖飞页书屋演讲","","李敖演讲集","054.20170121李敖飞页书屋演讲","99","《大李敖全集5.0》（wjm_tcy版）分章节/010.节目演讲类/011.李敖演讲集/054.20170121李敖飞页书屋演讲.txt","","[]","data/timeline-events-li-ao-yanjiangji.json","li-ao-yanjiangji-054-compares-mainland-state-guest-treatment-with-taiwan-not-master","{""id"":""li-ao-yanjiangji-054-compares-mainland-state-guest-treatment-with-taiwan-not-master"",""date"":""2017-01-21"",""displayDate"":""2017年1月21日"",""datePrecision"":""day"",""title"":""李敖在飞页书屋说大陆机场待他如国宾而台湾不是主人"",""summary"":""李敖谈盗版和假书后说，美国像老板要台湾付钱，台湾不是主人、大陆只是客人；他在中华人民共和国机场曾被当作国宾接待，但大陆也看出他软硬不吃。"",""view"":[""演讲线"",""公共事件线""],""tags"":[""李敖演讲集"",""演讲"",""飞页书屋"",""文星"",""晚年演讲"",""大陆接待"",""台湾"",""美国"",""盗版"",""国宾""],""people"":[""李敖""],""places"":[""台北"",""美国"",""台湾"",""中国大陆""],""works"":[""李敖演讲集"",""054.20170121李敖飞页书屋演讲""],""certainty"":""confirmed"",""source"":{""book"":""李敖演讲集"",""chapter"":""054.20170121李敖飞页书屋演讲"",""path"":""《大李敖全集5.0》（wjm_tcy版）分章节/010.节目演讲类/011.李敖演讲集/054.20170121李敖飞页书屋演讲.txt"",""line"":99,""lines"":[99,101]},""crossReferences"":[],""dataFile"":""data/timeline-events-li-ao-yanjiangji.json""}"
"29380","2017","2017-01-21","2017年1月21日","day","confirmed","李敖在飞页书屋说不台独就不会统一且中华民国已死","李敖说只要没有台独，大陆不会急着统一，毛泽东、邓小平都可以等很久；同时中华民国已经死去，台湾剩下少数小邦交国和不可能完成的潜舰梦。","李敖、毛泽东、邓小平、蒋介石","台北","李敖演讲集、演讲、飞页书屋、文星、晚年演讲、台湾前途、台独、统一、中华民国、潜舰","演讲线、公共事件线","李敖演讲集、054.20170121李敖飞页书屋演讲","li-ao-yanjiangji-050-says-ideal-china-taiwan-relation-has-no-taiwan-problem、li-ao-yanjiangji-045-recalls-prison-toilet-reading-chiang-and-roc-demise","李敖演讲集","054.20170121李敖飞页书屋演讲","109","《大李敖全集5.0》（wjm_tcy版）分章节/010.节目演讲类/011.李敖演讲集/054.20170121李敖飞页书屋演讲.txt","","[]","data/timeline-events-li-ao-yanjiangji.json","li-ao-yanjiangji-054-says-no-unification-if-no-taiwan-independence-and-roc-is-dead","{""id"":""li-ao-yanjiangji-054-says-no-unification-if-no-taiwan-independence-and-roc-is-dead"",""date"":""2017-01-21"",""displayDate"":""2017年1月21日"",""datePrecision"":""day"",""title"":""李敖在飞页书屋说不台独就不会统一且中华民国已死"",""summary"":""李敖说只要没有台独，大陆不会急着统一，毛泽东、邓小平都可以等很久；同时中华民国已经死去，台湾剩下少数小邦交国和不可能完成的潜舰梦。"",""view"":[""演讲线"",""公共事件线""],""tags"":[""李敖演讲集"",""演讲"",""飞页书屋"",""文星"",""晚年演讲"",""台湾前途"",""台独"",""统一"",""中华民国"",""潜舰""],""people"":[""李敖"",""毛泽东"",""邓小平"",""蒋介石""],""places"":[""台北""],""works"":[""李敖演讲集"",""054.20170121李敖飞页书屋演讲""],""certainty"":""confirmed"",""source"":{""book"":""李敖演讲集"",""chapter"":""054.20170121李敖飞页书屋演讲"",""path"":""《大李敖全集5.0》（wjm_tcy版）分章节/010.节目演讲类/011.李敖演讲集/054.20170121李敖飞页书屋演讲.txt"",""line"":109,""lines"":[109,111,113,115,117]},""crossReferences"":[""li-ao-yanjiangji-050-says-ideal-china-taiwan-relation-has-no-taiwan-problem"",""li-ao-yanjiangji-045-recalls-prison-toilet-reading-chiang-and-roc-demise""],""dataFile"":""data/timeline-events-li-ao-yanjiangji.json""}"
"29381","2017","2017-01-21","2017年1月21日","day","confirmed","李敖在飞页书屋说仍要印纸本《李敖大全集》并做纸书最后一人","李敖承认纸本百科全书已经停止，却仍要印《李敖大全集》，从四十册冲到一百册，并自称可能是纸书的最后一个人。","李敖","台北","李敖演讲集、演讲、飞页书屋、文星、晚年演讲、李敖大全集、纸本书、出版、百科全书","演讲线、公共事件线","李敖演讲集、054.20170121李敖飞页书屋演讲、李敖大全集","","李敖演讲集","054.20170121李敖飞页书屋演讲","27","《大李敖全集5.0》（wjm_tcy版）分章节/010.节目演讲类/011.李敖演讲集/054.20170121李敖飞页书屋演讲.txt","","[]","data/timeline-events-li-ao-yanjiangji.json","li-ao-yanjiangji-054-insists-on-paper-complete-works-and-calls-himself-last-paper-book-man","{""id"":""li-ao-yanjiangji-054-insists-on-paper-complete-works-and-calls-himself-last-paper-book-man"",""date"":""2017-01-21"",""displayDate"":""2017年1月21日"",""datePrecision"":""day"",""title"":""李敖在飞页书屋说仍要印纸本《李敖大全集》并做纸书最后一人"",""summary"":""李敖承认纸本百科全书已经停止，却仍要印《李敖大全集》，从四十册冲到一百册，并自称可能是纸书的最后一个人。"",""view"":[""演讲线"",""公共事件线""],""tags"":[""李敖演讲集"",""演讲"",""飞页书屋"",""文星"",""晚年演讲"",""李敖大全集"",""纸本书"",""出版"",""百科全书""],""people"":[""李敖""],""places"":[""台北""],""works"":[""李敖演讲集"",""054.20170121李敖飞页书屋演讲"",""李敖大全集""],""certainty"":""confirmed"",""source"":{""book"":""李敖演讲集"",""chapter"":""054.20170121李敖飞页书屋演讲"",""path"":""《大李敖全集5.0》（wjm_tcy版）分章节/010.节目演讲类/011.李敖演讲集/054.20170121李敖飞页书屋演讲.txt"",""line"":27,""lines"":[27]},""crossReferences"":[],""dataFile"":""data/timeline-events-li-ao-yanjiangji.json""}"
"29382","2017","2017-01-21","2017年1月21日","day","confirmed","李敖在飞页书屋说台语闽南语没有可承载世界文学的文字系统","李敖与林衡哲争论台湾音乐文学时说，台语和闽南语没有成熟文字系统，不能等两千年出司马迁或三百年出《红楼梦》，用地方语言和英文竞争是浪费。","李敖、林衡哲、司马迁","台北","李敖演讲集、演讲、飞页书屋、文星、晚年演讲、台语、闽南语、台湾文学、文字系统、英文","演讲线、公共事件线","李敖演讲集、054.20170121李敖飞页书屋演讲、红楼梦","","李敖演讲集","054.20170121李敖飞页书屋演讲","150","《大李敖全集5.0》（wjm_tcy版）分章节/010.节目演讲类/011.李敖演讲集/054.20170121李敖飞页书屋演讲.txt","","[]","data/timeline-events-li-ao-yanjiangji.json","li-ao-yanjiangji-054-says-taiwanese-and-minnan-lack-writing-system-for-world-literature","{""id"":""li-ao-yanjiangji-054-says-taiwanese-and-minnan-lack-writing-system-for-world-literature"",""date"":""2017-01-21"",""displayDate"":""2017年1月21日"",""datePrecision"":""day"",""title"":""李敖在飞页书屋说台语闽南语没有可承载世界文学的文字系统"",""summary"":""李敖与林衡哲争论台湾音乐文学时说，台语和闽南语没有成熟文字系统，不能等两千年出司马迁或三百年出《红楼梦》，用地方语言和英文竞争是浪费。"",""view"":[""演讲线"",""公共事件线""],""tags"":[""李敖演讲集"",""演讲"",""飞页书屋"",""文星"",""晚年演讲"",""台语"",""闽南语"",""台湾文学"",""文字系统"",""英文""],""people"":[""李敖"",""林衡哲"",""司马迁""],""places"":[""台北""],""works"":[""李敖演讲集"",""054.20170121李敖飞页书屋演讲"",""红楼梦""],""certainty"":""confirmed"",""source"":{""book"":""李敖演讲集"",""chapter"":""054.20170121李敖飞页书屋演讲"",""path"":""《大李敖全集5.0》（wjm_tcy版）分章节/010.节目演讲类/011.李敖演讲集/054.20170121李敖飞页书屋演讲.txt"",""line"":150,""lines"":[150,152,154,156,158,160,162,164,166,168]},""crossReferences"":[],""dataFile"":""data/timeline-events-li-ao-yanjiangji.json""}"
"29383","2017","2017-01-21","2017年1月21日","day","confirmed","李敖在飞页书屋说台湾太小政府太大且蒋介石曾想省制安排","李敖说台湾地方太小而政府太大，蒋介石一九五〇年秘密谈话曾想把台湾做成省制安排；他又提到李远哲被找回做原子弹，后来却毁了教育改革。","李敖、蒋介石、李远哲","台北","李敖演讲集、演讲、飞页书屋、文星、晚年演讲、台湾、政府太大、蒋介石、李远哲、教育改革","演讲线、公共事件线","李敖演讲集、054.20170121李敖飞页书屋演讲","","李敖演讲集","054.20170121李敖飞页书屋演讲","177","《大李敖全集5.0》（wjm_tcy版）分章节/010.节目演讲类/011.李敖演讲集/054.20170121李敖飞页书屋演讲.txt","","[]","data/timeline-events-li-ao-yanjiangji.json","li-ao-yanjiangji-054-says-taiwan-is-tiny-with-government-too-big-and-chiang-wanted-provincial-setup","{""id"":""li-ao-yanjiangji-054-says-taiwan-is-tiny-with-government-too-big-and-chiang-wanted-provincial-setup"",""date"":""2017-01-21"",""displayDate"":""2017年1月21日"",""datePrecision"":""day"",""title"":""李敖在飞页书屋说台湾太小政府太大且蒋介石曾想省制安排"",""summary"":""李敖说台湾地方太小而政府太大，蒋介石一九五〇年秘密谈话曾想把台湾做成省制安排；他又提到李远哲被找回做原子弹，后来却毁了教育改革。"",""view"":[""演讲线"",""公共事件线""],""tags"":[""李敖演讲集"",""演讲"",""飞页书屋"",""文星"",""晚年演讲"",""台湾"",""政府太大"",""蒋介石"",""李远哲"",""教育改革""],""people"":[""李敖"",""蒋介石"",""李远哲""],""places"":[""台北""],""works"":[""李敖演讲集"",""054.20170121李敖飞页书屋演讲""],""certainty"":""confirmed"",""source"":{""book"":""李敖演讲集"",""chapter"":""054.20170121李敖飞页书屋演讲"",""path"":""《大李敖全集5.0》（wjm_tcy版）分章节/010.节目演讲类/011.李敖演讲集/054.20170121李敖飞页书屋演讲.txt"",""line"":177,""lines"":[177,179]},""crossReferences"":[],""dataFile"":""data/timeline-events-li-ao-yanjiangji.json""}"
"29384","2017","2017-01-21","2017年1月21日","day","confirmed","李敖在飞页书屋说台湾买武器没有未来而《台湾关系法》只会严重关切","李敖说台湾没有未来，只会买武器被美国卖；《台湾关系法》不会真正保护台湾，只会表达严重关切。","李敖","台北","李敖演讲集、演讲、飞页书屋、文星、晚年演讲、台湾前途、军购、台湾关系法、美国","演讲线、公共事件线","李敖演讲集、054.20170121李敖飞页书屋演讲、台湾关系法","li-ao-yanjiangji-044-says-tra-provides-not-sells-weapons-and-us-will-not-rescue-taiwan","李敖演讲集","054.20170121李敖飞页书屋演讲","105","《大李敖全集5.0》（wjm_tcy版）分章节/010.节目演讲类/011.李敖演讲集/054.20170121李敖飞页书屋演讲.txt","","[]","data/timeline-events-li-ao-yanjiangji.json","li-ao-yanjiangji-054-says-taiwan-has-no-future-and-tra-only-serious-concern","{""id"":""li-ao-yanjiangji-054-says-taiwan-has-no-future-and-tra-only-serious-concern"",""date"":""2017-01-21"",""displayDate"":""2017年1月21日"",""datePrecision"":""day"",""title"":""李敖在飞页书屋说台湾买武器没有未来而《台湾关系法》只会严重关切"",""summary"":""李敖说台湾没有未来，只会买武器被美国卖；《台湾关系法》不会真正保护台湾，只会表达严重关切。"",""view"":[""演讲线"",""公共事件线""],""tags"":[""李敖演讲集"",""演讲"",""飞页书屋"",""文星"",""晚年演讲"",""台湾前途"",""军购"",""台湾关系法"",""美国""],""people"":[""李敖""],""places"":[""台北""],""works"":[""李敖演讲集"",""054.20170121李敖飞页书屋演讲"",""台湾关系法""],""certainty"":""confirmed"",""source"":{""book"":""李敖演讲集"",""chapter"":""054.20170121李敖飞页书屋演讲"",""path"":""《大李敖全集5.0》（wjm_tcy版）分章节/010.节目演讲类/011.李敖演讲集/054.20170121李敖飞页书屋演讲.txt"",""line"":105,""lines"":[105,107]},""crossReferences"":[""li-ao-yanjiangji-044-says-tra-provides-not-sells-weapons-and-us-will-not-rescue-taiwan""],""dataFile"":""data/timeline-events-li-ao-yanjiangji.json""}"
"29385","2017","2017-01-21","2017年1月21日","day","confirmed","李敖在飞页书屋说台湾若真好早该出世界级人物而手机耗尽青年原创力","李敖说台湾若真有条件，世界级人物早该出现，出国后成名的人不算本土结果；他又说手机耗尽年轻人的时间、精力、注意力和原创性。","李敖","台北","李敖演讲集、演讲、飞页书屋、文星、晚年演讲、台湾人才、世界级人物、手机、原创性、青年","演讲线、公共事件线","李敖演讲集、054.20170121李敖飞页书屋演讲","","李敖演讲集","054.20170121李敖飞页书屋演讲","268","《大李敖全集5.0》（wjm_tcy版）分章节/010.节目演讲类/011.李敖演讲集/054.20170121李敖飞页书屋演讲.txt","","[]","data/timeline-events-li-ao-yanjiangji.json","li-ao-yanjiangji-054-says-no-world-class-taiwan-person-has-appeared-and-phones-kill-originality","{""id"":""li-ao-yanjiangji-054-says-no-world-class-taiwan-person-has-appeared-and-phones-kill-originality"",""date"":""2017-01-21"",""displayDate"":""2017年1月21日"",""datePrecision"":""day"",""title"":""李敖在飞页书屋说台湾若真好早该出世界级人物而手机耗尽青年原创力"",""summary"":""李敖说台湾若真有条件，世界级人物早该出现，出国后成名的人不算本土结果；他又说手机耗尽年轻人的时间、精力、注意力和原创性。"",""view"":[""演讲线"",""公共事件线""],""tags"":[""李敖演讲集"",""演讲"",""飞页书屋"",""文星"",""晚年演讲"",""台湾人才"",""世界级人物"",""手机"",""原创性"",""青年""],""people"":[""李敖""],""places"":[""台北""],""works"":[""李敖演讲集"",""054.20170121李敖飞页书屋演讲""],""certainty"":""confirmed"",""source"":{""book"":""李敖演讲集"",""chapter"":""054.20170121李敖飞页书屋演讲"",""path"":""《大李敖全集5.0》（wjm_tcy版）分章节/010.节目演讲类/011.李敖演讲集/054.20170121李敖飞页书屋演讲.txt"",""line"":268,""lines"":[268,270,272,274,276,278,280,282,284]},""crossReferences"":[],""dataFile"":""data/timeline-events-li-ao-yanjiangji.json""}"
"29386","2017","2017-01-21","2017年1月21日","day","confirmed","李敖在飞页书屋说死后捐遗体给台大医院且并不忧伤","李敖说自己大约三年后会死，遗体捐给台大医院，并不因此忧伤；蔡同荣已死，石齐平也不能如常，他以同辈衰老对照自己。","李敖、蔡同荣、石齐平","台北、台大医院","李敖演讲集、演讲、飞页书屋、文星、晚年演讲、遗体捐赠、台大医院、晚年、蔡同荣、石齐平","演讲线、公共事件线","李敖演讲集、054.20170121李敖飞页书屋演讲","li-ao-yanjiangji-041-repeats-body-donation-to-ntu-without-epitaph","李敖演讲集","054.20170121李敖飞页书屋演讲","55","《大李敖全集5.0》（wjm_tcy版）分章节/010.节目演讲类/011.李敖演讲集/054.20170121李敖飞页书屋演讲.txt","","[]","data/timeline-events-li-ao-yanjiangji.json","li-ao-yanjiangji-054-donates-body-to-ntu-hospital-without-melancholy","{""id"":""li-ao-yanjiangji-054-donates-body-to-ntu-hospital-without-melancholy"",""date"":""2017-01-21"",""displayDate"":""2017年1月21日"",""datePrecision"":""day"",""title"":""李敖在飞页书屋说死后捐遗体给台大医院且并不忧伤"",""summary"":""李敖说自己大约三年后会死，遗体捐给台大医院，并不因此忧伤；蔡同荣已死，石齐平也不能如常，他以同辈衰老对照自己。"",""view"":[""演讲线"",""公共事件线""],""tags"":[""李敖演讲集"",""演讲"",""飞页书屋"",""文星"",""晚年演讲"",""遗体捐赠"",""台大医院"",""晚年"",""蔡同荣"",""石齐平""],""people"":[""李敖"",""蔡同荣"",""石齐平""],""places"":[""台北"",""台大医院""],""works"":[""李敖演讲集"",""054.20170121李敖飞页书屋演讲""],""certainty"":""confirmed"",""source"":{""book"":""李敖演讲集"",""chapter"":""054.20170121李敖飞页书屋演讲"",""path"":""《大李敖全集5.0》（wjm_tcy版）分章节/010.节目演讲类/011.李敖演讲集/054.20170121李敖飞页书屋演讲.txt"",""line"":55,""lines"":[55]},""crossReferences"":[""li-ao-yanjiangji-041-repeats-body-donation-to-ntu-without-epitaph""],""dataFile"":""data/timeline-events-li-ao-yanjiangji.json""}"
"29387","2017","2017-01-21","2017年1月21日","day","confirmed","李敖在飞页书屋说网红与网络传播会统一思想却不能制造原创","李敖回应林衡哲仍做出版时说那还是沈登恩式想法；网络和网红不一定好，网络容易统一思想，却不会制造贝多芬式原创。","李敖、林衡哲、沈登恩、贝多芬","台北","李敖演讲集、演讲、飞页书屋、文星、晚年演讲、出版、网络、网红、原创性、贝多芬","演讲线、公共事件线","李敖演讲集、054.20170121李敖飞页书屋演讲","","李敖演讲集","054.20170121李敖飞页书屋演讲","191","《大李敖全集5.0》（wjm_tcy版）分章节/010.节目演讲类/011.李敖演讲集/054.20170121李敖飞页书屋演讲.txt","","[]","data/timeline-events-li-ao-yanjiangji.json","li-ao-yanjiangji-054-says-net-celebrity-and-web-unify-thought-but-do-not-create-originality","{""id"":""li-ao-yanjiangji-054-says-net-celebrity-and-web-unify-thought-but-do-not-create-originality"",""date"":""2017-01-21"",""displayDate"":""2017年1月21日"",""datePrecision"":""day"",""title"":""李敖在飞页书屋说网红与网络传播会统一思想却不能制造原创"",""summary"":""李敖回应林衡哲仍做出版时说那还是沈登恩式想法；网络和网红不一定好，网络容易统一思想，却不会制造贝多芬式原创。"",""view"":[""演讲线"",""公共事件线""],""tags"":[""李敖演讲集"",""演讲"",""飞页书屋"",""文星"",""晚年演讲"",""出版"",""网络"",""网红"",""原创性"",""贝多芬""],""people"":[""李敖"",""林衡哲"",""沈登恩"",""贝多芬""],""places"":[""台北""],""works"":[""李敖演讲集"",""054.20170121李敖飞页书屋演讲""],""certainty"":""confirmed"",""source"":{""book"":""李敖演讲集"",""chapter"":""054.20170121李敖飞页书屋演讲"",""path"":""《大李敖全集5.0》（wjm_tcy版）分章节/010.节目演讲类/011.李敖演讲集/054.20170121李敖飞页书屋演讲.txt"",""line"":191,""lines"":[191,193,195]},""crossReferences"":[],""dataFile"":""data/timeline-events-li-ao-yanjiangji.json""}"
"29388","2017","2017-01-21","2017年1月21日","day","confirmed","李敖在飞页书屋说自己不会台语也可做台湾王并最恨国民党","李敖回答大陆是否能出他的书时说，他是统派却因台独案坐牢，台湾没有真正台独；他又说自己不会台语也可以做台湾王，最恨国民党，因为青春被它浪费。","李敖","台北","李敖演讲集、演讲、飞页书屋、文星、晚年演讲、统派、台独案、国民党、青春、台湾王","演讲线、公共事件线","李敖演讲集、054.20170121李敖飞页书屋演讲","","李敖演讲集","054.20170121李敖飞页书屋演讲","71","《大李敖全集5.0》（wjm_tcy版）分章节/010.节目演讲类/011.李敖演讲集/054.20170121李敖飞页书屋演讲.txt","","[]","data/timeline-events-li-ao-yanjiangji.json","li-ao-yanjiangji-054-says-he-can-be-taiwan-king-while-hating-kmt-most","{""id"":""li-ao-yanjiangji-054-says-he-can-be-taiwan-king-while-hating-kmt-most"",""date"":""2017-01-21"",""displayDate"":""2017年1月21日"",""datePrecision"":""day"",""title"":""李敖在飞页书屋说自己不会台语也可做台湾王并最恨国民党"",""summary"":""李敖回答大陆是否能出他的书时说，他是统派却因台独案坐牢，台湾没有真正台独；他又说自己不会台语也可以做台湾王，最恨国民党，因为青春被它浪费。"",""view"":[""演讲线"",""公共事件线""],""tags"":[""李敖演讲集"",""演讲"",""飞页书屋"",""文星"",""晚年演讲"",""统派"",""台独案"",""国民党"",""青春"",""台湾王""],""people"":[""李敖""],""places"":[""台北""],""works"":[""李敖演讲集"",""054.20170121李敖飞页书屋演讲""],""certainty"":""confirmed"",""source"":{""book"":""李敖演讲集"",""chapter"":""054.20170121李敖飞页书屋演讲"",""path"":""《大李敖全集5.0》（wjm_tcy版）分章节/010.节目演讲类/011.李敖演讲集/054.20170121李敖飞页书屋演讲.txt"",""line"":71,""lines"":[71,73,75,77]},""crossReferences"":[],""dataFile"":""data/timeline-events-li-ao-yanjiangji.json""}"
"29389","2017","2017-01-21","2017年1月21日","day","confirmed","李敖在飞页书屋说自己仍每天写两三千字记录不服从的独立道路","李敖说自己仍每天写两三千字，既不依附台湾也不依附大陆，而是记录一个不投降的独立方向。","李敖","台北","李敖演讲集、演讲、飞页书屋、文星、晚年演讲、每日写作、独立道路、不服从、晚年写作","演讲线、公共事件线","李敖演讲集、054.20170121李敖飞页书屋演讲","","李敖演讲集","054.20170121李敖飞页书屋演讲","264","《大李敖全集5.0》（wjm_tcy版）分章节/010.节目演讲类/011.李敖演讲集/054.20170121李敖飞页书屋演讲.txt","","[]","data/timeline-events-li-ao-yanjiangji.json","li-ao-yanjiangji-054-says-he-still-writes-daily-and-records-an-independent-path","{""id"":""li-ao-yanjiangji-054-says-he-still-writes-daily-and-records-an-independent-path"",""date"":""2017-01-21"",""displayDate"":""2017年1月21日"",""datePrecision"":""day"",""title"":""李敖在飞页书屋说自己仍每天写两三千字记录不服从的独立道路"",""summary"":""李敖说自己仍每天写两三千字，既不依附台湾也不依附大陆，而是记录一个不投降的独立方向。"",""view"":[""演讲线"",""公共事件线""],""tags"":[""李敖演讲集"",""演讲"",""飞页书屋"",""文星"",""晚年演讲"",""每日写作"",""独立道路"",""不服从"",""晚年写作""],""people"":[""李敖""],""places"":[""台北""],""works"":[""李敖演讲集"",""054.20170121李敖飞页书屋演讲""],""certainty"":""confirmed"",""source"":{""book"":""李敖演讲集"",""chapter"":""054.20170121李敖飞页书屋演讲"",""path"":""《大李敖全集5.0》（wjm_tcy版）分章节/010.节目演讲类/011.李敖演讲集/054.20170121李敖飞页书屋演讲.txt"",""line"":264,""lines"":[264]},""crossReferences"":[],""dataFile"":""data/timeline-events-li-ao-yanjiangji.json""}"
"29390","2017","2017-01-21","2017年1月21日","day","confirmed","李敖在飞页书屋说自己在台湾六十八年看见整套骗局并希望新一代逃出去","李敖说他在台湾住了六十八年，看到整套东西都是骗局；他希望新一代能够逃出去，这不是因为不爱台湾，而是因为不能被困在骗局里。","李敖","台北","李敖演讲集、演讲、飞页书屋、文星、晚年演讲、台湾、六十八年、骗局、新一代、逃出去","演讲线、公共事件线","李敖演讲集、054.20170121李敖飞页书屋演讲","","李敖演讲集","054.20170121李敖飞页书屋演讲","258","《大李敖全集5.0》（wjm_tcy版）分章节/010.节目演讲类/011.李敖演讲集/054.20170121李敖飞页书屋演讲.txt","","[]","data/timeline-events-li-ao-yanjiangji.json","li-ao-yanjiangji-054-calls-sixty-eight-years-in-taiwan-a-scam-yet-hopes-next-generation-escapes","{""id"":""li-ao-yanjiangji-054-calls-sixty-eight-years-in-taiwan-a-scam-yet-hopes-next-generation-escapes"",""date"":""2017-01-21"",""displayDate"":""2017年1月21日"",""datePrecision"":""day"",""title"":""李敖在飞页书屋说自己在台湾六十八年看见整套骗局并希望新一代逃出去"",""summary"":""李敖说他在台湾住了六十八年，看到整套东西都是骗局；他希望新一代能够逃出去，这不是因为不爱台湾，而是因为不能被困在骗局里。"",""view"":[""演讲线"",""公共事件线""],""tags"":[""李敖演讲集"",""演讲"",""飞页书屋"",""文星"",""晚年演讲"",""台湾"",""六十八年"",""骗局"",""新一代"",""逃出去""],""people"":[""李敖""],""places"":[""台北""],""works"":[""李敖演讲集"",""054.20170121李敖飞页书屋演讲""],""certainty"":""confirmed"",""source"":{""book"":""李敖演讲集"",""chapter"":""054.20170121李敖飞页书屋演讲"",""path"":""《大李敖全集5.0》（wjm_tcy版）分章节/010.节目演讲类/011.李敖演讲集/054.20170121李敖飞页书屋演讲.txt"",""line"":258,""lines"":[258]},""crossReferences"":[],""dataFile"":""data/timeline-events-li-ao-yanjiangji.json""}"
"29391","2017","2017-01-21","2017年1月21日","day","confirmed","李敖在飞页书屋说自己能活下去靠古董鉴定赚钱和妻子理财","李敖说自己能继续存在是因为有钱，而钱来自古董鉴定能力和妻子理财；大陆七位专家曾认定他是第一流鉴定者。","李敖","台北","李敖演讲集、演讲、飞页书屋、文星、晚年演讲、财富、古董鉴定、理财、妻子","演讲线、公共事件线","李敖演讲集、054.20170121李敖飞页书屋演讲","","李敖演讲集","054.20170121李敖飞页书屋演讲","57","《大李敖全集5.0》（wjm_tcy版）分章节/010.节目演讲类/011.李敖演讲集/054.20170121李敖飞页书屋演讲.txt","","[]","data/timeline-events-li-ao-yanjiangji.json","li-ao-yanjiangji-054-explains-wealth-through-antique-appraisal-and-wife-finance","{""id"":""li-ao-yanjiangji-054-explains-wealth-through-antique-appraisal-and-wife-finance"",""date"":""2017-01-21"",""displayDate"":""2017年1月21日"",""datePrecision"":""day"",""title"":""李敖在飞页书屋说自己能活下去靠古董鉴定赚钱和妻子理财"",""summary"":""李敖说自己能继续存在是因为有钱，而钱来自古董鉴定能力和妻子理财；大陆七位专家曾认定他是第一流鉴定者。"",""view"":[""演讲线"",""公共事件线""],""tags"":[""李敖演讲集"",""演讲"",""飞页书屋"",""文星"",""晚年演讲"",""财富"",""古董鉴定"",""理财"",""妻子""],""people"":[""李敖""],""places"":[""台北""],""works"":[""李敖演讲集"",""054.20170121李敖飞页书屋演讲""],""certainty"":""confirmed"",""source"":{""book"":""李敖演讲集"",""chapter"":""054.20170121李敖飞页书屋演讲"",""path"":""《大李敖全集5.0》（wjm_tcy版）分章节/010.节目演讲类/011.李敖演讲集/054.20170121李敖飞页书屋演讲.txt"",""line"":57,""lines"":[57]},""crossReferences"":[],""dataFile"":""data/timeline-events-li-ao-yanjiangji.json""}"
"29392","2017","2017-01-21","2017年1月21日","day","confirmed","李敖在飞页书屋说自救宣言五十年纪念不请谢聪敏是不对的","李敖说谢聪敏对自救宣言五十年纪念没有邀请原起草人非常生气，彭明敏后来投降且有悔过书，而他这个外省人也因台独案坐牢。","李敖、谢聪敏、彭明敏","台北","李敖演讲集、演讲、飞页书屋、文星、晚年演讲、谢聪敏、台湾自救宣言、彭明敏、台独案","演讲线、公共事件线","李敖演讲集、054.20170121李敖飞页书屋演讲","","李敖演讲集","054.20170121李敖飞页书屋演讲","57","《大李敖全集5.0》（wjm_tcy版）分章节/010.节目演讲类/011.李敖演讲集/054.20170121李敖飞页书屋演讲.txt","","[]","data/timeline-events-li-ao-yanjiangji.json","li-ao-yanjiangji-054-says-self-rescue-declaration-commemoration-should-invite-xie-congmin","{""id"":""li-ao-yanjiangji-054-says-self-rescue-declaration-commemoration-should-invite-xie-congmin"",""date"":""2017-01-21"",""displayDate"":""2017年1月21日"",""datePrecision"":""day"",""title"":""李敖在飞页书屋说自救宣言五十年纪念不请谢聪敏是不对的"",""summary"":""李敖说谢聪敏对自救宣言五十年纪念没有邀请原起草人非常生气，彭明敏后来投降且有悔过书，而他这个外省人也因台独案坐牢。"",""view"":[""演讲线"",""公共事件线""],""tags"":[""李敖演讲集"",""演讲"",""飞页书屋"",""文星"",""晚年演讲"",""谢聪敏"",""台湾自救宣言"",""彭明敏"",""台独案""],""people"":[""李敖"",""谢聪敏"",""彭明敏""],""places"":[""台北""],""works"":[""李敖演讲集"",""054.20170121李敖飞页书屋演讲""],""certainty"":""confirmed"",""source"":{""book"":""李敖演讲集"",""chapter"":""054.20170121李敖飞页书屋演讲"",""path"":""《大李敖全集5.0》（wjm_tcy版）分章节/010.节目演讲类/011.李敖演讲集/054.20170121李敖飞页书屋演讲.txt"",""line"":57,""lines"":[57,58]},""crossReferences"":[],""dataFile"":""data/timeline-events-li-ao-yanjiangji.json""}"
"29393","2017","2017-01-21","2017年1月21日","day","confirmed","李敖在飞页书屋说没有台湾文学并以自己在台六十八年作证","李敖说林衡哲所谓小绕路就是台湾文学，但他认为没有台湾文学，因为中文根基太弱；自己在台湾六十八年，是证明许多台湾叙述作假的见证者。","李敖、林衡哲","台北","李敖演讲集、演讲、飞页书屋、文星、晚年演讲、台湾文学、中文根基、林衡哲、见证人","演讲线、公共事件线","李敖演讲集、054.20170121李敖飞页书屋演讲","","李敖演讲集","054.20170121李敖飞页书屋演讲","37","《大李敖全集5.0》（wjm_tcy版）分章节/010.节目演讲类/011.李敖演讲集/054.20170121李敖飞页书屋演讲.txt","","[]","data/timeline-events-li-ao-yanjiangji.json","li-ao-yanjiangji-054-declares-no-taiwan-literature-and-uses-himself-as-sixty-eight-year-witness","{""id"":""li-ao-yanjiangji-054-declares-no-taiwan-literature-and-uses-himself-as-sixty-eight-year-witness"",""date"":""2017-01-21"",""displayDate"":""2017年1月21日"",""datePrecision"":""day"",""title"":""李敖在飞页书屋说没有台湾文学并以自己在台六十八年作证"",""summary"":""李敖说林衡哲所谓小绕路就是台湾文学，但他认为没有台湾文学，因为中文根基太弱；自己在台湾六十八年，是证明许多台湾叙述作假的见证者。"",""view"":[""演讲线"",""公共事件线""],""tags"":[""李敖演讲集"",""演讲"",""飞页书屋"",""文星"",""晚年演讲"",""台湾文学"",""中文根基"",""林衡哲"",""见证人""],""people"":[""李敖"",""林衡哲""],""places"":[""台北""],""works"":[""李敖演讲集"",""054.20170121李敖飞页书屋演讲""],""certainty"":""confirmed"",""source"":{""book"":""李敖演讲集"",""chapter"":""054.20170121李敖飞页书屋演讲"",""path"":""《大李敖全集5.0》（wjm_tcy版）分章节/010.节目演讲类/011.李敖演讲集/054.20170121李敖飞页书屋演讲.txt"",""line"":37,""lines"":[37,39]},""crossReferences"":[],""dataFile"":""data/timeline-events-li-ao-yanjiangji.json""}"
"29394","2017","2017-01-21","2017年1月21日","day","confirmed","李敖在飞页书屋说简体字不只是共产党产物并批台湾中文火星化","李敖说自己不是拥护简体字，但简体字并非共产党独创，宋代已有简化形；大陆读者读他是因为他写得好，而台湾文字越来越坏、火星化。","李敖","台北","李敖演讲集、演讲、飞页书屋、文星、晚年演讲、简体字、中文写作、火星文、宋代","演讲线、公共事件线","李敖演讲集、054.20170121李敖飞页书屋演讲","li-ao-yanjiangji-045-says-traditional-and-simplified-characters-can-coexist","李敖演讲集","054.20170121李敖飞页书屋演讲","172","《大李敖全集5.0》（wjm_tcy版）分章节/010.节目演讲类/011.李敖演讲集/054.20170121李敖飞页书屋演讲.txt","","[]","data/timeline-events-li-ao-yanjiangji.json","li-ao-yanjiangji-054-defends-simplified-characters-as-not-only-ccp-and-attacks-fire-star-writing","{""id"":""li-ao-yanjiangji-054-defends-simplified-characters-as-not-only-ccp-and-attacks-fire-star-writing"",""date"":""2017-01-21"",""displayDate"":""2017年1月21日"",""datePrecision"":""day"",""title"":""李敖在飞页书屋说简体字不只是共产党产物并批台湾中文火星化"",""summary"":""李敖说自己不是拥护简体字，但简体字并非共产党独创，宋代已有简化形；大陆读者读他是因为他写得好，而台湾文字越来越坏、火星化。"",""view"":[""演讲线"",""公共事件线""],""tags"":[""李敖演讲集"",""演讲"",""飞页书屋"",""文星"",""晚年演讲"",""简体字"",""中文写作"",""火星文"",""宋代""],""people"":[""李敖""],""places"":[""台北""],""works"":[""李敖演讲集"",""054.20170121李敖飞页书屋演讲""],""certainty"":""confirmed"",""source"":{""book"":""李敖演讲集"",""chapter"":""054.20170121李敖飞页书屋演讲"",""path"":""《大李敖全集5.0》（wjm_tcy版）分章节/010.节目演讲类/011.李敖演讲集/054.20170121李敖飞页书屋演讲.txt"",""line"":172,""lines"":[172,174,176,178]},""crossReferences"":[""li-ao-yanjiangji-045-says-traditional-and-simplified-characters-can-coexist""],""dataFile"":""data/timeline-events-li-ao-yanjiangji.json""}"
"29395","2017","2017-01-21","2017年1月21日","day","confirmed","李敖在飞页书屋重申郑南榕不是自焚并说郑刊经费来自他","李敖说郑南榕不是自焚，郑的杂志钱是他给的；他又说自己即使被压制，微博仍有一千万读者。","李敖、郑南榕","台北","李敖演讲集、演讲、飞页书屋、文星、晚年演讲、郑南榕、自焚、杂志经费、微博","演讲线、公共事件线","李敖演讲集、054.20170121李敖飞页书屋演讲","","李敖演讲集","054.20170121李敖飞页书屋演讲","37","《大李敖全集5.0》（wjm_tcy版）分章节/010.节目演讲类/011.李敖演讲集/054.20170121李敖飞页书屋演讲.txt","","[]","data/timeline-events-li-ao-yanjiangji.json","li-ao-yanjiangji-054-repeats-cheng-nan-jung-death-and-magazine-funding-claim-with-weibo-readers","{""id"":""li-ao-yanjiangji-054-repeats-cheng-nan-jung-death-and-magazine-funding-claim-with-weibo-readers"",""date"":""2017-01-21"",""displayDate"":""2017年1月21日"",""datePrecision"":""day"",""title"":""李敖在飞页书屋重申郑南榕不是自焚并说郑刊经费来自他"",""summary"":""李敖说郑南榕不是自焚，郑的杂志钱是他给的；他又说自己即使被压制，微博仍有一千万读者。"",""view"":[""演讲线"",""公共事件线""],""tags"":[""李敖演讲集"",""演讲"",""飞页书屋"",""文星"",""晚年演讲"",""郑南榕"",""自焚"",""杂志经费"",""微博""],""people"":[""李敖"",""郑南榕""],""places"":[""台北""],""works"":[""李敖演讲集"",""054.20170121李敖飞页书屋演讲""],""certainty"":""confirmed"",""source"":{""book"":""李敖演讲集"",""chapter"":""054.20170121李敖飞页书屋演讲"",""path"":""《大李敖全集5.0》（wjm_tcy版）分章节/010.节目演讲类/011.李敖演讲集/054.20170121李敖飞页书屋演讲.txt"",""line"":37,""lines"":[37,39,41]},""crossReferences"":[],""dataFile"":""data/timeline-events-li-ao-yanjiangji.json""}"
"29396","2017","2017-01-21","2017年1月21日","day","confirmed","李敖在飞页书屋谈彭明敏谢聪敏吴澧培争议并说现只剩一个官司","李敖说彭明敏纪念应请谢聪敏，吴澧培被插成第四人，他正在告吴；自己当前只有一个官司，而在立法院时曾有二百二十四名被告。","李敖、彭明敏、谢聪敏、吴澧培","台北","李敖演讲集、演讲、飞页书屋、文星、晚年演讲、彭明敏、谢聪敏、吴澧培、诉讼、立法院","演讲线、公共事件线","李敖演讲集、054.20170121李敖飞页书屋演讲","","李敖演讲集","054.20170121李敖飞页书屋演讲","206","《大李敖全集5.0》（wjm_tcy版）分章节/010.节目演讲类/011.李敖演讲集/054.20170121李敖飞页书屋演讲.txt","","[]","data/timeline-events-li-ao-yanjiangji.json","li-ao-yanjiangji-054-mentions-peng-xie-wu-lipei-lawsuit-and-once-sued-224-legislators","{""id"":""li-ao-yanjiangji-054-mentions-peng-xie-wu-lipei-lawsuit-and-once-sued-224-legislators"",""date"":""2017-01-21"",""displayDate"":""2017年1月21日"",""datePrecision"":""day"",""title"":""李敖在飞页书屋谈彭明敏谢聪敏吴澧培争议并说现只剩一个官司"",""summary"":""李敖说彭明敏纪念应请谢聪敏，吴澧培被插成第四人，他正在告吴；自己当前只有一个官司，而在立法院时曾有二百二十四名被告。"",""view"":[""演讲线"",""公共事件线""],""tags"":[""李敖演讲集"",""演讲"",""飞页书屋"",""文星"",""晚年演讲"",""彭明敏"",""谢聪敏"",""吴澧培"",""诉讼"",""立法院""],""people"":[""李敖"",""彭明敏"",""谢聪敏"",""吴澧培""],""places"":[""台北""],""works"":[""李敖演讲集"",""054.20170121李敖飞页书屋演讲""],""certainty"":""confirmed"",""source"":{""book"":""李敖演讲集"",""chapter"":""054.20170121李敖飞页书屋演讲"",""path"":""《大李敖全集5.0》（wjm_tcy版）分章节/010.节目演讲类/011.李敖演讲集/054.20170121李敖飞页书屋演讲.txt"",""line"":206,""lines"":[206,208,210]},""crossReferences"":[],""dataFile"":""data/timeline-events-li-ao-yanjiangji.json""}"
"29397","2017","2017-01-21","2017年1月21日","day","confirmed","李敖在飞页书屋清点反蒋反党著作并说北大演讲给知识分子面子","李敖说自己写过七本反蒋介石、两本反蒋经国、一本反宋美龄、两本反国民党和一本反民进党的书；按理应饿死却活下来，北大演讲还给知识分子争了面子。","李敖、蒋介石、蒋经国、宋美龄","台北、北京大学","李敖演讲集、演讲、飞页书屋、文星、晚年演讲、反蒋、反国民党、北大演讲、知识分子","演讲线、公共事件线","李敖演讲集、054.20170121李敖飞页书屋演讲","","李敖演讲集","054.20170121李敖飞页书屋演讲","61","《大李敖全集5.0》（wjm_tcy版）分章节/010.节目演讲类/011.李敖演讲集/054.20170121李敖飞页书屋演讲.txt","","[]","data/timeline-events-li-ao-yanjiangji.json","li-ao-yanjiangji-054-summarizes-anti-chiang-books-and-pku-speech-face","{""id"":""li-ao-yanjiangji-054-summarizes-anti-chiang-books-and-pku-speech-face"",""date"":""2017-01-21"",""displayDate"":""2017年1月21日"",""datePrecision"":""day"",""title"":""李敖在飞页书屋清点反蒋反党著作并说北大演讲给知识分子面子"",""summary"":""李敖说自己写过七本反蒋介石、两本反蒋经国、一本反宋美龄、两本反国民党和一本反民进党的书；按理应饿死却活下来，北大演讲还给知识分子争了面子。"",""view"":[""演讲线"",""公共事件线""],""tags"":[""李敖演讲集"",""演讲"",""飞页书屋"",""文星"",""晚年演讲"",""反蒋"",""反国民党"",""北大演讲"",""知识分子""],""people"":[""李敖"",""蒋介石"",""蒋经国"",""宋美龄""],""places"":[""台北"",""北京大学""],""works"":[""李敖演讲集"",""054.20170121李敖飞页书屋演讲""],""certainty"":""confirmed"",""source"":{""book"":""李敖演讲集"",""chapter"":""054.20170121李敖飞页书屋演讲"",""path"":""《大李敖全集5.0》（wjm_tcy版）分章节/010.节目演讲类/011.李敖演讲集/054.20170121李敖飞页书屋演讲.txt"",""line"":61,""lines"":[61,63]},""crossReferences"":[],""dataFile"":""data/timeline-events-li-ao-yanjiangji.json""}"
"29398","2017","2017-01-21","2017年1月21日星期六","day","confirmed","李敖发微博谈“台湾这边的金门心战墙“三民主义统一中国”，年久失修，非常残破，对岸…”","2017年1月21日，李敖在“哈囉李敖”微博发文：台湾这边的金门心战墙“三民主义统一中国”，年久失修，非常残破，对岸的厦门市旅游局特别打招呼过来：“希望国军帮忙整修一下，以免影响海上观光。”太好笑了！1.你的标语没人怕。2.我实行的三民主义比你多。3.民进党孤魂野鬼打“中华民国”主意借尸还魂，国民党守灵有责，照尸灯请放亮一点。","李敖","","虽千万人，李敖往矣、哈囉李敖、微博、140字","写作线、媒体线、晚年线","虽千万人，李敖往矣、哈囉李敖","","虽千万人，李敖往矣","050.2017年1月","83","《大李敖全集5.0》（wjm_tcy版）分章节/005.诗集语录类/005.虽千万人，李敖往矣/050.2017年1月.txt","","[]","data/timeline-events-sui-qianwan-li-ao-wangyi.json","sui-qianwan-2017-01-21-daily-weibo","{""id"":""sui-qianwan-2017-01-21-daily-weibo"",""date"":""2017-01-21"",""displayDate"":""2017年1月21日星期六"",""datePrecision"":""day"",""title"":""李敖发微博谈“台湾这边的金门心战墙“三民主义统一中国”，年久失修，非常残破，对岸…”"",""summary"":""2017年1月21日，李敖在“哈囉李敖”微博发文：台湾这边的金门心战墙“三民主义统一中国”，年久失修，非常残破，对岸的厦门市旅游局特别打招呼过来：“希望国军帮忙整修一下，以免影响海上观光。”太好笑了！1.你的标语没人怕。2.我实行的三民主义比你多。3.民进党孤魂野鬼打“中华民国”主意借尸还魂，国民党守灵有责，照尸灯请放亮一点。"",""view"":[""写作线"",""媒体线"",""晚年线""],""tags"":[""虽千万人，李敖往矣"",""哈囉李敖"",""微博"",""140字""],""people"":[""李敖""],""places"":[],""works"":[""虽千万人，李敖往矣"",""哈囉李敖""],""certainty"":""confirmed"",""source"":{""book"":""虽千万人，李敖往矣"",""chapter"":""050.2017年1月"",""path"":""《大李敖全集5.0》（wjm_tcy版）分章节/005.诗集语录类/005.虽千万人，李敖往矣/050.2017年1月.txt"",""line"":83,""lines"":[83,85]},""crossReferences"":[],""round"":""2026-07-11-sui-qianwan-li-ao-wangyi-daily-completion"",""dataFile"":""data/timeline-events-sui-qianwan-li-ao-wangyi.json""}"
"29399","2017","2017-01-22","2017年1月22日星期日","day","confirmed","李敖发微博谈“古代圣人活得小心翼翼， 要每天“三省吾身”，三次反省错误”","2017年1月22日，李敖在“哈囉李敖”微博发文：古代圣人活得小心翼翼， 要每天“三省吾身”，三次反省错误。不过，反省过后，临睡前还有段空档，会杠上开花，看来三次反省是不够的。例如临睡前不可多吃、不该祈祷、不宜行房、不需手淫、不应胡思乱想去数羊、不当学毛主席不刷牙。不过这些不不不不都是小焉者也，千万记取的是：不要拨闹钟。","李敖","","虽千万人，李敖往矣、哈囉李敖、微博、140字","写作线、媒体线、晚年线","虽千万人，李敖往矣、哈囉李敖","","虽千万人，李敖往矣","050.2017年1月","87","《大李敖全集5.0》（wjm_tcy版）分章节/005.诗集语录类/005.虽千万人，李敖往矣/050.2017年1月.txt","","[]","data/timeline-events-sui-qianwan-li-ao-wangyi.json","sui-qianwan-2017-01-22-daily-weibo","{""id"":""sui-qianwan-2017-01-22-daily-weibo"",""date"":""2017-01-22"",""displayDate"":""2017年1月22日星期日"",""datePrecision"":""day"",""title"":""李敖发微博谈“古代圣人活得小心翼翼， 要每天“三省吾身”，三次反省错误”"",""summary"":""2017年1月22日，李敖在“哈囉李敖”微博发文：古代圣人活得小心翼翼， 要每天“三省吾身”，三次反省错误。不过，反省过后，临睡前还有段空档，会杠上开花，看来三次反省是不够的。例如临睡前不可多吃、不该祈祷、不宜行房、不需手淫、不应胡思乱想去数羊、不当学毛主席不刷牙。不过这些不不不不都是小焉者也，千万记取的是：不要拨闹钟。"",""view"":[""写作线"",""媒体线"",""晚年线""],""tags"":[""虽千万人，李敖往矣"",""哈囉李敖"",""微博"",""140字""],""people"":[""李敖""],""places"":[],""works"":[""虽千万人，李敖往矣"",""哈囉李敖""],""certainty"":""confirmed"",""source"":{""book"":""虽千万人，李敖往矣"",""chapter"":""050.2017年1月"",""path"":""《大李敖全集5.0》（wjm_tcy版）分章节/005.诗集语录类/005.虽千万人，李敖往矣/050.2017年1月.txt"",""line"":87,""lines"":[87,89]},""crossReferences"":[],""round"":""2026-07-11-sui-qianwan-li-ao-wangyi-daily-completion"",""dataFile"":""data/timeline-events-sui-qianwan-li-ao-wangyi.json""}"
"29400","2017","2017-01-23","2017年1月23日星期一","day","confirmed","李敖发微博谈“我生平会读书，人所不及”","2017年1月23日，李敖在“哈囉李敖”微博发文：我生平会读书，人所不及。会读书并非一见到书就读，而是一见到书就能立刻判定该不该读。我天赋异禀，一眼望穿烂书，铁口直断，从不失误。我又喜读你们闻所未闻的古籍，看过一本光绪丙戌的《戢影述录》，说“男子之色，美于妇人。”想到今天的屁眼男，多蔡康永等丑类，搞同性恋，还不够格呢。","李敖","","虽千万人，李敖往矣、哈囉李敖、微博、140字","写作线、媒体线、晚年线","虽千万人，李敖往矣、哈囉李敖","","虽千万人，李敖往矣","050.2017年1月","91","《大李敖全集5.0》（wjm_tcy版）分章节/005.诗集语录类/005.虽千万人，李敖往矣/050.2017年1月.txt","","[]","data/timeline-events-sui-qianwan-li-ao-wangyi.json","sui-qianwan-2017-01-23-daily-weibo","{""id"":""sui-qianwan-2017-01-23-daily-weibo"",""date"":""2017-01-23"",""displayDate"":""2017年1月23日星期一"",""datePrecision"":""day"",""title"":""李敖发微博谈“我生平会读书，人所不及”"",""summary"":""2017年1月23日，李敖在“哈囉李敖”微博发文：我生平会读书，人所不及。会读书并非一见到书就读，而是一见到书就能立刻判定该不该读。我天赋异禀，一眼望穿烂书，铁口直断，从不失误。我又喜读你们闻所未闻的古籍，看过一本光绪丙戌的《戢影述录》，说“男子之色，美于妇人。”想到今天的屁眼男，多蔡康永等丑类，搞同性恋，还不够格呢。"",""view"":[""写作线"",""媒体线"",""晚年线""],""tags"":[""虽千万人，李敖往矣"",""哈囉李敖"",""微博"",""140字""],""people"":[""李敖""],""places"":[],""works"":[""虽千万人，李敖往矣"",""哈囉李敖""],""certainty"":""confirmed"",""source"":{""book"":""虽千万人，李敖往矣"",""chapter"":""050.2017年1月"",""path"":""《大李敖全集5.0》（wjm_tcy版）分章节/005.诗集语录类/005.虽千万人，李敖往矣/050.2017年1月.txt"",""line"":91,""lines"":[91,93]},""crossReferences"":[],""round"":""2026-07-11-sui-qianwan-li-ao-wangyi-daily-completion"",""dataFile"":""data/timeline-events-sui-qianwan-li-ao-wangyi.json""}"
"29401","2017","2017-01-24","2017年1月24日星期二","day","confirmed","李敖发微博谈“伪教育部《闽南语字典》有一妙谚：“无彼号尻川，想欲食彼号泻药”","2017年1月24日，李敖在“哈囉李敖”微博发文：伪教育部《闽南语字典》有一妙谚：“无彼号尻川，想欲食彼号泻药。”伪教育部的释文有误。因为全句的意思乃是：“没这屁眼，还想吃这泻药。”这一妙谚使我想起蔡英文：蔡英文做起事来，是低能儿；夺起权来，却一把抓。野心和手腕全不相称，十足蒋介石徒子徒孙：有泻药而无屁眼，下三滥也！","李敖","","虽千万人，李敖往矣、哈囉李敖、微博、140字","写作线、媒体线、晚年线","虽千万人，李敖往矣、哈囉李敖","","虽千万人，李敖往矣","050.2017年1月","95","《大李敖全集5.0》（wjm_tcy版）分章节/005.诗集语录类/005.虽千万人，李敖往矣/050.2017年1月.txt","","[]","data/timeline-events-sui-qianwan-li-ao-wangyi.json","sui-qianwan-2017-01-24-daily-weibo","{""id"":""sui-qianwan-2017-01-24-daily-weibo"",""date"":""2017-01-24"",""displayDate"":""2017年1月24日星期二"",""datePrecision"":""day"",""title"":""李敖发微博谈“伪教育部《闽南语字典》有一妙谚：“无彼号尻川，想欲食彼号泻药”"",""summary"":""2017年1月24日，李敖在“哈囉李敖”微博发文：伪教育部《闽南语字典》有一妙谚：“无彼号尻川，想欲食彼号泻药。”伪教育部的释文有误。因为全句的意思乃是：“没这屁眼，还想吃这泻药。”这一妙谚使我想起蔡英文：蔡英文做起事来，是低能儿；夺起权来，却一把抓。野心和手腕全不相称，十足蒋介石徒子徒孙：有泻药而无屁眼，下三滥也！"",""view"":[""写作线"",""媒体线"",""晚年线""],""tags"":[""虽千万人，李敖往矣"",""哈囉李敖"",""微博"",""140字""],""people"":[""李敖""],""places"":[],""works"":[""虽千万人，李敖往矣"",""哈囉李敖""],""certainty"":""confirmed"",""source"":{""book"":""虽千万人，李敖往矣"",""chapter"":""050.2017年1月"",""path"":""《大李敖全集5.0》（wjm_tcy版）分章节/005.诗集语录类/005.虽千万人，李敖往矣/050.2017年1月.txt"",""line"":95,""lines"":[95,97]},""crossReferences"":[],""round"":""2026-07-11-sui-qianwan-li-ao-wangyi-daily-completion"",""dataFile"":""data/timeline-events-sui-qianwan-li-ao-wangyi.json""}"
"29402","2017","2017-01-25","2017年1月25日星期三","day","confirmed","李敖发微博谈“美国新总统上台，发言的高度竟低到“美国优先”，连救世界的大话都不说了”","2017年1月25日，李敖在“哈囉李敖”微博发文：美国新总统上台，发言的高度竟低到“美国优先”，连救世界的大话都不说了。美国历来总统吃了四方还会说点有高度的话，特朗普如今全免了。但这样一搞，美金就会光屁股了。本来一张百元美金的印刷费只要两分钱，用纸币就可通吃世界，如今世界越来越不相信美国人了，美金只会骗人民银行了。","李敖","","虽千万人，李敖往矣、哈囉李敖、微博、140字","写作线、媒体线、晚年线","虽千万人，李敖往矣、哈囉李敖","","虽千万人，李敖往矣","050.2017年1月","99","《大李敖全集5.0》（wjm_tcy版）分章节/005.诗集语录类/005.虽千万人，李敖往矣/050.2017年1月.txt","","[]","data/timeline-events-sui-qianwan-li-ao-wangyi.json","sui-qianwan-2017-01-25-daily-weibo","{""id"":""sui-qianwan-2017-01-25-daily-weibo"",""date"":""2017-01-25"",""displayDate"":""2017年1月25日星期三"",""datePrecision"":""day"",""title"":""李敖发微博谈“美国新总统上台，发言的高度竟低到“美国优先”，连救世界的大话都不说了”"",""summary"":""2017年1月25日，李敖在“哈囉李敖”微博发文：美国新总统上台，发言的高度竟低到“美国优先”，连救世界的大话都不说了。美国历来总统吃了四方还会说点有高度的话，特朗普如今全免了。但这样一搞，美金就会光屁股了。本来一张百元美金的印刷费只要两分钱，用纸币就可通吃世界，如今世界越来越不相信美国人了，美金只会骗人民银行了。"",""view"":[""写作线"",""媒体线"",""晚年线""],""tags"":[""虽千万人，李敖往矣"",""哈囉李敖"",""微博"",""140字""],""people"":[""李敖""],""places"":[],""works"":[""虽千万人，李敖往矣"",""哈囉李敖""],""certainty"":""confirmed"",""source"":{""book"":""虽千万人，李敖往矣"",""chapter"":""050.2017年1月"",""path"":""《大李敖全集5.0》（wjm_tcy版）分章节/005.诗集语录类/005.虽千万人，李敖往矣/050.2017年1月.txt"",""line"":99,""lines"":[99,101]},""crossReferences"":[],""round"":""2026-07-11-sui-qianwan-li-ao-wangyi-daily-completion"",""dataFile"":""data/timeline-events-sui-qianwan-li-ao-wangyi.json""}"
"29403","2017","2017-01-26","2017年1月26日星期四","day","confirmed","李敖发微博谈“起来，不愿做奴隶的中国人，始于马占山将军东北义勇军，77事变前6年…”","2017年1月26日，李敖在“哈囉李敖”微博发文：起来，不愿做奴隶的中国人，始于马占山将军东北义勇军，77事变前6年918事变后就展开了。今天共产党插花史前史，说他们在参与，事实上是东北义勇军孤军奋斗。国民党媚日时，共产党附丽义勇军进行曲，振奋人心。马占山墓草久宿是真、进行曲国歌昂扬是真、抗战14年是真，抗战8年却是假的。","李敖","","虽千万人，李敖往矣、哈囉李敖、微博、140字","写作线、媒体线、晚年线","虽千万人，李敖往矣、哈囉李敖","","虽千万人，李敖往矣","050.2017年1月","103","《大李敖全集5.0》（wjm_tcy版）分章节/005.诗集语录类/005.虽千万人，李敖往矣/050.2017年1月.txt","","[]","data/timeline-events-sui-qianwan-li-ao-wangyi.json","sui-qianwan-2017-01-26-daily-weibo","{""id"":""sui-qianwan-2017-01-26-daily-weibo"",""date"":""2017-01-26"",""displayDate"":""2017年1月26日星期四"",""datePrecision"":""day"",""title"":""李敖发微博谈“起来，不愿做奴隶的中国人，始于马占山将军东北义勇军，77事变前6年…”"",""summary"":""2017年1月26日，李敖在“哈囉李敖”微博发文：起来，不愿做奴隶的中国人，始于马占山将军东北义勇军，77事变前6年918事变后就展开了。今天共产党插花史前史，说他们在参与，事实上是东北义勇军孤军奋斗。国民党媚日时，共产党附丽义勇军进行曲，振奋人心。马占山墓草久宿是真、进行曲国歌昂扬是真、抗战14年是真，抗战8年却是假的。"",""view"":[""写作线"",""媒体线"",""晚年线""],""tags"":[""虽千万人，李敖往矣"",""哈囉李敖"",""微博"",""140字""],""people"":[""李敖""],""places"":[],""works"":[""虽千万人，李敖往矣"",""哈囉李敖""],""certainty"":""confirmed"",""source"":{""book"":""虽千万人，李敖往矣"",""chapter"":""050.2017年1月"",""path"":""《大李敖全集5.0》（wjm_tcy版）分章节/005.诗集语录类/005.虽千万人，李敖往矣/050.2017年1月.txt"",""line"":103,""lines"":[103,105]},""crossReferences"":[],""round"":""2026-07-11-sui-qianwan-li-ao-wangyi-daily-completion"",""dataFile"":""data/timeline-events-sui-qianwan-li-ao-wangyi.json""}"
"29404","2017","2017-01-27","2017年1月27日星期五","day","confirmed","李敖记录父亲遗留三份文件，并说已把北京大学毕业证书送给北大校史馆","《2017年1月》写，李敖列出父亲李鼎彝遗留的三份文件：1926年北京大学毕业证书、北大毕业后吉林大学聘书、马占山将军敌后抗日任命状，并补充自己已把北京大学毕业证书送给北大校史馆。这条保留晚年书房/家族档案的去向线索。","李敖、李鼎彝、马占山、吴焕章","北京大学、北大校史馆、吉林大学","李鼎彝、北京大学、北大校史馆、家族档案、马占山","家族线、书房线、晚年线","虽千万人，李敖往矣","","虽千万人，李敖往矣","050.2017年1月","109","《大李敖全集5.0》（wjm_tcy版）分章节/005.诗集语录类/005.虽千万人，李敖往矣/050.2017年1月.txt","","[]","data/timeline-events-sui-qianwan-li-ao-wangyi.json","sui-qianwan-2017-01-27-records-fathers-documents-and-beida-diploma-donation","{""id"":""sui-qianwan-2017-01-27-records-fathers-documents-and-beida-diploma-donation"",""date"":""2017-01-27"",""displayDate"":""2017年1月27日星期五"",""datePrecision"":""day"",""title"":""李敖记录父亲遗留三份文件，并说已把北京大学毕业证书送给北大校史馆"",""summary"":""《2017年1月》写，李敖列出父亲李鼎彝遗留的三份文件：1926年北京大学毕业证书、北大毕业后吉林大学聘书、马占山将军敌后抗日任命状，并补充自己已把北京大学毕业证书送给北大校史馆。这条保留晚年书房/家族档案的去向线索。"",""view"":[""家族线"",""书房线"",""晚年线""],""tags"":[""李鼎彝"",""北京大学"",""北大校史馆"",""家族档案"",""马占山""],""people"":[""李敖"",""李鼎彝"",""马占山"",""吴焕章""],""places"":[""北京大学"",""北大校史馆"",""吉林大学""],""works"":[""虽千万人，李敖往矣""],""certainty"":""confirmed"",""source"":{""book"":""虽千万人，李敖往矣"",""chapter"":""050.2017年1月"",""path"":""《大李敖全集5.0》（wjm_tcy版）分章节/005.诗集语录类/005.虽千万人，李敖往矣/050.2017年1月.txt"",""line"":109},""dataFile"":""data/timeline-events-sui-qianwan-li-ao-wangyi.json""}"
"29405","2017","2017-01-28","2017年1月28日星期六","day","confirmed","李敖发微博谈“南唐李后主亡了国，胜利者不杀他，封为“违命侯””","2017年1月28日，李敖在“哈囉李敖”微博发文：南唐李后主亡了国，胜利者不杀他，封为“违命侯”；北宋徽宗钦宗亡了国，胜利者不杀他们，封为“昏德公”和“重昏侯”。我曾联想统一台湾后怎么封：李登辉“舐蒋公”、陈水扁“男盗公”、马英九“男娼公”、蔡英文“秋扇婆”。秋扇见捐，别骂蔡英文了，有什么不满，深宫怨妇吕秀莲全包了。","李敖","","虽千万人，李敖往矣、哈囉李敖、微博、140字","写作线、媒体线、晚年线","虽千万人，李敖往矣、哈囉李敖","","虽千万人，李敖往矣","050.2017年1月","111","《大李敖全集5.0》（wjm_tcy版）分章节/005.诗集语录类/005.虽千万人，李敖往矣/050.2017年1月.txt","","[]","data/timeline-events-sui-qianwan-li-ao-wangyi.json","sui-qianwan-2017-01-28-daily-weibo","{""id"":""sui-qianwan-2017-01-28-daily-weibo"",""date"":""2017-01-28"",""displayDate"":""2017年1月28日星期六"",""datePrecision"":""day"",""title"":""李敖发微博谈“南唐李后主亡了国，胜利者不杀他，封为“违命侯””"",""summary"":""2017年1月28日，李敖在“哈囉李敖”微博发文：南唐李后主亡了国，胜利者不杀他，封为“违命侯”；北宋徽宗钦宗亡了国，胜利者不杀他们，封为“昏德公”和“重昏侯”。我曾联想统一台湾后怎么封：李登辉“舐蒋公”、陈水扁“男盗公”、马英九“男娼公”、蔡英文“秋扇婆”。秋扇见捐，别骂蔡英文了，有什么不满，深宫怨妇吕秀莲全包了。"",""view"":[""写作线"",""媒体线"",""晚年线""],""tags"":[""虽千万人，李敖往矣"",""哈囉李敖"",""微博"",""140字""],""people"":[""李敖""],""places"":[],""works"":[""虽千万人，李敖往矣"",""哈囉李敖""],""certainty"":""confirmed"",""source"":{""book"":""虽千万人，李敖往矣"",""chapter"":""050.2017年1月"",""path"":""《大李敖全集5.0》（wjm_tcy版）分章节/005.诗集语录类/005.虽千万人，李敖往矣/050.2017年1月.txt"",""line"":111,""lines"":[111,113]},""crossReferences"":[],""round"":""2026-07-11-sui-qianwan-li-ao-wangyi-daily-completion"",""dataFile"":""data/timeline-events-sui-qianwan-li-ao-wangyi.json""}"
"29406","2017","2017-01-30","2017年1月30日星期一","day","confirmed","李敖发微博谈“徐文长是明朝人，郑板桥是清朝人，两人沾不上边，可是郑板桥公然表示他…”","2017年1月30日，李敖在“哈囉李敖”微博发文：徐文长是明朝人，郑板桥是清朝人，两人沾不上边，可是郑板桥公然表示他对徐文长的崇拜，他毫不掩饰的说他自己是“徐青藤门下走狗”，用语率真、淋漓尽致。现代人太虚伪了，他们心里明明愿做李敖走狗，却装模作样，以骂几句李敖来划清界线。其实我知道这种人是很狗的。妈的，汪汪汪汪，汪！","李敖","","虽千万人，李敖往矣、哈囉李敖、微博、140字","写作线、媒体线、晚年线","虽千万人，李敖往矣、哈囉李敖","","虽千万人，李敖往矣","050.2017年1月","115","《大李敖全集5.0》（wjm_tcy版）分章节/005.诗集语录类/005.虽千万人，李敖往矣/050.2017年1月.txt","","[]","data/timeline-events-sui-qianwan-li-ao-wangyi.json","sui-qianwan-2017-01-30-daily-weibo","{""id"":""sui-qianwan-2017-01-30-daily-weibo"",""date"":""2017-01-30"",""displayDate"":""2017年1月30日星期一"",""datePrecision"":""day"",""title"":""李敖发微博谈“徐文长是明朝人，郑板桥是清朝人，两人沾不上边，可是郑板桥公然表示他…”"",""summary"":""2017年1月30日，李敖在“哈囉李敖”微博发文：徐文长是明朝人，郑板桥是清朝人，两人沾不上边，可是郑板桥公然表示他对徐文长的崇拜，他毫不掩饰的说他自己是“徐青藤门下走狗”，用语率真、淋漓尽致。现代人太虚伪了，他们心里明明愿做李敖走狗，却装模作样，以骂几句李敖来划清界线。其实我知道这种人是很狗的。妈的，汪汪汪汪，汪！"",""view"":[""写作线"",""媒体线"",""晚年线""],""tags"":[""虽千万人，李敖往矣"",""哈囉李敖"",""微博"",""140字""],""people"":[""李敖""],""places"":[],""works"":[""虽千万人，李敖往矣"",""哈囉李敖""],""certainty"":""confirmed"",""source"":{""book"":""虽千万人，李敖往矣"",""chapter"":""050.2017年1月"",""path"":""《大李敖全集5.0》（wjm_tcy版）分章节/005.诗集语录类/005.虽千万人，李敖往矣/050.2017年1月.txt"",""line"":115,""lines"":[115,117]},""crossReferences"":[],""round"":""2026-07-11-sui-qianwan-li-ao-wangyi-daily-completion"",""dataFile"":""data/timeline-events-sui-qianwan-li-ao-wangyi.json""}"
"29407","2017","2017-01-31","2017年1月31日星期二","day","confirmed","李敖发微博谈“宋朝阮阅《诗话总龟》里，收有两种异文的苏东坡庐山诗：“横看成岭侧成…”","2017年1月31日，李敖在“哈囉李敖”微博发文：宋朝阮阅《诗话总龟》里，收有两种异文的苏东坡庐山诗：“横看成岭侧成峰，远近看山了不同。不识庐山真面目，只缘身在此山中。”“横看成岭侧成峰，到处看山了不同。不识庐山真面目，只缘身在此山中。”各异其趣的诗，使我想起大异其趣的张大千《庐山图》。张大千没去过庐山，但他更在行。","李敖","","虽千万人，李敖往矣、哈囉李敖、微博、140字","写作线、媒体线、晚年线","虽千万人，李敖往矣、哈囉李敖","","虽千万人，李敖往矣","050.2017年1月","119","《大李敖全集5.0》（wjm_tcy版）分章节/005.诗集语录类/005.虽千万人，李敖往矣/050.2017年1月.txt","","[]","data/timeline-events-sui-qianwan-li-ao-wangyi.json","sui-qianwan-2017-01-31-daily-weibo","{""id"":""sui-qianwan-2017-01-31-daily-weibo"",""date"":""2017-01-31"",""displayDate"":""2017年1月31日星期二"",""datePrecision"":""day"",""title"":""李敖发微博谈“宋朝阮阅《诗话总龟》里，收有两种异文的苏东坡庐山诗：“横看成岭侧成…”"",""summary"":""2017年1月31日，李敖在“哈囉李敖”微博发文：宋朝阮阅《诗话总龟》里，收有两种异文的苏东坡庐山诗：“横看成岭侧成峰，远近看山了不同。不识庐山真面目，只缘身在此山中。”“横看成岭侧成峰，到处看山了不同。不识庐山真面目，只缘身在此山中。”各异其趣的诗，使我想起大异其趣的张大千《庐山图》。张大千没去过庐山，但他更在行。"",""view"":[""写作线"",""媒体线"",""晚年线""],""tags"":[""虽千万人，李敖往矣"",""哈囉李敖"",""微博"",""140字""],""people"":[""李敖""],""places"":[],""works"":[""虽千万人，李敖往矣"",""哈囉李敖""],""certainty"":""confirmed"",""source"":{""book"":""虽千万人，李敖往矣"",""chapter"":""050.2017年1月"",""path"":""《大李敖全集5.0》（wjm_tcy版）分章节/005.诗集语录类/005.虽千万人，李敖往矣/050.2017年1月.txt"",""line"":119,""lines"":[119,121]},""crossReferences"":[],""round"":""2026-07-11-sui-qianwan-li-ao-wangyi-daily-completion"",""dataFile"":""data/timeline-events-sui-qianwan-li-ao-wangyi.json""}"
"29408","2017","2017-02-01","2017年2月1日星期三","day","confirmed","李敖发微博谈“世界趋势越走越邪门了：1.共产主义已资本主义化，但穷人不能翻身，只…”","2017年2月1日，李敖在“哈囉李敖”微博发文：世界趋势越走越邪门了：1.共产主义已资本主义化，但穷人不能翻身，只能残喘；2.资本主义已共产主义化，但富者越富，美式警察压顶，有阶级却无斗争；3.共产主义承诺的自由民主是假的，资本主义自豪的自由民主也不真；4.选举或公投只是人民泄愤的手段，不是我赢了你的票，而是我搅了你的局。","李敖","","虽千万人，李敖往矣、哈囉李敖、微博、140字","写作线、媒体线、晚年线","虽千万人，李敖往矣、哈囉李敖","","虽千万人，李敖往矣","051.2017年2月","3","《大李敖全集5.0》（wjm_tcy版）分章节/005.诗集语录类/005.虽千万人，李敖往矣/051.2017年2月.txt","","[]","data/timeline-events-sui-qianwan-li-ao-wangyi.json","sui-qianwan-2017-02-01-daily-weibo","{""id"":""sui-qianwan-2017-02-01-daily-weibo"",""date"":""2017-02-01"",""displayDate"":""2017年2月1日星期三"",""datePrecision"":""day"",""title"":""李敖发微博谈“世界趋势越走越邪门了：1.共产主义已资本主义化，但穷人不能翻身，只…”"",""summary"":""2017年2月1日，李敖在“哈囉李敖”微博发文：世界趋势越走越邪门了：1.共产主义已资本主义化，但穷人不能翻身，只能残喘；2.资本主义已共产主义化，但富者越富，美式警察压顶，有阶级却无斗争；3.共产主义承诺的自由民主是假的，资本主义自豪的自由民主也不真；4.选举或公投只是人民泄愤的手段，不是我赢了你的票，而是我搅了你的局。"",""view"":[""写作线"",""媒体线"",""晚年线""],""tags"":[""虽千万人，李敖往矣"",""哈囉李敖"",""微博"",""140字""],""people"":[""李敖""],""places"":[],""works"":[""虽千万人，李敖往矣"",""哈囉李敖""],""certainty"":""confirmed"",""source"":{""book"":""虽千万人，李敖往矣"",""chapter"":""051.2017年2月"",""path"":""《大李敖全集5.0》（wjm_tcy版）分章节/005.诗集语录类/005.虽千万人，李敖往矣/051.2017年2月.txt"",""line"":3,""lines"":[3,5]},""crossReferences"":[],""round"":""2026-07-11-sui-qianwan-li-ao-wangyi-daily-completion"",""dataFile"":""data/timeline-events-sui-qianwan-li-ao-wangyi.json""}"
"29409","2017","2017-02-02","2017年2月2日星期四","day","confirmed","李敖发微博谈“加拿大是天涯的国家：1.它有王八蛋美国这样恶邻，却能免于盖长城”","2017年2月2日，李敖在“哈囉李敖”微博发文：加拿大是天涯的国家：1.它有王八蛋美国这样恶邻，却能免于盖长城；2.它有完善的社福政策，养生送死，政府全部包办，使想革命的人反革命、使没出息的人安身立命、使中年的人不再出卖兄弟朋友，而使不肯移民过来的我们，幸得喘息、以度余年。感谢加拿大，有你在天涯，我们才能在海角。A!-----","李敖","","虽千万人，李敖往矣、哈囉李敖、微博、140字","写作线、媒体线、晚年线","虽千万人，李敖往矣、哈囉李敖","","虽千万人，李敖往矣","051.2017年2月","7","《大李敖全集5.0》（wjm_tcy版）分章节/005.诗集语录类/005.虽千万人，李敖往矣/051.2017年2月.txt","","[]","data/timeline-events-sui-qianwan-li-ao-wangyi.json","sui-qianwan-2017-02-02-daily-weibo","{""id"":""sui-qianwan-2017-02-02-daily-weibo"",""date"":""2017-02-02"",""displayDate"":""2017年2月2日星期四"",""datePrecision"":""day"",""title"":""李敖发微博谈“加拿大是天涯的国家：1.它有王八蛋美国这样恶邻，却能免于盖长城”"",""summary"":""2017年2月2日，李敖在“哈囉李敖”微博发文：加拿大是天涯的国家：1.它有王八蛋美国这样恶邻，却能免于盖长城；2.它有完善的社福政策，养生送死，政府全部包办，使想革命的人反革命、使没出息的人安身立命、使中年的人不再出卖兄弟朋友，而使不肯移民过来的我们，幸得喘息、以度余年。感谢加拿大，有你在天涯，我们才能在海角。A!-----"",""view"":[""写作线"",""媒体线"",""晚年线""],""tags"":[""虽千万人，李敖往矣"",""哈囉李敖"",""微博"",""140字""],""people"":[""李敖""],""places"":[],""works"":[""虽千万人，李敖往矣"",""哈囉李敖""],""certainty"":""confirmed"",""source"":{""book"":""虽千万人，李敖往矣"",""chapter"":""051.2017年2月"",""path"":""《大李敖全集5.0》（wjm_tcy版）分章节/005.诗集语录类/005.虽千万人，李敖往矣/051.2017年2月.txt"",""line"":7,""lines"":[7,9]},""crossReferences"":[],""round"":""2026-07-11-sui-qianwan-li-ao-wangyi-daily-completion"",""dataFile"":""data/timeline-events-sui-qianwan-li-ao-wangyi.json""}"
"29410","2017","2017-02-03","2017年2月3日星期五","day","confirmed","李敖发微博谈“美国总统宣布7个穆斯林国家人民禁止进入美国”","2017年2月3日，李敖在“哈囉李敖”微博发文：美国总统宣布7个穆斯林国家人民禁止进入美国。7个国家是伊朗、伊拉克、利比亚、也门、苏丹、叙利亚、和索马利亚，他们从没攻击过美国。我奇怪：为什么不禁止沙特阿拉伯？911祸头子19个“凶手”，多是该国人，另一个本拉登且是该国贵族，为什么不敢惹沙特？只听过有替罪羊，今天领教替罪国了。","李敖","","虽千万人，李敖往矣、哈囉李敖、微博、140字","写作线、媒体线、晚年线","虽千万人，李敖往矣、哈囉李敖","","虽千万人，李敖往矣","051.2017年2月","11","《大李敖全集5.0》（wjm_tcy版）分章节/005.诗集语录类/005.虽千万人，李敖往矣/051.2017年2月.txt","","[]","data/timeline-events-sui-qianwan-li-ao-wangyi.json","sui-qianwan-2017-02-03-daily-weibo","{""id"":""sui-qianwan-2017-02-03-daily-weibo"",""date"":""2017-02-03"",""displayDate"":""2017年2月3日星期五"",""datePrecision"":""day"",""title"":""李敖发微博谈“美国总统宣布7个穆斯林国家人民禁止进入美国”"",""summary"":""2017年2月3日，李敖在“哈囉李敖”微博发文：美国总统宣布7个穆斯林国家人民禁止进入美国。7个国家是伊朗、伊拉克、利比亚、也门、苏丹、叙利亚、和索马利亚，他们从没攻击过美国。我奇怪：为什么不禁止沙特阿拉伯？911祸头子19个“凶手”，多是该国人，另一个本拉登且是该国贵族，为什么不敢惹沙特？只听过有替罪羊，今天领教替罪国了。"",""view"":[""写作线"",""媒体线"",""晚年线""],""tags"":[""虽千万人，李敖往矣"",""哈囉李敖"",""微博"",""140字""],""people"":[""李敖""],""places"":[],""works"":[""虽千万人，李敖往矣"",""哈囉李敖""],""certainty"":""confirmed"",""source"":{""book"":""虽千万人，李敖往矣"",""chapter"":""051.2017年2月"",""path"":""《大李敖全集5.0》（wjm_tcy版）分章节/005.诗集语录类/005.虽千万人，李敖往矣/051.2017年2月.txt"",""line"":11,""lines"":[11,13]},""crossReferences"":[],""round"":""2026-07-11-sui-qianwan-li-ao-wangyi-daily-completion"",""dataFile"":""data/timeline-events-sui-qianwan-li-ao-wangyi.json""}"
"29411","2017","2017-02-04","2017年2月4日星期六","day","confirmed","李敖发微博谈“本来是鸡犬不宁，现在是鸡飞狗跳，美国搅得全世界都沉不住气了，只有中…”","2017年2月4日，李敖在“哈囉李敖”微博发文：本来是鸡犬不宁，现在是鸡飞狗跳，美国搅得全世界都沉不住气了，只有中国共产党能够好整以暇。斗阴狠，共产党天下第一。但斗起“软实力”来，共产党就不从容了。它的教条使它不能谈笑用兵，发挥出自由言论的民间力量，它只会诚惶诚恐，不会亦步亦趋，结果连李敖都反了。共产党真该反省。","李敖","","虽千万人，李敖往矣、哈囉李敖、微博、140字","写作线、媒体线、晚年线","虽千万人，李敖往矣、哈囉李敖","","虽千万人，李敖往矣","051.2017年2月","15","《大李敖全集5.0》（wjm_tcy版）分章节/005.诗集语录类/005.虽千万人，李敖往矣/051.2017年2月.txt","","[]","data/timeline-events-sui-qianwan-li-ao-wangyi.json","sui-qianwan-2017-02-04-daily-weibo","{""id"":""sui-qianwan-2017-02-04-daily-weibo"",""date"":""2017-02-04"",""displayDate"":""2017年2月4日星期六"",""datePrecision"":""day"",""title"":""李敖发微博谈“本来是鸡犬不宁，现在是鸡飞狗跳，美国搅得全世界都沉不住气了，只有中…”"",""summary"":""2017年2月4日，李敖在“哈囉李敖”微博发文：本来是鸡犬不宁，现在是鸡飞狗跳，美国搅得全世界都沉不住气了，只有中国共产党能够好整以暇。斗阴狠，共产党天下第一。但斗起“软实力”来，共产党就不从容了。它的教条使它不能谈笑用兵，发挥出自由言论的民间力量，它只会诚惶诚恐，不会亦步亦趋，结果连李敖都反了。共产党真该反省。"",""view"":[""写作线"",""媒体线"",""晚年线""],""tags"":[""虽千万人，李敖往矣"",""哈囉李敖"",""微博"",""140字""],""people"":[""李敖""],""places"":[],""works"":[""虽千万人，李敖往矣"",""哈囉李敖""],""certainty"":""confirmed"",""source"":{""book"":""虽千万人，李敖往矣"",""chapter"":""051.2017年2月"",""path"":""《大李敖全集5.0》（wjm_tcy版）分章节/005.诗集语录类/005.虽千万人，李敖往矣/051.2017年2月.txt"",""line"":15,""lines"":[15,17]},""crossReferences"":[],""round"":""2026-07-11-sui-qianwan-li-ao-wangyi-daily-completion"",""dataFile"":""data/timeline-events-sui-qianwan-li-ao-wangyi.json""}"
"29412","2017","2017-02-05","2017年2月5日星期日","day","confirmed","李敖发微博谈“统治者大权在握，一切自己说了算，成语上叫“干纲独断””","2017年2月5日，李敖在“哈囉李敖”微博发文：统治者大权在握，一切自己说了算，成语上叫“干纲独断”。陈毅描写毛泽东，就说他“干纲独断”。看了蒋介石曝光的日记，发现此公事事“干纲独断”，但却是低手。结果“干纲独断”变成“独断干纲”，把事情反倒搞砸了。结论是：独裁而无能，是蒋介石日记带给我们的新证物，我们可别忽略了。","李敖","","虽千万人，李敖往矣、哈囉李敖、微博、140字","写作线、媒体线、晚年线","虽千万人，李敖往矣、哈囉李敖","","虽千万人，李敖往矣","051.2017年2月","19","《大李敖全集5.0》（wjm_tcy版）分章节/005.诗集语录类/005.虽千万人，李敖往矣/051.2017年2月.txt","","[]","data/timeline-events-sui-qianwan-li-ao-wangyi.json","sui-qianwan-2017-02-05-daily-weibo","{""id"":""sui-qianwan-2017-02-05-daily-weibo"",""date"":""2017-02-05"",""displayDate"":""2017年2月5日星期日"",""datePrecision"":""day"",""title"":""李敖发微博谈“统治者大权在握，一切自己说了算，成语上叫“干纲独断””"",""summary"":""2017年2月5日，李敖在“哈囉李敖”微博发文：统治者大权在握，一切自己说了算，成语上叫“干纲独断”。陈毅描写毛泽东，就说他“干纲独断”。看了蒋介石曝光的日记，发现此公事事“干纲独断”，但却是低手。结果“干纲独断”变成“独断干纲”，把事情反倒搞砸了。结论是：独裁而无能，是蒋介石日记带给我们的新证物，我们可别忽略了。"",""view"":[""写作线"",""媒体线"",""晚年线""],""tags"":[""虽千万人，李敖往矣"",""哈囉李敖"",""微博"",""140字""],""people"":[""李敖""],""places"":[],""works"":[""虽千万人，李敖往矣"",""哈囉李敖""],""certainty"":""confirmed"",""source"":{""book"":""虽千万人，李敖往矣"",""chapter"":""051.2017年2月"",""path"":""《大李敖全集5.0》（wjm_tcy版）分章节/005.诗集语录类/005.虽千万人，李敖往矣/051.2017年2月.txt"",""line"":19,""lines"":[19,21]},""crossReferences"":[],""round"":""2026-07-11-sui-qianwan-li-ao-wangyi-daily-completion"",""dataFile"":""data/timeline-events-sui-qianwan-li-ao-wangyi.json""}"
"29413","2017","2017-02-06","2017年2月6日星期一","day","confirmed","李敖发微博谈““92共识”本是李登辉走狗苏起的障眼法，利用“92共识”来乌贼“一…”","2017年2月6日，李敖在“哈囉李敖”微博发文：“92共识”本是李登辉走狗苏起的障眼法，利用“92共识”来乌贼“一个中国”。共产党笨，上了当，就咬住“92共识”不放。如今蔡英文又否定“92共识”，要改个字眼。共产党为什么不干脆改成“一个中国”呢？你蔡英文说尊重宪法，你宪法里的中国是两个吗？改个字眼，就痛快改成“一个中国”吧。","李敖","","虽千万人，李敖往矣、哈囉李敖、微博、140字","写作线、媒体线、晚年线","虽千万人，李敖往矣、哈囉李敖","","虽千万人，李敖往矣","051.2017年2月","23","《大李敖全集5.0》（wjm_tcy版）分章节/005.诗集语录类/005.虽千万人，李敖往矣/051.2017年2月.txt","","[]","data/timeline-events-sui-qianwan-li-ao-wangyi.json","sui-qianwan-2017-02-06-daily-weibo","{""id"":""sui-qianwan-2017-02-06-daily-weibo"",""date"":""2017-02-06"",""displayDate"":""2017年2月6日星期一"",""datePrecision"":""day"",""title"":""李敖发微博谈““92共识”本是李登辉走狗苏起的障眼法，利用“92共识”来乌贼“一…”"",""summary"":""2017年2月6日，李敖在“哈囉李敖”微博发文：“92共识”本是李登辉走狗苏起的障眼法，利用“92共识”来乌贼“一个中国”。共产党笨，上了当，就咬住“92共识”不放。如今蔡英文又否定“92共识”，要改个字眼。共产党为什么不干脆改成“一个中国”呢？你蔡英文说尊重宪法，你宪法里的中国是两个吗？改个字眼，就痛快改成“一个中国”吧。"",""view"":[""写作线"",""媒体线"",""晚年线""],""tags"":[""虽千万人，李敖往矣"",""哈囉李敖"",""微博"",""140字""],""people"":[""李敖""],""places"":[],""works"":[""虽千万人，李敖往矣"",""哈囉李敖""],""certainty"":""confirmed"",""source"":{""book"":""虽千万人，李敖往矣"",""chapter"":""051.2017年2月"",""path"":""《大李敖全集5.0》（wjm_tcy版）分章节/005.诗集语录类/005.虽千万人，李敖往矣/051.2017年2月.txt"",""line"":23,""lines"":[23,25]},""crossReferences"":[],""round"":""2026-07-11-sui-qianwan-li-ao-wangyi-daily-completion"",""dataFile"":""data/timeline-events-sui-qianwan-li-ao-wangyi.json""}"
"29414","2017","2017-02-07","2017年2月7日星期二","day","probable","李敖记录曾送钱给梁肃戎，助其参加大陆抗日座谈会","《2017年2月》写，李敖回忆“那年祖国邀抗日英雄梁肃戎参加抗日座谈会”，自己曾送钱数万元为梁肃戎壮行，但梁肃戎后来未能成行便去世。原文未交代当年确日，本条按2017年2月7日的回述入表。","李敖、梁肃戎","台湾、大陆","梁肃戎、抗日座谈会、大陆、资助、回述","交游线、政治线、晚年线","虽千万人，李敖往矣","","虽千万人，李敖往矣","051.2017年2月","29","《大李敖全集5.0》（wjm_tcy版）分章节/005.诗集语录类/005.虽千万人，李敖往矣/051.2017年2月.txt","","[]","data/timeline-events-sui-qianwan-li-ao-wangyi.json","sui-qianwan-2017-02-07-records-giving-money-to-liang-surong-for-mainland-trip","{""id"":""sui-qianwan-2017-02-07-records-giving-money-to-liang-surong-for-mainland-trip"",""date"":""2017-02-07"",""displayDate"":""2017年2月7日星期二"",""datePrecision"":""day"",""title"":""李敖记录曾送钱给梁肃戎，助其参加大陆抗日座谈会"",""summary"":""《2017年2月》写，李敖回忆“那年祖国邀抗日英雄梁肃戎参加抗日座谈会”，自己曾送钱数万元为梁肃戎壮行，但梁肃戎后来未能成行便去世。原文未交代当年确日，本条按2017年2月7日的回述入表。"",""view"":[""交游线"",""政治线"",""晚年线""],""tags"":[""梁肃戎"",""抗日座谈会"",""大陆"",""资助"",""回述""],""people"":[""李敖"",""梁肃戎""],""places"":[""台湾"",""大陆""],""works"":[""虽千万人，李敖往矣""],""certainty"":""probable"",""source"":{""book"":""虽千万人，李敖往矣"",""chapter"":""051.2017年2月"",""path"":""《大李敖全集5.0》（wjm_tcy版）分章节/005.诗集语录类/005.虽千万人，李敖往矣/051.2017年2月.txt"",""line"":29},""dataFile"":""data/timeline-events-sui-qianwan-li-ao-wangyi.json""}"
"29415","2017","2017-02-08","2017年2月8日星期三","day","confirmed","李敖发微博谈“科学家发神经：洋科学家造科学怪人”","2017年2月8日，李敖在“哈囉李敖”微博发文：科学家发神经：洋科学家造科学怪人；台湾科学家造雄3飞弹。雄3飞弹说是“航母杀手”，但没杀到航母却杀到艄公：飞弹失控，以3倍超音速贯穿澎湖东吉岛旁一渔船，船长当场命丧价值1亿台币的“航母杀手”之手。人生自古谁无死，但死得如此单一、如此殊荣、如此价值不菲，唯我艄公得之！","李敖","","虽千万人，李敖往矣、哈囉李敖、微博、140字","写作线、媒体线、晚年线","虽千万人，李敖往矣、哈囉李敖","","虽千万人，李敖往矣","051.2017年2月","31","《大李敖全集5.0》（wjm_tcy版）分章节/005.诗集语录类/005.虽千万人，李敖往矣/051.2017年2月.txt","","[]","data/timeline-events-sui-qianwan-li-ao-wangyi.json","sui-qianwan-2017-02-08-daily-weibo","{""id"":""sui-qianwan-2017-02-08-daily-weibo"",""date"":""2017-02-08"",""displayDate"":""2017年2月8日星期三"",""datePrecision"":""day"",""title"":""李敖发微博谈“科学家发神经：洋科学家造科学怪人”"",""summary"":""2017年2月8日，李敖在“哈囉李敖”微博发文：科学家发神经：洋科学家造科学怪人；台湾科学家造雄3飞弹。雄3飞弹说是“航母杀手”，但没杀到航母却杀到艄公：飞弹失控，以3倍超音速贯穿澎湖东吉岛旁一渔船，船长当场命丧价值1亿台币的“航母杀手”之手。人生自古谁无死，但死得如此单一、如此殊荣、如此价值不菲，唯我艄公得之！"",""view"":[""写作线"",""媒体线"",""晚年线""],""tags"":[""虽千万人，李敖往矣"",""哈囉李敖"",""微博"",""140字""],""people"":[""李敖""],""places"":[],""works"":[""虽千万人，李敖往矣"",""哈囉李敖""],""certainty"":""confirmed"",""source"":{""book"":""虽千万人，李敖往矣"",""chapter"":""051.2017年2月"",""path"":""《大李敖全集5.0》（wjm_tcy版）分章节/005.诗集语录类/005.虽千万人，李敖往矣/051.2017年2月.txt"",""line"":31,""lines"":[31,33]},""crossReferences"":[],""round"":""2026-07-11-sui-qianwan-li-ao-wangyi-daily-completion"",""dataFile"":""data/timeline-events-sui-qianwan-li-ao-wangyi.json""}"
"29416","2017","2017-02-09","2017年2月9日星期四","day","confirmed","李敖发微博谈“《美丽岛电子报》的祸头子吴子嘉是精明的朋友，与“李大哥”无话不谈”","2017年2月9日，李敖在“哈囉李敖”微博发文：《美丽岛电子报》的祸头子吴子嘉是精明的朋友，与“李大哥”无话不谈。他说：“我们有共同特色，就是犯罪而不犯法。一犯法，敌人一定整我们；但我们也要自谋生路，这些生路（包括生财有道），却是敌人抓不到的，只有上帝抓得到。但上帝睡着了。”台湾黑社会角头公然说李敖最清亷，真知我者也！","李敖","","虽千万人，李敖往矣、哈囉李敖、微博、140字","写作线、媒体线、晚年线","虽千万人，李敖往矣、哈囉李敖","","虽千万人，李敖往矣","051.2017年2月","35","《大李敖全集5.0》（wjm_tcy版）分章节/005.诗集语录类/005.虽千万人，李敖往矣/051.2017年2月.txt","","[]","data/timeline-events-sui-qianwan-li-ao-wangyi.json","sui-qianwan-2017-02-09-daily-weibo","{""id"":""sui-qianwan-2017-02-09-daily-weibo"",""date"":""2017-02-09"",""displayDate"":""2017年2月9日星期四"",""datePrecision"":""day"",""title"":""李敖发微博谈“《美丽岛电子报》的祸头子吴子嘉是精明的朋友，与“李大哥”无话不谈”"",""summary"":""2017年2月9日，李敖在“哈囉李敖”微博发文：《美丽岛电子报》的祸头子吴子嘉是精明的朋友，与“李大哥”无话不谈。他说：“我们有共同特色，就是犯罪而不犯法。一犯法，敌人一定整我们；但我们也要自谋生路，这些生路（包括生财有道），却是敌人抓不到的，只有上帝抓得到。但上帝睡着了。”台湾黑社会角头公然说李敖最清亷，真知我者也！"",""view"":[""写作线"",""媒体线"",""晚年线""],""tags"":[""虽千万人，李敖往矣"",""哈囉李敖"",""微博"",""140字""],""people"":[""李敖""],""places"":[],""works"":[""虽千万人，李敖往矣"",""哈囉李敖""],""certainty"":""confirmed"",""source"":{""book"":""虽千万人，李敖往矣"",""chapter"":""051.2017年2月"",""path"":""《大李敖全集5.0》（wjm_tcy版）分章节/005.诗集语录类/005.虽千万人，李敖往矣/051.2017年2月.txt"",""line"":35,""lines"":[35,37]},""crossReferences"":[],""round"":""2026-07-11-sui-qianwan-li-ao-wangyi-daily-completion"",""dataFile"":""data/timeline-events-sui-qianwan-li-ao-wangyi.json""}"
"29417","2017","2017-02-10","2017年2月10日星期五","day","confirmed","李敖发微博谈“战场上最残暴的军人，是日本人和美国人，他们对中国妇女、对印第安妇女…”","2017年2月10日，李敖在“哈囉李敖”微博发文：战场上最残暴的军人，是日本人和美国人，他们对中国妇女、对印第安妇女，先奸后杀、血迹斑斑。越战时美国看来奸归奸杀归杀了，但战后溶出的美利坚“国策”却先奸后杀无异。今天特朗普对台湾，就是如此。先卖高价武器把你掏空，再邀老共掏腰包买下你。岛的下场是魂飞魄散，摇曳的，只是躯壳。","李敖","","虽千万人，李敖往矣、哈囉李敖、微博、140字","写作线、媒体线、晚年线","虽千万人，李敖往矣、哈囉李敖","","虽千万人，李敖往矣","051.2017年2月","39","《大李敖全集5.0》（wjm_tcy版）分章节/005.诗集语录类/005.虽千万人，李敖往矣/051.2017年2月.txt","","[]","data/timeline-events-sui-qianwan-li-ao-wangyi.json","sui-qianwan-2017-02-10-daily-weibo","{""id"":""sui-qianwan-2017-02-10-daily-weibo"",""date"":""2017-02-10"",""displayDate"":""2017年2月10日星期五"",""datePrecision"":""day"",""title"":""李敖发微博谈“战场上最残暴的军人，是日本人和美国人，他们对中国妇女、对印第安妇女…”"",""summary"":""2017年2月10日，李敖在“哈囉李敖”微博发文：战场上最残暴的军人，是日本人和美国人，他们对中国妇女、对印第安妇女，先奸后杀、血迹斑斑。越战时美国看来奸归奸杀归杀了，但战后溶出的美利坚“国策”却先奸后杀无异。今天特朗普对台湾，就是如此。先卖高价武器把你掏空，再邀老共掏腰包买下你。岛的下场是魂飞魄散，摇曳的，只是躯壳。"",""view"":[""写作线"",""媒体线"",""晚年线""],""tags"":[""虽千万人，李敖往矣"",""哈囉李敖"",""微博"",""140字""],""people"":[""李敖""],""places"":[],""works"":[""虽千万人，李敖往矣"",""哈囉李敖""],""certainty"":""confirmed"",""source"":{""book"":""虽千万人，李敖往矣"",""chapter"":""051.2017年2月"",""path"":""《大李敖全集5.0》（wjm_tcy版）分章节/005.诗集语录类/005.虽千万人，李敖往矣/051.2017年2月.txt"",""line"":39,""lines"":[39,41]},""crossReferences"":[],""round"":""2026-07-11-sui-qianwan-li-ao-wangyi-daily-completion"",""dataFile"":""data/timeline-events-sui-qianwan-li-ao-wangyi.json""}"
"29418","2017","2017-02-11","2017年2月11日星期六","day","confirmed","李敖发微博谈“史记（范雎蔡泽传）有句名言：“一饭之德必偿，睚眦之怨必报”","2017年2月11日，李敖在“哈囉李敖”微博发文：史记（范雎蔡泽传）有句名言：“一饭之德必偿，睚眦之怨必报。”我好欣赏这种人生态度。它清楚点破人不可忘恩负义，也不可忘记对你吹胡子瞪眼的敌人。别相信基督徒的伪善与高调：原谅敌人。老鼠原谅猫吗？老鼠有资格原谅猫吗？请记住：睚眦不报的人就是忘恩负义的人。他们是伪君子、是小人。","李敖","","虽千万人，李敖往矣、哈囉李敖、微博、140字","写作线、媒体线、晚年线","虽千万人，李敖往矣、哈囉李敖","","虽千万人，李敖往矣","051.2017年2月","43","《大李敖全集5.0》（wjm_tcy版）分章节/005.诗集语录类/005.虽千万人，李敖往矣/051.2017年2月.txt","","[]","data/timeline-events-sui-qianwan-li-ao-wangyi.json","sui-qianwan-2017-02-11-daily-weibo","{""id"":""sui-qianwan-2017-02-11-daily-weibo"",""date"":""2017-02-11"",""displayDate"":""2017年2月11日星期六"",""datePrecision"":""day"",""title"":""李敖发微博谈“史记（范雎蔡泽传）有句名言：“一饭之德必偿，睚眦之怨必报”"",""summary"":""2017年2月11日，李敖在“哈囉李敖”微博发文：史记（范雎蔡泽传）有句名言：“一饭之德必偿，睚眦之怨必报。”我好欣赏这种人生态度。它清楚点破人不可忘恩负义，也不可忘记对你吹胡子瞪眼的敌人。别相信基督徒的伪善与高调：原谅敌人。老鼠原谅猫吗？老鼠有资格原谅猫吗？请记住：睚眦不报的人就是忘恩负义的人。他们是伪君子、是小人。"",""view"":[""写作线"",""媒体线"",""晚年线""],""tags"":[""虽千万人，李敖往矣"",""哈囉李敖"",""微博"",""140字""],""people"":[""李敖""],""places"":[],""works"":[""虽千万人，李敖往矣"",""哈囉李敖""],""certainty"":""confirmed"",""source"":{""book"":""虽千万人，李敖往矣"",""chapter"":""051.2017年2月"",""path"":""《大李敖全集5.0》（wjm_tcy版）分章节/005.诗集语录类/005.虽千万人，李敖往矣/051.2017年2月.txt"",""line"":43,""lines"":[43,45]},""crossReferences"":[],""round"":""2026-07-11-sui-qianwan-li-ao-wangyi-daily-completion"",""dataFile"":""data/timeline-events-sui-qianwan-li-ao-wangyi.json""}"
"29419","2017","2017-02-12","2017年2月12日星期日","day","confirmed","李敖发微博谈“蒋介石没本领建国，但有本领带领一群坏东西夺权，又没本领逆取顺守，最…”","2017年2月12日，李敖在“哈囉李敖”微博发文：蒋介石没本领建国，但有本领带领一群坏东西夺权，又没本领逆取顺守，最后丢掉国都2次，败退台湾。但是一群坏东西无处可去，仍旧追随他打天下，最后天下打到蒋家里，蒋子接了班。一群坏东西无以自解，最后昧着良心，接受豢养，死在鬼岛台湾。毛泽东比蒋高明，但他纵容老婆接班，该打屁股。","李敖","","虽千万人，李敖往矣、哈囉李敖、微博、140字","写作线、媒体线、晚年线","虽千万人，李敖往矣、哈囉李敖","","虽千万人，李敖往矣","051.2017年2月","47","《大李敖全集5.0》（wjm_tcy版）分章节/005.诗集语录类/005.虽千万人，李敖往矣/051.2017年2月.txt","","[]","data/timeline-events-sui-qianwan-li-ao-wangyi.json","sui-qianwan-2017-02-12-daily-weibo","{""id"":""sui-qianwan-2017-02-12-daily-weibo"",""date"":""2017-02-12"",""displayDate"":""2017年2月12日星期日"",""datePrecision"":""day"",""title"":""李敖发微博谈“蒋介石没本领建国，但有本领带领一群坏东西夺权，又没本领逆取顺守，最…”"",""summary"":""2017年2月12日，李敖在“哈囉李敖”微博发文：蒋介石没本领建国，但有本领带领一群坏东西夺权，又没本领逆取顺守，最后丢掉国都2次，败退台湾。但是一群坏东西无处可去，仍旧追随他打天下，最后天下打到蒋家里，蒋子接了班。一群坏东西无以自解，最后昧着良心，接受豢养，死在鬼岛台湾。毛泽东比蒋高明，但他纵容老婆接班，该打屁股。"",""view"":[""写作线"",""媒体线"",""晚年线""],""tags"":[""虽千万人，李敖往矣"",""哈囉李敖"",""微博"",""140字""],""people"":[""李敖""],""places"":[],""works"":[""虽千万人，李敖往矣"",""哈囉李敖""],""certainty"":""confirmed"",""source"":{""book"":""虽千万人，李敖往矣"",""chapter"":""051.2017年2月"",""path"":""《大李敖全集5.0》（wjm_tcy版）分章节/005.诗集语录类/005.虽千万人，李敖往矣/051.2017年2月.txt"",""line"":47,""lines"":[47,49]},""crossReferences"":[],""round"":""2026-07-11-sui-qianwan-li-ao-wangyi-daily-completion"",""dataFile"":""data/timeline-events-sui-qianwan-li-ao-wangyi.json""}"
"29420","2017","2017-02-13","2017年2月13日星期一","day","confirmed","李敖发微博谈“特朗普上台，对日本、对俄国、对南韩、对澳洲、对德国、对英国等，都热…”","2017年2月13日，李敖在“哈囉李敖”微博发文：特朗普上台，对日本、对俄国、对南韩、对澳洲、对德国、对英国等，都热烘烘，独对中国冷冰冰。直到2月8号才写信示好、元宵节前给中国拜晚年，人说此乃“黄鼠狼给鸡拜年”。其实，共产党沉稳阴狠，一点也不鸡，实乃“黄鼠狼给黄鼠狼拜年”。但最后美国会输：谁能狼得过狼头狼目的共产党呢？","李敖","","虽千万人，李敖往矣、哈囉李敖、微博、140字","写作线、媒体线、晚年线","虽千万人，李敖往矣、哈囉李敖","","虽千万人，李敖往矣","051.2017年2月","51","《大李敖全集5.0》（wjm_tcy版）分章节/005.诗集语录类/005.虽千万人，李敖往矣/051.2017年2月.txt","","[]","data/timeline-events-sui-qianwan-li-ao-wangyi.json","sui-qianwan-2017-02-13-daily-weibo","{""id"":""sui-qianwan-2017-02-13-daily-weibo"",""date"":""2017-02-13"",""displayDate"":""2017年2月13日星期一"",""datePrecision"":""day"",""title"":""李敖发微博谈“特朗普上台，对日本、对俄国、对南韩、对澳洲、对德国、对英国等，都热…”"",""summary"":""2017年2月13日，李敖在“哈囉李敖”微博发文：特朗普上台，对日本、对俄国、对南韩、对澳洲、对德国、对英国等，都热烘烘，独对中国冷冰冰。直到2月8号才写信示好、元宵节前给中国拜晚年，人说此乃“黄鼠狼给鸡拜年”。其实，共产党沉稳阴狠，一点也不鸡，实乃“黄鼠狼给黄鼠狼拜年”。但最后美国会输：谁能狼得过狼头狼目的共产党呢？"",""view"":[""写作线"",""媒体线"",""晚年线""],""tags"":[""虽千万人，李敖往矣"",""哈囉李敖"",""微博"",""140字""],""people"":[""李敖""],""places"":[],""works"":[""虽千万人，李敖往矣"",""哈囉李敖""],""certainty"":""confirmed"",""source"":{""book"":""虽千万人，李敖往矣"",""chapter"":""051.2017年2月"",""path"":""《大李敖全集5.0》（wjm_tcy版）分章节/005.诗集语录类/005.虽千万人，李敖往矣/051.2017年2月.txt"",""line"":51,""lines"":[51,53]},""crossReferences"":[],""round"":""2026-07-11-sui-qianwan-li-ao-wangyi-daily-completion"",""dataFile"":""data/timeline-events-sui-qianwan-li-ao-wangyi.json""}"
"29421","2017","2017-02-14","2017年2月14日星期二","day","confirmed","李敖发微博谈“共产党生于忧患，爱救国救民，又教条严肃，故喜欢板着脸”","2017年2月14日，李敖在“哈囉李敖”微博发文：共产党生于忧患，爱救国救民，又教条严肃，故喜欢板着脸。偶而不得不笑一下，却笑得不够自然，有点“皮笑肉不笑”，甚至“笑比哭还难看”。但中国人民会偷笑，共产党虽不以为然，却也憋着，懒得计较。憋得久了，又看到李大师的妙语如珠，自己也想笑一下。但又怕引起误会，只好以屁代之。故共产党常放屁。","李敖","","虽千万人，李敖往矣、哈囉李敖、微博、140字","写作线、媒体线、晚年线","虽千万人，李敖往矣、哈囉李敖","","虽千万人，李敖往矣","051.2017年2月","55","《大李敖全集5.0》（wjm_tcy版）分章节/005.诗集语录类/005.虽千万人，李敖往矣/051.2017年2月.txt","","[]","data/timeline-events-sui-qianwan-li-ao-wangyi.json","sui-qianwan-2017-02-14-daily-weibo","{""id"":""sui-qianwan-2017-02-14-daily-weibo"",""date"":""2017-02-14"",""displayDate"":""2017年2月14日星期二"",""datePrecision"":""day"",""title"":""李敖发微博谈“共产党生于忧患，爱救国救民，又教条严肃，故喜欢板着脸”"",""summary"":""2017年2月14日，李敖在“哈囉李敖”微博发文：共产党生于忧患，爱救国救民，又教条严肃，故喜欢板着脸。偶而不得不笑一下，却笑得不够自然，有点“皮笑肉不笑”，甚至“笑比哭还难看”。但中国人民会偷笑，共产党虽不以为然，却也憋着，懒得计较。憋得久了，又看到李大师的妙语如珠，自己也想笑一下。但又怕引起误会，只好以屁代之。故共产党常放屁。"",""view"":[""写作线"",""媒体线"",""晚年线""],""tags"":[""虽千万人，李敖往矣"",""哈囉李敖"",""微博"",""140字""],""people"":[""李敖""],""places"":[],""works"":[""虽千万人，李敖往矣"",""哈囉李敖""],""certainty"":""confirmed"",""source"":{""book"":""虽千万人，李敖往矣"",""chapter"":""051.2017年2月"",""path"":""《大李敖全集5.0》（wjm_tcy版）分章节/005.诗集语录类/005.虽千万人，李敖往矣/051.2017年2月.txt"",""line"":55,""lines"":[55,57]},""crossReferences"":[],""round"":""2026-07-11-sui-qianwan-li-ao-wangyi-daily-completion"",""dataFile"":""data/timeline-events-sui-qianwan-li-ao-wangyi.json""}"
"29422","2017","2017-02-15","2017年2月15日星期三","day","confirmed","李敖发微博谈“日本明治维新50多年的大鸡鸡国策，最后毁于一旦和二弹（原子弹），现…”","2017年2月15日，李敖在“哈囉李敖”微博发文：日本明治维新50多年的大鸡鸡国策，最后毁于一旦和二弹（原子弹），现在连小鸡鸡都不是，只是美国专嫖的艺妓。但艺妓娼寮外有个野鸡，以“台湾总统”阻街谄媚，但艺妓跟本看不起你：不管你穿裙子穿裤子、不管你脱裙子脱裤子、不管你穿裙子脱裤子、不管你脱裤子穿裙子，你就是野鸡、你贱种！","李敖","","虽千万人，李敖往矣、哈囉李敖、微博、140字","写作线、媒体线、晚年线","虽千万人，李敖往矣、哈囉李敖","","虽千万人，李敖往矣","051.2017年2月","59","《大李敖全集5.0》（wjm_tcy版）分章节/005.诗集语录类/005.虽千万人，李敖往矣/051.2017年2月.txt","","[]","data/timeline-events-sui-qianwan-li-ao-wangyi.json","sui-qianwan-2017-02-15-daily-weibo","{""id"":""sui-qianwan-2017-02-15-daily-weibo"",""date"":""2017-02-15"",""displayDate"":""2017年2月15日星期三"",""datePrecision"":""day"",""title"":""李敖发微博谈“日本明治维新50多年的大鸡鸡国策，最后毁于一旦和二弹（原子弹），现…”"",""summary"":""2017年2月15日，李敖在“哈囉李敖”微博发文：日本明治维新50多年的大鸡鸡国策，最后毁于一旦和二弹（原子弹），现在连小鸡鸡都不是，只是美国专嫖的艺妓。但艺妓娼寮外有个野鸡，以“台湾总统”阻街谄媚，但艺妓跟本看不起你：不管你穿裙子穿裤子、不管你脱裙子脱裤子、不管你穿裙子脱裤子、不管你脱裤子穿裙子，你就是野鸡、你贱种！"",""view"":[""写作线"",""媒体线"",""晚年线""],""tags"":[""虽千万人，李敖往矣"",""哈囉李敖"",""微博"",""140字""],""people"":[""李敖""],""places"":[],""works"":[""虽千万人，李敖往矣"",""哈囉李敖""],""certainty"":""confirmed"",""source"":{""book"":""虽千万人，李敖往矣"",""chapter"":""051.2017年2月"",""path"":""《大李敖全集5.0》（wjm_tcy版）分章节/005.诗集语录类/005.虽千万人，李敖往矣/051.2017年2月.txt"",""line"":59,""lines"":[59,61]},""crossReferences"":[],""round"":""2026-07-11-sui-qianwan-li-ao-wangyi-daily-completion"",""dataFile"":""data/timeline-events-sui-qianwan-li-ao-wangyi.json""}"
"29423","2017","2017-02-16","2017年2月16日星期四","day","confirmed","李敖发微博谈“我是中华人民共和国宪法第35条的维护者，其中有言论自由和出版自由”","2017年2月16日，李敖在“哈囉李敖”微博发文：我是中华人民共和国宪法第35条的维护者，其中有言论自由和出版自由。任何党政军特商自毁宪法而侵犯到我这种自由，我一定挺身而出、跟他们干，并且没完没了。国民党已领教了我对他们至少40年的追杀，你可以耀武扬威于一时，但我会千秋万岁于永久。没把司马迁看在眼里的汉武帝今天又在哪里？","李敖","","虽千万人，李敖往矣、哈囉李敖、微博、140字","写作线、媒体线、晚年线","虽千万人，李敖往矣、哈囉李敖","","虽千万人，李敖往矣","051.2017年2月","63","《大李敖全集5.0》（wjm_tcy版）分章节/005.诗集语录类/005.虽千万人，李敖往矣/051.2017年2月.txt","","[]","data/timeline-events-sui-qianwan-li-ao-wangyi.json","sui-qianwan-2017-02-16-daily-weibo","{""id"":""sui-qianwan-2017-02-16-daily-weibo"",""date"":""2017-02-16"",""displayDate"":""2017年2月16日星期四"",""datePrecision"":""day"",""title"":""李敖发微博谈“我是中华人民共和国宪法第35条的维护者，其中有言论自由和出版自由”"",""summary"":""2017年2月16日，李敖在“哈囉李敖”微博发文：我是中华人民共和国宪法第35条的维护者，其中有言论自由和出版自由。任何党政军特商自毁宪法而侵犯到我这种自由，我一定挺身而出、跟他们干，并且没完没了。国民党已领教了我对他们至少40年的追杀，你可以耀武扬威于一时，但我会千秋万岁于永久。没把司马迁看在眼里的汉武帝今天又在哪里？"",""view"":[""写作线"",""媒体线"",""晚年线""],""tags"":[""虽千万人，李敖往矣"",""哈囉李敖"",""微博"",""140字""],""people"":[""李敖""],""places"":[],""works"":[""虽千万人，李敖往矣"",""哈囉李敖""],""certainty"":""confirmed"",""source"":{""book"":""虽千万人，李敖往矣"",""chapter"":""051.2017年2月"",""path"":""《大李敖全集5.0》（wjm_tcy版）分章节/005.诗集语录类/005.虽千万人，李敖往矣/051.2017年2月.txt"",""line"":63,""lines"":[63,65]},""crossReferences"":[],""round"":""2026-07-11-sui-qianwan-li-ao-wangyi-daily-completion"",""dataFile"":""data/timeline-events-sui-qianwan-li-ao-wangyi.json""}"
"29424","2017","2017-02-17","2017年2月17日星期五","day","confirmed","李敖发微博谈“共产党是精明的党，但对台湾却不够精明”","2017年2月17日，李敖在“哈囉李敖”微博发文：共产党是精明的党，但对台湾却不够精明。几十年来尔诈我虞，屡被仙人偷桃，毛病都出在自以为知台，其实知道的不是真台，而是被台湾烂人骗得团团转的假台。受骗最惨的是龟头党中央、狗头社科院台研所、猪头海协会陈云林。看来还是向火眼金睛在台68年的李大师请教吧。你们不行、你们砸锅了。","李敖","","虽千万人，李敖往矣、哈囉李敖、微博、140字","写作线、媒体线、晚年线","虽千万人，李敖往矣、哈囉李敖","","虽千万人，李敖往矣","051.2017年2月","67","《大李敖全集5.0》（wjm_tcy版）分章节/005.诗集语录类/005.虽千万人，李敖往矣/051.2017年2月.txt","","[]","data/timeline-events-sui-qianwan-li-ao-wangyi.json","sui-qianwan-2017-02-17-daily-weibo","{""id"":""sui-qianwan-2017-02-17-daily-weibo"",""date"":""2017-02-17"",""displayDate"":""2017年2月17日星期五"",""datePrecision"":""day"",""title"":""李敖发微博谈“共产党是精明的党，但对台湾却不够精明”"",""summary"":""2017年2月17日，李敖在“哈囉李敖”微博发文：共产党是精明的党，但对台湾却不够精明。几十年来尔诈我虞，屡被仙人偷桃，毛病都出在自以为知台，其实知道的不是真台，而是被台湾烂人骗得团团转的假台。受骗最惨的是龟头党中央、狗头社科院台研所、猪头海协会陈云林。看来还是向火眼金睛在台68年的李大师请教吧。你们不行、你们砸锅了。"",""view"":[""写作线"",""媒体线"",""晚年线""],""tags"":[""虽千万人，李敖往矣"",""哈囉李敖"",""微博"",""140字""],""people"":[""李敖""],""places"":[],""works"":[""虽千万人，李敖往矣"",""哈囉李敖""],""certainty"":""confirmed"",""source"":{""book"":""虽千万人，李敖往矣"",""chapter"":""051.2017年2月"",""path"":""《大李敖全集5.0》（wjm_tcy版）分章节/005.诗集语录类/005.虽千万人，李敖往矣/051.2017年2月.txt"",""line"":67,""lines"":[67,69]},""crossReferences"":[],""round"":""2026-07-11-sui-qianwan-li-ao-wangyi-daily-completion"",""dataFile"":""data/timeline-events-sui-qianwan-li-ao-wangyi.json""}"
"29425","2017","2017-02-18","2017年2月18日星期六","day","confirmed","李敖发微博谈“68年来，台湾人民遭到两批骗子的裹胁：第1批喊反攻26年而不敢反攻”","2017年2月18日，李敖在“哈囉李敖”微博发文：68年来，台湾人民遭到两批骗子的裹胁：第1批喊反攻26年而不敢反攻；第2批喊台独50年而不敢台独。不敢也就罢了，可是两批骗子却煽动自大狂，结果全世界都怕北京，只有台湾不怕，还要“草螟斗鸡公”，自己找死。这两批骗子都躲在“中华民国”招牌下。结论是：凡是肯定这招牌的，都是骗子。","李敖","","虽千万人，李敖往矣、哈囉李敖、微博、140字","写作线、媒体线、晚年线","虽千万人，李敖往矣、哈囉李敖","","虽千万人，李敖往矣","051.2017年2月","71","《大李敖全集5.0》（wjm_tcy版）分章节/005.诗集语录类/005.虽千万人，李敖往矣/051.2017年2月.txt","","[]","data/timeline-events-sui-qianwan-li-ao-wangyi.json","sui-qianwan-2017-02-18-daily-weibo","{""id"":""sui-qianwan-2017-02-18-daily-weibo"",""date"":""2017-02-18"",""displayDate"":""2017年2月18日星期六"",""datePrecision"":""day"",""title"":""李敖发微博谈“68年来，台湾人民遭到两批骗子的裹胁：第1批喊反攻26年而不敢反攻”"",""summary"":""2017年2月18日，李敖在“哈囉李敖”微博发文：68年来，台湾人民遭到两批骗子的裹胁：第1批喊反攻26年而不敢反攻；第2批喊台独50年而不敢台独。不敢也就罢了，可是两批骗子却煽动自大狂，结果全世界都怕北京，只有台湾不怕，还要“草螟斗鸡公”，自己找死。这两批骗子都躲在“中华民国”招牌下。结论是：凡是肯定这招牌的，都是骗子。"",""view"":[""写作线"",""媒体线"",""晚年线""],""tags"":[""虽千万人，李敖往矣"",""哈囉李敖"",""微博"",""140字""],""people"":[""李敖""],""places"":[],""works"":[""虽千万人，李敖往矣"",""哈囉李敖""],""certainty"":""confirmed"",""source"":{""book"":""虽千万人，李敖往矣"",""chapter"":""051.2017年2月"",""path"":""《大李敖全集5.0》（wjm_tcy版）分章节/005.诗集语录类/005.虽千万人，李敖往矣/051.2017年2月.txt"",""line"":71,""lines"":[71,73]},""crossReferences"":[],""round"":""2026-07-11-sui-qianwan-li-ao-wangyi-daily-completion"",""dataFile"":""data/timeline-events-sui-qianwan-li-ao-wangyi.json""}"
"29426","2017","2017-02-19","2017年2月19日星期日","day","confirmed","李敖发微博谈“我出自旧中国，念小学时，有一次拜把的经历”","2017年2月19日，李敖在“哈囉李敖”微博发文：我出自旧中国，念小学时，有一次拜把的经历。57年后与把兄詹永杰重逢，他已是祖国安全部头子。我开玩笑，把俗话“朝里有人好做官”改为“朝里有人好骂人”，把兄莞尔。今早得知把兄三周前走了，“伤心失故老，回首望中原”，这一辈爱国者日渐凋零，中原已堪回首，我们却要长眠。永杰把兄长眠吧。","李敖","","虽千万人，李敖往矣、哈囉李敖、微博、140字","写作线、媒体线、晚年线","虽千万人，李敖往矣、哈囉李敖","","虽千万人，李敖往矣","051.2017年2月","75","《大李敖全集5.0》（wjm_tcy版）分章节/005.诗集语录类/005.虽千万人，李敖往矣/051.2017年2月.txt","","[]","data/timeline-events-sui-qianwan-li-ao-wangyi.json","sui-qianwan-2017-02-19-daily-weibo","{""id"":""sui-qianwan-2017-02-19-daily-weibo"",""date"":""2017-02-19"",""displayDate"":""2017年2月19日星期日"",""datePrecision"":""day"",""title"":""李敖发微博谈“我出自旧中国，念小学时，有一次拜把的经历”"",""summary"":""2017年2月19日，李敖在“哈囉李敖”微博发文：我出自旧中国，念小学时，有一次拜把的经历。57年后与把兄詹永杰重逢，他已是祖国安全部头子。我开玩笑，把俗话“朝里有人好做官”改为“朝里有人好骂人”，把兄莞尔。今早得知把兄三周前走了，“伤心失故老，回首望中原”，这一辈爱国者日渐凋零，中原已堪回首，我们却要长眠。永杰把兄长眠吧。"",""view"":[""写作线"",""媒体线"",""晚年线""],""tags"":[""虽千万人，李敖往矣"",""哈囉李敖"",""微博"",""140字""],""people"":[""李敖""],""places"":[],""works"":[""虽千万人，李敖往矣"",""哈囉李敖""],""certainty"":""confirmed"",""source"":{""book"":""虽千万人，李敖往矣"",""chapter"":""051.2017年2月"",""path"":""《大李敖全集5.0》（wjm_tcy版）分章节/005.诗集语录类/005.虽千万人，李敖往矣/051.2017年2月.txt"",""line"":75,""lines"":[75,77]},""crossReferences"":[],""round"":""2026-07-11-sui-qianwan-li-ao-wangyi-daily-completion"",""dataFile"":""data/timeline-events-sui-qianwan-li-ao-wangyi.json""}"
"29427","2017","2017-02-20","2017年2月20日星期一","day","confirmed","李敖发微博谈“司马光《资治通鉴》完工后，他说只有一个朋友全部看过一遍，别人都无法…”","2017年2月20日，李敖在“哈囉李敖”微博发文：司马光《资治通鉴》完工后，他说只有一个朋友全部看过一遍，别人都无法卒读。传说毛主席是读书大王，看过《资治通鉴》17遍，其实我更大王，只看1遍就“分尸”了事。我的方法最有效率，读的书又多又快又能大卸八块出重点。很想传授我的绝活，可是党中央封杀，结果你们要看17遍！你们笨蛋！","李敖","","虽千万人，李敖往矣、哈囉李敖、微博、140字","写作线、媒体线、晚年线","虽千万人，李敖往矣、哈囉李敖","","虽千万人，李敖往矣","051.2017年2月","79","《大李敖全集5.0》（wjm_tcy版）分章节/005.诗集语录类/005.虽千万人，李敖往矣/051.2017年2月.txt","","[]","data/timeline-events-sui-qianwan-li-ao-wangyi.json","sui-qianwan-2017-02-20-daily-weibo","{""id"":""sui-qianwan-2017-02-20-daily-weibo"",""date"":""2017-02-20"",""displayDate"":""2017年2月20日星期一"",""datePrecision"":""day"",""title"":""李敖发微博谈“司马光《资治通鉴》完工后，他说只有一个朋友全部看过一遍，别人都无法…”"",""summary"":""2017年2月20日，李敖在“哈囉李敖”微博发文：司马光《资治通鉴》完工后，他说只有一个朋友全部看过一遍，别人都无法卒读。传说毛主席是读书大王，看过《资治通鉴》17遍，其实我更大王，只看1遍就“分尸”了事。我的方法最有效率，读的书又多又快又能大卸八块出重点。很想传授我的绝活，可是党中央封杀，结果你们要看17遍！你们笨蛋！"",""view"":[""写作线"",""媒体线"",""晚年线""],""tags"":[""虽千万人，李敖往矣"",""哈囉李敖"",""微博"",""140字""],""people"":[""李敖""],""places"":[],""works"":[""虽千万人，李敖往矣"",""哈囉李敖""],""certainty"":""confirmed"",""source"":{""book"":""虽千万人，李敖往矣"",""chapter"":""051.2017年2月"",""path"":""《大李敖全集5.0》（wjm_tcy版）分章节/005.诗集语录类/005.虽千万人，李敖往矣/051.2017年2月.txt"",""line"":79,""lines"":[79,81]},""crossReferences"":[],""round"":""2026-07-11-sui-qianwan-li-ao-wangyi-daily-completion"",""dataFile"":""data/timeline-events-sui-qianwan-li-ao-wangyi.json""}"
"29428","2017","2017-02-21","2017年2月21日星期二","day","confirmed","李敖发微博谈“听过“涸泽之鱼，相濡以沫”，但没听过“相濡以谎”，今天叫你见识见识…”","2017年2月21日，李敖在“哈囉李敖”微博发文：听过“涸泽之鱼，相濡以沫”，但没听过“相濡以谎”，今天叫你见识见识：当年国民党想反攻而不敢，却以谎话互欺：“明年南京见。”今天民进党想台独而不敢，却以谎话互欺：“台湾人出头天!”实际上，他们都是假货。但“相濡以谎”、互不拆穿。68年来，骗得前仆后继，把祖国骗子大王都弄糊涂了。","李敖","","虽千万人，李敖往矣、哈囉李敖、微博、140字","写作线、媒体线、晚年线","虽千万人，李敖往矣、哈囉李敖","","虽千万人，李敖往矣","051.2017年2月","83","《大李敖全集5.0》（wjm_tcy版）分章节/005.诗集语录类/005.虽千万人，李敖往矣/051.2017年2月.txt","","[]","data/timeline-events-sui-qianwan-li-ao-wangyi.json","sui-qianwan-2017-02-21-daily-weibo","{""id"":""sui-qianwan-2017-02-21-daily-weibo"",""date"":""2017-02-21"",""displayDate"":""2017年2月21日星期二"",""datePrecision"":""day"",""title"":""李敖发微博谈“听过“涸泽之鱼，相濡以沫”，但没听过“相濡以谎”，今天叫你见识见识…”"",""summary"":""2017年2月21日，李敖在“哈囉李敖”微博发文：听过“涸泽之鱼，相濡以沫”，但没听过“相濡以谎”，今天叫你见识见识：当年国民党想反攻而不敢，却以谎话互欺：“明年南京见。”今天民进党想台独而不敢，却以谎话互欺：“台湾人出头天!”实际上，他们都是假货。但“相濡以谎”、互不拆穿。68年来，骗得前仆后继，把祖国骗子大王都弄糊涂了。"",""view"":[""写作线"",""媒体线"",""晚年线""],""tags"":[""虽千万人，李敖往矣"",""哈囉李敖"",""微博"",""140字""],""people"":[""李敖""],""places"":[],""works"":[""虽千万人，李敖往矣"",""哈囉李敖""],""certainty"":""confirmed"",""source"":{""book"":""虽千万人，李敖往矣"",""chapter"":""051.2017年2月"",""path"":""《大李敖全集5.0》（wjm_tcy版）分章节/005.诗集语录类/005.虽千万人，李敖往矣/051.2017年2月.txt"",""line"":83,""lines"":[83,85]},""crossReferences"":[],""round"":""2026-07-11-sui-qianwan-li-ao-wangyi-daily-completion"",""dataFile"":""data/timeline-events-sui-qianwan-li-ao-wangyi.json""}"
"29429","2017","2017-02-22","2017年2月22日星期三","day","confirmed","李敖发微博谈“本来国民党大，共产党沦为边区政府”","2017年2月22日，李敖在“哈囉李敖”微博发文：本来国民党大，共产党沦为边区政府；后来共产党大，国民党沦为岛上政府。老共坐大后从宽，甚至愿把国家副主席让出来。台湾本有机会在谈判桌上与虎谋皮的，但筹码光了。唯一生机还是我17年前的先知：“出卖台湾，买回大陆。”在归顺中讨老共便宜。虽然老共越强越小气，但相欺总比对打好。","李敖","","虽千万人，李敖往矣、哈囉李敖、微博、140字","写作线、媒体线、晚年线","虽千万人，李敖往矣、哈囉李敖","","虽千万人，李敖往矣","051.2017年2月","87","《大李敖全集5.0》（wjm_tcy版）分章节/005.诗集语录类/005.虽千万人，李敖往矣/051.2017年2月.txt","","[]","data/timeline-events-sui-qianwan-li-ao-wangyi.json","sui-qianwan-2017-02-22-daily-weibo","{""id"":""sui-qianwan-2017-02-22-daily-weibo"",""date"":""2017-02-22"",""displayDate"":""2017年2月22日星期三"",""datePrecision"":""day"",""title"":""李敖发微博谈“本来国民党大，共产党沦为边区政府”"",""summary"":""2017年2月22日，李敖在“哈囉李敖”微博发文：本来国民党大，共产党沦为边区政府；后来共产党大，国民党沦为岛上政府。老共坐大后从宽，甚至愿把国家副主席让出来。台湾本有机会在谈判桌上与虎谋皮的，但筹码光了。唯一生机还是我17年前的先知：“出卖台湾，买回大陆。”在归顺中讨老共便宜。虽然老共越强越小气，但相欺总比对打好。"",""view"":[""写作线"",""媒体线"",""晚年线""],""tags"":[""虽千万人，李敖往矣"",""哈囉李敖"",""微博"",""140字""],""people"":[""李敖""],""places"":[],""works"":[""虽千万人，李敖往矣"",""哈囉李敖""],""certainty"":""confirmed"",""source"":{""book"":""虽千万人，李敖往矣"",""chapter"":""051.2017年2月"",""path"":""《大李敖全集5.0》（wjm_tcy版）分章节/005.诗集语录类/005.虽千万人，李敖往矣/051.2017年2月.txt"",""line"":87,""lines"":[87,89]},""crossReferences"":[],""round"":""2026-07-11-sui-qianwan-li-ao-wangyi-daily-completion"",""dataFile"":""data/timeline-events-sui-qianwan-li-ao-wangyi.json""}"
"29430","2017","2017-02-22","2017年2月22日晚上，台北家中","day","confirmed","亚洲周刊人员夜访台北家中，李敖谈脑瘤、85本《大全集》和文物回归展","2月22日晚上，亚洲周刊人员到李敖台北家中探望并录音访问。李敖拄拐开门、签书唱歌，告别时还笑说下次可能要在墓地前看他；问到腿疾，他说前一年因左腿无力就医，查出脑部恶性肿瘤，已做二十八次电疗并影响吞咽。他在台北家中谈到要三年内完成85本《李敖大全集》，还计划把一百件收藏品带到北京做“流台文物回归祖国展”，半卖半送。","李敖、陈文茜、胡适、郑欣淼、单霁翔","台北、李敖家中、阳明山书房、北京、北京故宫博物院","亚洲周刊、台北家中、脑部恶性肿瘤、电疗、李敖大全集、文物回归展","访谈线、健康线、出版线、收藏线、晚年线","李敖访谈录1990-2018、李敖大全集","book8-2017-02-25-asia-weekly-interviews-li-ao、sui-qianwan-2017-03-21-discloses-brainstem-malignant-tumor-and-treatment","李敖访谈录1990-2018","073.20170222《亚洲周刊》专访李敖","15","《大李敖全集5.0》（wjm_tcy版）分章节/007.采访序跋类/005.李敖访谈录1990-2018/073.20170222《亚洲周刊》专访李敖.txt","","[]","data/timeline-events-li-ao-fangtanlu-1990-2018.json","li-ao-fangtanlu-2017-02-22-asia-weekly-home-visit-health-and-daqianji","{""id"":""li-ao-fangtanlu-2017-02-22-asia-weekly-home-visit-health-and-daqianji"",""date"":""2017-02-22"",""displayDate"":""2017年2月22日晚上，台北家中"",""datePrecision"":""day"",""title"":""亚洲周刊人员夜访台北家中，李敖谈脑瘤、85本《大全集》和文物回归展"",""summary"":""2月22日晚上，亚洲周刊人员到李敖台北家中探望并录音访问。李敖拄拐开门、签书唱歌，告别时还笑说下次可能要在墓地前看他；问到腿疾，他说前一年因左腿无力就医，查出脑部恶性肿瘤，已做二十八次电疗并影响吞咽。他在台北家中谈到要三年内完成85本《李敖大全集》，还计划把一百件收藏品带到北京做“流台文物回归祖国展”，半卖半送。"",""category"":""interview"",""type"":""李敖当事人事件"",""source"":{""book"":""李敖访谈录1990-2018"",""chapter"":""073.20170222《亚洲周刊》专访李敖"",""path"":""《大李敖全集5.0》（wjm_tcy版）分章节/007.采访序跋类/005.李敖访谈录1990-2018/073.20170222《亚洲周刊》专访李敖.txt"",""line"":15,""lines"":[15,19,21,23,33,35,39,53,57,59,65,67,73,89]},""certainty"":""confirmed"",""tags"":[""亚洲周刊"",""台北家中"",""脑部恶性肿瘤"",""电疗"",""李敖大全集"",""文物回归展""],""people"":[""李敖"",""陈文茜"",""胡适"",""郑欣淼"",""单霁翔""],""places"":[""台北"",""李敖家中"",""阳明山书房"",""北京"",""北京故宫博物院""],""works"":[""李敖访谈录1990-2018"",""李敖大全集""],""view"":[""访谈线"",""健康线"",""出版线"",""收藏线"",""晚年线""],""crossReferences"":[""book8-2017-02-25-asia-weekly-interviews-li-ao"",""sui-qianwan-2017-03-21-discloses-brainstem-malignant-tumor-and-treatment""],""dataFile"":""data/timeline-events-li-ao-fangtanlu-1990-2018.json""}"
"29431","2017","2017-02-23","2017年2月23日星期四","day","confirmed","李敖发微博谈“没有中原可逐鹿了，只有小岛可逐党主席了”","2017年2月23日，李敖在“哈囉李敖”微博发文：没有中原可逐鹿了，只有小岛可逐党主席了。国民党逐党主席，谁当选都一样，但吴敦义当选才有重新执政的可能，国民党员如深知利害，不要再三心两意选别人了，别人当选了赢不回政权，也白搭。吴敦义是唯一给老党养生送死的人物：会笑脸迎人、会苦撑待变，让暴毙的老党“安乐死”，也算得享天年啦。","李敖","","虽千万人，李敖往矣、哈囉李敖、微博、140字","写作线、媒体线、晚年线","虽千万人，李敖往矣、哈囉李敖","","虽千万人，李敖往矣","051.2017年2月","91","《大李敖全集5.0》（wjm_tcy版）分章节/005.诗集语录类/005.虽千万人，李敖往矣/051.2017年2月.txt","","[]","data/timeline-events-sui-qianwan-li-ao-wangyi.json","sui-qianwan-2017-02-23-daily-weibo","{""id"":""sui-qianwan-2017-02-23-daily-weibo"",""date"":""2017-02-23"",""displayDate"":""2017年2月23日星期四"",""datePrecision"":""day"",""title"":""李敖发微博谈“没有中原可逐鹿了，只有小岛可逐党主席了”"",""summary"":""2017年2月23日，李敖在“哈囉李敖”微博发文：没有中原可逐鹿了，只有小岛可逐党主席了。国民党逐党主席，谁当选都一样，但吴敦义当选才有重新执政的可能，国民党员如深知利害，不要再三心两意选别人了，别人当选了赢不回政权，也白搭。吴敦义是唯一给老党养生送死的人物：会笑脸迎人、会苦撑待变，让暴毙的老党“安乐死”，也算得享天年啦。"",""view"":[""写作线"",""媒体线"",""晚年线""],""tags"":[""虽千万人，李敖往矣"",""哈囉李敖"",""微博"",""140字""],""people"":[""李敖""],""places"":[],""works"":[""虽千万人，李敖往矣"",""哈囉李敖""],""certainty"":""confirmed"",""source"":{""book"":""虽千万人，李敖往矣"",""chapter"":""051.2017年2月"",""path"":""《大李敖全集5.0》（wjm_tcy版）分章节/005.诗集语录类/005.虽千万人，李敖往矣/051.2017年2月.txt"",""line"":91,""lines"":[91,93]},""crossReferences"":[],""round"":""2026-07-11-sui-qianwan-li-ao-wangyi-daily-completion"",""dataFile"":""data/timeline-events-sui-qianwan-li-ao-wangyi.json""}"
"29432","2017","2017-02-24","2017年2月24日星期五","day","confirmed","李敖发微博谈“我前天说“相欺总比对打好”，这话是有语病的，因为台湾连对打的本钱都…”","2017年2月24日，李敖在“哈囉李敖”微博发文：我前天说“相欺总比对打好”，这话是有语病的，因为台湾连对打的本钱都没有。当年伪国防部长说台湾可守2周、今天伪部长说可守1周，事实上48小时内就完蛋了。陈水扁的副部长林中斌满脑浆糊，声言要打巷战，妈的那时候谁还替你打巷战？林中斌的中将老爸吓疯后与我吃饭，都无此胡言也。","李敖","","虽千万人，李敖往矣、哈囉李敖、微博、140字","写作线、媒体线、晚年线","虽千万人，李敖往矣、哈囉李敖","","虽千万人，李敖往矣","051.2017年2月","95","《大李敖全集5.0》（wjm_tcy版）分章节/005.诗集语录类/005.虽千万人，李敖往矣/051.2017年2月.txt","","[]","data/timeline-events-sui-qianwan-li-ao-wangyi.json","sui-qianwan-2017-02-24-daily-weibo","{""id"":""sui-qianwan-2017-02-24-daily-weibo"",""date"":""2017-02-24"",""displayDate"":""2017年2月24日星期五"",""datePrecision"":""day"",""title"":""李敖发微博谈“我前天说“相欺总比对打好”，这话是有语病的，因为台湾连对打的本钱都…”"",""summary"":""2017年2月24日，李敖在“哈囉李敖”微博发文：我前天说“相欺总比对打好”，这话是有语病的，因为台湾连对打的本钱都没有。当年伪国防部长说台湾可守2周、今天伪部长说可守1周，事实上48小时内就完蛋了。陈水扁的副部长林中斌满脑浆糊，声言要打巷战，妈的那时候谁还替你打巷战？林中斌的中将老爸吓疯后与我吃饭，都无此胡言也。"",""view"":[""写作线"",""媒体线"",""晚年线""],""tags"":[""虽千万人，李敖往矣"",""哈囉李敖"",""微博"",""140字""],""people"":[""李敖""],""places"":[],""works"":[""虽千万人，李敖往矣"",""哈囉李敖""],""certainty"":""confirmed"",""source"":{""book"":""虽千万人，李敖往矣"",""chapter"":""051.2017年2月"",""path"":""《大李敖全集5.0》（wjm_tcy版）分章节/005.诗集语录类/005.虽千万人，李敖往矣/051.2017年2月.txt"",""line"":95,""lines"":[95,97]},""crossReferences"":[],""round"":""2026-07-11-sui-qianwan-li-ao-wangyi-daily-completion"",""dataFile"":""data/timeline-events-sui-qianwan-li-ao-wangyi.json""}"
"29433","2017","2017-02-25","2017年2月25日星期六","day","confirmed","《亚洲周刊》专访李敖","《李敖五十年表》记，2017年2月25日，《亚洲周刊》专访李敖。访谈在李敖台北市敦化南路书房进行，时间逾四小时；李敖谈到发现脑瘤后计划调整，称85岁前还有一千天，要把《李敖大全集》做到85册。他又谈家庭、遗嘱、研究方法、2005年大陆演讲、言论自由与“立德”，并在台北书房被问到一生梦想是否实现时回答“很接近”，因为自己还能把85本《大全集》印出来。","李敖","香港","亚洲周刊、专访、媒体露面","媒体线、生平线、海外线","亚洲周刊、李敖相关","li-ao-fangtanlu-2017-02-22-asia-weekly-home-visit-health-and-daqianji、sui-qianwan-2017-03-21-discloses-brainstem-malignant-tumor-and-treatment","李敖相关","001.李敖五十年表","191","《大李敖全集5.0》（wjm_tcy版）分章节/001.自传回忆类/008.李敖相关/001.李敖五十年表.txt","李敖访谈录1990-2018 / 074.20170225《亚洲周刊》专访李敖 / line 5 / 说明：《亚洲周刊》四小时专访纪要，补足地点、时长、千日计划、家庭与言论自由等细节。 / 《大李敖全集5.0》（wjm_tcy版）分章节/007.采访序跋类/005.李敖访谈录1990-2018/074.20170225《亚洲周刊》专访李敖.txt","[{""book"":""李敖访谈录1990-2018"",""chapter"":""074.20170225《亚洲周刊》专访李敖"",""path"":""《大李敖全集5.0》（wjm_tcy版）分章节/007.采访序跋类/005.李敖访谈录1990-2018/074.20170225《亚洲周刊》专访李敖.txt"",""line"":5,""lines"":[5,7,11,15,97,113,119,145,159,195,203],""note"":""《亚洲周刊》四小时专访纪要，补足地点、时长、千日计划、家庭与言论自由等细节。""}]","data/timeline-events-eighth-book.json","book8-2017-02-25-asia-weekly-interviews-li-ao","{""id"":""book8-2017-02-25-asia-weekly-interviews-li-ao"",""date"":""2017-02-25"",""displayDate"":""2017年2月25日星期六"",""datePrecision"":""day"",""title"":""《亚洲周刊》专访李敖"",""summary"":""《李敖五十年表》记，2017年2月25日，《亚洲周刊》专访李敖。访谈在李敖台北市敦化南路书房进行，时间逾四小时；李敖谈到发现脑瘤后计划调整，称85岁前还有一千天，要把《李敖大全集》做到85册。他又谈家庭、遗嘱、研究方法、2005年大陆演讲、言论自由与“立德”，并在台北书房被问到一生梦想是否实现时回答“很接近”，因为自己还能把85本《大全集》印出来。"",""view"":[""媒体线"",""生平线"",""海外线""],""tags"":[""亚洲周刊"",""专访"",""媒体露面""],""people"":[""李敖""],""places"":[""香港""],""works"":[""亚洲周刊"",""李敖相关""],""certainty"":""confirmed"",""source"":{""book"":""李敖相关"",""chapter"":""001.李敖五十年表"",""path"":""《大李敖全集5.0》（wjm_tcy版）分章节/001.自传回忆类/008.李敖相关/001.李敖五十年表.txt"",""line"":191},""additionalSources"":[{""book"":""李敖访谈录1990-2018"",""chapter"":""074.20170225《亚洲周刊》专访李敖"",""path"":""《大李敖全集5.0》（wjm_tcy版）分章节/007.采访序跋类/005.李敖访谈录1990-2018/074.20170225《亚洲周刊》专访李敖.txt"",""line"":5,""lines"":[5,7,11,15,97,113,119,145,159,195,203],""note"":""《亚洲周刊》四小时专访纪要，补足地点、时长、千日计划、家庭与言论自由等细节。""}],""crossReferences"":[""li-ao-fangtanlu-2017-02-22-asia-weekly-home-visit-health-and-daqianji"",""sui-qianwan-2017-03-21-discloses-brainstem-malignant-tumor-and-treatment""],""dataFile"":""data/timeline-events-eighth-book.json""}"
"29434","2017","2017-02-25","2017年2月25日星期六","day","confirmed","李敖发微博谈“老蒋本是江湖屯聚的小流氓，结交一群傻蛋和坏蛋打天下，天下一度被他打…”","2017年2月25日，李敖在“哈囉李敖”微博发文：老蒋本是江湖屯聚的小流氓，结交一群傻蛋和坏蛋打天下，天下一度被他打下来，但底子撑不住能力，最后败退乌江。他的脸皮能渡乌江，但包皮渡不过，再老也是包皮过长的小流氓，不是英雄气概的楚霸王。死后台湾从李到陈到马到蔡，从包皮过长到扬长而去到没有包皮，不过一摊包皮史，皮里春秋耳！","李敖","","虽千万人，李敖往矣、哈囉李敖、微博、140字","写作线、媒体线、晚年线","虽千万人，李敖往矣、哈囉李敖","","虽千万人，李敖往矣","051.2017年2月","99","《大李敖全集5.0》（wjm_tcy版）分章节/005.诗集语录类/005.虽千万人，李敖往矣/051.2017年2月.txt","","[]","data/timeline-events-sui-qianwan-li-ao-wangyi.json","sui-qianwan-2017-02-25-daily-weibo","{""id"":""sui-qianwan-2017-02-25-daily-weibo"",""date"":""2017-02-25"",""displayDate"":""2017年2月25日星期六"",""datePrecision"":""day"",""title"":""李敖发微博谈“老蒋本是江湖屯聚的小流氓，结交一群傻蛋和坏蛋打天下，天下一度被他打…”"",""summary"":""2017年2月25日，李敖在“哈囉李敖”微博发文：老蒋本是江湖屯聚的小流氓，结交一群傻蛋和坏蛋打天下，天下一度被他打下来，但底子撑不住能力，最后败退乌江。他的脸皮能渡乌江，但包皮渡不过，再老也是包皮过长的小流氓，不是英雄气概的楚霸王。死后台湾从李到陈到马到蔡，从包皮过长到扬长而去到没有包皮，不过一摊包皮史，皮里春秋耳！"",""view"":[""写作线"",""媒体线"",""晚年线""],""tags"":[""虽千万人，李敖往矣"",""哈囉李敖"",""微博"",""140字""],""people"":[""李敖""],""places"":[],""works"":[""虽千万人，李敖往矣"",""哈囉李敖""],""certainty"":""confirmed"",""source"":{""book"":""虽千万人，李敖往矣"",""chapter"":""051.2017年2月"",""path"":""《大李敖全集5.0》（wjm_tcy版）分章节/005.诗集语录类/005.虽千万人，李敖往矣/051.2017年2月.txt"",""line"":99,""lines"":[99,101]},""crossReferences"":[],""round"":""2026-07-11-sui-qianwan-li-ao-wangyi-daily-completion"",""dataFile"":""data/timeline-events-sui-qianwan-li-ao-wangyi.json""}"
"29435","2017","2017-02-26","2017年2月26日星期日","day","confirmed","李敖发微博谈“伪国防部长李杰是潜舰专家，虽巴结主子陈水扁，但不敢自造潜舰”","2017年2月26日，李敖在“哈囉李敖”微博发文：伪国防部长李杰是潜舰专家，虽巴结主子陈水扁，但不敢自造潜舰；伪部长冯世宽就混多了，他鼓动主子蔡英文自造潜舰。我虚拟对话如下：蔡英文问李杰“说一个我们潜舰沉不下去的理由。”李杰答“我不知道一个沉不下去的理由，但我知道100个它浮不起来的理由。”李杰当年被我作弄，今天想到他。","李敖","","虽千万人，李敖往矣、哈囉李敖、微博、140字","写作线、媒体线、晚年线","虽千万人，李敖往矣、哈囉李敖","","虽千万人，李敖往矣","051.2017年2月","103","《大李敖全集5.0》（wjm_tcy版）分章节/005.诗集语录类/005.虽千万人，李敖往矣/051.2017年2月.txt","","[]","data/timeline-events-sui-qianwan-li-ao-wangyi.json","sui-qianwan-2017-02-26-daily-weibo","{""id"":""sui-qianwan-2017-02-26-daily-weibo"",""date"":""2017-02-26"",""displayDate"":""2017年2月26日星期日"",""datePrecision"":""day"",""title"":""李敖发微博谈“伪国防部长李杰是潜舰专家，虽巴结主子陈水扁，但不敢自造潜舰”"",""summary"":""2017年2月26日，李敖在“哈囉李敖”微博发文：伪国防部长李杰是潜舰专家，虽巴结主子陈水扁，但不敢自造潜舰；伪部长冯世宽就混多了，他鼓动主子蔡英文自造潜舰。我虚拟对话如下：蔡英文问李杰“说一个我们潜舰沉不下去的理由。”李杰答“我不知道一个沉不下去的理由，但我知道100个它浮不起来的理由。”李杰当年被我作弄，今天想到他。"",""view"":[""写作线"",""媒体线"",""晚年线""],""tags"":[""虽千万人，李敖往矣"",""哈囉李敖"",""微博"",""140字""],""people"":[""李敖""],""places"":[],""works"":[""虽千万人，李敖往矣"",""哈囉李敖""],""certainty"":""confirmed"",""source"":{""book"":""虽千万人，李敖往矣"",""chapter"":""051.2017年2月"",""path"":""《大李敖全集5.0》（wjm_tcy版）分章节/005.诗集语录类/005.虽千万人，李敖往矣/051.2017年2月.txt"",""line"":103,""lines"":[103,105]},""crossReferences"":[],""round"":""2026-07-11-sui-qianwan-li-ao-wangyi-daily-completion"",""dataFile"":""data/timeline-events-sui-qianwan-li-ao-wangyi.json""}"
"29436","2017","2017-02-27","2017年2月27日星期一","day","confirmed","李敖写自己一生拒去中正纪念堂，也没去过毛泽东纪念堂","《2017年2月》写，李敖借台湾“去蒋化”议题说明自己一生拒绝去中正纪念堂，并说自己同样没去过毛泽东纪念堂。此条记录其晚年对纪念堂空间的个人行动边界与自我定位，不把后续政治评论另拆。","李敖、蒋介石、毛泽东","中正纪念堂、毛泽东纪念堂、台湾","中正纪念堂、毛泽东纪念堂、去蒋化、个人立场","思想线、生活线、晚年线","虽千万人，李敖往矣","","虽千万人，李敖往矣","051.2017年2月","109","《大李敖全集5.0》（wjm_tcy版）分章节/005.诗集语录类/005.虽千万人，李敖往矣/051.2017年2月.txt","","[]","data/timeline-events-sui-qianwan-li-ao-wangyi.json","sui-qianwan-2017-02-27-rejects-visiting-chiang-and-mao-memorials","{""id"":""sui-qianwan-2017-02-27-rejects-visiting-chiang-and-mao-memorials"",""date"":""2017-02-27"",""displayDate"":""2017年2月27日星期一"",""datePrecision"":""day"",""title"":""李敖写自己一生拒去中正纪念堂，也没去过毛泽东纪念堂"",""summary"":""《2017年2月》写，李敖借台湾“去蒋化”议题说明自己一生拒绝去中正纪念堂，并说自己同样没去过毛泽东纪念堂。此条记录其晚年对纪念堂空间的个人行动边界与自我定位，不把后续政治评论另拆。"",""view"":[""思想线"",""生活线"",""晚年线""],""tags"":[""中正纪念堂"",""毛泽东纪念堂"",""去蒋化"",""个人立场""],""people"":[""李敖"",""蒋介石"",""毛泽东""],""places"":[""中正纪念堂"",""毛泽东纪念堂"",""台湾""],""works"":[""虽千万人，李敖往矣""],""certainty"":""confirmed"",""source"":{""book"":""虽千万人，李敖往矣"",""chapter"":""051.2017年2月"",""path"":""《大李敖全集5.0》（wjm_tcy版）分章节/005.诗集语录类/005.虽千万人，李敖往矣/051.2017年2月.txt"",""line"":109},""dataFile"":""data/timeline-events-sui-qianwan-li-ao-wangyi.json""}"
"29437","2017","2017-02-28","2017年2月28日星期二","day","confirmed","李敖发微博谈“共产党很高明，对外国人韬光养晦”","2017年2月28日，李敖在“哈囉李敖”微博发文：共产党很高明，对外国人韬光养晦；但对中国人却韬养得不怎么样，对台政策就是显例。我把它叫做“陈云林错误”。陈云林勾结旧官僚（连系人马）、奸商、假统派等，漠视正义人士、利益不及劳苦大众，以为可得人心，害得今天台湾沦落一筹莫展。陈云林且与台湾有财务疑云，共产党应查他以谢天下。","李敖","","虽千万人，李敖往矣、哈囉李敖、微博、140字","写作线、媒体线、晚年线","虽千万人，李敖往矣、哈囉李敖","","虽千万人，李敖往矣","051.2017年2月","111","《大李敖全集5.0》（wjm_tcy版）分章节/005.诗集语录类/005.虽千万人，李敖往矣/051.2017年2月.txt","","[]","data/timeline-events-sui-qianwan-li-ao-wangyi.json","sui-qianwan-2017-02-28-daily-weibo","{""id"":""sui-qianwan-2017-02-28-daily-weibo"",""date"":""2017-02-28"",""displayDate"":""2017年2月28日星期二"",""datePrecision"":""day"",""title"":""李敖发微博谈“共产党很高明，对外国人韬光养晦”"",""summary"":""2017年2月28日，李敖在“哈囉李敖”微博发文：共产党很高明，对外国人韬光养晦；但对中国人却韬养得不怎么样，对台政策就是显例。我把它叫做“陈云林错误”。陈云林勾结旧官僚（连系人马）、奸商、假统派等，漠视正义人士、利益不及劳苦大众，以为可得人心，害得今天台湾沦落一筹莫展。陈云林且与台湾有财务疑云，共产党应查他以谢天下。"",""view"":[""写作线"",""媒体线"",""晚年线""],""tags"":[""虽千万人，李敖往矣"",""哈囉李敖"",""微博"",""140字""],""people"":[""李敖""],""places"":[],""works"":[""虽千万人，李敖往矣"",""哈囉李敖""],""certainty"":""confirmed"",""source"":{""book"":""虽千万人，李敖往矣"",""chapter"":""051.2017年2月"",""path"":""《大李敖全集5.0》（wjm_tcy版）分章节/005.诗集语录类/005.虽千万人，李敖往矣/051.2017年2月.txt"",""line"":111,""lines"":[111,113]},""crossReferences"":[],""round"":""2026-07-11-sui-qianwan-li-ao-wangyi-daily-completion"",""dataFile"":""data/timeline-events-sui-qianwan-li-ao-wangyi.json""}"
"29438","2017","2017-03-01","2017年3月1日星期三","day","confirmed","李敖发微博谈“在大陆的中国人，虽在文革时受害，但有个完”","2017年3月1日，李敖在“哈囉李敖”微博发文：在大陆的中国人，虽在文革时受害，但有个完；在台湾的中国人，却三受其害，至今未已。第1是蒋介石的“余孽”国民党，害得东方不要你了；第2是蒋介石的“遗腹”民进党，害得世界不要你了；第3是共产党的“体外射精”，统一上把你肏昏，随即拔屌不认人。国家变成他们的，中国也不要你了。","李敖","","虽千万人，李敖往矣、哈囉李敖、微博、140字","写作线、媒体线、晚年线","虽千万人，李敖往矣、哈囉李敖","","虽千万人，李敖往矣","052.2017年3月","3","《大李敖全集5.0》（wjm_tcy版）分章节/005.诗集语录类/005.虽千万人，李敖往矣/052.2017年3月.txt","","[]","data/timeline-events-sui-qianwan-li-ao-wangyi.json","sui-qianwan-2017-03-01-daily-weibo","{""id"":""sui-qianwan-2017-03-01-daily-weibo"",""date"":""2017-03-01"",""displayDate"":""2017年3月1日星期三"",""datePrecision"":""day"",""title"":""李敖发微博谈“在大陆的中国人，虽在文革时受害，但有个完”"",""summary"":""2017年3月1日，李敖在“哈囉李敖”微博发文：在大陆的中国人，虽在文革时受害，但有个完；在台湾的中国人，却三受其害，至今未已。第1是蒋介石的“余孽”国民党，害得东方不要你了；第2是蒋介石的“遗腹”民进党，害得世界不要你了；第3是共产党的“体外射精”，统一上把你肏昏，随即拔屌不认人。国家变成他们的，中国也不要你了。"",""view"":[""写作线"",""媒体线"",""晚年线""],""tags"":[""虽千万人，李敖往矣"",""哈囉李敖"",""微博"",""140字""],""people"":[""李敖""],""places"":[],""works"":[""虽千万人，李敖往矣"",""哈囉李敖""],""certainty"":""confirmed"",""source"":{""book"":""虽千万人，李敖往矣"",""chapter"":""052.2017年3月"",""path"":""《大李敖全集5.0》（wjm_tcy版）分章节/005.诗集语录类/005.虽千万人，李敖往矣/052.2017年3月.txt"",""line"":3,""lines"":[3,5]},""crossReferences"":[],""round"":""2026-07-11-sui-qianwan-li-ao-wangyi-daily-completion"",""dataFile"":""data/timeline-events-sui-qianwan-li-ao-wangyi.json""}"
"29439","2017","2017-03-02","2017年3月2日星期四","day","confirmed","李敖发微博谈“228的解释权，被焦尸国民党、浮尸民进党双双得地利之便，给抢走了”","2017年3月2日，李敖在“哈囉李敖”微博发文：228的解释权，被焦尸国民党、浮尸民进党双双得地利之便，给抢走了。共产党陈尸对岸，本来希望老相好国民党解释清楚的，但国民党只会代蒋光头磕头，以致绿帽压顶，逢年必抓228，一抓就灵。今年起笨蛋共产党想通了，开始抓解释权。其实李大师早有4本专书醍醐盖顶了。党中央不看书，所司何事？","李敖","","虽千万人，李敖往矣、哈囉李敖、微博、140字","写作线、媒体线、晚年线","虽千万人，李敖往矣、哈囉李敖","","虽千万人，李敖往矣","052.2017年3月","7","《大李敖全集5.0》（wjm_tcy版）分章节/005.诗集语录类/005.虽千万人，李敖往矣/052.2017年3月.txt","","[]","data/timeline-events-sui-qianwan-li-ao-wangyi.json","sui-qianwan-2017-03-02-daily-weibo","{""id"":""sui-qianwan-2017-03-02-daily-weibo"",""date"":""2017-03-02"",""displayDate"":""2017年3月2日星期四"",""datePrecision"":""day"",""title"":""李敖发微博谈“228的解释权，被焦尸国民党、浮尸民进党双双得地利之便，给抢走了”"",""summary"":""2017年3月2日，李敖在“哈囉李敖”微博发文：228的解释权，被焦尸国民党、浮尸民进党双双得地利之便，给抢走了。共产党陈尸对岸，本来希望老相好国民党解释清楚的，但国民党只会代蒋光头磕头，以致绿帽压顶，逢年必抓228，一抓就灵。今年起笨蛋共产党想通了，开始抓解释权。其实李大师早有4本专书醍醐盖顶了。党中央不看书，所司何事？"",""view"":[""写作线"",""媒体线"",""晚年线""],""tags"":[""虽千万人，李敖往矣"",""哈囉李敖"",""微博"",""140字""],""people"":[""李敖""],""places"":[],""works"":[""虽千万人，李敖往矣"",""哈囉李敖""],""certainty"":""confirmed"",""source"":{""book"":""虽千万人，李敖往矣"",""chapter"":""052.2017年3月"",""path"":""《大李敖全集5.0》（wjm_tcy版）分章节/005.诗集语录类/005.虽千万人，李敖往矣/052.2017年3月.txt"",""line"":7,""lines"":[7,9]},""crossReferences"":[],""round"":""2026-07-11-sui-qianwan-li-ao-wangyi-daily-completion"",""dataFile"":""data/timeline-events-sui-qianwan-li-ao-wangyi.json""}"
"29440","2017","2017-03-03","2017年3月3日星期五","day","confirmed","李敖发微博谈“在台湾68年，台湾人有很多优点”","2017年3月3日，李敖在“哈囉李敖”微博发文：在台湾68年，台湾人有很多优点。但有4大缺点：1.没有世界级的眼光，只有小岛之见。2.小岛之见源于怨妇式的悲情。3.悲情形成了酒家女性格（蔡英文的妈妈就是酒家女），职业性使台湾人不知大事、不懂国事，只会偏执与欺凌更不幸的人。4.对外国人下贱，世界第一。酒家女也酒家女也酒家女也。","李敖","","虽千万人，李敖往矣、哈囉李敖、微博、140字","写作线、媒体线、晚年线","虽千万人，李敖往矣、哈囉李敖","","虽千万人，李敖往矣","052.2017年3月","11","《大李敖全集5.0》（wjm_tcy版）分章节/005.诗集语录类/005.虽千万人，李敖往矣/052.2017年3月.txt","","[]","data/timeline-events-sui-qianwan-li-ao-wangyi.json","sui-qianwan-2017-03-03-daily-weibo","{""id"":""sui-qianwan-2017-03-03-daily-weibo"",""date"":""2017-03-03"",""displayDate"":""2017年3月3日星期五"",""datePrecision"":""day"",""title"":""李敖发微博谈“在台湾68年，台湾人有很多优点”"",""summary"":""2017年3月3日，李敖在“哈囉李敖”微博发文：在台湾68年，台湾人有很多优点。但有4大缺点：1.没有世界级的眼光，只有小岛之见。2.小岛之见源于怨妇式的悲情。3.悲情形成了酒家女性格（蔡英文的妈妈就是酒家女），职业性使台湾人不知大事、不懂国事，只会偏执与欺凌更不幸的人。4.对外国人下贱，世界第一。酒家女也酒家女也酒家女也。"",""view"":[""写作线"",""媒体线"",""晚年线""],""tags"":[""虽千万人，李敖往矣"",""哈囉李敖"",""微博"",""140字""],""people"":[""李敖""],""places"":[],""works"":[""虽千万人，李敖往矣"",""哈囉李敖""],""certainty"":""confirmed"",""source"":{""book"":""虽千万人，李敖往矣"",""chapter"":""052.2017年3月"",""path"":""《大李敖全集5.0》（wjm_tcy版）分章节/005.诗集语录类/005.虽千万人，李敖往矣/052.2017年3月.txt"",""line"":11,""lines"":[11,13]},""crossReferences"":[],""round"":""2026-07-11-sui-qianwan-li-ao-wangyi-daily-completion"",""dataFile"":""data/timeline-events-sui-qianwan-li-ao-wangyi.json""}"
"29441","2017","2017-03-04","2017年3月4日星期六","day","confirmed","李敖发微博谈“拉不出来屎，不要硬拉”","2017年3月4日，李敖在“哈囉李敖”微博发文：拉不出来屎，不要硬拉；不喜欢搞屁眼，不要硬捧同性恋；讨厌喇嘛脏兮兮，不要信番僧；嫌黑人总统老婆丑，不要用“才女”来打岔。我们要用“不要”来洗涤我们的无奈，不要被无奈绑架了自己：不要因不喜欢中共而否定中国、不要因喜欢美国而肯定这流氓国家、不要用热脸贴冷屁股，当然也别贴熨斗。","李敖","","虽千万人，李敖往矣、哈囉李敖、微博、140字","写作线、媒体线、晚年线","虽千万人，李敖往矣、哈囉李敖","","虽千万人，李敖往矣","052.2017年3月","15","《大李敖全集5.0》（wjm_tcy版）分章节/005.诗集语录类/005.虽千万人，李敖往矣/052.2017年3月.txt","","[]","data/timeline-events-sui-qianwan-li-ao-wangyi.json","sui-qianwan-2017-03-04-daily-weibo","{""id"":""sui-qianwan-2017-03-04-daily-weibo"",""date"":""2017-03-04"",""displayDate"":""2017年3月4日星期六"",""datePrecision"":""day"",""title"":""李敖发微博谈“拉不出来屎，不要硬拉”"",""summary"":""2017年3月4日，李敖在“哈囉李敖”微博发文：拉不出来屎，不要硬拉；不喜欢搞屁眼，不要硬捧同性恋；讨厌喇嘛脏兮兮，不要信番僧；嫌黑人总统老婆丑，不要用“才女”来打岔。我们要用“不要”来洗涤我们的无奈，不要被无奈绑架了自己：不要因不喜欢中共而否定中国、不要因喜欢美国而肯定这流氓国家、不要用热脸贴冷屁股，当然也别贴熨斗。"",""view"":[""写作线"",""媒体线"",""晚年线""],""tags"":[""虽千万人，李敖往矣"",""哈囉李敖"",""微博"",""140字""],""people"":[""李敖""],""places"":[],""works"":[""虽千万人，李敖往矣"",""哈囉李敖""],""certainty"":""confirmed"",""source"":{""book"":""虽千万人，李敖往矣"",""chapter"":""052.2017年3月"",""path"":""《大李敖全集5.0》（wjm_tcy版）分章节/005.诗集语录类/005.虽千万人，李敖往矣/052.2017年3月.txt"",""line"":15,""lines"":[15,17]},""crossReferences"":[],""round"":""2026-07-11-sui-qianwan-li-ao-wangyi-daily-completion"",""dataFile"":""data/timeline-events-sui-qianwan-li-ao-wangyi.json""}"
"29442","2017","2017-03-05","2017年3月5日星期日","day","confirmed","李敖发微博谈“今日中国信心满满，不容外国人有谈判主权的空间，是正确的”","2017年3月5日，李敖在“哈囉李敖”微博发文：今日中国信心满满，不容外国人有谈判主权的空间，是正确的。但过去信心不足、权谋过剩，却给宵小起了不少歹念和凿痕，以至今天治丝益棼，真是不智。什么一国两制、什么港人治港、什么92共识、什么一中各表，严格说来，都迁就了宵小或被宵小作弄，有违堂堂正正的中国大道。北京真该醒醒了！","李敖","","虽千万人，李敖往矣、哈囉李敖、微博、140字","写作线、媒体线、晚年线","虽千万人，李敖往矣、哈囉李敖","","虽千万人，李敖往矣","052.2017年3月","19","《大李敖全集5.0》（wjm_tcy版）分章节/005.诗集语录类/005.虽千万人，李敖往矣/052.2017年3月.txt","","[]","data/timeline-events-sui-qianwan-li-ao-wangyi.json","sui-qianwan-2017-03-05-daily-weibo","{""id"":""sui-qianwan-2017-03-05-daily-weibo"",""date"":""2017-03-05"",""displayDate"":""2017年3月5日星期日"",""datePrecision"":""day"",""title"":""李敖发微博谈“今日中国信心满满，不容外国人有谈判主权的空间，是正确的”"",""summary"":""2017年3月5日，李敖在“哈囉李敖”微博发文：今日中国信心满满，不容外国人有谈判主权的空间，是正确的。但过去信心不足、权谋过剩，却给宵小起了不少歹念和凿痕，以至今天治丝益棼，真是不智。什么一国两制、什么港人治港、什么92共识、什么一中各表，严格说来，都迁就了宵小或被宵小作弄，有违堂堂正正的中国大道。北京真该醒醒了！"",""view"":[""写作线"",""媒体线"",""晚年线""],""tags"":[""虽千万人，李敖往矣"",""哈囉李敖"",""微博"",""140字""],""people"":[""李敖""],""places"":[],""works"":[""虽千万人，李敖往矣"",""哈囉李敖""],""certainty"":""confirmed"",""source"":{""book"":""虽千万人，李敖往矣"",""chapter"":""052.2017年3月"",""path"":""《大李敖全集5.0》（wjm_tcy版）分章节/005.诗集语录类/005.虽千万人，李敖往矣/052.2017年3月.txt"",""line"":19,""lines"":[19,21]},""crossReferences"":[],""round"":""2026-07-11-sui-qianwan-li-ao-wangyi-daily-completion"",""dataFile"":""data/timeline-events-sui-qianwan-li-ao-wangyi.json""}"
"29443","2017","2017-03-06","2017年3月6日星期一","day","confirmed","李敖在通化街小店修手杖柄，并按自己判断付给修鞋匠一千元","《2017年3月》写，李敖的手杖柄摔坏后，请台北市通化街小店一位广西桂林籍老修鞋匠代修；对方报价三百元，李敖掏出一千元并说顾客也可以决定价钱，自己觉得它值一千元。此条补入晚年行动不便后的手杖日常。","李敖、未名修鞋匠","台北市通化街、台湾","手杖、通化街、修鞋匠、台北日常","生活线、身体线、晚年线","虽千万人，李敖往矣","sui-qianwan-2015-01-18-mothers-cane-returns-to-li-ao","虽千万人，李敖往矣","052.2017年3月","25","《大李敖全集5.0》（wjm_tcy版）分章节/005.诗集语录类/005.虽千万人，李敖往矣/052.2017年3月.txt","","[]","data/timeline-events-sui-qianwan-li-ao-wangyi.json","sui-qianwan-2017-03-06-repairs-cane-handle-and-pays-shoemaker-1000","{""id"":""sui-qianwan-2017-03-06-repairs-cane-handle-and-pays-shoemaker-1000"",""date"":""2017-03-06"",""displayDate"":""2017年3月6日星期一"",""datePrecision"":""day"",""title"":""李敖在通化街小店修手杖柄，并按自己判断付给修鞋匠一千元"",""summary"":""《2017年3月》写，李敖的手杖柄摔坏后，请台北市通化街小店一位广西桂林籍老修鞋匠代修；对方报价三百元，李敖掏出一千元并说顾客也可以决定价钱，自己觉得它值一千元。此条补入晚年行动不便后的手杖日常。"",""view"":[""生活线"",""身体线"",""晚年线""],""tags"":[""手杖"",""通化街"",""修鞋匠"",""台北日常""],""people"":[""李敖"",""未名修鞋匠""],""places"":[""台北市通化街"",""台湾""],""works"":[""虽千万人，李敖往矣""],""certainty"":""confirmed"",""crossReferences"":[""sui-qianwan-2015-01-18-mothers-cane-returns-to-li-ao""],""source"":{""book"":""虽千万人，李敖往矣"",""chapter"":""052.2017年3月"",""path"":""《大李敖全集5.0》（wjm_tcy版）分章节/005.诗集语录类/005.虽千万人，李敖往矣/052.2017年3月.txt"",""line"":25},""dataFile"":""data/timeline-events-sui-qianwan-li-ao-wangyi.json""}"
"29444","2017","2017-03-07","2017年3月7日星期二","day","confirmed","李敖发微博谈“乐见祖国加强了反台独的动作，一个叛乱的省，如此嚣张，祖国也要检讨：…”","2017年3月7日，李敖在“哈囉李敖”微博发文：乐见祖国加强了反台独的动作，一个叛乱的省，如此嚣张，祖国也要检讨：1.承认对台政策多年受了“陈云林之流”及台研所误判；2.承认“92共识”等词汇是李登辉及其走狗苏起的障眼法，扁马蔡玩之不疲，祖国应扬弃纠缠，直接诉诸堂堂正正的“一个中国”；3.别再自以为是了，听听真话吧，我的祖国。","李敖","","虽千万人，李敖往矣、哈囉李敖、微博、140字","写作线、媒体线、晚年线","虽千万人，李敖往矣、哈囉李敖","","虽千万人，李敖往矣","052.2017年3月","27","《大李敖全集5.0》（wjm_tcy版）分章节/005.诗集语录类/005.虽千万人，李敖往矣/052.2017年3月.txt","","[]","data/timeline-events-sui-qianwan-li-ao-wangyi.json","sui-qianwan-2017-03-07-daily-weibo","{""id"":""sui-qianwan-2017-03-07-daily-weibo"",""date"":""2017-03-07"",""displayDate"":""2017年3月7日星期二"",""datePrecision"":""day"",""title"":""李敖发微博谈“乐见祖国加强了反台独的动作，一个叛乱的省，如此嚣张，祖国也要检讨：…”"",""summary"":""2017年3月7日，李敖在“哈囉李敖”微博发文：乐见祖国加强了反台独的动作，一个叛乱的省，如此嚣张，祖国也要检讨：1.承认对台政策多年受了“陈云林之流”及台研所误判；2.承认“92共识”等词汇是李登辉及其走狗苏起的障眼法，扁马蔡玩之不疲，祖国应扬弃纠缠，直接诉诸堂堂正正的“一个中国”；3.别再自以为是了，听听真话吧，我的祖国。"",""view"":[""写作线"",""媒体线"",""晚年线""],""tags"":[""虽千万人，李敖往矣"",""哈囉李敖"",""微博"",""140字""],""people"":[""李敖""],""places"":[],""works"":[""虽千万人，李敖往矣"",""哈囉李敖""],""certainty"":""confirmed"",""source"":{""book"":""虽千万人，李敖往矣"",""chapter"":""052.2017年3月"",""path"":""《大李敖全集5.0》（wjm_tcy版）分章节/005.诗集语录类/005.虽千万人，李敖往矣/052.2017年3月.txt"",""line"":27,""lines"":[27,29]},""crossReferences"":[],""round"":""2026-07-11-sui-qianwan-li-ao-wangyi-daily-completion"",""dataFile"":""data/timeline-events-sui-qianwan-li-ao-wangyi.json""}"
"29445","2017","2017-03-08","2017年3月8日星期三","day","confirmed","李敖发微博谈“55年前，我做第4连排长”","2017年3月8日，李敖在“哈囉李敖”微博发文：55年前，我做第4连排长。一天闯进了第6连排长，行伍出身、满脸凶光，指着我们大骂：“我捅你们第4连的屁股！”我心平气和的说：“第4连的屁股这么多，你捅不完！”大家笑起来，要捅屁股的排长也笑了。我在网上用“搞屁眼”，行文粗鲁吗？其实太文雅了。真正人民的语言是“捅屁股”哟！","李敖","","虽千万人，李敖往矣、哈囉李敖、微博、140字","写作线、媒体线、晚年线","虽千万人，李敖往矣、哈囉李敖","","虽千万人，李敖往矣","052.2017年3月","31","《大李敖全集5.0》（wjm_tcy版）分章节/005.诗集语录类/005.虽千万人，李敖往矣/052.2017年3月.txt","","[]","data/timeline-events-sui-qianwan-li-ao-wangyi.json","sui-qianwan-2017-03-08-daily-weibo","{""id"":""sui-qianwan-2017-03-08-daily-weibo"",""date"":""2017-03-08"",""displayDate"":""2017年3月8日星期三"",""datePrecision"":""day"",""title"":""李敖发微博谈“55年前，我做第4连排长”"",""summary"":""2017年3月8日，李敖在“哈囉李敖”微博发文：55年前，我做第4连排长。一天闯进了第6连排长，行伍出身、满脸凶光，指着我们大骂：“我捅你们第4连的屁股！”我心平气和的说：“第4连的屁股这么多，你捅不完！”大家笑起来，要捅屁股的排长也笑了。我在网上用“搞屁眼”，行文粗鲁吗？其实太文雅了。真正人民的语言是“捅屁股”哟！"",""view"":[""写作线"",""媒体线"",""晚年线""],""tags"":[""虽千万人，李敖往矣"",""哈囉李敖"",""微博"",""140字""],""people"":[""李敖""],""places"":[],""works"":[""虽千万人，李敖往矣"",""哈囉李敖""],""certainty"":""confirmed"",""source"":{""book"":""虽千万人，李敖往矣"",""chapter"":""052.2017年3月"",""path"":""《大李敖全集5.0》（wjm_tcy版）分章节/005.诗集语录类/005.虽千万人，李敖往矣/052.2017年3月.txt"",""line"":31,""lines"":[31,33]},""crossReferences"":[],""round"":""2026-07-11-sui-qianwan-li-ao-wangyi-daily-completion"",""dataFile"":""data/timeline-events-sui-qianwan-li-ao-wangyi.json""}"
"29446","2017","2017-03-09","2017年3月9日星期四","day","confirmed","李敖记录自己出过四本二二八专书，并特别推荐李戡的不平鸣","《2017年3月》写，李敖称正式在书里出现“二二八事变”字眼，是由自己发动；自己出过四本揭发二二八真相的书。当天他又说李戡发“朝天吼”、作“不平鸣”，并特别推荐。此条作为2017年父子公共议题互动入表。","李敖、李戡","台湾","二二八、李戡、推荐、父子、史论","写作线、家族线、政治线","虽千万人，李敖往矣","","虽千万人，李敖往矣","052.2017年3月","37","《大李敖全集5.0》（wjm_tcy版）分章节/005.诗集语录类/005.虽千万人，李敖往矣/052.2017年3月.txt","","[]","data/timeline-events-sui-qianwan-li-ao-wangyi.json","sui-qianwan-2017-03-09-recommends-li-kan-february-28-writing","{""id"":""sui-qianwan-2017-03-09-recommends-li-kan-february-28-writing"",""date"":""2017-03-09"",""displayDate"":""2017年3月9日星期四"",""datePrecision"":""day"",""title"":""李敖记录自己出过四本二二八专书，并特别推荐李戡的不平鸣"",""summary"":""《2017年3月》写，李敖称正式在书里出现“二二八事变”字眼，是由自己发动；自己出过四本揭发二二八真相的书。当天他又说李戡发“朝天吼”、作“不平鸣”，并特别推荐。此条作为2017年父子公共议题互动入表。"",""view"":[""写作线"",""家族线"",""政治线""],""tags"":[""二二八"",""李戡"",""推荐"",""父子"",""史论""],""people"":[""李敖"",""李戡""],""places"":[""台湾""],""works"":[""虽千万人，李敖往矣""],""certainty"":""confirmed"",""source"":{""book"":""虽千万人，李敖往矣"",""chapter"":""052.2017年3月"",""path"":""《大李敖全集5.0》（wjm_tcy版）分章节/005.诗集语录类/005.虽千万人，李敖往矣/052.2017年3月.txt"",""line"":37},""dataFile"":""data/timeline-events-sui-qianwan-li-ao-wangyi.json""}"
"29447","2017","2017-03-10","2017年3月10日星期五","day","confirmed","李敖与在剑桥大学的李戡通电话，谈国共与中国未来","《2017年3月》写，李敖与在剑桥大学的李戡通电话，向他说国民党追求中国的过去、共产党追求中国的现在，而“我们”追求中国的未来；政治追求是一时，思想文化追求才长远。此条续接2016年李戡赴剑桥后的父子通话线。","李敖、李戡","剑桥大学、台湾","李戡、剑桥大学、电话、中国未来、父子","家族线、思想线、晚年线","虽千万人，李敖往矣","sui-qianwan-2016-09-29-li-kan-flies-to-cambridge","虽千万人，李敖往矣","052.2017年3月","41","《大李敖全集5.0》（wjm_tcy版）分章节/005.诗集语录类/005.虽千万人，李敖往矣/052.2017年3月.txt","","[]","data/timeline-events-sui-qianwan-li-ao-wangyi.json","sui-qianwan-2017-03-10-calls-li-kan-at-cambridge-about-chinas-future","{""id"":""sui-qianwan-2017-03-10-calls-li-kan-at-cambridge-about-chinas-future"",""date"":""2017-03-10"",""displayDate"":""2017年3月10日星期五"",""datePrecision"":""day"",""title"":""李敖与在剑桥大学的李戡通电话，谈国共与中国未来"",""summary"":""《2017年3月》写，李敖与在剑桥大学的李戡通电话，向他说国民党追求中国的过去、共产党追求中国的现在，而“我们”追求中国的未来；政治追求是一时，思想文化追求才长远。此条续接2016年李戡赴剑桥后的父子通话线。"",""view"":[""家族线"",""思想线"",""晚年线""],""tags"":[""李戡"",""剑桥大学"",""电话"",""中国未来"",""父子""],""people"":[""李敖"",""李戡""],""places"":[""剑桥大学"",""台湾""],""works"":[""虽千万人，李敖往矣""],""certainty"":""confirmed"",""crossReferences"":[""sui-qianwan-2016-09-29-li-kan-flies-to-cambridge""],""source"":{""book"":""虽千万人，李敖往矣"",""chapter"":""052.2017年3月"",""path"":""《大李敖全集5.0》（wjm_tcy版）分章节/005.诗集语录类/005.虽千万人，李敖往矣/052.2017年3月.txt"",""line"":41},""dataFile"":""data/timeline-events-sui-qianwan-li-ao-wangyi.json""}"
"29448","2017","2017-03-11","2017年3月11日星期六","day","confirmed","李敖发微博谈“12年前在北京，小学的拜把兄弟詹永杰到钓鱼台宾馆来看我”","2017年3月11日，李敖在“哈囉李敖”微博发文：12年前在北京，小学的拜把兄弟詹永杰到钓鱼台宾馆来看我。临走前背出我的一句诗：“台湾无处不中国。”我笑说“可惜你部长大人不能来台北，走上台北大街小巷，到处都是中国地名，耐人深思。”昨天我就误写1个：我把一街之隔的“延吉街”错成“通化街”，我没迷路，只是我的祖国迷失了。","李敖","","虽千万人，李敖往矣、哈囉李敖、微博、140字","写作线、媒体线、晚年线","虽千万人，李敖往矣、哈囉李敖","","虽千万人，李敖往矣","052.2017年3月","43","《大李敖全集5.0》（wjm_tcy版）分章节/005.诗集语录类/005.虽千万人，李敖往矣/052.2017年3月.txt","","[]","data/timeline-events-sui-qianwan-li-ao-wangyi.json","sui-qianwan-2017-03-11-daily-weibo","{""id"":""sui-qianwan-2017-03-11-daily-weibo"",""date"":""2017-03-11"",""displayDate"":""2017年3月11日星期六"",""datePrecision"":""day"",""title"":""李敖发微博谈“12年前在北京，小学的拜把兄弟詹永杰到钓鱼台宾馆来看我”"",""summary"":""2017年3月11日，李敖在“哈囉李敖”微博发文：12年前在北京，小学的拜把兄弟詹永杰到钓鱼台宾馆来看我。临走前背出我的一句诗：“台湾无处不中国。”我笑说“可惜你部长大人不能来台北，走上台北大街小巷，到处都是中国地名，耐人深思。”昨天我就误写1个：我把一街之隔的“延吉街”错成“通化街”，我没迷路，只是我的祖国迷失了。"",""view"":[""写作线"",""媒体线"",""晚年线""],""tags"":[""虽千万人，李敖往矣"",""哈囉李敖"",""微博"",""140字""],""people"":[""李敖""],""places"":[],""works"":[""虽千万人，李敖往矣"",""哈囉李敖""],""certainty"":""confirmed"",""source"":{""book"":""虽千万人，李敖往矣"",""chapter"":""052.2017年3月"",""path"":""《大李敖全集5.0》（wjm_tcy版）分章节/005.诗集语录类/005.虽千万人，李敖往矣/052.2017年3月.txt"",""line"":43,""lines"":[43,45]},""crossReferences"":[],""round"":""2026-07-11-sui-qianwan-li-ao-wangyi-daily-completion"",""dataFile"":""data/timeline-events-sui-qianwan-li-ao-wangyi.json""}"
"29449","2017","2017-03-12","2017年3月12日星期日","day","confirmed","李敖发微博谈“孟子说你表达好意，“嘑尔而与之”“蹴尔而与之”，对方是难以接受的”","2017年3月12日，李敖在“哈囉李敖”微博发文：孟子说你表达好意，“嘑尔而与之”“蹴尔而与之”，对方是难以接受的。好意必须要好脸色。有人好意来接我，但多次我开车门时打不开，因为接我的人在里面没打开锁。这样粗糙的好意，谁欣赏呢？粗线条的好意是莽夫型的，像鲁智深，但他不会文过饰非，他不会说为什么里头要上锁，他不是共产党。","李敖","","虽千万人，李敖往矣、哈囉李敖、微博、140字","写作线、媒体线、晚年线","虽千万人，李敖往矣、哈囉李敖","","虽千万人，李敖往矣","052.2017年3月","47","《大李敖全集5.0》（wjm_tcy版）分章节/005.诗集语录类/005.虽千万人，李敖往矣/052.2017年3月.txt","","[]","data/timeline-events-sui-qianwan-li-ao-wangyi.json","sui-qianwan-2017-03-12-daily-weibo","{""id"":""sui-qianwan-2017-03-12-daily-weibo"",""date"":""2017-03-12"",""displayDate"":""2017年3月12日星期日"",""datePrecision"":""day"",""title"":""李敖发微博谈“孟子说你表达好意，“嘑尔而与之”“蹴尔而与之”，对方是难以接受的”"",""summary"":""2017年3月12日，李敖在“哈囉李敖”微博发文：孟子说你表达好意，“嘑尔而与之”“蹴尔而与之”，对方是难以接受的。好意必须要好脸色。有人好意来接我，但多次我开车门时打不开，因为接我的人在里面没打开锁。这样粗糙的好意，谁欣赏呢？粗线条的好意是莽夫型的，像鲁智深，但他不会文过饰非，他不会说为什么里头要上锁，他不是共产党。"",""view"":[""写作线"",""媒体线"",""晚年线""],""tags"":[""虽千万人，李敖往矣"",""哈囉李敖"",""微博"",""140字""],""people"":[""李敖""],""places"":[],""works"":[""虽千万人，李敖往矣"",""哈囉李敖""],""certainty"":""confirmed"",""source"":{""book"":""虽千万人，李敖往矣"",""chapter"":""052.2017年3月"",""path"":""《大李敖全集5.0》（wjm_tcy版）分章节/005.诗集语录类/005.虽千万人，李敖往矣/052.2017年3月.txt"",""line"":47,""lines"":[47,49]},""crossReferences"":[],""round"":""2026-07-11-sui-qianwan-li-ao-wangyi-daily-completion"",""dataFile"":""data/timeline-events-sui-qianwan-li-ao-wangyi.json""}"
"29450","2017","2017-03-13","2017年3月13日星期一","day","probable","李敖说前一日谈鲁智深的短文好像被封杀","《2017年3月》写，李敖说自己前一天谈“鲁智深不是共产党”后，好像被封杀；他表示对此积习不改，也习以为常，并声明用封杀方法对付他已经落伍。此条补入2017年微博/网络短文审查线。","李敖","台湾、大陆网络","封杀、鲁智深、微博、网络写作、审查","媒体线、审查线、晚年线","虽千万人，李敖往矣","","虽千万人，李敖往矣","052.2017年3月","53","《大李敖全集5.0》（wjm_tcy版）分章节/005.诗集语录类/005.虽千万人，李敖往矣/052.2017年3月.txt","","[]","data/timeline-events-sui-qianwan-li-ao-wangyi.json","sui-qianwan-2017-03-13-says-previous-lu-zhishen-post-seems-censored","{""id"":""sui-qianwan-2017-03-13-says-previous-lu-zhishen-post-seems-censored"",""date"":""2017-03-13"",""displayDate"":""2017年3月13日星期一"",""datePrecision"":""day"",""title"":""李敖说前一日谈鲁智深的短文好像被封杀"",""summary"":""《2017年3月》写，李敖说自己前一天谈“鲁智深不是共产党”后，好像被封杀；他表示对此积习不改，也习以为常，并声明用封杀方法对付他已经落伍。此条补入2017年微博/网络短文审查线。"",""view"":[""媒体线"",""审查线"",""晚年线""],""tags"":[""封杀"",""鲁智深"",""微博"",""网络写作"",""审查""],""people"":[""李敖""],""places"":[""台湾"",""大陆网络""],""works"":[""虽千万人，李敖往矣""],""certainty"":""probable"",""source"":{""book"":""虽千万人，李敖往矣"",""chapter"":""052.2017年3月"",""path"":""《大李敖全集5.0》（wjm_tcy版）分章节/005.诗集语录类/005.虽千万人，李敖往矣/052.2017年3月.txt"",""line"":53},""dataFile"":""data/timeline-events-sui-qianwan-li-ao-wangyi.json""}"
"29451","2017","2017-03-14","2017年3月14日星期二","day","confirmed","李敖发微博谈“美国从没说钓鱼台主权属谁，但把治权给了走狗日本，并提供保护”","2017年3月14日，李敖在“哈囉李敖”微博发文：美国从没说钓鱼台主权属谁，但把治权给了走狗日本，并提供保护。这一情况，使双重走狗台湾丢人现眼。因为日本侵台时期钓鱼台是属台湾的，今天还属宜兰县头城乡，可怎么办？李登辉说钓鱼台是日本的；谢长廷说美日立场我们从不抗议；苏贞昌说我们立场和美国一样。台奸澎湃，一下子就冒出3个啦！","李敖","","虽千万人，李敖往矣、哈囉李敖、微博、140字","写作线、媒体线、晚年线","虽千万人，李敖往矣、哈囉李敖","","虽千万人，李敖往矣","052.2017年3月","55","《大李敖全集5.0》（wjm_tcy版）分章节/005.诗集语录类/005.虽千万人，李敖往矣/052.2017年3月.txt","","[]","data/timeline-events-sui-qianwan-li-ao-wangyi.json","sui-qianwan-2017-03-14-daily-weibo","{""id"":""sui-qianwan-2017-03-14-daily-weibo"",""date"":""2017-03-14"",""displayDate"":""2017年3月14日星期二"",""datePrecision"":""day"",""title"":""李敖发微博谈“美国从没说钓鱼台主权属谁，但把治权给了走狗日本，并提供保护”"",""summary"":""2017年3月14日，李敖在“哈囉李敖”微博发文：美国从没说钓鱼台主权属谁，但把治权给了走狗日本，并提供保护。这一情况，使双重走狗台湾丢人现眼。因为日本侵台时期钓鱼台是属台湾的，今天还属宜兰县头城乡，可怎么办？李登辉说钓鱼台是日本的；谢长廷说美日立场我们从不抗议；苏贞昌说我们立场和美国一样。台奸澎湃，一下子就冒出3个啦！"",""view"":[""写作线"",""媒体线"",""晚年线""],""tags"":[""虽千万人，李敖往矣"",""哈囉李敖"",""微博"",""140字""],""people"":[""李敖""],""places"":[],""works"":[""虽千万人，李敖往矣"",""哈囉李敖""],""certainty"":""confirmed"",""source"":{""book"":""虽千万人，李敖往矣"",""chapter"":""052.2017年3月"",""path"":""《大李敖全集5.0》（wjm_tcy版）分章节/005.诗集语录类/005.虽千万人，李敖往矣/052.2017年3月.txt"",""line"":55,""lines"":[55,57]},""crossReferences"":[],""round"":""2026-07-11-sui-qianwan-li-ao-wangyi-daily-completion"",""dataFile"":""data/timeline-events-sui-qianwan-li-ao-wangyi.json""}"
"29452","2017","2017-03-15","2017年3月15日星期三","day","confirmed","李敖发微博谈““蒋家天下陈家党、孔家钞票宋家屄”","2017年3月15日，李敖在“哈囉李敖”微博发文：“蒋家天下陈家党、孔家钞票宋家屄。”国民党的基本结构，14字足以穷极恶相。不过，其中的最大悲剧人物是宋家屄的老爸宋耀如，他赞助孙中山革命，结果发现孙中山要端他女儿。他誓死反对，孙中山就宣布了他死刑。1918年，他不明不白的死去。从此他被历史出局。宋家3姐妹却徒留名屄向黄昏。","李敖","","虽千万人，李敖往矣、哈囉李敖、微博、140字","写作线、媒体线、晚年线","虽千万人，李敖往矣、哈囉李敖","","虽千万人，李敖往矣","052.2017年3月","59","《大李敖全集5.0》（wjm_tcy版）分章节/005.诗集语录类/005.虽千万人，李敖往矣/052.2017年3月.txt","","[]","data/timeline-events-sui-qianwan-li-ao-wangyi.json","sui-qianwan-2017-03-15-daily-weibo","{""id"":""sui-qianwan-2017-03-15-daily-weibo"",""date"":""2017-03-15"",""displayDate"":""2017年3月15日星期三"",""datePrecision"":""day"",""title"":""李敖发微博谈““蒋家天下陈家党、孔家钞票宋家屄”"",""summary"":""2017年3月15日，李敖在“哈囉李敖”微博发文：“蒋家天下陈家党、孔家钞票宋家屄。”国民党的基本结构，14字足以穷极恶相。不过，其中的最大悲剧人物是宋家屄的老爸宋耀如，他赞助孙中山革命，结果发现孙中山要端他女儿。他誓死反对，孙中山就宣布了他死刑。1918年，他不明不白的死去。从此他被历史出局。宋家3姐妹却徒留名屄向黄昏。"",""view"":[""写作线"",""媒体线"",""晚年线""],""tags"":[""虽千万人，李敖往矣"",""哈囉李敖"",""微博"",""140字""],""people"":[""李敖""],""places"":[],""works"":[""虽千万人，李敖往矣"",""哈囉李敖""],""certainty"":""confirmed"",""source"":{""book"":""虽千万人，李敖往矣"",""chapter"":""052.2017年3月"",""path"":""《大李敖全集5.0》（wjm_tcy版）分章节/005.诗集语录类/005.虽千万人，李敖往矣/052.2017年3月.txt"",""line"":59,""lines"":[59,61]},""crossReferences"":[],""round"":""2026-07-11-sui-qianwan-li-ao-wangyi-daily-completion"",""dataFile"":""data/timeline-events-sui-qianwan-li-ao-wangyi.json""}"
"29453","2017","2017-03-16","2017年3月16日星期四","day","confirmed","李敖发微博谈“革命家小心眼儿：只此一家”","2017年3月16日，李敖在“哈囉李敖”微博发文：革命家小心眼儿：只此一家。要“生我之门死我户”，凡不在我门户之内的，就要划清界线！遥想俄国当年，有虚无主义者、无政府主义者、人道主义者、“杀一不辜得天下不为”者，他们在道德、勇气和坚守原则上，都比列宁高明。可是，被做掉了。庆幸中国没有列宁。有了斯大林，还要什么列宁？","李敖","","虽千万人，李敖往矣、哈囉李敖、微博、140字","写作线、媒体线、晚年线","虽千万人，李敖往矣、哈囉李敖","","虽千万人，李敖往矣","052.2017年3月","63","《大李敖全集5.0》（wjm_tcy版）分章节/005.诗集语录类/005.虽千万人，李敖往矣/052.2017年3月.txt","","[]","data/timeline-events-sui-qianwan-li-ao-wangyi.json","sui-qianwan-2017-03-16-daily-weibo","{""id"":""sui-qianwan-2017-03-16-daily-weibo"",""date"":""2017-03-16"",""displayDate"":""2017年3月16日星期四"",""datePrecision"":""day"",""title"":""李敖发微博谈“革命家小心眼儿：只此一家”"",""summary"":""2017年3月16日，李敖在“哈囉李敖”微博发文：革命家小心眼儿：只此一家。要“生我之门死我户”，凡不在我门户之内的，就要划清界线！遥想俄国当年，有虚无主义者、无政府主义者、人道主义者、“杀一不辜得天下不为”者，他们在道德、勇气和坚守原则上，都比列宁高明。可是，被做掉了。庆幸中国没有列宁。有了斯大林，还要什么列宁？"",""view"":[""写作线"",""媒体线"",""晚年线""],""tags"":[""虽千万人，李敖往矣"",""哈囉李敖"",""微博"",""140字""],""people"":[""李敖""],""places"":[],""works"":[""虽千万人，李敖往矣"",""哈囉李敖""],""certainty"":""confirmed"",""source"":{""book"":""虽千万人，李敖往矣"",""chapter"":""052.2017年3月"",""path"":""《大李敖全集5.0》（wjm_tcy版）分章节/005.诗集语录类/005.虽千万人，李敖往矣/052.2017年3月.txt"",""line"":63,""lines"":[63,65]},""crossReferences"":[],""round"":""2026-07-11-sui-qianwan-li-ao-wangyi-daily-completion"",""dataFile"":""data/timeline-events-sui-qianwan-li-ao-wangyi.json""}"
"29454","2017","2017-03-17","2017年3月17日星期五","day","confirmed","李敖发微博谈“先知李敖早就铁口直断：马英九下台后难逃牢狱之灾”","2017年3月17日，李敖在“哈囉李敖”微博发文：先知李敖早就铁口直断：马英九下台后难逃牢狱之灾。现在他的一个官司被起诉了，后面还有10个官司缠着他。他从小白脸变大混蛋，予愚自雄、祸福自召：他对美国、对日本、对民进党，都软趴趴的，结果报应不爽，并且现世报。北京因误判而相信他，结果鱼烂河决，也报应不爽、也现世报。真不值得。","李敖","","虽千万人，李敖往矣、哈囉李敖、微博、140字","写作线、媒体线、晚年线","虽千万人，李敖往矣、哈囉李敖","","虽千万人，李敖往矣","052.2017年3月","67","《大李敖全集5.0》（wjm_tcy版）分章节/005.诗集语录类/005.虽千万人，李敖往矣/052.2017年3月.txt","","[]","data/timeline-events-sui-qianwan-li-ao-wangyi.json","sui-qianwan-2017-03-17-daily-weibo","{""id"":""sui-qianwan-2017-03-17-daily-weibo"",""date"":""2017-03-17"",""displayDate"":""2017年3月17日星期五"",""datePrecision"":""day"",""title"":""李敖发微博谈“先知李敖早就铁口直断：马英九下台后难逃牢狱之灾”"",""summary"":""2017年3月17日，李敖在“哈囉李敖”微博发文：先知李敖早就铁口直断：马英九下台后难逃牢狱之灾。现在他的一个官司被起诉了，后面还有10个官司缠着他。他从小白脸变大混蛋，予愚自雄、祸福自召：他对美国、对日本、对民进党，都软趴趴的，结果报应不爽，并且现世报。北京因误判而相信他，结果鱼烂河决，也报应不爽、也现世报。真不值得。"",""view"":[""写作线"",""媒体线"",""晚年线""],""tags"":[""虽千万人，李敖往矣"",""哈囉李敖"",""微博"",""140字""],""people"":[""李敖""],""places"":[],""works"":[""虽千万人，李敖往矣"",""哈囉李敖""],""certainty"":""confirmed"",""source"":{""book"":""虽千万人，李敖往矣"",""chapter"":""052.2017年3月"",""path"":""《大李敖全集5.0》（wjm_tcy版）分章节/005.诗集语录类/005.虽千万人，李敖往矣/052.2017年3月.txt"",""line"":67,""lines"":[67,69]},""crossReferences"":[],""round"":""2026-07-11-sui-qianwan-li-ao-wangyi-daily-completion"",""dataFile"":""data/timeline-events-sui-qianwan-li-ao-wangyi.json""}"
"29455","2017","2017-03-18","2017年3月18日星期六","day","confirmed","李敖发微博谈“228事起突然，共产党煽风点火无功，但移花接木有份”","2017年3月18日，李敖在“哈囉李敖”微博发文：228事起突然，共产党煽风点火无功，但移花接木有份。后来越吹越玄，不乏将虚作实的牛屄。最有趣的是：国民党为了嫁祸，一切赖到共产党头上，反倒帮敌人吹牛。结果共产党“插花”、国民党“堆花”，228祸源，都堆到共产党头上，共产党也居之不疑。太好笑了，太好笑了！共产党发228财了！","李敖","","虽千万人，李敖往矣、哈囉李敖、微博、140字","写作线、媒体线、晚年线","虽千万人，李敖往矣、哈囉李敖","","虽千万人，李敖往矣","052.2017年3月","71","《大李敖全集5.0》（wjm_tcy版）分章节/005.诗集语录类/005.虽千万人，李敖往矣/052.2017年3月.txt","","[]","data/timeline-events-sui-qianwan-li-ao-wangyi.json","sui-qianwan-2017-03-18-daily-weibo","{""id"":""sui-qianwan-2017-03-18-daily-weibo"",""date"":""2017-03-18"",""displayDate"":""2017年3月18日星期六"",""datePrecision"":""day"",""title"":""李敖发微博谈“228事起突然，共产党煽风点火无功，但移花接木有份”"",""summary"":""2017年3月18日，李敖在“哈囉李敖”微博发文：228事起突然，共产党煽风点火无功，但移花接木有份。后来越吹越玄，不乏将虚作实的牛屄。最有趣的是：国民党为了嫁祸，一切赖到共产党头上，反倒帮敌人吹牛。结果共产党“插花”、国民党“堆花”，228祸源，都堆到共产党头上，共产党也居之不疑。太好笑了，太好笑了！共产党发228财了！"",""view"":[""写作线"",""媒体线"",""晚年线""],""tags"":[""虽千万人，李敖往矣"",""哈囉李敖"",""微博"",""140字""],""people"":[""李敖""],""places"":[],""works"":[""虽千万人，李敖往矣"",""哈囉李敖""],""certainty"":""confirmed"",""source"":{""book"":""虽千万人，李敖往矣"",""chapter"":""052.2017年3月"",""path"":""《大李敖全集5.0》（wjm_tcy版）分章节/005.诗集语录类/005.虽千万人，李敖往矣/052.2017年3月.txt"",""line"":71,""lines"":[71,73]},""crossReferences"":[],""round"":""2026-07-11-sui-qianwan-li-ao-wangyi-daily-completion"",""dataFile"":""data/timeline-events-sui-qianwan-li-ao-wangyi.json""}"
"29456","2017","2017-03-19","2017年3月19日星期日","day","confirmed","李敖发微博谈“古人说“君子有三畏”，是数学不好，其实还有第四畏，就是畏臭脸”","2017年3月19日，李敖在“哈囉李敖”微博发文：古人说“君子有三畏”，是数学不好，其实还有第四畏，就是畏臭脸。臭脸是天生的，不是鬼头鬼脑、不是怪模怪样、不是丑态百出、也不是声色俱厉，但他臭脸相向时，使你非常不舒服。唯一对付的公平方法是你也赶忙掏出一张臭脸回敬，但回臭乏术，你输了。千万向共产党学习吧，他最会臭脸迎人。","李敖","","虽千万人，李敖往矣、哈囉李敖、微博、140字","写作线、媒体线、晚年线","虽千万人，李敖往矣、哈囉李敖","","虽千万人，李敖往矣","052.2017年3月","75","《大李敖全集5.0》（wjm_tcy版）分章节/005.诗集语录类/005.虽千万人，李敖往矣/052.2017年3月.txt","","[]","data/timeline-events-sui-qianwan-li-ao-wangyi.json","sui-qianwan-2017-03-19-daily-weibo","{""id"":""sui-qianwan-2017-03-19-daily-weibo"",""date"":""2017-03-19"",""displayDate"":""2017年3月19日星期日"",""datePrecision"":""day"",""title"":""李敖发微博谈“古人说“君子有三畏”，是数学不好，其实还有第四畏，就是畏臭脸”"",""summary"":""2017年3月19日，李敖在“哈囉李敖”微博发文：古人说“君子有三畏”，是数学不好，其实还有第四畏，就是畏臭脸。臭脸是天生的，不是鬼头鬼脑、不是怪模怪样、不是丑态百出、也不是声色俱厉，但他臭脸相向时，使你非常不舒服。唯一对付的公平方法是你也赶忙掏出一张臭脸回敬，但回臭乏术，你输了。千万向共产党学习吧，他最会臭脸迎人。"",""view"":[""写作线"",""媒体线"",""晚年线""],""tags"":[""虽千万人，李敖往矣"",""哈囉李敖"",""微博"",""140字""],""people"":[""李敖""],""places"":[],""works"":[""虽千万人，李敖往矣"",""哈囉李敖""],""certainty"":""confirmed"",""source"":{""book"":""虽千万人，李敖往矣"",""chapter"":""052.2017年3月"",""path"":""《大李敖全集5.0》（wjm_tcy版）分章节/005.诗集语录类/005.虽千万人，李敖往矣/052.2017年3月.txt"",""line"":75,""lines"":[75,77]},""crossReferences"":[],""round"":""2026-07-11-sui-qianwan-li-ao-wangyi-daily-completion"",""dataFile"":""data/timeline-events-sui-qianwan-li-ao-wangyi.json""}"
"29457","2017","2017-03-20","2017年3月20日星期一","day","confirmed","李敖发微博谈“宋庆龄的伟大和她身为女人的悲剧，是两码事”","2017年3月20日，李敖在“哈囉李敖”微博发文：宋庆龄的伟大和她身为女人的悲剧，是两码事。1.孙中山骗婚，谎称原配离异，事实上原配一直住在家中正房，宋庆龄一直是小老婆，一如宋美龄、许广平都是蒋介石、鲁迅的小老婆一样；2.宋庆龄的老相好邓演达、杨杏佛都被蒋介石暗杀，她反蒋的一个原因，和男人有关。她一生不乏男人，伟大依旧。","李敖","","虽千万人，李敖往矣、哈囉李敖、微博、140字","写作线、媒体线、晚年线","虽千万人，李敖往矣、哈囉李敖","","虽千万人，李敖往矣","052.2017年3月","79","《大李敖全集5.0》（wjm_tcy版）分章节/005.诗集语录类/005.虽千万人，李敖往矣/052.2017年3月.txt","","[]","data/timeline-events-sui-qianwan-li-ao-wangyi.json","sui-qianwan-2017-03-20-daily-weibo","{""id"":""sui-qianwan-2017-03-20-daily-weibo"",""date"":""2017-03-20"",""displayDate"":""2017年3月20日星期一"",""datePrecision"":""day"",""title"":""李敖发微博谈“宋庆龄的伟大和她身为女人的悲剧，是两码事”"",""summary"":""2017年3月20日，李敖在“哈囉李敖”微博发文：宋庆龄的伟大和她身为女人的悲剧，是两码事。1.孙中山骗婚，谎称原配离异，事实上原配一直住在家中正房，宋庆龄一直是小老婆，一如宋美龄、许广平都是蒋介石、鲁迅的小老婆一样；2.宋庆龄的老相好邓演达、杨杏佛都被蒋介石暗杀，她反蒋的一个原因，和男人有关。她一生不乏男人，伟大依旧。"",""view"":[""写作线"",""媒体线"",""晚年线""],""tags"":[""虽千万人，李敖往矣"",""哈囉李敖"",""微博"",""140字""],""people"":[""李敖""],""places"":[],""works"":[""虽千万人，李敖往矣"",""哈囉李敖""],""certainty"":""confirmed"",""source"":{""book"":""虽千万人，李敖往矣"",""chapter"":""052.2017年3月"",""path"":""《大李敖全集5.0》（wjm_tcy版）分章节/005.诗集语录类/005.虽千万人，李敖往矣/052.2017年3月.txt"",""line"":79,""lines"":[79,81]},""crossReferences"":[],""round"":""2026-07-11-sui-qianwan-li-ao-wangyi-daily-completion"",""dataFile"":""data/timeline-events-sui-qianwan-li-ao-wangyi.json""}"
"29458","2017","2017-03-21","2017年3月21日星期二","day","confirmed","李敖公开写出脑干恶性肿瘤，并说已做二十八次放射治疗","《2017年3月》写，李敖八十岁后不良于行，本以为只是老化，约一个月前才查出脑干恶性肿瘤；他又说自己已做二十八次放射治疗，并天天服用标靶药、类固醇和止痛药。此条是晚年病情线的重要公开节点。","李敖","台湾","脑干恶性肿瘤、放射治疗、标靶药、类固醇、不良于行","身体线、晚年线、医疗线","虽千万人，李敖往矣","sui-qianwan-2016-12-10-taxi-driver-recognizes-voice-and-li-ao-notes-bad-legs、sui-qianwan-2017-09-04-writes-will、li-ao-fangtanlu-2017-02-22-asia-weekly-home-visit-health-and-daqianji、li-ao-fangtanlu-2017-04-11-china-press-malaysia-friends-visit、li-ao-fangtanlu-2017-06-farewell-letter-and-zaijian-liao-plan","虽千万人，李敖往矣","052.2017年3月","85","《大李敖全集5.0》（wjm_tcy版）分章节/005.诗集语录类/005.虽千万人，李敖往矣/052.2017年3月.txt","李敖访谈录1990-2018 / 073.20170222《亚洲周刊》专访李敖 / line 33 / 说明：2月22日亚洲周刊夜访中，李敖已说明左腿无力、脑部肿瘤、电疗、吞咽影响与85本《大全集》计划。 / 《大李敖全集5.0》（wjm_tcy版）分章节/007.采访序跋类/005.李敖访谈录1990-2018/073.20170222《亚洲周刊》专访李敖.txt || 李敖访谈录1990-2018 / 075.20170411《中国报》报导 / line 19 / 说明：《中国报》探访报道补充28次电疗、标靶药、吞咽困难、凌晨三点工作与《大全集》后45册。 / 《大李敖全集5.0》（wjm_tcy版）分章节/007.采访序跋类/005.李敖访谈录1990-2018/075.20170411《中国报》报导.txt","[{""book"":""李敖访谈录1990-2018"",""chapter"":""073.20170222《亚洲周刊》专访李敖"",""path"":""《大李敖全集5.0》（wjm_tcy版）分章节/007.采访序跋类/005.李敖访谈录1990-2018/073.20170222《亚洲周刊》专访李敖.txt"",""line"":33,""lines"":[33,35,37,39],""note"":""2月22日亚洲周刊夜访中，李敖已说明左腿无力、脑部肿瘤、电疗、吞咽影响与85本《大全集》计划。""},{""book"":""李敖访谈录1990-2018"",""chapter"":""075.20170411《中国报》报导"",""path"":""《大李敖全集5.0》（wjm_tcy版）分章节/007.采访序跋类/005.李敖访谈录1990-2018/075.20170411《中国报》报导.txt"",""line"":19,""lines"":[19,21,59,63,67,69],""note"":""《中国报》探访报道补充28次电疗、标靶药、吞咽困难、凌晨三点工作与《大全集》后45册。""}]","data/timeline-events-sui-qianwan-li-ao-wangyi.json","sui-qianwan-2017-03-21-discloses-brainstem-malignant-tumor-and-treatment","{""id"":""sui-qianwan-2017-03-21-discloses-brainstem-malignant-tumor-and-treatment"",""date"":""2017-03-21"",""displayDate"":""2017年3月21日星期二"",""datePrecision"":""day"",""title"":""李敖公开写出脑干恶性肿瘤，并说已做二十八次放射治疗"",""summary"":""《2017年3月》写，李敖八十岁后不良于行，本以为只是老化，约一个月前才查出脑干恶性肿瘤；他又说自己已做二十八次放射治疗，并天天服用标靶药、类固醇和止痛药。此条是晚年病情线的重要公开节点。"",""view"":[""身体线"",""晚年线"",""医疗线""],""tags"":[""脑干恶性肿瘤"",""放射治疗"",""标靶药"",""类固醇"",""不良于行""],""people"":[""李敖""],""places"":[""台湾""],""works"":[""虽千万人，李敖往矣""],""certainty"":""confirmed"",""crossReferences"":[""sui-qianwan-2016-12-10-taxi-driver-recognizes-voice-and-li-ao-notes-bad-legs"",""sui-qianwan-2017-09-04-writes-will"",""li-ao-fangtanlu-2017-02-22-asia-weekly-home-visit-health-and-daqianji"",""li-ao-fangtanlu-2017-04-11-china-press-malaysia-friends-visit"",""li-ao-fangtanlu-2017-06-farewell-letter-and-zaijian-liao-plan""],""source"":{""book"":""虽千万人，李敖往矣"",""chapter"":""052.2017年3月"",""path"":""《大李敖全集5.0》（wjm_tcy版）分章节/005.诗集语录类/005.虽千万人，李敖往矣/052.2017年3月.txt"",""line"":85},""additionalSources"":[{""book"":""李敖访谈录1990-2018"",""chapter"":""073.20170222《亚洲周刊》专访李敖"",""path"":""《大李敖全集5.0》（wjm_tcy版）分章节/007.采访序跋类/005.李敖访谈录1990-2018/073.20170222《亚洲周刊》专访李敖.txt"",""line"":33,""lines"":[33,35,37,39],""note"":""2月22日亚洲周刊夜访中，李敖已说明左腿无力、脑部肿瘤、电疗、吞咽影响与85本《大全集》计划。""},{""book"":""李敖访谈录1990-2018"",""chapter"":""075.20170411《中国报》报导"",""path"":""《大李敖全集5.0》（wjm_tcy版）分章节/007.采访序跋类/005.李敖访谈录1990-2018/075.20170411《中国报》报导.txt"",""line"":19,""lines"":[19,21,59,63,67,69],""note"":""《中国报》探访报道补充28次电疗、标靶药、吞咽困难、凌晨三点工作与《大全集》后45册。""}],""dataFile"":""data/timeline-events-sui-qianwan-li-ao-wangyi.json""}"
"29459","2017","2017-03-22","2017年3月22日星期三","day","confirmed","李敖发微博谈““A型台独”是民进党诪张为幻的（此辈乃假台独也）”","2017年3月22日，李敖在“哈囉李敖”微博发文：“A型台独”是民进党诪张为幻的（此辈乃假台独也）；“B型台独”是国民党星移物换的（此辈乃真台独也）。新出一种说法，认为台独的终点就是统一。主张这种说法的是爱国者、且是反台独者，但他把堂堂正道的统一附丽在邪魔歪路的尽头上，主从易位，容易引发“C型台独”的空间，这就应该小心了。","李敖","","虽千万人，李敖往矣、哈囉李敖、微博、140字","写作线、媒体线、晚年线","虽千万人，李敖往矣、哈囉李敖","","虽千万人，李敖往矣","052.2017年3月","87","《大李敖全集5.0》（wjm_tcy版）分章节/005.诗集语录类/005.虽千万人，李敖往矣/052.2017年3月.txt","","[]","data/timeline-events-sui-qianwan-li-ao-wangyi.json","sui-qianwan-2017-03-22-daily-weibo","{""id"":""sui-qianwan-2017-03-22-daily-weibo"",""date"":""2017-03-22"",""displayDate"":""2017年3月22日星期三"",""datePrecision"":""day"",""title"":""李敖发微博谈““A型台独”是民进党诪张为幻的（此辈乃假台独也）”"",""summary"":""2017年3月22日，李敖在“哈囉李敖”微博发文：“A型台独”是民进党诪张为幻的（此辈乃假台独也）；“B型台独”是国民党星移物换的（此辈乃真台独也）。新出一种说法，认为台独的终点就是统一。主张这种说法的是爱国者、且是反台独者，但他把堂堂正道的统一附丽在邪魔歪路的尽头上，主从易位，容易引发“C型台独”的空间，这就应该小心了。"",""view"":[""写作线"",""媒体线"",""晚年线""],""tags"":[""虽千万人，李敖往矣"",""哈囉李敖"",""微博"",""140字""],""people"":[""李敖""],""places"":[],""works"":[""虽千万人，李敖往矣"",""哈囉李敖""],""certainty"":""confirmed"",""source"":{""book"":""虽千万人，李敖往矣"",""chapter"":""052.2017年3月"",""path"":""《大李敖全集5.0》（wjm_tcy版）分章节/005.诗集语录类/005.虽千万人，李敖往矣/052.2017年3月.txt"",""line"":87,""lines"":[87,89]},""crossReferences"":[],""round"":""2026-07-11-sui-qianwan-li-ao-wangyi-daily-completion"",""dataFile"":""data/timeline-events-sui-qianwan-li-ao-wangyi.json""}"
"29460","2017","2017-03-23","2017年3月23日星期四","day","confirmed","李敖发微博谈“太多的人喜欢谈三国，这种人其实不懂历史”","2017年3月23日，李敖在“哈囉李敖”微博发文：太多的人喜欢谈三国，这种人其实不懂历史。他们上了《三国演义》的当、又上了京戏和电影的当、又上了所谓三国专家的当，结果完全弄拧了。挽救之道在能溯源《三国志》注中的156条线路，你才恍然“蜀中无大将，廖化做先锋”的谜底：原来“黄埔精神不死”，廖化终于向正统的中央政府投降了。","李敖","","虽千万人，李敖往矣、哈囉李敖、微博、140字","写作线、媒体线、晚年线","虽千万人，李敖往矣、哈囉李敖","","虽千万人，李敖往矣","052.2017年3月","91","《大李敖全集5.0》（wjm_tcy版）分章节/005.诗集语录类/005.虽千万人，李敖往矣/052.2017年3月.txt","","[]","data/timeline-events-sui-qianwan-li-ao-wangyi.json","sui-qianwan-2017-03-23-daily-weibo","{""id"":""sui-qianwan-2017-03-23-daily-weibo"",""date"":""2017-03-23"",""displayDate"":""2017年3月23日星期四"",""datePrecision"":""day"",""title"":""李敖发微博谈“太多的人喜欢谈三国，这种人其实不懂历史”"",""summary"":""2017年3月23日，李敖在“哈囉李敖”微博发文：太多的人喜欢谈三国，这种人其实不懂历史。他们上了《三国演义》的当、又上了京戏和电影的当、又上了所谓三国专家的当，结果完全弄拧了。挽救之道在能溯源《三国志》注中的156条线路，你才恍然“蜀中无大将，廖化做先锋”的谜底：原来“黄埔精神不死”，廖化终于向正统的中央政府投降了。"",""view"":[""写作线"",""媒体线"",""晚年线""],""tags"":[""虽千万人，李敖往矣"",""哈囉李敖"",""微博"",""140字""],""people"":[""李敖""],""places"":[],""works"":[""虽千万人，李敖往矣"",""哈囉李敖""],""certainty"":""confirmed"",""source"":{""book"":""虽千万人，李敖往矣"",""chapter"":""052.2017年3月"",""path"":""《大李敖全集5.0》（wjm_tcy版）分章节/005.诗集语录类/005.虽千万人，李敖往矣/052.2017年3月.txt"",""line"":91,""lines"":[91,93]},""crossReferences"":[],""round"":""2026-07-11-sui-qianwan-li-ao-wangyi-daily-completion"",""dataFile"":""data/timeline-events-sui-qianwan-li-ao-wangyi.json""}"
"29461","2017","2017-03-24","2017年3月24日星期五","day","confirmed","李敖发微博谈“孔子说“德不孤，必有邻”的时候，老先生漏了一个字，全文该是“德不孤…”","2017年3月24日，李敖在“哈囉李敖”微博发文：孔子说“德不孤，必有邻”的时候，老先生漏了一个字，全文该是“德不孤，必有恶邻”。中国是“德不孤”的，但在东方碰到3个恶邻，从高丽棒子到日本鬼子，都是坏东西。中国和中国人没有选择，我们一定要支持那个党，跟3个坏邻居对抗。我们要“以坏制坏”。对付恶邻，此中高手是有办法的！","李敖","","虽千万人，李敖往矣、哈囉李敖、微博、140字","写作线、媒体线、晚年线","虽千万人，李敖往矣、哈囉李敖","","虽千万人，李敖往矣","052.2017年3月","95","《大李敖全集5.0》（wjm_tcy版）分章节/005.诗集语录类/005.虽千万人，李敖往矣/052.2017年3月.txt","","[]","data/timeline-events-sui-qianwan-li-ao-wangyi.json","sui-qianwan-2017-03-24-daily-weibo","{""id"":""sui-qianwan-2017-03-24-daily-weibo"",""date"":""2017-03-24"",""displayDate"":""2017年3月24日星期五"",""datePrecision"":""day"",""title"":""李敖发微博谈“孔子说“德不孤，必有邻”的时候，老先生漏了一个字，全文该是“德不孤…”"",""summary"":""2017年3月24日，李敖在“哈囉李敖”微博发文：孔子说“德不孤，必有邻”的时候，老先生漏了一个字，全文该是“德不孤，必有恶邻”。中国是“德不孤”的，但在东方碰到3个恶邻，从高丽棒子到日本鬼子，都是坏东西。中国和中国人没有选择，我们一定要支持那个党，跟3个坏邻居对抗。我们要“以坏制坏”。对付恶邻，此中高手是有办法的！"",""view"":[""写作线"",""媒体线"",""晚年线""],""tags"":[""虽千万人，李敖往矣"",""哈囉李敖"",""微博"",""140字""],""people"":[""李敖""],""places"":[],""works"":[""虽千万人，李敖往矣"",""哈囉李敖""],""certainty"":""confirmed"",""source"":{""book"":""虽千万人，李敖往矣"",""chapter"":""052.2017年3月"",""path"":""《大李敖全集5.0》（wjm_tcy版）分章节/005.诗集语录类/005.虽千万人，李敖往矣/052.2017年3月.txt"",""line"":95,""lines"":[95,97]},""crossReferences"":[],""round"":""2026-07-11-sui-qianwan-li-ao-wangyi-daily-completion"",""dataFile"":""data/timeline-events-sui-qianwan-li-ao-wangyi.json""}"
"29462","2017","2017-03-25","2017年3月25日星期六","day","confirmed","李敖发微博谈“美国得天独厚，逍遥美洲，得利于两个孬种邻居：墨西哥和加拿大”","2017年3月25日，李敖在“哈囉李敖”微博发文：美国得天独厚，逍遥美洲，得利于两个孬种邻居：墨西哥和加拿大。墨西哥更倒楣。有道是墨西哥的倒楣是离美国太近离上帝太远。从“天涯若比邻”躲到“比邻若天涯”，还是没用：这恶邻还是欺负它：抢领土也、盖长城也、帐单还送到你家也，正是闽南话的“吃人够够”。“万家墨面”，终于有了新解。","李敖","","虽千万人，李敖往矣、哈囉李敖、微博、140字","写作线、媒体线、晚年线","虽千万人，李敖往矣、哈囉李敖","","虽千万人，李敖往矣","052.2017年3月","99","《大李敖全集5.0》（wjm_tcy版）分章节/005.诗集语录类/005.虽千万人，李敖往矣/052.2017年3月.txt","","[]","data/timeline-events-sui-qianwan-li-ao-wangyi.json","sui-qianwan-2017-03-25-daily-weibo","{""id"":""sui-qianwan-2017-03-25-daily-weibo"",""date"":""2017-03-25"",""displayDate"":""2017年3月25日星期六"",""datePrecision"":""day"",""title"":""李敖发微博谈“美国得天独厚，逍遥美洲，得利于两个孬种邻居：墨西哥和加拿大”"",""summary"":""2017年3月25日，李敖在“哈囉李敖”微博发文：美国得天独厚，逍遥美洲，得利于两个孬种邻居：墨西哥和加拿大。墨西哥更倒楣。有道是墨西哥的倒楣是离美国太近离上帝太远。从“天涯若比邻”躲到“比邻若天涯”，还是没用：这恶邻还是欺负它：抢领土也、盖长城也、帐单还送到你家也，正是闽南话的“吃人够够”。“万家墨面”，终于有了新解。"",""view"":[""写作线"",""媒体线"",""晚年线""],""tags"":[""虽千万人，李敖往矣"",""哈囉李敖"",""微博"",""140字""],""people"":[""李敖""],""places"":[],""works"":[""虽千万人，李敖往矣"",""哈囉李敖""],""certainty"":""confirmed"",""source"":{""book"":""虽千万人，李敖往矣"",""chapter"":""052.2017年3月"",""path"":""《大李敖全集5.0》（wjm_tcy版）分章节/005.诗集语录类/005.虽千万人，李敖往矣/052.2017年3月.txt"",""line"":99,""lines"":[99,101]},""crossReferences"":[],""round"":""2026-07-11-sui-qianwan-li-ao-wangyi-daily-completion"",""dataFile"":""data/timeline-events-sui-qianwan-li-ao-wangyi.json""}"
"29463","2017","2017-03-26","2017年3月26日星期日","day","confirmed","李敖发微博谈“多年前，林青霞对我有个劝告”","2017年3月26日，李敖在“哈囉李敖”微博发文：多年前，林青霞对我有个劝告。这劝告恐怕她自己都忘了，却长在我心。劝告是：千万不要回信给崇拜你的人，因为一写信，就没完没了，最后还得罪了他。林青霞的劝告，其实我早就实践在先了。我一生最大缺点是吝于把我的时间分给别人。人生苦短，没有多余的闲情给“相濡以沫”的人，我太自私了。","李敖","","虽千万人，李敖往矣、哈囉李敖、微博、140字","写作线、媒体线、晚年线","虽千万人，李敖往矣、哈囉李敖","","虽千万人，李敖往矣","052.2017年3月","103","《大李敖全集5.0》（wjm_tcy版）分章节/005.诗集语录类/005.虽千万人，李敖往矣/052.2017年3月.txt","","[]","data/timeline-events-sui-qianwan-li-ao-wangyi.json","sui-qianwan-2017-03-26-daily-weibo","{""id"":""sui-qianwan-2017-03-26-daily-weibo"",""date"":""2017-03-26"",""displayDate"":""2017年3月26日星期日"",""datePrecision"":""day"",""title"":""李敖发微博谈“多年前，林青霞对我有个劝告”"",""summary"":""2017年3月26日，李敖在“哈囉李敖”微博发文：多年前，林青霞对我有个劝告。这劝告恐怕她自己都忘了，却长在我心。劝告是：千万不要回信给崇拜你的人，因为一写信，就没完没了，最后还得罪了他。林青霞的劝告，其实我早就实践在先了。我一生最大缺点是吝于把我的时间分给别人。人生苦短，没有多余的闲情给“相濡以沫”的人，我太自私了。"",""view"":[""写作线"",""媒体线"",""晚年线""],""tags"":[""虽千万人，李敖往矣"",""哈囉李敖"",""微博"",""140字""],""people"":[""李敖""],""places"":[],""works"":[""虽千万人，李敖往矣"",""哈囉李敖""],""certainty"":""confirmed"",""source"":{""book"":""虽千万人，李敖往矣"",""chapter"":""052.2017年3月"",""path"":""《大李敖全集5.0》（wjm_tcy版）分章节/005.诗集语录类/005.虽千万人，李敖往矣/052.2017年3月.txt"",""line"":103,""lines"":[103,105]},""crossReferences"":[],""round"":""2026-07-11-sui-qianwan-li-ao-wangyi-daily-completion"",""dataFile"":""data/timeline-events-sui-qianwan-li-ao-wangyi.json""}"
"29464","2017","2017-03-27","2017年3月27日星期一","day","confirmed","李敖发微博谈“我在大学时一穷二白，被势利眼的世俗看不起”","2017年3月27日，李敖在“哈囉李敖”微博发文：我在大学时一穷二白，被势利眼的世俗看不起。去过一次情人的家，情人的妈妈罗老太太是湖北人，面目狰狞、言语犀利。她指着我说：“你将来阔到了做总统，我们也不上你门；你将来穷得讨了饭，讨到我们家门口，请你多走一步！”60多年过去了，我一直难忘罗老太太的修辞学。她的中文顶呱呱。","李敖","","虽千万人，李敖往矣、哈囉李敖、微博、140字","写作线、媒体线、晚年线","虽千万人，李敖往矣、哈囉李敖","","虽千万人，李敖往矣","052.2017年3月","107","《大李敖全集5.0》（wjm_tcy版）分章节/005.诗集语录类/005.虽千万人，李敖往矣/052.2017年3月.txt","","[]","data/timeline-events-sui-qianwan-li-ao-wangyi.json","sui-qianwan-2017-03-27-daily-weibo","{""id"":""sui-qianwan-2017-03-27-daily-weibo"",""date"":""2017-03-27"",""displayDate"":""2017年3月27日星期一"",""datePrecision"":""day"",""title"":""李敖发微博谈“我在大学时一穷二白，被势利眼的世俗看不起”"",""summary"":""2017年3月27日，李敖在“哈囉李敖”微博发文：我在大学时一穷二白，被势利眼的世俗看不起。去过一次情人的家，情人的妈妈罗老太太是湖北人，面目狰狞、言语犀利。她指着我说：“你将来阔到了做总统，我们也不上你门；你将来穷得讨了饭，讨到我们家门口，请你多走一步！”60多年过去了，我一直难忘罗老太太的修辞学。她的中文顶呱呱。"",""view"":[""写作线"",""媒体线"",""晚年线""],""tags"":[""虽千万人，李敖往矣"",""哈囉李敖"",""微博"",""140字""],""people"":[""李敖""],""places"":[],""works"":[""虽千万人，李敖往矣"",""哈囉李敖""],""certainty"":""confirmed"",""source"":{""book"":""虽千万人，李敖往矣"",""chapter"":""052.2017年3月"",""path"":""《大李敖全集5.0》（wjm_tcy版）分章节/005.诗集语录类/005.虽千万人，李敖往矣/052.2017年3月.txt"",""line"":107,""lines"":[107,109]},""crossReferences"":[],""round"":""2026-07-11-sui-qianwan-li-ao-wangyi-daily-completion"",""dataFile"":""data/timeline-events-sui-qianwan-li-ao-wangyi.json""}"
"29465","2017","2017-03-28","2017年3月28日星期二","day","confirmed","李敖发微博谈“我生平耐磨善斗，打败国民党大员胡秋原，逼他赔了1/3退休金给我”","2017年3月28日，李敖在“哈囉李敖”微博发文：我生平耐磨善斗，打败国民党大员胡秋原，逼他赔了1/3退休金给我；我又打败国民党同路人许倬云，逼他赔了800万给我。我生平又疏财仗义，前后张罗了4000万给慰安妇、政治犯、因义受难者、和反国民党者。我是锲而不舍的翦径侠客，灵活而有权变。敌人都知道我厉害，但不知道我多厉害。文化罗宾汉呀！","李敖","","虽千万人，李敖往矣、哈囉李敖、微博、140字","写作线、媒体线、晚年线","虽千万人，李敖往矣、哈囉李敖","","虽千万人，李敖往矣","052.2017年3月","111","《大李敖全集5.0》（wjm_tcy版）分章节/005.诗集语录类/005.虽千万人，李敖往矣/052.2017年3月.txt","","[]","data/timeline-events-sui-qianwan-li-ao-wangyi.json","sui-qianwan-2017-03-28-daily-weibo","{""id"":""sui-qianwan-2017-03-28-daily-weibo"",""date"":""2017-03-28"",""displayDate"":""2017年3月28日星期二"",""datePrecision"":""day"",""title"":""李敖发微博谈“我生平耐磨善斗，打败国民党大员胡秋原，逼他赔了1/3退休金给我”"",""summary"":""2017年3月28日，李敖在“哈囉李敖”微博发文：我生平耐磨善斗，打败国民党大员胡秋原，逼他赔了1/3退休金给我；我又打败国民党同路人许倬云，逼他赔了800万给我。我生平又疏财仗义，前后张罗了4000万给慰安妇、政治犯、因义受难者、和反国民党者。我是锲而不舍的翦径侠客，灵活而有权变。敌人都知道我厉害，但不知道我多厉害。文化罗宾汉呀！"",""view"":[""写作线"",""媒体线"",""晚年线""],""tags"":[""虽千万人，李敖往矣"",""哈囉李敖"",""微博"",""140字""],""people"":[""李敖""],""places"":[],""works"":[""虽千万人，李敖往矣"",""哈囉李敖""],""certainty"":""confirmed"",""source"":{""book"":""虽千万人，李敖往矣"",""chapter"":""052.2017年3月"",""path"":""《大李敖全集5.0》（wjm_tcy版）分章节/005.诗集语录类/005.虽千万人，李敖往矣/052.2017年3月.txt"",""line"":111,""lines"":[111,113]},""crossReferences"":[],""round"":""2026-07-11-sui-qianwan-li-ao-wangyi-daily-completion"",""dataFile"":""data/timeline-events-sui-qianwan-li-ao-wangyi.json""}"
"29466","2017","2017-03-29","2017年3月29日星期三","day","confirmed","李敖发微博谈“琼瑶《窗外》电影，第一次不是林青霞演的，是我的女朋友吴海蒂演的，发…”","2017年3月29日，李敖在“哈囉李敖”微博发文：琼瑶《窗外》电影，第一次不是林青霞演的，是我的女朋友吴海蒂演的，发生了意外，林青霞才脱美而出。当年吴海蒂的导演是崔小萍。崔小萍拍《窗外》后就坐冤狱，军法官判她14年，她当庭大骂没良心。军法官说：“我才有良心呢，没良心就判你死刑了！”崔小萍96岁死去。坐牢是真、罪名是假，哀哉！","李敖","","虽千万人，李敖往矣、哈囉李敖、微博、140字","写作线、媒体线、晚年线","虽千万人，李敖往矣、哈囉李敖","","虽千万人，李敖往矣","052.2017年3月","115","《大李敖全集5.0》（wjm_tcy版）分章节/005.诗集语录类/005.虽千万人，李敖往矣/052.2017年3月.txt","","[]","data/timeline-events-sui-qianwan-li-ao-wangyi.json","sui-qianwan-2017-03-29-daily-weibo","{""id"":""sui-qianwan-2017-03-29-daily-weibo"",""date"":""2017-03-29"",""displayDate"":""2017年3月29日星期三"",""datePrecision"":""day"",""title"":""李敖发微博谈“琼瑶《窗外》电影，第一次不是林青霞演的，是我的女朋友吴海蒂演的，发…”"",""summary"":""2017年3月29日，李敖在“哈囉李敖”微博发文：琼瑶《窗外》电影，第一次不是林青霞演的，是我的女朋友吴海蒂演的，发生了意外，林青霞才脱美而出。当年吴海蒂的导演是崔小萍。崔小萍拍《窗外》后就坐冤狱，军法官判她14年，她当庭大骂没良心。军法官说：“我才有良心呢，没良心就判你死刑了！”崔小萍96岁死去。坐牢是真、罪名是假，哀哉！"",""view"":[""写作线"",""媒体线"",""晚年线""],""tags"":[""虽千万人，李敖往矣"",""哈囉李敖"",""微博"",""140字""],""people"":[""李敖""],""places"":[],""works"":[""虽千万人，李敖往矣"",""哈囉李敖""],""certainty"":""confirmed"",""source"":{""book"":""虽千万人，李敖往矣"",""chapter"":""052.2017年3月"",""path"":""《大李敖全集5.0》（wjm_tcy版）分章节/005.诗集语录类/005.虽千万人，李敖往矣/052.2017年3月.txt"",""line"":115,""lines"":[115,117]},""crossReferences"":[],""round"":""2026-07-11-sui-qianwan-li-ao-wangyi-daily-completion"",""dataFile"":""data/timeline-events-sui-qianwan-li-ao-wangyi.json""}"
"29467","2017","2017-03-30","2017年3月30日星期四","day","confirmed","李敖发微博谈“祖国同胞粗分两类：一类是对我笑的聪明人”","2017年3月30日，李敖在“哈囉李敖”微博发文：祖国同胞粗分两类：一类是对我笑的聪明人；一类是质问我的糊涂蛋。糊涂蛋最喜欢的质问是：“你在内地敢这样讲话吗？试试看，不整死你才怪！”其实我一直在讲话，只是糊涂蛋看不出来而已。共产党魔高一丈示警，但我魔高百尺见方，我们是强者。相对的，做了近70年顺民的只会说风凉话，真没出息！","李敖","","虽千万人，李敖往矣、哈囉李敖、微博、140字","写作线、媒体线、晚年线","虽千万人，李敖往矣、哈囉李敖","","虽千万人，李敖往矣","052.2017年3月","119","《大李敖全集5.0》（wjm_tcy版）分章节/005.诗集语录类/005.虽千万人，李敖往矣/052.2017年3月.txt","","[]","data/timeline-events-sui-qianwan-li-ao-wangyi.json","sui-qianwan-2017-03-30-daily-weibo","{""id"":""sui-qianwan-2017-03-30-daily-weibo"",""date"":""2017-03-30"",""displayDate"":""2017年3月30日星期四"",""datePrecision"":""day"",""title"":""李敖发微博谈“祖国同胞粗分两类：一类是对我笑的聪明人”"",""summary"":""2017年3月30日，李敖在“哈囉李敖”微博发文：祖国同胞粗分两类：一类是对我笑的聪明人；一类是质问我的糊涂蛋。糊涂蛋最喜欢的质问是：“你在内地敢这样讲话吗？试试看，不整死你才怪！”其实我一直在讲话，只是糊涂蛋看不出来而已。共产党魔高一丈示警，但我魔高百尺见方，我们是强者。相对的，做了近70年顺民的只会说风凉话，真没出息！"",""view"":[""写作线"",""媒体线"",""晚年线""],""tags"":[""虽千万人，李敖往矣"",""哈囉李敖"",""微博"",""140字""],""people"":[""李敖""],""places"":[],""works"":[""虽千万人，李敖往矣"",""哈囉李敖""],""certainty"":""confirmed"",""source"":{""book"":""虽千万人，李敖往矣"",""chapter"":""052.2017年3月"",""path"":""《大李敖全集5.0》（wjm_tcy版）分章节/005.诗集语录类/005.虽千万人，李敖往矣/052.2017年3月.txt"",""line"":119,""lines"":[119,121]},""crossReferences"":[],""round"":""2026-07-11-sui-qianwan-li-ao-wangyi-daily-completion"",""dataFile"":""data/timeline-events-sui-qianwan-li-ao-wangyi.json""}"
"29468","2017","2017-03-31","2017年3月31日星期五","day","confirmed","李敖发微博谈“胆大会吓死、胆小不会，但会吓疯”","2017年3月31日，李敖在“哈囉李敖”微博发文：胆大会吓死、胆小不会，但会吓疯。50年前吴申叔请客，席上有林文奎，把美国总统颁发的奖状给我看，大夸当年之勇。那时孙立人将军冤案发生，林文奎虽幸未卷入，但身为参谋长，却吓疯了。他留下一个神经兮兮的儿子林中斌，被陈水扁王八看绿豆，任命国防部二锅头，却主张巷战自保。原来疯是遗传的！","李敖","","虽千万人，李敖往矣、哈囉李敖、微博、140字","写作线、媒体线、晚年线","虽千万人，李敖往矣、哈囉李敖","","虽千万人，李敖往矣","052.2017年3月","123","《大李敖全集5.0》（wjm_tcy版）分章节/005.诗集语录类/005.虽千万人，李敖往矣/052.2017年3月.txt","","[]","data/timeline-events-sui-qianwan-li-ao-wangyi.json","sui-qianwan-2017-03-31-daily-weibo","{""id"":""sui-qianwan-2017-03-31-daily-weibo"",""date"":""2017-03-31"",""displayDate"":""2017年3月31日星期五"",""datePrecision"":""day"",""title"":""李敖发微博谈“胆大会吓死、胆小不会，但会吓疯”"",""summary"":""2017年3月31日，李敖在“哈囉李敖”微博发文：胆大会吓死、胆小不会，但会吓疯。50年前吴申叔请客，席上有林文奎，把美国总统颁发的奖状给我看，大夸当年之勇。那时孙立人将军冤案发生，林文奎虽幸未卷入，但身为参谋长，却吓疯了。他留下一个神经兮兮的儿子林中斌，被陈水扁王八看绿豆，任命国防部二锅头，却主张巷战自保。原来疯是遗传的！"",""view"":[""写作线"",""媒体线"",""晚年线""],""tags"":[""虽千万人，李敖往矣"",""哈囉李敖"",""微博"",""140字""],""people"":[""李敖""],""places"":[],""works"":[""虽千万人，李敖往矣"",""哈囉李敖""],""certainty"":""confirmed"",""source"":{""book"":""虽千万人，李敖往矣"",""chapter"":""052.2017年3月"",""path"":""《大李敖全集5.0》（wjm_tcy版）分章节/005.诗集语录类/005.虽千万人，李敖往矣/052.2017年3月.txt"",""line"":123,""lines"":[123,125]},""crossReferences"":[],""round"":""2026-07-11-sui-qianwan-li-ao-wangyi-daily-completion"",""dataFile"":""data/timeline-events-sui-qianwan-li-ao-wangyi.json""}"
"29469","2017","2017-04-01","2017年4月1日星期六","day","confirmed","李敖发微博谈“2014年“318太阳花”暴力占领“国会”的祸首，台湾法院一律判决…”","2017年4月1日，李敖在“哈囉李敖”微博发文：2014年“318太阳花”暴力占领“国会”的祸首，台湾法院一律判决无罪。开脱理由是采信了他们“公民不服从”的抗辩，这可笑话啦！“公民不服从”是从英文硬译出来的错中错，civil虽有公民、民事的别解，但在 civil disobedience里却既不公民也不民事，乃指非暴力（nonviolent）而言。笑话闹大啦！","李敖","","虽千万人，李敖往矣、哈囉李敖、微博、140字","写作线、媒体线、晚年线","虽千万人，李敖往矣、哈囉李敖","","虽千万人，李敖往矣","053.2017年4月","3","《大李敖全集5.0》（wjm_tcy版）分章节/005.诗集语录类/005.虽千万人，李敖往矣/053.2017年4月.txt","","[]","data/timeline-events-sui-qianwan-li-ao-wangyi.json","sui-qianwan-2017-04-01-daily-weibo","{""id"":""sui-qianwan-2017-04-01-daily-weibo"",""date"":""2017-04-01"",""displayDate"":""2017年4月1日星期六"",""datePrecision"":""day"",""title"":""李敖发微博谈“2014年“318太阳花”暴力占领“国会”的祸首，台湾法院一律判决…”"",""summary"":""2017年4月1日，李敖在“哈囉李敖”微博发文：2014年“318太阳花”暴力占领“国会”的祸首，台湾法院一律判决无罪。开脱理由是采信了他们“公民不服从”的抗辩，这可笑话啦！“公民不服从”是从英文硬译出来的错中错，civil虽有公民、民事的别解，但在 civil disobedience里却既不公民也不民事，乃指非暴力（nonviolent）而言。笑话闹大啦！"",""view"":[""写作线"",""媒体线"",""晚年线""],""tags"":[""虽千万人，李敖往矣"",""哈囉李敖"",""微博"",""140字""],""people"":[""李敖""],""places"":[],""works"":[""虽千万人，李敖往矣"",""哈囉李敖""],""certainty"":""confirmed"",""source"":{""book"":""虽千万人，李敖往矣"",""chapter"":""053.2017年4月"",""path"":""《大李敖全集5.0》（wjm_tcy版）分章节/005.诗集语录类/005.虽千万人，李敖往矣/053.2017年4月.txt"",""line"":3,""lines"":[3,5]},""crossReferences"":[],""round"":""2026-07-11-sui-qianwan-li-ao-wangyi-daily-completion"",""dataFile"":""data/timeline-events-sui-qianwan-li-ao-wangyi.json""}"
"29470","2017","2017-04-02","2017年4月2日星期日","day","confirmed","李敖发微博谈“世界变得太邪门了：1.美国到处“黄狗偷食”，却让欧洲“黑狗当灾””","2017年4月2日，李敖在“哈囉李敖”微博发文：世界变得太邪门了：1.美国到处“黄狗偷食”，却让欧洲“黑狗当灾”。2.所有政治学ABC都变成XYZ，自由、民主、选举、公投、博爱、正义，都变成教科书中笑话。3.黑猫白猫不再阶级斗争，黑猫自己先发财了。4.美国的陆军变空军、空军变无人飞机了。5.美国不再走资派了，共产党反倒走资派了。","李敖","","虽千万人，李敖往矣、哈囉李敖、微博、140字","写作线、媒体线、晚年线","虽千万人，李敖往矣、哈囉李敖","","虽千万人，李敖往矣","053.2017年4月","7","《大李敖全集5.0》（wjm_tcy版）分章节/005.诗集语录类/005.虽千万人，李敖往矣/053.2017年4月.txt","","[]","data/timeline-events-sui-qianwan-li-ao-wangyi.json","sui-qianwan-2017-04-02-daily-weibo","{""id"":""sui-qianwan-2017-04-02-daily-weibo"",""date"":""2017-04-02"",""displayDate"":""2017年4月2日星期日"",""datePrecision"":""day"",""title"":""李敖发微博谈“世界变得太邪门了：1.美国到处“黄狗偷食”，却让欧洲“黑狗当灾””"",""summary"":""2017年4月2日，李敖在“哈囉李敖”微博发文：世界变得太邪门了：1.美国到处“黄狗偷食”，却让欧洲“黑狗当灾”。2.所有政治学ABC都变成XYZ，自由、民主、选举、公投、博爱、正义，都变成教科书中笑话。3.黑猫白猫不再阶级斗争，黑猫自己先发财了。4.美国的陆军变空军、空军变无人飞机了。5.美国不再走资派了，共产党反倒走资派了。"",""view"":[""写作线"",""媒体线"",""晚年线""],""tags"":[""虽千万人，李敖往矣"",""哈囉李敖"",""微博"",""140字""],""people"":[""李敖""],""places"":[],""works"":[""虽千万人，李敖往矣"",""哈囉李敖""],""certainty"":""confirmed"",""source"":{""book"":""虽千万人，李敖往矣"",""chapter"":""053.2017年4月"",""path"":""《大李敖全集5.0》（wjm_tcy版）分章节/005.诗集语录类/005.虽千万人，李敖往矣/053.2017年4月.txt"",""line"":7,""lines"":[7,9]},""crossReferences"":[],""round"":""2026-07-11-sui-qianwan-li-ao-wangyi-daily-completion"",""dataFile"":""data/timeline-events-sui-qianwan-li-ao-wangyi.json""}"
"29471","2017","2017-04-03","2017年4月3日星期一","day","confirmed","李敖发微博谈“中文里“赵孟之所贵，赵孟亦能贱之”，是指贵贱由人”","2017年4月3日，李敖在“哈囉李敖”微博发文：中文里“赵孟之所贵，赵孟亦能贱之”，是指贵贱由人；英文里有类似的话：“政府能给你的，政府也能拿走”，是指得失由人。都是没保障的怪现象。真正的所有是别人给出来拿不回去的才算，凡是别人能给了你又能回收的，贵贱由人、得失由人，都是镜花水月。但共产党最徜徉于斯，他们最快乐。","李敖","","虽千万人，李敖往矣、哈囉李敖、微博、140字","写作线、媒体线、晚年线","虽千万人，李敖往矣、哈囉李敖","","虽千万人，李敖往矣","053.2017年4月","11","《大李敖全集5.0》（wjm_tcy版）分章节/005.诗集语录类/005.虽千万人，李敖往矣/053.2017年4月.txt","","[]","data/timeline-events-sui-qianwan-li-ao-wangyi.json","sui-qianwan-2017-04-03-daily-weibo","{""id"":""sui-qianwan-2017-04-03-daily-weibo"",""date"":""2017-04-03"",""displayDate"":""2017年4月3日星期一"",""datePrecision"":""day"",""title"":""李敖发微博谈“中文里“赵孟之所贵，赵孟亦能贱之”，是指贵贱由人”"",""summary"":""2017年4月3日，李敖在“哈囉李敖”微博发文：中文里“赵孟之所贵，赵孟亦能贱之”，是指贵贱由人；英文里有类似的话：“政府能给你的，政府也能拿走”，是指得失由人。都是没保障的怪现象。真正的所有是别人给出来拿不回去的才算，凡是别人能给了你又能回收的，贵贱由人、得失由人，都是镜花水月。但共产党最徜徉于斯，他们最快乐。"",""view"":[""写作线"",""媒体线"",""晚年线""],""tags"":[""虽千万人，李敖往矣"",""哈囉李敖"",""微博"",""140字""],""people"":[""李敖""],""places"":[],""works"":[""虽千万人，李敖往矣"",""哈囉李敖""],""certainty"":""confirmed"",""source"":{""book"":""虽千万人，李敖往矣"",""chapter"":""053.2017年4月"",""path"":""《大李敖全集5.0》（wjm_tcy版）分章节/005.诗集语录类/005.虽千万人，李敖往矣/053.2017年4月.txt"",""line"":11,""lines"":[11,13]},""crossReferences"":[],""round"":""2026-07-11-sui-qianwan-li-ao-wangyi-daily-completion"",""dataFile"":""data/timeline-events-sui-qianwan-li-ao-wangyi.json""}"
"29472","2017","2017-04-04","2017年4月4日星期二","day","confirmed","李敖发微博谈“美国空军军头曾经扬言：要把北越炸回到石器时代”","2017年4月4日，李敖在“哈囉李敖”微博发文：美国空军军头曾经扬言：要把北越炸回到石器时代。在石器时代的非白种人，会对美国这种白种人的蛮横服气吗？如今发生在俄国的恐攻，正是石器时代余生者的土法炼钢式报复。恐攻的伤亡效果很有限，但它使白种人气为之夺、胆为之寒、登机检查前3小时就神经为之紧张，这就是余生者的正义啊！","李敖","","虽千万人，李敖往矣、哈囉李敖、微博、140字","写作线、媒体线、晚年线","虽千万人，李敖往矣、哈囉李敖","","虽千万人，李敖往矣","053.2017年4月","15","《大李敖全集5.0》（wjm_tcy版）分章节/005.诗集语录类/005.虽千万人，李敖往矣/053.2017年4月.txt","","[]","data/timeline-events-sui-qianwan-li-ao-wangyi.json","sui-qianwan-2017-04-04-daily-weibo","{""id"":""sui-qianwan-2017-04-04-daily-weibo"",""date"":""2017-04-04"",""displayDate"":""2017年4月4日星期二"",""datePrecision"":""day"",""title"":""李敖发微博谈“美国空军军头曾经扬言：要把北越炸回到石器时代”"",""summary"":""2017年4月4日，李敖在“哈囉李敖”微博发文：美国空军军头曾经扬言：要把北越炸回到石器时代。在石器时代的非白种人，会对美国这种白种人的蛮横服气吗？如今发生在俄国的恐攻，正是石器时代余生者的土法炼钢式报复。恐攻的伤亡效果很有限，但它使白种人气为之夺、胆为之寒、登机检查前3小时就神经为之紧张，这就是余生者的正义啊！"",""view"":[""写作线"",""媒体线"",""晚年线""],""tags"":[""虽千万人，李敖往矣"",""哈囉李敖"",""微博"",""140字""],""people"":[""李敖""],""places"":[],""works"":[""虽千万人，李敖往矣"",""哈囉李敖""],""certainty"":""confirmed"",""source"":{""book"":""虽千万人，李敖往矣"",""chapter"":""053.2017年4月"",""path"":""《大李敖全集5.0》（wjm_tcy版）分章节/005.诗集语录类/005.虽千万人，李敖往矣/053.2017年4月.txt"",""line"":15,""lines"":[15,17]},""crossReferences"":[],""round"":""2026-07-11-sui-qianwan-li-ao-wangyi-daily-completion"",""dataFile"":""data/timeline-events-sui-qianwan-li-ao-wangyi.json""}"
"29473","2017","2017-04-05","2017年4月5日星期三","day","confirmed","李敖把《虚拟的十七岁》送给台北荣总神经内科主任王署君","《2017年4月》写，李敖送一本《虚拟的十七岁》给台北荣民总医院神经内科主任王署君，并说明此书不是黄色小说，而是自己的科技预言，谈“植入”、人工智能与“天人合一”。此条连接晚年医疗关系与旧作再阐释。","李敖、王署君","台北荣民总医院、台湾","王署君、台北荣民总医院、神经内科、虚拟的十七岁、人工智能","医疗线、写作线、晚年线","虽千万人，李敖往矣、虚拟的十七岁","book7-2007-completes-virtual-seventeen-and-launches-it-with-liu-changle-hosting、virtual-seventeen-2008-04-10-writes-about-writing、sui-qianwan-2017-03-21-discloses-brainstem-malignant-tumor-and-treatment","虽千万人，李敖往矣","053.2017年4月","21","《大李敖全集5.0》（wjm_tcy版）分章节/005.诗集语录类/005.虽千万人，李敖往矣/053.2017年4月.txt","","[]","data/timeline-events-sui-qianwan-li-ao-wangyi.json","sui-qianwan-2017-04-05-gives-virtual-seventeen-to-neurologist-wang-shujun","{""id"":""sui-qianwan-2017-04-05-gives-virtual-seventeen-to-neurologist-wang-shujun"",""date"":""2017-04-05"",""displayDate"":""2017年4月5日星期三"",""datePrecision"":""day"",""title"":""李敖把《虚拟的十七岁》送给台北荣总神经内科主任王署君"",""summary"":""《2017年4月》写，李敖送一本《虚拟的十七岁》给台北荣民总医院神经内科主任王署君，并说明此书不是黄色小说，而是自己的科技预言，谈“植入”、人工智能与“天人合一”。此条连接晚年医疗关系与旧作再阐释。"",""view"":[""医疗线"",""写作线"",""晚年线""],""tags"":[""王署君"",""台北荣民总医院"",""神经内科"",""虚拟的十七岁"",""人工智能""],""people"":[""李敖"",""王署君""],""places"":[""台北荣民总医院"",""台湾""],""works"":[""虽千万人，李敖往矣"",""虚拟的十七岁""],""certainty"":""confirmed"",""crossReferences"":[""book7-2007-completes-virtual-seventeen-and-launches-it-with-liu-changle-hosting"",""virtual-seventeen-2008-04-10-writes-about-writing"",""sui-qianwan-2017-03-21-discloses-brainstem-malignant-tumor-and-treatment""],""source"":{""book"":""虽千万人，李敖往矣"",""chapter"":""053.2017年4月"",""path"":""《大李敖全集5.0》（wjm_tcy版）分章节/005.诗集语录类/005.虽千万人，李敖往矣/053.2017年4月.txt"",""line"":21},""dataFile"":""data/timeline-events-sui-qianwan-li-ao-wangyi.json""}"
"29474","2017","2017-04-06","2017年4月6日星期四","day","confirmed","李敖发微博谈“68年来两岸隔世的最大荒谬是：台湾自外于祖国，祖国居然也听凭台湾自外”","2017年4月6日，李敖在“哈囉李敖”微博发文：68年来两岸隔世的最大荒谬是：台湾自外于祖国，祖国居然也听凭台湾自外。有些个人和团队祖国要学到的，一学到就把台湾踢开了；有些就学不到，医疗团队就是其一。看到张心湜、魏峥、陈耀昌、陈威明，祖国就矮了半截。祖国啊你学不到我，我不是台湾，我是我自己。台湾对我太小了、祖国对我太远了。","李敖","","虽千万人，李敖往矣、哈囉李敖、微博、140字","写作线、媒体线、晚年线","虽千万人，李敖往矣、哈囉李敖","","虽千万人，李敖往矣","053.2017年4月","23","《大李敖全集5.0》（wjm_tcy版）分章节/005.诗集语录类/005.虽千万人，李敖往矣/053.2017年4月.txt","","[]","data/timeline-events-sui-qianwan-li-ao-wangyi.json","sui-qianwan-2017-04-06-daily-weibo","{""id"":""sui-qianwan-2017-04-06-daily-weibo"",""date"":""2017-04-06"",""displayDate"":""2017年4月6日星期四"",""datePrecision"":""day"",""title"":""李敖发微博谈“68年来两岸隔世的最大荒谬是：台湾自外于祖国，祖国居然也听凭台湾自外”"",""summary"":""2017年4月6日，李敖在“哈囉李敖”微博发文：68年来两岸隔世的最大荒谬是：台湾自外于祖国，祖国居然也听凭台湾自外。有些个人和团队祖国要学到的，一学到就把台湾踢开了；有些就学不到，医疗团队就是其一。看到张心湜、魏峥、陈耀昌、陈威明，祖国就矮了半截。祖国啊你学不到我，我不是台湾，我是我自己。台湾对我太小了、祖国对我太远了。"",""view"":[""写作线"",""媒体线"",""晚年线""],""tags"":[""虽千万人，李敖往矣"",""哈囉李敖"",""微博"",""140字""],""people"":[""李敖""],""places"":[],""works"":[""虽千万人，李敖往矣"",""哈囉李敖""],""certainty"":""confirmed"",""source"":{""book"":""虽千万人，李敖往矣"",""chapter"":""053.2017年4月"",""path"":""《大李敖全集5.0》（wjm_tcy版）分章节/005.诗集语录类/005.虽千万人，李敖往矣/053.2017年4月.txt"",""line"":23,""lines"":[23,25]},""crossReferences"":[],""round"":""2026-07-11-sui-qianwan-li-ao-wangyi-daily-completion"",""dataFile"":""data/timeline-events-sui-qianwan-li-ao-wangyi.json""}"
"29475","2017","2017-05-29","2017-05-29","day","","李敖在《读书人》病中拍摄时说脑瘤放射治疗二十八次，身体变成战场","片头说明这是对八十二岁李敖的病中拜访；他接电话说刚做完二十八次脑瘤放射治疗，随后解释恶性肿瘤压迫左腿神经、影响吞咽，类固醇副作用又大，使身体像日俄战争在中国作战那样成为战场。","李敖、宋子文","台湾、医院、中国、日本、俄国","李敖政论综艺集、第十九轮、closeout、节目访谈、第186集、读书人、脑瘤、放射治疗、类固醇、病中拍摄","public","读书人","","","","","","","[]","data/timeline-events-li-ao-zhenglun-zongyiji.json","li-ao-zhenglun-zongyiji-186-discloses-brain-tumor-radiation-swallowing-risk-and-body-as-battlefield","{""id"":""li-ao-zhenglun-zongyiji-186-discloses-brain-tumor-radiation-swallowing-risk-and-body-as-battlefield"",""date"":""2017-05-29"",""year"":2017,""month"":5,""day"":29,""title"":""李敖在《读书人》病中拍摄时说脑瘤放射治疗二十八次，身体变成战场"",""summary"":""片头说明这是对八十二岁李敖的病中拜访；他接电话说刚做完二十八次脑瘤放射治疗，随后解释恶性肿瘤压迫左腿神经、影响吞咽，类固醇副作用又大，使身体像日俄战争在中国作战那样成为战场。"",""category"":""media"",""source"":""《大李敖全集5.0》（wjm_tcy版）分章节/010.节目演讲类/012.李敖政论综艺集/186.20170529《读书人》.txt"",""sourceLines"":[3,7],""lineCount"":43,""people"":[""李敖"",""宋子文""],""places"":[""台湾"",""医院"",""中国"",""日本"",""俄国""],""works"":[""读书人""],""tags"":[""李敖政论综艺集"",""第十九轮"",""closeout"",""节目访谈"",""第186集"",""读书人"",""脑瘤"",""放射治疗"",""类固醇"",""病中拍摄""],""crossReferences"":[],""view"":[""public""],""confidence"":""high"",""round"":""li-ao-zhenglun-zongyiji-round019-181-186-closeout"",""dataFile"":""data/timeline-events-li-ao-zhenglun-zongyiji.json""}"
"29476","2017","2017-05-29","2017-05-29","day","","李敖把坐牢说成强者从零开始的最好时光，而《读书人》第二次拍摄前又住院","片中旁白提到一九七一至一九七六、一九八一至一九八二两次坐牢；李敖说牢中夜里有鼠虫、一年不能洗澡，人生已不能更低，所以对强者是从零归零的磨练。节目最后说明原计划两次拍摄，但第二次拍摄前夕李敖再次住院四十二天，影片只完成第一次拍摄。","李敖","台湾、医院","李敖政论综艺集、第十九轮、closeout、节目访谈、第186集、坐牢、最好时光、归零、住院、拍摄未完成","public","读书人","li-ao-zhenglun-zongyiji-182-turns-prison-trauma-into-still-fighting-fake-taiwan-democracy、li-ao-zhenglun-zongyiji-181-recasts-arrest-collapse-into-battle-body-and-prison-song-newspaper-bargain","","","","","","[]","data/timeline-events-li-ao-zhenglun-zongyiji.json","li-ao-zhenglun-zongyiji-186-makes-prison-the-best-time-because-it-started-from-zero-before-unfinished-second-shoot","{""id"":""li-ao-zhenglun-zongyiji-186-makes-prison-the-best-time-because-it-started-from-zero-before-unfinished-second-shoot"",""date"":""2017-05-29"",""year"":2017,""month"":5,""day"":29,""title"":""李敖把坐牢说成强者从零开始的最好时光，而《读书人》第二次拍摄前又住院"",""summary"":""片中旁白提到一九七一至一九七六、一九八一至一九八二两次坐牢；李敖说牢中夜里有鼠虫、一年不能洗澡，人生已不能更低，所以对强者是从零归零的磨练。节目最后说明原计划两次拍摄，但第二次拍摄前夕李敖再次住院四十二天，影片只完成第一次拍摄。"",""category"":""media"",""source"":""《大李敖全集5.0》（wjm_tcy版）分章节/010.节目演讲类/012.李敖政论综艺集/186.20170529《读书人》.txt"",""sourceLines"":[23,33],""lineCount"":43,""people"":[""李敖""],""places"":[""台湾"",""医院""],""works"":[""读书人""],""tags"":[""李敖政论综艺集"",""第十九轮"",""closeout"",""节目访谈"",""第186集"",""坐牢"",""最好时光"",""归零"",""住院"",""拍摄未完成""],""crossReferences"":[""li-ao-zhenglun-zongyiji-182-turns-prison-trauma-into-still-fighting-fake-taiwan-democracy"",""li-ao-zhenglun-zongyiji-181-recasts-arrest-collapse-into-battle-body-and-prison-song-newspaper-bargain""],""view"":[""public""],""confidence"":""high"",""round"":""li-ao-zhenglun-zongyiji-round019-181-186-closeout"",""dataFile"":""data/timeline-events-li-ao-zhenglun-zongyiji.json""}"
"29477","2017","2017-05-29","2017-05-29","day","","李敖借董小宛的美好时光，警告年轻人的危机是同类化和被手机电脑控制","他说自己能活到现在接受电视采访就是最好的时光，又借董小宛十八岁从良、二十七岁死去说明每个人都有美好时光；他认为现代年轻人不是没有前途，而是没有个性、无趣当有趣，被手机、电脑、网站控制，而他是最后一个能用人脑打败电脑的人。","李敖、董小宛、冒襄","台湾、台中","李敖政论综艺集、第十九轮、closeout、节目访谈、第186集、美好时光、董小宛、年轻人、同类化、电脑","public","读书人","li-ao-zhenglun-zongyiji-089-presents-review-method-and-last-human-brain-against-computer、li-ao-zhenglun-zongyiji-101-rejects-computer-garbage-and-defends-earth-method-selection","","","","","","[]","data/timeline-events-li-ao-zhenglun-zongyiji.json","li-ao-zhenglun-zongyiji-186-uses-dong-xiaowan-best-time-to-warn-young-people-against-homogenization-and-computer-control","{""id"":""li-ao-zhenglun-zongyiji-186-uses-dong-xiaowan-best-time-to-warn-young-people-against-homogenization-and-computer-control"",""date"":""2017-05-29"",""year"":2017,""month"":5,""day"":29,""title"":""李敖借董小宛的美好时光，警告年轻人的危机是同类化和被手机电脑控制"",""summary"":""他说自己能活到现在接受电视采访就是最好的时光，又借董小宛十八岁从良、二十七岁死去说明每个人都有美好时光；他认为现代年轻人不是没有前途，而是没有个性、无趣当有趣，被手机、电脑、网站控制，而他是最后一个能用人脑打败电脑的人。"",""category"":""media"",""source"":""《大李敖全集5.0》（wjm_tcy版）分章节/010.节目演讲类/012.李敖政论综艺集/186.20170529《读书人》.txt"",""sourceLines"":[9,15],""lineCount"":43,""people"":[""李敖"",""董小宛"",""冒襄""],""places"":[""台湾"",""台中""],""works"":[""读书人""],""tags"":[""李敖政论综艺集"",""第十九轮"",""closeout"",""节目访谈"",""第186集"",""美好时光"",""董小宛"",""年轻人"",""同类化"",""电脑""],""crossReferences"":[""li-ao-zhenglun-zongyiji-089-presents-review-method-and-last-human-brain-against-computer"",""li-ao-zhenglun-zongyiji-101-rejects-computer-garbage-and-defends-earth-method-selection""],""view"":[""public""],""confidence"":""high"",""round"":""li-ao-zhenglun-zongyiji-round019-181-186-closeout"",""dataFile"":""data/timeline-events-li-ao-zhenglun-zongyiji.json""}"
"29478","2017","2017-06-09","2017年6月9日星期五","day","confirmed","在飞页书屋举办最后一次演讲","《李敖五十年表》记，2017年6月9日，李敖在飞页书屋举办最后一次演讲。同章并记他当年6月写下《致家人、友人、仇人的告别信》，透露脑瘤、放疗与两次急性肺炎后的痛苦处境，因此这条不仅是演讲线收束点，也成为晚年公开活动渐近终点的关键节点。","李敖","飞页书屋","飞页书屋、最后一次演讲、告别信、晚年","演讲线、生平线、媒体线","致家人、友人、仇人的告别信、李敖相关","li-ao-fangtanlu-2017-06-farewell-letter-and-zaijian-liao-plan","李敖相关","001.李敖五十年表","191","《大李敖全集5.0》（wjm_tcy版）分章节/001.自传回忆类/008.李敖相关/001.李敖五十年表.txt","李敖访谈录1990-2018 / 076.2018《新民周刊》回顾专访 / line 13 / 说明：《新民周刊》回顾补述2017年6月告别信、余月编《大全集》目录和影像谢幕安排。 / 《大李敖全集5.0》（wjm_tcy版）分章节/007.采访序跋类/005.李敖访谈录1990-2018/076.2018《新民周刊》回顾专访.txt || 李敖访谈录1990-2018 / 077.20180319《北京青年报》报导 / line 17 / 说明：《北京青年报》报道补述亲笔信与《再见李敖》50集访谈节目构想。 / 《大李敖全集5.0》（wjm_tcy版）分章节/007.采访序跋类/005.李敖访谈录1990-2018/077.20180319《北京青年报》报导.txt","[{""book"":""李敖访谈录1990-2018"",""chapter"":""076.2018《新民周刊》回顾专访"",""path"":""《大李敖全集5.0》（wjm_tcy版）分章节/007.采访序跋类/005.李敖访谈录1990-2018/076.2018《新民周刊》回顾专访.txt"",""line"":13,""lines"":[13,15,17],""note"":""《新民周刊》回顾补述2017年6月告别信、余月编《大全集》目录和影像谢幕安排。""},{""book"":""李敖访谈录1990-2018"",""chapter"":""077.20180319《北京青年报》报导"",""path"":""《大李敖全集5.0》（wjm_tcy版）分章节/007.采访序跋类/005.李敖访谈录1990-2018/077.20180319《北京青年报》报导.txt"",""line"":17,""lines"":[17,19],""note"":""《北京青年报》报道补述亲笔信与《再见李敖》50集访谈节目构想。""}]","data/timeline-events-eighth-book.json","book8-2017-06-09-gives-last-public-lecture-at-flypage-bookstore","{""id"":""book8-2017-06-09-gives-last-public-lecture-at-flypage-bookstore"",""date"":""2017-06-09"",""displayDate"":""2017年6月9日星期五"",""datePrecision"":""day"",""title"":""在飞页书屋举办最后一次演讲"",""summary"":""《李敖五十年表》记，2017年6月9日，李敖在飞页书屋举办最后一次演讲。同章并记他当年6月写下《致家人、友人、仇人的告别信》，透露脑瘤、放疗与两次急性肺炎后的痛苦处境，因此这条不仅是演讲线收束点，也成为晚年公开活动渐近终点的关键节点。"",""view"":[""演讲线"",""生平线"",""媒体线""],""tags"":[""飞页书屋"",""最后一次演讲"",""告别信"",""晚年""],""people"":[""李敖""],""places"":[""飞页书屋""],""works"":[""致家人、友人、仇人的告别信"",""李敖相关""],""certainty"":""confirmed"",""source"":{""book"":""李敖相关"",""chapter"":""001.李敖五十年表"",""path"":""《大李敖全集5.0》（wjm_tcy版）分章节/001.自传回忆类/008.李敖相关/001.李敖五十年表.txt"",""line"":191},""additionalSources"":[{""book"":""李敖访谈录1990-2018"",""chapter"":""076.2018《新民周刊》回顾专访"",""path"":""《大李敖全集5.0》（wjm_tcy版）分章节/007.采访序跋类/005.李敖访谈录1990-2018/076.2018《新民周刊》回顾专访.txt"",""line"":13,""lines"":[13,15,17],""note"":""《新民周刊》回顾补述2017年6月告别信、余月编《大全集》目录和影像谢幕安排。""},{""book"":""李敖访谈录1990-2018"",""chapter"":""077.20180319《北京青年报》报导"",""path"":""《大李敖全集5.0》（wjm_tcy版）分章节/007.采访序跋类/005.李敖访谈录1990-2018/077.20180319《北京青年报》报导.txt"",""line"":17,""lines"":[17,19],""note"":""《北京青年报》报道补述亲笔信与《再见李敖》50集访谈节目构想。""}],""crossReferences"":[""li-ao-fangtanlu-2017-06-farewell-letter-and-zaijian-liao-plan""],""dataFile"":""data/timeline-events-eighth-book.json""}"
"29479","2017","2017-09-04","2017年9月4日星期一","day","confirmed","李敖立遗嘱，安排著作权、保险金和给李文的月付事项","《李敖遗嘱》收录“立遗嘱人李敖亲笔如下”，文中安排其著作著作权已赠与王志慧，待李戡有能力经营时全数移转予李戡；富邦人寿保险金由李谌为受益人取得；并委由陈境圳每月支付美金1000元予李文至70岁，但若李文对王志慧、李戡、李谌提出诉讼或骚扰行为即丧失权利。遗嘱署2017年9月4日。","李敖、王志慧、李戡、李谌、陈境圳、李文","台湾","虽千万人，李敖往矣、遗嘱、著作权、王志慧、李戡、李谌、李文、陈境圳","家庭线、出版线、晚年线","虽千万人，李敖往矣、李敖遗嘱","","虽千万人，李敖往矣","056.李敖遗嘱","5","《大李敖全集5.0》（wjm_tcy版）分章节/005.诗集语录类/005.虽千万人，李敖往矣/056.李敖遗嘱.txt","虽千万人，李敖往矣 / 056.李敖遗嘱 / line 7 / 说明：著作权赠与王志慧，并待李戡能经营时移转。 / 《大李敖全集5.0》（wjm_tcy版）分章节/005.诗集语录类/005.虽千万人，李敖往矣/056.李敖遗嘱.txt || 虽千万人，李敖往矣 / 056.李敖遗嘱 / line 9 / 说明：富邦人寿保险金由李谌为受益人取得。 / 《大李敖全集5.0》（wjm_tcy版）分章节/005.诗集语录类/005.虽千万人，李敖往矣/056.李敖遗嘱.txt || 虽千万人，李敖往矣 / 056.李敖遗嘱 / line 11 / 说明：陈境圳每月支付美金1000元给李文及丧失权利条件。 / 《大李敖全集5.0》（wjm_tcy版）分章节/005.诗集语录类/005.虽千万人，李敖往矣/056.李敖遗嘱.txt || 虽千万人，李敖往矣 / 056.李敖遗嘱 / line 19 / 说明：遗嘱署日为2017年9月4日。 / 《大李敖全集5.0》（wjm_tcy版）分章节/005.诗集语录类/005.虽千万人，李敖往矣/056.李敖遗嘱.txt","[{""book"":""虽千万人，李敖往矣"",""chapter"":""056.李敖遗嘱"",""path"":""《大李敖全集5.0》（wjm_tcy版）分章节/005.诗集语录类/005.虽千万人，李敖往矣/056.李敖遗嘱.txt"",""line"":7,""note"":""著作权赠与王志慧，并待李戡能经营时移转。""},{""book"":""虽千万人，李敖往矣"",""chapter"":""056.李敖遗嘱"",""path"":""《大李敖全集5.0》（wjm_tcy版）分章节/005.诗集语录类/005.虽千万人，李敖往矣/056.李敖遗嘱.txt"",""line"":9,""note"":""富邦人寿保险金由李谌为受益人取得。""},{""book"":""虽千万人，李敖往矣"",""chapter"":""056.李敖遗嘱"",""path"":""《大李敖全集5.0》（wjm_tcy版）分章节/005.诗集语录类/005.虽千万人，李敖往矣/056.李敖遗嘱.txt"",""line"":11,""note"":""陈境圳每月支付美金1000元给李文及丧失权利条件。""},{""book"":""虽千万人，李敖往矣"",""chapter"":""056.李敖遗嘱"",""path"":""《大李敖全集5.0》（wjm_tcy版）分章节/005.诗集语录类/005.虽千万人，李敖往矣/056.李敖遗嘱.txt"",""line"":19,""note"":""遗嘱署日为2017年9月4日。""}]","data/timeline-events-sui-qianwan-li-ao-wangyi.json","sui-qianwan-2017-09-04-writes-will","{""id"":""sui-qianwan-2017-09-04-writes-will"",""date"":""2017-09-04"",""displayDate"":""2017年9月4日星期一"",""datePrecision"":""day"",""title"":""李敖立遗嘱，安排著作权、保险金和给李文的月付事项"",""summary"":""《李敖遗嘱》收录“立遗嘱人李敖亲笔如下”，文中安排其著作著作权已赠与王志慧，待李戡有能力经营时全数移转予李戡；富邦人寿保险金由李谌为受益人取得；并委由陈境圳每月支付美金1000元予李文至70岁，但若李文对王志慧、李戡、李谌提出诉讼或骚扰行为即丧失权利。遗嘱署2017年9月4日。"",""view"":[""家庭线"",""出版线"",""晚年线""],""tags"":[""虽千万人，李敖往矣"",""遗嘱"",""著作权"",""王志慧"",""李戡"",""李谌"",""李文"",""陈境圳""],""people"":[""李敖"",""王志慧"",""李戡"",""李谌"",""陈境圳"",""李文""],""places"":[""台湾""],""works"":[""虽千万人，李敖往矣"",""李敖遗嘱""],""certainty"":""confirmed"",""source"":{""book"":""虽千万人，李敖往矣"",""chapter"":""056.李敖遗嘱"",""path"":""《大李敖全集5.0》（wjm_tcy版）分章节/005.诗集语录类/005.虽千万人，李敖往矣/056.李敖遗嘱.txt"",""line"":5},""additionalSources"":[{""book"":""虽千万人，李敖往矣"",""chapter"":""056.李敖遗嘱"",""path"":""《大李敖全集5.0》（wjm_tcy版）分章节/005.诗集语录类/005.虽千万人，李敖往矣/056.李敖遗嘱.txt"",""line"":7,""note"":""著作权赠与王志慧，并待李戡能经营时移转。""},{""book"":""虽千万人，李敖往矣"",""chapter"":""056.李敖遗嘱"",""path"":""《大李敖全集5.0》（wjm_tcy版）分章节/005.诗集语录类/005.虽千万人，李敖往矣/056.李敖遗嘱.txt"",""line"":9,""note"":""富邦人寿保险金由李谌为受益人取得。""},{""book"":""虽千万人，李敖往矣"",""chapter"":""056.李敖遗嘱"",""path"":""《大李敖全集5.0》（wjm_tcy版）分章节/005.诗集语录类/005.虽千万人，李敖往矣/056.李敖遗嘱.txt"",""line"":11,""note"":""陈境圳每月支付美金1000元给李文及丧失权利条件。""},{""book"":""虽千万人，李敖往矣"",""chapter"":""056.李敖遗嘱"",""path"":""《大李敖全集5.0》（wjm_tcy版）分章节/005.诗集语录类/005.虽千万人，李敖往矣/056.李敖遗嘱.txt"",""line"":19,""note"":""遗嘱署日为2017年9月4日。""}],""dataFile"":""data/timeline-events-sui-qianwan-li-ao-wangyi.json""}"
"29480","2017","2017-04-11","2017年4月11日报道前，台北寓所","month","reported","《中国报》报道马来西亚友人探访病中李敖","《中国报》4月11日报道，月前一个晚上，江迅、李桑等马来西亚友人到李敖台北寓所探访。李敖倚靠购物车或拐杖开门，和来客聊近一小时四十分钟；面对江迅拥抱落泪，他调侃“我都还没死”。在台北寓所谈话中，他因怕坐飞机和失联婉拒马来西亚之行，又说与台北医院医生讨价还价后被允许每天工作15个小时，半夜三点起工；他在病中感到“想做的很多，能做的时间很少”，仍继续阅读、研撰和编《李敖大全集》后传部分45册。","李敖、江迅、李桑、陈文茜","台北寓所、台北、马来西亚、北京故宫","中国报、马来西亚友人、病中探访、李敖大全集、半夜三点工作","探访线、健康线、出版线、收藏线、晚年线","李敖访谈录1990-2018、李敖大全集","li-ao-fangtanlu-2017-02-22-asia-weekly-home-visit-health-and-daqianji、sui-qianwan-2017-03-21-discloses-brainstem-malignant-tumor-and-treatment","李敖访谈录1990-2018","075.20170411《中国报》报导","11","《大李敖全集5.0》（wjm_tcy版）分章节/007.采访序跋类/005.李敖访谈录1990-2018/075.20170411《中国报》报导.txt","","[]","data/timeline-events-li-ao-fangtanlu-1990-2018.json","li-ao-fangtanlu-2017-04-11-china-press-malaysia-friends-visit","{""id"":""li-ao-fangtanlu-2017-04-11-china-press-malaysia-friends-visit"",""date"":""2017-04-11"",""displayDate"":""2017年4月11日报道前，台北寓所"",""datePrecision"":""month"",""title"":""《中国报》报道马来西亚友人探访病中李敖"",""summary"":""《中国报》4月11日报道，月前一个晚上，江迅、李桑等马来西亚友人到李敖台北寓所探访。李敖倚靠购物车或拐杖开门，和来客聊近一小时四十分钟；面对江迅拥抱落泪，他调侃“我都还没死”。在台北寓所谈话中，他因怕坐飞机和失联婉拒马来西亚之行，又说与台北医院医生讨价还价后被允许每天工作15个小时，半夜三点起工；他在病中感到“想做的很多，能做的时间很少”，仍继续阅读、研撰和编《李敖大全集》后传部分45册。"",""category"":""visit"",""type"":""李敖当事人事件"",""source"":{""book"":""李敖访谈录1990-2018"",""chapter"":""075.20170411《中国报》报导"",""path"":""《大李敖全集5.0》（wjm_tcy版）分章节/007.采访序跋类/005.李敖访谈录1990-2018/075.20170411《中国报》报导.txt"",""line"":11,""lines"":[11,15,19,21,27,29,31,35,37,41,43,51,53,59,63,67,69]},""certainty"":""reported"",""tags"":[""中国报"",""马来西亚友人"",""病中探访"",""李敖大全集"",""半夜三点工作""],""people"":[""李敖"",""江迅"",""李桑"",""陈文茜""],""places"":[""台北寓所"",""台北"",""马来西亚"",""北京故宫""],""works"":[""李敖访谈录1990-2018"",""李敖大全集""],""view"":[""探访线"",""健康线"",""出版线"",""收藏线"",""晚年线""],""crossReferences"":[""li-ao-fangtanlu-2017-02-22-asia-weekly-home-visit-health-and-daqianji"",""sui-qianwan-2017-03-21-discloses-brainstem-malignant-tumor-and-treatment""],""dataFile"":""data/timeline-events-li-ao-fangtanlu-1990-2018.json""}"
"29481","2017","2017-06-30","2017年6月","month","confirmed","李敖写《致家人、友人、仇人的告别信》，安排影像告别和《再见李敖》","2017年6月，李敖写《致家人、友人、仇人的告别信》，说自己查出脑瘤、做完放射治疗后每天服类固醇，又两次因急性肺炎住院，痛苦得像接近地狱。此后几个月里，他和助手忙着编选《李敖大全集》第41至85册目录；在告别信和视频节目安排中，他说医生要他抓紧想做、想干的事，他就想在余下时间里同家人、友人、仇人再见一面，并计划通过《再见李敖》邀请来宾到台北书房吃饭、合影、看猫，留下人生谢幕影像。","李敖、郑乃嘉、李戡","台北、李敖书房","告别信、再见李敖、李敖大全集、脑瘤、急性肺炎、台北书房","健康线、出版线、媒体线、晚年线","李敖访谈录1990-2018、致家人、友人、仇人的告别信、李敖大全集、再见李敖","book8-2017-06-09-gives-last-public-lecture-at-flypage-bookstore、sui-qianwan-2017-03-21-discloses-brainstem-malignant-tumor-and-treatment、book8-2018-03-18-li-ao-dies","李敖访谈录1990-2018","076.2018《新民周刊》回顾专访","13","《大李敖全集5.0》（wjm_tcy版）分章节/007.采访序跋类/005.李敖访谈录1990-2018/076.2018《新民周刊》回顾专访.txt","李敖访谈录1990-2018 / 077.20180319《北京青年报》报导 / line 15 / 说明：《北京青年报》补述2017年6月视频节目画面、亲笔信内容和《再见李敖》计划。 / 《大李敖全集5.0》（wjm_tcy版）分章节/007.采访序跋类/005.李敖访谈录1990-2018/077.20180319《北京青年报》报导.txt","[{""book"":""李敖访谈录1990-2018"",""chapter"":""077.20180319《北京青年报》报导"",""path"":""《大李敖全集5.0》（wjm_tcy版）分章节/007.采访序跋类/005.李敖访谈录1990-2018/077.20180319《北京青年报》报导.txt"",""line"":15,""lines"":[15,17,19],""note"":""《北京青年报》补述2017年6月视频节目画面、亲笔信内容和《再见李敖》计划。""}]","data/timeline-events-li-ao-fangtanlu-1990-2018.json","li-ao-fangtanlu-2017-06-farewell-letter-and-zaijian-liao-plan","{""id"":""li-ao-fangtanlu-2017-06-farewell-letter-and-zaijian-liao-plan"",""date"":""2017-06-30"",""displayDate"":""2017年6月"",""datePrecision"":""month"",""title"":""李敖写《致家人、友人、仇人的告别信》，安排影像告别和《再见李敖》"",""summary"":""2017年6月，李敖写《致家人、友人、仇人的告别信》，说自己查出脑瘤、做完放射治疗后每天服类固醇，又两次因急性肺炎住院，痛苦得像接近地狱。此后几个月里，他和助手忙着编选《李敖大全集》第41至85册目录；在告别信和视频节目安排中，他说医生要他抓紧想做、想干的事，他就想在余下时间里同家人、友人、仇人再见一面，并计划通过《再见李敖》邀请来宾到台北书房吃饭、合影、看猫，留下人生谢幕影像。"",""category"":""health"",""type"":""李敖当事人事件"",""source"":{""book"":""李敖访谈录1990-2018"",""chapter"":""076.2018《新民周刊》回顾专访"",""path"":""《大李敖全集5.0》（wjm_tcy版）分章节/007.采访序跋类/005.李敖访谈录1990-2018/076.2018《新民周刊》回顾专访.txt"",""line"":13,""lines"":[11,13,15,17]},""additionalSources"":[{""book"":""李敖访谈录1990-2018"",""chapter"":""077.20180319《北京青年报》报导"",""path"":""《大李敖全集5.0》（wjm_tcy版）分章节/007.采访序跋类/005.李敖访谈录1990-2018/077.20180319《北京青年报》报导.txt"",""line"":15,""lines"":[15,17,19],""note"":""《北京青年报》补述2017年6月视频节目画面、亲笔信内容和《再见李敖》计划。""}],""certainty"":""confirmed"",""tags"":[""告别信"",""再见李敖"",""李敖大全集"",""脑瘤"",""急性肺炎"",""台北书房""],""people"":[""李敖"",""郑乃嘉"",""李戡""],""places"":[""台北"",""李敖书房""],""works"":[""李敖访谈录1990-2018"",""致家人、友人、仇人的告别信"",""李敖大全集"",""再见李敖""],""view"":[""健康线"",""出版线"",""媒体线"",""晚年线""],""crossReferences"":[""book8-2017-06-09-gives-last-public-lecture-at-flypage-bookstore"",""sui-qianwan-2017-03-21-discloses-brainstem-malignant-tumor-and-treatment"",""book8-2018-03-18-li-ao-dies""],""dataFile"":""data/timeline-events-li-ao-fangtanlu-1990-2018.json""}"
"29482","2017","2017-10-31","2017年10月出院后一周前后","month","reported","李敖出院回家后仍赶编《大全集》，随后向郑乃嘉承认85本做不完","2017年10月，标靶药物似乎起效，李敖觉得状态恢复，当即要求出院回家，不顾劝阻想赶着把《李敖大全集》编完。太太把除菌仪器搬回家并挡住访客，但李敖仍让陶冬冬看望，用很低的音量聊了两个小时拍卖藏品的事，想请他找台办，把藏品一半捐献、一半拍卖。出院一个礼拜后，李敖坐在轮椅上找郑乃嘉到家里，流泪说85本《大全集》做不完了，不知道怎么收尾，努力很久的视频节目计划也只能暂停。","李敖、陶冬冬、郑乃嘉、李敖太太","台北、李敖家中","标靶药物、出院、李敖大全集、藏品拍卖、视频节目暂停","健康线、出版线、收藏线、媒体线、晚年线","李敖访谈录1990-2018、李敖大全集、再见李敖","li-ao-fangtanlu-2017-06-farewell-letter-and-zaijian-liao-plan、book8-2018-03-18-li-ao-dies","李敖访谈录1990-2018","078.20180329腾讯新闻报导","7","《大李敖全集5.0》（wjm_tcy版）分章节/007.采访序跋类/005.李敖访谈录1990-2018/078.20180329腾讯新闻报导.txt","","[]","data/timeline-events-li-ao-fangtanlu-1990-2018.json","li-ao-fangtanlu-2017-10-discharged-and-concedes-85-books-unfinished","{""id"":""li-ao-fangtanlu-2017-10-discharged-and-concedes-85-books-unfinished"",""date"":""2017-10-31"",""displayDate"":""2017年10月出院后一周前后"",""datePrecision"":""month"",""title"":""李敖出院回家后仍赶编《大全集》，随后向郑乃嘉承认85本做不完"",""summary"":""2017年10月，标靶药物似乎起效，李敖觉得状态恢复，当即要求出院回家，不顾劝阻想赶着把《李敖大全集》编完。太太把除菌仪器搬回家并挡住访客，但李敖仍让陶冬冬看望，用很低的音量聊了两个小时拍卖藏品的事，想请他找台办，把藏品一半捐献、一半拍卖。出院一个礼拜后，李敖坐在轮椅上找郑乃嘉到家里，流泪说85本《大全集》做不完了，不知道怎么收尾，努力很久的视频节目计划也只能暂停。"",""category"":""health"",""type"":""李敖当事人事件"",""source"":{""book"":""李敖访谈录1990-2018"",""chapter"":""078.20180329腾讯新闻报导"",""path"":""《大李敖全集5.0》（wjm_tcy版）分章节/007.采访序跋类/005.李敖访谈录1990-2018/078.20180329腾讯新闻报导.txt"",""line"":7,""lines"":[7,9,11,13,15]},""certainty"":""reported"",""tags"":[""标靶药物"",""出院"",""李敖大全集"",""藏品拍卖"",""视频节目暂停""],""people"":[""李敖"",""陶冬冬"",""郑乃嘉"",""李敖太太""],""places"":[""台北"",""李敖家中""],""works"":[""李敖访谈录1990-2018"",""李敖大全集"",""再见李敖""],""view"":[""健康线"",""出版线"",""收藏线"",""媒体线"",""晚年线""],""crossReferences"":[""li-ao-fangtanlu-2017-06-farewell-letter-and-zaijian-liao-plan"",""book8-2018-03-18-li-ao-dies""],""dataFile"":""data/timeline-events-li-ao-fangtanlu-1990-2018.json""}"
"29483","2017","2017-11-30","2017年11月","month","reported-by-third-party","舞台剧《北京法源寺》到台北演出时，李敖已在医院昏迷","《北京青年报》报道说，舞台剧《北京法源寺》北京首演时李敖因北京冬天太冷未能到场；2017年11月该剧抵达台北时，李敖已经昏迷在医院，演员只能在李戡陪同下到李敖书房参观。此条是作品改编在李敖晚年发生的接受史节点，主体为第三方报道，不是李敖本人行动。","李敖、田沁鑫、李戡","台北、北京、李敖书房","北京法源寺、舞台剧、台北演出、田沁鑫、李戡、晚年、第三方报道","改编线、晚年线、家庭线","北京法源寺、北京青年报","beijing-fayuansi-2012-tian-qinxin-adaptation-study-meetings、book8-2018-03-18-li-ao-dies","李敖访谈录1990-2018","077.20180319《北京青年报》报导","37","《大李敖全集5.0》（wjm_tcy版）分章节/007.采访序跋类/005.李敖访谈录1990-2018/077.20180319《北京青年报》报导.txt","","[]","data/timeline-events-beijing-fayuansi.json","beijing-fayuansi-2017-11-stage-play-taipei-while-hospitalized","{""id"":""beijing-fayuansi-2017-11-stage-play-taipei-while-hospitalized"",""date"":""2017-11-30"",""displayDate"":""2017年11月"",""datePrecision"":""month"",""title"":""舞台剧《北京法源寺》到台北演出时，李敖已在医院昏迷"",""summary"":""《北京青年报》报道说，舞台剧《北京法源寺》北京首演时李敖因北京冬天太冷未能到场；2017年11月该剧抵达台北时，李敖已经昏迷在医院，演员只能在李戡陪同下到李敖书房参观。此条是作品改编在李敖晚年发生的接受史节点，主体为第三方报道，不是李敖本人行动。"",""view"":[""改编线"",""晚年线"",""家庭线""],""tags"":[""北京法源寺"",""舞台剧"",""台北演出"",""田沁鑫"",""李戡"",""晚年"",""第三方报道""],""people"":[""李敖"",""田沁鑫"",""李戡""],""places"":[""台北"",""北京"",""李敖书房""],""works"":[""北京法源寺"",""北京青年报""],""certainty"":""reported-by-third-party"",""source"":{""book"":""李敖访谈录1990-2018"",""chapter"":""077.20180319《北京青年报》报导"",""path"":""《大李敖全集5.0》（wjm_tcy版）分章节/007.采访序跋类/005.李敖访谈录1990-2018/077.20180319《北京青年报》报导.txt"",""line"":37,""note"":""第三方报道；事件主体为作品改编到台北，非李敖本人行动。""},""crossReferences"":[""beijing-fayuansi-2012-tian-qinxin-adaptation-study-meetings"",""book8-2018-03-18-li-ao-dies""],""dataFile"":""data/timeline-events-beijing-fayuansi.json""}"
"29484","2017","2017-12-31","2017年底至2018年3月18日前最后一段时间","undated-context","reported","李敖晚年复健、想再开刀，最后对陈文茜说“我要走了”","腾讯新闻2018年3月29日报道，李敖最后阶段仍以玩笑抵抗病情：陈文茜去看他做复健时，他说要“特别表演”，稍歇后又伤感说自己一生想争取、想奋斗，结果一场空；临终三四个月前，李敖在病房还有再次开刀的想法，但医生不主张，他私下对赖岳忠说“我的时间不多了”。最后一段时间，陈文茜赶到病房，他紧握她的手，始终不说“死”字，只留下“我要走了，这一次你救不了我的”这句话。","李敖、陈文茜、赖岳忠、Vicky","台北病房、复健场所","复健、再次开刀想法、临终病房、陈文茜、赖岳忠","健康线、晚年线、交游线","李敖访谈录1990-2018","li-ao-fangtanlu-2017-10-discharged-and-concedes-85-books-unfinished、book8-2018-03-18-li-ao-dies","李敖访谈录1990-2018","078.20180329腾讯新闻报导","17","《大李敖全集5.0》（wjm_tcy版）分章节/007.采访序跋类/005.李敖访谈录1990-2018/078.20180329腾讯新闻报导.txt","","[]","data/timeline-events-li-ao-fangtanlu-1990-2018.json","li-ao-fangtanlu-2018-03-18-final-months-rehab-and-last-words","{""id"":""li-ao-fangtanlu-2018-03-18-final-months-rehab-and-last-words"",""date"":""2017-12-31"",""displayDate"":""2017年底至2018年3月18日前最后一段时间"",""datePrecision"":""undated-context"",""title"":""李敖晚年复健、想再开刀，最后对陈文茜说“我要走了”"",""summary"":""腾讯新闻2018年3月29日报道，李敖最后阶段仍以玩笑抵抗病情：陈文茜去看他做复健时，他说要“特别表演”，稍歇后又伤感说自己一生想争取、想奋斗，结果一场空；临终三四个月前，李敖在病房还有再次开刀的想法，但医生不主张，他私下对赖岳忠说“我的时间不多了”。最后一段时间，陈文茜赶到病房，他紧握她的手，始终不说“死”字，只留下“我要走了，这一次你救不了我的”这句话。"",""category"":""health"",""type"":""李敖当事人事件"",""source"":{""book"":""李敖访谈录1990-2018"",""chapter"":""078.20180329腾讯新闻报导"",""path"":""《大李敖全集5.0》（wjm_tcy版）分章节/007.采访序跋类/005.李敖访谈录1990-2018/078.20180329腾讯新闻报导.txt"",""line"":17,""lines"":[17,19,21,23,25]},""certainty"":""reported"",""tags"":[""复健"",""再次开刀想法"",""临终病房"",""陈文茜"",""赖岳忠""],""people"":[""李敖"",""陈文茜"",""赖岳忠"",""Vicky""],""places"":[""台北病房"",""复健场所""],""works"":[""李敖访谈录1990-2018""],""view"":[""健康线"",""晚年线"",""交游线""],""crossReferences"":[""li-ao-fangtanlu-2017-10-discharged-and-concedes-85-books-unfinished"",""book8-2018-03-18-li-ao-dies""],""dataFile"":""data/timeline-events-li-ao-fangtanlu-1990-2018.json""}"
"29485","2018","2018-03-18","2018年3月18日星期日","day","confirmed","李敖逝世","《李敖五十年表》记，2018年3月18日上午10时59分，李敖与世长辞。后续报道补明，他在台北荣民总医院因脑癌安然离世，享年83岁；家属说明一切遵照他的意愿和一贯作风，不举行告别式、追思会等任何活动，一切从简。对整个“大而全的李敖年表”而言，这是必须明确落库的终点节点。","李敖","台湾","逝世、终点节点、上帝李","生平线、家庭线","李敖相关","li-ao-fangtanlu-2017-06-farewell-letter-and-zaijian-liao-plan、li-ao-fangtanlu-2017-10-discharged-and-concedes-85-books-unfinished、li-ao-fangtanlu-2018-03-18-final-months-rehab-and-last-words","李敖相关","001.李敖五十年表","193","《大李敖全集5.0》（wjm_tcy版）分章节/001.自传回忆类/008.李敖相关/001.李敖五十年表.txt","李敖访谈录1990-2018 / 076.2018《新民周刊》回顾专访 / line 11 / 说明：《新民周刊》回顾报道记录2018年3月18日上午10点59分去世，李戡说明不举行告别式、追思会。 / 《大李敖全集5.0》（wjm_tcy版）分章节/007.采访序跋类/005.李敖访谈录1990-2018/076.2018《新民周刊》回顾专访.txt || 李敖访谈录1990-2018 / 077.20180319《北京青年报》报导 / line 9 / 说明：《北京青年报》报道补充荣民总医院病程说明、家属说明和李戡微博。 / 《大李敖全集5.0》（wjm_tcy版）分章节/007.采访序跋类/005.李敖访谈录1990-2018/077.20180319《北京青年报》报导.txt","[{""book"":""李敖访谈录1990-2018"",""chapter"":""076.2018《新民周刊》回顾专访"",""path"":""《大李敖全集5.0》（wjm_tcy版）分章节/007.采访序跋类/005.李敖访谈录1990-2018/076.2018《新民周刊》回顾专访.txt"",""line"":11,""lines"":[11],""note"":""《新民周刊》回顾报道记录2018年3月18日上午10点59分去世，李戡说明不举行告别式、追思会。""},{""book"":""李敖访谈录1990-2018"",""chapter"":""077.20180319《北京青年报》报导"",""path"":""《大李敖全集5.0》（wjm_tcy版）分章节/007.采访序跋类/005.李敖访谈录1990-2018/077.20180319《北京青年报》报导.txt"",""line"":9,""lines"":[9,11,13],""note"":""《北京青年报》报道补充荣民总医院病程说明、家属说明和李戡微博。""}]","data/timeline-events-eighth-book.json","book8-2018-03-18-li-ao-dies","{""id"":""book8-2018-03-18-li-ao-dies"",""date"":""2018-03-18"",""displayDate"":""2018年3月18日星期日"",""datePrecision"":""day"",""title"":""李敖逝世"",""summary"":""《李敖五十年表》记，2018年3月18日上午10时59分，李敖与世长辞。后续报道补明，他在台北荣民总医院因脑癌安然离世，享年83岁；家属说明一切遵照他的意愿和一贯作风，不举行告别式、追思会等任何活动，一切从简。对整个“大而全的李敖年表”而言，这是必须明确落库的终点节点。"",""view"":[""生平线"",""家庭线""],""tags"":[""逝世"",""终点节点"",""上帝李""],""people"":[""李敖""],""places"":[""台湾""],""works"":[""李敖相关""],""certainty"":""confirmed"",""source"":{""book"":""李敖相关"",""chapter"":""001.李敖五十年表"",""path"":""《大李敖全集5.0》（wjm_tcy版）分章节/001.自传回忆类/008.李敖相关/001.李敖五十年表.txt"",""line"":193},""additionalSources"":[{""book"":""李敖访谈录1990-2018"",""chapter"":""076.2018《新民周刊》回顾专访"",""path"":""《大李敖全集5.0》（wjm_tcy版）分章节/007.采访序跋类/005.李敖访谈录1990-2018/076.2018《新民周刊》回顾专访.txt"",""line"":11,""lines"":[11],""note"":""《新民周刊》回顾报道记录2018年3月18日上午10点59分去世，李戡说明不举行告别式、追思会。""},{""book"":""李敖访谈录1990-2018"",""chapter"":""077.20180319《北京青年报》报导"",""path"":""《大李敖全集5.0》（wjm_tcy版）分章节/007.采访序跋类/005.李敖访谈录1990-2018/077.20180319《北京青年报》报导.txt"",""line"":9,""lines"":[9,11,13],""note"":""《北京青年报》报道补充荣民总医院病程说明、家属说明和李戡微博。""}],""crossReferences"":[""li-ao-fangtanlu-2017-06-farewell-letter-and-zaijian-liao-plan"",""li-ao-fangtanlu-2017-10-discharged-and-concedes-85-books-unfinished"",""li-ao-fangtanlu-2018-03-18-final-months-rehab-and-last-words""],""dataFile"":""data/timeline-events-eighth-book.json""}"
