"row","year","date","displayDate","datePrecision","certainty","title","summary","people","places","tags","view","works","crossReferences","sourceBook","sourceChapter","sourceLine","sourcePath","additionalSources","additionalSourcesJson","dataFile","id","eventJson"
"27001","2012","2012-01-06","2012-01-06","day","","李敖说宋楚瑜参选到底广告是回应困扰谣言，造退选说构成意图使人不当选","谈宋楚瑜推出信心喊话广告，李敖说退选或挺马谣言一直困扰宋楚瑜和陈万水；既然参选有决心，这类言论构成意图使他人不当选。","李敖、宋楚瑜、陈万水","台湾","李敖政论综艺集、第十六轮、电视节目、第159集、新闻面对面、宋楚瑜、参选到底、退选谣言、选罢法","public","新闻面对面","","","","","","","[]","data/timeline-events-li-ao-zhenglun-zongyiji.json","li-ao-zhenglun-zongyiji-159-says-rumors-soong-will-not-finish-violate-election-law-spirit","{""id"":""li-ao-zhenglun-zongyiji-159-says-rumors-soong-will-not-finish-violate-election-law-spirit"",""date"":""2012-01-06"",""year"":2012,""month"":1,""day"":6,""title"":""李敖说宋楚瑜参选到底广告是回应困扰谣言，造退选说构成意图使人不当选"",""summary"":""谈宋楚瑜推出信心喊话广告，李敖说退选或挺马谣言一直困扰宋楚瑜和陈万水；既然参选有决心，这类言论构成意图使他人不当选。"",""category"":""media"",""source"":""《大李敖全集5.0》（wjm_tcy版）分章节/010.节目演讲类/012.李敖政论综艺集/159.20120106《新闻面对面》.txt"",""sourceLines"":[117,119],""lineCount"":241,""people"":[""李敖"",""宋楚瑜"",""陈万水""],""places"":[""台湾""],""works"":[""新闻面对面""],""tags"":[""李敖政论综艺集"",""第十六轮"",""电视节目"",""第159集"",""新闻面对面"",""宋楚瑜"",""参选到底"",""退选谣言"",""选罢法""],""crossReferences"":[],""view"":[""public""],""confidence"":""high"",""round"":""li-ao-zhenglun-zongyiji-round016-151-160"",""dataFile"":""data/timeline-events-li-ao-zhenglun-zongyiji.json""}"
"27002","2012","2012-01-06","2012-01-06","day","","李敖说傅崐萁帮宋连署已走了一段路，并批《中国时报》说宋楚瑜最后一次很恶意","面对傅崐萁、傅学鹏等被点名，李敖说花莲县长帮宋楚瑜连署已很了不起，不能同完全不帮的人混为一谈；又批《中国时报》《联合报》恶意，宋若当选就不是最后一次。","李敖、宋楚瑜、傅崐萁、傅学鹏、丘吉尔、里根、戴高乐","花莲、台湾、英国、美国、法国","李敖政论综艺集、第十六轮、电视节目、第159集、新闻面对面、宋楚瑜、傅崐萁、连署、中国时报、联合报","public","新闻面对面","","","","","","","[]","data/timeline-events-li-ao-zhenglun-zongyiji.json","li-ao-zhenglun-zongyiji-159-credits-fu-kunqi-for-signature-help-and-rejects-treating-soong-run-as-last-time","{""id"":""li-ao-zhenglun-zongyiji-159-credits-fu-kunqi-for-signature-help-and-rejects-treating-soong-run-as-last-time"",""date"":""2012-01-06"",""year"":2012,""month"":1,""day"":6,""title"":""李敖说傅崐萁帮宋连署已走了一段路，并批《中国时报》说宋楚瑜最后一次很恶意"",""summary"":""面对傅崐萁、傅学鹏等被点名，李敖说花莲县长帮宋楚瑜连署已很了不起，不能同完全不帮的人混为一谈；又批《中国时报》《联合报》恶意，宋若当选就不是最后一次。"",""category"":""media"",""source"":""《大李敖全集5.0》（wjm_tcy版）分章节/010.节目演讲类/012.李敖政论综艺集/159.20120106《新闻面对面》.txt"",""sourceLines"":[91,105],""lineCount"":241,""people"":[""李敖"",""宋楚瑜"",""傅崐萁"",""傅学鹏"",""丘吉尔"",""里根"",""戴高乐""],""places"":[""花莲"",""台湾"",""英国"",""美国"",""法国""],""works"":[""新闻面对面""],""tags"":[""李敖政论综艺集"",""第十六轮"",""电视节目"",""第159集"",""新闻面对面"",""宋楚瑜"",""傅崐萁"",""连署"",""中国时报"",""联合报""],""crossReferences"":[],""view"":[""public""],""confidence"":""high"",""round"":""li-ao-zhenglun-zongyiji-round016-151-160"",""dataFile"":""data/timeline-events-li-ao-zhenglun-zongyiji.json""}"
"27003","2012","2012-01-06","2012-01-06","day","","李敖说联合政府若要有吸引力，就必须直接公布阁员清单","谈联合政府议题，李敖说除非具体化、直接开清单，甚至宣布监察院长、法务部长等人选；被质疑未同意也可宣布，他说先对自己有利，把马政府烂咖赶走。","李敖、宋楚瑜、王建煊、谢震武、马英九","台湾","李敖政论综艺集、第十六轮、电视节目、第159集、新闻面对面、联合政府、阁员清单、监察院长、法务部长、选战策略","public","新闻面对面","","","","","","","[]","data/timeline-events-li-ao-zhenglun-zongyiji.json","li-ao-zhenglun-zongyiji-159-proposes-joint-government-list-as-last-week-campaign-gambit","{""id"":""li-ao-zhenglun-zongyiji-159-proposes-joint-government-list-as-last-week-campaign-gambit"",""date"":""2012-01-06"",""year"":2012,""month"":1,""day"":6,""title"":""李敖说联合政府若要有吸引力，就必须直接公布阁员清单"",""summary"":""谈联合政府议题，李敖说除非具体化、直接开清单，甚至宣布监察院长、法务部长等人选；被质疑未同意也可宣布，他说先对自己有利，把马政府烂咖赶走。"",""category"":""media"",""source"":""《大李敖全集5.0》（wjm_tcy版）分章节/010.节目演讲类/012.李敖政论综艺集/159.20120106《新闻面对面》.txt"",""sourceLines"":[193,229],""lineCount"":241,""people"":[""李敖"",""宋楚瑜"",""王建煊"",""谢震武"",""马英九""],""places"":[""台湾""],""works"":[""新闻面对面""],""tags"":[""李敖政论综艺集"",""第十六轮"",""电视节目"",""第159集"",""新闻面对面"",""联合政府"",""阁员清单"",""监察院长"",""法务部长"",""选战策略""],""crossReferences"":[],""view"":[""public""],""confidence"":""high"",""round"":""li-ao-zhenglun-zongyiji-round016-151-160"",""dataFile"":""data/timeline-events-li-ao-zhenglun-zongyiji.json""}"
"27004","2012","2012-01-10","2012-01-10","day","","李敖用三支原子笔重演警总拶指刑求，并拿马英九《赠李敖》说明国民党历史仇恨未过去","李敖摆出三支原子笔讲自己在警备总部被拶指刑求，还能说不怪右手怪原子笔；再展示马英九当年《赠李敖》文章，批国民党要他报答宽宏大量政府的羞辱至今未了。","李敖、马英九、蒋经国、谢聪敏、林肯","台湾、美国","李敖政论综艺集、第十六轮、电视节目、第160集、新闻面对面、白色恐怖、警备总部、刑求、马英九、赠李敖","public","新闻面对面、华盛顿邮报、波士顿通讯","li-ao-zhenglun-zongyiji-131-separates-fake-taiwan-independence-case-from-helping-peng-mingmin","","","","","","[]","data/timeline-events-li-ao-zhenglun-zongyiji.json","li-ao-zhenglun-zongyiji-160-replays-pen-finger-torture-and-ma-gift-essay-as-unfinished-kmt-hatred","{""id"":""li-ao-zhenglun-zongyiji-160-replays-pen-finger-torture-and-ma-gift-essay-as-unfinished-kmt-hatred"",""date"":""2012-01-10"",""year"":2012,""month"":1,""day"":10,""title"":""李敖用三支原子笔重演警总拶指刑求，并拿马英九《赠李敖》说明国民党历史仇恨未过去"",""summary"":""李敖摆出三支原子笔讲自己在警备总部被拶指刑求，还能说不怪右手怪原子笔；再展示马英九当年《赠李敖》文章，批国民党要他报答宽宏大量政府的羞辱至今未了。"",""category"":""media"",""source"":""《大李敖全集5.0》（wjm_tcy版）分章节/010.节目演讲类/012.李敖政论综艺集/160.20120110《新闻面对面》.txt"",""sourceLines"":[133,141],""lineCount"":161,""people"":[""李敖"",""马英九"",""蒋经国"",""谢聪敏"",""林肯""],""places"":[""台湾"",""美国""],""works"":[""新闻面对面"",""华盛顿邮报"",""波士顿通讯""],""tags"":[""李敖政论综艺集"",""第十六轮"",""电视节目"",""第160集"",""新闻面对面"",""白色恐怖"",""警备总部"",""刑求"",""马英九"",""赠李敖""],""crossReferences"":[""li-ao-zhenglun-zongyiji-131-separates-fake-taiwan-independence-case-from-helping-peng-mingmin""],""view"":[""public""],""confidence"":""high"",""round"":""li-ao-zhenglun-zongyiji-round016-151-160"",""dataFile"":""data/timeline-events-li-ao-zhenglun-zongyiji.json""}"
"27005","2012","2012-01-10","2012-01-10","day","","李敖用汪精卫卖自己不卖国比喻傅崐萁被逼拥马，并强调不涵盖花莲选民","李敖说傅崐萁至少可以不讲话，现在出来挺马是被逼的；他举汪精卫哭着说只卖自己无国家可卖，解释傅可能也有被逼心态，但已把自己与花莲选民切割。","李敖、傅崐萁、马英九、汪精卫、宋楚瑜","花莲、台湾、南京、重庆","李敖政论综艺集、第十六轮、电视节目、第160集、新闻面对面、傅崐萁、拥马、汪精卫、花莲、宋楚瑜","public","新闻面对面","","","","","","","[]","data/timeline-events-li-ao-zhenglun-zongyiji.json","li-ao-zhenglun-zongyiji-160-treats-fu-kunqi-backing-ma-as-forced-wang-jingwei-self-sale","{""id"":""li-ao-zhenglun-zongyiji-160-treats-fu-kunqi-backing-ma-as-forced-wang-jingwei-self-sale"",""date"":""2012-01-10"",""year"":2012,""month"":1,""day"":10,""title"":""李敖用汪精卫卖自己不卖国比喻傅崐萁被逼拥马，并强调不涵盖花莲选民"",""summary"":""李敖说傅崐萁至少可以不讲话，现在出来挺马是被逼的；他举汪精卫哭着说只卖自己无国家可卖，解释傅可能也有被逼心态，但已把自己与花莲选民切割。"",""category"":""media"",""source"":""《大李敖全集5.0》（wjm_tcy版）分章节/010.节目演讲类/012.李敖政论综艺集/160.20120110《新闻面对面》.txt"",""sourceLines"":[87,97],""lineCount"":161,""people"":[""李敖"",""傅崐萁"",""马英九"",""汪精卫"",""宋楚瑜""],""places"":[""花莲"",""台湾"",""南京"",""重庆""],""works"":[""新闻面对面""],""tags"":[""李敖政论综艺集"",""第十六轮"",""电视节目"",""第160集"",""新闻面对面"",""傅崐萁"",""拥马"",""汪精卫"",""花莲"",""宋楚瑜""],""crossReferences"":[],""view"":[""public""],""confidence"":""high"",""round"":""li-ao-zhenglun-zongyiji-round016-151-160"",""dataFile"":""data/timeline-events-li-ao-zhenglun-zongyiji.json""}"
"27006","2012","2012-01-10","2012-01-10","day","","李敖用国发院土地和刘心皇匿名书说明举证困难不等于没有事实","回应司法迫害和傅崐萁是否受压，李敖说国发院土地案中四个持枪大汉押人卖地难以举证，但不能说没有事实；又举刘心皇匿名写国民大会黑幕，说明双重人格者至少比一路黑心好。","李敖、马英九、傅崐萁、刘心皇、蒋介石","台湾","李敖政论综艺集、第十六轮、电视节目、第160集、新闻面对面、国发院、举证困难、刘心皇、傅崐萁、国民大会","public","新闻面对面","li-ao-zhenglun-zongyiji-150-attacks-ma-cleanness-through-kmt-party-assets-cbc-land-and-492000-party-money","","","","","","[]","data/timeline-events-li-ao-zhenglun-zongyiji.json","li-ao-zhenglun-zongyiji-160-separates-no-evidence-from-no-fact-through-guofa-land-and-liu-xinhuang","{""id"":""li-ao-zhenglun-zongyiji-160-separates-no-evidence-from-no-fact-through-guofa-land-and-liu-xinhuang"",""date"":""2012-01-10"",""year"":2012,""month"":1,""day"":10,""title"":""李敖用国发院土地和刘心皇匿名书说明举证困难不等于没有事实"",""summary"":""回应司法迫害和傅崐萁是否受压，李敖说国发院土地案中四个持枪大汉押人卖地难以举证，但不能说没有事实；又举刘心皇匿名写国民大会黑幕，说明双重人格者至少比一路黑心好。"",""category"":""media"",""source"":""《大李敖全集5.0》（wjm_tcy版）分章节/010.节目演讲类/012.李敖政论综艺集/160.20120110《新闻面对面》.txt"",""sourceLines"":[63,65],""lineCount"":161,""people"":[""李敖"",""马英九"",""傅崐萁"",""刘心皇"",""蒋介石""],""places"":[""台湾""],""works"":[""新闻面对面""],""tags"":[""李敖政论综艺集"",""第十六轮"",""电视节目"",""第160集"",""新闻面对面"",""国发院"",""举证困难"",""刘心皇"",""傅崐萁"",""国民大会""],""crossReferences"":[""li-ao-zhenglun-zongyiji-150-attacks-ma-cleanness-through-kmt-party-assets-cbc-land-and-492000-party-money""],""view"":[""public""],""confidence"":""high"",""round"":""li-ao-zhenglun-zongyiji-round016-151-160"",""dataFile"":""data/timeline-events-li-ao-zhenglun-zongyiji.json""}"
"27007","2012","2012-01-10","2012-01-10","day","","李敖用蔡锷人格说展开五个证明：假民主、三党皆假、北京错、四年换人、少数有道","面对橘营被蓝绿瓜分的说法，李敖用蔡锷反袁世凯说明自己为人格而战，随后集中提出证明台湾民主假、民进党台独假、国民党统一假、共产党也不要统一、北京拉拢旧国民党错、四年必须换人和少数亲民党有道。","李敖、蔡锷、袁世凯、马英九、蔡英文、毛泽东、基辛格、宋楚瑜","云南、台湾、北京、中国大陆、美国","李敖政论综艺集、第十六轮、电视节目、第160集、新闻面对面、蔡锷、人格、假民主、北京对台政策、四年换人、亲民党","public","新闻面对面、On China、彭明敏秘密信","li-ao-zhenglun-zongyiji-150-announces-book-criticizing-beijing-taiwan-policy-as-old-kmt-and-banana-fish-route","","","","","","[]","data/timeline-events-li-ao-zhenglun-zongyiji.json","li-ao-zhenglun-zongyiji-160-sets-five-proofs-for-entering-campaign-against-fake-democracy-and-two-rotten-parties","{""id"":""li-ao-zhenglun-zongyiji-160-sets-five-proofs-for-entering-campaign-against-fake-democracy-and-two-rotten-parties"",""date"":""2012-01-10"",""year"":2012,""month"":1,""day"":10,""title"":""李敖用蔡锷人格说展开五个证明：假民主、三党皆假、北京错、四年换人、少数有道"",""summary"":""面对橘营被蓝绿瓜分的说法，李敖用蔡锷反袁世凯说明自己为人格而战，随后集中提出证明台湾民主假、民进党台独假、国民党统一假、共产党也不要统一、北京拉拢旧国民党错、四年必须换人和少数亲民党有道。"",""category"":""media"",""source"":""《大李敖全集5.0》（wjm_tcy版）分章节/010.节目演讲类/012.李敖政论综艺集/160.20120110《新闻面对面》.txt"",""sourceLines"":[101,123],""lineCount"":161,""people"":[""李敖"",""蔡锷"",""袁世凯"",""马英九"",""蔡英文"",""毛泽东"",""基辛格"",""宋楚瑜""],""places"":[""云南"",""台湾"",""北京"",""中国大陆"",""美国""],""works"":[""新闻面对面"",""On China"",""彭明敏秘密信""],""tags"":[""李敖政论综艺集"",""第十六轮"",""电视节目"",""第160集"",""新闻面对面"",""蔡锷"",""人格"",""假民主"",""北京对台政策"",""四年换人"",""亲民党""],""crossReferences"":[""li-ao-zhenglun-zongyiji-150-announces-book-criticizing-beijing-taiwan-policy-as-old-kmt-and-banana-fish-route""],""view"":[""public""],""confidence"":""high"",""round"":""li-ao-zhenglun-zongyiji-round016-151-160"",""dataFile"":""data/timeline-events-li-ao-zhenglun-zongyiji.json""}"
"27008","2012","2012-01-10","2012-01-10","day","","李敖把对北京政策概括为恰到坏处：小叛乱让共产党头疼但不能动手","李敖解释Honesty is the best policy原义为恰到好处，再说台湾与共产党关系应恰到坏处：不公然台独，却用小叛乱让北京头疼、会闹的小孩有糖吃。","李敖、华盛顿、杰斐逊、宋楚瑜、蔡英文、马英九","台湾、北京、美国、中国大陆","李敖政论综艺集、第十六轮、电视节目、第160集、新闻面对面、两岸政策、恰到坏处、小叛乱、宋楚瑜、北京","public","新闻面对面","li-ao-zhenglun-zongyiji-068-says-taiwan-independence-as-means-can-extract-benefits-from-communist-party","","","","","","[]","data/timeline-events-li-ao-zhenglun-zongyiji.json","li-ao-zhenglun-zongyiji-160-proposes-just-bad-enough-cross-strait-policy-through-little-rebellions","{""id"":""li-ao-zhenglun-zongyiji-160-proposes-just-bad-enough-cross-strait-policy-through-little-rebellions"",""date"":""2012-01-10"",""year"":2012,""month"":1,""day"":10,""title"":""李敖把对北京政策概括为恰到坏处：小叛乱让共产党头疼但不能动手"",""summary"":""李敖解释Honesty is the best policy原义为恰到好处，再说台湾与共产党关系应恰到坏处：不公然台独，却用小叛乱让北京头疼、会闹的小孩有糖吃。"",""category"":""media"",""source"":""《大李敖全集5.0》（wjm_tcy版）分章节/010.节目演讲类/012.李敖政论综艺集/160.20120110《新闻面对面》.txt"",""sourceLines"":[141,141],""lineCount"":161,""people"":[""李敖"",""华盛顿"",""杰斐逊"",""宋楚瑜"",""蔡英文"",""马英九""],""places"":[""台湾"",""北京"",""美国"",""中国大陆""],""works"":[""新闻面对面""],""tags"":[""李敖政论综艺集"",""第十六轮"",""电视节目"",""第160集"",""新闻面对面"",""两岸政策"",""恰到坏处"",""小叛乱"",""宋楚瑜"",""北京""],""crossReferences"":[""li-ao-zhenglun-zongyiji-068-says-taiwan-independence-as-means-can-extract-benefits-from-communist-party""],""view"":[""public""],""confidence"":""high"",""round"":""li-ao-zhenglun-zongyiji-round016-151-160"",""dataFile"":""data/timeline-events-li-ao-zhenglun-zongyiji.json""}"
"27009","2012","2012-01-10","2012-01-10","day","","李敖把白色恐怖定义为黑手已放开但人们仍然害怕，并以连署恐惧为例","李敖说所谓白的恐怖，是政府黑手已经放开，但人们还以为有黑手；许多人不敢连署就是这种现象。他又用苏联解体说明人民开始不怕政府时政权就会垮。","李敖、马英九、蒋介石、蒋经国、李登辉","台湾、苏联","李敖政论综艺集、第十六轮、电视节目、第160集、新闻面对面、白色恐怖、连署、恐惧、苏联解体、国民党","public","新闻面对面","li-ao-zhenglun-zongyiji-143-turns-76-signatures-into-white-terror-feeling","","","","","","[]","data/timeline-events-li-ao-zhenglun-zongyiji.json","li-ao-zhenglun-zongyiji-160-defines-white-terror-as-lingering-fear-after-black-hand-withdraws","{""id"":""li-ao-zhenglun-zongyiji-160-defines-white-terror-as-lingering-fear-after-black-hand-withdraws"",""date"":""2012-01-10"",""year"":2012,""month"":1,""day"":10,""title"":""李敖把白色恐怖定义为黑手已放开但人们仍然害怕，并以连署恐惧为例"",""summary"":""李敖说所谓白的恐怖，是政府黑手已经放开，但人们还以为有黑手；许多人不敢连署就是这种现象。他又用苏联解体说明人民开始不怕政府时政权就会垮。"",""category"":""media"",""source"":""《大李敖全集5.0》（wjm_tcy版）分章节/010.节目演讲类/012.李敖政论综艺集/160.20120110《新闻面对面》.txt"",""sourceLines"":[67,77],""lineCount"":161,""people"":[""李敖"",""马英九"",""蒋介石"",""蒋经国"",""李登辉""],""places"":[""台湾"",""苏联""],""works"":[""新闻面对面""],""tags"":[""李敖政论综艺集"",""第十六轮"",""电视节目"",""第160集"",""新闻面对面"",""白色恐怖"",""连署"",""恐惧"",""苏联解体"",""国民党""],""crossReferences"":[""li-ao-zhenglun-zongyiji-143-turns-76-signatures-into-white-terror-feeling""],""view"":[""public""],""confidence"":""high"",""round"":""li-ao-zhenglun-zongyiji-round016-151-160"",""dataFile"":""data/timeline-events-li-ao-zhenglun-zongyiji.json""}"
"27010","2012","2012-01-10","2012-01-10","day","","李敖把宋楚瑜能否当行政院长拉回副署权被拿掉的制度问题","谈宋楚瑜是否可能当阁揆，李敖说宋早可做行政院长，问题是总统权力过大、副署权被拿掉，阁揆没有法律保障，必须修法，否则宋不会接受被随时换掉。","李敖、宋楚瑜、许信良、陈文茜、李登辉、陈水扁","台湾","李敖政论综艺集、第十六轮、电视节目、第160集、新闻面对面、行政院长、副署权、阁揆、宪政制度、宋楚瑜","public","新闻面对面","li-ao-zhenglun-zongyiji-150-traces-premier-weakness-to-constitutional-change-by-lee-soong-xu-and-chen","","","","","","[]","data/timeline-events-li-ao-zhenglun-zongyiji.json","li-ao-zhenglun-zongyiji-160-says-soong-would-not-take-premiership-without-restoring-premier-countersignature-protection","{""id"":""li-ao-zhenglun-zongyiji-160-says-soong-would-not-take-premiership-without-restoring-premier-countersignature-protection"",""date"":""2012-01-10"",""year"":2012,""month"":1,""day"":10,""title"":""李敖把宋楚瑜能否当行政院长拉回副署权被拿掉的制度问题"",""summary"":""谈宋楚瑜是否可能当阁揆，李敖说宋早可做行政院长，问题是总统权力过大、副署权被拿掉，阁揆没有法律保障，必须修法，否则宋不会接受被随时换掉。"",""category"":""media"",""source"":""《大李敖全集5.0》（wjm_tcy版）分章节/010.节目演讲类/012.李敖政论综艺集/160.20120110《新闻面对面》.txt"",""sourceLines"":[127,129],""lineCount"":161,""people"":[""李敖"",""宋楚瑜"",""许信良"",""陈文茜"",""李登辉"",""陈水扁""],""places"":[""台湾""],""works"":[""新闻面对面""],""tags"":[""李敖政论综艺集"",""第十六轮"",""电视节目"",""第160集"",""新闻面对面"",""行政院长"",""副署权"",""阁揆"",""宪政制度"",""宋楚瑜""],""crossReferences"":[""li-ao-zhenglun-zongyiji-150-traces-premier-weakness-to-constitutional-change-by-lee-soong-xu-and-chen""],""view"":[""public""],""confidence"":""high"",""round"":""li-ao-zhenglun-zongyiji-round016-151-160"",""dataFile"":""data/timeline-events-li-ao-zhenglun-zongyiji.json""}"
"27011","2012","2012-01-10","2012-01-10","day","","李敖说若蔡英文接受一中各表，宋楚瑜当然可以合作；没有永远敌友，只有永远真理","节目最后谈宋楚瑜是否可与蔡英文合作，李敖说若蔡改变、接受辜振甫授权的一中各表共识，宋为何不能合作；英国无永远敌友只有利益，对他而言只有永远真理。","李敖、宋楚瑜、蔡英文、辜振甫","台湾、英国","李敖政论综艺集、第十六轮、电视节目、第160集、新闻面对面、宋楚瑜、蔡英文、一中各表、合作、真理","public","新闻面对面","li-ao-zhenglun-zongyiji-158-turns-1992-consensus-into-name-dispute-and-possible-taiwan-consensus","","","","","","[]","data/timeline-events-li-ao-zhenglun-zongyiji.json","li-ao-zhenglun-zongyiji-160-says-no-permanent-friends-or-enemies-only-permanent-truth-after-tsai-could-change","{""id"":""li-ao-zhenglun-zongyiji-160-says-no-permanent-friends-or-enemies-only-permanent-truth-after-tsai-could-change"",""date"":""2012-01-10"",""year"":2012,""month"":1,""day"":10,""title"":""李敖说若蔡英文接受一中各表，宋楚瑜当然可以合作；没有永远敌友，只有永远真理"",""summary"":""节目最后谈宋楚瑜是否可与蔡英文合作，李敖说若蔡改变、接受辜振甫授权的一中各表共识，宋为何不能合作；英国无永远敌友只有利益，对他而言只有永远真理。"",""category"":""media"",""source"":""《大李敖全集5.0》（wjm_tcy版）分章节/010.节目演讲类/012.李敖政论综艺集/160.20120110《新闻面对面》.txt"",""sourceLines"":[145,147],""lineCount"":161,""people"":[""李敖"",""宋楚瑜"",""蔡英文"",""辜振甫""],""places"":[""台湾"",""英国""],""works"":[""新闻面对面""],""tags"":[""李敖政论综艺集"",""第十六轮"",""电视节目"",""第160集"",""新闻面对面"",""宋楚瑜"",""蔡英文"",""一中各表"",""合作"",""真理""],""crossReferences"":[""li-ao-zhenglun-zongyiji-158-turns-1992-consensus-into-name-dispute-and-possible-taiwan-consensus""],""view"":[""public""],""confidence"":""high"",""round"":""li-ao-zhenglun-zongyiji-round016-151-160"",""dataFile"":""data/timeline-events-li-ao-zhenglun-zongyiji.json""}"
"27012","2012","2012-01-10","2012-01-10","day","","李敖透露宋楚瑜一月十日早八点二十五分来电，认为马英九危险且橘营有隐藏票","谈傅崐萁转向对宋影响时，李敖说宋楚瑜当天早上八点二十五分打电话给他，剪报前一天情况，结论是马英九处境危险、橘营有许多隐藏选票值得乐观。","李敖、宋楚瑜、马英九、傅崐萁","花莲、高雄、台北、台湾","李敖政论综艺集、第十六轮、电视节目、第160集、新闻面对面、宋楚瑜、隐藏票、傅崐萁、马英九、电话","public","新闻面对面","","","","","","","[]","data/timeline-events-li-ao-zhenglun-zongyiji.json","li-ao-zhenglun-zongyiji-160-reveals-soong-called-at-825-and-saw-ma-in-danger-with-hidden-votes","{""id"":""li-ao-zhenglun-zongyiji-160-reveals-soong-called-at-825-and-saw-ma-in-danger-with-hidden-votes"",""date"":""2012-01-10"",""year"":2012,""month"":1,""day"":10,""title"":""李敖透露宋楚瑜一月十日早八点二十五分来电，认为马英九危险且橘营有隐藏票"",""summary"":""谈傅崐萁转向对宋影响时，李敖说宋楚瑜当天早上八点二十五分打电话给他，剪报前一天情况，结论是马英九处境危险、橘营有许多隐藏选票值得乐观。"",""category"":""media"",""source"":""《大李敖全集5.0》（wjm_tcy版）分章节/010.节目演讲类/012.李敖政论综艺集/160.20120110《新闻面对面》.txt"",""sourceLines"":[37,59],""lineCount"":161,""people"":[""李敖"",""宋楚瑜"",""马英九"",""傅崐萁""],""places"":[""花莲"",""高雄"",""台北"",""台湾""],""works"":[""新闻面对面""],""tags"":[""李敖政论综艺集"",""第十六轮"",""电视节目"",""第160集"",""新闻面对面"",""宋楚瑜"",""隐藏票"",""傅崐萁"",""马英九"",""电话""],""crossReferences"":[],""view"":[""public""],""confidence"":""high"",""round"":""li-ao-zhenglun-zongyiji-round016-151-160"",""dataFile"":""data/timeline-events-li-ao-zhenglun-zongyiji.json""}"
"27013","2012","2012-04-20","2012年4月20日星期五","day","confirmed","在台北香格里拉饭店接受《外滩画报》访问，戴助听器并用随身匕首拆书","2012年4月20日下午，李敖在台北敦化南路二段香格里拉饭店茶轩接受《外滩画报》访问。距离77岁生日还有5天，他穿白夹克、灰衬衫、红领带，提着最近在台湾出版的5本书进场；坐下后先花几分钟戴上为香港书展买的助听器，又从腰间取出美国产 Gerber 匕首划开新书塑封，边演示边说这是随身防身之物。访问结束到下午5点多，外面下雨，他仍坚持起身与记者告别。","李敖","台北、敦化南路二段香格里拉饭店茶轩","外滩画报、香格里拉饭店、助听器、Gerber匕首、新书、77岁前夕","访谈线、身体线、晚年线","李敖访谈录1990-2018","dream-awake-2011-07-23-wears-new-hearing-aid-for-hong-kong-book-fair-speech、li-ao-fangtanlu-2012-01-moves-from-yangmingshan-to-jinlan-apartment","李敖访谈录1990-2018","060.20120523《外滩画报》专访李敖","5","《大李敖全集5.0》（wjm_tcy版）分章节/007.采访序跋类/005.李敖访谈录1990-2018/060.20120523《外滩画报》专访李敖.txt","","[]","data/timeline-events-li-ao-fangtanlu-1990-2018.json","li-ao-fangtanlu-2012-04-20-bund-shangri-la-interview-hearing-aid-knife","{""id"":""li-ao-fangtanlu-2012-04-20-bund-shangri-la-interview-hearing-aid-knife"",""date"":""2012-04-20"",""displayDate"":""2012年4月20日星期五"",""datePrecision"":""day"",""title"":""在台北香格里拉饭店接受《外滩画报》访问，戴助听器并用随身匕首拆书"",""summary"":""2012年4月20日下午，李敖在台北敦化南路二段香格里拉饭店茶轩接受《外滩画报》访问。距离77岁生日还有5天，他穿白夹克、灰衬衫、红领带，提着最近在台湾出版的5本书进场；坐下后先花几分钟戴上为香港书展买的助听器，又从腰间取出美国产 Gerber 匕首划开新书塑封，边演示边说这是随身防身之物。访问结束到下午5点多，外面下雨，他仍坚持起身与记者告别。"",""category"":""interview"",""type"":""李敖当事人事件"",""source"":{""book"":""李敖访谈录1990-2018"",""chapter"":""060.20120523《外滩画报》专访李敖"",""path"":""《大李敖全集5.0》（wjm_tcy版）分章节/007.采访序跋类/005.李敖访谈录1990-2018/060.20120523《外滩画报》专访李敖.txt"",""line"":5,""lines"":[5,7,9,11,21,23,25,27],""note"":""《外滩画报》现场记录李敖2012年4月20日在台北香格里拉饭店受访、戴助听器、用匕首拆书和访后告别。""},""certainty"":""confirmed"",""tags"":[""外滩画报"",""香格里拉饭店"",""助听器"",""Gerber匕首"",""新书"",""77岁前夕""],""people"":[""李敖""],""places"":[""台北"",""敦化南路二段香格里拉饭店茶轩""],""works"":[""李敖访谈录1990-2018""],""view"":[""访谈线"",""身体线"",""晚年线""],""crossReferences"":[""dream-awake-2011-07-23-wears-new-hearing-aid-for-hong-kong-book-fair-speech"",""li-ao-fangtanlu-2012-01-moves-from-yangmingshan-to-jinlan-apartment""],""dataFile"":""data/timeline-events-li-ao-fangtanlu-1990-2018.json""}"
"27014","2012","2012-04-20","2012年4月20日星期五","day","confirmed","在香格里拉访谈现场规划八十岁推出《李敖大全集》后四十本和《李敖140》","在台北香格里拉饭店接受《外滩画报》访问时，李敖把晚年写作计划说得很具体：他称《李敖大全集》已出40本、2800万字，等再过三年到80岁时，要把第41至80本一起推出，前后合计5000万字；凤凰电视台节目也要全部变成文字，微博文字则准备整理成《李敖140》。这类“打算”明确发生在2012年4月20日采访现场，地点和语境清楚。","李敖","台北、敦化南路二段香格里拉饭店茶轩","李敖大全集、李敖140、微博、凤凰卫视、写作计划","写作线、出版线、媒体线、晚年线","李敖访谈录1990-2018、李敖大全集、李敖140","sui-qianwan-2011-05-17-starts-hello-li-ao-140-char-web-writing、book8-2012-publishes-only-selected-works-in-mainland","李敖访谈录1990-2018","060.20120523《外滩画报》专访李敖","245","《大李敖全集5.0》（wjm_tcy版）分章节/007.采访序跋类/005.李敖访谈录1990-2018/060.20120523《外滩画报》专访李敖.txt","李敖访谈录1990-2018 / 061.20121010《成都商报》专访李敖 / line 51 / 说明：《成都商报》访问补充李敖2012年10月仍在同时写十本书，并计划两年零八个月后推出80本《李敖大全集》。 / 《大李敖全集5.0》（wjm_tcy版）分章节/007.采访序跋类/005.李敖访谈录1990-2018/061.20121010《成都商报》专访李敖.txt || 李敖访谈录1990-2018 / 062.20121010《华西都市报》专访李敖 / line 33 / 说明：《华西都市报》访问补充《李敖大全集》前40本已出、30本写好、10本正在写，以及微博停更后的文字准备日后再发。 / 《大李敖全集5.0》（wjm_tcy版）分章节/007.采访序跋类/005.李敖访谈录1990-2018/062.20121010《华西都市报》专访李敖.txt || 李敖访谈录1990-2018 / 063.20121010《长江日报》专访李敖 / line 33 / 说明：《长江日报》书面访问补充80本大全集、纸质全集和未完成十本计划。 / 《大李敖全集5.0》（wjm_tcy版）分章节/007.采访序跋类/005.李敖访谈录1990-2018/063.20121010《长江日报》专访李敖.txt","[{""book"":""李敖访谈录1990-2018"",""chapter"":""061.20121010《成都商报》专访李敖"",""path"":""《大李敖全集5.0》（wjm_tcy版）分章节/007.采访序跋类/005.李敖访谈录1990-2018/061.20121010《成都商报》专访李敖.txt"",""line"":51,""lines"":[51,53],""note"":""《成都商报》访问补充李敖2012年10月仍在同时写十本书，并计划两年零八个月后推出80本《李敖大全集》。""},{""book"":""李敖访谈录1990-2018"",""chapter"":""062.20121010《华西都市报》专访李敖"",""path"":""《大李敖全集5.0》（wjm_tcy版）分章节/007.采访序跋类/005.李敖访谈录1990-2018/062.20121010《华西都市报》专访李敖.txt"",""line"":33,""lines"":[33,35,37,39],""note"":""《华西都市报》访问补充《李敖大全集》前40本已出、30本写好、10本正在写，以及微博停更后的文字准备日后再发。""},{""book"":""李敖访谈录1990-2018"",""chapter"":""063.20121010《长江日报》专访李敖"",""path"":""《大李敖全集5.0》（wjm_tcy版）分章节/007.采访序跋类/005.李敖访谈录1990-2018/063.20121010《长江日报》专访李敖.txt"",""line"":33,""lines"":[33],""note"":""《长江日报》书面访问补充80本大全集、纸质全集和未完成十本计划。""}]","data/timeline-events-li-ao-fangtanlu-1990-2018.json","li-ao-fangtanlu-2012-04-20-plans-complete-works-and-li-ao-140","{""id"":""li-ao-fangtanlu-2012-04-20-plans-complete-works-and-li-ao-140"",""date"":""2012-04-20"",""displayDate"":""2012年4月20日星期五"",""datePrecision"":""day"",""title"":""在香格里拉访谈现场规划八十岁推出《李敖大全集》后四十本和《李敖140》"",""summary"":""在台北香格里拉饭店接受《外滩画报》访问时，李敖把晚年写作计划说得很具体：他称《李敖大全集》已出40本、2800万字，等再过三年到80岁时，要把第41至80本一起推出，前后合计5000万字；凤凰电视台节目也要全部变成文字，微博文字则准备整理成《李敖140》。这类“打算”明确发生在2012年4月20日采访现场，地点和语境清楚。"",""category"":""writing"",""type"":""李敖当事人事件"",""source"":{""book"":""李敖访谈录1990-2018"",""chapter"":""060.20120523《外滩画报》专访李敖"",""path"":""《大李敖全集5.0》（wjm_tcy版）分章节/007.采访序跋类/005.李敖访谈录1990-2018/060.20120523《外滩画报》专访李敖.txt"",""line"":245,""lines"":[245,247,249,251,253,255],""note"":""《外滩画报》记录李敖在香格里拉访谈现场谈全天候写作、《李敖大全集》后四十本和《李敖140》计划。""},""certainty"":""confirmed"",""tags"":[""李敖大全集"",""李敖140"",""微博"",""凤凰卫视"",""写作计划""],""people"":[""李敖""],""places"":[""台北"",""敦化南路二段香格里拉饭店茶轩""],""works"":[""李敖访谈录1990-2018"",""李敖大全集"",""李敖140""],""view"":[""写作线"",""出版线"",""媒体线"",""晚年线""],""crossReferences"":[""sui-qianwan-2011-05-17-starts-hello-li-ao-140-char-web-writing"",""book8-2012-publishes-only-selected-works-in-mainland""],""additionalSources"":[{""book"":""李敖访谈录1990-2018"",""chapter"":""061.20121010《成都商报》专访李敖"",""path"":""《大李敖全集5.0》（wjm_tcy版）分章节/007.采访序跋类/005.李敖访谈录1990-2018/061.20121010《成都商报》专访李敖.txt"",""line"":51,""lines"":[51,53],""note"":""《成都商报》访问补充李敖2012年10月仍在同时写十本书，并计划两年零八个月后推出80本《李敖大全集》。""},{""book"":""李敖访谈录1990-2018"",""chapter"":""062.20121010《华西都市报》专访李敖"",""path"":""《大李敖全集5.0》（wjm_tcy版）分章节/007.采访序跋类/005.李敖访谈录1990-2018/062.20121010《华西都市报》专访李敖.txt"",""line"":33,""lines"":[33,35,37,39],""note"":""《华西都市报》访问补充《李敖大全集》前40本已出、30本写好、10本正在写，以及微博停更后的文字准备日后再发。""},{""book"":""李敖访谈录1990-2018"",""chapter"":""063.20121010《长江日报》专访李敖"",""path"":""《大李敖全集5.0》（wjm_tcy版）分章节/007.采访序跋类/005.李敖访谈录1990-2018/063.20121010《长江日报》专访李敖.txt"",""line"":33,""lines"":[33],""note"":""《长江日报》书面访问补充80本大全集、纸质全集和未完成十本计划。""}],""dataFile"":""data/timeline-events-li-ao-fangtanlu-1990-2018.json""}"
"27015","2012","2012-10-10","2012年10月10日前后","day","confirmed","《李敖50年唯一自选集》推出后密集接受内地媒体书面、邮件和录音访问","《李敖50年唯一自选集》推出后，李敖在2012年10月前后密集接受《成都商报》《华西都市报》《长江日报》等内地媒体访问；方式包括邮件专访、书面回复，以及出版方把问题带到台北书房后由李敖录音回答。他把这套自选集说成自己50年来第一次真正“选”，是上半生写作精华和水面上的八分之一，同时又借访问继续谈微博代发、李戡北大生活、刘晓庆诗作、80岁前推出80本《李敖大全集》的计划。","李敖、李戡、刘晓庆、陈文茜","台北书房、中国大陆","李敖50年唯一自选集、成都商报、华西都市报、长江日报、书面访问、录音访问","访谈线、出版线、写作线、家庭线","李敖访谈录1990-2018、李敖50年唯一自选集、李敖大全集、李敖情书集","book8-2012-publishes-only-selected-works-in-mainland、li-ao-fangtanlu-2012-04-20-plans-complete-works-and-li-ao-140","李敖访谈录1990-2018","061.20121010《成都商报》专访李敖","15","《大李敖全集5.0》（wjm_tcy版）分章节/007.采访序跋类/005.李敖访谈录1990-2018/061.20121010《成都商报》专访李敖.txt","李敖访谈录1990-2018 / 062.20121010《华西都市报》专访李敖 / line 11 / 说明：《华西都市报》经出版方把问题带到台北书房，由李敖录音回答自选集、眼睛手术、日课、微博和李戡。 / 《大李敖全集5.0》（wjm_tcy版）分章节/007.采访序跋类/005.李敖访谈录1990-2018/062.20121010《华西都市报》专访李敖.txt || 李敖访谈录1990-2018 / 063.20121010《长江日报》专访李敖 / line 17 / 说明：《长江日报》书面采访中李敖谈诺奖、《北京法源寺》、自选集、大全集、遗体捐赠和李戡。 / 《大李敖全集5.0》（wjm_tcy版）分章节/007.采访序跋类/005.李敖访谈录1990-2018/063.20121010《长江日报》专访李敖.txt || 李敖访谈录1990-2018 / 064.20121028《长春晚报》专访李敖 / line 7 / 说明：《长春晚报》访问补充自选集首批上市书目、微博被删停更和遗体捐赠。 / 《大李敖全集5.0》（wjm_tcy版）分章节/007.采访序跋类/005.李敖访谈录1990-2018/064.20121028《长春晚报》专访李敖.txt","[{""book"":""李敖访谈录1990-2018"",""chapter"":""062.20121010《华西都市报》专访李敖"",""path"":""《大李敖全集5.0》（wjm_tcy版）分章节/007.采访序跋类/005.李敖访谈录1990-2018/062.20121010《华西都市报》专访李敖.txt"",""line"":11,""lines"":[9,11,19,21,23,25,33,35,37,39,47,53,59,61],""note"":""《华西都市报》经出版方把问题带到台北书房，由李敖录音回答自选集、眼睛手术、日课、微博和李戡。""},{""book"":""李敖访谈录1990-2018"",""chapter"":""063.20121010《长江日报》专访李敖"",""path"":""《大李敖全集5.0》（wjm_tcy版）分章节/007.采访序跋类/005.李敖访谈录1990-2018/063.20121010《长江日报》专访李敖.txt"",""line"":17,""lines"":[17,23,31,33,49,55,57],""note"":""《长江日报》书面采访中李敖谈诺奖、《北京法源寺》、自选集、大全集、遗体捐赠和李戡。""},{""book"":""李敖访谈录1990-2018"",""chapter"":""064.20121028《长春晚报》专访李敖"",""path"":""《大李敖全集5.0》（wjm_tcy版）分章节/007.采访序跋类/005.李敖访谈录1990-2018/064.20121028《长春晚报》专访李敖.txt"",""line"":7,""lines"":[7,9,11,13,19,21,31,33],""note"":""《长春晚报》访问补充自选集首批上市书目、微博被删停更和遗体捐赠。""}]","data/timeline-events-li-ao-fangtanlu-1990-2018.json","li-ao-fangtanlu-2012-10-10-selected-works-media-interviews","{""id"":""li-ao-fangtanlu-2012-10-10-selected-works-media-interviews"",""date"":""2012-10-10"",""displayDate"":""2012年10月10日前后"",""datePrecision"":""day"",""title"":""《李敖50年唯一自选集》推出后密集接受内地媒体书面、邮件和录音访问"",""summary"":""《李敖50年唯一自选集》推出后，李敖在2012年10月前后密集接受《成都商报》《华西都市报》《长江日报》等内地媒体访问；方式包括邮件专访、书面回复，以及出版方把问题带到台北书房后由李敖录音回答。他把这套自选集说成自己50年来第一次真正“选”，是上半生写作精华和水面上的八分之一，同时又借访问继续谈微博代发、李戡北大生活、刘晓庆诗作、80岁前推出80本《李敖大全集》的计划。"",""category"":""interview"",""type"":""李敖当事人事件"",""source"":{""book"":""李敖访谈录1990-2018"",""chapter"":""061.20121010《成都商报》专访李敖"",""path"":""《大李敖全集5.0》（wjm_tcy版）分章节/007.采访序跋类/005.李敖访谈录1990-2018/061.20121010《成都商报》专访李敖.txt"",""line"":15,""lines"":[15,17,23,25,29,35,37,43,45,51,53,59,61],""note"":""《成都商报》邮件专访记录李敖谈《李敖50年唯一自选集》、微博、刘晓庆、李戡和80本大全集。""},""additionalSources"":[{""book"":""李敖访谈录1990-2018"",""chapter"":""062.20121010《华西都市报》专访李敖"",""path"":""《大李敖全集5.0》（wjm_tcy版）分章节/007.采访序跋类/005.李敖访谈录1990-2018/062.20121010《华西都市报》专访李敖.txt"",""line"":11,""lines"":[9,11,19,21,23,25,33,35,37,39,47,53,59,61],""note"":""《华西都市报》经出版方把问题带到台北书房，由李敖录音回答自选集、眼睛手术、日课、微博和李戡。""},{""book"":""李敖访谈录1990-2018"",""chapter"":""063.20121010《长江日报》专访李敖"",""path"":""《大李敖全集5.0》（wjm_tcy版）分章节/007.采访序跋类/005.李敖访谈录1990-2018/063.20121010《长江日报》专访李敖.txt"",""line"":17,""lines"":[17,23,31,33,49,55,57],""note"":""《长江日报》书面采访中李敖谈诺奖、《北京法源寺》、自选集、大全集、遗体捐赠和李戡。""},{""book"":""李敖访谈录1990-2018"",""chapter"":""064.20121028《长春晚报》专访李敖"",""path"":""《大李敖全集5.0》（wjm_tcy版）分章节/007.采访序跋类/005.李敖访谈录1990-2018/064.20121028《长春晚报》专访李敖.txt"",""line"":7,""lines"":[7,9,11,13,19,21,31,33],""note"":""《长春晚报》访问补充自选集首批上市书目、微博被删停更和遗体捐赠。""}],""certainty"":""confirmed"",""tags"":[""李敖50年唯一自选集"",""成都商报"",""华西都市报"",""长江日报"",""书面访问"",""录音访问""],""people"":[""李敖"",""李戡"",""刘晓庆"",""陈文茜""],""places"":[""台北书房"",""中国大陆""],""works"":[""李敖访谈录1990-2018"",""李敖50年唯一自选集"",""李敖大全集"",""李敖情书集""],""view"":[""访谈线"",""出版线"",""写作线"",""家庭线""],""crossReferences"":[""book8-2012-publishes-only-selected-works-in-mainland"",""li-ao-fangtanlu-2012-04-20-plans-complete-works-and-li-ao-140""],""dataFile"":""data/timeline-events-li-ao-fangtanlu-1990-2018.json""}"
"27016","2012","2012-01-20","2012年1月前后","month","confirmed","因心律不齐搬离阳明山书房，住回金兰大厦","《外滩画报》2012年4月20日访问时记录，李敖三个月前搬离住了多年的阳明山书房，住回敦化南路一段金兰大厦。他解释自己心脏不太好、出现心律不齐，半夜若需急救住山下更方便；搬回旧公寓后仍选择独居，每周回家一次，与家人待一整天。","李敖","阳明山、台北敦化南路一段、金兰大厦","阳明山书房、金兰大厦、心律不齐、独居、晚年生活","日常线、身体线、晚年线","李敖访谈录1990-2018","sui-qianwan-2011-09-27-records-six-day-mountain-routine、sui-qianwan-2013-07-12-sells-mountain-study-and-moves-last-mementos、li-ao-fangtanlu-2014-08-28-southern-weekend-jinlan-chinese-interview","李敖访谈录1990-2018","060.20120523《外滩画报》专访李敖","13","《大李敖全集5.0》（wjm_tcy版）分章节/007.采访序跋类/005.李敖访谈录1990-2018/060.20120523《外滩画报》专访李敖.txt","李敖访谈录1990-2018 / 070.20140828《南方周末》专访李敖 / line 7 / 说明：《南方周末》访问补充李敖2014年在台北敦南大道金兰大厦书房的日常：自己擦地、整理资料、每天待14小时。 / 《大李敖全集5.0》（wjm_tcy版）分章节/007.采访序跋类/005.李敖访谈录1990-2018/070.20140828《南方周末》专访李敖.txt","[{""book"":""李敖访谈录1990-2018"",""chapter"":""070.20140828《南方周末》专访李敖"",""path"":""《大李敖全集5.0》（wjm_tcy版）分章节/007.采访序跋类/005.李敖访谈录1990-2018/070.20140828《南方周末》专访李敖.txt"",""line"":7,""lines"":[7,9,11],""note"":""《南方周末》访问补充李敖2014年在台北敦南大道金兰大厦书房的日常：自己擦地、整理资料、每天待14小时。""}]","data/timeline-events-li-ao-fangtanlu-1990-2018.json","li-ao-fangtanlu-2012-01-moves-from-yangmingshan-to-jinlan-apartment","{""id"":""li-ao-fangtanlu-2012-01-moves-from-yangmingshan-to-jinlan-apartment"",""date"":""2012-01-20"",""displayDate"":""2012年1月前后"",""datePrecision"":""month"",""title"":""因心律不齐搬离阳明山书房，住回金兰大厦"",""summary"":""《外滩画报》2012年4月20日访问时记录，李敖三个月前搬离住了多年的阳明山书房，住回敦化南路一段金兰大厦。他解释自己心脏不太好、出现心律不齐，半夜若需急救住山下更方便；搬回旧公寓后仍选择独居，每周回家一次，与家人待一整天。"",""category"":""daily"",""type"":""李敖当事人事件"",""source"":{""book"":""李敖访谈录1990-2018"",""chapter"":""060.20120523《外滩画报》专访李敖"",""path"":""《大李敖全集5.0》（wjm_tcy版）分章节/007.采访序跋类/005.李敖访谈录1990-2018/060.20120523《外滩画报》专访李敖.txt"",""line"":13,""lines"":[13,15,183,185,187,189],""note"":""《外滩画报》记录李敖三个月前因心律不齐从阳明山搬回金兰大厦，并说明独居和每周回家安排。""},""certainty"":""confirmed"",""tags"":[""阳明山书房"",""金兰大厦"",""心律不齐"",""独居"",""晚年生活""],""people"":[""李敖""],""places"":[""阳明山"",""台北敦化南路一段"",""金兰大厦""],""works"":[""李敖访谈录1990-2018""],""view"":[""日常线"",""身体线"",""晚年线""],""crossReferences"":[""sui-qianwan-2011-09-27-records-six-day-mountain-routine"",""sui-qianwan-2013-07-12-sells-mountain-study-and-moves-last-mementos"",""li-ao-fangtanlu-2014-08-28-southern-weekend-jinlan-chinese-interview""],""additionalSources"":[{""book"":""李敖访谈录1990-2018"",""chapter"":""070.20140828《南方周末》专访李敖"",""path"":""《大李敖全集5.0》（wjm_tcy版）分章节/007.采访序跋类/005.李敖访谈录1990-2018/070.20140828《南方周末》专访李敖.txt"",""line"":7,""lines"":[7,9,11],""note"":""《南方周末》访问补充李敖2014年在台北敦南大道金兰大厦书房的日常：自己擦地、整理资料、每天待14小时。""}],""dataFile"":""data/timeline-events-li-ao-fangtanlu-1990-2018.json""}"
"27017","2012","2012-03-01","2012年春季","season","confirmed","信义书局林家成送来杨西崑旧藏十五箱书","《2013年1月》回述，杨西崑退休后曾到李敖家请教，死后故居转手；2012年春，信义书局林家成送给李敖十五箱书，李敖打开后见到“杨西崑印”，等于隔街旧交的藏书转入自己的书房。","李敖、杨西崑、林家成","台北、信义书局","虽千万人，李敖往矣、杨西崑、林家成、信义书局、藏书、待校日","藏书线、交游线、晚年线","虽千万人，李敖往矣","","虽千万人，李敖往矣","007.2013年1月","97","《大李敖全集5.0》（wjm_tcy版）分章节/005.诗集语录类/005.虽千万人，李敖往矣/007.2013年1月.txt","","[]","data/timeline-events-sui-qianwan-li-ao-wangyi.json","sui-qianwan-2012-spring-receives-yang-xikun-books-from-xinyi-bookstore","{""id"":""sui-qianwan-2012-spring-receives-yang-xikun-books-from-xinyi-bookstore"",""date"":""2012-03-01"",""displayDate"":""2012年春季"",""datePrecision"":""season"",""title"":""信义书局林家成送来杨西崑旧藏十五箱书"",""summary"":""《2013年1月》回述，杨西崑退休后曾到李敖家请教，死后故居转手；2012年春，信义书局林家成送给李敖十五箱书，李敖打开后见到“杨西崑印”，等于隔街旧交的藏书转入自己的书房。"",""view"":[""藏书线"",""交游线"",""晚年线""],""tags"":[""虽千万人，李敖往矣"",""杨西崑"",""林家成"",""信义书局"",""藏书"",""待校日""],""people"":[""李敖"",""杨西崑"",""林家成""],""places"":[""台北"",""信义书局""],""works"":[""虽千万人，李敖往矣""],""certainty"":""confirmed"",""source"":{""book"":""虽千万人，李敖往矣"",""chapter"":""007.2013年1月"",""path"":""《大李敖全集5.0》（wjm_tcy版）分章节/005.诗集语录类/005.虽千万人，李敖往矣/007.2013年1月.txt"",""line"":97},""dataFile"":""data/timeline-events-sui-qianwan-li-ao-wangyi.json""}"
"27018","2012","2012-07-31","2012年7月前后","month","confirmed","白内障小手术后继续独居书房写作","《华西都市报》访问前，陈文茜曾在微博透露李敖因白内障看诊并开刀；李敖在录音回答中把它称为“不碍事”的小手术，说年纪大了眼睛有毛病正常，身体还不错，但也要当心。术后他的日常仍是一个人住在书房，早上六点起床，自己整理书房，除吃饭外一整天都在写，正在同时写九部作品。","李敖、陈文茜","台北书房","白内障、眼睛手术、书房、独居、写作日课","身体线、日常线、写作线、晚年线","李敖访谈录1990-2018、李敖大全集","li-ao-fangtanlu-2012-10-10-selected-works-media-interviews","李敖访谈录1990-2018","062.20121010《华西都市报》专访李敖","17","《大李敖全集5.0》（wjm_tcy版）分章节/007.采访序跋类/005.李敖访谈录1990-2018/062.20121010《华西都市报》专访李敖.txt","","[]","data/timeline-events-li-ao-fangtanlu-1990-2018.json","li-ao-fangtanlu-2012-07-cataract-surgery-and-study-routine","{""id"":""li-ao-fangtanlu-2012-07-cataract-surgery-and-study-routine"",""date"":""2012-07-31"",""displayDate"":""2012年7月前后"",""datePrecision"":""month"",""title"":""白内障小手术后继续独居书房写作"",""summary"":""《华西都市报》访问前，陈文茜曾在微博透露李敖因白内障看诊并开刀；李敖在录音回答中把它称为“不碍事”的小手术，说年纪大了眼睛有毛病正常，身体还不错，但也要当心。术后他的日常仍是一个人住在书房，早上六点起床，自己整理书房，除吃饭外一整天都在写，正在同时写九部作品。"",""category"":""health"",""type"":""李敖当事人事件"",""source"":{""book"":""李敖访谈录1990-2018"",""chapter"":""062.20121010《华西都市报》专访李敖"",""path"":""《大李敖全集5.0》（wjm_tcy版）分章节/007.采访序跋类/005.李敖访谈录1990-2018/062.20121010《华西都市报》专访李敖.txt"",""line"":17,""lines"":[17,19,21,23,25],""note"":""《华西都市报》访问记录陈文茜微博提及李敖白内障开刀，李敖回应术后身体、独居书房和写作日课。""},""certainty"":""confirmed"",""tags"":[""白内障"",""眼睛手术"",""书房"",""独居"",""写作日课""],""people"":[""李敖"",""陈文茜""],""places"":[""台北书房""],""works"":[""李敖访谈录1990-2018"",""李敖大全集""],""view"":[""身体线"",""日常线"",""写作线"",""晚年线""],""crossReferences"":[""li-ao-fangtanlu-2012-10-10-selected-works-media-interviews""],""dataFile"":""data/timeline-events-li-ao-fangtanlu-1990-2018.json""}"
"27019","2012","2012-12-31","2012年","year","reported-by-third-party","田沁鑫在李敖书房与李敖讨论改编《北京法源寺》，李敖授权舞台化","《北京青年报》2018年报道回溯，田沁鑫2012年因《风华绝代》赴台北时经刘晓庆首次见到李敖；在李敖书房里，两人讨论哪部作品适合改编，田沁鑫提出《法源寺》，李敖认为语言密度高、适合对话。报道又称田沁鑫随后六次赴台北与李敖见面，李敖赠她万宝龙钢笔和印章，签约时几乎不审合同，只电话询问能否保留康有为关于历史必然性的观点。此条为第三方报道回溯，不是李敖本人自述。","李敖、田沁鑫、刘晓庆","台北、李敖书房","北京法源寺、田沁鑫、刘晓庆、舞台剧、改编授权、第三方报道","改编线、访谈线、创作线","北京法源寺、风华绝代、北京青年报","beijing-fayuansi-1991-06-30-published-by-wenxing、beijing-fayuansi-2017-11-stage-play-taipei-while-hospitalized","李敖访谈录1990-2018","077.20180319《北京青年报》报导","27","《大李敖全集5.0》（wjm_tcy版）分章节/007.采访序跋类/005.李敖访谈录1990-2018/077.20180319《北京青年报》报导.txt","李敖访谈录1990-2018 / 077.20180319《北京青年报》报导 / line 31 / 《大李敖全集5.0》（wjm_tcy版）分章节/007.采访序跋类/005.李敖访谈录1990-2018/077.20180319《北京青年报》报导.txt || 李敖访谈录1990-2018 / 077.20180319《北京青年报》报导 / line 33 / 《大李敖全集5.0》（wjm_tcy版）分章节/007.采访序跋类/005.李敖访谈录1990-2018/077.20180319《北京青年报》报导.txt || 李敖访谈录1990-2018 / 077.20180319《北京青年报》报导 / line 35 / 《大李敖全集5.0》（wjm_tcy版）分章节/007.采访序跋类/005.李敖访谈录1990-2018/077.20180319《北京青年报》报导.txt","[{""book"":""李敖访谈录1990-2018"",""chapter"":""077.20180319《北京青年报》报导"",""path"":""《大李敖全集5.0》（wjm_tcy版）分章节/007.采访序跋类/005.李敖访谈录1990-2018/077.20180319《北京青年报》报导.txt"",""line"":31},{""book"":""李敖访谈录1990-2018"",""chapter"":""077.20180319《北京青年报》报导"",""path"":""《大李敖全集5.0》（wjm_tcy版）分章节/007.采访序跋类/005.李敖访谈录1990-2018/077.20180319《北京青年报》报导.txt"",""line"":33},{""book"":""李敖访谈录1990-2018"",""chapter"":""077.20180319《北京青年报》报导"",""path"":""《大李敖全集5.0》（wjm_tcy版）分章节/007.采访序跋类/005.李敖访谈录1990-2018/077.20180319《北京青年报》报导.txt"",""line"":35}]","data/timeline-events-beijing-fayuansi.json","beijing-fayuansi-2012-tian-qinxin-adaptation-study-meetings","{""id"":""beijing-fayuansi-2012-tian-qinxin-adaptation-study-meetings"",""date"":""2012-12-31"",""displayDate"":""2012年"",""datePrecision"":""year"",""title"":""田沁鑫在李敖书房与李敖讨论改编《北京法源寺》，李敖授权舞台化"",""summary"":""《北京青年报》2018年报道回溯，田沁鑫2012年因《风华绝代》赴台北时经刘晓庆首次见到李敖；在李敖书房里，两人讨论哪部作品适合改编，田沁鑫提出《法源寺》，李敖认为语言密度高、适合对话。报道又称田沁鑫随后六次赴台北与李敖见面，李敖赠她万宝龙钢笔和印章，签约时几乎不审合同，只电话询问能否保留康有为关于历史必然性的观点。此条为第三方报道回溯，不是李敖本人自述。"",""view"":[""改编线"",""访谈线"",""创作线""],""tags"":[""北京法源寺"",""田沁鑫"",""刘晓庆"",""舞台剧"",""改编授权"",""第三方报道""],""people"":[""李敖"",""田沁鑫"",""刘晓庆""],""places"":[""台北"",""李敖书房""],""works"":[""北京法源寺"",""风华绝代"",""北京青年报""],""certainty"":""reported-by-third-party"",""source"":{""book"":""李敖访谈录1990-2018"",""chapter"":""077.20180319《北京青年报》报导"",""path"":""《大李敖全集5.0》（wjm_tcy版）分章节/007.采访序跋类/005.李敖访谈录1990-2018/077.20180319《北京青年报》报导.txt"",""line"":27,""note"":""第三方报道回溯；明示为非李敖本人说法。""},""additionalSources"":[{""book"":""李敖访谈录1990-2018"",""chapter"":""077.20180319《北京青年报》报导"",""path"":""《大李敖全集5.0》（wjm_tcy版）分章节/007.采访序跋类/005.李敖访谈录1990-2018/077.20180319《北京青年报》报导.txt"",""line"":31},{""book"":""李敖访谈录1990-2018"",""chapter"":""077.20180319《北京青年报》报导"",""path"":""《大李敖全集5.0》（wjm_tcy版）分章节/007.采访序跋类/005.李敖访谈录1990-2018/077.20180319《北京青年报》报导.txt"",""line"":33},{""book"":""李敖访谈录1990-2018"",""chapter"":""077.20180319《北京青年报》报导"",""path"":""《大李敖全集5.0》（wjm_tcy版）分章节/007.采访序跋类/005.李敖访谈录1990-2018/077.20180319《北京青年报》报导.txt"",""line"":35}],""crossReferences"":[""beijing-fayuansi-1991-06-30-published-by-wenxing"",""beijing-fayuansi-2017-11-stage-play-taipei-while-hospitalized""],""dataFile"":""data/timeline-events-beijing-fayuansi.json""}"
"27020","2012","2012-12-31","2012年","year","confirmed","在内地出版《李敖50年唯一自选集》","《李敖五十年表》记，李敖在2012年全年没发微博，但在内地出版《李敖50年唯一自选集》。2012年10月多家媒体访问进一步补出，这套书由李敖本人亲自选定，以《传统下的独白》《李敖情书集》等组成，首批上市包括《传统下的独白》《为自由招魂》《北京法源寺》《李敖情书集》《蒋介石评传》《胡适研究》等；李敖把它说成上半生写作精华、水面上的八分之一，也借此重新进入大陆出版公共场。","李敖","中国大陆","李敖50年唯一自选集、内地出版、自选集","出版线、大陆线、生平线","李敖50年唯一自选集、李敖相关","li-ao-fangtanlu-2012-10-10-selected-works-media-interviews","李敖相关","001.李敖五十年表","181","《大李敖全集5.0》（wjm_tcy版）分章节/001.自传回忆类/008.李敖相关/001.李敖五十年表.txt","李敖访谈录1990-2018 / 061.20121010《成都商报》专访李敖 / line 15 / 说明：《成都商报》访问补充李敖亲谈《李敖50年唯一自选集》的选本痛苦和意义。 / 《大李敖全集5.0》（wjm_tcy版）分章节/007.采访序跋类/005.李敖访谈录1990-2018/061.20121010《成都商报》专访李敖.txt || 李敖访谈录1990-2018 / 062.20121010《华西都市报》专访李敖 / line 7 / 说明：《华西都市报》补充自选集由李敖亲自选定、包含《传统下的独白》《李敖情书集》等。 / 《大李敖全集5.0》（wjm_tcy版）分章节/007.采访序跋类/005.李敖访谈录1990-2018/062.20121010《华西都市报》专访李敖.txt || 李敖访谈录1990-2018 / 064.20121028《长春晚报》专访李敖 / line 7 / 说明：《长春晚报》补充自选集13部图书分类和首批上市书目。 / 《大李敖全集5.0》（wjm_tcy版）分章节/007.采访序跋类/005.李敖访谈录1990-2018/064.20121028《长春晚报》专访李敖.txt","[{""book"":""李敖访谈录1990-2018"",""chapter"":""061.20121010《成都商报》专访李敖"",""path"":""《大李敖全集5.0》（wjm_tcy版）分章节/007.采访序跋类/005.李敖访谈录1990-2018/061.20121010《成都商报》专访李敖.txt"",""line"":15,""lines"":[15,23,25,27,29],""note"":""《成都商报》访问补充李敖亲谈《李敖50年唯一自选集》的选本痛苦和意义。""},{""book"":""李敖访谈录1990-2018"",""chapter"":""062.20121010《华西都市报》专访李敖"",""path"":""《大李敖全集5.0》（wjm_tcy版）分章节/007.采访序跋类/005.李敖访谈录1990-2018/062.20121010《华西都市报》专访李敖.txt"",""line"":7,""lines"":[7,9,11],""note"":""《华西都市报》补充自选集由李敖亲自选定、包含《传统下的独白》《李敖情书集》等。""},{""book"":""李敖访谈录1990-2018"",""chapter"":""064.20121028《长春晚报》专访李敖"",""path"":""《大李敖全集5.0》（wjm_tcy版）分章节/007.采访序跋类/005.李敖访谈录1990-2018/064.20121028《长春晚报》专访李敖.txt"",""line"":7,""lines"":[7,9,11,13],""note"":""《长春晚报》补充自选集13部图书分类和首批上市书目。""}]","data/timeline-events-eighth-book.json","book8-2012-publishes-only-selected-works-in-mainland","{""id"":""book8-2012-publishes-only-selected-works-in-mainland"",""date"":""2012-12-31"",""displayDate"":""2012年"",""datePrecision"":""year"",""title"":""在内地出版《李敖50年唯一自选集》"",""summary"":""《李敖五十年表》记，李敖在2012年全年没发微博，但在内地出版《李敖50年唯一自选集》。2012年10月多家媒体访问进一步补出，这套书由李敖本人亲自选定，以《传统下的独白》《李敖情书集》等组成，首批上市包括《传统下的独白》《为自由招魂》《北京法源寺》《李敖情书集》《蒋介石评传》《胡适研究》等；李敖把它说成上半生写作精华、水面上的八分之一，也借此重新进入大陆出版公共场。"",""view"":[""出版线"",""大陆线"",""生平线""],""tags"":[""李敖50年唯一自选集"",""内地出版"",""自选集""],""people"":[""李敖""],""places"":[""中国大陆""],""works"":[""李敖50年唯一自选集"",""李敖相关""],""certainty"":""confirmed"",""source"":{""book"":""李敖相关"",""chapter"":""001.李敖五十年表"",""path"":""《大李敖全集5.0》（wjm_tcy版）分章节/001.自传回忆类/008.李敖相关/001.李敖五十年表.txt"",""line"":181},""additionalSources"":[{""book"":""李敖访谈录1990-2018"",""chapter"":""061.20121010《成都商报》专访李敖"",""path"":""《大李敖全集5.0》（wjm_tcy版）分章节/007.采访序跋类/005.李敖访谈录1990-2018/061.20121010《成都商报》专访李敖.txt"",""line"":15,""lines"":[15,23,25,27,29],""note"":""《成都商报》访问补充李敖亲谈《李敖50年唯一自选集》的选本痛苦和意义。""},{""book"":""李敖访谈录1990-2018"",""chapter"":""062.20121010《华西都市报》专访李敖"",""path"":""《大李敖全集5.0》（wjm_tcy版）分章节/007.采访序跋类/005.李敖访谈录1990-2018/062.20121010《华西都市报》专访李敖.txt"",""line"":7,""lines"":[7,9,11],""note"":""《华西都市报》补充自选集由李敖亲自选定、包含《传统下的独白》《李敖情书集》等。""},{""book"":""李敖访谈录1990-2018"",""chapter"":""064.20121028《长春晚报》专访李敖"",""path"":""《大李敖全集5.0》（wjm_tcy版）分章节/007.采访序跋类/005.李敖访谈录1990-2018/064.20121028《长春晚报》专访李敖.txt"",""line"":7,""lines"":[7,9,11,13],""note"":""《长春晚报》补充自选集13部图书分类和首批上市书目。""}],""crossReferences"":[""li-ao-fangtanlu-2012-10-10-selected-works-media-interviews""],""dataFile"":""data/timeline-events-eighth-book.json""}"
"27021","2013","2013-01-13","2013年1月13日星期日","day","confirmed","重新发微博并接受《环球人物杂志》专访","《李敖五十年表》记，2013年1月13日开始，李敖重新发微博，并接受《环球人物杂志》专访。这条把他从2012年微博沉默转回网络与媒体公共空间的时点明确落成日级。","李敖","中国大陆","新浪微博、环球人物杂志、专访、重新发微博","网络线、媒体线、生平线","环球人物杂志、新浪微博、李敖相关","li-ao-fangtanlu-2013-07-30-global-people-interview-after-study-sale","李敖相关","001.李敖五十年表","183","《大李敖全集5.0》（wjm_tcy版）分章节/001.自传回忆类/008.李敖相关/001.李敖五十年表.txt","虽千万人，李敖往矣 / 007.2013年1月 / line 3 / 说明：《虽千万人，李敖往矣》2013年第一则从1月13日起，补证其重新进入微博写作的起点。 / 《大李敖全集5.0》（wjm_tcy版）分章节/005.诗集语录类/005.虽千万人，李敖往矣/007.2013年1月.txt || 李敖访谈录1990-2018 / 065.20130730《环球人物杂志》专访李敖 / line 43 / 说明：《环球人物杂志》2013年7月访问补充李敖微博前后加起来约九个月、粉丝突破五百万，并解释以微博和媒体争取让言论被听到。 / 《大李敖全集5.0》（wjm_tcy版）分章节/007.采访序跋类/005.李敖访谈录1990-2018/065.20130730《环球人物杂志》专访李敖.txt","[{""book"":""虽千万人，李敖往矣"",""chapter"":""007.2013年1月"",""path"":""《大李敖全集5.0》（wjm_tcy版）分章节/005.诗集语录类/005.虽千万人，李敖往矣/007.2013年1月.txt"",""line"":3,""note"":""《虽千万人，李敖往矣》2013年第一则从1月13日起，补证其重新进入微博写作的起点。""},{""book"":""李敖访谈录1990-2018"",""chapter"":""065.20130730《环球人物杂志》专访李敖"",""path"":""《大李敖全集5.0》（wjm_tcy版）分章节/007.采访序跋类/005.李敖访谈录1990-2018/065.20130730《环球人物杂志》专访李敖.txt"",""line"":43,""lines"":[43,47,49,51,53,59,61],""note"":""《环球人物杂志》2013年7月访问补充李敖微博前后加起来约九个月、粉丝突破五百万，并解释以微博和媒体争取让言论被听到。""}]","data/timeline-events-eighth-book.json","book8-2013-01-13-resumes-weibo-and-accepts-global-people-interview","{""id"":""book8-2013-01-13-resumes-weibo-and-accepts-global-people-interview"",""date"":""2013-01-13"",""displayDate"":""2013年1月13日星期日"",""datePrecision"":""day"",""title"":""重新发微博并接受《环球人物杂志》专访"",""summary"":""《李敖五十年表》记，2013年1月13日开始，李敖重新发微博，并接受《环球人物杂志》专访。这条把他从2012年微博沉默转回网络与媒体公共空间的时点明确落成日级。"",""view"":[""网络线"",""媒体线"",""生平线""],""tags"":[""新浪微博"",""环球人物杂志"",""专访"",""重新发微博""],""people"":[""李敖""],""places"":[""中国大陆""],""works"":[""环球人物杂志"",""新浪微博"",""李敖相关""],""certainty"":""confirmed"",""source"":{""book"":""李敖相关"",""chapter"":""001.李敖五十年表"",""path"":""《大李敖全集5.0》（wjm_tcy版）分章节/001.自传回忆类/008.李敖相关/001.李敖五十年表.txt"",""line"":183},""additionalSources"":[{""book"":""虽千万人，李敖往矣"",""chapter"":""007.2013年1月"",""path"":""《大李敖全集5.0》（wjm_tcy版）分章节/005.诗集语录类/005.虽千万人，李敖往矣/007.2013年1月.txt"",""line"":3,""note"":""《虽千万人，李敖往矣》2013年第一则从1月13日起，补证其重新进入微博写作的起点。""},{""book"":""李敖访谈录1990-2018"",""chapter"":""065.20130730《环球人物杂志》专访李敖"",""path"":""《大李敖全集5.0》（wjm_tcy版）分章节/007.采访序跋类/005.李敖访谈录1990-2018/065.20130730《环球人物杂志》专访李敖.txt"",""line"":43,""lines"":[43,47,49,51,53,59,61],""note"":""《环球人物杂志》2013年7月访问补充李敖微博前后加起来约九个月、粉丝突破五百万，并解释以微博和媒体争取让言论被听到。""}],""crossReferences"":[""li-ao-fangtanlu-2013-07-30-global-people-interview-after-study-sale""],""dataFile"":""data/timeline-events-eighth-book.json""}"
"27022","2013","2013-01-24","2013年1月24日星期四","day","confirmed","陈舜政带来《樊江关》剧本答李敖戏文疑问","《2013年1月》写，老同学陈舜政每周到李敖邻居家票戏，电梯相遇时李敖向他请教京戏典故；两天后陈舜政拿来《樊江关》剧本，替他找到出处。","李敖、陈舜政","李敖住处","虽千万人，李敖往矣、陈舜政、京戏、樊江关、电梯相遇、待校日","交游线、写作线、日常线","虽千万人，李敖往矣、樊江关","","虽千万人，李敖往矣","007.2013年1月","73","《大李敖全集5.0》（wjm_tcy版）分章节/005.诗集语录类/005.虽千万人，李敖往矣/007.2013年1月.txt","","[]","data/timeline-events-sui-qianwan-li-ao-wangyi.json","sui-qianwan-2013-01-24-chen-shunzheng-brings-fanjiangguan-script","{""id"":""sui-qianwan-2013-01-24-chen-shunzheng-brings-fanjiangguan-script"",""date"":""2013-01-24"",""displayDate"":""2013年1月24日星期四"",""datePrecision"":""day"",""title"":""陈舜政带来《樊江关》剧本答李敖戏文疑问"",""summary"":""《2013年1月》写，老同学陈舜政每周到李敖邻居家票戏，电梯相遇时李敖向他请教京戏典故；两天后陈舜政拿来《樊江关》剧本，替他找到出处。"",""view"":[""交游线"",""写作线"",""日常线""],""tags"":[""虽千万人，李敖往矣"",""陈舜政"",""京戏"",""樊江关"",""电梯相遇"",""待校日""],""people"":[""李敖"",""陈舜政""],""places"":[""李敖住处""],""works"":[""虽千万人，李敖往矣"",""樊江关""],""certainty"":""confirmed"",""source"":{""book"":""虽千万人，李敖往矣"",""chapter"":""007.2013年1月"",""path"":""《大李敖全集5.0》（wjm_tcy版）分章节/005.诗集语录类/005.虽千万人，李敖往矣/007.2013年1月.txt"",""line"":73},""dataFile"":""data/timeline-events-sui-qianwan-li-ao-wangyi.json""}"
"27023","2013","2013-02-04","2013年2月4日星期一","day","confirmed","宋楚瑜在李敖书房想起陈万水而落泪","《2013年2月》2月5日短文写，前一天宋楚瑜在李敖书房，想到亡妻陈万水在日记中写过羡慕李敖书房，凄然泪下；李敖随即以以色列总理贝京丧妻后的故事劝慰。","李敖、宋楚瑜、陈万水","李敖书房","虽千万人，李敖往矣、宋楚瑜、陈万水、书房、贝京","交游线、政治人物线、书房线","虽千万人，李敖往矣","","虽千万人，李敖往矣","008.2013年2月","31","《大李敖全集5.0》（wjm_tcy版）分章节/005.诗集语录类/005.虽千万人，李敖往矣/008.2013年2月.txt","","[]","data/timeline-events-sui-qianwan-li-ao-wangyi.json","sui-qianwan-2013-02-04-song-chuyu-cries-in-li-ao-study","{""id"":""sui-qianwan-2013-02-04-song-chuyu-cries-in-li-ao-study"",""date"":""2013-02-04"",""displayDate"":""2013年2月4日星期一"",""datePrecision"":""day"",""title"":""宋楚瑜在李敖书房想起陈万水而落泪"",""summary"":""《2013年2月》2月5日短文写，前一天宋楚瑜在李敖书房，想到亡妻陈万水在日记中写过羡慕李敖书房，凄然泪下；李敖随即以以色列总理贝京丧妻后的故事劝慰。"",""view"":[""交游线"",""政治人物线"",""书房线""],""tags"":[""虽千万人，李敖往矣"",""宋楚瑜"",""陈万水"",""书房"",""贝京""],""people"":[""李敖"",""宋楚瑜"",""陈万水""],""places"":[""李敖书房""],""works"":[""虽千万人，李敖往矣""],""certainty"":""confirmed"",""source"":{""book"":""虽千万人，李敖往矣"",""chapter"":""008.2013年2月"",""path"":""《大李敖全集5.0》（wjm_tcy版）分章节/005.诗集语录类/005.虽千万人，李敖往矣/008.2013年2月.txt"",""line"":31},""dataFile"":""data/timeline-events-sui-qianwan-li-ao-wangyi.json""}"
"27024","2013","2013-02-17","2013年2月17日星期日","day","confirmed","李敖在小巷理发时遇到程建英谈选举","《2013年2月》写，李敖在小巷中理发，碰到洗头的程建英；两人谈到一年前她支持宋楚瑜、后来后悔选马英九，以及大陆对台湾政治判断的问题。","李敖、程建英、宋楚瑜、马英九、陈水扁","台北","虽千万人，李敖往矣、程建英、理发、宋楚瑜、马英九、日常","日常线、政治线、交游线","虽千万人，李敖往矣","","虽千万人，李敖往矣","008.2013年2月","103","《大李敖全集5.0》（wjm_tcy版）分章节/005.诗集语录类/005.虽千万人，李敖往矣/008.2013年2月.txt","","[]","data/timeline-events-sui-qianwan-li-ao-wangyi.json","sui-qianwan-2013-02-17-meets-cheng-jianying-at-barber-alley","{""id"":""sui-qianwan-2013-02-17-meets-cheng-jianying-at-barber-alley"",""date"":""2013-02-17"",""displayDate"":""2013年2月17日星期日"",""datePrecision"":""day"",""title"":""李敖在小巷理发时遇到程建英谈选举"",""summary"":""《2013年2月》写，李敖在小巷中理发，碰到洗头的程建英；两人谈到一年前她支持宋楚瑜、后来后悔选马英九，以及大陆对台湾政治判断的问题。"",""view"":[""日常线"",""政治线"",""交游线""],""tags"":[""虽千万人，李敖往矣"",""程建英"",""理发"",""宋楚瑜"",""马英九"",""日常""],""people"":[""李敖"",""程建英"",""宋楚瑜"",""马英九"",""陈水扁""],""places"":[""台北""],""works"":[""虽千万人，李敖往矣""],""certainty"":""confirmed"",""source"":{""book"":""虽千万人，李敖往矣"",""chapter"":""008.2013年2月"",""path"":""《大李敖全集5.0》（wjm_tcy版）分章节/005.诗集语录类/005.虽千万人，李敖往矣/008.2013年2月.txt"",""line"":103},""dataFile"":""data/timeline-events-sui-qianwan-li-ao-wangyi.json""}"
"27025","2013","2013-03-13","2013年3月13日星期三","day","confirmed","“哈啰李敖”恢复两个月后逼近四百万粉丝","《2013年3月》写，李敖恢复“哈啰李敖”两个月后，粉丝数已逼近四百万。他把欧亨利《四百万》的纽约众生相挪用到自己的微博读者规模上。","李敖","大陆网络平台","虽千万人，李敖往矣、哈啰李敖、微博、四百万粉丝、欧亨利","媒体线、网络线、晚年线","虽千万人，李敖往矣、哈啰李敖、四百万","book8-2013-01-13-resumes-weibo-and-accepts-global-people-interview","虽千万人，李敖往矣","009.2013年3月","79","《大李敖全集5.0》（wjm_tcy版）分章节/005.诗集语录类/005.虽千万人，李敖往矣/009.2013年3月.txt","","[]","data/timeline-events-sui-qianwan-li-ao-wangyi.json","sui-qianwan-2013-03-13-hello-li-ao-nears-four-million-followers","{""id"":""sui-qianwan-2013-03-13-hello-li-ao-nears-four-million-followers"",""date"":""2013-03-13"",""displayDate"":""2013年3月13日星期三"",""datePrecision"":""day"",""title"":""“哈啰李敖”恢复两个月后逼近四百万粉丝"",""summary"":""《2013年3月》写，李敖恢复“哈啰李敖”两个月后，粉丝数已逼近四百万。他把欧亨利《四百万》的纽约众生相挪用到自己的微博读者规模上。"",""view"":[""媒体线"",""网络线"",""晚年线""],""tags"":[""虽千万人，李敖往矣"",""哈啰李敖"",""微博"",""四百万粉丝"",""欧亨利""],""people"":[""李敖""],""places"":[""大陆网络平台""],""works"":[""虽千万人，李敖往矣"",""哈啰李敖"",""四百万""],""certainty"":""confirmed"",""source"":{""book"":""虽千万人，李敖往矣"",""chapter"":""009.2013年3月"",""path"":""《大李敖全集5.0》（wjm_tcy版）分章节/005.诗集语录类/005.虽千万人，李敖往矣/009.2013年3月.txt"",""line"":79},""crossReferences"":[""book8-2013-01-13-resumes-weibo-and-accepts-global-people-interview""],""dataFile"":""data/timeline-events-sui-qianwan-li-ao-wangyi.json""}"
"27026","2013","2013-03-16","2013年3月16日星期六","day","confirmed","李敖在认证“哈啰李敖”下引导读者到“李敖丛书·上书网”买书","《2013年3月》写，李敖在“哈啰李敖”V字认证下第二行标出“李敖丛书·上书网”，提醒读者可购买台湾出版的繁体字书和禁书。这条补出他把微博流量导入图书销售与真本辨识的实际做法。","李敖","大陆网络平台、台湾","虽千万人，李敖往矣、哈啰李敖、上书网、李敖丛书、繁体书、禁书","出版线、网络线、商业线","虽千万人，李敖往矣、哈啰李敖、李敖丛书","","虽千万人，李敖往矣","009.2013年3月","97","《大李敖全集5.0》（wjm_tcy版）分章节/005.诗集语录类/005.虽千万人，李敖往矣/009.2013年3月.txt","","[]","data/timeline-events-sui-qianwan-li-ao-wangyi.json","sui-qianwan-2013-03-16-promotes-shangshuwang-under-verified-hello-li-ao","{""id"":""sui-qianwan-2013-03-16-promotes-shangshuwang-under-verified-hello-li-ao"",""date"":""2013-03-16"",""displayDate"":""2013年3月16日星期六"",""datePrecision"":""day"",""title"":""李敖在认证“哈啰李敖”下引导读者到“李敖丛书·上书网”买书"",""summary"":""《2013年3月》写，李敖在“哈啰李敖”V字认证下第二行标出“李敖丛书·上书网”，提醒读者可购买台湾出版的繁体字书和禁书。这条补出他把微博流量导入图书销售与真本辨识的实际做法。"",""view"":[""出版线"",""网络线"",""商业线""],""tags"":[""虽千万人，李敖往矣"",""哈啰李敖"",""上书网"",""李敖丛书"",""繁体书"",""禁书""],""people"":[""李敖""],""places"":[""大陆网络平台"",""台湾""],""works"":[""虽千万人，李敖往矣"",""哈啰李敖"",""李敖丛书""],""certainty"":""confirmed"",""source"":{""book"":""虽千万人，李敖往矣"",""chapter"":""009.2013年3月"",""path"":""《大李敖全集5.0》（wjm_tcy版）分章节/005.诗集语录类/005.虽千万人，李敖往矣/009.2013年3月.txt"",""line"":97},""dataFile"":""data/timeline-events-sui-qianwan-li-ao-wangyi.json""}"
"27027","2013","2013-04-08","2013年4月8日星期一","day","confirmed","李敖单干编纂八十巨册《李敖大全集》","《2013年4月》写，李敖称自己书房充栋却没有助手，当前主力是在2015年前编完八十巨册《李敖大全集》，且称这种工作别人帮不上忙，是典型手工业。","李敖","李敖书房","虽千万人，李敖往矣、李敖大全集、八十册、书房、单干、手工业","写作线、出版线、书房线","虽千万人，李敖往矣、李敖大全集","","虽千万人，李敖往矣","010.2013年4月","49","《大李敖全集5.0》（wjm_tcy版）分章节/005.诗集语录类/005.虽千万人，李敖往矣/010.2013年4月.txt","","[]","data/timeline-events-sui-qianwan-li-ao-wangyi.json","sui-qianwan-2013-04-08-compiles-eighty-volume-li-ao-complete-works-alone","{""id"":""sui-qianwan-2013-04-08-compiles-eighty-volume-li-ao-complete-works-alone"",""date"":""2013-04-08"",""displayDate"":""2013年4月8日星期一"",""datePrecision"":""day"",""title"":""李敖单干编纂八十巨册《李敖大全集》"",""summary"":""《2013年4月》写，李敖称自己书房充栋却没有助手，当前主力是在2015年前编完八十巨册《李敖大全集》，且称这种工作别人帮不上忙，是典型手工业。"",""view"":[""写作线"",""出版线"",""书房线""],""tags"":[""虽千万人，李敖往矣"",""李敖大全集"",""八十册"",""书房"",""单干"",""手工业""],""people"":[""李敖""],""places"":[""李敖书房""],""works"":[""虽千万人，李敖往矣"",""李敖大全集""],""certainty"":""confirmed"",""source"":{""book"":""虽千万人，李敖往矣"",""chapter"":""010.2013年4月"",""path"":""《大李敖全集5.0》（wjm_tcy版）分章节/005.诗集语录类/005.虽千万人，李敖往矣/010.2013年4月.txt"",""line"":49},""dataFile"":""data/timeline-events-sui-qianwan-li-ao-wangyi.json""}"
"27028","2013","2013-04-12","2013年4月12日星期五","day","confirmed","李敖在西餐厅看见彭明敏","《2013年4月》写，李敖在西餐厅坐下后，小屯提醒他那边是彭明敏；李敖回头确认，并由此回想43年前二人同吃西餐后，彭亡命海外、自己入狱的往事。","李敖、彭明敏、小屯","台湾、西餐厅","虽千万人，李敖往矣、彭明敏、小屯、西餐厅、旧交、台独","交游线、政治旧案线、日常线","虽千万人，李敖往矣","","虽千万人，李敖往矣","010.2013年4月","73","《大李敖全集5.0》（wjm_tcy版）分章节/005.诗集语录类/005.虽千万人，李敖往矣/010.2013年4月.txt","","[]","data/timeline-events-sui-qianwan-li-ao-wangyi.json","sui-qianwan-2013-04-12-sees-peng-mingmin-in-western-restaurant","{""id"":""sui-qianwan-2013-04-12-sees-peng-mingmin-in-western-restaurant"",""date"":""2013-04-12"",""displayDate"":""2013年4月12日星期五"",""datePrecision"":""day"",""title"":""李敖在西餐厅看见彭明敏"",""summary"":""《2013年4月》写，李敖在西餐厅坐下后，小屯提醒他那边是彭明敏；李敖回头确认，并由此回想43年前二人同吃西餐后，彭亡命海外、自己入狱的往事。"",""view"":[""交游线"",""政治旧案线"",""日常线""],""tags"":[""虽千万人，李敖往矣"",""彭明敏"",""小屯"",""西餐厅"",""旧交"",""台独""],""people"":[""李敖"",""彭明敏"",""小屯""],""places"":[""台湾"",""西餐厅""],""works"":[""虽千万人，李敖往矣""],""certainty"":""confirmed"",""source"":{""book"":""虽千万人，李敖往矣"",""chapter"":""010.2013年4月"",""path"":""《大李敖全集5.0》（wjm_tcy版）分章节/005.诗集语录类/005.虽千万人，李敖往矣/010.2013年4月.txt"",""line"":73},""dataFile"":""data/timeline-events-sui-qianwan-li-ao-wangyi.json""}"
"27029","2013","2013-04-13","2013年4月13日星期六","day","confirmed","李敖给石齐平新书写序后被出版社“断头求生”","《2013年4月》写，石齐平新书《中国：大趋势，大博弈》请李敖写序；序写好后，长江文艺出版社说审查通不过，只好把序删去。李敖说他由此联想到自己近五十年前在台湾写序被国民党掐死的旧经验。","李敖、石齐平","台湾、大陆","虽千万人，李敖往矣、石齐平、中国：大趋势，大博弈、序、长江文艺出版社、审查","写作线、出版线、审查线","虽千万人，李敖往矣、中国：大趋势，大博弈","ni-bendan-2010-02-26-writes-preface-for-chinas-big-trend","虽千万人，李敖往矣","010.2013年4月","79","《大李敖全集5.0》（wjm_tcy版）分章节/005.诗集语录类/005.虽千万人，李敖往矣/010.2013年4月.txt","","[]","data/timeline-events-sui-qianwan-li-ao-wangyi.json","sui-qianwan-2013-04-13-shi-qiping-new-book-preface-censored","{""id"":""sui-qianwan-2013-04-13-shi-qiping-new-book-preface-censored"",""date"":""2013-04-13"",""displayDate"":""2013年4月13日星期六"",""datePrecision"":""day"",""title"":""李敖给石齐平新书写序后被出版社“断头求生”"",""summary"":""《2013年4月》写，石齐平新书《中国：大趋势，大博弈》请李敖写序；序写好后，长江文艺出版社说审查通不过，只好把序删去。李敖说他由此联想到自己近五十年前在台湾写序被国民党掐死的旧经验。"",""view"":[""写作线"",""出版线"",""审查线""],""tags"":[""虽千万人，李敖往矣"",""石齐平"",""中国：大趋势，大博弈"",""序"",""长江文艺出版社"",""审查""],""people"":[""李敖"",""石齐平""],""places"":[""台湾"",""大陆""],""works"":[""虽千万人，李敖往矣"",""中国：大趋势，大博弈""],""certainty"":""confirmed"",""source"":{""book"":""虽千万人，李敖往矣"",""chapter"":""010.2013年4月"",""path"":""《大李敖全集5.0》（wjm_tcy版）分章节/005.诗集语录类/005.虽千万人，李敖往矣/010.2013年4月.txt"",""line"":79},""crossReferences"":[""ni-bendan-2010-02-26-writes-preface-for-chinas-big-trend""],""dataFile"":""data/timeline-events-sui-qianwan-li-ao-wangyi.json""}"
"27030","2013","2013-04-29","2013年4月29日星期一","day","confirmed","高金素梅在十字路口叫住李敖","《2013年4月》写，高金素梅在十字路口叫住李敖，并先为没有化妆道歉；李敖称赞她淡妆也是美人，又提到自己曾以百万元捐款赞助她赴靖国神社抗争。","李敖、高金素梅","台湾","虽千万人，李敖往矣、高金素梅、十字路口、靖国神社、捐款","交游线、政治线、日常线","虽千万人，李敖往矣","","虽千万人，李敖往矣","010.2013年4月","175","《大李敖全集5.0》（wjm_tcy版）分章节/005.诗集语录类/005.虽千万人，李敖往矣/010.2013年4月.txt","","[]","data/timeline-events-sui-qianwan-li-ao-wangyi.json","sui-qianwan-2013-04-29-meets-kao-chin-sumei-at-crossroad","{""id"":""sui-qianwan-2013-04-29-meets-kao-chin-sumei-at-crossroad"",""date"":""2013-04-29"",""displayDate"":""2013年4月29日星期一"",""datePrecision"":""day"",""title"":""高金素梅在十字路口叫住李敖"",""summary"":""《2013年4月》写，高金素梅在十字路口叫住李敖，并先为没有化妆道歉；李敖称赞她淡妆也是美人，又提到自己曾以百万元捐款赞助她赴靖国神社抗争。"",""view"":[""交游线"",""政治线"",""日常线""],""tags"":[""虽千万人，李敖往矣"",""高金素梅"",""十字路口"",""靖国神社"",""捐款""],""people"":[""李敖"",""高金素梅""],""places"":[""台湾""],""works"":[""虽千万人，李敖往矣""],""certainty"":""confirmed"",""source"":{""book"":""虽千万人，李敖往矣"",""chapter"":""010.2013年4月"",""path"":""《大李敖全集5.0》（wjm_tcy版）分章节/005.诗集语录类/005.虽千万人，李敖往矣/010.2013年4月.txt"",""line"":175},""dataFile"":""data/timeline-events-sui-qianwan-li-ao-wangyi.json""}"
"27031","2013","2013-05-01","2013年5月1日星期三","day","confirmed","外界盛传李敖暴毙，李敖建议李庆华以“李敖之鬼”回应","《2013年5月》写，外界从4月初到5月初盛传李敖暴毙，记者涌到好友李庆华办公室求证；李敖建议李庆华说刚通过电话，但对方不是李敖而是“李敖之鬼”。","李敖、李庆华","台湾","虽千万人，李敖往矣、死讯谣言、李庆华、记者、自嘲","媒体线、交游线、晚年线","虽千万人，李敖往矣","","虽千万人，李敖往矣","011.2013年5月","7","《大李敖全集5.0》（wjm_tcy版）分章节/005.诗集语录类/005.虽千万人，李敖往矣/011.2013年5月.txt","","[]","data/timeline-events-sui-qianwan-li-ao-wangyi.json","sui-qianwan-2013-05-01-death-rumor-and-li-qinghua-response","{""id"":""sui-qianwan-2013-05-01-death-rumor-and-li-qinghua-response"",""date"":""2013-05-01"",""displayDate"":""2013年5月1日星期三"",""datePrecision"":""day"",""title"":""外界盛传李敖暴毙，李敖建议李庆华以“李敖之鬼”回应"",""summary"":""《2013年5月》写，外界从4月初到5月初盛传李敖暴毙，记者涌到好友李庆华办公室求证；李敖建议李庆华说刚通过电话，但对方不是李敖而是“李敖之鬼”。"",""view"":[""媒体线"",""交游线"",""晚年线""],""tags"":[""虽千万人，李敖往矣"",""死讯谣言"",""李庆华"",""记者"",""自嘲""],""people"":[""李敖"",""李庆华""],""places"":[""台湾""],""works"":[""虽千万人，李敖往矣""],""certainty"":""confirmed"",""source"":{""book"":""虽千万人，李敖往矣"",""chapter"":""011.2013年5月"",""path"":""《大李敖全集5.0》（wjm_tcy版）分章节/005.诗集语录类/005.虽千万人，李敖往矣/011.2013年5月.txt"",""line"":7},""dataFile"":""data/timeline-events-sui-qianwan-li-ao-wangyi.json""}"
"27032","2013","2013-05-02","2013年5月2日星期四","day","confirmed","北京新鲜胡同小学转来给李敖校友的纪念册","《2013年5月》写，北京新鲜胡同小学校长孙文燕转来礼物，是小朋友们为李敖校友制作的纪念册。李敖由这所小学的历史，追想魏忠贤生祠、八旗贵族学校与人民学校的变迁。","李敖、孙文燕","北京、新鲜胡同小学","虽千万人，李敖往矣、新鲜胡同小学、孙文燕、纪念册、校友、北京","教育线、交游线、身世线","虽千万人，李敖往矣","","虽千万人，李敖往矣","011.2013年5月","13","《大李敖全集5.0》（wjm_tcy版）分章节/005.诗集语录类/005.虽千万人，李敖往矣/011.2013年5月.txt","","[]","data/timeline-events-sui-qianwan-li-ao-wangyi.json","sui-qianwan-2013-05-02-receives-xinxian-hutong-primary-school-album","{""id"":""sui-qianwan-2013-05-02-receives-xinxian-hutong-primary-school-album"",""date"":""2013-05-02"",""displayDate"":""2013年5月2日星期四"",""datePrecision"":""day"",""title"":""北京新鲜胡同小学转来给李敖校友的纪念册"",""summary"":""《2013年5月》写，北京新鲜胡同小学校长孙文燕转来礼物，是小朋友们为李敖校友制作的纪念册。李敖由这所小学的历史，追想魏忠贤生祠、八旗贵族学校与人民学校的变迁。"",""view"":[""教育线"",""交游线"",""身世线""],""tags"":[""虽千万人，李敖往矣"",""新鲜胡同小学"",""孙文燕"",""纪念册"",""校友"",""北京""],""people"":[""李敖"",""孙文燕""],""places"":[""北京"",""新鲜胡同小学""],""works"":[""虽千万人，李敖往矣""],""certainty"":""confirmed"",""source"":{""book"":""虽千万人，李敖往矣"",""chapter"":""011.2013年5月"",""path"":""《大李敖全集5.0》（wjm_tcy版）分章节/005.诗集语录类/005.虽千万人，李敖往矣/011.2013年5月.txt"",""line"":13},""dataFile"":""data/timeline-events-sui-qianwan-li-ao-wangyi.json""}"
"27033","2013","2013-05-06","2013年5月6日星期一","day","confirmed","磨铁取得《李敖大全集》版权后重出仍遇重新审查","《2013年5月》写，磨铁从友谊公司取得《李敖大全集》版权，李敖讥其只敢出别人出过的旧书；但重出之日仍躲不过官方重新审查，删得比十一年前还凶。","李敖","大陆","虽千万人，李敖往矣、磨铁、友谊公司、李敖大全集、版权、重新审查","出版线、审查线、两岸线","虽千万人，李敖往矣、李敖大全集","","虽千万人，李敖往矣","011.2013年5月","37","《大李敖全集5.0》（wjm_tcy版）分章节/005.诗集语录类/005.虽千万人，李敖往矣/011.2013年5月.txt","","[]","data/timeline-events-sui-qianwan-li-ao-wangyi.json","sui-qianwan-2013-05-06-motie-gets-complete-works-rights-and-faces-recensorship","{""id"":""sui-qianwan-2013-05-06-motie-gets-complete-works-rights-and-faces-recensorship"",""date"":""2013-05-06"",""displayDate"":""2013年5月6日星期一"",""datePrecision"":""day"",""title"":""磨铁取得《李敖大全集》版权后重出仍遇重新审查"",""summary"":""《2013年5月》写，磨铁从友谊公司取得《李敖大全集》版权，李敖讥其只敢出别人出过的旧书；但重出之日仍躲不过官方重新审查，删得比十一年前还凶。"",""view"":[""出版线"",""审查线"",""两岸线""],""tags"":[""虽千万人，李敖往矣"",""磨铁"",""友谊公司"",""李敖大全集"",""版权"",""重新审查""],""people"":[""李敖""],""places"":[""大陆""],""works"":[""虽千万人，李敖往矣"",""李敖大全集""],""certainty"":""confirmed"",""source"":{""book"":""虽千万人，李敖往矣"",""chapter"":""011.2013年5月"",""path"":""《大李敖全集5.0》（wjm_tcy版）分章节/005.诗集语录类/005.虽千万人，李敖往矣/011.2013年5月.txt"",""line"":37},""dataFile"":""data/timeline-events-sui-qianwan-li-ao-wangyi.json""}"
"27034","2013","2013-05-11","2013年5月11日星期六","day","confirmed","许以祺从北京来台与李敖共进“最后的午餐”","《2013年5月》写，老友许以祺从北京来，与李敖在故友黄三追随者开的店中午餐；李敖对他说，除非自己活过一百岁，以后不再见面，称这顿饭是“最后的午餐”。","李敖、许以祺、黄三","台湾","虽千万人，李敖往矣、许以祺、黄三、午餐、北京、故友","交游线、日常线、晚年线","虽千万人，李敖往矣","micang-diary-1985-03-19-receives-xu-yiqi-hong-kong-call-on-jiangnan-risk-and-travelogues","虽千万人，李敖往矣","011.2013年5月","67","《大李敖全集5.0》（wjm_tcy版）分章节/005.诗集语录类/005.虽千万人，李敖往矣/011.2013年5月.txt","","[]","data/timeline-events-sui-qianwan-li-ao-wangyi.json","sui-qianwan-2013-05-11-lunches-with-xu-yiqi","{""id"":""sui-qianwan-2013-05-11-lunches-with-xu-yiqi"",""date"":""2013-05-11"",""displayDate"":""2013年5月11日星期六"",""datePrecision"":""day"",""title"":""许以祺从北京来台与李敖共进“最后的午餐”"",""summary"":""《2013年5月》写，老友许以祺从北京来，与李敖在故友黄三追随者开的店中午餐；李敖对他说，除非自己活过一百岁，以后不再见面，称这顿饭是“最后的午餐”。"",""view"":[""交游线"",""日常线"",""晚年线""],""tags"":[""虽千万人，李敖往矣"",""许以祺"",""黄三"",""午餐"",""北京"",""故友""],""people"":[""李敖"",""许以祺"",""黄三""],""places"":[""台湾""],""works"":[""虽千万人，李敖往矣""],""certainty"":""confirmed"",""source"":{""book"":""虽千万人，李敖往矣"",""chapter"":""011.2013年5月"",""path"":""《大李敖全集5.0》（wjm_tcy版）分章节/005.诗集语录类/005.虽千万人，李敖往矣/011.2013年5月.txt"",""line"":67},""crossReferences"":[""micang-diary-1985-03-19-receives-xu-yiqi-hong-kong-call-on-jiangnan-risk-and-travelogues""],""dataFile"":""data/timeline-events-sui-qianwan-li-ao-wangyi.json""}"
"27035","2013","2013-05-17","2013年5月17日星期五","day","confirmed","李敖与小屯、赖岳忠、慧婷重游碧潭","《2013年5月》写，小屯提议去碧潭午餐，赖岳忠与慧婷附议；李敖到了碧潭并走上吊桥，被小屯说是重温五十年前曾租屋于此的旧梦。","李敖、小屯、赖岳忠、慧婷","碧潭","虽千万人，李敖往矣、碧潭、小屯、赖岳忠、慧婷、午餐","日常线、家庭线、交游线","虽千万人，李敖往矣","","虽千万人，李敖往矣","011.2013年5月","103","《大李敖全集5.0》（wjm_tcy版）分章节/005.诗集语录类/005.虽千万人，李敖往矣/011.2013年5月.txt","","[]","data/timeline-events-sui-qianwan-li-ao-wangyi.json","sui-qianwan-2013-05-17-revisits-bitan-with-xiaotun-lai-yuezhong-huiting","{""id"":""sui-qianwan-2013-05-17-revisits-bitan-with-xiaotun-lai-yuezhong-huiting"",""date"":""2013-05-17"",""displayDate"":""2013年5月17日星期五"",""datePrecision"":""day"",""title"":""李敖与小屯、赖岳忠、慧婷重游碧潭"",""summary"":""《2013年5月》写，小屯提议去碧潭午餐，赖岳忠与慧婷附议；李敖到了碧潭并走上吊桥，被小屯说是重温五十年前曾租屋于此的旧梦。"",""view"":[""日常线"",""家庭线"",""交游线""],""tags"":[""虽千万人，李敖往矣"",""碧潭"",""小屯"",""赖岳忠"",""慧婷"",""午餐""],""people"":[""李敖"",""小屯"",""赖岳忠"",""慧婷""],""places"":[""碧潭""],""works"":[""虽千万人，李敖往矣""],""certainty"":""confirmed"",""source"":{""book"":""虽千万人，李敖往矣"",""chapter"":""011.2013年5月"",""path"":""《大李敖全集5.0》（wjm_tcy版）分章节/005.诗集语录类/005.虽千万人，李敖往矣/011.2013年5月.txt"",""line"":103},""dataFile"":""data/timeline-events-sui-qianwan-li-ao-wangyi.json""}"
"27036","2013","2013-05-18","2013年5月18日星期六","day","confirmed","李敖与赖岳忠去书店，途中与读者合照并同乞丐握手","《2013年5月》写，李敖与赖岳忠去书店，坐捷运、穿过地下道后遇到读者要求合照；路边乞丐忽然起身伸手，李敖也笑着与他握手。","李敖、赖岳忠、读者","台北、捷运、书店","虽千万人，李敖往矣、书店、捷运、读者、乞丐、握手","日常线、读者线、交游线","虽千万人，李敖往矣","","虽千万人，李敖往矣","011.2013年5月","109","《大李敖全集5.0》（wjm_tcy版）分章节/005.诗集语录类/005.虽千万人，李敖往矣/011.2013年5月.txt","","[]","data/timeline-events-sui-qianwan-li-ao-wangyi.json","sui-qianwan-2013-05-18-bookstore-mrt-reader-and-beggar-handshake","{""id"":""sui-qianwan-2013-05-18-bookstore-mrt-reader-and-beggar-handshake"",""date"":""2013-05-18"",""displayDate"":""2013年5月18日星期六"",""datePrecision"":""day"",""title"":""李敖与赖岳忠去书店，途中与读者合照并同乞丐握手"",""summary"":""《2013年5月》写，李敖与赖岳忠去书店，坐捷运、穿过地下道后遇到读者要求合照；路边乞丐忽然起身伸手，李敖也笑着与他握手。"",""view"":[""日常线"",""读者线"",""交游线""],""tags"":[""虽千万人，李敖往矣"",""书店"",""捷运"",""读者"",""乞丐"",""握手""],""people"":[""李敖"",""赖岳忠"",""读者""],""places"":[""台北"",""捷运"",""书店""],""works"":[""虽千万人，李敖往矣""],""certainty"":""confirmed"",""source"":{""book"":""虽千万人，李敖往矣"",""chapter"":""011.2013年5月"",""path"":""《大李敖全集5.0》（wjm_tcy版）分章节/005.诗集语录类/005.虽千万人，李敖往矣/011.2013年5月.txt"",""line"":109},""dataFile"":""data/timeline-events-sui-qianwan-li-ao-wangyi.json""}"
"27037","2013","2013-05-28","2013年5月28日星期二","day","confirmed","陈淑琬从香港来并把最新网络内容给李敖看","《2013年5月》写，陈淑琬从香港来，打开手机把最新网络内容给李敖看；李敖一边看一边赞叹大陆网友写出的讽刺顺口溜，把它视为民声与民心变化。","李敖、陈淑琬","香港、台湾、大陆网络","虽千万人，李敖往矣、陈淑琬、香港、手机、网络、顺口溜","交游线、网络线、两岸线","虽千万人，李敖往矣","","虽千万人，李敖往矣","011.2013年5月","169","《大李敖全集5.0》（wjm_tcy版）分章节/005.诗集语录类/005.虽千万人，李敖往矣/011.2013年5月.txt","","[]","data/timeline-events-sui-qianwan-li-ao-wangyi.json","sui-qianwan-2013-05-28-chen-shuwan-shows-online-rhymes-from-hong-kong","{""id"":""sui-qianwan-2013-05-28-chen-shuwan-shows-online-rhymes-from-hong-kong"",""date"":""2013-05-28"",""displayDate"":""2013年5月28日星期二"",""datePrecision"":""day"",""title"":""陈淑琬从香港来并把最新网络内容给李敖看"",""summary"":""《2013年5月》写，陈淑琬从香港来，打开手机把最新网络内容给李敖看；李敖一边看一边赞叹大陆网友写出的讽刺顺口溜，把它视为民声与民心变化。"",""view"":[""交游线"",""网络线"",""两岸线""],""tags"":[""虽千万人，李敖往矣"",""陈淑琬"",""香港"",""手机"",""网络"",""顺口溜""],""people"":[""李敖"",""陈淑琬""],""places"":[""香港"",""台湾"",""大陆网络""],""works"":[""虽千万人，李敖往矣""],""certainty"":""confirmed"",""source"":{""book"":""虽千万人，李敖往矣"",""chapter"":""011.2013年5月"",""path"":""《大李敖全集5.0》（wjm_tcy版）分章节/005.诗集语录类/005.虽千万人，李敖往矣/011.2013年5月.txt"",""line"":169},""dataFile"":""data/timeline-events-sui-qianwan-li-ao-wangyi.json""}"
"27038","2013","2013-06-01","2013年6月1日星期六","day","confirmed","李戡传来《人民日报》宪法专论并问李敖意见","《2013年6月》写，李戡传来5月31日《人民日报》专论，并询问李敖对百年来中国宪法问题的看法；李敖据此写下对中国近代宪政失败的短评。","李敖、李戡","台湾、北京","虽千万人，李敖往矣、李戡、人民日报、宪法、宪政、父子","家庭线、政治线、写作线","虽千万人，李敖往矣、人民日报","","虽千万人，李敖往矣","012.2013年6月","7","《大李敖全集5.0》（wjm_tcy版）分章节/005.诗集语录类/005.虽千万人，李敖往矣/012.2013年6月.txt","","[]","data/timeline-events-sui-qianwan-li-ao-wangyi.json","sui-qianwan-2013-06-01-li-kan-sends-peoples-daily-constitutionalism-article","{""id"":""sui-qianwan-2013-06-01-li-kan-sends-peoples-daily-constitutionalism-article"",""date"":""2013-06-01"",""displayDate"":""2013年6月1日星期六"",""datePrecision"":""day"",""title"":""李戡传来《人民日报》宪法专论并问李敖意见"",""summary"":""《2013年6月》写，李戡传来5月31日《人民日报》专论，并询问李敖对百年来中国宪法问题的看法；李敖据此写下对中国近代宪政失败的短评。"",""view"":[""家庭线"",""政治线"",""写作线""],""tags"":[""虽千万人，李敖往矣"",""李戡"",""人民日报"",""宪法"",""宪政"",""父子""],""people"":[""李敖"",""李戡""],""places"":[""台湾"",""北京""],""works"":[""虽千万人，李敖往矣"",""人民日报""],""certainty"":""confirmed"",""source"":{""book"":""虽千万人，李敖往矣"",""chapter"":""012.2013年6月"",""path"":""《大李敖全集5.0》（wjm_tcy版）分章节/005.诗集语录类/005.虽千万人，李敖往矣/012.2013年6月.txt"",""line"":7},""dataFile"":""data/timeline-events-sui-qianwan-li-ao-wangyi.json""}"
"27039","2013","2013-06-09","2013年6月9日星期日","day","confirmed","李敖放弃清晨伏案工作出门散步","《2013年6月》写，李敖清晨因阳光相邀，放弃6点到8点的伏案工作，走出户外散步；他也借此说明自己是工作狂，对运动和散步的态度。","李敖","台湾","虽千万人，李敖往矣、散步、伏案工作、阳光、工作狂、健康","日常线、健康线、写作线","虽千万人，李敖往矣","","虽千万人，李敖往矣","012.2013年6月","55","《大李敖全集5.0》（wjm_tcy版）分章节/005.诗集语录类/005.虽千万人，李敖往矣/012.2013年6月.txt","","[]","data/timeline-events-sui-qianwan-li-ao-wangyi.json","sui-qianwan-2013-06-09-skips-desk-work-for-sunshine-walk","{""id"":""sui-qianwan-2013-06-09-skips-desk-work-for-sunshine-walk"",""date"":""2013-06-09"",""displayDate"":""2013年6月9日星期日"",""datePrecision"":""day"",""title"":""李敖放弃清晨伏案工作出门散步"",""summary"":""《2013年6月》写，李敖清晨因阳光相邀，放弃6点到8点的伏案工作，走出户外散步；他也借此说明自己是工作狂，对运动和散步的态度。"",""view"":[""日常线"",""健康线"",""写作线""],""tags"":[""虽千万人，李敖往矣"",""散步"",""伏案工作"",""阳光"",""工作狂"",""健康""],""people"":[""李敖""],""places"":[""台湾""],""works"":[""虽千万人，李敖往矣""],""certainty"":""confirmed"",""source"":{""book"":""虽千万人，李敖往矣"",""chapter"":""012.2013年6月"",""path"":""《大李敖全集5.0》（wjm_tcy版）分章节/005.诗集语录类/005.虽千万人，李敖往矣/012.2013年6月.txt"",""line"":55},""dataFile"":""data/timeline-events-sui-qianwan-li-ao-wangyi.json""}"
"27040","2013","2013-06-14","2013-06-14","day","","李敖上《康熙来了》现场辟死亡传闻，并说身后只有自己和蔡康永会写得最好","《康熙来了》以网络死讯开场，李敖现身说法，谈美国来电打听他是否还活着，又说这种事像陶渊明自祭，身后写得最好的会是自己与蔡康永。","李敖、蔡康永、徐熙娣","台湾","李敖政论综艺集、第十七轮、电视节目、第161集、康熙来了、死亡传闻、自祭、蔡康永","public","康熙来了","li-ao-zhenglun-zongyiji-024-becomes-first-guest-of-kangxi、li-ao-zhenglun-zongyiji-122-frames-small-s-lawsuit-as-self-prosecution-and-malicious-innuendo-case","","","","","","[]","data/timeline-events-li-ao-zhenglun-zongyiji.json","li-ao-zhenglun-zongyiji-161-appears-on-kangxi-to-refute-death-rumor-and-imagines-own-memorial","{""id"":""li-ao-zhenglun-zongyiji-161-appears-on-kangxi-to-refute-death-rumor-and-imagines-own-memorial"",""date"":""2013-06-14"",""year"":2013,""month"":6,""day"":14,""title"":""李敖上《康熙来了》现场辟死亡传闻，并说身后只有自己和蔡康永会写得最好"",""summary"":""《康熙来了》以网络死讯开场，李敖现身说法，谈美国来电打听他是否还活着，又说这种事像陶渊明自祭，身后写得最好的会是自己与蔡康永。"",""category"":""media"",""source"":""《大李敖全集5.0》（wjm_tcy版）分章节/010.节目演讲类/012.李敖政论综艺集/161.20130614《康熙来了》.txt"",""sourceLines"":[3,97],""lineCount"":1045,""people"":[""李敖"",""蔡康永"",""徐熙娣""],""places"":[""台湾""],""works"":[""康熙来了""],""tags"":[""李敖政论综艺集"",""第十七轮"",""电视节目"",""第161集"",""康熙来了"",""死亡传闻"",""自祭"",""蔡康永""],""crossReferences"":[""li-ao-zhenglun-zongyiji-024-becomes-first-guest-of-kangxi"",""li-ao-zhenglun-zongyiji-122-frames-small-s-lawsuit-as-self-prosecution-and-malicious-innuendo-case""],""view"":[""public""],""confidence"":""high"",""round"":""li-ao-zhenglun-zongyiji-round017-161-170"",""dataFile"":""data/timeline-events-li-ao-zhenglun-zongyiji.json""}"
"27041","2013","2013-06-14","2013-06-14","day","","李敖从多张桌子轮流写稿，谈到二百万字好中文选句工程","他说自己用原子笔、钢笔、毛笔变换手势，家中多张桌子各写一个题目，像夜里转台；后来又说读书会剪下重点，想做一个团队工程，逐一判定真正好的中文和唯一好的字句。","李敖","台湾","李敖政论综艺集、第十七轮、电视节目、第161集、康熙来了、写作方法、原子笔、多桌写作、好中文、剪书","public","康熙来了、李敖大全集","","","","","","","[]","data/timeline-events-li-ao-zhenglun-zongyiji.json","li-ao-zhenglun-zongyiji-161-explains-multi-desk-writing-and-good-chinese-word-choice-project","{""id"":""li-ao-zhenglun-zongyiji-161-explains-multi-desk-writing-and-good-chinese-word-choice-project"",""date"":""2013-06-14"",""year"":2013,""month"":6,""day"":14,""title"":""李敖从多张桌子轮流写稿，谈到二百万字好中文选句工程"",""summary"":""他说自己用原子笔、钢笔、毛笔变换手势，家中多张桌子各写一个题目，像夜里转台；后来又说读书会剪下重点，想做一个团队工程，逐一判定真正好的中文和唯一好的字句。"",""category"":""media"",""source"":""《大李敖全集5.0》（wjm_tcy版）分章节/010.节目演讲类/012.李敖政论综艺集/161.20130614《康熙来了》.txt"",""sourceLines"":[767,949],""lineCount"":1045,""people"":[""李敖""],""places"":[""台湾""],""works"":[""康熙来了"",""李敖大全集""],""tags"":[""李敖政论综艺集"",""第十七轮"",""电视节目"",""第161集"",""康熙来了"",""写作方法"",""原子笔"",""多桌写作"",""好中文"",""剪书""],""crossReferences"":[],""view"":[""public""],""confidence"":""high"",""round"":""li-ao-zhenglun-zongyiji-round017-161-170"",""dataFile"":""data/timeline-events-li-ao-zhenglun-zongyiji.json""}"
"27042","2013","2013-06-14","2013-06-14","day","","李敖用乞丐只要握手的故事，说明不给钱也可给人温暖","他回忆在火车站地下道遇到乞丐，对方没有要钱，只问能不能握手；他再引屠格涅夫《乞丐》的故事，说握手也是一种温暖，判断对方不向你要时就不要给钱。","李敖、屠格涅夫","台湾","李敖政论综艺集、第十七轮、电视节目、第161集、康熙来了、乞丐、握手、温暖、屠格涅夫、人情","public","康熙来了、乞丐","","","","","","","[]","data/timeline-events-li-ao-zhenglun-zongyiji.json","li-ao-zhenglun-zongyiji-161-uses-beggar-handshake-story-to-explain-warmth-without-giving-money","{""id"":""li-ao-zhenglun-zongyiji-161-uses-beggar-handshake-story-to-explain-warmth-without-giving-money"",""date"":""2013-06-14"",""year"":2013,""month"":6,""day"":14,""title"":""李敖用乞丐只要握手的故事，说明不给钱也可给人温暖"",""summary"":""他回忆在火车站地下道遇到乞丐，对方没有要钱，只问能不能握手；他再引屠格涅夫《乞丐》的故事，说握手也是一种温暖，判断对方不向你要时就不要给钱。"",""category"":""media"",""source"":""《大李敖全集5.0》（wjm_tcy版）分章节/010.节目演讲类/012.李敖政论综艺集/161.20130614《康熙来了》.txt"",""sourceLines"":[993,1009],""lineCount"":1045,""people"":[""李敖"",""屠格涅夫""],""places"":[""台湾""],""works"":[""康熙来了"",""乞丐""],""tags"":[""李敖政论综艺集"",""第十七轮"",""电视节目"",""第161集"",""康熙来了"",""乞丐"",""握手"",""温暖"",""屠格涅夫"",""人情""],""crossReferences"":[],""view"":[""public""],""confidence"":""high"",""round"":""li-ao-zhenglun-zongyiji-round017-161-170"",""dataFile"":""data/timeline-events-li-ao-zhenglun-zongyiji.json""}"
"27043","2013","2013-06-14","2013-06-14","day","","李敖在节目上掏出电击棒和现金，把自己描述成战斗型与脱身型人物","他现场掏兜展示电击棒，说这代表自己是战斗型、抵抗型；后面又拿出一大叠现金，解释打不过时把钱一撒，别人抢钱，他就趁机跑掉，并说不用信用卡也可避开消费行踪。","李敖、徐熙娣","台湾","李敖政论综艺集、第十七轮、电视节目、第161集、康熙来了、电击棒、现金、防身、战斗型、信用卡","public","康熙来了","li-ao-zhenglun-zongyiji-102-displays-self-defense-kit-and-no-phone-easycard-persona","","","","","","[]","data/timeline-events-li-ao-zhenglun-zongyiji.json","li-ao-zhenglun-zongyiji-161-carries-electric-baton-and-cash-as-combat-and-escape-persona","{""id"":""li-ao-zhenglun-zongyiji-161-carries-electric-baton-and-cash-as-combat-and-escape-persona"",""date"":""2013-06-14"",""year"":2013,""month"":6,""day"":14,""title"":""李敖在节目上掏出电击棒和现金，把自己描述成战斗型与脱身型人物"",""summary"":""他现场掏兜展示电击棒，说这代表自己是战斗型、抵抗型；后面又拿出一大叠现金，解释打不过时把钱一撒，别人抢钱，他就趁机跑掉，并说不用信用卡也可避开消费行踪。"",""category"":""media"",""source"":""《大李敖全集5.0》（wjm_tcy版）分章节/010.节目演讲类/012.李敖政论综艺集/161.20130614《康熙来了》.txt"",""sourceLines"":[71,245],""lineCount"":1045,""people"":[""李敖"",""徐熙娣""],""places"":[""台湾""],""works"":[""康熙来了""],""tags"":[""李敖政论综艺集"",""第十七轮"",""电视节目"",""第161集"",""康熙来了"",""电击棒"",""现金"",""防身"",""战斗型"",""信用卡""],""crossReferences"":[""li-ao-zhenglun-zongyiji-102-displays-self-defense-kit-and-no-phone-easycard-persona""],""view"":[""public""],""confidence"":""high"",""round"":""li-ao-zhenglun-zongyiji-round017-161-170"",""dataFile"":""data/timeline-events-li-ao-zhenglun-zongyiji.json""}"
"27044","2013","2013-06-14","2013-06-14","day","","李敖宣布要用文化基金会完成八十本《李敖大全集》，自称末代纸本书","他在节目上说现在要把《李敖大全集》完成，以李敖文化基金会名义推出，八十岁时写出八十本，比《鲁迅全集》多四倍；在《大英百科全书》不再出纸本后，他称自己是末代纸本的书。","李敖","台湾","李敖政论综艺集、第十七轮、电视节目、第161集、康熙来了、李敖大全集、文化基金会、纸本书、八十岁、著作等身","public","康熙来了、李敖大全集、鲁迅全集、大英百科全书、虚拟的十七岁","","","","","","","[]","data/timeline-events-li-ao-zhenglun-zongyiji.json","li-ao-zhenglun-zongyiji-161-announces-eighty-volume-complete-works-as-last-paper-book-project","{""id"":""li-ao-zhenglun-zongyiji-161-announces-eighty-volume-complete-works-as-last-paper-book-project"",""date"":""2013-06-14"",""year"":2013,""month"":6,""day"":14,""title"":""李敖宣布要用文化基金会完成八十本《李敖大全集》，自称末代纸本书"",""summary"":""他在节目上说现在要把《李敖大全集》完成，以李敖文化基金会名义推出，八十岁时写出八十本，比《鲁迅全集》多四倍；在《大英百科全书》不再出纸本后，他称自己是末代纸本的书。"",""category"":""media"",""source"":""《大李敖全集5.0》（wjm_tcy版）分章节/010.节目演讲类/012.李敖政论综艺集/161.20130614《康熙来了》.txt"",""sourceLines"":[417,441],""lineCount"":1045,""people"":[""李敖""],""places"":[""台湾""],""works"":[""康熙来了"",""李敖大全集"",""鲁迅全集"",""大英百科全书"",""虚拟的十七岁""],""tags"":[""李敖政论综艺集"",""第十七轮"",""电视节目"",""第161集"",""康熙来了"",""李敖大全集"",""文化基金会"",""纸本书"",""八十岁"",""著作等身""],""crossReferences"":[],""view"":[""public""],""confidence"":""high"",""round"":""li-ao-zhenglun-zongyiji-round017-161-170"",""dataFile"":""data/timeline-events-li-ao-zhenglun-zongyiji.json""}"
"27045","2013","2013-06-14","2013-06-14","day","","李敖带弘一法师油画上《康熙来了》，说卖一百万美元成立李敖文化基金会","他批评节目文化水平不足，带来弘一法师日本时期油画，说明收藏来源不能透露但可割爱；价格定为一百万美元，目标是快死前成立李敖文化基金会，并强调来源在李敖这边就是最好来源。","李敖、弘一法师、蔡康永、徐熙娣、潘石屹","台湾、日本、中国大陆","李敖政论综艺集、第十七轮、电视节目、第161集、康熙来了、弘一法师、油画、收藏、文化基金会、文物","public","康熙来了、李敖文化基金会","","","","","","","[]","data/timeline-events-li-ao-zhenglun-zongyiji.json","li-ao-zhenglun-zongyiji-161-brings-hongyi-painting-to-sell-for-culture-foundation-and-raise-kangxi-level","{""id"":""li-ao-zhenglun-zongyiji-161-brings-hongyi-painting-to-sell-for-culture-foundation-and-raise-kangxi-level"",""date"":""2013-06-14"",""year"":2013,""month"":6,""day"":14,""title"":""李敖带弘一法师油画上《康熙来了》，说卖一百万美元成立李敖文化基金会"",""summary"":""他批评节目文化水平不足，带来弘一法师日本时期油画，说明收藏来源不能透露但可割爱；价格定为一百万美元，目标是快死前成立李敖文化基金会，并强调来源在李敖这边就是最好来源。"",""category"":""media"",""source"":""《大李敖全集5.0》（wjm_tcy版）分章节/010.节目演讲类/012.李敖政论综艺集/161.20130614《康熙来了》.txt"",""sourceLines"":[297,363],""lineCount"":1045,""people"":[""李敖"",""弘一法师"",""蔡康永"",""徐熙娣"",""潘石屹""],""places"":[""台湾"",""日本"",""中国大陆""],""works"":[""康熙来了"",""李敖文化基金会""],""tags"":[""李敖政论综艺集"",""第十七轮"",""电视节目"",""第161集"",""康熙来了"",""弘一法师"",""油画"",""收藏"",""文化基金会"",""文物""],""crossReferences"":[],""view"":[""public""],""confidence"":""high"",""round"":""li-ao-zhenglun-zongyiji-round017-161-170"",""dataFile"":""data/timeline-events-li-ao-zhenglun-zongyiji.json""}"
"27046","2013","2013-06-14","2013-06-14","day","","李敖说为同小S比赛每天写一则微博，用iPad打字后由太太检查代发","蔡康永谈他在大陆微博每天一则，李敖说这是为了同小S比赛；他不会发文，只会用iPad放大字来打稿，再交给太太检查、偶尔由儿子帮忙发布。","李敖、蔡康永、徐熙娣、王志慧、李戡","台湾、中国大陆","李敖政论综艺集、第十七轮、电视节目、第161集、康熙来了、微博、一百四十字、小S、iPad、写作","public","康熙来了","li-ao-zhenglun-zongyiji-124-launches-hello-li-ao-across-facebook-weibo-and-qq","","","","","","[]","data/timeline-events-li-ao-zhenglun-zongyiji.json","li-ao-zhenglun-zongyiji-161-writes-daily-weibo-with-ipad-wife-posting-and-140-character-structure","{""id"":""li-ao-zhenglun-zongyiji-161-writes-daily-weibo-with-ipad-wife-posting-and-140-character-structure"",""date"":""2013-06-14"",""year"":2013,""month"":6,""day"":14,""title"":""李敖说为同小S比赛每天写一则微博，用iPad打字后由太太检查代发"",""summary"":""蔡康永谈他在大陆微博每天一则，李敖说这是为了同小S比赛；他不会发文，只会用iPad放大字来打稿，再交给太太检查、偶尔由儿子帮忙发布。"",""category"":""media"",""source"":""《大李敖全集5.0》（wjm_tcy版）分章节/010.节目演讲类/012.李敖政论综艺集/161.20130614《康熙来了》.txt"",""sourceLines"":[109,127],""lineCount"":1045,""people"":[""李敖"",""蔡康永"",""徐熙娣"",""王志慧"",""李戡""],""places"":[""台湾"",""中国大陆""],""works"":[""康熙来了""],""tags"":[""李敖政论综艺集"",""第十七轮"",""电视节目"",""第161集"",""康熙来了"",""微博"",""一百四十字"",""小S"",""iPad"",""写作""],""crossReferences"":[""li-ao-zhenglun-zongyiji-124-launches-hello-li-ao-across-facebook-weibo-and-qq""],""view"":[""public""],""confidence"":""high"",""round"":""li-ao-zhenglun-zongyiji-round017-161-170"",""dataFile"":""data/timeline-events-li-ao-zhenglun-zongyiji.json""}"
"27047","2013","2013-06-14","2013-06-14","day","","李敖说明一周六天住书房、少管子女，并用单线给钱维持家庭距离","他说自己一周七天里有六天住书房，只回家一天，因与儿女年龄差太大，尽量不讲话、不管事；对子女的钱也采用哥哥妹妹互不知情的单线方式，避免家庭冲突。","李敖、李戡、王志慧","台湾、台北","李敖政论综艺集、第十七轮、电视节目、第161集、康熙来了、家庭、书房、子女、单线、生活方式","public","康熙来了","","","","","","","[]","data/timeline-events-li-ao-zhenglun-zongyiji.json","li-ao-zhenglun-zongyiji-161-keeps-distance-from-family-through-study-life-and-single-line-money-rule","{""id"":""li-ao-zhenglun-zongyiji-161-keeps-distance-from-family-through-study-life-and-single-line-money-rule"",""date"":""2013-06-14"",""year"":2013,""month"":6,""day"":14,""title"":""李敖说明一周六天住书房、少管子女，并用单线给钱维持家庭距离"",""summary"":""他说自己一周七天里有六天住书房，只回家一天，因与儿女年龄差太大，尽量不讲话、不管事；对子女的钱也采用哥哥妹妹互不知情的单线方式，避免家庭冲突。"",""category"":""media"",""source"":""《大李敖全集5.0》（wjm_tcy版）分章节/010.节目演讲类/012.李敖政论综艺集/161.20130614《康熙来了》.txt"",""sourceLines"":[217,577],""lineCount"":1045,""people"":[""李敖"",""李戡"",""王志慧""],""places"":[""台湾"",""台北""],""works"":[""康熙来了""],""tags"":[""李敖政论综艺集"",""第十七轮"",""电视节目"",""第161集"",""康熙来了"",""家庭"",""书房"",""子女"",""单线"",""生活方式""],""crossReferences"":[],""view"":[""public""],""confidence"":""high"",""round"":""li-ao-zhenglun-zongyiji-round017-161-170"",""dataFile"":""data/timeline-events-li-ao-zhenglun-zongyiji.json""}"
"27048","2013","2013-06-14","2013-06-14","day","","李敖谈不吃晚餐、睡前不看书，却夜夜做白色恐怖噩梦","他细说午餐晚吃、夜里只喝羊奶饮料、不吃安眠药的睡眠习惯；但也说夜夜做噩梦，背景总是白色恐怖时代，醒来还能抓住完整细节。","李敖","台湾","李敖政论综艺集、第十七轮、电视节目、第161集、康熙来了、睡眠、饮食、白色恐怖、噩梦、生活方式","public","康熙来了","li-ao-zhenglun-zongyiji-160-replays-pen-finger-torture-and-ma-gift-essay-as-unfinished-kmt-hatred","","","","","","[]","data/timeline-events-li-ao-zhenglun-zongyiji.json","li-ao-zhenglun-zongyiji-161-describes-no-dinner-sleep-routine-and-white-terror-nightmares","{""id"":""li-ao-zhenglun-zongyiji-161-describes-no-dinner-sleep-routine-and-white-terror-nightmares"",""date"":""2013-06-14"",""year"":2013,""month"":6,""day"":14,""title"":""李敖谈不吃晚餐、睡前不看书，却夜夜做白色恐怖噩梦"",""summary"":""他细说午餐晚吃、夜里只喝羊奶饮料、不吃安眠药的睡眠习惯；但也说夜夜做噩梦，背景总是白色恐怖时代，醒来还能抓住完整细节。"",""category"":""media"",""source"":""《大李敖全集5.0》（wjm_tcy版）分章节/010.节目演讲类/012.李敖政论综艺集/161.20130614《康熙来了》.txt"",""sourceLines"":[457,499],""lineCount"":1045,""people"":[""李敖""],""places"":[""台湾""],""works"":[""康熙来了""],""tags"":[""李敖政论综艺集"",""第十七轮"",""电视节目"",""第161集"",""康熙来了"",""睡眠"",""饮食"",""白色恐怖"",""噩梦"",""生活方式""],""crossReferences"":[""li-ao-zhenglun-zongyiji-160-replays-pen-finger-torture-and-ma-gift-essay-as-unfinished-kmt-hatred""],""view"":[""public""],""confidence"":""high"",""round"":""li-ao-zhenglun-zongyiji-round017-161-170"",""dataFile"":""data/timeline-events-li-ao-zhenglun-zongyiji.json""}"
"27049","2013","2013-06-22","2013年6月22日星期六","day","confirmed","李敖在电话中拒绝陈又亮来台探望","《2013年6月》写，老友陈又亮想拿一万美元来台湾看李敖，认为可能是最后一次见面；李敖在电话里拒绝，说相见一回老，不如看照片、看遗照。","李敖、陈又亮","台湾","虽千万人，李敖往矣、陈又亮、电话、探望、晚年、拒绝会面","交游线、晚年线、日常线","虽千万人，李敖往矣","","虽千万人，李敖往矣","012.2013年6月","133","《大李敖全集5.0》（wjm_tcy版）分章节/005.诗集语录类/005.虽千万人，李敖往矣/012.2013年6月.txt","","[]","data/timeline-events-sui-qianwan-li-ao-wangyi.json","sui-qianwan-2013-06-22-refuses-chen-youliang-final-visit","{""id"":""sui-qianwan-2013-06-22-refuses-chen-youliang-final-visit"",""date"":""2013-06-22"",""displayDate"":""2013年6月22日星期六"",""datePrecision"":""day"",""title"":""李敖在电话中拒绝陈又亮来台探望"",""summary"":""《2013年6月》写，老友陈又亮想拿一万美元来台湾看李敖，认为可能是最后一次见面；李敖在电话里拒绝，说相见一回老，不如看照片、看遗照。"",""view"":[""交游线"",""晚年线"",""日常线""],""tags"":[""虽千万人，李敖往矣"",""陈又亮"",""电话"",""探望"",""晚年"",""拒绝会面""],""people"":[""李敖"",""陈又亮""],""places"":[""台湾""],""works"":[""虽千万人，李敖往矣""],""certainty"":""confirmed"",""source"":{""book"":""虽千万人，李敖往矣"",""chapter"":""012.2013年6月"",""path"":""《大李敖全集5.0》（wjm_tcy版）分章节/005.诗集语录类/005.虽千万人，李敖往矣/012.2013年6月.txt"",""line"":133},""dataFile"":""data/timeline-events-sui-qianwan-li-ao-wangyi.json""}"
"27050","2013","2013-06-27","2013年6月27日星期四","day","confirmed","李敖称《我梦碎，所以我梦醒》因《阳痿美国》余波在大陆被禁","《2013年6月》写，李敖回述自己2011岁暮写成《我梦碎，所以我梦醒》，但像近年许多书一样被祖国禁止出版；他把原因归到《阳痿美国》引发自己与共产党的冲突。","李敖","大陆、台湾","虽千万人，李敖往矣、我梦碎，所以我梦醒、阳痿美国、禁止出版、大陆、审查","出版线、审查线、写作线","虽千万人，李敖往矣、我梦碎，所以我梦醒、阳痿美国","dream-awake-2011-11-26-writes-preface-after-seventeen-day-book、book7-2010-10-publishes-yangwei-america","虽千万人，李敖往矣","012.2013年6月","163","《大李敖全集5.0》（wjm_tcy版）分章节/005.诗集语录类/005.虽千万人，李敖往矣/012.2013年6月.txt","","[]","data/timeline-events-sui-qianwan-li-ao-wangyi.json","sui-qianwan-2013-06-27-says-dream-awake-banned-after-yangwei-america-conflict","{""id"":""sui-qianwan-2013-06-27-says-dream-awake-banned-after-yangwei-america-conflict"",""date"":""2013-06-27"",""displayDate"":""2013年6月27日星期四"",""datePrecision"":""day"",""title"":""李敖称《我梦碎，所以我梦醒》因《阳痿美国》余波在大陆被禁"",""summary"":""《2013年6月》写，李敖回述自己2011岁暮写成《我梦碎，所以我梦醒》，但像近年许多书一样被祖国禁止出版；他把原因归到《阳痿美国》引发自己与共产党的冲突。"",""view"":[""出版线"",""审查线"",""写作线""],""tags"":[""虽千万人，李敖往矣"",""我梦碎，所以我梦醒"",""阳痿美国"",""禁止出版"",""大陆"",""审查""],""people"":[""李敖""],""places"":[""大陆"",""台湾""],""works"":[""虽千万人，李敖往矣"",""我梦碎，所以我梦醒"",""阳痿美国""],""certainty"":""confirmed"",""source"":{""book"":""虽千万人，李敖往矣"",""chapter"":""012.2013年6月"",""path"":""《大李敖全集5.0》（wjm_tcy版）分章节/005.诗集语录类/005.虽千万人，李敖往矣/012.2013年6月.txt"",""line"":163},""crossReferences"":[""dream-awake-2011-11-26-writes-preface-after-seventeen-day-book"",""book7-2010-10-publishes-yangwei-america""],""dataFile"":""data/timeline-events-sui-qianwan-li-ao-wangyi.json""}"
"27051","2013","2013-07-12","2013年7月12日星期五","day","confirmed","李敖卖掉山上书房并搬回最后纪念品","《2013年7月》写，李敖前一天卖掉山上的书房，次日与小屯上山搬回最后纪念品；十七年的山居清供自此成为过去式，他打扫干净后望了最后一眼。随后《环球人物杂志》访问又补出，采访前他刚把书房藏书一半搬到仁爱路家里，另一半搬到敦化南路书房，并自称很会整理东西。","李敖、小屯","阳明山、山上书房","虽千万人，李敖往矣、山上书房、小屯、阳明山、搬迁、十七年山居","居所线、书房线、晚年线","虽千万人，李敖往矣","li-ao-fangtanlu-2013-07-30-global-people-interview-after-study-sale","虽千万人，李敖往矣","013.2013年7月","73","《大李敖全集5.0》（wjm_tcy版）分章节/005.诗集语录类/005.虽千万人，李敖往矣/013.2013年7月.txt","李敖访谈录1990-2018 / 065.20130730《环球人物杂志》专访李敖 / line 9 / 说明：《环球人物杂志》访问补充李敖卖掉阳明山书房后分搬藏书到仁爱路家里和敦化南路书房。 / 《大李敖全集5.0》（wjm_tcy版）分章节/007.采访序跋类/005.李敖访谈录1990-2018/065.20130730《环球人物杂志》专访李敖.txt","[{""book"":""李敖访谈录1990-2018"",""chapter"":""065.20130730《环球人物杂志》专访李敖"",""path"":""《大李敖全集5.0》（wjm_tcy版）分章节/007.采访序跋类/005.李敖访谈录1990-2018/065.20130730《环球人物杂志》专访李敖.txt"",""line"":9,""lines"":[9],""note"":""《环球人物杂志》访问补充李敖卖掉阳明山书房后分搬藏书到仁爱路家里和敦化南路书房。""}]","data/timeline-events-sui-qianwan-li-ao-wangyi.json","sui-qianwan-2013-07-12-sells-mountain-study-and-moves-last-mementos","{""id"":""sui-qianwan-2013-07-12-sells-mountain-study-and-moves-last-mementos"",""date"":""2013-07-12"",""displayDate"":""2013年7月12日星期五"",""datePrecision"":""day"",""title"":""李敖卖掉山上书房并搬回最后纪念品"",""summary"":""《2013年7月》写，李敖前一天卖掉山上的书房，次日与小屯上山搬回最后纪念品；十七年的山居清供自此成为过去式，他打扫干净后望了最后一眼。随后《环球人物杂志》访问又补出，采访前他刚把书房藏书一半搬到仁爱路家里，另一半搬到敦化南路书房，并自称很会整理东西。"",""view"":[""居所线"",""书房线"",""晚年线""],""tags"":[""虽千万人，李敖往矣"",""山上书房"",""小屯"",""阳明山"",""搬迁"",""十七年山居""],""people"":[""李敖"",""小屯""],""places"":[""阳明山"",""山上书房""],""works"":[""虽千万人，李敖往矣""],""certainty"":""confirmed"",""source"":{""book"":""虽千万人，李敖往矣"",""chapter"":""013.2013年7月"",""path"":""《大李敖全集5.0》（wjm_tcy版）分章节/005.诗集语录类/005.虽千万人，李敖往矣/013.2013年7月.txt"",""line"":73},""additionalSources"":[{""book"":""李敖访谈录1990-2018"",""chapter"":""065.20130730《环球人物杂志》专访李敖"",""path"":""《大李敖全集5.0》（wjm_tcy版）分章节/007.采访序跋类/005.李敖访谈录1990-2018/065.20130730《环球人物杂志》专访李敖.txt"",""line"":9,""lines"":[9],""note"":""《环球人物杂志》访问补充李敖卖掉阳明山书房后分搬藏书到仁爱路家里和敦化南路书房。""}],""crossReferences"":[""li-ao-fangtanlu-2013-07-30-global-people-interview-after-study-sale""],""dataFile"":""data/timeline-events-sui-qianwan-li-ao-wangyi.json""}"
"27052","2013","2013-07-15","2013年7月15日星期一","day","confirmed","“哈啰李敖”粉丝达到五百万","《2013年7月》明写，2013年7月15日，五百万粉丝来过“哈啰李敖”。李敖说明自己每天花二十分钟写微博，另用六百分鈡秘密写其他书。","李敖","大陆网络平台","虽千万人，李敖往矣、哈啰李敖、微博、五百万粉丝、每日写作","媒体线、网络线、写作线","虽千万人，李敖往矣、哈啰李敖","sui-qianwan-2013-03-13-hello-li-ao-nears-four-million-followers","虽千万人，李敖往矣","013.2013年7月","97","《大李敖全集5.0》（wjm_tcy版）分章节/005.诗集语录类/005.虽千万人，李敖往矣/013.2013年7月.txt","李敖访谈录1990-2018 / 065.20130730《环球人物杂志》专访李敖 / line 43 / 说明：《环球人物杂志》访问补充记者问及7月15日微博粉丝突破五百万，李敖回应用《阳痿美国》/《审判美国》作为证据链例子。 / 《大李敖全集5.0》（wjm_tcy版）分章节/007.采访序跋类/005.李敖访谈录1990-2018/065.20130730《环球人物杂志》专访李敖.txt","[{""book"":""李敖访谈录1990-2018"",""chapter"":""065.20130730《环球人物杂志》专访李敖"",""path"":""《大李敖全集5.0》（wjm_tcy版）分章节/007.采访序跋类/005.李敖访谈录1990-2018/065.20130730《环球人物杂志》专访李敖.txt"",""line"":43,""lines"":[43,45,47,49],""note"":""《环球人物杂志》访问补充记者问及7月15日微博粉丝突破五百万，李敖回应用《阳痿美国》/《审判美国》作为证据链例子。""}]","data/timeline-events-sui-qianwan-li-ao-wangyi.json","sui-qianwan-2013-07-15-hello-li-ao-reaches-five-million-followers","{""id"":""sui-qianwan-2013-07-15-hello-li-ao-reaches-five-million-followers"",""date"":""2013-07-15"",""displayDate"":""2013年7月15日星期一"",""datePrecision"":""day"",""title"":""“哈啰李敖”粉丝达到五百万"",""summary"":""《2013年7月》明写，2013年7月15日，五百万粉丝来过“哈啰李敖”。李敖说明自己每天花二十分钟写微博，另用六百分鈡秘密写其他书。"",""view"":[""媒体线"",""网络线"",""写作线""],""tags"":[""虽千万人，李敖往矣"",""哈啰李敖"",""微博"",""五百万粉丝"",""每日写作""],""people"":[""李敖""],""places"":[""大陆网络平台""],""works"":[""虽千万人，李敖往矣"",""哈啰李敖""],""certainty"":""confirmed"",""source"":{""book"":""虽千万人，李敖往矣"",""chapter"":""013.2013年7月"",""path"":""《大李敖全集5.0》（wjm_tcy版）分章节/005.诗集语录类/005.虽千万人，李敖往矣/013.2013年7月.txt"",""line"":97},""crossReferences"":[""sui-qianwan-2013-03-13-hello-li-ao-nears-four-million-followers""],""additionalSources"":[{""book"":""李敖访谈录1990-2018"",""chapter"":""065.20130730《环球人物杂志》专访李敖"",""path"":""《大李敖全集5.0》（wjm_tcy版）分章节/007.采访序跋类/005.李敖访谈录1990-2018/065.20130730《环球人物杂志》专访李敖.txt"",""line"":43,""lines"":[43,45,47,49],""note"":""《环球人物杂志》访问补充记者问及7月15日微博粉丝突破五百万，李敖回应用《阳痿美国》/《审判美国》作为证据链例子。""}],""dataFile"":""data/timeline-events-sui-qianwan-li-ao-wangyi.json""}"
"27053","2013","2013-07-18","2013年7月18日星期四","day","confirmed","胡镇埔私下向李敖谈反对买美国武器后被撤职","《2013年7月》写，胡镇埔上将下台后约李敖秘密一见，说自己反对买美国武器、指出阿帕契直升机是钱坑，结果陆军总司令职务遭无预警撤换；李敖劝他写出来，胡镇埔果然动笔。","李敖、胡镇埔","台湾","虽千万人，李敖往矣、胡镇埔、反军购、美国武器、阿帕契、陆军总司令","政治线、交游线、反军购线","虽千万人，李敖往矣","","虽千万人，李敖往矣","013.2013年7月","109","《大李敖全集5.0》（wjm_tcy版）分章节/005.诗集语录类/005.虽千万人，李敖往矣/013.2013年7月.txt","","[]","data/timeline-events-sui-qianwan-li-ao-wangyi.json","sui-qianwan-2013-07-18-hu-zhenpu-privately-tells-anti-us-weapons-removal","{""id"":""sui-qianwan-2013-07-18-hu-zhenpu-privately-tells-anti-us-weapons-removal"",""date"":""2013-07-18"",""displayDate"":""2013年7月18日星期四"",""datePrecision"":""day"",""title"":""胡镇埔私下向李敖谈反对买美国武器后被撤职"",""summary"":""《2013年7月》写，胡镇埔上将下台后约李敖秘密一见，说自己反对买美国武器、指出阿帕契直升机是钱坑，结果陆军总司令职务遭无预警撤换；李敖劝他写出来，胡镇埔果然动笔。"",""view"":[""政治线"",""交游线"",""反军购线""],""tags"":[""虽千万人，李敖往矣"",""胡镇埔"",""反军购"",""美国武器"",""阿帕契"",""陆军总司令""],""people"":[""李敖"",""胡镇埔""],""places"":[""台湾""],""works"":[""虽千万人，李敖往矣""],""certainty"":""confirmed"",""source"":{""book"":""虽千万人，李敖往矣"",""chapter"":""013.2013年7月"",""path"":""《大李敖全集5.0》（wjm_tcy版）分章节/005.诗集语录类/005.虽千万人，李敖往矣/013.2013年7月.txt"",""line"":109},""dataFile"":""data/timeline-events-sui-qianwan-li-ao-wangyi.json""}"
"27054","2013","2013-07-19","2013年7月19日星期五","day","confirmed","李敖说明自己每晚8点20分上网发“哈啰李敖”","《2013年7月》写，李敖把自己每晚8点20分上网称作“上网有常”，并说即使被掐也不是自己闭嘴，而是读者没眼福。这条补出“哈啰李敖”的固定发布时间与审查处境。","李敖","大陆网络平台","虽千万人，李敖往矣、哈啰李敖、新浪微博、每晚8点20分、审查、上网有常","媒体线、网络线、写作线","虽千万人，李敖往矣、哈啰李敖","sui-qianwan-2011-05-17-starts-hello-li-ao-140-char-web-writing","虽千万人，李敖往矣","013.2013年7月","115","《大李敖全集5.0》（wjm_tcy版）分章节/005.诗集语录类/005.虽千万人，李敖往矣/013.2013年7月.txt","李敖访谈录1990-2018 / 065.20130730《环球人物杂志》专访李敖 / line 59 / 说明：《环球人物杂志》访问中李敖说明每天写140字只需20分钟，微博以外大部分时间在写小说。 / 《大李敖全集5.0》（wjm_tcy版）分章节/007.采访序跋类/005.李敖访谈录1990-2018/065.20130730《环球人物杂志》专访李敖.txt","[{""book"":""李敖访谈录1990-2018"",""chapter"":""065.20130730《环球人物杂志》专访李敖"",""path"":""《大李敖全集5.0》（wjm_tcy版）分章节/007.采访序跋类/005.李敖访谈录1990-2018/065.20130730《环球人物杂志》专访李敖.txt"",""line"":59,""lines"":[59,61],""note"":""《环球人物杂志》访问中李敖说明每天写140字只需20分钟，微博以外大部分时间在写小说。""}]","data/timeline-events-sui-qianwan-li-ao-wangyi.json","sui-qianwan-2013-07-19-describes-nightly-820-sina-routine-and-censorship","{""id"":""sui-qianwan-2013-07-19-describes-nightly-820-sina-routine-and-censorship"",""date"":""2013-07-19"",""displayDate"":""2013年7月19日星期五"",""datePrecision"":""day"",""title"":""李敖说明自己每晚8点20分上网发“哈啰李敖”"",""summary"":""《2013年7月》写，李敖把自己每晚8点20分上网称作“上网有常”，并说即使被掐也不是自己闭嘴，而是读者没眼福。这条补出“哈啰李敖”的固定发布时间与审查处境。"",""view"":[""媒体线"",""网络线"",""写作线""],""tags"":[""虽千万人，李敖往矣"",""哈啰李敖"",""新浪微博"",""每晚8点20分"",""审查"",""上网有常""],""people"":[""李敖""],""places"":[""大陆网络平台""],""works"":[""虽千万人，李敖往矣"",""哈啰李敖""],""certainty"":""confirmed"",""source"":{""book"":""虽千万人，李敖往矣"",""chapter"":""013.2013年7月"",""path"":""《大李敖全集5.0》（wjm_tcy版）分章节/005.诗集语录类/005.虽千万人，李敖往矣/013.2013年7月.txt"",""line"":115},""crossReferences"":[""sui-qianwan-2011-05-17-starts-hello-li-ao-140-char-web-writing""],""additionalSources"":[{""book"":""李敖访谈录1990-2018"",""chapter"":""065.20130730《环球人物杂志》专访李敖"",""path"":""《大李敖全集5.0》（wjm_tcy版）分章节/007.采访序跋类/005.李敖访谈录1990-2018/065.20130730《环球人物杂志》专访李敖.txt"",""line"":59,""lines"":[59,61],""note"":""《环球人物杂志》访问中李敖说明每天写140字只需20分钟，微博以外大部分时间在写小说。""}],""dataFile"":""data/timeline-events-sui-qianwan-li-ao-wangyi.json""}"
"27055","2013","2013-07-29","2013年7月29日星期一","day","confirmed","“哈啰李敖”被新浪以社区管理规定拒发","《2013年7月》写，当晚“哈啰李敖”被新浪拒发，理由是违反《新浪微博社区管理规定（试行）》。李敖随即用《中华人民共和国宪法》第35条与“试行”规定对比，批评平台审查。","李敖","大陆网络平台","虽千万人，李敖往矣、哈啰李敖、新浪微博、拒发、社区管理规定、言论自由","媒体线、审查线、网络线","虽千万人，李敖往矣、哈啰李敖、新浪微博社区管理规定","sui-qianwan-2013-07-19-describes-nightly-820-sina-routine-and-censorship","虽千万人，李敖往矣","013.2013年7月","175","《大李敖全集5.0》（wjm_tcy版）分章节/005.诗集语录类/005.虽千万人，李敖往矣/013.2013年7月.txt","虽千万人，李敖往矣 / 013.2013年7月 / line 181 / 说明：次日继续以曹操、刘表和新浪作比，回应拒发。 / 《大李敖全集5.0》（wjm_tcy版）分章节/005.诗集语录类/005.虽千万人，李敖往矣/013.2013年7月.txt","[{""book"":""虽千万人，李敖往矣"",""chapter"":""013.2013年7月"",""path"":""《大李敖全集5.0》（wjm_tcy版）分章节/005.诗集语录类/005.虽千万人，李敖往矣/013.2013年7月.txt"",""line"":181,""note"":""次日继续以曹操、刘表和新浪作比，回应拒发。""}]","data/timeline-events-sui-qianwan-li-ao-wangyi.json","sui-qianwan-2013-07-29-hello-li-ao-rejected-by-sina-community-rules","{""id"":""sui-qianwan-2013-07-29-hello-li-ao-rejected-by-sina-community-rules"",""date"":""2013-07-29"",""displayDate"":""2013年7月29日星期一"",""datePrecision"":""day"",""title"":""“哈啰李敖”被新浪以社区管理规定拒发"",""summary"":""《2013年7月》写，当晚“哈啰李敖”被新浪拒发，理由是违反《新浪微博社区管理规定（试行）》。李敖随即用《中华人民共和国宪法》第35条与“试行”规定对比，批评平台审查。"",""view"":[""媒体线"",""审查线"",""网络线""],""tags"":[""虽千万人，李敖往矣"",""哈啰李敖"",""新浪微博"",""拒发"",""社区管理规定"",""言论自由""],""people"":[""李敖""],""places"":[""大陆网络平台""],""works"":[""虽千万人，李敖往矣"",""哈啰李敖"",""新浪微博社区管理规定""],""certainty"":""confirmed"",""source"":{""book"":""虽千万人，李敖往矣"",""chapter"":""013.2013年7月"",""path"":""《大李敖全集5.0》（wjm_tcy版）分章节/005.诗集语录类/005.虽千万人，李敖往矣/013.2013年7月.txt"",""line"":175},""crossReferences"":[""sui-qianwan-2013-07-19-describes-nightly-820-sina-routine-and-censorship""],""additionalSources"":[{""book"":""虽千万人，李敖往矣"",""chapter"":""013.2013年7月"",""path"":""《大李敖全集5.0》（wjm_tcy版）分章节/005.诗集语录类/005.虽千万人，李敖往矣/013.2013年7月.txt"",""line"":181,""note"":""次日继续以曹操、刘表和新浪作比，回应拒发。""}],""dataFile"":""data/timeline-events-sui-qianwan-li-ao-wangyi.json""}"
"27056","2013","2013-07-30","2013年7月30日","day","confirmed","卖掉阳明山书房后接受《环球人物》专访，谈《我梦碎所以我梦醒》和微博发声","《环球人物杂志》访问李敖时，他这两年较少受访、少上电视，刚卖掉阳明山书房，把书一半搬到仁爱路家里、一半搬到敦化南路书房。访问中李敖谈新作《我梦碎所以我梦醒》、身体与饮食、随身小刀、微博粉丝刚过五百万和“言论自由必须让人听到”的发声逻辑；他又说自己每天在书房六张桌子间游走，各桌处理不同文章，微博以外大部分时间仍在写小说。","李敖","阳明山、仁爱路家中、敦化南路书房、台北","环球人物杂志、阳明山书房、敦化南路书房、仁爱路、微博、我梦碎所以我梦醒","访谈线、书房线、网络线、写作线","李敖访谈录1990-2018、我梦碎所以我梦醒、阳痿美国、审判美国","sui-qianwan-2013-07-12-sells-mountain-study-and-moves-last-mementos、sui-qianwan-2013-07-15-hello-li-ao-reaches-five-million-followers、book8-2013-01-13-resumes-weibo-and-accepts-global-people-interview","李敖访谈录1990-2018","065.20130730《环球人物杂志》专访李敖","9","《大李敖全集5.0》（wjm_tcy版）分章节/007.采访序跋类/005.李敖访谈录1990-2018/065.20130730《环球人物杂志》专访李敖.txt","","[]","data/timeline-events-li-ao-fangtanlu-1990-2018.json","li-ao-fangtanlu-2013-07-30-global-people-interview-after-study-sale","{""id"":""li-ao-fangtanlu-2013-07-30-global-people-interview-after-study-sale"",""date"":""2013-07-30"",""displayDate"":""2013年7月30日"",""datePrecision"":""day"",""title"":""卖掉阳明山书房后接受《环球人物》专访，谈《我梦碎所以我梦醒》和微博发声"",""summary"":""《环球人物杂志》访问李敖时，他这两年较少受访、少上电视，刚卖掉阳明山书房，把书一半搬到仁爱路家里、一半搬到敦化南路书房。访问中李敖谈新作《我梦碎所以我梦醒》、身体与饮食、随身小刀、微博粉丝刚过五百万和“言论自由必须让人听到”的发声逻辑；他又说自己每天在书房六张桌子间游走，各桌处理不同文章，微博以外大部分时间仍在写小说。"",""category"":""interview"",""type"":""李敖当事人事件"",""source"":{""book"":""李敖访谈录1990-2018"",""chapter"":""065.20130730《环球人物杂志》专访李敖"",""path"":""《大李敖全集5.0》（wjm_tcy版）分章节/007.采访序跋类/005.李敖访谈录1990-2018/065.20130730《环球人物杂志》专访李敖.txt"",""line"":9,""lines"":[9,13,15,21,23,25,27,43,45,47,49,51,53,59,61],""note"":""《环球人物杂志》记录李敖卖掉阳明山书房后受访，谈《我梦碎所以我梦醒》、身体、书房六张桌、微博和媒体发声。""},""certainty"":""confirmed"",""tags"":[""环球人物杂志"",""阳明山书房"",""敦化南路书房"",""仁爱路"",""微博"",""我梦碎所以我梦醒""],""people"":[""李敖""],""places"":[""阳明山"",""仁爱路家中"",""敦化南路书房"",""台北""],""works"":[""李敖访谈录1990-2018"",""我梦碎所以我梦醒"",""阳痿美国"",""审判美国""],""view"":[""访谈线"",""书房线"",""网络线"",""写作线""],""crossReferences"":[""sui-qianwan-2013-07-12-sells-mountain-study-and-moves-last-mementos"",""sui-qianwan-2013-07-15-hello-li-ao-reaches-five-million-followers"",""book8-2013-01-13-resumes-weibo-and-accepts-global-people-interview""],""dataFile"":""data/timeline-events-li-ao-fangtanlu-1990-2018.json""}"
"27057","2013","2013-08-03","2013年8月3日星期六","day","confirmed","潘毓刚转来伪作《李敖评毛泽东》，李敖辨为冒名","《2013年8月》写，潘毓刚传来所谓《李敖评毛泽东》，小屯打印九页转给李敖；李敖看后认定是捏造冒充，称文章写得太烂，自己“一闻就知道”。","李敖、潘毓刚、小屯","台湾","虽千万人，李敖往矣、潘毓刚、李敖评毛泽东、伪作、小屯、冒名","伪书线、交游线、写作线","虽千万人，李敖往矣、李敖评毛泽东","","虽千万人，李敖往矣","014.2013年8月","19","《大李敖全集5.0》（wjm_tcy版）分章节/005.诗集语录类/005.虽千万人，李敖往矣/014.2013年8月.txt","","[]","data/timeline-events-sui-qianwan-li-ao-wangyi.json","sui-qianwan-2013-08-03-identifies-fake-li-ao-comments-on-mao","{""id"":""sui-qianwan-2013-08-03-identifies-fake-li-ao-comments-on-mao"",""date"":""2013-08-03"",""displayDate"":""2013年8月3日星期六"",""datePrecision"":""day"",""title"":""潘毓刚转来伪作《李敖评毛泽东》，李敖辨为冒名"",""summary"":""《2013年8月》写，潘毓刚传来所谓《李敖评毛泽东》，小屯打印九页转给李敖；李敖看后认定是捏造冒充，称文章写得太烂，自己“一闻就知道”。"",""view"":[""伪书线"",""交游线"",""写作线""],""tags"":[""虽千万人，李敖往矣"",""潘毓刚"",""李敖评毛泽东"",""伪作"",""小屯"",""冒名""],""people"":[""李敖"",""潘毓刚"",""小屯""],""places"":[""台湾""],""works"":[""虽千万人，李敖往矣"",""李敖评毛泽东""],""certainty"":""confirmed"",""source"":{""book"":""虽千万人，李敖往矣"",""chapter"":""014.2013年8月"",""path"":""《大李敖全集5.0》（wjm_tcy版）分章节/005.诗集语录类/005.虽千万人，李敖往矣/014.2013年8月.txt"",""line"":19},""dataFile"":""data/timeline-events-sui-qianwan-li-ao-wangyi.json""}"
"27058","2013","2013-08-14","2013年8月14日星期三","day","confirmed","李敖用毛泽东诗句考李戡","《2013年8月》写，李敖拿毛泽东《人民解放军占领南京》给李戡看，考他八句中哪句最好；李戡指出“天若有情天亦老”，李敖随即说明这句本出唐代李贺。","李敖、李戡、毛泽东、李贺","台湾","虽千万人，李敖往矣、李戡、毛泽东、李贺、诗、父子","家庭线、读书线、日常线","虽千万人，李敖往矣、人民解放军占领南京、金铜仙人辞汉歌","","虽千万人，李敖往矣","014.2013年8月","79","《大李敖全集5.0》（wjm_tcy版）分章节/005.诗集语录类/005.虽千万人，李敖往矣/014.2013年8月.txt","","[]","data/timeline-events-sui-qianwan-li-ao-wangyi.json","sui-qianwan-2013-08-14-tests-li-kan-on-mao-poem","{""id"":""sui-qianwan-2013-08-14-tests-li-kan-on-mao-poem"",""date"":""2013-08-14"",""displayDate"":""2013年8月14日星期三"",""datePrecision"":""day"",""title"":""李敖用毛泽东诗句考李戡"",""summary"":""《2013年8月》写，李敖拿毛泽东《人民解放军占领南京》给李戡看，考他八句中哪句最好；李戡指出“天若有情天亦老”，李敖随即说明这句本出唐代李贺。"",""view"":[""家庭线"",""读书线"",""日常线""],""tags"":[""虽千万人，李敖往矣"",""李戡"",""毛泽东"",""李贺"",""诗"",""父子""],""people"":[""李敖"",""李戡"",""毛泽东"",""李贺""],""places"":[""台湾""],""works"":[""虽千万人，李敖往矣"",""人民解放军占领南京"",""金铜仙人辞汉歌""],""certainty"":""confirmed"",""source"":{""book"":""虽千万人，李敖往矣"",""chapter"":""014.2013年8月"",""path"":""《大李敖全集5.0》（wjm_tcy版）分章节/005.诗集语录类/005.虽千万人，李敖往矣/014.2013年8月.txt"",""line"":79},""dataFile"":""data/timeline-events-sui-qianwan-li-ao-wangyi.json""}"
"27059","2013","2013-08-30","2013年8月30日星期五","day","confirmed","李敖由经纪人乃嘉哥经手启动正版电子书清算","《2013年8月》写，李敖认为自己的书被查禁、盗印、冒充甚多，晚年想“验明自己正身”；于是由经纪人乃嘉哥经手，先从电子书下手，一本一本清算真假。","李敖、乃嘉哥","台湾、大陆网络平台","虽千万人，李敖往矣、乃嘉哥、电子书、正版、盗印、李敖藏书阁","出版线、电子书线、维权线","虽千万人，李敖往矣、李敖藏书阁","","虽千万人，李敖往矣","014.2013年8月","177","《大李敖全集5.0》（wjm_tcy版）分章节/005.诗集语录类/005.虽千万人，李敖往矣/014.2013年8月.txt","","[]","data/timeline-events-sui-qianwan-li-ao-wangyi.json","sui-qianwan-2013-08-30-starts-authentic-li-ao-ebook-project","{""id"":""sui-qianwan-2013-08-30-starts-authentic-li-ao-ebook-project"",""date"":""2013-08-30"",""displayDate"":""2013年8月30日星期五"",""datePrecision"":""day"",""title"":""李敖由经纪人乃嘉哥经手启动正版电子书清算"",""summary"":""《2013年8月》写，李敖认为自己的书被查禁、盗印、冒充甚多，晚年想“验明自己正身”；于是由经纪人乃嘉哥经手，先从电子书下手，一本一本清算真假。"",""view"":[""出版线"",""电子书线"",""维权线""],""tags"":[""虽千万人，李敖往矣"",""乃嘉哥"",""电子书"",""正版"",""盗印"",""李敖藏书阁""],""people"":[""李敖"",""乃嘉哥""],""places"":[""台湾"",""大陆网络平台""],""works"":[""虽千万人，李敖往矣"",""李敖藏书阁""],""certainty"":""confirmed"",""source"":{""book"":""虽千万人，李敖往矣"",""chapter"":""014.2013年8月"",""path"":""《大李敖全集5.0》（wjm_tcy版）分章节/005.诗集语录类/005.虽千万人，李敖往矣/014.2013年8月.txt"",""line"":177},""dataFile"":""data/timeline-events-sui-qianwan-li-ao-wangyi.json""}"
"27060","2013","2013-09-09","2013年9月9日星期一","day","confirmed","李敖去医院验血并谢绝志工安排插队","《2013年9月》写，李敖去医院验血，志工小姐看他排在91号，偷偷安排插队；李敖谢绝，坐在角落一边看书，一边观察等候呼叫的人群。","李敖、志工","台湾、医院","虽千万人，李敖往矣、医院、验血、志工、排队、看书","健康线、日常线、读书线","虽千万人，李敖往矣","","虽千万人，李敖往矣","015.2013年9月","55","《大李敖全集5.0》（wjm_tcy版）分章节/005.诗集语录类/005.虽千万人，李敖往矣/015.2013年9月.txt","","[]","data/timeline-events-sui-qianwan-li-ao-wangyi.json","sui-qianwan-2013-09-09-blood-test-refuses-queue-jump-and-reads","{""id"":""sui-qianwan-2013-09-09-blood-test-refuses-queue-jump-and-reads"",""date"":""2013-09-09"",""displayDate"":""2013年9月9日星期一"",""datePrecision"":""day"",""title"":""李敖去医院验血并谢绝志工安排插队"",""summary"":""《2013年9月》写，李敖去医院验血，志工小姐看他排在91号，偷偷安排插队；李敖谢绝，坐在角落一边看书，一边观察等候呼叫的人群。"",""view"":[""健康线"",""日常线"",""读书线""],""tags"":[""虽千万人，李敖往矣"",""医院"",""验血"",""志工"",""排队"",""看书""],""people"":[""李敖"",""志工""],""places"":[""台湾"",""医院""],""works"":[""虽千万人，李敖往矣""],""certainty"":""confirmed"",""source"":{""book"":""虽千万人，李敖往矣"",""chapter"":""015.2013年9月"",""path"":""《大李敖全集5.0》（wjm_tcy版）分章节/005.诗集语录类/005.虽千万人，李敖往矣/015.2013年9月.txt"",""line"":55},""dataFile"":""data/timeline-events-sui-qianwan-li-ao-wangyi.json""}"
"27061","2013","2013-09-11","2013-09-11","day","","李敖用陈水扁八年二千三百亿、马英九五年五千五百亿军购，对比马的美国系统","他说陈水扁八年只花二千三百亿军购，马英九五年就花五千五百亿，所以马与美国关系更好；并引用金溥聪饭局转述，称马英九是真正美国系统的人，北京又一次上当。","李敖、陈水扁、马英九、金溥聪、李登辉","台湾、美国、北京、中国大陆","李敖政论综艺集、第十七轮、电视节目、第162集、新台湾加油、军购、美国系统、马英九、金溥聪、北京误判","public","新台湾加油","li-ao-zhenglun-zongyiji-133-calls-ma-worse-than-chen-through-us-training-arms-and-fubon","","","","","","[]","data/timeline-events-li-ao-zhenglun-zongyiji.json","li-ao-zhenglun-zongyiji-162-contrasts-chen-and-ma-arms-spending-to-call-ma-american-system","{""id"":""li-ao-zhenglun-zongyiji-162-contrasts-chen-and-ma-arms-spending-to-call-ma-american-system"",""date"":""2013-09-11"",""year"":2013,""month"":9,""day"":11,""title"":""李敖用陈水扁八年二千三百亿、马英九五年五千五百亿军购，对比马的美国系统"",""summary"":""他说陈水扁八年只花二千三百亿军购，马英九五年就花五千五百亿，所以马与美国关系更好；并引用金溥聪饭局转述，称马英九是真正美国系统的人，北京又一次上当。"",""category"":""media"",""source"":""《大李敖全集5.0》（wjm_tcy版）分章节/010.节目演讲类/012.李敖政论综艺集/162.20130911《新台湾加油》.txt"",""sourceLines"":[81,89],""lineCount"":163,""people"":[""李敖"",""陈水扁"",""马英九"",""金溥聪"",""李登辉""],""places"":[""台湾"",""美国"",""北京"",""中国大陆""],""works"":[""新台湾加油""],""tags"":[""李敖政论综艺集"",""第十七轮"",""电视节目"",""第162集"",""新台湾加油"",""军购"",""美国系统"",""马英九"",""金溥聪"",""北京误判""],""crossReferences"":[""li-ao-zhenglun-zongyiji-133-calls-ma-worse-than-chen-through-us-training-arms-and-fubon""],""view"":[""public""],""confidence"":""high"",""round"":""li-ao-zhenglun-zongyiji-round017-161-170"",""dataFile"":""data/timeline-events-li-ao-zhenglun-zongyiji.json""}"
"27062","2013","2013-09-11","2013-09-11","day","","李敖把马英九、连战、宋楚瑜放在宫廷文化里比较，并以是否拿大陆好处作判断","他说国民党里全是宫廷文化，宋楚瑜能跳出来，马英九跑不出来，连战仍宫廷；宋能骂大陆，是因为没拿好处，连家同大陆做生意就不能讲狠话。","李敖、马英九、宋楚瑜、连战、习近平","台湾、中国大陆","李敖政论综艺集、第十七轮、电视节目、第162集、新台湾加油、宫廷文化、宋楚瑜、连战、大陆利益、马英九","public","新台湾加油","li-ao-zhenglun-zongyiji-157-calls-pfp-a-whistleblower-party-for-secret-caucus-bargains","","","","","","[]","data/timeline-events-li-ao-zhenglun-zongyiji.json","li-ao-zhenglun-zongyiji-162-places-ma-lien-and-soong-in-palace-culture-and-china-business-test","{""id"":""li-ao-zhenglun-zongyiji-162-places-ma-lien-and-soong-in-palace-culture-and-china-business-test"",""date"":""2013-09-11"",""year"":2013,""month"":9,""day"":11,""title"":""李敖把马英九、连战、宋楚瑜放在宫廷文化里比较，并以是否拿大陆好处作判断"",""summary"":""他说国民党里全是宫廷文化，宋楚瑜能跳出来，马英九跑不出来，连战仍宫廷；宋能骂大陆，是因为没拿好处，连家同大陆做生意就不能讲狠话。"",""category"":""media"",""source"":""《大李敖全集5.0》（wjm_tcy版）分章节/010.节目演讲类/012.李敖政论综艺集/162.20130911《新台湾加油》.txt"",""sourceLines"":[113,117],""lineCount"":163,""people"":[""李敖"",""马英九"",""宋楚瑜"",""连战"",""习近平""],""places"":[""台湾"",""中国大陆""],""works"":[""新台湾加油""],""tags"":[""李敖政论综艺集"",""第十七轮"",""电视节目"",""第162集"",""新台湾加油"",""宫廷文化"",""宋楚瑜"",""连战"",""大陆利益"",""马英九""],""crossReferences"":[""li-ao-zhenglun-zongyiji-157-calls-pfp-a-whistleblower-party-for-secret-caucus-bargains""],""view"":[""public""],""confidence"":""high"",""round"":""li-ao-zhenglun-zongyiji-round017-161-170"",""dataFile"":""data/timeline-events-li-ao-zhenglun-zongyiji.json""}"
"27063","2013","2013-09-11","2013-09-11","day","","李敖把马英九斗王金平解释为本领用尽，并说王金平其实在帮马维持立院","马王政争爆发后，李敖说马英九认为王金平是立法院里挡路的石头，但事实是王金平靠政党协商与不动用警察权维持和谐，替马英九让许多法案过关。","李敖、马英九、王金平、柯建铭、刘松藩","台湾","李敖政论综艺集、第十七轮、电视节目、第162集、新台湾加油、马王政争、王金平、政党协商、警察权、立法院","public","新台湾加油","li-ao-zhenglun-zongyiji-123-recounts-wang-jinpyng-political-skill-two-million-and-pu-xinyu-painting、li-ao-zhenglun-zongyiji-076-explains-tear-gas-as-response-to-denied-legislative-rights","","","","","","[]","data/timeline-events-li-ao-zhenglun-zongyiji.json","li-ao-zhenglun-zongyiji-162-frames-wang-jinpyng-as-stone-who-actually-keeps-legislature-working","{""id"":""li-ao-zhenglun-zongyiji-162-frames-wang-jinpyng-as-stone-who-actually-keeps-legislature-working"",""date"":""2013-09-11"",""year"":2013,""month"":9,""day"":11,""title"":""李敖把马英九斗王金平解释为本领用尽，并说王金平其实在帮马维持立院"",""summary"":""马王政争爆发后，李敖说马英九认为王金平是立法院里挡路的石头，但事实是王金平靠政党协商与不动用警察权维持和谐，替马英九让许多法案过关。"",""category"":""media"",""source"":""《大李敖全集5.0》（wjm_tcy版）分章节/010.节目演讲类/012.李敖政论综艺集/162.20130911《新台湾加油》.txt"",""sourceLines"":[9,17],""lineCount"":163,""people"":[""李敖"",""马英九"",""王金平"",""柯建铭"",""刘松藩""],""places"":[""台湾""],""works"":[""新台湾加油""],""tags"":[""李敖政论综艺集"",""第十七轮"",""电视节目"",""第162集"",""新台湾加油"",""马王政争"",""王金平"",""政党协商"",""警察权"",""立法院""],""crossReferences"":[""li-ao-zhenglun-zongyiji-123-recounts-wang-jinpyng-political-skill-two-million-and-pu-xinyu-painting"",""li-ao-zhenglun-zongyiji-076-explains-tear-gas-as-response-to-denied-legislative-rights""],""view"":[""public""],""confidence"":""high"",""round"":""li-ao-zhenglun-zongyiji-round017-161-170"",""dataFile"":""data/timeline-events-li-ao-zhenglun-zongyiji.json""}"
"27064","2013","2013-09-11","2013-09-11","day","","李敖建议王金平组织跨党团联盟，集合三分之四立委罢免马英九","他建议王金平不要急着组政党，而是以党团形式联络国民党内人脉、民进党、亲民党与个人立委，形成超过四分之三的力量罢免马英九；李敖自称军师型，在后面煽风点火。","李敖、王金平、马英九、宋楚瑜、李庆华、李登辉","台湾","李敖政论综艺集、第十七轮、电视节目、第162集、新台湾加油、罢免马英九、党团联盟、王金平、亲民党、军师","public","新台湾加油","li-ao-zhenglun-zongyiji-132-frames-pfp-as-third-party-watchdog-and-secret-caucus-whistleblower、li-ao-zhenglun-zongyiji-157-calls-pfp-a-whistleblower-party-for-secret-caucus-bargains","","","","","","[]","data/timeline-events-li-ao-zhenglun-zongyiji.json","li-ao-zhenglun-zongyiji-162-urges-wang-to-build-caucus-alliance-for-recall-of-ma","{""id"":""li-ao-zhenglun-zongyiji-162-urges-wang-to-build-caucus-alliance-for-recall-of-ma"",""date"":""2013-09-11"",""year"":2013,""month"":9,""day"":11,""title"":""李敖建议王金平组织跨党团联盟，集合三分之四立委罢免马英九"",""summary"":""他建议王金平不要急着组政党，而是以党团形式联络国民党内人脉、民进党、亲民党与个人立委，形成超过四分之三的力量罢免马英九；李敖自称军师型，在后面煽风点火。"",""category"":""media"",""source"":""《大李敖全集5.0》（wjm_tcy版）分章节/010.节目演讲类/012.李敖政论综艺集/162.20130911《新台湾加油》.txt"",""sourceLines"":[49,81],""lineCount"":163,""people"":[""李敖"",""王金平"",""马英九"",""宋楚瑜"",""李庆华"",""李登辉""],""places"":[""台湾""],""works"":[""新台湾加油""],""tags"":[""李敖政论综艺集"",""第十七轮"",""电视节目"",""第162集"",""新台湾加油"",""罢免马英九"",""党团联盟"",""王金平"",""亲民党"",""军师""],""crossReferences"":[""li-ao-zhenglun-zongyiji-132-frames-pfp-as-third-party-watchdog-and-secret-caucus-whistleblower"",""li-ao-zhenglun-zongyiji-157-calls-pfp-a-whistleblower-party-for-secret-caucus-bargains""],""view"":[""public""],""confidence"":""high"",""round"":""li-ao-zhenglun-zongyiji-round017-161-170"",""dataFile"":""data/timeline-events-li-ao-zhenglun-zongyiji.json""}"
"27065","2013","2013-09-11","2013-09-11","day","","李敖说王金平何妨承认关说，把小交情解释成立院运作的政治交换","面对电话录音，李敖说王金平若承认通案与个案都有关说也无妨，因为帮柯建铭小忙可换取立法运作的顺利；政治不能没有私下交情，马英九六亲不认才没人愿意同他玩政治。","李敖、王金平、柯建铭、马英九、洪秀柱","台湾","李敖政论综艺集、第十七轮、电视节目、第162集、新台湾加油、关说、柯建铭、政治交情、立法院、马王政争","public","新台湾加油","li-ao-zhenglun-zongyiji-123-recounts-wang-jinpyng-political-skill-two-million-and-pu-xinyu-painting","","","","","","[]","data/timeline-events-li-ao-zhenglun-zongyiji.json","li-ao-zhenglun-zongyiji-162-tells-wang-to-admit-lobbying-as-political-friendship-for-legislative-operation","{""id"":""li-ao-zhenglun-zongyiji-162-tells-wang-to-admit-lobbying-as-political-friendship-for-legislative-operation"",""date"":""2013-09-11"",""year"":2013,""month"":9,""day"":11,""title"":""李敖说王金平何妨承认关说，把小交情解释成立院运作的政治交换"",""summary"":""面对电话录音，李敖说王金平若承认通案与个案都有关说也无妨，因为帮柯建铭小忙可换取立法运作的顺利；政治不能没有私下交情，马英九六亲不认才没人愿意同他玩政治。"",""category"":""media"",""source"":""《大李敖全集5.0》（wjm_tcy版）分章节/010.节目演讲类/012.李敖政论综艺集/162.20130911《新台湾加油》.txt"",""sourceLines"":[93,109],""lineCount"":163,""people"":[""李敖"",""王金平"",""柯建铭"",""马英九"",""洪秀柱""],""places"":[""台湾""],""works"":[""新台湾加油""],""tags"":[""李敖政论综艺集"",""第十七轮"",""电视节目"",""第162集"",""新台湾加油"",""关说"",""柯建铭"",""政治交情"",""立法院"",""马王政争""],""crossReferences"":[""li-ao-zhenglun-zongyiji-123-recounts-wang-jinpyng-political-skill-two-million-and-pu-xinyu-painting""],""view"":[""public""],""confidence"":""high"",""round"":""li-ao-zhenglun-zongyiji-round017-161-170"",""dataFile"":""data/timeline-events-li-ao-zhenglun-zongyiji.json""}"
"27066","2013","2013-09-11","2013-09-11","day","","李敖说国民党与民进党都是列宁式政党，并以李戡陆生案说明密室协商","他否定台湾是民主国家的大前提，说国民党是列宁式政党，民进党也学它；又回忆自己为了李戡在北京大学学籍开放问题找王金平、柯建铭，案子从一千四百件里抽出来通过，说明立法院靠密室协商运转。","李敖、马英九、王金平、柯建铭、李戡","台湾、北京","李敖政论综艺集、第十七轮、电视节目、第162集、新台湾加油、列宁式政党、假民主、密室协商、陆生、北京大学","public","新台湾加油","li-ao-zhenglun-zongyiji-034-calls-kmt-and-dpp-leninist-parties、li-ao-zhenglun-zongyiji-132-frames-pfp-as-third-party-watchdog-and-secret-caucus-whistleblower","","","","","","[]","data/timeline-events-li-ao-zhenglun-zongyiji.json","li-ao-zhenglun-zongyiji-162-calls-kmt-dpp-leninist-parties-and-recalls-son-case-in-secret-caucus","{""id"":""li-ao-zhenglun-zongyiji-162-calls-kmt-dpp-leninist-parties-and-recalls-son-case-in-secret-caucus"",""date"":""2013-09-11"",""year"":2013,""month"":9,""day"":11,""title"":""李敖说国民党与民进党都是列宁式政党，并以李戡陆生案说明密室协商"",""summary"":""他否定台湾是民主国家的大前提，说国民党是列宁式政党，民进党也学它；又回忆自己为了李戡在北京大学学籍开放问题找王金平、柯建铭，案子从一千四百件里抽出来通过，说明立法院靠密室协商运转。"",""category"":""media"",""source"":""《大李敖全集5.0》（wjm_tcy版）分章节/010.节目演讲类/012.李敖政论综艺集/162.20130911《新台湾加油》.txt"",""sourceLines"":[29,41],""lineCount"":163,""people"":[""李敖"",""马英九"",""王金平"",""柯建铭"",""李戡""],""places"":[""台湾"",""北京""],""works"":[""新台湾加油""],""tags"":[""李敖政论综艺集"",""第十七轮"",""电视节目"",""第162集"",""新台湾加油"",""列宁式政党"",""假民主"",""密室协商"",""陆生"",""北京大学""],""crossReferences"":[""li-ao-zhenglun-zongyiji-034-calls-kmt-and-dpp-leninist-parties"",""li-ao-zhenglun-zongyiji-132-frames-pfp-as-third-party-watchdog-and-secret-caucus-whistleblower""],""view"":[""public""],""confidence"":""high"",""round"":""li-ao-zhenglun-zongyiji-round017-161-170"",""dataFile"":""data/timeline-events-li-ao-zhenglun-zongyiji.json""}"
"27067","2013","2013-09-11","2013-09-11","day","","李敖预警没有王金平的缓和方法，立法院会变成乱局","他判断江宜桦也知道立法院会乱，因为只有王金平不动用警察权、私下交朋友并与柯建铭互相帮忙，才罩得住民进党；王金平若被逼走，马英九下一个难题就是立院瘫痪。","李敖、王金平、马英九、江宜桦、柯建铭","台湾","李敖政论综艺集、第十七轮、电视节目、第162集、新台湾加油、立法院、王金平、警察权、民进党、乱局","public","新台湾加油","li-ao-zhenglun-zongyiji-123-recounts-wang-jinpyng-political-skill-two-million-and-pu-xinyu-painting","","","","","","[]","data/timeline-events-li-ao-zhenglun-zongyiji.json","li-ao-zhenglun-zongyiji-162-warns-removing-wang-will-turn-legislature-into-chaos","{""id"":""li-ao-zhenglun-zongyiji-162-warns-removing-wang-will-turn-legislature-into-chaos"",""date"":""2013-09-11"",""year"":2013,""month"":9,""day"":11,""title"":""李敖预警没有王金平的缓和方法，立法院会变成乱局"",""summary"":""他判断江宜桦也知道立法院会乱，因为只有王金平不动用警察权、私下交朋友并与柯建铭互相帮忙，才罩得住民进党；王金平若被逼走，马英九下一个难题就是立院瘫痪。"",""category"":""media"",""source"":""《大李敖全集5.0》（wjm_tcy版）分章节/010.节目演讲类/012.李敖政论综艺集/162.20130911《新台湾加油》.txt"",""sourceLines"":[125,149],""lineCount"":163,""people"":[""李敖"",""王金平"",""马英九"",""江宜桦"",""柯建铭""],""places"":[""台湾""],""works"":[""新台湾加油""],""tags"":[""李敖政论综艺集"",""第十七轮"",""电视节目"",""第162集"",""新台湾加油"",""立法院"",""王金平"",""警察权"",""民进党"",""乱局""],""crossReferences"":[""li-ao-zhenglun-zongyiji-123-recounts-wang-jinpyng-political-skill-two-million-and-pu-xinyu-painting""],""view"":[""public""],""confidence"":""high"",""round"":""li-ao-zhenglun-zongyiji-round017-161-170"",""dataFile"":""data/timeline-events-li-ao-zhenglun-zongyiji.json""}"
"27068","2013","2013-09-11","2013年9月11日星期三","day","confirmed","小女儿出国留学前李敖影印《暴风雨》一页送她","《2013年9月》写，小女儿前一晚11点出发留学，次日早上到书房帮李敖影印；李敖从莎士比亚全集中翻出《暴风雨》第五幕，亲手影印一页给她。","李敖、李谌","李敖书房","虽千万人，李敖往矣、小女儿、留学、莎士比亚、暴风雨、影印","家庭线、书房线、读书线","虽千万人，李敖往矣、暴风雨、莎士比亚全集","","虽千万人，李敖往矣","015.2013年9月","67","《大李敖全集5.0》（wjm_tcy版）分章节/005.诗集语录类/005.虽千万人，李敖往矣/015.2013年9月.txt","","[]","data/timeline-events-sui-qianwan-li-ao-wangyi.json","sui-qianwan-2013-09-11-daughter-studies-abroad-and-li-ao-copies-tempest-page","{""id"":""sui-qianwan-2013-09-11-daughter-studies-abroad-and-li-ao-copies-tempest-page"",""date"":""2013-09-11"",""displayDate"":""2013年9月11日星期三"",""datePrecision"":""day"",""title"":""小女儿出国留学前李敖影印《暴风雨》一页送她"",""summary"":""《2013年9月》写，小女儿前一晚11点出发留学，次日早上到书房帮李敖影印；李敖从莎士比亚全集中翻出《暴风雨》第五幕，亲手影印一页给她。"",""view"":[""家庭线"",""书房线"",""读书线""],""tags"":[""虽千万人，李敖往矣"",""小女儿"",""留学"",""莎士比亚"",""暴风雨"",""影印""],""people"":[""李敖"",""李谌""],""places"":[""李敖书房""],""works"":[""虽千万人，李敖往矣"",""暴风雨"",""莎士比亚全集""],""certainty"":""confirmed"",""source"":{""book"":""虽千万人，李敖往矣"",""chapter"":""015.2013年9月"",""path"":""《大李敖全集5.0》（wjm_tcy版）分章节/005.诗集语录类/005.虽千万人，李敖往矣/015.2013年9月.txt"",""line"":67},""dataFile"":""data/timeline-events-sui-qianwan-li-ao-wangyi.json""}"
"27069","2013","2013-09-12","2013-09-12","day","","李敖用王金平送两百万、自己回赠溥心畬画和柯建铭登门，解释政治友谊","他回忆在立院喷瓦斯后王金平拦下处分，又托李庆华送两百万现金；他收下后公开，并回赠价值更高的溥心畬画。王金平还两次派柯建铭到他家疏通法案，显示政治人情和运作细腻。","李敖、王金平、柯建铭、李庆华、溥心畬、蔡启芳","台湾","李敖政论综艺集、第十七轮、电视节目、第163集、新闻龙卷风、王金平、两百万、溥心畬、柯建铭、立法院","public","新闻龙卷风、李敖议坛哀思录","li-ao-zhenglun-zongyiji-123-recounts-wang-jinpyng-political-skill-two-million-and-pu-xinyu-painting、li-ao-zhenglun-zongyiji-076-explains-tear-gas-as-response-to-denied-legislative-rights","","","","","","[]","data/timeline-events-li-ao-zhenglun-zongyiji.json","li-ao-zhenglun-zongyiji-163-uses-wang-two-million-painting-and-ko-home-visit-to-explain-political-friendship","{""id"":""li-ao-zhenglun-zongyiji-163-uses-wang-two-million-painting-and-ko-home-visit-to-explain-political-friendship"",""date"":""2013-09-12"",""year"":2013,""month"":9,""day"":12,""title"":""李敖用王金平送两百万、自己回赠溥心畬画和柯建铭登门，解释政治友谊"",""summary"":""他回忆在立院喷瓦斯后王金平拦下处分，又托李庆华送两百万现金；他收下后公开，并回赠价值更高的溥心畬画。王金平还两次派柯建铭到他家疏通法案，显示政治人情和运作细腻。"",""category"":""media"",""source"":""《大李敖全集5.0》（wjm_tcy版）分章节/010.节目演讲类/012.李敖政论综艺集/163.20130912《新闻龙卷风》.txt"",""sourceLines"":[355,443],""lineCount"":653,""people"":[""李敖"",""王金平"",""柯建铭"",""李庆华"",""溥心畬"",""蔡启芳""],""places"":[""台湾""],""works"":[""新闻龙卷风"",""李敖议坛哀思录""],""tags"":[""李敖政论综艺集"",""第十七轮"",""电视节目"",""第163集"",""新闻龙卷风"",""王金平"",""两百万"",""溥心畬"",""柯建铭"",""立法院""],""crossReferences"":[""li-ao-zhenglun-zongyiji-123-recounts-wang-jinpyng-political-skill-two-million-and-pu-xinyu-painting"",""li-ao-zhenglun-zongyiji-076-explains-tear-gas-as-response-to-denied-legislative-rights""],""view"":[""public""],""confidence"":""high"",""round"":""li-ao-zhenglun-zongyiji-round017-161-170"",""dataFile"":""data/timeline-events-li-ao-zhenglun-zongyiji.json""}"
"27070","2013","2013-09-12","2013-09-12","day","","李敖用党产与总统选举经费否定马英九清廉形象","他批马英九清廉是狗屎，追问总统选举要一百五十亿，马的财产申报却未减少，钱只能来自国民党党产；而党产原先说德国模式处理，最后却被卖掉、不见了。","李敖、马英九、陈水扁、李登辉","台湾","李敖政论综艺集、第十七轮、电视节目、第163集、新闻龙卷风、党产、选举经费、马英九、清廉神话、德国模式","public","新闻龙卷风","li-ao-zhenglun-zongyiji-154-claims-he-first-pointed-out-fubon-fish-fin-and-dpp-learned-to-follow","","","","","","[]","data/timeline-events-li-ao-zhenglun-zongyiji.json","li-ao-zhenglun-zongyiji-163-denies-ma-clean-image-through-party-assets-and-campaign-money","{""id"":""li-ao-zhenglun-zongyiji-163-denies-ma-clean-image-through-party-assets-and-campaign-money"",""date"":""2013-09-12"",""year"":2013,""month"":9,""day"":12,""title"":""李敖用党产与总统选举经费否定马英九清廉形象"",""summary"":""他批马英九清廉是狗屎，追问总统选举要一百五十亿，马的财产申报却未减少，钱只能来自国民党党产；而党产原先说德国模式处理，最后却被卖掉、不见了。"",""category"":""media"",""source"":""《大李敖全集5.0》（wjm_tcy版）分章节/010.节目演讲类/012.李敖政论综艺集/163.20130912《新闻龙卷风》.txt"",""sourceLines"":[87,103],""lineCount"":653,""people"":[""李敖"",""马英九"",""陈水扁"",""李登辉""],""places"":[""台湾""],""works"":[""新闻龙卷风""],""tags"":[""李敖政论综艺集"",""第十七轮"",""电视节目"",""第163集"",""新闻龙卷风"",""党产"",""选举经费"",""马英九"",""清廉神话"",""德国模式""],""crossReferences"":[""li-ao-zhenglun-zongyiji-154-claims-he-first-pointed-out-fubon-fish-fin-and-dpp-learned-to-follow""],""view"":[""public""],""confidence"":""high"",""round"":""li-ao-zhenglun-zongyiji-round017-161-170"",""dataFile"":""data/timeline-events-li-ao-zhenglun-zongyiji.json""}"
"27071","2013","2013-09-12","2013-09-12","day","","李敖回忆三十年前在家中书架上抓到警备总部窃听器，并说可以反过来骗监听设备","他说自己家里曾被旧式窃听器监听，警备总部把无指纹装置放在书架顶上，他每天回家检查当天就发现；后来他不怕监听，甚至可透过监听设备骗对方。","李敖、蒋经国","台湾","李敖政论综艺集、第十七轮、电视节目、第163集、新闻龙卷风、窃听、警备总部、监听、白色恐怖、情治","public","新闻龙卷风","li-ao-zhenglun-zongyiji-160-replays-pen-finger-torture-and-ma-gift-essay-as-unfinished-kmt-hatred","","","","","","[]","data/timeline-events-li-ao-zhenglun-zongyiji.json","li-ao-zhenglun-zongyiji-163-recalls-finding-garrison-bug-at-home-and-using-surveillance-back","{""id"":""li-ao-zhenglun-zongyiji-163-recalls-finding-garrison-bug-at-home-and-using-surveillance-back"",""date"":""2013-09-12"",""year"":2013,""month"":9,""day"":12,""title"":""李敖回忆三十年前在家中书架上抓到警备总部窃听器，并说可以反过来骗监听设备"",""summary"":""他说自己家里曾被旧式窃听器监听，警备总部把无指纹装置放在书架顶上，他每天回家检查当天就发现；后来他不怕监听，甚至可透过监听设备骗对方。"",""category"":""media"",""source"":""《大李敖全集5.0》（wjm_tcy版）分章节/010.节目演讲类/012.李敖政论综艺集/163.20130912《新闻龙卷风》.txt"",""sourceLines"":[283,311],""lineCount"":653,""people"":[""李敖"",""蒋经国""],""places"":[""台湾""],""works"":[""新闻龙卷风""],""tags"":[""李敖政论综艺集"",""第十七轮"",""电视节目"",""第163集"",""新闻龙卷风"",""窃听"",""警备总部"",""监听"",""白色恐怖"",""情治""],""crossReferences"":[""li-ao-zhenglun-zongyiji-160-replays-pen-finger-torture-and-ma-gift-essay-as-unfinished-kmt-hatred""],""view"":[""public""],""confidence"":""high"",""round"":""li-ao-zhenglun-zongyiji-round017-161-170"",""dataFile"":""data/timeline-events-li-ao-zhenglun-zongyiji.json""}"
"27072","2013","2013-09-12","2013-09-12","day","","李敖回忆金溥聪饭局，称马英九当年会抓绿营中间势力与四成七妇女票","他在《新闻龙卷风》谈自己同金溥聪的私交，说金在阳明山请客时认为马英九会搞政治：蓝营基本票无路可走，马便争取绿营、中间势力与女性好感，并靠脸蛋拿到四成七妇女票。","李敖、金溥聪、马英九","台湾、阳明山","李敖政论综艺集、第十七轮、电视节目、第163集、新闻龙卷风、金溥聪、马英九、妇女票、蓝营、中间选民","public","新闻龙卷风","","","","","","","[]","data/timeline-events-li-ao-zhenglun-zongyiji.json","li-ao-zhenglun-zongyiji-163-quotes-king-pu-tsung-dinner-on-ma-capturing-green-middle-and-women-votes","{""id"":""li-ao-zhenglun-zongyiji-163-quotes-king-pu-tsung-dinner-on-ma-capturing-green-middle-and-women-votes"",""date"":""2013-09-12"",""year"":2013,""month"":9,""day"":12,""title"":""李敖回忆金溥聪饭局，称马英九当年会抓绿营中间势力与四成七妇女票"",""summary"":""他在《新闻龙卷风》谈自己同金溥聪的私交，说金在阳明山请客时认为马英九会搞政治：蓝营基本票无路可走，马便争取绿营、中间势力与女性好感，并靠脸蛋拿到四成七妇女票。"",""category"":""media"",""source"":""《大李敖全集5.0》（wjm_tcy版）分章节/010.节目演讲类/012.李敖政论综艺集/163.20130912《新闻龙卷风》.txt"",""sourceLines"":[37,53],""lineCount"":653,""people"":[""李敖"",""金溥聪"",""马英九""],""places"":[""台湾"",""阳明山""],""works"":[""新闻龙卷风""],""tags"":[""李敖政论综艺集"",""第十七轮"",""电视节目"",""第163集"",""新闻龙卷风"",""金溥聪"",""马英九"",""妇女票"",""蓝营"",""中间选民""],""crossReferences"":[],""view"":[""public""],""confidence"":""high"",""round"":""li-ao-zhenglun-zongyiji-round017-161-170"",""dataFile"":""data/timeline-events-li-ao-zhenglun-zongyiji.json""}"
"27073","2013","2013-09-12","2013-09-12","day","","李敖把王金平设想成黄袍加身的罢马号召者","他说新党、亲民党曾有取代国民党的机会，如今王金平可趁机集合三四党力量，不一定组党，而以罢免马英九为共同主题；王本人被动，却可能在压力与时运下接受黄袍。","李敖、王金平、马英九、宋楚瑜、许信良、戴立纲","台湾","李敖政论综艺集、第十七轮、电视节目、第163集、新闻龙卷风、王金平、罢免马英九、黄袍加身、新党、亲民党","public","新闻龙卷风","li-ao-zhenglun-zongyiji-132-frames-pfp-as-third-party-watchdog-and-secret-caucus-whistleblower","","","","","","[]","data/timeline-events-li-ao-zhenglun-zongyiji.json","li-ao-zhenglun-zongyiji-163-casts-wang-as-yellow-robe-figure-for-recall-theme","{""id"":""li-ao-zhenglun-zongyiji-163-casts-wang-as-yellow-robe-figure-for-recall-theme"",""date"":""2013-09-12"",""year"":2013,""month"":9,""day"":12,""title"":""李敖把王金平设想成黄袍加身的罢马号召者"",""summary"":""他说新党、亲民党曾有取代国民党的机会，如今王金平可趁机集合三四党力量，不一定组党，而以罢免马英九为共同主题；王本人被动，却可能在压力与时运下接受黄袍。"",""category"":""media"",""source"":""《大李敖全集5.0》（wjm_tcy版）分章节/010.节目演讲类/012.李敖政论综艺集/163.20130912《新闻龙卷风》.txt"",""sourceLines"":[131,191],""lineCount"":653,""people"":[""李敖"",""王金平"",""马英九"",""宋楚瑜"",""许信良"",""戴立纲""],""places"":[""台湾""],""works"":[""新闻龙卷风""],""tags"":[""李敖政论综艺集"",""第十七轮"",""电视节目"",""第163集"",""新闻龙卷风"",""王金平"",""罢免马英九"",""黄袍加身"",""新党"",""亲民党""],""crossReferences"":[""li-ao-zhenglun-zongyiji-132-frames-pfp-as-third-party-watchdog-and-secret-caucus-whistleblower""],""view"":[""public""],""confidence"":""high"",""round"":""li-ao-zhenglun-zongyiji-round017-161-170"",""dataFile"":""data/timeline-events-li-ao-zhenglun-zongyiji.json""}"
"27074","2013","2013-09-12","2013-09-12","day","","李敖把非法录音转成程序正义问题，认为录音即便为真也不能拿来整王金平","他承认王金平可能有关说，但强调若录音取得不合程序正义，证据力无效；他以宪法第八条人民可拒绝非法逮捕为例，说明程序正义常在现实权力面前失效。","李敖、王金平、柯建铭、马英九","台湾","李敖政论综艺集、第十七轮、电视节目、第163集、新闻龙卷风、非法录音、程序正义、关说、宪法第八条、王金平","public","新闻龙卷风","li-ao-zhenglun-zongyiji-123-recounts-wang-jinpyng-political-skill-two-million-and-pu-xinyu-painting","","","","","","[]","data/timeline-events-li-ao-zhenglun-zongyiji.json","li-ao-zhenglun-zongyiji-163-turns-illegal-recordings-into-procedural-justice-defense-of-wang","{""id"":""li-ao-zhenglun-zongyiji-163-turns-illegal-recordings-into-procedural-justice-defense-of-wang"",""date"":""2013-09-12"",""year"":2013,""month"":9,""day"":12,""title"":""李敖把非法录音转成程序正义问题，认为录音即便为真也不能拿来整王金平"",""summary"":""他承认王金平可能有关说，但强调若录音取得不合程序正义，证据力无效；他以宪法第八条人民可拒绝非法逮捕为例，说明程序正义常在现实权力面前失效。"",""category"":""media"",""source"":""《大李敖全集5.0》（wjm_tcy版）分章节/010.节目演讲类/012.李敖政论综艺集/163.20130912《新闻龙卷风》.txt"",""sourceLines"":[239,259],""lineCount"":653,""people"":[""李敖"",""王金平"",""柯建铭"",""马英九""],""places"":[""台湾""],""works"":[""新闻龙卷风""],""tags"":[""李敖政论综艺集"",""第十七轮"",""电视节目"",""第163集"",""新闻龙卷风"",""非法录音"",""程序正义"",""关说"",""宪法第八条"",""王金平""],""crossReferences"":[""li-ao-zhenglun-zongyiji-123-recounts-wang-jinpyng-political-skill-two-million-and-pu-xinyu-painting""],""view"":[""public""],""confidence"":""high"",""round"":""li-ao-zhenglun-zongyiji-round017-161-170"",""dataFile"":""data/timeline-events-li-ao-zhenglun-zongyiji.json""}"
"27075","2013","2013-09-12","2013-09-12","day","","李敖把监察院、考试院与五权宪法统统列为假民主结构","他说监察院只是斗臭别人的政争机构，考试院也没有资格成院；再批三民主义民权只谈选举罢免创制复决而不谈人民基本权利，要求趁王金平案把五权宪法等假结构推翻，走向美国式三权民主。","李敖、孙中山、王金平、马英九、陈水扁","台湾、美国","李敖政论综艺集、第十七轮、电视节目、第163集、新闻龙卷风、监察院、考试院、五权宪法、三权分立、假民主","public","新闻龙卷风","li-ao-zhenglun-zongyiji-034-calls-kmt-and-dpp-leninist-parties","","","","","","[]","data/timeline-events-li-ao-zhenglun-zongyiji.json","li-ao-zhenglun-zongyiji-163-treats-control-yuan-examination-yuan-and-five-power-constitution-as-fake-democracy","{""id"":""li-ao-zhenglun-zongyiji-163-treats-control-yuan-examination-yuan-and-five-power-constitution-as-fake-democracy"",""date"":""2013-09-12"",""year"":2013,""month"":9,""day"":12,""title"":""李敖把监察院、考试院与五权宪法统统列为假民主结构"",""summary"":""他说监察院只是斗臭别人的政争机构，考试院也没有资格成院；再批三民主义民权只谈选举罢免创制复决而不谈人民基本权利，要求趁王金平案把五权宪法等假结构推翻，走向美国式三权民主。"",""category"":""media"",""source"":""《大李敖全集5.0》（wjm_tcy版）分章节/010.节目演讲类/012.李敖政论综艺集/163.20130912《新闻龙卷风》.txt"",""sourceLines"":[503,587],""lineCount"":653,""people"":[""李敖"",""孙中山"",""王金平"",""马英九"",""陈水扁""],""places"":[""台湾"",""美国""],""works"":[""新闻龙卷风""],""tags"":[""李敖政论综艺集"",""第十七轮"",""电视节目"",""第163集"",""新闻龙卷风"",""监察院"",""考试院"",""五权宪法"",""三权分立"",""假民主""],""crossReferences"":[""li-ao-zhenglun-zongyiji-034-calls-kmt-and-dpp-leninist-parties""],""view"":[""public""],""confidence"":""high"",""round"":""li-ao-zhenglun-zongyiji-round017-161-170"",""dataFile"":""data/timeline-events-li-ao-zhenglun-zongyiji.json""}"
"27076","2013","2013-09-12","2013-09-12","day","","李敖说国民党制造事件收不了摊，马能拔议长是因政党仍是独裁国家政党","他区别共产党等待事件、国民党制造事件，指出大家不该只骂马英九狠心，而要追问谁给他权力；台湾政党仍是列宁式独裁政党，所以党主席可现场压阵开除国会议长。","李敖、马英九、王金平、李远哲、蒋介石","台湾、中国大陆","李敖政论综艺集、第十七轮、电视节目、第163集、新闻龙卷风、列宁式政党、假民主、国民党、马王政争、议长","public","新闻龙卷风","li-ao-zhenglun-zongyiji-034-calls-kmt-and-dpp-leninist-parties","","","","","","[]","data/timeline-events-li-ao-zhenglun-zongyiji.json","li-ao-zhenglun-zongyiji-163-says-kmt-manufactures-events-and-leninist-party-power-created-speaker-removal","{""id"":""li-ao-zhenglun-zongyiji-163-says-kmt-manufactures-events-and-leninist-party-power-created-speaker-removal"",""date"":""2013-09-12"",""year"":2013,""month"":9,""day"":12,""title"":""李敖说国民党制造事件收不了摊，马能拔议长是因政党仍是独裁国家政党"",""summary"":""他区别共产党等待事件、国民党制造事件，指出大家不该只骂马英九狠心，而要追问谁给他权力；台湾政党仍是列宁式独裁政党，所以党主席可现场压阵开除国会议长。"",""category"":""media"",""source"":""《大李敖全集5.0》（wjm_tcy版）分章节/010.节目演讲类/012.李敖政论综艺集/163.20130912《新闻龙卷风》.txt"",""sourceLines"":[65,79],""lineCount"":653,""people"":[""李敖"",""马英九"",""王金平"",""李远哲"",""蒋介石""],""places"":[""台湾"",""中国大陆""],""works"":[""新闻龙卷风""],""tags"":[""李敖政论综艺集"",""第十七轮"",""电视节目"",""第163集"",""新闻龙卷风"",""列宁式政党"",""假民主"",""国民党"",""马王政争"",""议长""],""crossReferences"":[""li-ao-zhenglun-zongyiji-034-calls-kmt-and-dpp-leninist-parties""],""view"":[""public""],""confidence"":""high"",""round"":""li-ao-zhenglun-zongyiji-round017-161-170"",""dataFile"":""data/timeline-events-li-ao-zhenglun-zongyiji.json""}"
"27077","2013","2013-09-13","2013-09-13","day","","李敖从不分区立委来源谈到自己一票对二百二十五席的无力","他解释不分区立委最早是为在大陆的代表保留名额，后来变成党主席私人恩惠；又说自己在立院虽告过二百二十四位立委，但投票时仍只有一票，最后才用喷瓦斯警告党团协商夺权。","李敖、王金平、柯建铭、李复甸","台湾、中国大陆","李敖政论综艺集、第十七轮、电视节目、第164集、台湾顾问团、不分区立委、立法院、一票、喷瓦斯、政党协商","public","台湾顾问团","li-ao-zhenglun-zongyiji-076-explains-tear-gas-as-response-to-denied-legislative-rights","","","","","","[]","data/timeline-events-li-ao-zhenglun-zongyiji.json","li-ao-zhenglun-zongyiji-164-explains-at-large-legislator-origin-and-his-one-vote-powerlessness","{""id"":""li-ao-zhenglun-zongyiji-164-explains-at-large-legislator-origin-and-his-one-vote-powerlessness"",""date"":""2013-09-13"",""year"":2013,""month"":9,""day"":13,""title"":""李敖从不分区立委来源谈到自己一票对二百二十五席的无力"",""summary"":""他解释不分区立委最早是为在大陆的代表保留名额，后来变成党主席私人恩惠；又说自己在立院虽告过二百二十四位立委，但投票时仍只有一票，最后才用喷瓦斯警告党团协商夺权。"",""category"":""media"",""source"":""《大李敖全集5.0》（wjm_tcy版）分章节/010.节目演讲类/012.李敖政论综艺集/164.20130913《台湾顾问团》.txt"",""sourceLines"":[73,97],""lineCount"":279,""people"":[""李敖"",""王金平"",""柯建铭"",""李复甸""],""places"":[""台湾"",""中国大陆""],""works"":[""台湾顾问团""],""tags"":[""李敖政论综艺集"",""第十七轮"",""电视节目"",""第164集"",""台湾顾问团"",""不分区立委"",""立法院"",""一票"",""喷瓦斯"",""政党协商""],""crossReferences"":[""li-ao-zhenglun-zongyiji-076-explains-tear-gas-as-response-to-denied-legislative-rights""],""view"":[""public""],""confidence"":""high"",""round"":""li-ao-zhenglun-zongyiji-round017-161-170"",""dataFile"":""data/timeline-events-li-ao-zhenglun-zongyiji.json""}"
"27078","2013","2013-09-13","2013-09-13","day","","李敖主张王金平组成拉下马英九的联合大联盟，并提醒民进党会被王柯组合吃掉","他响应段宜康的担忧，说王金平不必先组党，而可建立台湾联合大联盟，唯一目标就是拉下马英九；王金平能联手任何人，柯建铭又与他互相奥援，民进党面对的是这组有智慧的政治人物。","李敖、王金平、马英九、柯建铭、段宜康","台湾","李敖政论综艺集、第十七轮、电视节目、第165集、新闻龙卷风、联合大联盟、王金平、柯建铭、民进党、罢免马英九","public","新闻龙卷风","li-ao-zhenglun-zongyiji-123-recounts-wang-jinpyng-political-skill-two-million-and-pu-xinyu-painting、li-ao-zhenglun-zongyiji-132-frames-pfp-as-third-party-watchdog-and-secret-caucus-whistleblower","","","","","","[]","data/timeline-events-li-ao-zhenglun-zongyiji.json","li-ao-zhenglun-zongyiji-165-urges-wang-alliance-to-pull-down-ma-and-warns-dpp-of-wang-ko-pair","{""id"":""li-ao-zhenglun-zongyiji-165-urges-wang-alliance-to-pull-down-ma-and-warns-dpp-of-wang-ko-pair"",""date"":""2013-09-13"",""year"":2013,""month"":9,""day"":13,""title"":""李敖主张王金平组成拉下马英九的联合大联盟，并提醒民进党会被王柯组合吃掉"",""summary"":""他响应段宜康的担忧，说王金平不必先组党，而可建立台湾联合大联盟，唯一目标就是拉下马英九；王金平能联手任何人，柯建铭又与他互相奥援，民进党面对的是这组有智慧的政治人物。"",""category"":""media"",""source"":""《大李敖全集5.0》（wjm_tcy版）分章节/010.节目演讲类/012.李敖政论综艺集/165.20130913《新闻龙卷风》.txt"",""sourceLines"":[589,617],""lineCount"":641,""people"":[""李敖"",""王金平"",""马英九"",""柯建铭"",""段宜康""],""places"":[""台湾""],""works"":[""新闻龙卷风""],""tags"":[""李敖政论综艺集"",""第十七轮"",""电视节目"",""第165集"",""新闻龙卷风"",""联合大联盟"",""王金平"",""柯建铭"",""民进党"",""罢免马英九""],""crossReferences"":[""li-ao-zhenglun-zongyiji-123-recounts-wang-jinpyng-political-skill-two-million-and-pu-xinyu-painting"",""li-ao-zhenglun-zongyiji-132-frames-pfp-as-third-party-watchdog-and-secret-caucus-whistleblower""],""view"":[""public""],""confidence"":""high"",""round"":""li-ao-zhenglun-zongyiji-round017-161-170"",""dataFile"":""data/timeline-events-li-ao-zhenglun-zongyiji.json""}"
"27079","2013","2013-09-13","2013-09-13","day","","李敖以监狱通铺与零点三九六坪空间，批马英九做法务部长不敢看真实狱政","他说马英九巡视监狱只敢走中山北路般的大路，不敢进押房巷子；狱中每人空间只有零点三九六坪，像汤匙般侧睡，起夜后就回不去，马从未面对这种黑暗。","李敖、马英九、陈水扁","台湾","李敖政论综艺集、第十七轮、电视节目、第165集、新闻龙卷风、监狱、法务部长、狱政、人权、马英九","public","新闻龙卷风","","","","","","","[]","data/timeline-events-li-ao-zhenglun-zongyiji.json","li-ao-zhenglun-zongyiji-165-uses-prison-cells-to-say-ma-as-justice-minister-never-faced-prison-reality","{""id"":""li-ao-zhenglun-zongyiji-165-uses-prison-cells-to-say-ma-as-justice-minister-never-faced-prison-reality"",""date"":""2013-09-13"",""year"":2013,""month"":9,""day"":13,""title"":""李敖以监狱通铺与零点三九六坪空间，批马英九做法务部长不敢看真实狱政"",""summary"":""他说马英九巡视监狱只敢走中山北路般的大路，不敢进押房巷子；狱中每人空间只有零点三九六坪，像汤匙般侧睡，起夜后就回不去，马从未面对这种黑暗。"",""category"":""media"",""source"":""《大李敖全集5.0》（wjm_tcy版）分章节/010.节目演讲类/012.李敖政论综艺集/165.20130913《新闻龙卷风》.txt"",""sourceLines"":[85,97],""lineCount"":641,""people"":[""李敖"",""马英九"",""陈水扁""],""places"":[""台湾""],""works"":[""新闻龙卷风""],""tags"":[""李敖政论综艺集"",""第十七轮"",""电视节目"",""第165集"",""新闻龙卷风"",""监狱"",""法务部长"",""狱政"",""人权"",""马英九""],""crossReferences"":[],""view"":[""public""],""confidence"":""high"",""round"":""li-ao-zhenglun-zongyiji-round017-161-170"",""dataFile"":""data/timeline-events-li-ao-zhenglun-zongyiji.json""}"
"27080","2013","2013-09-13","2013-09-13","day","","李敖用飞马故事说明政治人物抢时间，并以自己因蒋介石死而减刑作证","他讲巴鲁克的死刑犯飞马故事，说明政治人物看重多活一年；随后回忆自己叛乱案判十年不上诉，因为要对方有本事关满十年，最后蒋介石死后全台减刑，他坐五年八个月就出来。","李敖、巴鲁克、蒋介石、胡茵梦","台湾","李敖政论综艺集、第十七轮、电视节目、第164集、台湾顾问团、飞马故事、政治时间、叛乱案、坐牢、减刑","public","台湾顾问团","li-ao-zhenglun-zongyiji-160-replays-pen-finger-torture-and-ma-gift-essay-as-unfinished-kmt-hatred","","","","","","[]","data/timeline-events-li-ao-zhenglun-zongyiji.json","li-ao-zhenglun-zongyiji-164-opens-with-flying-horse-time-story-and-own-sentence-shortened-after-chiang-death","{""id"":""li-ao-zhenglun-zongyiji-164-opens-with-flying-horse-time-story-and-own-sentence-shortened-after-chiang-death"",""date"":""2013-09-13"",""year"":2013,""month"":9,""day"":13,""title"":""李敖用飞马故事说明政治人物抢时间，并以自己因蒋介石死而减刑作证"",""summary"":""他讲巴鲁克的死刑犯飞马故事，说明政治人物看重多活一年；随后回忆自己叛乱案判十年不上诉，因为要对方有本事关满十年，最后蒋介石死后全台减刑，他坐五年八个月就出来。"",""category"":""media"",""source"":""《大李敖全集5.0》（wjm_tcy版）分章节/010.节目演讲类/012.李敖政论综艺集/164.20130913《台湾顾问团》.txt"",""sourceLines"":[13,25],""lineCount"":279,""people"":[""李敖"",""巴鲁克"",""蒋介石"",""胡茵梦""],""places"":[""台湾""],""works"":[""台湾顾问团""],""tags"":[""李敖政论综艺集"",""第十七轮"",""电视节目"",""第164集"",""台湾顾问团"",""飞马故事"",""政治时间"",""叛乱案"",""坐牢"",""减刑""],""crossReferences"":[""li-ao-zhenglun-zongyiji-160-replays-pen-finger-torture-and-ma-gift-essay-as-unfinished-kmt-hatred""],""view"":[""public""],""confidence"":""high"",""round"":""li-ao-zhenglun-zongyiji-round017-161-170"",""dataFile"":""data/timeline-events-li-ao-zhenglun-zongyiji.json""}"
"27081","2013","2013-09-13","2013-09-13","day","","李敖用叶公超退官教书坐不久热板凳，推想王金平离开立院后的冷板凳考验","他说王金平基本会逐渐远离立法院，若按年纪该退休，若有雄心则应好好干；政治人物退隐不易，他以叶公超离开外交部长后到师大讲课坐不久热板凳，梁实秋因长期教书才能坐热作比。","李敖、王金平、叶公超、梁实秋","台湾","李敖政论综艺集、第十七轮、电视节目、第164集、台湾顾问团、王金平、退隐、冷板凳、叶公超、梁实秋","public","台湾顾问团","","","","","","","[]","data/timeline-events-li-ao-zhenglun-zongyiji.json","li-ao-zhenglun-zongyiji-164-frames-wangs-rupture-as-cold-bench-test-using-ye-gongchao-and-liang-shiqiu","{""id"":""li-ao-zhenglun-zongyiji-164-frames-wangs-rupture-as-cold-bench-test-using-ye-gongchao-and-liang-shiqiu"",""date"":""2013-09-13"",""year"":2013,""month"":9,""day"":13,""title"":""李敖用叶公超退官教书坐不久热板凳，推想王金平离开立院后的冷板凳考验"",""summary"":""他说王金平基本会逐渐远离立法院，若按年纪该退休，若有雄心则应好好干；政治人物退隐不易，他以叶公超离开外交部长后到师大讲课坐不久热板凳，梁实秋因长期教书才能坐热作比。"",""category"":""media"",""source"":""《大李敖全集5.0》（wjm_tcy版）分章节/010.节目演讲类/012.李敖政论综艺集/164.20130913《台湾顾问团》.txt"",""sourceLines"":[201,221],""lineCount"":279,""people"":[""李敖"",""王金平"",""叶公超"",""梁实秋""],""places"":[""台湾""],""works"":[""台湾顾问团""],""tags"":[""李敖政论综艺集"",""第十七轮"",""电视节目"",""第164集"",""台湾顾问团"",""王金平"",""退隐"",""冷板凳"",""叶公超"",""梁实秋""],""crossReferences"":[],""view"":[""public""],""confidence"":""high"",""round"":""li-ao-zhenglun-zongyiji-round017-161-170"",""dataFile"":""data/timeline-events-li-ao-zhenglun-zongyiji.json""}"
"27082","2013","2013-09-13","2013-09-13","day","","李敖用国民党党产、中广与国发院土地，说明马英九的清廉是赃款清廉","他追问马英九选总统花一百五十亿而财产未减，钱从何来；再说中广、党产和国发院土地都不是好来，地主当年被大汉带枪逼着租地，马只是捡尽前人坏事留下的便宜。","李敖、马英九、宋楚瑜、刘泰英","台湾","李敖政论综艺集、第十七轮、电视节目、第165集、新闻龙卷风、党产、中广、国发院、清廉神话、选举经费","public","新闻龙卷风","li-ao-zhenglun-zongyiji-154-claims-he-first-pointed-out-fubon-fish-fin-and-dpp-learned-to-follow","","","","","","[]","data/timeline-events-li-ao-zhenglun-zongyiji.json","li-ao-zhenglun-zongyiji-165-calls-ma-unclean-through-kmt-assets-cbc-and-revolutionary-institute-land","{""id"":""li-ao-zhenglun-zongyiji-165-calls-ma-unclean-through-kmt-assets-cbc-and-revolutionary-institute-land"",""date"":""2013-09-13"",""year"":2013,""month"":9,""day"":13,""title"":""李敖用国民党党产、中广与国发院土地，说明马英九的清廉是赃款清廉"",""summary"":""他追问马英九选总统花一百五十亿而财产未减，钱从何来；再说中广、党产和国发院土地都不是好来，地主当年被大汉带枪逼着租地，马只是捡尽前人坏事留下的便宜。"",""category"":""media"",""source"":""《大李敖全集5.0》（wjm_tcy版）分章节/010.节目演讲类/012.李敖政论综艺集/165.20130913《新闻龙卷风》.txt"",""sourceLines"":[101,165],""lineCount"":641,""people"":[""李敖"",""马英九"",""宋楚瑜"",""刘泰英""],""places"":[""台湾""],""works"":[""新闻龙卷风""],""tags"":[""李敖政论综艺集"",""第十七轮"",""电视节目"",""第165集"",""新闻龙卷风"",""党产"",""中广"",""国发院"",""清廉神话"",""选举经费""],""crossReferences"":[""li-ao-zhenglun-zongyiji-154-claims-he-first-pointed-out-fubon-fish-fin-and-dpp-learned-to-follow""],""view"":[""public""],""confidence"":""high"",""round"":""li-ao-zhenglun-zongyiji-round017-161-170"",""dataFile"":""data/timeline-events-li-ao-zhenglun-zongyiji.json""}"
"27083","2013","2013-09-13","2013-09-13","day","","李敖把反攻大陆、台独党纲和马英九维持现状都归为违宪式假梦","他说蒋介石骗台湾二十六年反攻大陆，民进党台独党纲二十七年也不敢独立；马英九说维持现状同样是隐形台独，因为宪法增修条文写的是国家统一前的动态进程。","李敖、蒋介石、陈水扁、马英九","台湾、中国大陆","李敖政论综艺集、第十七轮、电视节目、第165集、新闻龙卷风、反攻大陆、台独党纲、维持现状、宪法增修条文、假梦","public","新闻龙卷风","li-ao-zhenglun-zongyiji-149-says-tsai-victory-could-force-beijing-to-rethink-and-invokes-nader","","","","","","[]","data/timeline-events-li-ao-zhenglun-zongyiji.json","li-ao-zhenglun-zongyiji-165-calls-counterattack-independence-and-ma-status-quo-three-fake-constitutional-dreams","{""id"":""li-ao-zhenglun-zongyiji-165-calls-counterattack-independence-and-ma-status-quo-three-fake-constitutional-dreams"",""date"":""2013-09-13"",""year"":2013,""month"":9,""day"":13,""title"":""李敖把反攻大陆、台独党纲和马英九维持现状都归为违宪式假梦"",""summary"":""他说蒋介石骗台湾二十六年反攻大陆，民进党台独党纲二十七年也不敢独立；马英九说维持现状同样是隐形台独，因为宪法增修条文写的是国家统一前的动态进程。"",""category"":""media"",""source"":""《大李敖全集5.0》（wjm_tcy版）分章节/010.节目演讲类/012.李敖政论综艺集/165.20130913《新闻龙卷风》.txt"",""sourceLines"":[413,461],""lineCount"":641,""people"":[""李敖"",""蒋介石"",""陈水扁"",""马英九""],""places"":[""台湾"",""中国大陆""],""works"":[""新闻龙卷风""],""tags"":[""李敖政论综艺集"",""第十七轮"",""电视节目"",""第165集"",""新闻龙卷风"",""反攻大陆"",""台独党纲"",""维持现状"",""宪法增修条文"",""假梦""],""crossReferences"":[""li-ao-zhenglun-zongyiji-149-says-tsai-victory-could-force-beijing-to-rethink-and-invokes-nader""],""view"":[""public""],""confidence"":""high"",""round"":""li-ao-zhenglun-zongyiji-round017-161-170"",""dataFile"":""data/timeline-events-li-ao-zhenglun-zongyiji.json""}"
"27084","2013","2013-09-13","2013-09-13","day","","李敖把国民党与民进党的党纪，追到苏联政治局和清朝奉旨申斥","他说明美国式政党不能随便开除党员，而台湾政党是苏联式列宁党；民进党还保留公开谴责条款，像清朝奉旨申斥，让人穿朝服被太监辱骂。","李敖、谢长廷、黄玉娇、苏洪月娇、齐世英、齐邦媛","台湾","李敖政论综艺集、第十七轮、电视节目、第165集、新闻龙卷风、列宁式政党、党纪、民进党、公开谴责、苏联式","public","新闻龙卷风","li-ao-zhenglun-zongyiji-034-calls-kmt-and-dpp-leninist-parties","","","","","","[]","data/timeline-events-li-ao-zhenglun-zongyiji.json","li-ao-zhenglun-zongyiji-165-traces-kmt-and-dpp-party-discipline-to-soviet-and-qing-humiliation-rules","{""id"":""li-ao-zhenglun-zongyiji-165-traces-kmt-and-dpp-party-discipline-to-soviet-and-qing-humiliation-rules"",""date"":""2013-09-13"",""year"":2013,""month"":9,""day"":13,""title"":""李敖把国民党与民进党的党纪，追到苏联政治局和清朝奉旨申斥"",""summary"":""他说明美国式政党不能随便开除党员，而台湾政党是苏联式列宁党；民进党还保留公开谴责条款，像清朝奉旨申斥，让人穿朝服被太监辱骂。"",""category"":""media"",""source"":""《大李敖全集5.0》（wjm_tcy版）分章节/010.节目演讲类/012.李敖政论综艺集/165.20130913《新闻龙卷风》.txt"",""sourceLines"":[169,197],""lineCount"":641,""people"":[""李敖"",""谢长廷"",""黄玉娇"",""苏洪月娇"",""齐世英"",""齐邦媛""],""places"":[""台湾""],""works"":[""新闻龙卷风""],""tags"":[""李敖政论综艺集"",""第十七轮"",""电视节目"",""第165集"",""新闻龙卷风"",""列宁式政党"",""党纪"",""民进党"",""公开谴责"",""苏联式""],""crossReferences"":[""li-ao-zhenglun-zongyiji-034-calls-kmt-and-dpp-leninist-parties""],""view"":[""public""],""confidence"":""high"",""round"":""li-ao-zhenglun-zongyiji-round017-161-170"",""dataFile"":""data/timeline-events-li-ao-zhenglun-zongyiji.json""}"
"27085","2013","2013-09-13","2013-09-13","day","","李敖把金溥聪说成不向马英九要好处却全力帮忙的特殊信任者","他说自己同金溥聪吃过两三次饭，觉得金与马关系暧昧；又举罗斯福信任霍普金斯的例子，说明一个人无条件帮忙且不向总统要好处，关系就不像普通友情。","李敖、金溥聪、马英九、罗斯福、霍普金斯","台湾、美国","李敖政论综艺集、第十七轮、电视节目、第164集、台湾顾问团、金溥聪、马英九、罗斯福、霍普金斯、政治信任","public","台湾顾问团","","","","","","","[]","data/timeline-events-li-ao-zhenglun-zongyiji.json","li-ao-zhenglun-zongyiji-164-describes-king-pu-tsung-as-benefit-free-trusted-helper-of-ma","{""id"":""li-ao-zhenglun-zongyiji-164-describes-king-pu-tsung-as-benefit-free-trusted-helper-of-ma"",""date"":""2013-09-13"",""year"":2013,""month"":9,""day"":13,""title"":""李敖把金溥聪说成不向马英九要好处却全力帮忙的特殊信任者"",""summary"":""他说自己同金溥聪吃过两三次饭，觉得金与马关系暧昧；又举罗斯福信任霍普金斯的例子，说明一个人无条件帮忙且不向总统要好处，关系就不像普通友情。"",""category"":""media"",""source"":""《大李敖全集5.0》（wjm_tcy版）分章节/010.节目演讲类/012.李敖政论综艺集/164.20130913《台湾顾问团》.txt"",""sourceLines"":[253,269],""lineCount"":279,""people"":[""李敖"",""金溥聪"",""马英九"",""罗斯福"",""霍普金斯""],""places"":[""台湾"",""美国""],""works"":[""台湾顾问团""],""tags"":[""李敖政论综艺集"",""第十七轮"",""电视节目"",""第164集"",""台湾顾问团"",""金溥聪"",""马英九"",""罗斯福"",""霍普金斯"",""政治信任""],""crossReferences"":[],""view"":[""public""],""confidence"":""high"",""round"":""li-ao-zhenglun-zongyiji-round017-161-170"",""dataFile"":""data/timeline-events-li-ao-zhenglun-zongyiji.json""}"
"27086","2013","2013-09-13","2013-09-13","day","","李敖要王金平脱离国民党贼船，先罢马再改三权宪法与军购结构","他设想王金平以三十七年立委声望同台湾人民合作，公开承认台湾民主是假的、政党是苏联式的，第一步罢免马英九；接着把政治结构重新洗牌，从五权改三权，并反省六千一百零八亿军购。","李敖、王金平、马英九、陈水扁","台湾、美国","李敖政论综艺集、第十七轮、电视节目、第164集、台湾顾问团、王金平、罢免马英九、三权分立、军购、假民主","public","台湾顾问团","li-ao-zhenglun-zongyiji-034-calls-kmt-and-dpp-leninist-parties、li-ao-zhenglun-zongyiji-133-calls-ma-worse-than-chen-through-us-training-arms-and-fubon","","","","","","[]","data/timeline-events-li-ao-zhenglun-zongyiji.json","li-ao-zhenglun-zongyiji-164-urges-wang-to-cut-kmt-ship-and-rebuild-democracy-through-recall-and-constitutional-change","{""id"":""li-ao-zhenglun-zongyiji-164-urges-wang-to-cut-kmt-ship-and-rebuild-democracy-through-recall-and-constitutional-change"",""date"":""2013-09-13"",""year"":2013,""month"":9,""day"":13,""title"":""李敖要王金平脱离国民党贼船，先罢马再改三权宪法与军购结构"",""summary"":""他设想王金平以三十七年立委声望同台湾人民合作，公开承认台湾民主是假的、政党是苏联式的，第一步罢免马英九；接着把政治结构重新洗牌，从五权改三权，并反省六千一百零八亿军购。"",""category"":""media"",""source"":""《大李敖全集5.0》（wjm_tcy版）分章节/010.节目演讲类/012.李敖政论综艺集/164.20130913《台湾顾问团》.txt"",""sourceLines"":[153,169],""lineCount"":279,""people"":[""李敖"",""王金平"",""马英九"",""陈水扁""],""places"":[""台湾"",""美国""],""works"":[""台湾顾问团""],""tags"":[""李敖政论综艺集"",""第十七轮"",""电视节目"",""第164集"",""台湾顾问团"",""王金平"",""罢免马英九"",""三权分立"",""军购"",""假民主""],""crossReferences"":[""li-ao-zhenglun-zongyiji-034-calls-kmt-and-dpp-leninist-parties"",""li-ao-zhenglun-zongyiji-133-calls-ma-worse-than-chen-through-us-training-arms-and-fubon""],""view"":[""public""],""confidence"":""high"",""round"":""li-ao-zhenglun-zongyiji-round017-161-170"",""dataFile"":""data/timeline-events-li-ao-zhenglun-zongyiji.json""}"
"27087","2013","2013-09-13","2013-09-13","day","","李敖说马英九杀鸡儆猴没有威信，公布监听更违反程序正义","他以自己判十年却让对方有本事关满十年的往事，说明马英九没有蒋介石式威信；即使监听内容为真，也属于刑事侦查不能公开，杀鸡或许可以，儆猴公开违法。","李敖、马英九、王金平、蒋介石","台湾","李敖政论综艺集、第十七轮、电视节目、第165集、新闻龙卷风、监听、程序正义、杀鸡儆猴、白色恐怖、马王政争","public","新闻龙卷风","li-ao-zhenglun-zongyiji-160-replays-pen-finger-torture-and-ma-gift-essay-as-unfinished-kmt-hatred","","","","","","[]","data/timeline-events-li-ao-zhenglun-zongyiji.json","li-ao-zhenglun-zongyiji-165-says-publicizing-wiretaps-violates-procedural-justice-even-if-lobbying-existed","{""id"":""li-ao-zhenglun-zongyiji-165-says-publicizing-wiretaps-violates-procedural-justice-even-if-lobbying-existed"",""date"":""2013-09-13"",""year"":2013,""month"":9,""day"":13,""title"":""李敖说马英九杀鸡儆猴没有威信，公布监听更违反程序正义"",""summary"":""他以自己判十年却让对方有本事关满十年的往事，说明马英九没有蒋介石式威信；即使监听内容为真，也属于刑事侦查不能公开，杀鸡或许可以，儆猴公开违法。"",""category"":""media"",""source"":""《大李敖全集5.0》（wjm_tcy版）分章节/010.节目演讲类/012.李敖政论综艺集/165.20130913《新闻龙卷风》.txt"",""sourceLines"":[57,77],""lineCount"":641,""people"":[""李敖"",""马英九"",""王金平"",""蒋介石""],""places"":[""台湾""],""works"":[""新闻龙卷风""],""tags"":[""李敖政论综艺集"",""第十七轮"",""电视节目"",""第165集"",""新闻龙卷风"",""监听"",""程序正义"",""杀鸡儆猴"",""白色恐怖"",""马王政争""],""crossReferences"":[""li-ao-zhenglun-zongyiji-160-replays-pen-finger-torture-and-ma-gift-essay-as-unfinished-kmt-hatred""],""view"":[""public""],""confidence"":""high"",""round"":""li-ao-zhenglun-zongyiji-round017-161-170"",""dataFile"":""data/timeline-events-li-ao-zhenglun-zongyiji.json""}"
"27088","2013","2013-09-13","2013-09-13","day","","李敖说从行宪以来人民没选对过领导人，并把外蒙古账算到国民党头上","他回到自己当年文山区同宋楚瑜竞选时早已警告马英九，批台湾人民一次又一次选错；又说中华民国不比中华帝国干得好，外蒙古是蒋介石卖掉的，卖国的是国民党。","李敖、马英九、宋楚瑜、蒋介石","台湾、外蒙古、文山区","李敖政论综艺集、第十七轮、电视节目、第164集、台湾顾问团、选民、马英九、宋楚瑜、外蒙古、国民党","public","台湾顾问团","","","","","","","[]","data/timeline-events-li-ao-zhenglun-zongyiji.json","li-ao-zhenglun-zongyiji-164-says-taiwan-voters-never-chose-right-leaders-and-kmt-sold-outer-mongolia","{""id"":""li-ao-zhenglun-zongyiji-164-says-taiwan-voters-never-chose-right-leaders-and-kmt-sold-outer-mongolia"",""date"":""2013-09-13"",""year"":2013,""month"":9,""day"":13,""title"":""李敖说从行宪以来人民没选对过领导人，并把外蒙古账算到国民党头上"",""summary"":""他回到自己当年文山区同宋楚瑜竞选时早已警告马英九，批台湾人民一次又一次选错；又说中华民国不比中华帝国干得好，外蒙古是蒋介石卖掉的，卖国的是国民党。"",""category"":""media"",""source"":""《大李敖全集5.0》（wjm_tcy版）分章节/010.节目演讲类/012.李敖政论综艺集/164.20130913《台湾顾问团》.txt"",""sourceLines"":[237,249],""lineCount"":279,""people"":[""李敖"",""马英九"",""宋楚瑜"",""蒋介石""],""places"":[""台湾"",""外蒙古"",""文山区""],""works"":[""台湾顾问团""],""tags"":[""李敖政论综艺集"",""第十七轮"",""电视节目"",""第164集"",""台湾顾问团"",""选民"",""马英九"",""宋楚瑜"",""外蒙古"",""国民党""],""crossReferences"":[],""view"":[""public""],""confidence"":""high"",""round"":""li-ao-zhenglun-zongyiji-round017-161-170"",""dataFile"":""data/timeline-events-li-ao-zhenglun-zongyiji.json""}"
"27089","2013","2013-09-13","2013-09-13","day","","李敖说王金平抢到十天就可整国民党，并把战场换成法律同党规打架","他再讲飞马故事，说王金平暂保院长身份的十天若够心狠手辣，就能翻江倒海、整国民党；马英九原想用家规党纪开除王，王则换到法院战场，让法律与党规对打。","李敖、王金平、马英九、江宜桦","台湾","李敖政论综艺集、第十七轮、电视节目、第165集、新闻龙卷风、马王政争、王金平、法律、党规、飞马故事","public","新闻龙卷风","","","","","","","[]","data/timeline-events-li-ao-zhenglun-zongyiji.json","li-ao-zhenglun-zongyiji-165-says-wang-won-ten-days-to-sell-out-kmt-and-force-law-vs-party-rule","{""id"":""li-ao-zhenglun-zongyiji-165-says-wang-won-ten-days-to-sell-out-kmt-and-force-law-vs-party-rule"",""date"":""2013-09-13"",""year"":2013,""month"":9,""day"":13,""title"":""李敖说王金平抢到十天就可整国民党，并把战场换成法律同党规打架"",""summary"":""他再讲飞马故事，说王金平暂保院长身份的十天若够心狠手辣，就能翻江倒海、整国民党；马英九原想用家规党纪开除王，王则换到法院战场，让法律与党规对打。"",""category"":""media"",""source"":""《大李敖全集5.0》（wjm_tcy版）分章节/010.节目演讲类/012.李敖政论综艺集/165.20130913《新闻龙卷风》.txt"",""sourceLines"":[9,49],""lineCount"":641,""people"":[""李敖"",""王金平"",""马英九"",""江宜桦""],""places"":[""台湾""],""works"":[""新闻龙卷风""],""tags"":[""李敖政论综艺集"",""第十七轮"",""电视节目"",""第165集"",""新闻龙卷风"",""马王政争"",""王金平"",""法律"",""党规"",""飞马故事""],""crossReferences"":[],""view"":[""public""],""confidence"":""high"",""round"":""li-ao-zhenglun-zongyiji-round017-161-170"",""dataFile"":""data/timeline-events-li-ao-zhenglun-zongyiji.json""}"
"27090","2013","2013-09-13","2013-09-13","day","","李敖说北京误把台湾国民党当国民党，实则只是在守一具尸体","他回忆自己早写《李登辉的真面目》拆穿李登辉，北京却以为他是同志；又说共产党因两次国共合作经验而误信国民党，没看出台湾来的只是蒋家党残余，如今国民党像尸体，民进党则可能借尸还魂。","李敖、李登辉、蒋介石、陈方安生、陈水扁","台湾、北京、中国大陆、香港","李敖政论综艺集、第十七轮、电视节目、第165集、新闻龙卷风、北京误判、国民党、蒋家党、民进党、借尸还魂","public","新闻龙卷风、李登辉的真面目","li-ao-zhenglun-zongyiji-149-says-tsai-victory-could-force-beijing-to-rethink-and-invokes-nader","","","","","","[]","data/timeline-events-li-ao-zhenglun-zongyiji.json","li-ao-zhenglun-zongyiji-165-says-beijing-misread-kmt-and-current-kmt-is-corpse-for-ccp-to-guard","{""id"":""li-ao-zhenglun-zongyiji-165-says-beijing-misread-kmt-and-current-kmt-is-corpse-for-ccp-to-guard"",""date"":""2013-09-13"",""year"":2013,""month"":9,""day"":13,""title"":""李敖说北京误把台湾国民党当国民党，实则只是在守一具尸体"",""summary"":""他回忆自己早写《李登辉的真面目》拆穿李登辉，北京却以为他是同志；又说共产党因两次国共合作经验而误信国民党，没看出台湾来的只是蒋家党残余，如今国民党像尸体，民进党则可能借尸还魂。"",""category"":""media"",""source"":""《大李敖全集5.0》（wjm_tcy版）分章节/010.节目演讲类/012.李敖政论综艺集/165.20130913《新闻龙卷风》.txt"",""sourceLines"":[497,537],""lineCount"":641,""people"":[""李敖"",""李登辉"",""蒋介石"",""陈方安生"",""陈水扁""],""places"":[""台湾"",""北京"",""中国大陆"",""香港""],""works"":[""新闻龙卷风"",""李登辉的真面目""],""tags"":[""李敖政论综艺集"",""第十七轮"",""电视节目"",""第165集"",""新闻龙卷风"",""北京误判"",""国民党"",""蒋家党"",""民进党"",""借尸还魂""],""crossReferences"":[""li-ao-zhenglun-zongyiji-149-says-tsai-victory-could-force-beijing-to-rethink-and-invokes-nader""],""view"":[""public""],""confidence"":""high"",""round"":""li-ao-zhenglun-zongyiji-round017-161-170"",""dataFile"":""data/timeline-events-li-ao-zhenglun-zongyiji.json""}"
"27091","2013","2013-09-13","2013-09-13","day","","李敖称王金平、宋楚瑜适合当总统，又用柯建铭买二百本书说明立院程序交易","他评价王金平与宋楚瑜都适合当总统，王至少与人为善；随后回忆自己用冗长发言、逐条审查和喷瓦斯卡法案，柯建铭到家求他撤案，最后买二百本《李敖议坛哀思录》了事。","李敖、王金平、宋楚瑜、柯建铭、洪秀柱、刘忆如","台湾","李敖政论综艺集、第十七轮、电视节目、第165集、新闻龙卷风、王金平、宋楚瑜、柯建铭、阻碍议案、二百本书","public","新闻龙卷风、李敖议坛哀思录","li-ao-zhenglun-zongyiji-076-explains-tear-gas-as-response-to-denied-legislative-rights、li-ao-zhenglun-zongyiji-157-calls-pfp-a-whistleblower-party-for-secret-caucus-bargains","","","","","","[]","data/timeline-events-li-ao-zhenglun-zongyiji.json","li-ao-zhenglun-zongyiji-165-names-wang-and-soong-as-presidential-material-and-recounts-ko-buying-two-hundred-books","{""id"":""li-ao-zhenglun-zongyiji-165-names-wang-and-soong-as-presidential-material-and-recounts-ko-buying-two-hundred-books"",""date"":""2013-09-13"",""year"":2013,""month"":9,""day"":13,""title"":""李敖称王金平、宋楚瑜适合当总统，又用柯建铭买二百本书说明立院程序交易"",""summary"":""他评价王金平与宋楚瑜都适合当总统，王至少与人为善；随后回忆自己用冗长发言、逐条审查和喷瓦斯卡法案，柯建铭到家求他撤案，最后买二百本《李敖议坛哀思录》了事。"",""category"":""media"",""source"":""《大李敖全集5.0》（wjm_tcy版）分章节/010.节目演讲类/012.李敖政论综艺集/165.20130913《新闻龙卷风》.txt"",""sourceLines"":[301,361],""lineCount"":641,""people"":[""李敖"",""王金平"",""宋楚瑜"",""柯建铭"",""洪秀柱"",""刘忆如""],""places"":[""台湾""],""works"":[""新闻龙卷风"",""李敖议坛哀思录""],""tags"":[""李敖政论综艺集"",""第十七轮"",""电视节目"",""第165集"",""新闻龙卷风"",""王金平"",""宋楚瑜"",""柯建铭"",""阻碍议案"",""二百本书""],""crossReferences"":[""li-ao-zhenglun-zongyiji-076-explains-tear-gas-as-response-to-denied-legislative-rights"",""li-ao-zhenglun-zongyiji-157-calls-pfp-a-whistleblower-party-for-secret-caucus-bargains""],""view"":[""public""],""confidence"":""high"",""round"":""li-ao-zhenglun-zongyiji-round017-161-170"",""dataFile"":""data/timeline-events-li-ao-zhenglun-zongyiji.json""}"
"27092","2013","2013-09-27","2013年9月27日星期五","day","confirmed","货车司机在红灯前认出李敖","《2013年9月》写，红灯前货车司机盯着李敖看，说觉得他很像；李敖回答自己照镜子也觉得自己很像，并与司机展开一段关于“大师也照镜子吗”的街头对话。","李敖、货车司机","台湾","虽千万人，李敖往矣、货车司机、红灯、被认出、街头对话","日常线、读者线、晚年线","虽千万人，李敖往矣","","虽千万人，李敖往矣","015.2013年9月","163","《大李敖全集5.0》（wjm_tcy版）分章节/005.诗集语录类/005.虽千万人，李敖往矣/015.2013年9月.txt","","[]","data/timeline-events-sui-qianwan-li-ao-wangyi.json","sui-qianwan-2013-09-27-truck-driver-recognizes-li-ao-at-red-light","{""id"":""sui-qianwan-2013-09-27-truck-driver-recognizes-li-ao-at-red-light"",""date"":""2013-09-27"",""displayDate"":""2013年9月27日星期五"",""datePrecision"":""day"",""title"":""货车司机在红灯前认出李敖"",""summary"":""《2013年9月》写，红灯前货车司机盯着李敖看，说觉得他很像；李敖回答自己照镜子也觉得自己很像，并与司机展开一段关于“大师也照镜子吗”的街头对话。"",""view"":[""日常线"",""读者线"",""晚年线""],""tags"":[""虽千万人，李敖往矣"",""货车司机"",""红灯"",""被认出"",""街头对话""],""people"":[""李敖"",""货车司机""],""places"":[""台湾""],""works"":[""虽千万人，李敖往矣""],""certainty"":""confirmed"",""source"":{""book"":""虽千万人，李敖往矣"",""chapter"":""015.2013年9月"",""path"":""《大李敖全集5.0》（wjm_tcy版）分章节/005.诗集语录类/005.虽千万人，李敖往矣/015.2013年9月.txt"",""line"":163},""dataFile"":""data/timeline-events-sui-qianwan-li-ao-wangyi.json""}"
"27093","2013","2013-09-28","2013年9月28日星期六","day","confirmed","小屯出国时李敖依靠赖岳忠代发微博","《2013年9月》写，李敖把赖岳忠戏称为“御用摄影家”；小屯一出国，一千公尺以内唯一助手就靠赖岳忠，尤其微博代发也要靠他维持。","李敖、赖岳忠、小屯","台湾","虽千万人，李敖往矣、赖岳忠、小屯、微博代发、摄影、助手","媒体线、交游线、家庭线","虽千万人，李敖往矣、哈啰李敖","sui-qianwan-2011-05-19-documents-hello-li-ao-production-team","虽千万人，李敖往矣","015.2013年9月","169","《大李敖全集5.0》（wjm_tcy版）分章节/005.诗集语录类/005.虽千万人，李敖往矣/015.2013年9月.txt","","[]","data/timeline-events-sui-qianwan-li-ao-wangyi.json","sui-qianwan-2013-09-28-relies-on-lai-yuezhong-to-post-weibo-when-xiaotun-abroad","{""id"":""sui-qianwan-2013-09-28-relies-on-lai-yuezhong-to-post-weibo-when-xiaotun-abroad"",""date"":""2013-09-28"",""displayDate"":""2013年9月28日星期六"",""datePrecision"":""day"",""title"":""小屯出国时李敖依靠赖岳忠代发微博"",""summary"":""《2013年9月》写，李敖把赖岳忠戏称为“御用摄影家”；小屯一出国，一千公尺以内唯一助手就靠赖岳忠，尤其微博代发也要靠他维持。"",""view"":[""媒体线"",""交游线"",""家庭线""],""tags"":[""虽千万人，李敖往矣"",""赖岳忠"",""小屯"",""微博代发"",""摄影"",""助手""],""people"":[""李敖"",""赖岳忠"",""小屯""],""places"":[""台湾""],""works"":[""虽千万人，李敖往矣"",""哈啰李敖""],""certainty"":""confirmed"",""source"":{""book"":""虽千万人，李敖往矣"",""chapter"":""015.2013年9月"",""path"":""《大李敖全集5.0》（wjm_tcy版）分章节/005.诗集语录类/005.虽千万人，李敖往矣/015.2013年9月.txt"",""line"":169},""crossReferences"":[""sui-qianwan-2011-05-19-documents-hello-li-ao-production-team""],""dataFile"":""data/timeline-events-sui-qianwan-li-ao-wangyi.json""}"
"27094","2013","2013-09-30","2013年9月30日星期一","day","confirmed","李敖与前列腺手术名医张树人小聚","《2013年9月》写，前列腺开刀转眼十年，李敖与操刀名医张树人小聚，回想开刀前夜报上登出自己的自嘲联。","李敖、张树人","台湾","虽千万人，李敖往矣、前列腺、张树人、小聚、手术、自嘲联","健康线、交游线、晚年线","虽千万人，李敖往矣","","虽千万人，李敖往矣","015.2013年9月","181","《大李敖全集5.0》（wjm_tcy版）分章节/005.诗集语录类/005.虽千万人，李敖往矣/015.2013年9月.txt","","[]","data/timeline-events-sui-qianwan-li-ao-wangyi.json","sui-qianwan-2013-09-30-meets-prostate-surgeon-zhang-shuren","{""id"":""sui-qianwan-2013-09-30-meets-prostate-surgeon-zhang-shuren"",""date"":""2013-09-30"",""displayDate"":""2013年9月30日星期一"",""datePrecision"":""day"",""title"":""李敖与前列腺手术名医张树人小聚"",""summary"":""《2013年9月》写，前列腺开刀转眼十年，李敖与操刀名医张树人小聚，回想开刀前夜报上登出自己的自嘲联。"",""view"":[""健康线"",""交游线"",""晚年线""],""tags"":[""虽千万人，李敖往矣"",""前列腺"",""张树人"",""小聚"",""手术"",""自嘲联""],""people"":[""李敖"",""张树人""],""places"":[""台湾""],""works"":[""虽千万人，李敖往矣""],""certainty"":""confirmed"",""source"":{""book"":""虽千万人，李敖往矣"",""chapter"":""015.2013年9月"",""path"":""《大李敖全集5.0》（wjm_tcy版）分章节/005.诗集语录类/005.虽千万人，李敖往矣/015.2013年9月.txt"",""line"":181},""dataFile"":""data/timeline-events-sui-qianwan-li-ao-wangyi.json""}"
"27095","2013","2013-10-03","2013年10月3日星期四","day","confirmed","李敖把“哈啰李敖”定义为每晚8点20分的新浪短文","《2013年10月》写，李敖把“尽言”“尽辞”推进到“哈啰李敖”，说它出自每晚8点20分新浪网，绝活是在140字以内发挥中文到极致。","李敖","大陆网络平台","虽千万人，李敖往矣、哈啰李敖、新浪网、每晚8点20分、140字、写作","媒体线、写作线、网络线","虽千万人，李敖往矣、哈啰李敖","sui-qianwan-2013-07-19-describes-nightly-820-sina-routine-and-censorship","虽千万人，李敖往矣","016.2013年10月","19","《大李敖全集5.0》（wjm_tcy版）分章节/005.诗集语录类/005.虽千万人，李敖往矣/016.2013年10月.txt","","[]","data/timeline-events-sui-qianwan-li-ao-wangyi.json","sui-qianwan-2013-10-03-describes-hello-li-ao-as-nightly-820-sina-writing","{""id"":""sui-qianwan-2013-10-03-describes-hello-li-ao-as-nightly-820-sina-writing"",""date"":""2013-10-03"",""displayDate"":""2013年10月3日星期四"",""datePrecision"":""day"",""title"":""李敖把“哈啰李敖”定义为每晚8点20分的新浪短文"",""summary"":""《2013年10月》写，李敖把“尽言”“尽辞”推进到“哈啰李敖”，说它出自每晚8点20分新浪网，绝活是在140字以内发挥中文到极致。"",""view"":[""媒体线"",""写作线"",""网络线""],""tags"":[""虽千万人，李敖往矣"",""哈啰李敖"",""新浪网"",""每晚8点20分"",""140字"",""写作""],""people"":[""李敖""],""places"":[""大陆网络平台""],""works"":[""虽千万人，李敖往矣"",""哈啰李敖""],""certainty"":""confirmed"",""source"":{""book"":""虽千万人，李敖往矣"",""chapter"":""016.2013年10月"",""path"":""《大李敖全集5.0》（wjm_tcy版）分章节/005.诗集语录类/005.虽千万人，李敖往矣/016.2013年10月.txt"",""line"":19},""crossReferences"":[""sui-qianwan-2013-07-19-describes-nightly-820-sina-routine-and-censorship""],""dataFile"":""data/timeline-events-sui-qianwan-li-ao-wangyi.json""}"
"27096","2013","2013-10-10","2013-10-10","day","","李敖引用蒋介石秘密讲话说中华民国已亡国，并称反攻大陆与台独都是破梦","他说1950年蒋介石在阳明山秘密讲话五次承认中华民国亡国，所以1949年已亡；蒋介石反攻大陆喊二十六年，民进党台独党纲喊二十七年，两个梦都已破碎，不能再被口号骗。","李敖、蒋介石、陈水扁","台湾、阳明山、中国大陆","李敖政论综艺集、第十七轮、电视节目、第166集、新台湾加油、中华民国亡国、反攻大陆、台独、口号、阳明山","public","新台湾加油","","","","","","","[]","data/timeline-events-li-ao-zhenglun-zongyiji.json","li-ao-zhenglun-zongyiji-166-says-chiang-admitted-roc-death-and-both-counterattack-and-independence-dreams-broke","{""id"":""li-ao-zhenglun-zongyiji-166-says-chiang-admitted-roc-death-and-both-counterattack-and-independence-dreams-broke"",""date"":""2013-10-10"",""year"":2013,""month"":10,""day"":10,""title"":""李敖引用蒋介石秘密讲话说中华民国已亡国，并称反攻大陆与台独都是破梦"",""summary"":""他说1950年蒋介石在阳明山秘密讲话五次承认中华民国亡国，所以1949年已亡；蒋介石反攻大陆喊二十六年，民进党台独党纲喊二十七年，两个梦都已破碎，不能再被口号骗。"",""category"":""media"",""source"":""《大李敖全集5.0》（wjm_tcy版）分章节/010.节目演讲类/012.李敖政论综艺集/166.20131010《新台湾加油》.txt"",""sourceLines"":[115,143],""lineCount"":227,""people"":[""李敖"",""蒋介石"",""陈水扁""],""places"":[""台湾"",""阳明山"",""中国大陆""],""works"":[""新台湾加油""],""tags"":[""李敖政论综艺集"",""第十七轮"",""电视节目"",""第166集"",""新台湾加油"",""中华民国亡国"",""反攻大陆"",""台独"",""口号"",""阳明山""],""crossReferences"":[],""view"":[""public""],""confidence"":""high"",""round"":""li-ao-zhenglun-zongyiji-round017-161-170"",""dataFile"":""data/timeline-events-li-ao-zhenglun-zongyiji.json""}"
"27097","2013","2013-10-10","2013-10-10","day","","李敖以自己欠税出境案为例，为关说保留一条人民自由的解释","他说自己去北京大学、清华、复旦演讲时因税务被限制出境，就找王金平向税捐机关关说放一个月；他据宪法迁徙权说行政命令限制欠税出境不合理，关说有时是在不合理法律下松动人民自由。","李敖、王金平","台湾、北京、中国大陆","李敖政论综艺集、第十七轮、电视节目、第166集、新台湾加油、关说、欠税出境、迁徙权、宪法第十条、大陆演讲","public","新台湾加油、北京大学演讲、清华大学演讲、复旦大学演讲","li-ao-zhenglun-zongyiji-123-recounts-wang-jinpyng-political-skill-two-million-and-pu-xinyu-painting","","","","","","[]","data/timeline-events-li-ao-zhenglun-zongyiji.json","li-ao-zhenglun-zongyiji-166-defends-lobbying-through-his-tax-exit-example-and-constitutional-travel-right","{""id"":""li-ao-zhenglun-zongyiji-166-defends-lobbying-through-his-tax-exit-example-and-constitutional-travel-right"",""date"":""2013-10-10"",""year"":2013,""month"":10,""day"":10,""title"":""李敖以自己欠税出境案为例，为关说保留一条人民自由的解释"",""summary"":""他说自己去北京大学、清华、复旦演讲时因税务被限制出境，就找王金平向税捐机关关说放一个月；他据宪法迁徙权说行政命令限制欠税出境不合理，关说有时是在不合理法律下松动人民自由。"",""category"":""media"",""source"":""《大李敖全集5.0》（wjm_tcy版）分章节/010.节目演讲类/012.李敖政论综艺集/166.20131010《新台湾加油》.txt"",""sourceLines"":[83,87],""lineCount"":227,""people"":[""李敖"",""王金平""],""places"":[""台湾"",""北京"",""中国大陆""],""works"":[""新台湾加油"",""北京大学演讲"",""清华大学演讲"",""复旦大学演讲""],""tags"":[""李敖政论综艺集"",""第十七轮"",""电视节目"",""第166集"",""新台湾加油"",""关说"",""欠税出境"",""迁徙权"",""宪法第十条"",""大陆演讲""],""crossReferences"":[""li-ao-zhenglun-zongyiji-123-recounts-wang-jinpyng-political-skill-two-million-and-pu-xinyu-painting""],""view"":[""public""],""confidence"":""high"",""round"":""li-ao-zhenglun-zongyiji-round017-161-170"",""dataFile"":""data/timeline-events-li-ao-zhenglun-zongyiji.json""}"
"27098","2013","2013-10-10","2013-10-10","day","","李敖用基辛格书中毛泽东百年论，主张冻结国防预算让每人分五十五万","他说基辛格《论中国》记录毛泽东1973年谈台湾可等一百年，如今还有六十年太平，因此无须买武器；他进一步设想冻结国防部预算，每个台湾人可分五十五万，钱进百姓腰包才实在。","李敖、基辛格、毛泽东、陈水扁、马英九","台湾、美国、中国大陆","李敖政论综艺集、第十七轮、电视节目、第166集、新台湾加油、基辛格、毛泽东、国防预算、军购、五十五万","public","新台湾加油、论中国","li-ao-zhenglun-zongyiji-116-uses-hoover-and-kissinger-mao-to-say-ccp-was-poor-and-not-urgent-for-taiwan","","","","","","[]","data/timeline-events-li-ao-zhenglun-zongyiji.json","li-ao-zhenglun-zongyiji-166-uses-kissinger-mao-hundred-years-to-freeze-defense-budget-and-share-cash","{""id"":""li-ao-zhenglun-zongyiji-166-uses-kissinger-mao-hundred-years-to-freeze-defense-budget-and-share-cash"",""date"":""2013-10-10"",""year"":2013,""month"":10,""day"":10,""title"":""李敖用基辛格书中毛泽东百年论，主张冻结国防预算让每人分五十五万"",""summary"":""他说基辛格《论中国》记录毛泽东1973年谈台湾可等一百年，如今还有六十年太平，因此无须买武器；他进一步设想冻结国防部预算，每个台湾人可分五十五万，钱进百姓腰包才实在。"",""category"":""media"",""source"":""《大李敖全集5.0》（wjm_tcy版）分章节/010.节目演讲类/012.李敖政论综艺集/166.20131010《新台湾加油》.txt"",""sourceLines"":[155,175],""lineCount"":227,""people"":[""李敖"",""基辛格"",""毛泽东"",""陈水扁"",""马英九""],""places"":[""台湾"",""美国"",""中国大陆""],""works"":[""新台湾加油"",""论中国""],""tags"":[""李敖政论综艺集"",""第十七轮"",""电视节目"",""第166集"",""新台湾加油"",""基辛格"",""毛泽东"",""国防预算"",""军购"",""五十五万""],""crossReferences"":[""li-ao-zhenglun-zongyiji-116-uses-hoover-and-kissinger-mao-to-say-ccp-was-poor-and-not-urgent-for-taiwan""],""view"":[""public""],""confidence"":""high"",""round"":""li-ao-zhenglun-zongyiji-round017-161-170"",""dataFile"":""data/timeline-events-li-ao-zhenglun-zongyiji.json""}"
"27099","2013","2013-10-10","2013-10-10","day","","李敖用戴笠揣摩领袖意旨，解释马英九与黄世铭见面即可能构成暗示","他引用戴笠所谓秉承领袖意旨、体念领袖苦心，说马英九见黄世铭即便一句话不讲，表情、点头或单纯见面本身都可能是鼓励；领袖人物常不明说，要部属猜。","李敖、马英九、黄世铭、戴笠、蒋介石、汪精卫","台湾","李敖政论综艺集、第十七轮、电视节目、第166集、新台湾加油、黄世铭、特侦组、领袖意旨、监听、马王政争","public","新台湾加油","","","","","","","[]","data/timeline-events-li-ao-zhenglun-zongyiji.json","li-ao-zhenglun-zongyiji-166-interprets-ma-huang-shih-ming-contact-as-unspoken-leader-intent","{""id"":""li-ao-zhenglun-zongyiji-166-interprets-ma-huang-shih-ming-contact-as-unspoken-leader-intent"",""date"":""2013-10-10"",""year"":2013,""month"":10,""day"":10,""title"":""李敖用戴笠揣摩领袖意旨，解释马英九与黄世铭见面即可能构成暗示"",""summary"":""他引用戴笠所谓秉承领袖意旨、体念领袖苦心，说马英九见黄世铭即便一句话不讲，表情、点头或单纯见面本身都可能是鼓励；领袖人物常不明说，要部属猜。"",""category"":""media"",""source"":""《大李敖全集5.0》（wjm_tcy版）分章节/010.节目演讲类/012.李敖政论综艺集/166.20131010《新台湾加油》.txt"",""sourceLines"":[91,111],""lineCount"":227,""people"":[""李敖"",""马英九"",""黄世铭"",""戴笠"",""蒋介石"",""汪精卫""],""places"":[""台湾""],""works"":[""新台湾加油""],""tags"":[""李敖政论综艺集"",""第十七轮"",""电视节目"",""第166集"",""新台湾加油"",""黄世铭"",""特侦组"",""领袖意旨"",""监听"",""马王政争""],""crossReferences"":[],""view"":[""public""],""confidence"":""high"",""round"":""li-ao-zhenglun-zongyiji-round017-161-170"",""dataFile"":""data/timeline-events-li-ao-zhenglun-zongyiji.json""}"
"27100","2013","2013-10-10","2013-10-10","day","","李敖把国庆握手比成黑社会死亡之吻，提醒别把政治表情当真","看马王国庆互动时，李敖说黑社会要干掉人时还会亲吻，对方握手、虚情假意都只是戏；政治人物像演艺人员，会表演喜怒哀乐，不值得认真。","李敖、马英九、王金平、胡茵梦","台湾","李敖政论综艺集、第十七轮、电视节目、第166集、新台湾加油、国庆、马王政争、死亡之吻、政治表演、握手","public","新台湾加油","","","","","","","[]","data/timeline-events-li-ao-zhenglun-zongyiji.json","li-ao-zhenglun-zongyiji-166-calls-national-day-handshake-a-death-kiss-and-political-acting","{""id"":""li-ao-zhenglun-zongyiji-166-calls-national-day-handshake-a-death-kiss-and-political-acting"",""date"":""2013-10-10"",""year"":2013,""month"":10,""day"":10,""title"":""李敖把国庆握手比成黑社会死亡之吻，提醒别把政治表情当真"",""summary"":""看马王国庆互动时，李敖说黑社会要干掉人时还会亲吻，对方握手、虚情假意都只是戏；政治人物像演艺人员，会表演喜怒哀乐，不值得认真。"",""category"":""media"",""source"":""《大李敖全集5.0》（wjm_tcy版）分章节/010.节目演讲类/012.李敖政论综艺集/166.20131010《新台湾加油》.txt"",""sourceLines"":[3,15],""lineCount"":227,""people"":[""李敖"",""马英九"",""王金平"",""胡茵梦""],""places"":[""台湾""],""works"":[""新台湾加油""],""tags"":[""李敖政论综艺集"",""第十七轮"",""电视节目"",""第166集"",""新台湾加油"",""国庆"",""马王政争"",""死亡之吻"",""政治表演"",""握手""],""crossReferences"":[],""view"":[""public""],""confidence"":""high"",""round"":""li-ao-zhenglun-zongyiji-round017-161-170"",""dataFile"":""data/timeline-events-li-ao-zhenglun-zongyiji.json""}"
"27101","2013","2013-10-10","2013-10-10","day","","李敖把倒阁票差说成可策动国民党起义，并点名李庆华可能开第一枪","他估算倒阁差三到五票，认为民进党若会玩政治，可用高标准、正义感与选举安排策动国民党立委临阵起义；打第一枪的人最少见，他隐约看到李庆华。","李敖、苏贞昌、李庆华、罗淑蕾、熊秉坤","台湾","李敖政论综艺集、第十七轮、电视节目、第166集、新台湾加油、倒阁、起义、李庆华、国民党、第一枪","public","新台湾加油","","","","","","","[]","data/timeline-events-li-ao-zhenglun-zongyiji.json","li-ao-zhenglun-zongyiji-166-maps-no-confidence-vote-to-nationalist-uprising-votes-and-li-qinghua-first-shot","{""id"":""li-ao-zhenglun-zongyiji-166-maps-no-confidence-vote-to-nationalist-uprising-votes-and-li-qinghua-first-shot"",""date"":""2013-10-10"",""year"":2013,""month"":10,""day"":10,""title"":""李敖把倒阁票差说成可策动国民党起义，并点名李庆华可能开第一枪"",""summary"":""他估算倒阁差三到五票，认为民进党若会玩政治，可用高标准、正义感与选举安排策动国民党立委临阵起义；打第一枪的人最少见，他隐约看到李庆华。"",""category"":""media"",""source"":""《大李敖全集5.0》（wjm_tcy版）分章节/010.节目演讲类/012.李敖政论综艺集/166.20131010《新台湾加油》.txt"",""sourceLines"":[19,79],""lineCount"":227,""people"":[""李敖"",""苏贞昌"",""李庆华"",""罗淑蕾"",""熊秉坤""],""places"":[""台湾""],""works"":[""新台湾加油""],""tags"":[""李敖政论综艺集"",""第十七轮"",""电视节目"",""第166集"",""新台湾加油"",""倒阁"",""起义"",""李庆华"",""国民党"",""第一枪""],""crossReferences"":[],""view"":[""public""],""confidence"":""high"",""round"":""li-ao-zhenglun-zongyiji-round017-161-170"",""dataFile"":""data/timeline-events-li-ao-zhenglun-zongyiji.json""}"
"27102","2013","2013-10-10","2013-10-10","day","","李敖说马英九真正目标是换强势院长动用警察权通过服贸","他说马英九不会放过王金平，因为要通过服贸协定，认为王挡路；司法关说只是五百年前就有的理由，真正计划是换强势院长、动用警察权把案子强行通过，却反而耽误一个月。","李敖、马英九、王金平、洪秀柱","台湾","李敖政论综艺集、第十七轮、电视节目、第166集、新台湾加油、服贸、警察权、王金平、马王政争、司法关说","public","新台湾加油","li-ao-zhenglun-zongyiji-123-recounts-wang-jinpyng-political-skill-two-million-and-pu-xinyu-painting","","","","","","[]","data/timeline-events-li-ao-zhenglun-zongyiji.json","li-ao-zhenglun-zongyiji-166-says-ma-targeted-wang-to-force-service-trade-through-with-police-power","{""id"":""li-ao-zhenglun-zongyiji-166-says-ma-targeted-wang-to-force-service-trade-through-with-police-power"",""date"":""2013-10-10"",""year"":2013,""month"":10,""day"":10,""title"":""李敖说马英九真正目标是换强势院长动用警察权通过服贸"",""summary"":""他说马英九不会放过王金平，因为要通过服贸协定，认为王挡路；司法关说只是五百年前就有的理由，真正计划是换强势院长、动用警察权把案子强行通过，却反而耽误一个月。"",""category"":""media"",""source"":""《大李敖全集5.0》（wjm_tcy版）分章节/010.节目演讲类/012.李敖政论综艺集/166.20131010《新台湾加油》.txt"",""sourceLines"":[15,19],""lineCount"":227,""people"":[""李敖"",""马英九"",""王金平"",""洪秀柱""],""places"":[""台湾""],""works"":[""新台湾加油""],""tags"":[""李敖政论综艺集"",""第十七轮"",""电视节目"",""第166集"",""新台湾加油"",""服贸"",""警察权"",""王金平"",""马王政争"",""司法关说""],""crossReferences"":[""li-ao-zhenglun-zongyiji-123-recounts-wang-jinpyng-political-skill-two-million-and-pu-xinyu-painting""],""view"":[""public""],""confidence"":""high"",""round"":""li-ao-zhenglun-zongyiji-round017-161-170"",""dataFile"":""data/timeline-events-li-ao-zhenglun-zongyiji.json""}"
"27103","2013","2013-10-10","2013年10月10日星期四","day","confirmed","李敖在“双十”当天再被电视台邀请出场","《2013年10月》写，台湾电视台平时对李敖敬而远之，但10月10日岛上庆典当天，他又被邀请到电视台“大鸣大放”。","李敖","台湾","虽千万人，李敖往矣、电视台、双十、媒体、台湾政治","媒体线、政治线、晚年线","虽千万人，李敖往矣","","虽千万人，李敖往矣","016.2013年10月","61","《大李敖全集5.0》（wjm_tcy版）分章节/005.诗集语录类/005.虽千万人，李敖往矣/016.2013年10月.txt","","[]","data/timeline-events-sui-qianwan-li-ao-wangyi.json","sui-qianwan-2013-10-10-invited-to-tv-station-on-double-ten","{""id"":""sui-qianwan-2013-10-10-invited-to-tv-station-on-double-ten"",""date"":""2013-10-10"",""displayDate"":""2013年10月10日星期四"",""datePrecision"":""day"",""title"":""李敖在“双十”当天再被电视台邀请出场"",""summary"":""《2013年10月》写，台湾电视台平时对李敖敬而远之，但10月10日岛上庆典当天，他又被邀请到电视台“大鸣大放”。"",""view"":[""媒体线"",""政治线"",""晚年线""],""tags"":[""虽千万人，李敖往矣"",""电视台"",""双十"",""媒体"",""台湾政治""],""people"":[""李敖""],""places"":[""台湾""],""works"":[""虽千万人，李敖往矣""],""certainty"":""confirmed"",""source"":{""book"":""虽千万人，李敖往矣"",""chapter"":""016.2013年10月"",""path"":""《大李敖全集5.0》（wjm_tcy版）分章节/005.诗集语录类/005.虽千万人，李敖往矣/016.2013年10月.txt"",""line"":61},""dataFile"":""data/timeline-events-sui-qianwan-li-ao-wangyi.json""}"
"27104","2013","2013-10-21","2013年10月21日星期一","day","confirmed","李敖偶然发现六年前埋在书里的诗并重写","《2013年10月》写，李敖随意看书时发现一首六年前的诗一直埋在书里，遂重新改写为“我正随意看书……”一组诗句。","李敖","台湾","虽千万人，李敖往矣、诗、改写、读书、六年前","写作线、诗歌线、读书线","虽千万人，李敖往矣、我正","","虽千万人，李敖往矣","016.2013年10月","127","《大李敖全集5.0》（wjm_tcy版）分章节/005.诗集语录类/005.虽千万人，李敖往矣/016.2013年10月.txt","","[]","data/timeline-events-sui-qianwan-li-ao-wangyi.json","sui-qianwan-2013-10-21-finds-and-rewrites-six-year-old-poem","{""id"":""sui-qianwan-2013-10-21-finds-and-rewrites-six-year-old-poem"",""date"":""2013-10-21"",""displayDate"":""2013年10月21日星期一"",""datePrecision"":""day"",""title"":""李敖偶然发现六年前埋在书里的诗并重写"",""summary"":""《2013年10月》写，李敖随意看书时发现一首六年前的诗一直埋在书里，遂重新改写为“我正随意看书……”一组诗句。"",""view"":[""写作线"",""诗歌线"",""读书线""],""tags"":[""虽千万人，李敖往矣"",""诗"",""改写"",""读书"",""六年前""],""people"":[""李敖""],""places"":[""台湾""],""works"":[""虽千万人，李敖往矣"",""我正""],""certainty"":""confirmed"",""source"":{""book"":""虽千万人，李敖往矣"",""chapter"":""016.2013年10月"",""path"":""《大李敖全集5.0》（wjm_tcy版）分章节/005.诗集语录类/005.虽千万人，李敖往矣/016.2013年10月.txt"",""line"":127},""dataFile"":""data/timeline-events-sui-qianwan-li-ao-wangyi.json""}"
"27105","2013","2013-10-22","2013年10月22日星期二","day","confirmed","李敖清晨写成“我宁”四句诗","《2013年10月》写，李敖今早写成四句诗：“我宁苟安而不偏安、我宁落花而不落叶、我宁中国而不美国、我宁灰飞而不尘灭。”他并说明其中“灰飞而不尘灭”来自杰克·伦敦句子的意译。","李敖、杰克·伦敦","台湾","虽千万人，李敖往矣、诗、我宁、杰克·伦敦、写作","写作线、诗歌线、晚年线","虽千万人，李敖往矣、我宁","","虽千万人，李敖往矣","016.2013年10月","133","《大李敖全集5.0》（wjm_tcy版）分章节/005.诗集语录类/005.虽千万人，李敖往矣/016.2013年10月.txt","","[]","data/timeline-events-sui-qianwan-li-ao-wangyi.json","sui-qianwan-2013-10-22-writes-four-line-poem-i-would-rather","{""id"":""sui-qianwan-2013-10-22-writes-four-line-poem-i-would-rather"",""date"":""2013-10-22"",""displayDate"":""2013年10月22日星期二"",""datePrecision"":""day"",""title"":""李敖清晨写成“我宁”四句诗"",""summary"":""《2013年10月》写，李敖今早写成四句诗：“我宁苟安而不偏安、我宁落花而不落叶、我宁中国而不美国、我宁灰飞而不尘灭。”他并说明其中“灰飞而不尘灭”来自杰克·伦敦句子的意译。"",""view"":[""写作线"",""诗歌线"",""晚年线""],""tags"":[""虽千万人，李敖往矣"",""诗"",""我宁"",""杰克·伦敦"",""写作""],""people"":[""李敖"",""杰克·伦敦""],""places"":[""台湾""],""works"":[""虽千万人，李敖往矣"",""我宁""],""certainty"":""confirmed"",""source"":{""book"":""虽千万人，李敖往矣"",""chapter"":""016.2013年10月"",""path"":""《大李敖全集5.0》（wjm_tcy版）分章节/005.诗集语录类/005.虽千万人，李敖往矣/016.2013年10月.txt"",""line"":133},""dataFile"":""data/timeline-events-sui-qianwan-li-ao-wangyi.json""}"
"27106","2013","2013-11-08","2013年11月8日星期五","day","confirmed","正版“李敖藏书阁”APP在 iOS 上架","《2013年11月》写，经纪人乃嘉哥告诉李敖，正版“李敖藏书阁”APP确定11月8日在 iOS 上架；李敖称乃嘉哥用APP把作品“数而位之、典而藏之”，打破两岸拦截。","李敖、乃嘉哥、郑乃嘉","台湾、大陆网络平台","虽千万人，李敖往矣、李敖藏书阁、APP、iOS、乃嘉哥、正版","出版线、电子书线、网络线","虽千万人，李敖往矣、李敖藏书阁","sui-qianwan-2013-08-30-starts-authentic-li-ao-ebook-project","虽千万人，李敖往矣","017.2013年11月","43","《大李敖全集5.0》（wjm_tcy版）分章节/005.诗集语录类/005.虽千万人，李敖往矣/017.2013年11月.txt","","[]","data/timeline-events-sui-qianwan-li-ao-wangyi.json","sui-qianwan-2013-11-08-li-ao-library-app-launches-on-ios","{""id"":""sui-qianwan-2013-11-08-li-ao-library-app-launches-on-ios"",""date"":""2013-11-08"",""displayDate"":""2013年11月8日星期五"",""datePrecision"":""day"",""title"":""正版“李敖藏书阁”APP在 iOS 上架"",""summary"":""《2013年11月》写，经纪人乃嘉哥告诉李敖，正版“李敖藏书阁”APP确定11月8日在 iOS 上架；李敖称乃嘉哥用APP把作品“数而位之、典而藏之”，打破两岸拦截。"",""view"":[""出版线"",""电子书线"",""网络线""],""tags"":[""虽千万人，李敖往矣"",""李敖藏书阁"",""APP"",""iOS"",""乃嘉哥"",""正版""],""people"":[""李敖"",""乃嘉哥"",""郑乃嘉""],""places"":[""台湾"",""大陆网络平台""],""works"":[""虽千万人，李敖往矣"",""李敖藏书阁""],""certainty"":""confirmed"",""source"":{""book"":""虽千万人，李敖往矣"",""chapter"":""017.2013年11月"",""path"":""《大李敖全集5.0》（wjm_tcy版）分章节/005.诗集语录类/005.虽千万人，李敖往矣/017.2013年11月.txt"",""line"":43},""crossReferences"":[""sui-qianwan-2013-08-30-starts-authentic-li-ao-ebook-project""],""dataFile"":""data/timeline-events-sui-qianwan-li-ao-wangyi.json""}"
"27107","2013","2013-12-04","2013年12月4日星期三","day","confirmed","李敖心血来潮买下 Leica D-Lux 6","《2013年12月》写，数码相机兴起后李敖已不随身带相机，日前却心血来潮买了一台 Leica D-Lux 6，并把徕卡镜头的清晰与自己的“是非分明”相提并论。","李敖","台湾","虽千万人，李敖往矣、徕卡、Leica D-Lux 6、相机、日常","日常线、收藏线、晚年线","虽千万人，李敖往矣、Leica D-Lux 6","","虽千万人，李敖往矣","018.2013年12月","25","《大李敖全集5.0》（wjm_tcy版）分章节/005.诗集语录类/005.虽千万人，李敖往矣/018.2013年12月.txt","","[]","data/timeline-events-sui-qianwan-li-ao-wangyi.json","sui-qianwan-2013-12-04-buys-leica-d-lux-6","{""id"":""sui-qianwan-2013-12-04-buys-leica-d-lux-6"",""date"":""2013-12-04"",""displayDate"":""2013年12月4日星期三"",""datePrecision"":""day"",""title"":""李敖心血来潮买下 Leica D-Lux 6"",""summary"":""《2013年12月》写，数码相机兴起后李敖已不随身带相机，日前却心血来潮买了一台 Leica D-Lux 6，并把徕卡镜头的清晰与自己的“是非分明”相提并论。"",""view"":[""日常线"",""收藏线"",""晚年线""],""tags"":[""虽千万人，李敖往矣"",""徕卡"",""Leica D-Lux 6"",""相机"",""日常""],""people"":[""李敖""],""places"":[""台湾""],""works"":[""虽千万人，李敖往矣"",""Leica D-Lux 6""],""certainty"":""confirmed"",""source"":{""book"":""虽千万人，李敖往矣"",""chapter"":""018.2013年12月"",""path"":""《大李敖全集5.0》（wjm_tcy版）分章节/005.诗集语录类/005.虽千万人，李敖往矣/018.2013年12月.txt"",""line"":25},""dataFile"":""data/timeline-events-sui-qianwan-li-ao-wangyi.json""}"
"27108","2013","2013-12-19","2013-12-19","day","","李敖从金溥聪饭局与军购数字，再说马英九亲华盛顿不是亲北京","他称金溥聪是死党，回忆金上台初期未入阁而赴港前请他吃饭；再用陈水扁八年二千三百亿、马英九五年五千五百亿军购，说明马英九是亲华盛顿，不是民进党说的亲北京。","李敖、金溥聪、马英九、陈水扁","台湾、阳明山、香港、美国、北京","李敖政论综艺集、第十七轮、电视节目、第167集、新闻追追追、金溥聪、亲美、军购、马英九、北京","public","新闻追追追","li-ao-zhenglun-zongyiji-133-calls-ma-worse-than-chen-through-us-training-arms-and-fubon","","","","","","[]","data/timeline-events-li-ao-zhenglun-zongyiji.json","li-ao-zhenglun-zongyiji-167-repeats-king-pu-tsung-dinner-to-say-ma-is-washington-not-beijing-system","{""id"":""li-ao-zhenglun-zongyiji-167-repeats-king-pu-tsung-dinner-to-say-ma-is-washington-not-beijing-system"",""date"":""2013-12-19"",""year"":2013,""month"":12,""day"":19,""title"":""李敖从金溥聪饭局与军购数字，再说马英九亲华盛顿不是亲北京"",""summary"":""他称金溥聪是死党，回忆金上台初期未入阁而赴港前请他吃饭；再用陈水扁八年二千三百亿、马英九五年五千五百亿军购，说明马英九是亲华盛顿，不是民进党说的亲北京。"",""category"":""media"",""source"":""《大李敖全集5.0》（wjm_tcy版）分章节/010.节目演讲类/012.李敖政论综艺集/167.20131219《新闻追追追》.txt"",""sourceLines"":[25,49],""lineCount"":573,""people"":[""李敖"",""金溥聪"",""马英九"",""陈水扁""],""places"":[""台湾"",""阳明山"",""香港"",""美国"",""北京""],""works"":[""新闻追追追""],""tags"":[""李敖政论综艺集"",""第十七轮"",""电视节目"",""第167集"",""新闻追追追"",""金溥聪"",""亲美"",""军购"",""马英九"",""北京""],""crossReferences"":[""li-ao-zhenglun-zongyiji-133-calls-ma-worse-than-chen-through-us-training-arms-and-fubon""],""view"":[""public""],""confidence"":""high"",""round"":""li-ao-zhenglun-zongyiji-round017-161-170"",""dataFile"":""data/timeline-events-li-ao-zhenglun-zongyiji.json""}"
"27109","2013","2013-12-19","2013-12-19","day","","李敖以《新闻追追追》与《康熙来了》第一位来宾身份，自称六十四年看台湾的大头证","他开场先讲自己是该节目第一位来宾，也是《康熙来了》的第一位来宾；又说自己从十四岁到台湾，只离开二十二天，六十四年亲眼看台湾，加上聪明、记忆好和自大，才有资格换一种谈法。","李敖、康熙来了","台湾","李敖政论综艺集、第十七轮、电视节目、第167集、新闻追追追、康熙来了、第一位来宾、六十四年、台湾观察","public","新闻追追追、康熙来了","li-ao-zhenglun-zongyiji-024-becomes-first-guest-of-kangxi","","","","","","[]","data/timeline-events-li-ao-zhenglun-zongyiji.json","li-ao-zhenglun-zongyiji-167-opens-as-first-guest-with-big-head-certificate-and-sixty-four-years-taiwan-eyes","{""id"":""li-ao-zhenglun-zongyiji-167-opens-as-first-guest-with-big-head-certificate-and-sixty-four-years-taiwan-eyes"",""date"":""2013-12-19"",""year"":2013,""month"":12,""day"":19,""title"":""李敖以《新闻追追追》与《康熙来了》第一位来宾身份，自称六十四年看台湾的大头证"",""summary"":""他开场先讲自己是该节目第一位来宾，也是《康熙来了》的第一位来宾；又说自己从十四岁到台湾，只离开二十二天，六十四年亲眼看台湾，加上聪明、记忆好和自大，才有资格换一种谈法。"",""category"":""media"",""source"":""《大李敖全集5.0》（wjm_tcy版）分章节/010.节目演讲类/012.李敖政论综艺集/167.20131219《新闻追追追》.txt"",""sourceLines"":[13,25],""lineCount"":573,""people"":[""李敖"",""康熙来了""],""places"":[""台湾""],""works"":[""新闻追追追"",""康熙来了""],""tags"":[""李敖政论综艺集"",""第十七轮"",""电视节目"",""第167集"",""新闻追追追"",""康熙来了"",""第一位来宾"",""六十四年"",""台湾观察""],""crossReferences"":[""li-ao-zhenglun-zongyiji-024-becomes-first-guest-of-kangxi""],""view"":[""public""],""confidence"":""high"",""round"":""li-ao-zhenglun-zongyiji-round017-161-170"",""dataFile"":""data/timeline-events-li-ao-zhenglun-zongyiji.json""}"
"27110","2013","2013-12-19","2013-12-19","day","","李敖说马英九仍是那个马英九，只是变老了，错在选民自己糊涂","他承认马英九靠万人迷条件与四成七妇女票打破族群对峙，但后来秃头、眼袋和无心肝都露出来；马还是马，民进党说他亲北京也错，真正该怪的是选民自己选了他。","李敖、马英九、马鹤凌、金溥聪、郝龙斌","台湾","李敖政论综艺集、第十七轮、电视节目、第167集、新闻追追追、马英九、妇女票、省籍、选民、形象政治","public","新闻追追追","","","","","","","[]","data/timeline-events-li-ao-zhenglun-zongyiji.json","li-ao-zhenglun-zongyiji-167-turns-ma-looks-and-women-votes-into-voter-self-blame","{""id"":""li-ao-zhenglun-zongyiji-167-turns-ma-looks-and-women-votes-into-voter-self-blame"",""date"":""2013-12-19"",""year"":2013,""month"":12,""day"":19,""title"":""李敖说马英九仍是那个马英九，只是变老了，错在选民自己糊涂"",""summary"":""他承认马英九靠万人迷条件与四成七妇女票打破族群对峙，但后来秃头、眼袋和无心肝都露出来；马还是马，民进党说他亲北京也错，真正该怪的是选民自己选了他。"",""category"":""media"",""source"":""《大李敖全集5.0》（wjm_tcy版）分章节/010.节目演讲类/012.李敖政论综艺集/167.20131219《新闻追追追》.txt"",""sourceLines"":[53,65],""lineCount"":573,""people"":[""李敖"",""马英九"",""马鹤凌"",""金溥聪"",""郝龙斌""],""places"":[""台湾""],""works"":[""新闻追追追""],""tags"":[""李敖政论综艺集"",""第十七轮"",""电视节目"",""第167集"",""新闻追追追"",""马英九"",""妇女票"",""省籍"",""选民"",""形象政治""],""crossReferences"":[],""view"":[""public""],""confidence"":""high"",""round"":""li-ao-zhenglun-zongyiji-round017-161-170"",""dataFile"":""data/timeline-events-li-ao-zhenglun-zongyiji.json""}"
"27111","2013","2013-12-19","2013-12-19","day","","李敖说台湾被工业财阀与核电破坏，最后可靠资源是观光","他回忆台中从不吃牛肉到牛排馆火灾的变化，判断台湾为了工业破坏水土保持不划算；郭台铭代工只拿美国人一小部分利益，核电厂安全距离不够，台湾将来应靠观光活。","李敖、郭台铭","台湾、台中、美国","李敖政论综艺集、第十七轮、电视节目、第167集、新闻追追追、台湾环境、工业、观光、核电、郭台铭","public","新闻追追追","","","","","","","[]","data/timeline-events-li-ao-zhenglun-zongyiji.json","li-ao-zhenglun-zongyiji-167-says-taiwan-ruined-by-industry-and-should-return-to-tourism-no-nukes","{""id"":""li-ao-zhenglun-zongyiji-167-says-taiwan-ruined-by-industry-and-should-return-to-tourism-no-nukes"",""date"":""2013-12-19"",""year"":2013,""month"":12,""day"":19,""title"":""李敖说台湾被工业财阀与核电破坏，最后可靠资源是观光"",""summary"":""他回忆台中从不吃牛肉到牛排馆火灾的变化，判断台湾为了工业破坏水土保持不划算；郭台铭代工只拿美国人一小部分利益，核电厂安全距离不够，台湾将来应靠观光活。"",""category"":""media"",""source"":""《大李敖全集5.0》（wjm_tcy版）分章节/010.节目演讲类/012.李敖政论综艺集/167.20131219《新闻追追追》.txt"",""sourceLines"":[69,77],""lineCount"":573,""people"":[""李敖"",""郭台铭""],""places"":[""台湾"",""台中"",""美国""],""works"":[""新闻追追追""],""tags"":[""李敖政论综艺集"",""第十七轮"",""电视节目"",""第167集"",""新闻追追追"",""台湾环境"",""工业"",""观光"",""核电"",""郭台铭""],""crossReferences"":[],""view"":[""public""],""confidence"":""high"",""round"":""li-ao-zhenglun-zongyiji-round017-161-170"",""dataFile"":""data/timeline-events-li-ao-zhenglun-zongyiji.json""}"
"27112","2013","2013-12-19","2013-12-19","day","","李敖说宋楚瑜虽老仍可鼓余勇，亲民党三席以上即可揭密党团协商","他认为马英九没有气度请宋楚瑜当阁揆，而宋是第一流能干人物；若亲民党能抢到三席以上成立党团，就可反对密室协商、公布法案交易，让国民党和民进党出洋相。","李敖、宋楚瑜、马英九、胡锦涛","台湾、中国大陆","李敖政论综艺集、第十七轮、电视节目、第167集、新闻追追追、宋楚瑜、亲民党、党团、密室协商、第三党","public","新闻追追追","li-ao-zhenglun-zongyiji-157-calls-pfp-a-whistleblower-party-for-secret-caucus-bargains","","","","","","[]","data/timeline-events-li-ao-zhenglun-zongyiji.json","li-ao-zhenglun-zongyiji-167-backs-soong-pfp-caucus-as-secret-caucus-disruptor-and-practical-administrator","{""id"":""li-ao-zhenglun-zongyiji-167-backs-soong-pfp-caucus-as-secret-caucus-disruptor-and-practical-administrator"",""date"":""2013-12-19"",""year"":2013,""month"":12,""day"":19,""title"":""李敖说宋楚瑜虽老仍可鼓余勇，亲民党三席以上即可揭密党团协商"",""summary"":""他认为马英九没有气度请宋楚瑜当阁揆，而宋是第一流能干人物；若亲民党能抢到三席以上成立党团，就可反对密室协商、公布法案交易，让国民党和民进党出洋相。"",""category"":""media"",""source"":""《大李敖全集5.0》（wjm_tcy版）分章节/010.节目演讲类/012.李敖政论综艺集/167.20131219《新闻追追追》.txt"",""sourceLines"":[121,127],""lineCount"":573,""people"":[""李敖"",""宋楚瑜"",""马英九"",""胡锦涛""],""places"":[""台湾"",""中国大陆""],""works"":[""新闻追追追""],""tags"":[""李敖政论综艺集"",""第十七轮"",""电视节目"",""第167集"",""新闻追追追"",""宋楚瑜"",""亲民党"",""党团"",""密室协商"",""第三党""],""crossReferences"":[""li-ao-zhenglun-zongyiji-157-calls-pfp-a-whistleblower-party-for-secret-caucus-bargains""],""view"":[""public""],""confidence"":""high"",""round"":""li-ao-zhenglun-zongyiji-round017-161-170"",""dataFile"":""data/timeline-events-li-ao-zhenglun-zongyiji.json""}"
"27113","2013","2013-12-19","2013-12-19","day","","李敖提出废国防部、重税赶走财阀，每人发五十五万的台湾自救方案","他依据宪法称国防组织依法律定之，不等于必须有国防部；废国防部、军人回到社会、不向美国买武器后，可每人分五十五万，再以法国式七成五重税逼张忠谋、郭台铭等污染资本离开或缴税。","李敖、郭台铭、张忠谋、曹兴诚","台湾、美国、法国、新加坡","李敖政论综艺集、第十七轮、电视节目、第167集、新闻追追追、废国防部、五十五万、重税、资本家、宪法","public","新闻追追追","li-ao-zhenglun-zongyiji-116-uses-hoover-and-kissinger-mao-to-say-ccp-was-poor-and-not-urgent-for-taiwan","","","","","","[]","data/timeline-events-li-ao-zhenglun-zongyiji.json","li-ao-zhenglun-zongyiji-167-proposes-abolishing-defense-ministry-taxing-tycoons-and-paying-everyone-550000","{""id"":""li-ao-zhenglun-zongyiji-167-proposes-abolishing-defense-ministry-taxing-tycoons-and-paying-everyone-550000"",""date"":""2013-12-19"",""year"":2013,""month"":12,""day"":19,""title"":""李敖提出废国防部、重税赶走财阀，每人发五十五万的台湾自救方案"",""summary"":""他依据宪法称国防组织依法律定之，不等于必须有国防部；废国防部、军人回到社会、不向美国买武器后，可每人分五十五万，再以法国式七成五重税逼张忠谋、郭台铭等污染资本离开或缴税。"",""category"":""media"",""source"":""《大李敖全集5.0》（wjm_tcy版）分章节/010.节目演讲类/012.李敖政论综艺集/167.20131219《新闻追追追》.txt"",""sourceLines"":[77,101],""lineCount"":573,""people"":[""李敖"",""郭台铭"",""张忠谋"",""曹兴诚""],""places"":[""台湾"",""美国"",""法国"",""新加坡""],""works"":[""新闻追追追""],""tags"":[""李敖政论综艺集"",""第十七轮"",""电视节目"",""第167集"",""新闻追追追"",""废国防部"",""五十五万"",""重税"",""资本家"",""宪法""],""crossReferences"":[""li-ao-zhenglun-zongyiji-116-uses-hoover-and-kissinger-mao-to-say-ccp-was-poor-and-not-urgent-for-taiwan""],""view"":[""public""],""confidence"":""high"",""round"":""li-ao-zhenglun-zongyiji-round017-161-170"",""dataFile"":""data/timeline-events-li-ao-zhenglun-zongyiji.json""}"
"27114","2013","2013-12-22","2013年12月22日星期日","day","confirmed","李敖读半年前旧报才知郭良蕙去世","《2013年12月》写，李敖懒得天天看报，偶然看半年前旧报才得知郭良蕙去世；他随即回忆郭良蕙当年因《心锁》遭文学团体开除，以及梁实秋的评论。","李敖、郭良蕙、梁实秋","台湾","虽千万人，李敖往矣、郭良蕙、旧报、心锁、梁实秋、文学团体","读书线、文坛线、日常线","虽千万人，李敖往矣、心锁","","虽千万人，李敖往矣","018.2013年12月","133","《大李敖全集5.0》（wjm_tcy版）分章节/005.诗集语录类/005.虽千万人，李敖往矣/018.2013年12月.txt","","[]","data/timeline-events-sui-qianwan-li-ao-wangyi.json","sui-qianwan-2013-12-22-reads-old-newspaper-and-learns-guo-lianghui-death","{""id"":""sui-qianwan-2013-12-22-reads-old-newspaper-and-learns-guo-lianghui-death"",""date"":""2013-12-22"",""displayDate"":""2013年12月22日星期日"",""datePrecision"":""day"",""title"":""李敖读半年前旧报才知郭良蕙去世"",""summary"":""《2013年12月》写，李敖懒得天天看报，偶然看半年前旧报才得知郭良蕙去世；他随即回忆郭良蕙当年因《心锁》遭文学团体开除，以及梁实秋的评论。"",""view"":[""读书线"",""文坛线"",""日常线""],""tags"":[""虽千万人，李敖往矣"",""郭良蕙"",""旧报"",""心锁"",""梁实秋"",""文学团体""],""people"":[""李敖"",""郭良蕙"",""梁实秋""],""places"":[""台湾""],""works"":[""虽千万人，李敖往矣"",""心锁""],""certainty"":""confirmed"",""source"":{""book"":""虽千万人，李敖往矣"",""chapter"":""018.2013年12月"",""path"":""《大李敖全集5.0》（wjm_tcy版）分章节/005.诗集语录类/005.虽千万人，李敖往矣/018.2013年12月.txt"",""line"":133},""dataFile"":""data/timeline-events-sui-qianwan-li-ao-wangyi.json""}"
"27115","2013","2013-12-27","2013-12-27","day","","李敖再次更正马英九不是亲北京而是亲美，并说北京误把蒋家党余孽当国民党","他批民进党设定马与老中关系好的大前提错了，马是亲美的；北京因国共合作记忆相信国民党能谈判，却不了解台湾没有真正国民党，1949年来的是蒋介石带来的蒋家党余孽。","李敖、马英九、陈水扁、孙二娘、蒋介石、陈方安生","台湾、北京、美国、中国大陆、香港","李敖政论综艺集、第十七轮、电视节目、第168集、54新观点、亲美、北京误判、蒋家党、军购、马英九","public","54新观点","li-ao-zhenglun-zongyiji-133-calls-ma-worse-than-chen-through-us-training-arms-and-fubon","","","","","","[]","data/timeline-events-li-ao-zhenglun-zongyiji.json","li-ao-zhenglun-zongyiji-168-corrects-ma-not-pro-beijing-but-pro-us-and-says-beijing-misread-chiang-family-kmt","{""id"":""li-ao-zhenglun-zongyiji-168-corrects-ma-not-pro-beijing-but-pro-us-and-says-beijing-misread-chiang-family-kmt"",""date"":""2013-12-27"",""year"":2013,""month"":12,""day"":27,""title"":""李敖再次更正马英九不是亲北京而是亲美，并说北京误把蒋家党余孽当国民党"",""summary"":""他批民进党设定马与老中关系好的大前提错了，马是亲美的；北京因国共合作记忆相信国民党能谈判，却不了解台湾没有真正国民党，1949年来的是蒋介石带来的蒋家党余孽。"",""category"":""media"",""source"":""《大李敖全集5.0》（wjm_tcy版）分章节/010.节目演讲类/012.李敖政论综艺集/168.20131227《54新观点》.txt"",""sourceLines"":[81,89],""lineCount"":119,""people"":[""李敖"",""马英九"",""陈水扁"",""孙二娘"",""蒋介石"",""陈方安生""],""places"":[""台湾"",""北京"",""美国"",""中国大陆"",""香港""],""works"":[""54新观点""],""tags"":[""李敖政论综艺集"",""第十七轮"",""电视节目"",""第168集"",""54新观点"",""亲美"",""北京误判"",""蒋家党"",""军购"",""马英九""],""crossReferences"":[""li-ao-zhenglun-zongyiji-133-calls-ma-worse-than-chen-through-us-training-arms-and-fubon""],""view"":[""public""],""confidence"":""high"",""round"":""li-ao-zhenglun-zongyiji-round017-161-170"",""dataFile"":""data/timeline-events-li-ao-zhenglun-zongyiji.json""}"
"27116","2013","2013-12-27","2013-12-27","day","","李敖列党产、国发院、富邦与美河市等五案，推翻马英九清廉形象","他说马英九面对党产没有按德国模式处理，国发院土地等房产被变成现金；下台后会有五个案子逼他坐牢，包括台北市银行、富邦、美河市、国发院土地、党产和黄世铭案。","李敖、马英九、陈水扁、李登辉、黄世铭","台湾","李敖政论综艺集、第十七轮、电视节目、第168集、54新观点、党产、富邦、美河市、国发院、黄世铭","public","54新观点","li-ao-zhenglun-zongyiji-154-claims-he-first-pointed-out-fubon-fish-fin-and-dpp-learned-to-follow","","","","","","[]","data/timeline-events-li-ao-zhenglun-zongyiji.json","li-ao-zhenglun-zongyiji-168-lists-party-assets-and-fubon-mei-heshi-five-cases-against-ma-clean-image","{""id"":""li-ao-zhenglun-zongyiji-168-lists-party-assets-and-fubon-mei-heshi-five-cases-against-ma-clean-image"",""date"":""2013-12-27"",""year"":2013,""month"":12,""day"":27,""title"":""李敖列党产、国发院、富邦与美河市等五案，推翻马英九清廉形象"",""summary"":""他说马英九面对党产没有按德国模式处理，国发院土地等房产被变成现金；下台后会有五个案子逼他坐牢，包括台北市银行、富邦、美河市、国发院土地、党产和黄世铭案。"",""category"":""media"",""source"":""《大李敖全集5.0》（wjm_tcy版）分章节/010.节目演讲类/012.李敖政论综艺集/168.20131227《54新观点》.txt"",""sourceLines"":[93,101],""lineCount"":119,""people"":[""李敖"",""马英九"",""陈水扁"",""李登辉"",""黄世铭""],""places"":[""台湾""],""works"":[""54新观点""],""tags"":[""李敖政论综艺集"",""第十七轮"",""电视节目"",""第168集"",""54新观点"",""党产"",""富邦"",""美河市"",""国发院"",""黄世铭""],""crossReferences"":[""li-ao-zhenglun-zongyiji-154-claims-he-first-pointed-out-fubon-fish-fin-and-dpp-learned-to-follow""],""view"":[""public""],""confidence"":""high"",""round"":""li-ao-zhenglun-zongyiji-round017-161-170"",""dataFile"":""data/timeline-events-li-ao-zhenglun-zongyiji.json""}"
"27117","2013","2013-12-27","2013-12-27","day","","李敖在一堆烂人中单独肯定宋楚瑜和王金平，并说马英九完全不懂人","他说台湾没有专业政治人物，但宋楚瑜出身宫廷却能改变自己，是极特殊的人；王金平能体贴别人立场也优秀，马英九则漫无心肝、完全不知道别人想什么，只靠脸蛋掩饰。","李敖、宋楚瑜、王金平、马英九、柯文哲","台湾","李敖政论综艺集、第十七轮、电视节目、第168集、54新观点、宋楚瑜、王金平、马英九、政治人物、宫廷","public","54新观点","","","","","","","[]","data/timeline-events-li-ao-zhenglun-zongyiji.json","li-ao-zhenglun-zongyiji-168-praises-soong-and-wang-as-rare-politicians-who-understand-people","{""id"":""li-ao-zhenglun-zongyiji-168-praises-soong-and-wang-as-rare-politicians-who-understand-people"",""date"":""2013-12-27"",""year"":2013,""month"":12,""day"":27,""title"":""李敖在一堆烂人中单独肯定宋楚瑜和王金平，并说马英九完全不懂人"",""summary"":""他说台湾没有专业政治人物，但宋楚瑜出身宫廷却能改变自己，是极特殊的人；王金平能体贴别人立场也优秀，马英九则漫无心肝、完全不知道别人想什么，只靠脸蛋掩饰。"",""category"":""media"",""source"":""《大李敖全集5.0》（wjm_tcy版）分章节/010.节目演讲类/012.李敖政论综艺集/168.20131227《54新观点》.txt"",""sourceLines"":[65,81],""lineCount"":119,""people"":[""李敖"",""宋楚瑜"",""王金平"",""马英九"",""柯文哲""],""places"":[""台湾""],""works"":[""54新观点""],""tags"":[""李敖政论综艺集"",""第十七轮"",""电视节目"",""第168集"",""54新观点"",""宋楚瑜"",""王金平"",""马英九"",""政治人物"",""宫廷""],""crossReferences"":[],""view"":[""public""],""confidence"":""high"",""round"":""li-ao-zhenglun-zongyiji-round017-161-170"",""dataFile"":""data/timeline-events-li-ao-zhenglun-zongyiji.json""}"
"27118","2013","2013-12-27","2013-12-27","day","","李敖说不选连胜文的核心理由，是不愿在台湾住出北韩三代统治感","他从连震东、连战到连胜文三代统治感出发，说连战遗嘱称无钱留给儿子却财产不清；不选连胜文不只是小事，而是反对祖孙三代继续统治台湾。","李敖、连胜文、连战、连震东、李登辉","台湾、北韩","李敖政论综艺集、第十七轮、电视节目、第168集、54新观点、连胜文、连家、三代统治、北韩、台北市长","public","54新观点","li-ao-zhenglun-zongyiji-146-turns-lien-shengwen-three-generation-kmt-standing-committee-into-injustice-proof","","","","","","[]","data/timeline-events-li-ao-zhenglun-zongyiji.json","li-ao-zhenglun-zongyiji-168-opposes-lien-shengwen-as-third-generation-rule-like-north-korea","{""id"":""li-ao-zhenglun-zongyiji-168-opposes-lien-shengwen-as-third-generation-rule-like-north-korea"",""date"":""2013-12-27"",""year"":2013,""month"":12,""day"":27,""title"":""李敖说不选连胜文的核心理由，是不愿在台湾住出北韩三代统治感"",""summary"":""他从连震东、连战到连胜文三代统治感出发，说连战遗嘱称无钱留给儿子却财产不清；不选连胜文不只是小事，而是反对祖孙三代继续统治台湾。"",""category"":""media"",""source"":""《大李敖全集5.0》（wjm_tcy版）分章节/010.节目演讲类/012.李敖政论综艺集/168.20131227《54新观点》.txt"",""sourceLines"":[45,53],""lineCount"":119,""people"":[""李敖"",""连胜文"",""连战"",""连震东"",""李登辉""],""places"":[""台湾"",""北韩""],""works"":[""54新观点""],""tags"":[""李敖政论综艺集"",""第十七轮"",""电视节目"",""第168集"",""54新观点"",""连胜文"",""连家"",""三代统治"",""北韩"",""台北市长""],""crossReferences"":[""li-ao-zhenglun-zongyiji-146-turns-lien-shengwen-three-generation-kmt-standing-committee-into-injustice-proof""],""view"":[""public""],""confidence"":""high"",""round"":""li-ao-zhenglun-zongyiji-round017-161-170"",""dataFile"":""data/timeline-events-li-ao-zhenglun-zongyiji.json""}"
"27119","2013","2013-12-27","2013-12-27","day","","李敖说节目强灯光勾起白色恐怖疲劳审问记忆","谈台湾政治挂帅时，他忽然说现场靓丽女主持与强灯光让他回忆起白色恐怖时期被疲劳审问，强光照着自己；若拷问者是美女则另当别论。","李敖","台湾","李敖政论综艺集、第十七轮、电视节目、第168集、54新观点、白色恐怖、疲劳审问、灯光、记忆","public","54新观点","li-ao-zhenglun-zongyiji-160-replays-pen-finger-torture-and-ma-gift-essay-as-unfinished-kmt-hatred","","","","","","[]","data/timeline-events-li-ao-zhenglun-zongyiji.json","li-ao-zhenglun-zongyiji-168-says-political-light-reminds-white-terror-interrogation","{""id"":""li-ao-zhenglun-zongyiji-168-says-political-light-reminds-white-terror-interrogation"",""date"":""2013-12-27"",""year"":2013,""month"":12,""day"":27,""title"":""李敖说节目强灯光勾起白色恐怖疲劳审问记忆"",""summary"":""谈台湾政治挂帅时，他忽然说现场靓丽女主持与强灯光让他回忆起白色恐怖时期被疲劳审问，强光照着自己；若拷问者是美女则另当别论。"",""category"":""media"",""source"":""《大李敖全集5.0》（wjm_tcy版）分章节/010.节目演讲类/012.李敖政论综艺集/168.20131227《54新观点》.txt"",""sourceLines"":[57,61],""lineCount"":119,""people"":[""李敖""],""places"":[""台湾""],""works"":[""54新观点""],""tags"":[""李敖政论综艺集"",""第十七轮"",""电视节目"",""第168集"",""54新观点"",""白色恐怖"",""疲劳审问"",""灯光"",""记忆""],""crossReferences"":[""li-ao-zhenglun-zongyiji-160-replays-pen-finger-torture-and-ma-gift-essay-as-unfinished-kmt-hatred""],""view"":[""public""],""confidence"":""high"",""round"":""li-ao-zhenglun-zongyiji-round017-161-170"",""dataFile"":""data/timeline-events-li-ao-zhenglun-zongyiji.json""}"
"27120","2013","2013-12-27","2013-12-27","day","","李敖谈台北市长人选时说一筐烂苹果没得挑，坏蛋和笨蛋间宁选笨蛋","他先用莎士比亚一筐烂苹果比喻台北市长选项，解释新闻过度简化了他的话：坏蛋与笨蛋之间，他选择笨蛋；柯文哲是笨蛋造型，连胜文则逃兵役、没有政治专业。","李敖、柯文哲、连胜文、莎士比亚、孙中山","台湾","李敖政论综艺集、第十七轮、电视节目、第168集、54新观点、台北市长、柯文哲、连胜文、烂苹果、政治专业","public","54新观点","","","","","","","[]","data/timeline-events-li-ao-zhenglun-zongyiji.json","li-ao-zhenglun-zongyiji-168-chooses-fool-over-bad-apple-in-taipei-mayor-options","{""id"":""li-ao-zhenglun-zongyiji-168-chooses-fool-over-bad-apple-in-taipei-mayor-options"",""date"":""2013-12-27"",""year"":2013,""month"":12,""day"":27,""title"":""李敖谈台北市长人选时说一筐烂苹果没得挑，坏蛋和笨蛋间宁选笨蛋"",""summary"":""他先用莎士比亚一筐烂苹果比喻台北市长选项，解释新闻过度简化了他的话：坏蛋与笨蛋之间，他选择笨蛋；柯文哲是笨蛋造型，连胜文则逃兵役、没有政治专业。"",""category"":""media"",""source"":""《大李敖全集5.0》（wjm_tcy版）分章节/010.节目演讲类/012.李敖政论综艺集/168.20131227《54新观点》.txt"",""sourceLines"":[5,45],""lineCount"":119,""people"":[""李敖"",""柯文哲"",""连胜文"",""莎士比亚"",""孙中山""],""places"":[""台湾""],""works"":[""54新观点""],""tags"":[""李敖政论综艺集"",""第十七轮"",""电视节目"",""第168集"",""54新观点"",""台北市长"",""柯文哲"",""连胜文"",""烂苹果"",""政治专业""],""crossReferences"":[],""view"":[""public""],""confidence"":""high"",""round"":""li-ao-zhenglun-zongyiji-round017-161-170"",""dataFile"":""data/timeline-events-li-ao-zhenglun-zongyiji.json""}"
"27121","2013","2013-12-29","2013年12月29日星期日","day","confirmed","李敖记录李戡在北京上网发表毛泽东国民党档案论文","《2013年12月》写，毛泽东120岁冥诞前夜，李戡在北京上网发表重要论文，根据国民党流落民间的机密档案，追查毛泽东在第一次国共合作中于国民党的位阶。此前《2013年11月》已说李戡21岁时用中英文写成该文。","李敖、李戡、毛泽东、蒋介石","北京、台湾","虽千万人，李敖往矣、李戡、毛泽东、国民党档案、论文、北京、待校日","家庭线、学术线、政治史线","虽千万人，李敖往矣、从国民党中执会未公开会议记录看毛泽东在第一次国共合作中的贡献","","虽千万人，李敖往矣","018.2013年12月","175","《大李敖全集5.0》（wjm_tcy版）分章节/005.诗集语录类/005.虽千万人，李敖往矣/018.2013年12月.txt","虽千万人，李敖往矣 / 017.2013年11月 / line 133 / 说明：此前说明李戡21岁时已用中英文写成同一论文。 / 《大李敖全集5.0》（wjm_tcy版）分章节/005.诗集语录类/005.虽千万人，李敖往矣/017.2013年11月.txt","[{""book"":""虽千万人，李敖往矣"",""chapter"":""017.2013年11月"",""path"":""《大李敖全集5.0》（wjm_tcy版）分章节/005.诗集语录类/005.虽千万人，李敖往矣/017.2013年11月.txt"",""line"":133,""note"":""此前说明李戡21岁时已用中英文写成同一论文。""}]","data/timeline-events-sui-qianwan-li-ao-wangyi.json","sui-qianwan-2013-12-29-records-li-kan-publishing-mao-kmt-paper-online","{""id"":""sui-qianwan-2013-12-29-records-li-kan-publishing-mao-kmt-paper-online"",""date"":""2013-12-29"",""displayDate"":""2013年12月29日星期日"",""datePrecision"":""day"",""title"":""李敖记录李戡在北京上网发表毛泽东国民党档案论文"",""summary"":""《2013年12月》写，毛泽东120岁冥诞前夜，李戡在北京上网发表重要论文，根据国民党流落民间的机密档案，追查毛泽东在第一次国共合作中于国民党的位阶。此前《2013年11月》已说李戡21岁时用中英文写成该文。"",""view"":[""家庭线"",""学术线"",""政治史线""],""tags"":[""虽千万人，李敖往矣"",""李戡"",""毛泽东"",""国民党档案"",""论文"",""北京"",""待校日""],""people"":[""李敖"",""李戡"",""毛泽东"",""蒋介石""],""places"":[""北京"",""台湾""],""works"":[""虽千万人，李敖往矣"",""从国民党中执会未公开会议记录看毛泽东在第一次国共合作中的贡献""],""certainty"":""confirmed"",""source"":{""book"":""虽千万人，李敖往矣"",""chapter"":""018.2013年12月"",""path"":""《大李敖全集5.0》（wjm_tcy版）分章节/005.诗集语录类/005.虽千万人，李敖往矣/018.2013年12月.txt"",""line"":175},""additionalSources"":[{""book"":""虽千万人，李敖往矣"",""chapter"":""017.2013年11月"",""path"":""《大李敖全集5.0》（wjm_tcy版）分章节/005.诗集语录类/005.虽千万人，李敖往矣/017.2013年11月.txt"",""line"":133,""note"":""此前说明李戡21岁时已用中英文写成同一论文。""}],""dataFile"":""data/timeline-events-sui-qianwan-li-ao-wangyi.json""}"
"27122","2014","2014-01-14","2014年1月14日星期二","day","confirmed","“哈啰李敖”连续写满一年","《2014年1月》写，“哈啰李敖”已经连续写了一年，李敖每天上网与祖国情牵一线，20分钟写完微博，其他十几个小时则偷写“远水救不了近火”的大作。","李敖","台湾、大陆网络平台","虽千万人，李敖往矣、哈啰李敖、微博、连续一年、每日写作","媒体线、写作线、晚年线","虽千万人，李敖往矣、哈啰李敖","sui-qianwan-2013-03-13-hello-li-ao-nears-four-million-followers、sui-qianwan-2013-10-03-describes-hello-li-ao-as-nightly-820-sina-writing","虽千万人，李敖往矣","019.2014年1月","85","《大李敖全集5.0》（wjm_tcy版）分章节/005.诗集语录类/005.虽千万人，李敖往矣/019.2014年1月.txt","","[]","data/timeline-events-sui-qianwan-li-ao-wangyi.json","sui-qianwan-2014-01-14-hello-li-ao-one-year-writing","{""id"":""sui-qianwan-2014-01-14-hello-li-ao-one-year-writing"",""date"":""2014-01-14"",""displayDate"":""2014年1月14日星期二"",""datePrecision"":""day"",""title"":""“哈啰李敖”连续写满一年"",""summary"":""《2014年1月》写，“哈啰李敖”已经连续写了一年，李敖每天上网与祖国情牵一线，20分钟写完微博，其他十几个小时则偷写“远水救不了近火”的大作。"",""view"":[""媒体线"",""写作线"",""晚年线""],""tags"":[""虽千万人，李敖往矣"",""哈啰李敖"",""微博"",""连续一年"",""每日写作""],""people"":[""李敖""],""places"":[""台湾"",""大陆网络平台""],""works"":[""虽千万人，李敖往矣"",""哈啰李敖""],""certainty"":""confirmed"",""source"":{""book"":""虽千万人，李敖往矣"",""chapter"":""019.2014年1月"",""path"":""《大李敖全集5.0》（wjm_tcy版）分章节/005.诗集语录类/005.虽千万人，李敖往矣/019.2014年1月.txt"",""line"":85},""crossReferences"":[""sui-qianwan-2013-03-13-hello-li-ao-nears-four-million-followers"",""sui-qianwan-2013-10-03-describes-hello-li-ao-as-nightly-820-sina-writing""],""dataFile"":""data/timeline-events-sui-qianwan-li-ao-wangyi.json""}"
"27123","2014","2014-01-15","2014年1月15日星期三","day","confirmed","李敖写自己不逞能运动并管制盐分","《2014年1月》写，李敖身边有人为健身而猝死，他自称不逞能运动，而以管制饮食养生，例如太咸的不吃，并戏称自己“李敖钠少”。","李敖","台湾","虽千万人，李敖往矣、健康、饮食、低盐、养生、晚年日常","健康线、日常线、晚年线","虽千万人，李敖往矣","","虽千万人，李敖往矣","019.2014年1月","91","《大李敖全集5.0》（wjm_tcy版）分章节/005.诗集语录类/005.虽千万人，李敖往矣/019.2014年1月.txt","","[]","data/timeline-events-sui-qianwan-li-ao-wangyi.json","sui-qianwan-2014-01-15-records-low-sodium-health-habit","{""id"":""sui-qianwan-2014-01-15-records-low-sodium-health-habit"",""date"":""2014-01-15"",""displayDate"":""2014年1月15日星期三"",""datePrecision"":""day"",""title"":""李敖写自己不逞能运动并管制盐分"",""summary"":""《2014年1月》写，李敖身边有人为健身而猝死，他自称不逞能运动，而以管制饮食养生，例如太咸的不吃，并戏称自己“李敖钠少”。"",""view"":[""健康线"",""日常线"",""晚年线""],""tags"":[""虽千万人，李敖往矣"",""健康"",""饮食"",""低盐"",""养生"",""晚年日常""],""people"":[""李敖""],""places"":[""台湾""],""works"":[""虽千万人，李敖往矣""],""certainty"":""confirmed"",""source"":{""book"":""虽千万人，李敖往矣"",""chapter"":""019.2014年1月"",""path"":""《大李敖全集5.0》（wjm_tcy版）分章节/005.诗集语录类/005.虽千万人，李敖往矣/019.2014年1月.txt"",""line"":91},""dataFile"":""data/timeline-events-sui-qianwan-li-ao-wangyi.json""}"
"27124","2014","2014-02-13","2014年2月13日星期四","day","confirmed","“哈啰李敖”眼看粉丝到六百万","《2014年2月》写，李敖每天写一篇“哈啰李敖”已一年，眼看粉丝达到六百万；他把读者分成文字公安、文字白痴和文字解人三类。","李敖","大陆网络平台","虽千万人，李敖往矣、哈啰李敖、微博、六百万粉丝、读者","媒体线、网络线、晚年线","虽千万人，李敖往矣、哈啰李敖","sui-qianwan-2013-07-15-hello-li-ao-reaches-five-million-followers","虽千万人，李敖往矣","020.2014年2月","79","《大李敖全集5.0》（wjm_tcy版）分章节/005.诗集语录类/005.虽千万人，李敖往矣/020.2014年2月.txt","","[]","data/timeline-events-sui-qianwan-li-ao-wangyi.json","sui-qianwan-2014-02-13-hello-li-ao-nears-six-million-followers","{""id"":""sui-qianwan-2014-02-13-hello-li-ao-nears-six-million-followers"",""date"":""2014-02-13"",""displayDate"":""2014年2月13日星期四"",""datePrecision"":""day"",""title"":""“哈啰李敖”眼看粉丝到六百万"",""summary"":""《2014年2月》写，李敖每天写一篇“哈啰李敖”已一年，眼看粉丝达到六百万；他把读者分成文字公安、文字白痴和文字解人三类。"",""view"":[""媒体线"",""网络线"",""晚年线""],""tags"":[""虽千万人，李敖往矣"",""哈啰李敖"",""微博"",""六百万粉丝"",""读者""],""people"":[""李敖""],""places"":[""大陆网络平台""],""works"":[""虽千万人，李敖往矣"",""哈啰李敖""],""certainty"":""confirmed"",""source"":{""book"":""虽千万人，李敖往矣"",""chapter"":""020.2014年2月"",""path"":""《大李敖全集5.0》（wjm_tcy版）分章节/005.诗集语录类/005.虽千万人，李敖往矣/020.2014年2月.txt"",""line"":79},""crossReferences"":[""sui-qianwan-2013-07-15-hello-li-ao-reaches-five-million-followers""],""dataFile"":""data/timeline-events-sui-qianwan-li-ao-wangyi.json""}"
"27125","2014","2014-02-19","2014年2月19日星期三","day","confirmed","李敖致中信出版公司催告《第73烈士》履约或终止合同","《2014年2月》收录李敖2014年2月19日致中信出版公司的短信，称双方2011年8月30日签约《第73烈士》且明定首印不低于十万册，但至今一册未出；他谅解中信因《阳痿美国》受压力而吓破胆，催告若不能履约就终止合同。","李敖","台湾、大陆","虽千万人，李敖往矣、第73烈士、中信出版公司、合同、出版受阻、催告","出版线、审查线、书信线","虽千万人，李敖往矣、第73烈士、阳痿美国","book7-2011-03-03-submits-manuscript-of-the-73rd-martyr、book7-2011-04-27-marks-publication-of-the-73rd-martyr-with-corrected-date、sui-qianwan-2011-05-17-xiaoe-calls-about-mainland-publication-blockage、sui-qianwan-2011-05-27-receives-citic-edition-of-trial-america","虽千万人，李敖往矣","020.2014年2月","115","《大李敖全集5.0》（wjm_tcy版）分章节/005.诗集语录类/005.虽千万人，李敖往矣/020.2014年2月.txt","虽千万人，李敖往矣 / 019.2014年1月 / line 139 / 说明：提前回述2011年8月22日或8月30日中信签约、首印十万册与《阳痿美国》余波。 / 《大李敖全集5.0》（wjm_tcy版）分章节/005.诗集语录类/005.虽千万人，李敖往矣/019.2014年1月.txt || 虽千万人，李敖往矣 / 020.2014年2月 / line 163 / 说明：继续说明中信以“经友好协商”解约文件要求李敖承认自愿解约。 / 《大李敖全集5.0》（wjm_tcy版）分章节/005.诗集语录类/005.虽千万人，李敖往矣/020.2014年2月.txt","[{""book"":""虽千万人，李敖往矣"",""chapter"":""019.2014年1月"",""path"":""《大李敖全集5.0》（wjm_tcy版）分章节/005.诗集语录类/005.虽千万人，李敖往矣/019.2014年1月.txt"",""line"":139,""note"":""提前回述2011年8月22日或8月30日中信签约、首印十万册与《阳痿美国》余波。""},{""book"":""虽千万人，李敖往矣"",""chapter"":""020.2014年2月"",""path"":""《大李敖全集5.0》（wjm_tcy版）分章节/005.诗集语录类/005.虽千万人，李敖往矣/020.2014年2月.txt"",""line"":163,""note"":""继续说明中信以“经友好协商”解约文件要求李敖承认自愿解约。""}]","data/timeline-events-sui-qianwan-li-ao-wangyi.json","sui-qianwan-2014-02-19-demands-citic-terminate-73rd-martyr-contract","{""id"":""sui-qianwan-2014-02-19-demands-citic-terminate-73rd-martyr-contract"",""date"":""2014-02-19"",""displayDate"":""2014年2月19日星期三"",""datePrecision"":""day"",""title"":""李敖致中信出版公司催告《第73烈士》履约或终止合同"",""summary"":""《2014年2月》收录李敖2014年2月19日致中信出版公司的短信，称双方2011年8月30日签约《第73烈士》且明定首印不低于十万册，但至今一册未出；他谅解中信因《阳痿美国》受压力而吓破胆，催告若不能履约就终止合同。"",""view"":[""出版线"",""审查线"",""书信线""],""tags"":[""虽千万人，李敖往矣"",""第73烈士"",""中信出版公司"",""合同"",""出版受阻"",""催告""],""people"":[""李敖""],""places"":[""台湾"",""大陆""],""works"":[""虽千万人，李敖往矣"",""第73烈士"",""阳痿美国""],""certainty"":""confirmed"",""source"":{""book"":""虽千万人，李敖往矣"",""chapter"":""020.2014年2月"",""path"":""《大李敖全集5.0》（wjm_tcy版）分章节/005.诗集语录类/005.虽千万人，李敖往矣/020.2014年2月.txt"",""line"":115},""crossReferences"":[""book7-2011-03-03-submits-manuscript-of-the-73rd-martyr"",""book7-2011-04-27-marks-publication-of-the-73rd-martyr-with-corrected-date"",""sui-qianwan-2011-05-17-xiaoe-calls-about-mainland-publication-blockage"",""sui-qianwan-2011-05-27-receives-citic-edition-of-trial-america""],""additionalSources"":[{""book"":""虽千万人，李敖往矣"",""chapter"":""019.2014年1月"",""path"":""《大李敖全集5.0》（wjm_tcy版）分章节/005.诗集语录类/005.虽千万人，李敖往矣/019.2014年1月.txt"",""line"":139,""note"":""提前回述2011年8月22日或8月30日中信签约、首印十万册与《阳痿美国》余波。""},{""book"":""虽千万人，李敖往矣"",""chapter"":""020.2014年2月"",""path"":""《大李敖全集5.0》（wjm_tcy版）分章节/005.诗集语录类/005.虽千万人，李敖往矣/020.2014年2月.txt"",""line"":163,""note"":""继续说明中信以“经友好协商”解约文件要求李敖承认自愿解约。""}],""dataFile"":""data/timeline-events-sui-qianwan-li-ao-wangyi.json""}"
"27126","2014","2014-03-30","2014年3月30日星期日","day","confirmed","李敖记录李戡上网发表台湾学运追踪分析","《2014年3月》写，李戡继《李戡戡乱记》《国民党员毛泽东》后，又以台湾学运为专题上网发表追踪材料；李敖称其追出的来龙去脉与一般理解不同。","李敖、李戡","台湾、北京、网络","虽千万人，李敖往矣、李戡、台湾学运、上网发表、李戡戡乱记、国民党员毛泽东","家庭线、网络线、政治线","虽千万人，李敖往矣、李戡戡乱记、国民党员毛泽东","li-ao-fangtanlu-2014-03-31-asia-weekly-sunflower-interview、li-ao-fangtanlu-2014-04-09-haixia-phone-interview-sunflower-withdrawal","虽千万人，李敖往矣","021.2013年3月","181","《大李敖全集5.0》（wjm_tcy版）分章节/005.诗集语录类/005.虽千万人，李敖往矣/021.2013年3月.txt","李敖访谈录1990-2018 / 066.20140410《海峡导报》专访李敖 / line 5 / 说明：《海峡导报》电话访问补充李敖本人也在太阳花学运退场前夕公开评论学生水平和两岸定位。 / 《大李敖全集5.0》（wjm_tcy版）分章节/007.采访序跋类/005.李敖访谈录1990-2018/066.20140410《海峡导报》专访李敖.txt || 李敖访谈录1990-2018 / 067.20140413《亚洲周刊》专访李敖 / line 7 / 说明：《亚洲周刊》访问补充李敖在3月31日上午长谈反服贸学运，并特别点出台湾学生缺少敢作敢当的英雄。 / 《大李敖全集5.0》（wjm_tcy版）分章节/007.采访序跋类/005.李敖访谈录1990-2018/067.20140413《亚洲周刊》专访李敖.txt","[{""book"":""李敖访谈录1990-2018"",""chapter"":""066.20140410《海峡导报》专访李敖"",""path"":""《大李敖全集5.0》（wjm_tcy版）分章节/007.采访序跋类/005.李敖访谈录1990-2018/066.20140410《海峡导报》专访李敖.txt"",""line"":5,""lines"":[5,11,13],""note"":""《海峡导报》电话访问补充李敖本人也在太阳花学运退场前夕公开评论学生水平和两岸定位。""},{""book"":""李敖访谈录1990-2018"",""chapter"":""067.20140413《亚洲周刊》专访李敖"",""path"":""《大李敖全集5.0》（wjm_tcy版）分章节/007.采访序跋类/005.李敖访谈录1990-2018/067.20140413《亚洲周刊》专访李敖.txt"",""line"":7,""lines"":[7,11,15,55],""note"":""《亚洲周刊》访问补充李敖在3月31日上午长谈反服贸学运，并特别点出台湾学生缺少敢作敢当的英雄。""}]","data/timeline-events-sui-qianwan-li-ao-wangyi.json","sui-qianwan-2014-03-30-records-li-kan-posts-taiwan-student-movement-analysis","{""id"":""sui-qianwan-2014-03-30-records-li-kan-posts-taiwan-student-movement-analysis"",""date"":""2014-03-30"",""displayDate"":""2014年3月30日星期日"",""datePrecision"":""day"",""title"":""李敖记录李戡上网发表台湾学运追踪分析"",""summary"":""《2014年3月》写，李戡继《李戡戡乱记》《国民党员毛泽东》后，又以台湾学运为专题上网发表追踪材料；李敖称其追出的来龙去脉与一般理解不同。"",""view"":[""家庭线"",""网络线"",""政治线""],""tags"":[""虽千万人，李敖往矣"",""李戡"",""台湾学运"",""上网发表"",""李戡戡乱记"",""国民党员毛泽东""],""people"":[""李敖"",""李戡""],""places"":[""台湾"",""北京"",""网络""],""works"":[""虽千万人，李敖往矣"",""李戡戡乱记"",""国民党员毛泽东""],""certainty"":""confirmed"",""source"":{""book"":""虽千万人，李敖往矣"",""chapter"":""021.2013年3月"",""path"":""《大李敖全集5.0》（wjm_tcy版）分章节/005.诗集语录类/005.虽千万人，李敖往矣/021.2013年3月.txt"",""line"":181},""additionalSources"":[{""book"":""李敖访谈录1990-2018"",""chapter"":""066.20140410《海峡导报》专访李敖"",""path"":""《大李敖全集5.0》（wjm_tcy版）分章节/007.采访序跋类/005.李敖访谈录1990-2018/066.20140410《海峡导报》专访李敖.txt"",""line"":5,""lines"":[5,11,13],""note"":""《海峡导报》电话访问补充李敖本人也在太阳花学运退场前夕公开评论学生水平和两岸定位。""},{""book"":""李敖访谈录1990-2018"",""chapter"":""067.20140413《亚洲周刊》专访李敖"",""path"":""《大李敖全集5.0》（wjm_tcy版）分章节/007.采访序跋类/005.李敖访谈录1990-2018/067.20140413《亚洲周刊》专访李敖.txt"",""line"":7,""lines"":[7,11,15,55],""note"":""《亚洲周刊》访问补充李敖在3月31日上午长谈反服贸学运，并特别点出台湾学生缺少敢作敢当的英雄。""}],""crossReferences"":[""li-ao-fangtanlu-2014-03-31-asia-weekly-sunflower-interview"",""li-ao-fangtanlu-2014-04-09-haixia-phone-interview-sunflower-withdrawal""],""dataFile"":""data/timeline-events-sui-qianwan-li-ao-wangyi.json""}"
"27127","2014","2014-03-31","2014年3月31日上午","day","confirmed","接受《亚洲周刊》访问，痛批台湾反服贸学运","反服贸学运延烧期间，李敖在3月27日晚列出七点判断，认为学运证明台湾民主全是假、青年对祖国无向心力、两岸台湾专家外行等；3月31日上午，他接受《亚洲周刊》访问，围绕学生不敢面对中国问题、马英九团队软弱、服贸背后的美国全球化和台湾国会瘫痪展开长谈。这场访问是他在太阳花学运高峰期的一次集中公开判断。","李敖、马英九、王金平、陈独秀、谢聪敏","台湾、立法院","亚洲周刊、太阳花学运、反服贸、台湾政治、马英九","访谈线、政治线、两岸线","李敖访谈录1990-2018","sui-qianwan-2014-03-30-records-li-kan-posts-taiwan-student-movement-analysis","李敖访谈录1990-2018","067.20140413《亚洲周刊》专访李敖","7","《大李敖全集5.0》（wjm_tcy版）分章节/007.采访序跋类/005.李敖访谈录1990-2018/067.20140413《亚洲周刊》专访李敖.txt","","[]","data/timeline-events-li-ao-fangtanlu-1990-2018.json","li-ao-fangtanlu-2014-03-31-asia-weekly-sunflower-interview","{""id"":""li-ao-fangtanlu-2014-03-31-asia-weekly-sunflower-interview"",""date"":""2014-03-31"",""displayDate"":""2014年3月31日上午"",""datePrecision"":""day"",""title"":""接受《亚洲周刊》访问，痛批台湾反服贸学运"",""summary"":""反服贸学运延烧期间，李敖在3月27日晚列出七点判断，认为学运证明台湾民主全是假、青年对祖国无向心力、两岸台湾专家外行等；3月31日上午，他接受《亚洲周刊》访问，围绕学生不敢面对中国问题、马英九团队软弱、服贸背后的美国全球化和台湾国会瘫痪展开长谈。这场访问是他在太阳花学运高峰期的一次集中公开判断。"",""category"":""interview"",""type"":""李敖当事人事件"",""source"":{""book"":""李敖访谈录1990-2018"",""chapter"":""067.20140413《亚洲周刊》专访李敖"",""path"":""《大李敖全集5.0》（wjm_tcy版）分章节/007.采访序跋类/005.李敖访谈录1990-2018/067.20140413《亚洲周刊》专访李敖.txt"",""line"":7,""lines"":[7,9,11,15,21,23,35,39,41,43,47,51,53,55],""note"":""《亚洲周刊》说明李敖3月31日上午受访，集中评论台湾反服贸学运、马英九、两岸与美国全球化。""},""certainty"":""confirmed"",""tags"":[""亚洲周刊"",""太阳花学运"",""反服贸"",""台湾政治"",""马英九""],""people"":[""李敖"",""马英九"",""王金平"",""陈独秀"",""谢聪敏""],""places"":[""台湾"",""立法院""],""works"":[""李敖访谈录1990-2018""],""view"":[""访谈线"",""政治线"",""两岸线""],""crossReferences"":[""sui-qianwan-2014-03-30-records-li-kan-posts-taiwan-student-movement-analysis""],""dataFile"":""data/timeline-events-li-ao-fangtanlu-1990-2018.json""}"
"27128","2014","2014-03-31","2014年3月31日星期一","day","confirmed","李敖在眼镜店外摔倒伤到左膝","《2014年3月》写，眼镜店送李敖一瓶矿泉水，他出门失手让水瓶滚地，冲去捡时没看到台阶，一跤摔得不轻，左膝出血、裤子也破了；随后坐捷运回家，还和小屯拿对面女孩的破膝裤开玩笑。","李敖、小屯","台湾、捷运","虽千万人，李敖往矣、眼镜店、摔倒、左膝、捷运、小屯","健康线、日常线、家庭线","虽千万人，李敖往矣","","虽千万人，李敖往矣","021.2013年3月","187","《大李敖全集5.0》（wjm_tcy版）分章节/005.诗集语录类/005.虽千万人，李敖往矣/021.2013年3月.txt","","[]","data/timeline-events-sui-qianwan-li-ao-wangyi.json","sui-qianwan-2014-03-31-falls-outside-optical-shop-and-hurts-left-knee","{""id"":""sui-qianwan-2014-03-31-falls-outside-optical-shop-and-hurts-left-knee"",""date"":""2014-03-31"",""displayDate"":""2014年3月31日星期一"",""datePrecision"":""day"",""title"":""李敖在眼镜店外摔倒伤到左膝"",""summary"":""《2014年3月》写，眼镜店送李敖一瓶矿泉水，他出门失手让水瓶滚地，冲去捡时没看到台阶，一跤摔得不轻，左膝出血、裤子也破了；随后坐捷运回家，还和小屯拿对面女孩的破膝裤开玩笑。"",""view"":[""健康线"",""日常线"",""家庭线""],""tags"":[""虽千万人，李敖往矣"",""眼镜店"",""摔倒"",""左膝"",""捷运"",""小屯""],""people"":[""李敖"",""小屯""],""places"":[""台湾"",""捷运""],""works"":[""虽千万人，李敖往矣""],""certainty"":""confirmed"",""source"":{""book"":""虽千万人，李敖往矣"",""chapter"":""021.2013年3月"",""path"":""《大李敖全集5.0》（wjm_tcy版）分章节/005.诗集语录类/005.虽千万人，李敖往矣/021.2013年3月.txt"",""line"":187},""dataFile"":""data/timeline-events-sui-qianwan-li-ao-wangyi.json""}"
"27129","2014","2014-04-07","2014年4月7日星期一","day","confirmed","李敖发现新浪把诗句“九州”误转成“九州岛”","《2014年4月》写，李敖前一天评论学运时顺口溜了一首七绝，不料新浪网把“月儿弯弯照九州”七字变成“月儿弯弯照九州岛”八字；他将此作为电脑转字荒谬的又一例。","李敖","大陆网络平台","虽千万人，李敖往矣、新浪微博、简繁转换、九州、九州岛、学运","媒体线、写作线、编辑线","虽千万人，李敖往矣、哈啰李敖","sui-qianwan-2011-10-10-xiaotun-calls-about-simplified-conversion-error","虽千万人，李敖往矣","022.2014年4月","43","《大李敖全集5.0》（wjm_tcy版）分章节/005.诗集语录类/005.虽千万人，李敖往矣/022.2014年4月.txt","","[]","data/timeline-events-sui-qianwan-li-ao-wangyi.json","sui-qianwan-2014-04-07-sina-converts-jiuzhou-line-to-jiuzhoudao","{""id"":""sui-qianwan-2014-04-07-sina-converts-jiuzhou-line-to-jiuzhoudao"",""date"":""2014-04-07"",""displayDate"":""2014年4月7日星期一"",""datePrecision"":""day"",""title"":""李敖发现新浪把诗句“九州”误转成“九州岛”"",""summary"":""《2014年4月》写，李敖前一天评论学运时顺口溜了一首七绝，不料新浪网把“月儿弯弯照九州”七字变成“月儿弯弯照九州岛”八字；他将此作为电脑转字荒谬的又一例。"",""view"":[""媒体线"",""写作线"",""编辑线""],""tags"":[""虽千万人，李敖往矣"",""新浪微博"",""简繁转换"",""九州"",""九州岛"",""学运""],""people"":[""李敖""],""places"":[""大陆网络平台""],""works"":[""虽千万人，李敖往矣"",""哈啰李敖""],""certainty"":""confirmed"",""source"":{""book"":""虽千万人，李敖往矣"",""chapter"":""022.2014年4月"",""path"":""《大李敖全集5.0》（wjm_tcy版）分章节/005.诗集语录类/005.虽千万人，李敖往矣/022.2014年4月.txt"",""line"":43},""crossReferences"":[""sui-qianwan-2011-10-10-xiaotun-calls-about-simplified-conversion-error""],""dataFile"":""data/timeline-events-sui-qianwan-li-ao-wangyi.json""}"
"27130","2014","2014-04-09","2014年4月9日下午","day","confirmed","在台北家中接《海峡导报》电话，评论太阳花学运退场","《海峡导报》报道，台湾反服贸学生将于4月10日从“立法院”撤出前一天下午，记者独家电话采访在台北家中的李敖。李敖把学生退场解释为美国对民进党翻脸，并认为背后有北京给华盛顿压力；他又批评马英九软弱、王金平“收割”，称学运证明台湾“假民主”，最后判断马英九、民进党和学生都不是赢家。","李敖、马英九、王金平、金溥聪、赖清德","台北家中、台湾立法院、台湾","海峡导报、电话访问、台北家中、太阳花学运、反服贸、退场","访谈线、政治线、两岸线","李敖访谈录1990-2018","li-ao-fangtanlu-2014-03-31-asia-weekly-sunflower-interview、sui-qianwan-2014-03-30-records-li-kan-posts-taiwan-student-movement-analysis","李敖访谈录1990-2018","066.20140410《海峡导报》专访李敖","5","《大李敖全集5.0》（wjm_tcy版）分章节/007.采访序跋类/005.李敖访谈录1990-2018/066.20140410《海峡导报》专访李敖.txt","","[]","data/timeline-events-li-ao-fangtanlu-1990-2018.json","li-ao-fangtanlu-2014-04-09-haixia-phone-interview-sunflower-withdrawal","{""id"":""li-ao-fangtanlu-2014-04-09-haixia-phone-interview-sunflower-withdrawal"",""date"":""2014-04-09"",""displayDate"":""2014年4月9日下午"",""datePrecision"":""day"",""title"":""在台北家中接《海峡导报》电话，评论太阳花学运退场"",""summary"":""《海峡导报》报道，台湾反服贸学生将于4月10日从“立法院”撤出前一天下午，记者独家电话采访在台北家中的李敖。李敖把学生退场解释为美国对民进党翻脸，并认为背后有北京给华盛顿压力；他又批评马英九软弱、王金平“收割”，称学运证明台湾“假民主”，最后判断马英九、民进党和学生都不是赢家。"",""category"":""interview"",""type"":""李敖当事人事件"",""source"":{""book"":""李敖访谈录1990-2018"",""chapter"":""066.20140410《海峡导报》专访李敖"",""path"":""《大李敖全集5.0》（wjm_tcy版）分章节/007.采访序跋类/005.李敖访谈录1990-2018/066.20140410《海峡导报》专访李敖.txt"",""line"":5,""lines"":[5,11,13,21,23,25,27,31,33,35,37,45,47,49,51],""note"":""《海峡导报》记录2014年4月9日下午电话采访台北家中的李敖，主题为太阳花学运退场及台湾政治判断。""},""certainty"":""confirmed"",""tags"":[""海峡导报"",""电话访问"",""台北家中"",""太阳花学运"",""反服贸"",""退场""],""people"":[""李敖"",""马英九"",""王金平"",""金溥聪"",""赖清德""],""places"":[""台北家中"",""台湾立法院"",""台湾""],""works"":[""李敖访谈录1990-2018""],""view"":[""访谈线"",""政治线"",""两岸线""],""crossReferences"":[""li-ao-fangtanlu-2014-03-31-asia-weekly-sunflower-interview"",""sui-qianwan-2014-03-30-records-li-kan-posts-taiwan-student-movement-analysis""],""dataFile"":""data/timeline-events-li-ao-fangtanlu-1990-2018.json""}"
"27131","2014","2014-04-25","2014年4月25日星期五","day","confirmed","赖岳忠近距为李敖七十九岁祝寿","《2014年4月》写，李敖住台北，方圆五百公尺以内赖岳忠首当其冲，一切“唯赖是赖”；当天李敖七十九岁，赖岳忠近距离为他祝寿。","李敖、赖岳忠","台北","虽千万人，李敖往矣、赖岳忠、生日、七十九岁、台北","交游线、生日线、晚年线","虽千万人，李敖往矣","","虽千万人，李敖往矣","022.2014年4月","151","《大李敖全集5.0》（wjm_tcy版）分章节/005.诗集语录类/005.虽千万人，李敖往矣/022.2014年4月.txt","","[]","data/timeline-events-sui-qianwan-li-ao-wangyi.json","sui-qianwan-2014-04-25-lai-yuezhong-celebrates-li-ao-seventy-ninth-birthday","{""id"":""sui-qianwan-2014-04-25-lai-yuezhong-celebrates-li-ao-seventy-ninth-birthday"",""date"":""2014-04-25"",""displayDate"":""2014年4月25日星期五"",""datePrecision"":""day"",""title"":""赖岳忠近距为李敖七十九岁祝寿"",""summary"":""《2014年4月》写，李敖住台北，方圆五百公尺以内赖岳忠首当其冲，一切“唯赖是赖”；当天李敖七十九岁，赖岳忠近距离为他祝寿。"",""view"":[""交游线"",""生日线"",""晚年线""],""tags"":[""虽千万人，李敖往矣"",""赖岳忠"",""生日"",""七十九岁"",""台北""],""people"":[""李敖"",""赖岳忠""],""places"":[""台北""],""works"":[""虽千万人，李敖往矣""],""certainty"":""confirmed"",""source"":{""book"":""虽千万人，李敖往矣"",""chapter"":""022.2014年4月"",""path"":""《大李敖全集5.0》（wjm_tcy版）分章节/005.诗集语录类/005.虽千万人，李敖往矣/022.2014年4月.txt"",""line"":151},""dataFile"":""data/timeline-events-sui-qianwan-li-ao-wangyi.json""}"
"27132","2014","2014-04-26","2014年4月26日星期六","day","confirmed","李庆华送花到李敖台北家门口","《2014年4月》写，李敖在台北回家时，门口有一盆李庆华送来的锦簇盆花；他并把这盆花与当年香港演讲台上林青霞送的花相提并论。","李敖、李庆华、林青霞","台北、香港","虽千万人，李敖往矣、李庆华、林青霞、盆花、生日后、台北","交游线、日常线、晚年线","虽千万人，李敖往矣","","虽千万人，李敖往矣","022.2014年4月","157","《大李敖全集5.0》（wjm_tcy版）分章节/005.诗集语录类/005.虽千万人，李敖往矣/022.2014年4月.txt","","[]","data/timeline-events-sui-qianwan-li-ao-wangyi.json","sui-qianwan-2014-04-26-li-qinghua-sends-flower-to-li-ao-home","{""id"":""sui-qianwan-2014-04-26-li-qinghua-sends-flower-to-li-ao-home"",""date"":""2014-04-26"",""displayDate"":""2014年4月26日星期六"",""datePrecision"":""day"",""title"":""李庆华送花到李敖台北家门口"",""summary"":""《2014年4月》写，李敖在台北回家时，门口有一盆李庆华送来的锦簇盆花；他并把这盆花与当年香港演讲台上林青霞送的花相提并论。"",""view"":[""交游线"",""日常线"",""晚年线""],""tags"":[""虽千万人，李敖往矣"",""李庆华"",""林青霞"",""盆花"",""生日后"",""台北""],""people"":[""李敖"",""李庆华"",""林青霞""],""places"":[""台北"",""香港""],""works"":[""虽千万人，李敖往矣""],""certainty"":""confirmed"",""source"":{""book"":""虽千万人，李敖往矣"",""chapter"":""022.2014年4月"",""path"":""《大李敖全集5.0》（wjm_tcy版）分章节/005.诗集语录类/005.虽千万人，李敖往矣/022.2014年4月.txt"",""line"":157},""dataFile"":""data/timeline-events-sui-qianwan-li-ao-wangyi.json""}"
"27133","2014","2014-05-12","2014-05-12","day","","李敖批郝柏村没资格讲评，又把核四责任从林义雄扩展到历任政权","他先骂郝柏村靠亲戚关系进入国民党核心、打败仗却长寿；再谈核四三十五年花费与损失，批林义雄绝食来得太晚，核四责任从蒋经国、李登辉、连战、陈水扁到马英九都要算。","李敖、郝柏村、林义雄、蒋经国、李登辉、连战、陈水扁、马英九","台湾","李敖政论综艺集、第十七轮、电视节目、第169集、新台湾加油、核四、林义雄、郝柏村、立委减半、责任","public","新台湾加油","","","","","","","[]","data/timeline-events-li-ao-zhenglun-zongyiji.json","li-ao-zhenglun-zongyiji-169-rebukes-hao-bocun-and-expands-nuclear-four-accountability-beyond-lin-yixiong","{""id"":""li-ao-zhenglun-zongyiji-169-rebukes-hao-bocun-and-expands-nuclear-four-accountability-beyond-lin-yixiong"",""date"":""2014-05-12"",""year"":2014,""month"":5,""day"":12,""title"":""李敖批郝柏村没资格讲评，又把核四责任从林义雄扩展到历任政权"",""summary"":""他先骂郝柏村靠亲戚关系进入国民党核心、打败仗却长寿；再谈核四三十五年花费与损失，批林义雄绝食来得太晚，核四责任从蒋经国、李登辉、连战、陈水扁到马英九都要算。"",""category"":""media"",""source"":""《大李敖全集5.0》（wjm_tcy版）分章节/010.节目演讲类/012.李敖政论综艺集/169.20140512《新台湾加油》.txt"",""sourceLines"":[9,13],""lineCount"":171,""people"":[""李敖"",""郝柏村"",""林义雄"",""蒋经国"",""李登辉"",""连战"",""陈水扁"",""马英九""],""places"":[""台湾""],""works"":[""新台湾加油""],""tags"":[""李敖政论综艺集"",""第十七轮"",""电视节目"",""第169集"",""新台湾加油"",""核四"",""林义雄"",""郝柏村"",""立委减半"",""责任""],""crossReferences"":[],""view"":[""public""],""confidence"":""high"",""round"":""li-ao-zhenglun-zongyiji-round017-161-170"",""dataFile"":""data/timeline-events-li-ao-zhenglun-zongyiji.json""}"
"27134","2014","2014-05-12","2014-05-12","day","","李敖把太阳花占领立院称为文明暴动，认为学生早知政府不敢开枪","他说学生闹事时知道政府不敢开枪，所以心里笃定，顶多被抬出来；一开始警政署长曾找王金平说可四比一抬出学生，但王不肯，等人变多就抬不出来，形成畸形现象。","李敖、王金平、郝柏村、林义雄","台湾","李敖政论综艺集、第十七轮、电视节目、第169集、新台湾加油、太阳花、占领立法院、学生运动、警察、文明暴动","public","新台湾加油","","","","","","","[]","data/timeline-events-li-ao-zhenglun-zongyiji.json","li-ao-zhenglun-zongyiji-169-interprets-sunflower-as-civilized-riot-that-knew-police-would-not-shoot","{""id"":""li-ao-zhenglun-zongyiji-169-interprets-sunflower-as-civilized-riot-that-knew-police-would-not-shoot"",""date"":""2014-05-12"",""year"":2014,""month"":5,""day"":12,""title"":""李敖把太阳花占领立院称为文明暴动，认为学生早知政府不敢开枪"",""summary"":""他说学生闹事时知道政府不敢开枪，所以心里笃定，顶多被抬出来；一开始警政署长曾找王金平说可四比一抬出学生，但王不肯，等人变多就抬不出来，形成畸形现象。"",""category"":""media"",""source"":""《大李敖全集5.0》（wjm_tcy版）分章节/010.节目演讲类/012.李敖政论综艺集/169.20140512《新台湾加油》.txt"",""sourceLines"":[73,85],""lineCount"":171,""people"":[""李敖"",""王金平"",""郝柏村"",""林义雄""],""places"":[""台湾""],""works"":[""新台湾加油""],""tags"":[""李敖政论综艺集"",""第十七轮"",""电视节目"",""第169集"",""新台湾加油"",""太阳花"",""占领立法院"",""学生运动"",""警察"",""文明暴动""],""crossReferences"":[],""view"":[""public""],""confidence"":""high"",""round"":""li-ao-zhenglun-zongyiji-round017-161-170"",""dataFile"":""data/timeline-events-li-ao-zhenglun-zongyiji.json""}"
"27135","2014","2014-05-12","2014-05-12","day","","李敖把连家、郝家父子三代政治说成国民党式北韩，主张消灭国民党","他说自己反对连胜文是因为不愿连家祖孙三代继续统治台湾，郝柏村、郝龙斌父子也在蓝绿间吃香喝辣；从孙科做广州市长到连家、郝家，天下为公都变成家族政治。","李敖、连胜文、连战、连震东、郝柏村、郝龙斌、孙中山、孙科","台湾、北韩、广州","李敖政论综艺集、第十七轮、电视节目、第169集、新台湾加油、连胜文、郝龙斌、家族政治、国民党、北韩","public","新台湾加油","li-ao-zhenglun-zongyiji-146-turns-lien-shengwen-three-generation-kmt-standing-committee-into-injustice-proof","","","","","","[]","data/timeline-events-li-ao-zhenglun-zongyiji.json","li-ao-zhenglun-zongyiji-169-attacks-lien-and-hao-family-rule-as-kmt-dynasty-to-be-eliminated","{""id"":""li-ao-zhenglun-zongyiji-169-attacks-lien-and-hao-family-rule-as-kmt-dynasty-to-be-eliminated"",""date"":""2014-05-12"",""year"":2014,""month"":5,""day"":12,""title"":""李敖把连家、郝家父子三代政治说成国民党式北韩，主张消灭国民党"",""summary"":""他说自己反对连胜文是因为不愿连家祖孙三代继续统治台湾，郝柏村、郝龙斌父子也在蓝绿间吃香喝辣；从孙科做广州市长到连家、郝家，天下为公都变成家族政治。"",""category"":""media"",""source"":""《大李敖全集5.0》（wjm_tcy版）分章节/010.节目演讲类/012.李敖政论综艺集/169.20140512《新台湾加油》.txt"",""sourceLines"":[41,57],""lineCount"":171,""people"":[""李敖"",""连胜文"",""连战"",""连震东"",""郝柏村"",""郝龙斌"",""孙中山"",""孙科""],""places"":[""台湾"",""北韩"",""广州""],""works"":[""新台湾加油""],""tags"":[""李敖政论综艺集"",""第十七轮"",""电视节目"",""第169集"",""新台湾加油"",""连胜文"",""郝龙斌"",""家族政治"",""国民党"",""北韩""],""crossReferences"":[""li-ao-zhenglun-zongyiji-146-turns-lien-shengwen-three-generation-kmt-standing-committee-into-injustice-proof""],""view"":[""public""],""confidence"":""high"",""round"":""li-ao-zhenglun-zongyiji-round017-161-170"",""dataFile"":""data/timeline-events-li-ao-zhenglun-zongyiji.json""}"
"27136","2014","2014-05-12","2014-05-12","day","","李敖把监察院定义为斗臭人的政争工具，并称王建煊是伪君子","他说监察院是孙中山闭门造车夺立法院调查权，委员权力不如检察官，却能用高地位把人斗臭；监察院每年三万件只处理三成不到，他骂王建煊不敢干也干不好还恋栈。","李敖、孙中山、王建煊、王作荣","台湾","李敖政论综艺集、第十七轮、电视节目、第169集、新台湾加油、监察院、王建煊、风闻言事、斗臭、假制度","public","新台湾加油","li-ao-zhenglun-zongyiji-034-calls-kmt-and-dpp-leninist-parties","","","","","","[]","data/timeline-events-li-ao-zhenglun-zongyiji.json","li-ao-zhenglun-zongyiji-169-defines-control-yuan-as-fight-stink-tool-and-calls-wang-jianxuan-pseudo-gentleman","{""id"":""li-ao-zhenglun-zongyiji-169-defines-control-yuan-as-fight-stink-tool-and-calls-wang-jianxuan-pseudo-gentleman"",""date"":""2014-05-12"",""year"":2014,""month"":5,""day"":12,""title"":""李敖把监察院定义为斗臭人的政争工具，并称王建煊是伪君子"",""summary"":""他说监察院是孙中山闭门造车夺立法院调查权，委员权力不如检察官，却能用高地位把人斗臭；监察院每年三万件只处理三成不到，他骂王建煊不敢干也干不好还恋栈。"",""category"":""media"",""source"":""《大李敖全集5.0》（wjm_tcy版）分章节/010.节目演讲类/012.李敖政论综艺集/169.20140512《新台湾加油》.txt"",""sourceLines"":[17,21],""lineCount"":171,""people"":[""李敖"",""孙中山"",""王建煊"",""王作荣""],""places"":[""台湾""],""works"":[""新台湾加油""],""tags"":[""李敖政论综艺集"",""第十七轮"",""电视节目"",""第169集"",""新台湾加油"",""监察院"",""王建煊"",""风闻言事"",""斗臭"",""假制度""],""crossReferences"":[""li-ao-zhenglun-zongyiji-034-calls-kmt-and-dpp-leninist-parties""],""view"":[""public""],""confidence"":""high"",""round"":""li-ao-zhenglun-zongyiji-round017-161-170"",""dataFile"":""data/timeline-events-li-ao-zhenglun-zongyiji.json""}"
"27137","2014","2014-05-12","2014-05-12","day","","李敖说马英九人事调整破坏专业系统，真正风险仍是总统保护伞后的贪污罪","他不把国安与检调换人解读成深层护航，而是看成外行空降破坏专业；真正重要的是马英九离开总统保护伞后，要面对台北市银行、富邦与美河市等输送利益案。","李敖、马英九、蔡得胜、陈水扁、李登辉","台湾","李敖政论综艺集、第十七轮、电视节目、第169集、新台湾加油、人事调整、国安局、总统保护伞、富邦、美河市","public","新台湾加油","li-ao-zhenglun-zongyiji-154-claims-he-first-pointed-out-fubon-fish-fin-and-dpp-learned-to-follow","","","","","","[]","data/timeline-events-li-ao-zhenglun-zongyiji.json","li-ao-zhenglun-zongyiji-169-sees-ma-personnel-changes-as-damaged-professional-system-and-corruption-shield-failure","{""id"":""li-ao-zhenglun-zongyiji-169-sees-ma-personnel-changes-as-damaged-professional-system-and-corruption-shield-failure"",""date"":""2014-05-12"",""year"":2014,""month"":5,""day"":12,""title"":""李敖说马英九人事调整破坏专业系统，真正风险仍是总统保护伞后的贪污罪"",""summary"":""他不把国安与检调换人解读成深层护航，而是看成外行空降破坏专业；真正重要的是马英九离开总统保护伞后，要面对台北市银行、富邦与美河市等输送利益案。"",""category"":""media"",""source"":""《大李敖全集5.0》（wjm_tcy版）分章节/010.节目演讲类/012.李敖政论综艺集/169.20140512《新台湾加油》.txt"",""sourceLines"":[25,33],""lineCount"":171,""people"":[""李敖"",""马英九"",""蔡得胜"",""陈水扁"",""李登辉""],""places"":[""台湾""],""works"":[""新台湾加油""],""tags"":[""李敖政论综艺集"",""第十七轮"",""电视节目"",""第169集"",""新台湾加油"",""人事调整"",""国安局"",""总统保护伞"",""富邦"",""美河市""],""crossReferences"":[""li-ao-zhenglun-zongyiji-154-claims-he-first-pointed-out-fubon-fish-fin-and-dpp-learned-to-follow""],""view"":[""public""],""confidence"":""high"",""round"":""li-ao-zhenglun-zongyiji-round017-161-170"",""dataFile"":""data/timeline-events-li-ao-zhenglun-zongyiji.json""}"
"27138","2014","2014-05-12","2014-05-12","day","","李敖说太阳花学生糊里糊涂做了二十四天共产党，阻挡服贸资本通吃","他批台湾学生没人愿意站出来承担英雄式刑责，但至少破坏了服贸；他把服贸说成美国资本主义通吃世界的步骤，真正该抵抗的是共产党却不敢，台湾学生反而做了二十四天共产党。","李敖、郭台铭、陈云林、江丙坤、连战","台湾、美国、北京、中国大陆、香港","李敖政论综艺集、第十七轮、电视节目、第169集、新台湾加油、太阳花、服贸、共产党、资本主义、郭台铭","public","新台湾加油","","","","","","","[]","data/timeline-events-li-ao-zhenglun-zongyiji.json","li-ao-zhenglun-zongyiji-169-calls-sunflower-twenty-four-days-of-communism-against-service-trade-capitalism","{""id"":""li-ao-zhenglun-zongyiji-169-calls-sunflower-twenty-four-days-of-communism-against-service-trade-capitalism"",""date"":""2014-05-12"",""year"":2014,""month"":5,""day"":12,""title"":""李敖说太阳花学生糊里糊涂做了二十四天共产党，阻挡服贸资本通吃"",""summary"":""他批台湾学生没人愿意站出来承担英雄式刑责，但至少破坏了服贸；他把服贸说成美国资本主义通吃世界的步骤，真正该抵抗的是共产党却不敢，台湾学生反而做了二十四天共产党。"",""category"":""media"",""source"":""《大李敖全集5.0》（wjm_tcy版）分章节/010.节目演讲类/012.李敖政论综艺集/169.20140512《新台湾加油》.txt"",""sourceLines"":[85,97],""lineCount"":171,""people"":[""李敖"",""郭台铭"",""陈云林"",""江丙坤"",""连战""],""places"":[""台湾"",""美国"",""北京"",""中国大陆"",""香港""],""works"":[""新台湾加油""],""tags"":[""李敖政论综艺集"",""第十七轮"",""电视节目"",""第169集"",""新台湾加油"",""太阳花"",""服贸"",""共产党"",""资本主义"",""郭台铭""],""crossReferences"":[],""view"":[""public""],""confidence"":""high"",""round"":""li-ao-zhenglun-zongyiji-round017-161-170"",""dataFile"":""data/timeline-events-li-ao-zhenglun-zongyiji.json""}"
"27139","2014","2014-05-12","2014-05-12","day","","李敖说民进党一成立就成小国民党，因此仍需宋楚瑜式第三党制衡","他回忆谢长廷《党外党》原本主张英美式柔性政党，但民进党成立后立刻学国民党，有党中央、党主席、中常委；在两大党把制度卡死后，他仍希望培养第三党，以宋楚瑜团队较可信。","李敖、谢长廷、宋楚瑜、柯文哲、丁守中、江宜桦","台湾","李敖政论综艺集、第十七轮、电视节目、第169集、新台湾加油、民进党、小国民党、第三党、宋楚瑜、柯文哲","public","新台湾加油、党外党","li-ao-zhenglun-zongyiji-138-calls-both-kmt-and-dpp-democracy-fake-and-demands-third-party-informant、li-ao-zhenglun-zongyiji-157-calls-pfp-a-whistleblower-party-for-secret-caucus-bargains","","","","","","[]","data/timeline-events-li-ao-zhenglun-zongyiji.json","li-ao-zhenglun-zongyiji-169-says-dpp-became-small-kmt-and-third-party-soong-team-is-still-needed","{""id"":""li-ao-zhenglun-zongyiji-169-says-dpp-became-small-kmt-and-third-party-soong-team-is-still-needed"",""date"":""2014-05-12"",""year"":2014,""month"":5,""day"":12,""title"":""李敖说民进党一成立就成小国民党，因此仍需宋楚瑜式第三党制衡"",""summary"":""他回忆谢长廷《党外党》原本主张英美式柔性政党，但民进党成立后立刻学国民党，有党中央、党主席、中常委；在两大党把制度卡死后，他仍希望培养第三党，以宋楚瑜团队较可信。"",""category"":""media"",""source"":""《大李敖全集5.0》（wjm_tcy版）分章节/010.节目演讲类/012.李敖政论综艺集/169.20140512《新台湾加油》.txt"",""sourceLines"":[61,69],""lineCount"":171,""people"":[""李敖"",""谢长廷"",""宋楚瑜"",""柯文哲"",""丁守中"",""江宜桦""],""places"":[""台湾""],""works"":[""新台湾加油"",""党外党""],""tags"":[""李敖政论综艺集"",""第十七轮"",""电视节目"",""第169集"",""新台湾加油"",""民进党"",""小国民党"",""第三党"",""宋楚瑜"",""柯文哲""],""crossReferences"":[""li-ao-zhenglun-zongyiji-138-calls-both-kmt-and-dpp-democracy-fake-and-demands-third-party-informant"",""li-ao-zhenglun-zongyiji-157-calls-pfp-a-whistleblower-party-for-secret-caucus-bargains""],""view"":[""public""],""confidence"":""high"",""round"":""li-ao-zhenglun-zongyiji-round017-161-170"",""dataFile"":""data/timeline-events-li-ao-zhenglun-zongyiji.json""}"
"27140","2014","2014-05-12","2014-05-12","day","","李敖预言蔡英文会当选，并把她称作清汤挂面的新一代投机分子","他让老百姓相信自己将近八十岁的判断，直说蔡英文会当选；但他也说蔡没有党外坐牢与组织功劳，是新一代投机分子，只是国民党太不被看好，马政绩会反弹到所有国民党候选人身上。","李敖、蔡英文、蔡同荣、苏贞昌、陈水扁、朱立伦、胡志强","台湾","李敖政论综艺集、第十七轮、电视节目、第169集、新台湾加油、蔡英文、2016、国民党、投机分子、选举预测","public","新台湾加油","li-ao-zhenglun-zongyiji-149-says-tsai-victory-could-force-beijing-to-rethink-and-invokes-nader","","","","","","[]","data/timeline-events-li-ao-zhenglun-zongyiji.json","li-ao-zhenglun-zongyiji-169-predicts-tsai-ing-wen-will-win-as-new-style-opportunist-and-says-kmt-is-not-promising","{""id"":""li-ao-zhenglun-zongyiji-169-predicts-tsai-ing-wen-will-win-as-new-style-opportunist-and-says-kmt-is-not-promising"",""date"":""2014-05-12"",""year"":2014,""month"":5,""day"":12,""title"":""李敖预言蔡英文会当选，并把她称作清汤挂面的新一代投机分子"",""summary"":""他让老百姓相信自己将近八十岁的判断，直说蔡英文会当选；但他也说蔡没有党外坐牢与组织功劳，是新一代投机分子，只是国民党太不被看好，马政绩会反弹到所有国民党候选人身上。"",""category"":""media"",""source"":""《大李敖全集5.0》（wjm_tcy版）分章节/010.节目演讲类/012.李敖政论综艺集/169.20140512《新台湾加油》.txt"",""sourceLines"":[109,161],""lineCount"":171,""people"":[""李敖"",""蔡英文"",""蔡同荣"",""苏贞昌"",""陈水扁"",""朱立伦"",""胡志强""],""places"":[""台湾""],""works"":[""新台湾加油""],""tags"":[""李敖政论综艺集"",""第十七轮"",""电视节目"",""第169集"",""新台湾加油"",""蔡英文"",""2016"",""国民党"",""投机分子"",""选举预测""],""crossReferences"":[""li-ao-zhenglun-zongyiji-149-says-tsai-victory-could-force-beijing-to-rethink-and-invokes-nader""],""view"":[""public""],""confidence"":""high"",""round"":""li-ao-zhenglun-zongyiji-round017-161-170"",""dataFile"":""data/timeline-events-li-ao-zhenglun-zongyiji.json""}"
"27141","2014","2014-05-24","2014年5月24日星期六","day","confirmed","李敖写小屯一路尾随自己三十年","《2014年5月》写，小屯最能理解李敖自认伟大的真相，一路尾随他三十年；李敖称她用三十年的青春证明“自大狂是可以传染的、并且是无害的”。","李敖、小屯","台湾","虽千万人，李敖往矣、小屯、三十年、家庭、婚姻","家庭线、婚姻线、晚年线","虽千万人，李敖往矣","","虽千万人，李敖往矣","023.2014年5月","145","《大李敖全集5.0》（wjm_tcy版）分章节/005.诗集语录类/005.虽千万人，李敖往矣/023.2014年5月.txt","","[]","data/timeline-events-sui-qianwan-li-ao-wangyi.json","sui-qianwan-2014-05-24-xiaotun-has-followed-li-ao-for-thirty-years","{""id"":""sui-qianwan-2014-05-24-xiaotun-has-followed-li-ao-for-thirty-years"",""date"":""2014-05-24"",""displayDate"":""2014年5月24日星期六"",""datePrecision"":""day"",""title"":""李敖写小屯一路尾随自己三十年"",""summary"":""《2014年5月》写，小屯最能理解李敖自认伟大的真相，一路尾随他三十年；李敖称她用三十年的青春证明“自大狂是可以传染的、并且是无害的”。"",""view"":[""家庭线"",""婚姻线"",""晚年线""],""tags"":[""虽千万人，李敖往矣"",""小屯"",""三十年"",""家庭"",""婚姻""],""people"":[""李敖"",""小屯""],""places"":[""台湾""],""works"":[""虽千万人，李敖往矣""],""certainty"":""confirmed"",""source"":{""book"":""虽千万人，李敖往矣"",""chapter"":""023.2014年5月"",""path"":""《大李敖全集5.0》（wjm_tcy版）分章节/005.诗集语录类/005.虽千万人，李敖往矣/023.2014年5月.txt"",""line"":145},""dataFile"":""data/timeline-events-sui-qianwan-li-ao-wangyi.json""}"
"27142","2014","2014-05-28","2014年5月28日星期三","day","confirmed","李敖记录“哈啰李敖”六百万粉丝限额与内容硬删","《2014年5月》写，“哈啰李敖”除被官方拦截外，又出现粉丝限额六百万、严打六百万以上成长率的情况；5月27日谈911的一则文字还被硬删九个字。此前3月、5月他已多次写到粉丝数在六百万关口上下起落。","李敖","大陆网络平台","虽千万人，李敖往矣、哈啰李敖、新浪微博、六百万粉丝、硬删、审查","媒体线、审查线、网络线","虽千万人，李敖往矣、哈啰李敖","sui-qianwan-2014-02-13-hello-li-ao-nears-six-million-followers","虽千万人，李敖往矣","023.2014年5月","169","《大李敖全集5.0》（wjm_tcy版）分章节/005.诗集语录类/005.虽千万人，李敖往矣/023.2014年5月.txt","虽千万人，李敖往矣 / 021.2013年3月 / line 43 / 说明：3月7日短文已写粉丝数“七上以后就八下”，迟迟难过六百万关。 / 《大李敖全集5.0》（wjm_tcy版）分章节/005.诗集语录类/005.虽千万人，李敖往矣/021.2013年3月.txt || 虽千万人，李敖往矣 / 023.2014年5月 / line 31 / 说明：5月5日短文写粉丝数在六百万上下如 yo-yo 起落不定。 / 《大李敖全集5.0》（wjm_tcy版）分章节/005.诗集语录类/005.虽千万人，李敖往矣/023.2014年5月.txt","[{""book"":""虽千万人，李敖往矣"",""chapter"":""021.2013年3月"",""path"":""《大李敖全集5.0》（wjm_tcy版）分章节/005.诗集语录类/005.虽千万人，李敖往矣/021.2013年3月.txt"",""line"":43,""note"":""3月7日短文已写粉丝数“七上以后就八下”，迟迟难过六百万关。""},{""book"":""虽千万人，李敖往矣"",""chapter"":""023.2014年5月"",""path"":""《大李敖全集5.0》（wjm_tcy版）分章节/005.诗集语录类/005.虽千万人，李敖往矣/023.2014年5月.txt"",""line"":31,""note"":""5月5日短文写粉丝数在六百万上下如 yo-yo 起落不定。""}]","data/timeline-events-sui-qianwan-li-ao-wangyi.json","sui-qianwan-2014-05-28-sina-limits-six-million-followers-and-deletes-nine-characters","{""id"":""sui-qianwan-2014-05-28-sina-limits-six-million-followers-and-deletes-nine-characters"",""date"":""2014-05-28"",""displayDate"":""2014年5月28日星期三"",""datePrecision"":""day"",""title"":""李敖记录“哈啰李敖”六百万粉丝限额与内容硬删"",""summary"":""《2014年5月》写，“哈啰李敖”除被官方拦截外，又出现粉丝限额六百万、严打六百万以上成长率的情况；5月27日谈911的一则文字还被硬删九个字。此前3月、5月他已多次写到粉丝数在六百万关口上下起落。"",""view"":[""媒体线"",""审查线"",""网络线""],""tags"":[""虽千万人，李敖往矣"",""哈啰李敖"",""新浪微博"",""六百万粉丝"",""硬删"",""审查""],""people"":[""李敖""],""places"":[""大陆网络平台""],""works"":[""虽千万人，李敖往矣"",""哈啰李敖""],""certainty"":""confirmed"",""source"":{""book"":""虽千万人，李敖往矣"",""chapter"":""023.2014年5月"",""path"":""《大李敖全集5.0》（wjm_tcy版）分章节/005.诗集语录类/005.虽千万人，李敖往矣/023.2014年5月.txt"",""line"":169},""crossReferences"":[""sui-qianwan-2014-02-13-hello-li-ao-nears-six-million-followers""],""additionalSources"":[{""book"":""虽千万人，李敖往矣"",""chapter"":""021.2013年3月"",""path"":""《大李敖全集5.0》（wjm_tcy版）分章节/005.诗集语录类/005.虽千万人，李敖往矣/021.2013年3月.txt"",""line"":43,""note"":""3月7日短文已写粉丝数“七上以后就八下”，迟迟难过六百万关。""},{""book"":""虽千万人，李敖往矣"",""chapter"":""023.2014年5月"",""path"":""《大李敖全集5.0》（wjm_tcy版）分章节/005.诗集语录类/005.虽千万人，李敖往矣/023.2014年5月.txt"",""line"":31,""note"":""5月5日短文写粉丝数在六百万上下如 yo-yo 起落不定。""}],""dataFile"":""data/timeline-events-sui-qianwan-li-ao-wangyi.json""}"
"27143","2014","2014-06-11","2014年6月11日星期三","day","confirmed","李敖预言国民党不只连家败选，还会失陷包括台北的五都","《2014年11月》回述，李敖在2014年6月11日预言国民党不但连家会败选，还会失陷包括台北在内的五都；11月29日开票后，他以此自称“李敖是先知”。","李敖、连胜文、国民党","台湾、台北","虽千万人，李敖往矣、选举预测、国民党、连家、台北、五都","政治线、选举线、晚年线","虽千万人，李敖往矣","","虽千万人，李敖往矣","029.2014年11月","175","《大李敖全集5.0》（wjm_tcy版）分章节/005.诗集语录类/005.虽千万人，李敖往矣/029.2014年11月.txt","","[]","data/timeline-events-sui-qianwan-li-ao-wangyi.json","sui-qianwan-2014-06-11-predicts-kmt-will-lose-five-cities","{""id"":""sui-qianwan-2014-06-11-predicts-kmt-will-lose-five-cities"",""date"":""2014-06-11"",""displayDate"":""2014年6月11日星期三"",""datePrecision"":""day"",""title"":""李敖预言国民党不只连家败选，还会失陷包括台北的五都"",""summary"":""《2014年11月》回述，李敖在2014年6月11日预言国民党不但连家会败选，还会失陷包括台北在内的五都；11月29日开票后，他以此自称“李敖是先知”。"",""view"":[""政治线"",""选举线"",""晚年线""],""tags"":[""虽千万人，李敖往矣"",""选举预测"",""国民党"",""连家"",""台北"",""五都""],""people"":[""李敖"",""连胜文"",""国民党""],""places"":[""台湾"",""台北""],""works"":[""虽千万人，李敖往矣""],""certainty"":""confirmed"",""source"":{""book"":""虽千万人，李敖往矣"",""chapter"":""029.2014年11月"",""path"":""《大李敖全集5.0》（wjm_tcy版）分章节/005.诗集语录类/005.虽千万人，李敖往矣/029.2014年11月.txt"",""line"":175},""dataFile"":""data/timeline-events-sui-qianwan-li-ao-wangyi.json""}"
"27144","2014","2014-06-12","2014-06-12","day","","李敖用司马光砸缸比喻太阳花，批学生砸坏民主水缸却不敢革命也没成果","他说台湾形式民主即使是假也被破坏了，学生运动讲民主没有风度、搞革命又不敢；离开立法院时什么都没拿到，连基本工资调整都没有，等于被耍。","李敖、司马光、张鸿学、朱高正","台湾","李敖政论综艺集、第十七轮、电视节目、第170集、新台湾加油、太阳花、学生运动、司马光砸缸、民主、革命","public","新台湾加油","","","","","","","[]","data/timeline-events-li-ao-zhenglun-zongyiji.json","li-ao-zhenglun-zongyiji-170-says-student-movement-broke-democratic-water-tank-without-revolution-or-result","{""id"":""li-ao-zhenglun-zongyiji-170-says-student-movement-broke-democratic-water-tank-without-revolution-or-result"",""date"":""2014-06-12"",""year"":2014,""month"":6,""day"":12,""title"":""李敖用司马光砸缸比喻太阳花，批学生砸坏民主水缸却不敢革命也没成果"",""summary"":""他说台湾形式民主即使是假也被破坏了，学生运动讲民主没有风度、搞革命又不敢；离开立法院时什么都没拿到，连基本工资调整都没有，等于被耍。"",""category"":""media"",""source"":""《大李敖全集5.0》（wjm_tcy版）分章节/010.节目演讲类/012.李敖政论综艺集/170.20140612《新台湾加油》.txt"",""sourceLines"":[81,89],""lineCount"":451,""people"":[""李敖"",""司马光"",""张鸿学"",""朱高正""],""places"":[""台湾""],""works"":[""新台湾加油""],""tags"":[""李敖政论综艺集"",""第十七轮"",""电视节目"",""第170集"",""新台湾加油"",""太阳花"",""学生运动"",""司马光砸缸"",""民主"",""革命""],""crossReferences"":[],""view"":[""public""],""confidence"":""high"",""round"":""li-ao-zhenglun-zongyiji-round017-161-170"",""dataFile"":""data/timeline-events-li-ao-zhenglun-zongyiji.json""}"
"27145","2014","2014-06-12","2014-06-12","day","","李敖用柯建铭买二百本书的旧事，说明立委如何靠程序拖住法案","他说民进党可霸占主席台、逐条审查、锁门搬椅子等；自己离开立院前也曾留下程序问题逼表决，王金平不愿得罪他，派柯建铭来谈判，最终用买二百本《李敖议坛哀思录》换他撤案。","李敖、柯建铭、王金平","台湾","李敖政论综艺集、第十七轮、电视节目、第170集、新台湾加油、立法院、程序阻挠、柯建铭、二百本书、服贸","public","新台湾加油、李敖议坛哀思录","li-ao-zhenglun-zongyiji-076-explains-tear-gas-as-response-to-denied-legislative-rights","","","","","","[]","data/timeline-events-li-ao-zhenglun-zongyiji.json","li-ao-zhenglun-zongyiji-170-uses-his-two-hundred-book-deal-to-explain-legislative-procedure-obstruction","{""id"":""li-ao-zhenglun-zongyiji-170-uses-his-two-hundred-book-deal-to-explain-legislative-procedure-obstruction"",""date"":""2014-06-12"",""year"":2014,""month"":6,""day"":12,""title"":""李敖用柯建铭买二百本书的旧事，说明立委如何靠程序拖住法案"",""summary"":""他说民进党可霸占主席台、逐条审查、锁门搬椅子等；自己离开立院前也曾留下程序问题逼表决，王金平不愿得罪他，派柯建铭来谈判，最终用买二百本《李敖议坛哀思录》换他撤案。"",""category"":""media"",""source"":""《大李敖全集5.0》（wjm_tcy版）分章节/010.节目演讲类/012.李敖政论综艺集/170.20140612《新台湾加油》.txt"",""sourceLines"":[61,77],""lineCount"":451,""people"":[""李敖"",""柯建铭"",""王金平""],""places"":[""台湾""],""works"":[""新台湾加油"",""李敖议坛哀思录""],""tags"":[""李敖政论综艺集"",""第十七轮"",""电视节目"",""第170集"",""新台湾加油"",""立法院"",""程序阻挠"",""柯建铭"",""二百本书"",""服贸""],""crossReferences"":[""li-ao-zhenglun-zongyiji-076-explains-tear-gas-as-response-to-denied-legislative-rights""],""view"":[""public""],""confidence"":""high"",""round"":""li-ao-zhenglun-zongyiji-round017-161-170"",""dataFile"":""data/timeline-events-li-ao-zhenglun-zongyiji.json""}"
"27146","2014","2014-06-12","2014-06-12","day","","李敖评台北市长选举时说，首都应成为抵抗坏政府的政治杠杆","他把连胜文、柯文哲、姚文智都看成层次太低：台北市不是只修桥治河，首都应像马尼拉市长对总统那样，利用直辖市资源成为制衡坏政府、坏领袖的杠杆；首都若丢，其他五都也会丢。","李敖、连胜文、柯文哲、姚文智、洪秀柱","台湾、台北、马尼拉","李敖政论综艺集、第十七轮、电视节目、第170集、新台湾加油、台北市长、首都、六都、柯文哲、连胜文","public","新台湾加油","","","","","","","[]","data/timeline-events-li-ao-zhenglun-zongyiji.json","li-ao-zhenglun-zongyiji-170-judges-taipei-mayor-race-by-capital-as-leverage-against-central-government","{""id"":""li-ao-zhenglun-zongyiji-170-judges-taipei-mayor-race-by-capital-as-leverage-against-central-government"",""date"":""2014-06-12"",""year"":2014,""month"":6,""day"":12,""title"":""李敖评台北市长选举时说，首都应成为抵抗坏政府的政治杠杆"",""summary"":""他把连胜文、柯文哲、姚文智都看成层次太低：台北市不是只修桥治河，首都应像马尼拉市长对总统那样，利用直辖市资源成为制衡坏政府、坏领袖的杠杆；首都若丢，其他五都也会丢。"",""category"":""media"",""source"":""《大李敖全集5.0》（wjm_tcy版）分章节/010.节目演讲类/012.李敖政论综艺集/170.20140612《新台湾加油》.txt"",""sourceLines"":[239,243],""lineCount"":451,""people"":[""李敖"",""连胜文"",""柯文哲"",""姚文智"",""洪秀柱""],""places"":[""台湾"",""台北"",""马尼拉""],""works"":[""新台湾加油""],""tags"":[""李敖政论综艺集"",""第十七轮"",""电视节目"",""第170集"",""新台湾加油"",""台北市长"",""首都"",""六都"",""柯文哲"",""连胜文""],""crossReferences"":[],""view"":[""public""],""confidence"":""high"",""round"":""li-ao-zhenglun-zongyiji-round017-161-170"",""dataFile"":""data/timeline-events-li-ao-zhenglun-zongyiji.json""}"
"27147","2014","2014-06-12","2014-06-12","day","","李敖说北京六年后可能放弃马英九，马则在金溥聪影响下困兽犹斗","他判断台湾公民选错马英九，大陆也研判错了；北京可能认为马是强弩之末而逐步放弃，马因危机感急着给北京看成绩，加上金溥聪斗争性强，可能使马最后两年更激烈。","李敖、马英九、金溥聪、李登辉、蒋经国","台湾、北京、中国大陆","李敖政论综艺集、第十七轮、电视节目、第170集、新台湾加油、北京误判、马英九、金溥聪、困兽犹斗、李登辉","public","新台湾加油、李登辉的真面目","li-ao-zhenglun-zongyiji-149-says-tsai-victory-could-force-beijing-to-rethink-and-invokes-nader","","","","","","[]","data/timeline-events-li-ao-zhenglun-zongyiji.json","li-ao-zhenglun-zongyiji-170-says-beijing-may-abandon-ma-after-six-years-and-ma-may-fight-harder-for-results","{""id"":""li-ao-zhenglun-zongyiji-170-says-beijing-may-abandon-ma-after-six-years-and-ma-may-fight-harder-for-results"",""date"":""2014-06-12"",""year"":2014,""month"":6,""day"":12,""title"":""李敖说北京六年后可能放弃马英九，马则在金溥聪影响下困兽犹斗"",""summary"":""他判断台湾公民选错马英九，大陆也研判错了；北京可能认为马是强弩之末而逐步放弃，马因危机感急着给北京看成绩，加上金溥聪斗争性强，可能使马最后两年更激烈。"",""category"":""media"",""source"":""《大李敖全集5.0》（wjm_tcy版）分章节/010.节目演讲类/012.李敖政论综艺集/170.20140612《新台湾加油》.txt"",""sourceLines"":[13,33],""lineCount"":451,""people"":[""李敖"",""马英九"",""金溥聪"",""李登辉"",""蒋经国""],""places"":[""台湾"",""北京"",""中国大陆""],""works"":[""新台湾加油"",""李登辉的真面目""],""tags"":[""李敖政论综艺集"",""第十七轮"",""电视节目"",""第170集"",""新台湾加油"",""北京误判"",""马英九"",""金溥聪"",""困兽犹斗"",""李登辉""],""crossReferences"":[""li-ao-zhenglun-zongyiji-149-says-tsai-victory-could-force-beijing-to-rethink-and-invokes-nader""],""view"":[""public""],""confidence"":""high"",""round"":""li-ao-zhenglun-zongyiji-round017-161-170"",""dataFile"":""data/timeline-events-li-ao-zhenglun-zongyiji.json""}"
"27148","2014","2014-06-12","2014-06-12","day","","李敖说民进党可把台独党纲挂起来，北京已看出当权派多是投机分子","他认为赖清德等意识形态不强，民进党有一天可把台独党纲挂羊头卖狗肉地挂起来；共产党起初误以为民进党像革命党，后来发现没有抛头颅洒热血，当权的蔡英文、赖清德等都是捡便宜者。","李敖、赖清德、蔡英文、毛泽东、许信良、王幸男、陈菊","台湾、北京、中国大陆","李敖政论综艺集、第十七轮、电视节目、第170集、新台湾加油、民进党、台独党纲、投机分子、北京、赖清德","public","新台湾加油","li-ao-zhenglun-zongyiji-149-says-tsai-victory-could-force-beijing-to-rethink-and-invokes-nader","","","","","","[]","data/timeline-events-li-ao-zhenglun-zongyiji.json","li-ao-zhenglun-zongyiji-170-argues-dpp-can-hang-up-independence-platform-and-current-leaders-are-opportunists","{""id"":""li-ao-zhenglun-zongyiji-170-argues-dpp-can-hang-up-independence-platform-and-current-leaders-are-opportunists"",""date"":""2014-06-12"",""year"":2014,""month"":6,""day"":12,""title"":""李敖说民进党可把台独党纲挂起来，北京已看出当权派多是投机分子"",""summary"":""他认为赖清德等意识形态不强，民进党有一天可把台独党纲挂羊头卖狗肉地挂起来；共产党起初误以为民进党像革命党，后来发现没有抛头颅洒热血，当权的蔡英文、赖清德等都是捡便宜者。"",""category"":""media"",""source"":""《大李敖全集5.0》（wjm_tcy版）分章节/010.节目演讲类/012.李敖政论综艺集/170.20140612《新台湾加油》.txt"",""sourceLines"":[121,153],""lineCount"":451,""people"":[""李敖"",""赖清德"",""蔡英文"",""毛泽东"",""许信良"",""王幸男"",""陈菊""],""places"":[""台湾"",""北京"",""中国大陆""],""works"":[""新台湾加油""],""tags"":[""李敖政论综艺集"",""第十七轮"",""电视节目"",""第170集"",""新台湾加油"",""民进党"",""台独党纲"",""投机分子"",""北京"",""赖清德""],""crossReferences"":[""li-ao-zhenglun-zongyiji-149-says-tsai-victory-could-force-beijing-to-rethink-and-invokes-nader""],""view"":[""public""],""confidence"":""high"",""round"":""li-ao-zhenglun-zongyiji-round017-161-170"",""dataFile"":""data/timeline-events-li-ao-zhenglun-zongyiji.json""}"
"27149","2014","2014-06-12","2014-06-12","day","","李敖说共产党开始联合学生、公民团体和赖清德等次要敌人，给马英九颜色看","他把共产党策略概括为联合次要敌人打击主要敌人；当马英九成为拦路虎、施政负面并坏了北京形象，北京就可能拉拢学生、公民团体、赖清德等，赖在上海讲台独也被允许，因为话是讲给台湾听的。","李敖、马英九、赖清德、姜义华","台湾、北京、上海、复旦大学、中国大陆","李敖政论综艺集、第十七轮、电视节目、第170集、新台湾加油、北京、赖清德、统战、次要敌人、马英九","public","新台湾加油","","","","","","","[]","data/timeline-events-li-ao-zhenglun-zongyiji.json","li-ao-zhenglun-zongyiji-170-says-beijing-now-unites-secondary-enemies-like-students-civic-groups-and-lai-to-hit-ma","{""id"":""li-ao-zhenglun-zongyiji-170-says-beijing-now-unites-secondary-enemies-like-students-civic-groups-and-lai-to-hit-ma"",""date"":""2014-06-12"",""year"":2014,""month"":6,""day"":12,""title"":""李敖说共产党开始联合学生、公民团体和赖清德等次要敌人，给马英九颜色看"",""summary"":""他把共产党策略概括为联合次要敌人打击主要敌人；当马英九成为拦路虎、施政负面并坏了北京形象，北京就可能拉拢学生、公民团体、赖清德等，赖在上海讲台独也被允许，因为话是讲给台湾听的。"",""category"":""media"",""source"":""《大李敖全集5.0》（wjm_tcy版）分章节/010.节目演讲类/012.李敖政论综艺集/170.20140612《新台湾加油》.txt"",""sourceLines"":[97,121],""lineCount"":451,""people"":[""李敖"",""马英九"",""赖清德"",""姜义华""],""places"":[""台湾"",""北京"",""上海"",""复旦大学"",""中国大陆""],""works"":[""新台湾加油""],""tags"":[""李敖政论综艺集"",""第十七轮"",""电视节目"",""第170集"",""新台湾加油"",""北京"",""赖清德"",""统战"",""次要敌人"",""马英九""],""crossReferences"":[],""view"":[""public""],""confidence"":""high"",""round"":""li-ao-zhenglun-zongyiji-round017-161-170"",""dataFile"":""data/timeline-events-li-ao-zhenglun-zongyiji.json""}"
"27150","2014","2014-06-12","2014-06-12","day","","李敖说朱立伦不能复制宋楚瑜路线，应一边连任新北一边选二〇一六","他认为司法若真正运作，政治人物多会被查出问题；朱立伦若离开新北就资源散掉，不能走宋楚瑜省主席卸任后无职务路线，较实际的是一边连任新北，一边准备二〇一六，而马英九与金溥聪政治生命已完。","李敖、朱立伦、宋楚瑜、马英九、金溥聪、江宜桦","台湾、新北","李敖政论综艺集、第十七轮、电视节目、第170集、新台湾加油、朱立伦、宋楚瑜路线、新北市、2016、马金","public","新台湾加油","li-ao-zhenglun-zongyiji-157-calls-pfp-a-whistleblower-party-for-secret-caucus-bargains","","","","","","[]","data/timeline-events-li-ao-zhenglun-zongyiji.json","li-ao-zhenglun-zongyiji-170-says-zhu-lilun-cannot-copy-soong-route-and-ma-king-are-finished","{""id"":""li-ao-zhenglun-zongyiji-170-says-zhu-lilun-cannot-copy-soong-route-and-ma-king-are-finished"",""date"":""2014-06-12"",""year"":2014,""month"":6,""day"":12,""title"":""李敖说朱立伦不能复制宋楚瑜路线，应一边连任新北一边选二〇一六"",""summary"":""他认为司法若真正运作，政治人物多会被查出问题；朱立伦若离开新北就资源散掉，不能走宋楚瑜省主席卸任后无职务路线，较实际的是一边连任新北，一边准备二〇一六，而马英九与金溥聪政治生命已完。"",""category"":""media"",""source"":""《大李敖全集5.0》（wjm_tcy版）分章节/010.节目演讲类/012.李敖政论综艺集/170.20140612《新台湾加油》.txt"",""sourceLines"":[251,283],""lineCount"":451,""people"":[""李敖"",""朱立伦"",""宋楚瑜"",""马英九"",""金溥聪"",""江宜桦""],""places"":[""台湾"",""新北""],""works"":[""新台湾加油""],""tags"":[""李敖政论综艺集"",""第十七轮"",""电视节目"",""第170集"",""新台湾加油"",""朱立伦"",""宋楚瑜路线"",""新北市"",""2016"",""马金""],""crossReferences"":[""li-ao-zhenglun-zongyiji-157-calls-pfp-a-whistleblower-party-for-secret-caucus-bargains""],""view"":[""public""],""confidence"":""high"",""round"":""li-ao-zhenglun-zongyiji-round017-161-170"",""dataFile"":""data/timeline-events-li-ao-zhenglun-zongyiji.json""}"
"27151","2014","2014-06-12","2014-06-12","day","","李敖说两岸由中国人共同决定是美国安排的底价，民进党不修公投法是不敢做","他引用中美建交公报，称美国承认一个中国、不承认两个中国或一中一台，并把中国前途由两岸中国人共同决定作为底价；台湾若要站起来，可修公投法、搞台独公投，民进党不做就是不敢。","李敖、陈水扁、蔡同荣、李文忠、蒋介石","台湾、美国、北京、中国大陆","李敖政论综艺集、第十七轮、电视节目、第170集、新台湾加油、一中、中美建交公报、公投法、台独公投、美国出卖","public","新台湾加油","","","","","","","[]","data/timeline-events-li-ao-zhenglun-zongyiji.json","li-ao-zhenglun-zongyiji-170-says-us-arranged-one-china-bottom-line-and-dpp-never-fixed-referendum-law","{""id"":""li-ao-zhenglun-zongyiji-170-says-us-arranged-one-china-bottom-line-and-dpp-never-fixed-referendum-law"",""date"":""2014-06-12"",""year"":2014,""month"":6,""day"":12,""title"":""李敖说两岸由中国人共同决定是美国安排的底价，民进党不修公投法是不敢做"",""summary"":""他引用中美建交公报，称美国承认一个中国、不承认两个中国或一中一台，并把中国前途由两岸中国人共同决定作为底价；台湾若要站起来，可修公投法、搞台独公投，民进党不做就是不敢。"",""category"":""media"",""source"":""《大李敖全集5.0》（wjm_tcy版）分章节/010.节目演讲类/012.李敖政论综艺集/170.20140612《新台湾加油》.txt"",""sourceLines"":[219,231],""lineCount"":451,""people"":[""李敖"",""陈水扁"",""蔡同荣"",""李文忠"",""蒋介石""],""places"":[""台湾"",""美国"",""北京"",""中国大陆""],""works"":[""新台湾加油""],""tags"":[""李敖政论综艺集"",""第十七轮"",""电视节目"",""第170集"",""新台湾加油"",""一中"",""中美建交公报"",""公投法"",""台独公投"",""美国出卖""],""crossReferences"":[],""view"":[""public""],""confidence"":""high"",""round"":""li-ao-zhenglun-zongyiji-round017-161-170"",""dataFile"":""data/timeline-events-li-ao-zhenglun-zongyiji.json""}"
"27152","2014","2014-06-12","2014-06-12","day","","李敖说国民党可能整体崩盘，民进党是其私生子，马英九二千三百万人决定前途也是台独","他认为六都选举可能引发国民党整体崩盘，而民进党本身也是国民党培养出的私生子；再展示柯建铭年轻照片，说明许多民进党人也出身国民党，并批马英九让二千三百万人决定台湾前途是台独政见。","李敖、马英九、柯建铭、陈水扁、游锡堃、施明德","台湾","李敖政论综艺集、第十七轮、电视节目、第170集、新台湾加油、国民党崩盘、民进党、柯建铭、台独、两岸宪法","public","新台湾加油","li-ao-zhenglun-zongyiji-034-calls-kmt-and-dpp-leninist-parties","","","","","","[]","data/timeline-events-li-ao-zhenglun-zongyiji.json","li-ao-zhenglun-zongyiji-170-says-kmt-faces-collapse-and-dpp-is-its-child-while-ma-is-independence-by-2300-people","{""id"":""li-ao-zhenglun-zongyiji-170-says-kmt-faces-collapse-and-dpp-is-its-child-while-ma-is-independence-by-2300-people"",""date"":""2014-06-12"",""year"":2014,""month"":6,""day"":12,""title"":""李敖说国民党可能整体崩盘，民进党是其私生子，马英九二千三百万人决定前途也是台独"",""summary"":""他认为六都选举可能引发国民党整体崩盘，而民进党本身也是国民党培养出的私生子；再展示柯建铭年轻照片，说明许多民进党人也出身国民党，并批马英九让二千三百万人决定台湾前途是台独政见。"",""category"":""media"",""source"":""《大李敖全集5.0》（wjm_tcy版）分章节/010.节目演讲类/012.李敖政论综艺集/170.20140612《新台湾加油》.txt"",""sourceLines"":[187,219],""lineCount"":451,""people"":[""李敖"",""马英九"",""柯建铭"",""陈水扁"",""游锡堃"",""施明德""],""places"":[""台湾""],""works"":[""新台湾加油""],""tags"":[""李敖政论综艺集"",""第十七轮"",""电视节目"",""第170集"",""新台湾加油"",""国民党崩盘"",""民进党"",""柯建铭"",""台独"",""两岸宪法""],""crossReferences"":[""li-ao-zhenglun-zongyiji-034-calls-kmt-and-dpp-leninist-parties""],""view"":[""public""],""confidence"":""high"",""round"":""li-ao-zhenglun-zongyiji-round017-161-170"",""dataFile"":""data/timeline-events-li-ao-zhenglun-zongyiji.json""}"
"27153","2014","2014-06-12","2014-06-12","day","","李敖铁口直断立法院不会再被外部占领，服贸战场会回到院内程序","他回顾太阳花当晚警察本可四比一抬出学生但王金平不肯，后来人多即失去机会；现在历史不会重演，外面可包围但冲不进立院，服贸若要过关只剩蓝绿立委在里面斗。","李敖、王金平、马英九","台湾","李敖政论综艺集、第十七轮、电视节目、第170集、新台湾加油、太阳花、立法院、服贸、王金平、院内斗争","public","新台湾加油","","","","","","","[]","data/timeline-events-li-ao-zhenglun-zongyiji.json","li-ao-zhenglun-zongyiji-170-predicts-legislature-will-not-be-occupied-again-and-service-trade-fight-shifts-inside","{""id"":""li-ao-zhenglun-zongyiji-170-predicts-legislature-will-not-be-occupied-again-and-service-trade-fight-shifts-inside"",""date"":""2014-06-12"",""year"":2014,""month"":6,""day"":12,""title"":""李敖铁口直断立法院不会再被外部占领，服贸战场会回到院内程序"",""summary"":""他回顾太阳花当晚警察本可四比一抬出学生但王金平不肯，后来人多即失去机会；现在历史不会重演，外面可包围但冲不进立院，服贸若要过关只剩蓝绿立委在里面斗。"",""category"":""media"",""source"":""《大李敖全集5.0》（wjm_tcy版）分章节/010.节目演讲类/012.李敖政论综艺集/170.20140612《新台湾加油》.txt"",""sourceLines"":[37,61],""lineCount"":451,""people"":[""李敖"",""王金平"",""马英九""],""places"":[""台湾""],""works"":[""新台湾加油""],""tags"":[""李敖政论综艺集"",""第十七轮"",""电视节目"",""第170集"",""新台湾加油"",""太阳花"",""立法院"",""服贸"",""王金平"",""院内斗争""],""crossReferences"":[],""view"":[""public""],""confidence"":""high"",""round"":""li-ao-zhenglun-zongyiji-round017-161-170"",""dataFile"":""data/timeline-events-li-ao-zhenglun-zongyiji.json""}"
"27154","2014","2014-06-15","2014年6月15日星期日","day","confirmed","李敖预告李戡《国民党员毛泽东》七月香港书展问世","《2014年6月》写，黄埔军校九十年之际，李敖预告李戡根据尘封档案写成《国民党员毛泽东》，将于七月香港书展问世，揭露黄埔时代国共两党秘史。","李敖、李戡、毛泽东、蒋介石","香港、北京、台湾","虽千万人，李敖往矣、李戡、国民党员毛泽东、香港书展、黄埔军校、档案","家庭线、出版线、香港线","虽千万人，李敖往矣、国民党员毛泽东","","虽千万人，李敖往矣","024.2014年6月","85","《大李敖全集5.0》（wjm_tcy版）分章节/005.诗集语录类/005.虽千万人，李敖往矣/024.2014年6月.txt","虽千万人，李敖往矣 / 024.2014年6月 / line 91 / 说明：翌日继续说明李戡戴口罩与手套深入私人和国民党党史馆秘藏档案。 / 《大李敖全集5.0》（wjm_tcy版）分章节/005.诗集语录类/005.虽千万人，李敖往矣/024.2014年6月.txt || 李敖访谈录1990-2018 / 069.20140728《澎湃新闻网》李敖、李戡专题 / line 43 / 说明：《澎湃新闻网》专题补充李戡《国民党员毛泽东》的史料来源包括李敖收藏的国民党内部会议记录，并说明此书先在香港出版。 / 《大李敖全集5.0》（wjm_tcy版）分章节/007.采访序跋类/005.李敖访谈录1990-2018/069.20140728《澎湃新闻网》李敖、李戡专题.txt","[{""book"":""虽千万人，李敖往矣"",""chapter"":""024.2014年6月"",""path"":""《大李敖全集5.0》（wjm_tcy版）分章节/005.诗集语录类/005.虽千万人，李敖往矣/024.2014年6月.txt"",""line"":91,""note"":""翌日继续说明李戡戴口罩与手套深入私人和国民党党史馆秘藏档案。""},{""book"":""李敖访谈录1990-2018"",""chapter"":""069.20140728《澎湃新闻网》李敖、李戡专题"",""path"":""《大李敖全集5.0》（wjm_tcy版）分章节/007.采访序跋类/005.李敖访谈录1990-2018/069.20140728《澎湃新闻网》李敖、李戡专题.txt"",""line"":43,""lines"":[43,45,47,49,91],""note"":""《澎湃新闻网》专题补充李戡《国民党员毛泽东》的史料来源包括李敖收藏的国民党内部会议记录，并说明此书先在香港出版。""}]","data/timeline-events-sui-qianwan-li-ao-wangyi.json","sui-qianwan-2014-06-15-li-kan-kmt-member-mao-to-debut-at-hong-kong-book-fair","{""id"":""sui-qianwan-2014-06-15-li-kan-kmt-member-mao-to-debut-at-hong-kong-book-fair"",""date"":""2014-06-15"",""displayDate"":""2014年6月15日星期日"",""datePrecision"":""day"",""title"":""李敖预告李戡《国民党员毛泽东》七月香港书展问世"",""summary"":""《2014年6月》写，黄埔军校九十年之际，李敖预告李戡根据尘封档案写成《国民党员毛泽东》，将于七月香港书展问世，揭露黄埔时代国共两党秘史。"",""view"":[""家庭线"",""出版线"",""香港线""],""tags"":[""虽千万人，李敖往矣"",""李戡"",""国民党员毛泽东"",""香港书展"",""黄埔军校"",""档案""],""people"":[""李敖"",""李戡"",""毛泽东"",""蒋介石""],""places"":[""香港"",""北京"",""台湾""],""works"":[""虽千万人，李敖往矣"",""国民党员毛泽东""],""certainty"":""confirmed"",""source"":{""book"":""虽千万人，李敖往矣"",""chapter"":""024.2014年6月"",""path"":""《大李敖全集5.0》（wjm_tcy版）分章节/005.诗集语录类/005.虽千万人，李敖往矣/024.2014年6月.txt"",""line"":85},""additionalSources"":[{""book"":""虽千万人，李敖往矣"",""chapter"":""024.2014年6月"",""path"":""《大李敖全集5.0》（wjm_tcy版）分章节/005.诗集语录类/005.虽千万人，李敖往矣/024.2014年6月.txt"",""line"":91,""note"":""翌日继续说明李戡戴口罩与手套深入私人和国民党党史馆秘藏档案。""},{""book"":""李敖访谈录1990-2018"",""chapter"":""069.20140728《澎湃新闻网》李敖、李戡专题"",""path"":""《大李敖全集5.0》（wjm_tcy版）分章节/007.采访序跋类/005.李敖访谈录1990-2018/069.20140728《澎湃新闻网》李敖、李戡专题.txt"",""line"":43,""lines"":[43,45,47,49,91],""note"":""《澎湃新闻网》专题补充李戡《国民党员毛泽东》的史料来源包括李敖收藏的国民党内部会议记录，并说明此书先在香港出版。""}],""dataFile"":""data/timeline-events-sui-qianwan-li-ao-wangyi.json""}"
"27155","2014","2014-06-16","2014年6月16日","day","confirmed","《半岛都市报》刊出李敖“混世宝典”三部曲专题","《半岛都市报》专题称，80岁的李敖近日再出“混世宝典”三部曲：《李敖有种：活着你就得有种》《李敖有趣：活着你就得有趣》《李敖有料：活着你就得有料》。这套书主要面向年轻人重新编录，围绕“不信邪”“有情趣”“拼实力”三个主题；专题摘出李敖关于年轻人大脑要起飞、分手要趁早、消灭负能量等说法，作为他晚年把旧文章重新包装给年轻读者的出版节点。","李敖、宋涛涛","中国大陆","半岛都市报、混世宝典、李敖有种、李敖有趣、李敖有料、年轻人","出版线、媒体线、晚年线","李敖访谈录1990-2018、李敖有种：活着你就得有种、李敖有趣：活着你就得有趣、李敖有料：活着你就得有料","book8-2012-publishes-only-selected-works-in-mainland","李敖访谈录1990-2018","068.20140616《半岛都市报》李敖专题","3","《大李敖全集5.0》（wjm_tcy版）分章节/007.采访序跋类/005.李敖访谈录1990-2018/068.20140616《半岛都市报》李敖专题.txt","","[]","data/timeline-events-li-ao-fangtanlu-1990-2018.json","li-ao-fangtanlu-2014-06-16-bandao-hunshi-baodian-trilogy","{""id"":""li-ao-fangtanlu-2014-06-16-bandao-hunshi-baodian-trilogy"",""date"":""2014-06-16"",""displayDate"":""2014年6月16日"",""datePrecision"":""day"",""title"":""《半岛都市报》刊出李敖“混世宝典”三部曲专题"",""summary"":""《半岛都市报》专题称，80岁的李敖近日再出“混世宝典”三部曲：《李敖有种：活着你就得有种》《李敖有趣：活着你就得有趣》《李敖有料：活着你就得有料》。这套书主要面向年轻人重新编录，围绕“不信邪”“有情趣”“拼实力”三个主题；专题摘出李敖关于年轻人大脑要起飞、分手要趁早、消灭负能量等说法，作为他晚年把旧文章重新包装给年轻读者的出版节点。"",""category"":""publication"",""type"":""李敖当事人事件"",""source"":{""book"":""李敖访谈录1990-2018"",""chapter"":""068.20140616《半岛都市报》李敖专题"",""path"":""《大李敖全集5.0》（wjm_tcy版）分章节/007.采访序跋类/005.李敖访谈录1990-2018/068.20140616《半岛都市报》李敖专题.txt"",""line"":3,""lines"":[3,9,11,13,19,21,27,29,35,37],""note"":""《半岛都市报》专题记录李敖“混世宝典”三部曲近日出版、面向年轻人和三大主题。""},""certainty"":""confirmed"",""tags"":[""半岛都市报"",""混世宝典"",""李敖有种"",""李敖有趣"",""李敖有料"",""年轻人""],""people"":[""李敖"",""宋涛涛""],""places"":[""中国大陆""],""works"":[""李敖访谈录1990-2018"",""李敖有种：活着你就得有种"",""李敖有趣：活着你就得有趣"",""李敖有料：活着你就得有料""],""view"":[""出版线"",""媒体线"",""晚年线""],""crossReferences"":[""book8-2012-publishes-only-selected-works-in-mainland""],""dataFile"":""data/timeline-events-li-ao-fangtanlu-1990-2018.json""}"
"27156","2014","2014-06-21","2014年6月21日星期六","day","confirmed","李敖接受三立电视台一个半小时专访","《2014年6月》写，绿色的三立电视台为收视率破格邀请李敖做专访；李敖在一个半小时中“言人所不敢言”，谈台湾与祖国六十五年来政策疏离等问题。","李敖","台湾","虽千万人，李敖往矣、三立电视台、专访、一个半小时、台湾","媒体线、电视线、政治线","虽千万人，李敖往矣、三立电视台专访","","虽千万人，李敖往矣","024.2014年6月","121","《大李敖全集5.0》（wjm_tcy版）分章节/005.诗集语录类/005.虽千万人，李敖往矣/024.2014年6月.txt","","[]","data/timeline-events-sui-qianwan-li-ao-wangyi.json","sui-qianwan-2014-06-21-does-90-minute-sanlih-tv-interview","{""id"":""sui-qianwan-2014-06-21-does-90-minute-sanlih-tv-interview"",""date"":""2014-06-21"",""displayDate"":""2014年6月21日星期六"",""datePrecision"":""day"",""title"":""李敖接受三立电视台一个半小时专访"",""summary"":""《2014年6月》写，绿色的三立电视台为收视率破格邀请李敖做专访；李敖在一个半小时中“言人所不敢言”，谈台湾与祖国六十五年来政策疏离等问题。"",""view"":[""媒体线"",""电视线"",""政治线""],""tags"":[""虽千万人，李敖往矣"",""三立电视台"",""专访"",""一个半小时"",""台湾""],""people"":[""李敖""],""places"":[""台湾""],""works"":[""虽千万人，李敖往矣"",""三立电视台专访""],""certainty"":""confirmed"",""source"":{""book"":""虽千万人，李敖往矣"",""chapter"":""024.2014年6月"",""path"":""《大李敖全集5.0》（wjm_tcy版）分章节/005.诗集语录类/005.虽千万人，李敖往矣/024.2014年6月.txt"",""line"":121},""dataFile"":""data/timeline-events-sui-qianwan-li-ao-wangyi.json""}"
"27157","2014","2014-07-04","2014年7月4日星期五","day","confirmed","李敖决定应江迅之邀参加香港书展发表会","《2014年7月》写，李敖没有进北京参加李戡北大毕业典礼，但7月中香港书展有李戡新书《国民党员毛泽东》上市，他决定应《亚洲周刊》江迅之邀，参加发表会。","李敖、李戡、江迅","香港、北京、台湾","虽千万人，李敖往矣、香港书展、李戡、国民党员毛泽东、亚洲周刊、江迅","演讲线、家庭线、香港线","虽千万人，李敖往矣、国民党员毛泽东、亚洲周刊","book8-2014-07-16-speaks-with-li-kan-at-hong-kong-book-fair","虽千万人，李敖往矣","025.2014年7月","25","《大李敖全集5.0》（wjm_tcy版）分章节/005.诗集语录类/005.虽千万人，李敖往矣/025.2014年7月.txt","李敖访谈录1990-2018 / 069.20140728《澎湃新闻网》李敖、李戡专题 / line 5 / 说明：《澎湃新闻网》专题补充7月16日李戡在香港出席书展活动，推出关于国共合作历史的新书。 / 《大李敖全集5.0》（wjm_tcy版）分章节/007.采访序跋类/005.李敖访谈录1990-2018/069.20140728《澎湃新闻网》李敖、李戡专题.txt","[{""book"":""李敖访谈录1990-2018"",""chapter"":""069.20140728《澎湃新闻网》李敖、李戡专题"",""path"":""《大李敖全集5.0》（wjm_tcy版）分章节/007.采访序跋类/005.李敖访谈录1990-2018/069.20140728《澎湃新闻网》李敖、李戡专题.txt"",""line"":5,""lines"":[5,7,11],""note"":""《澎湃新闻网》专题补充7月16日李戡在香港出席书展活动，推出关于国共合作历史的新书。""}]","data/timeline-events-sui-qianwan-li-ao-wangyi.json","sui-qianwan-2014-07-04-decides-to-attend-li-kan-book-event-at-hong-kong-book-fair","{""id"":""sui-qianwan-2014-07-04-decides-to-attend-li-kan-book-event-at-hong-kong-book-fair"",""date"":""2014-07-04"",""displayDate"":""2014年7月4日星期五"",""datePrecision"":""day"",""title"":""李敖决定应江迅之邀参加香港书展发表会"",""summary"":""《2014年7月》写，李敖没有进北京参加李戡北大毕业典礼，但7月中香港书展有李戡新书《国民党员毛泽东》上市，他决定应《亚洲周刊》江迅之邀，参加发表会。"",""view"":[""演讲线"",""家庭线"",""香港线""],""tags"":[""虽千万人，李敖往矣"",""香港书展"",""李戡"",""国民党员毛泽东"",""亚洲周刊"",""江迅""],""people"":[""李敖"",""李戡"",""江迅""],""places"":[""香港"",""北京"",""台湾""],""works"":[""虽千万人，李敖往矣"",""国民党员毛泽东"",""亚洲周刊""],""certainty"":""confirmed"",""source"":{""book"":""虽千万人，李敖往矣"",""chapter"":""025.2014年7月"",""path"":""《大李敖全集5.0》（wjm_tcy版）分章节/005.诗集语录类/005.虽千万人，李敖往矣/025.2014年7月.txt"",""line"":25},""crossReferences"":[""book8-2014-07-16-speaks-with-li-kan-at-hong-kong-book-fair""],""additionalSources"":[{""book"":""李敖访谈录1990-2018"",""chapter"":""069.20140728《澎湃新闻网》李敖、李戡专题"",""path"":""《大李敖全集5.0》（wjm_tcy版）分章节/007.采访序跋类/005.李敖访谈录1990-2018/069.20140728《澎湃新闻网》李敖、李戡专题.txt"",""line"":5,""lines"":[5,7,11],""note"":""《澎湃新闻网》专题补充7月16日李戡在香港出席书展活动，推出关于国共合作历史的新书。""}],""dataFile"":""data/timeline-events-sui-qianwan-li-ao-wangyi.json""}"
"27158","2014","2014-07-12","2014年7月12日星期六","day","confirmed","李敖记录李戡《国民党员毛泽东》在香港上市","《2014年7月》写，李戡新书《国民党员毛泽东》在香港上市；李敖称这本书不仅发掘历史，也发掘早年共产党所信念、所坚守的道德。","李敖、李戡、毛泽东","香港","虽千万人，李敖往矣、李戡、国民党员毛泽东、香港上市、出版","出版线、家庭线、香港线","虽千万人，李敖往矣、国民党员毛泽东","sui-qianwan-2014-06-15-li-kan-kmt-member-mao-to-debut-at-hong-kong-book-fair","虽千万人，李敖往矣","025.2014年7月","73","《大李敖全集5.0》（wjm_tcy版）分章节/005.诗集语录类/005.虽千万人，李敖往矣/025.2014年7月.txt","李敖访谈录1990-2018 / 069.20140728《澎湃新闻网》李敖、李戡专题 / line 45 / 说明：《澎湃新闻网》专题补充《国民党员毛泽东》的史料来源、香港出版状态和李敖收藏文献的作用。 / 《大李敖全集5.0》（wjm_tcy版）分章节/007.采访序跋类/005.李敖访谈录1990-2018/069.20140728《澎湃新闻网》李敖、李戡专题.txt","[{""book"":""李敖访谈录1990-2018"",""chapter"":""069.20140728《澎湃新闻网》李敖、李戡专题"",""path"":""《大李敖全集5.0》（wjm_tcy版）分章节/007.采访序跋类/005.李敖访谈录1990-2018/069.20140728《澎湃新闻网》李敖、李戡专题.txt"",""line"":45,""lines"":[45,47,49,91],""note"":""《澎湃新闻网》专题补充《国民党员毛泽东》的史料来源、香港出版状态和李敖收藏文献的作用。""}]","data/timeline-events-sui-qianwan-li-ao-wangyi.json","sui-qianwan-2014-07-12-records-li-kan-kmt-member-mao-listed-in-hong-kong","{""id"":""sui-qianwan-2014-07-12-records-li-kan-kmt-member-mao-listed-in-hong-kong"",""date"":""2014-07-12"",""displayDate"":""2014年7月12日星期六"",""datePrecision"":""day"",""title"":""李敖记录李戡《国民党员毛泽东》在香港上市"",""summary"":""《2014年7月》写，李戡新书《国民党员毛泽东》在香港上市；李敖称这本书不仅发掘历史，也发掘早年共产党所信念、所坚守的道德。"",""view"":[""出版线"",""家庭线"",""香港线""],""tags"":[""虽千万人，李敖往矣"",""李戡"",""国民党员毛泽东"",""香港上市"",""出版""],""people"":[""李敖"",""李戡"",""毛泽东""],""places"":[""香港""],""works"":[""虽千万人，李敖往矣"",""国民党员毛泽东""],""certainty"":""confirmed"",""source"":{""book"":""虽千万人，李敖往矣"",""chapter"":""025.2014年7月"",""path"":""《大李敖全集5.0》（wjm_tcy版）分章节/005.诗集语录类/005.虽千万人，李敖往矣/025.2014年7月.txt"",""line"":73},""crossReferences"":[""sui-qianwan-2014-06-15-li-kan-kmt-member-mao-to-debut-at-hong-kong-book-fair""],""additionalSources"":[{""book"":""李敖访谈录1990-2018"",""chapter"":""069.20140728《澎湃新闻网》李敖、李戡专题"",""path"":""《大李敖全集5.0》（wjm_tcy版）分章节/007.采访序跋类/005.李敖访谈录1990-2018/069.20140728《澎湃新闻网》李敖、李戡专题.txt"",""line"":45,""lines"":[45,47,49,91],""note"":""《澎湃新闻网》专题补充《国民党员毛泽东》的史料来源、香港出版状态和李敖收藏文献的作用。""}],""dataFile"":""data/timeline-events-sui-qianwan-li-ao-wangyi.json""}"
"27159","2014","2014-07-16","2014年7月16日","day","confirmed","李敖在香港书展父子对谈中以有警察笑话开场","李敖出席香港书展《国民党员毛泽东》父子对谈，马家辉问他会不会粤语粗话时，他用“有警察”作现场笑话。","李敖、马家辉、李戡","香港","李敖演讲集、演讲、香港书展、国民党员毛泽东、父子对谈、现场笑话、马家辉","演讲线、公共事件线","李敖演讲集、052.20140716李敖香港书展演讲、国民党员毛泽东","","李敖演讲集","052.20140716李敖香港书展演讲","13","《大李敖全集5.0》（wjm_tcy版）分章节/010.节目演讲类/011.李敖演讲集/052.20140716李敖香港书展演讲.txt","","[]","data/timeline-events-li-ao-yanjiangji.json","li-ao-yanjiangji-052-opens-hong-kong-book-fair-talk-with-police-joke","{""id"":""li-ao-yanjiangji-052-opens-hong-kong-book-fair-talk-with-police-joke"",""date"":""2014-07-16"",""displayDate"":""2014年7月16日"",""datePrecision"":""day"",""title"":""李敖在香港书展父子对谈中以有警察笑话开场"",""summary"":""李敖出席香港书展《国民党员毛泽东》父子对谈，马家辉问他会不会粤语粗话时，他用“有警察”作现场笑话。"",""view"":[""演讲线"",""公共事件线""],""tags"":[""李敖演讲集"",""演讲"",""香港书展"",""国民党员毛泽东"",""父子对谈"",""现场笑话"",""马家辉""],""people"":[""李敖"",""马家辉"",""李戡""],""places"":[""香港""],""works"":[""李敖演讲集"",""052.20140716李敖香港书展演讲"",""国民党员毛泽东""],""certainty"":""confirmed"",""source"":{""book"":""李敖演讲集"",""chapter"":""052.20140716李敖香港书展演讲"",""path"":""《大李敖全集5.0》（wjm_tcy版）分章节/010.节目演讲类/011.李敖演讲集/052.20140716李敖香港书展演讲.txt"",""line"":13,""lines"":[13]},""crossReferences"":[],""dataFile"":""data/timeline-events-li-ao-yanjiangji.json""}"
"27160","2014","2014-07-16","2014年7月16日","day","confirmed","李敖在香港书展以佛朗哥说明坏统治者也能保护国家利益","李敖举佛朗哥为例，说他不是好人，却让西班牙没有跟希特勒、墨索里尼一起参战，从国家利益角度有其作用。","李敖、佛朗哥、希特勒、墨索里尼","香港","李敖演讲集、演讲、香港书展、国民党员毛泽东、父子对谈、佛朗哥、西班牙、国家利益、第二次世界大战","演讲线、公共事件线","李敖演讲集、052.20140716李敖香港书展演讲","","李敖演讲集","052.20140716李敖香港书展演讲","61","《大李敖全集5.0》（wjm_tcy版）分章节/010.节目演讲类/011.李敖演讲集/052.20140716李敖香港书展演讲.txt","","[]","data/timeline-events-li-ao-yanjiangji.json","li-ao-yanjiangji-052-uses-franco-as-bad-ruler-who-kept-spain-out-of-war","{""id"":""li-ao-yanjiangji-052-uses-franco-as-bad-ruler-who-kept-spain-out-of-war"",""date"":""2014-07-16"",""displayDate"":""2014年7月16日"",""datePrecision"":""day"",""title"":""李敖在香港书展以佛朗哥说明坏统治者也能保护国家利益"",""summary"":""李敖举佛朗哥为例，说他不是好人，却让西班牙没有跟希特勒、墨索里尼一起参战，从国家利益角度有其作用。"",""view"":[""演讲线"",""公共事件线""],""tags"":[""李敖演讲集"",""演讲"",""香港书展"",""国民党员毛泽东"",""父子对谈"",""佛朗哥"",""西班牙"",""国家利益"",""第二次世界大战""],""people"":[""李敖"",""佛朗哥"",""希特勒"",""墨索里尼""],""places"":[""香港""],""works"":[""李敖演讲集"",""052.20140716李敖香港书展演讲""],""certainty"":""confirmed"",""source"":{""book"":""李敖演讲集"",""chapter"":""052.20140716李敖香港书展演讲"",""path"":""《大李敖全集5.0》（wjm_tcy版）分章节/010.节目演讲类/011.李敖演讲集/052.20140716李敖香港书展演讲.txt"",""line"":61,""lines"":[61]},""crossReferences"":[],""dataFile"":""data/timeline-events-li-ao-yanjiangji.json""}"
"27161","2014","2014-07-16","2014年7月16日","day","confirmed","李敖在香港书展用女儿李文和控告小布什说明人民可以告国家领袖","李敖谈北京出生的女儿李文时说，她作为美国人有花明天钱和别人钱的观念；他又提到自己曾和她一起告小布什，展示人民可以告国家领袖。","李敖、李文、乔治·W·布什","香港、美国","李敖演讲集、演讲、香港书展、国民党员毛泽东、父子对谈、李文、小布什、诉讼、美国","演讲线、公共事件线","李敖演讲集、052.20140716李敖香港书展演讲","","李敖演讲集","052.20140716李敖香港书展演讲","139","《大李敖全集5.0》（wjm_tcy版）分章节/010.节目演讲类/011.李敖演讲集/052.20140716李敖香港书展演讲.txt","","[]","data/timeline-events-li-ao-yanjiangji.json","li-ao-yanjiangji-052-uses-daughter-li-wen-and-bush-lawsuit-to-show-suing-leaders","{""id"":""li-ao-yanjiangji-052-uses-daughter-li-wen-and-bush-lawsuit-to-show-suing-leaders"",""date"":""2014-07-16"",""displayDate"":""2014年7月16日"",""datePrecision"":""day"",""title"":""李敖在香港书展用女儿李文和控告小布什说明人民可以告国家领袖"",""summary"":""李敖谈北京出生的女儿李文时说，她作为美国人有花明天钱和别人钱的观念；他又提到自己曾和她一起告小布什，展示人民可以告国家领袖。"",""view"":[""演讲线"",""公共事件线""],""tags"":[""李敖演讲集"",""演讲"",""香港书展"",""国民党员毛泽东"",""父子对谈"",""李文"",""小布什"",""诉讼"",""美国""],""people"":[""李敖"",""李文"",""乔治·W·布什""],""places"":[""香港"",""美国""],""works"":[""李敖演讲集"",""052.20140716李敖香港书展演讲""],""certainty"":""confirmed"",""source"":{""book"":""李敖演讲集"",""chapter"":""052.20140716李敖香港书展演讲"",""path"":""《大李敖全集5.0》（wjm_tcy版）分章节/010.节目演讲类/011.李敖演讲集/052.20140716李敖香港书展演讲.txt"",""line"":139,""lines"":[139]},""crossReferences"":[],""dataFile"":""data/timeline-events-li-ao-yanjiangji.json""}"
"27162","2014","2014-07-16","2014年7月16日","day","confirmed","李敖在香港书展用中共创党者和毛家牺牲解释毛泽东的残酷逻辑","李敖说中共十三个创党者后来十一人被消灭，毛泽东家中也有多人为革命死亡，因此他可能形成了牺牲别人也不在乎的政治逻辑。","李敖、毛泽东","香港","李敖演讲集、演讲、香港书展、国民党员毛泽东、父子对谈、毛泽东、中共创党、牺牲、政治残酷","演讲线、公共事件线","李敖演讲集、052.20140716李敖香港书展演讲","li-ao-yanjiangji-046-balances-ccp-life-expectancy-achievement-with-book-bans","李敖演讲集","052.20140716李敖香港书展演讲","63","《大李敖全集5.0》（wjm_tcy版）分章节/010.节目演讲类/011.李敖演讲集/052.20140716李敖香港书展演讲.txt","","[]","data/timeline-events-li-ao-yanjiangji.json","li-ao-yanjiangji-052-reads-mao-through-ccp-founders-and-family-sacrifice","{""id"":""li-ao-yanjiangji-052-reads-mao-through-ccp-founders-and-family-sacrifice"",""date"":""2014-07-16"",""displayDate"":""2014年7月16日"",""datePrecision"":""day"",""title"":""李敖在香港书展用中共创党者和毛家牺牲解释毛泽东的残酷逻辑"",""summary"":""李敖说中共十三个创党者后来十一人被消灭，毛泽东家中也有多人为革命死亡，因此他可能形成了牺牲别人也不在乎的政治逻辑。"",""view"":[""演讲线"",""公共事件线""],""tags"":[""李敖演讲集"",""演讲"",""香港书展"",""国民党员毛泽东"",""父子对谈"",""毛泽东"",""中共创党"",""牺牲"",""政治残酷""],""people"":[""李敖"",""毛泽东""],""places"":[""香港""],""works"":[""李敖演讲集"",""052.20140716李敖香港书展演讲""],""certainty"":""confirmed"",""source"":{""book"":""李敖演讲集"",""chapter"":""052.20140716李敖香港书展演讲"",""path"":""《大李敖全集5.0》（wjm_tcy版）分章节/010.节目演讲类/011.李敖演讲集/052.20140716李敖香港书展演讲.txt"",""line"":63,""lines"":[63]},""crossReferences"":[""li-ao-yanjiangji-046-balances-ccp-life-expectancy-achievement-with-book-bans""],""dataFile"":""data/timeline-events-li-ao-yanjiangji.json""}"
"27163","2014","2014-07-16","2014年7月16日","day","confirmed","李敖在香港书展用杨衢云纠正孙中山檀香山兴中会叙事","李敖说关于孙中山在檀香山成立兴中会的历史有假，真正较早的革命组织在香港，由杨衢云领导，而杨衢云后来被遗忘在跑马地坟场。","李敖、杨衢云、孙中山","香港","李敖演讲集、演讲、香港书展、国民党员毛泽东、父子对谈、杨衢云、孙中山、兴中会、香港史、跑马地","演讲线、公共事件线","李敖演讲集、052.20140716李敖香港书展演讲","li-ao-yanjiangji-050-uses-yang-quyun-and-treaty-of-nanking-to-reread-hong-kong-history、li-ao-youhua-shuo-616-shows-yang-quyun-photo-and-john-the-baptist-analogy","李敖演讲集","052.20140716李敖香港书展演讲","53","《大李敖全集5.0》（wjm_tcy版）分章节/010.节目演讲类/011.李敖演讲集/052.20140716李敖香港书展演讲.txt","","[]","data/timeline-events-li-ao-yanjiangji.json","li-ao-yanjiangji-052-restores-yang-quyun-before-sun-yatsen-honolulu-myth","{""id"":""li-ao-yanjiangji-052-restores-yang-quyun-before-sun-yatsen-honolulu-myth"",""date"":""2014-07-16"",""displayDate"":""2014年7月16日"",""datePrecision"":""day"",""title"":""李敖在香港书展用杨衢云纠正孙中山檀香山兴中会叙事"",""summary"":""李敖说关于孙中山在檀香山成立兴中会的历史有假，真正较早的革命组织在香港，由杨衢云领导，而杨衢云后来被遗忘在跑马地坟场。"",""view"":[""演讲线"",""公共事件线""],""tags"":[""李敖演讲集"",""演讲"",""香港书展"",""国民党员毛泽东"",""父子对谈"",""杨衢云"",""孙中山"",""兴中会"",""香港史"",""跑马地""],""people"":[""李敖"",""杨衢云"",""孙中山""],""places"":[""香港""],""works"":[""李敖演讲集"",""052.20140716李敖香港书展演讲""],""certainty"":""confirmed"",""source"":{""book"":""李敖演讲集"",""chapter"":""052.20140716李敖香港书展演讲"",""path"":""《大李敖全集5.0》（wjm_tcy版）分章节/010.节目演讲类/011.李敖演讲集/052.20140716李敖香港书展演讲.txt"",""line"":53,""lines"":[53]},""crossReferences"":[""li-ao-yanjiangji-050-uses-yang-quyun-and-treaty-of-nanking-to-reread-hong-kong-history"",""li-ao-youhua-shuo-616-shows-yang-quyun-photo-and-john-the-baptist-analogy""],""dataFile"":""data/timeline-events-li-ao-yanjiangji.json""}"
"27164","2014","2014-07-16","2014年7月16日","day","confirmed","李敖在香港书展用武三思标准戏说好人与坏人","李敖引用武三思的逻辑说，称赞我的就是好人，批评我的就是坏人，借此把好坏判断化成政治讽刺。","李敖、武三思","香港","李敖演讲集、演讲、香港书展、国民党员毛泽东、父子对谈、武三思、好坏判断、政治讽刺","演讲线、公共事件线","李敖演讲集、052.20140716李敖香港书展演讲","","李敖演讲集","052.20140716李敖香港书展演讲","129","《大李敖全集5.0》（wjm_tcy版）分章节/010.节目演讲类/011.李敖演讲集/052.20140716李敖香港书展演讲.txt","","[]","data/timeline-events-li-ao-yanjiangji.json","li-ao-yanjiangji-052-defines-good-and-bad-with-wu-sansi-praise-rule","{""id"":""li-ao-yanjiangji-052-defines-good-and-bad-with-wu-sansi-praise-rule"",""date"":""2014-07-16"",""displayDate"":""2014年7月16日"",""datePrecision"":""day"",""title"":""李敖在香港书展用武三思标准戏说好人与坏人"",""summary"":""李敖引用武三思的逻辑说，称赞我的就是好人，批评我的就是坏人，借此把好坏判断化成政治讽刺。"",""view"":[""演讲线"",""公共事件线""],""tags"":[""李敖演讲集"",""演讲"",""香港书展"",""国民党员毛泽东"",""父子对谈"",""武三思"",""好坏判断"",""政治讽刺""],""people"":[""李敖"",""武三思""],""places"":[""香港""],""works"":[""李敖演讲集"",""052.20140716李敖香港书展演讲""],""certainty"":""confirmed"",""source"":{""book"":""李敖演讲集"",""chapter"":""052.20140716李敖香港书展演讲"",""path"":""《大李敖全集5.0》（wjm_tcy版）分章节/010.节目演讲类/011.李敖演讲集/052.20140716李敖香港书展演讲.txt"",""line"":129,""lines"":[129]},""crossReferences"":[],""dataFile"":""data/timeline-events-li-ao-yanjiangji.json""}"
"27165","2014","2014-07-16","2014年7月16日","day","confirmed","李敖在香港书展用罗素命题说明坏统治者也可能做好国家事情","李敖说左右两边的政治人物很少是好人，并借罗素“为什么坏人胜利”的问题说明，坏统治者仍可能做出对国家有利的事情。","李敖、罗素","香港","李敖演讲集、演讲、香港书展、国民党员毛泽东、父子对谈、政治判断、罗素、坏人胜利、统治者","演讲线、公共事件线","李敖演讲集、052.20140716李敖香港书展演讲","","李敖演讲集","052.20140716李敖香港书展演讲","59","《大李敖全集5.0》（wjm_tcy版）分章节/010.节目演讲类/011.李敖演讲集/052.20140716李敖香港书展演讲.txt","","[]","data/timeline-events-li-ao-yanjiangji.json","li-ao-yanjiangji-052-says-bad-rulers-can-still-do-good-national-things","{""id"":""li-ao-yanjiangji-052-says-bad-rulers-can-still-do-good-national-things"",""date"":""2014-07-16"",""displayDate"":""2014年7月16日"",""datePrecision"":""day"",""title"":""李敖在香港书展用罗素命题说明坏统治者也可能做好国家事情"",""summary"":""李敖说左右两边的政治人物很少是好人，并借罗素“为什么坏人胜利”的问题说明，坏统治者仍可能做出对国家有利的事情。"",""view"":[""演讲线"",""公共事件线""],""tags"":[""李敖演讲集"",""演讲"",""香港书展"",""国民党员毛泽东"",""父子对谈"",""政治判断"",""罗素"",""坏人胜利"",""统治者""],""people"":[""李敖"",""罗素""],""places"":[""香港""],""works"":[""李敖演讲集"",""052.20140716李敖香港书展演讲""],""certainty"":""confirmed"",""source"":{""book"":""李敖演讲集"",""chapter"":""052.20140716李敖香港书展演讲"",""path"":""《大李敖全集5.0》（wjm_tcy版）分章节/010.节目演讲类/011.李敖演讲集/052.20140716李敖香港书展演讲.txt"",""line"":59,""lines"":[59]},""crossReferences"":[],""dataFile"":""data/timeline-events-li-ao-yanjiangji.json""}"
"27166","2014","2014-07-16","2014年7月16日","day","confirmed","李敖在香港书展用逃港游泳和阿拉斯加说明个人选择与国家眼光不同","李敖从有人游泳逃到香港谈到个人眼前选择，又以美国买阿拉斯加说明政治眼光常常超出个人即时感受。","李敖","香港、阿拉斯加","李敖演讲集、演讲、香港书展、国民党员毛泽东、父子对谈、逃港、阿拉斯加、国家眼光、个人选择","演讲线、公共事件线","李敖演讲集、052.20140716李敖香港书展演讲","","李敖演讲集","052.20140716李敖香港书展演讲","103","《大李敖全集5.0》（wjm_tcy版）分章节/010.节目演讲类/011.李敖演讲集/052.20140716李敖香港书展演讲.txt","","[]","data/timeline-events-li-ao-yanjiangji.json","li-ao-yanjiangji-052-uses-swimming-to-hong-kong-and-alaska-to-contrast-individual-and-state","{""id"":""li-ao-yanjiangji-052-uses-swimming-to-hong-kong-and-alaska-to-contrast-individual-and-state"",""date"":""2014-07-16"",""displayDate"":""2014年7月16日"",""datePrecision"":""day"",""title"":""李敖在香港书展用逃港游泳和阿拉斯加说明个人选择与国家眼光不同"",""summary"":""李敖从有人游泳逃到香港谈到个人眼前选择，又以美国买阿拉斯加说明政治眼光常常超出个人即时感受。"",""view"":[""演讲线"",""公共事件线""],""tags"":[""李敖演讲集"",""演讲"",""香港书展"",""国民党员毛泽东"",""父子对谈"",""逃港"",""阿拉斯加"",""国家眼光"",""个人选择""],""people"":[""李敖""],""places"":[""香港"",""阿拉斯加""],""works"":[""李敖演讲集"",""052.20140716李敖香港书展演讲""],""certainty"":""confirmed"",""source"":{""book"":""李敖演讲集"",""chapter"":""052.20140716李敖香港书展演讲"",""path"":""《大李敖全集5.0》（wjm_tcy版）分章节/010.节目演讲类/011.李敖演讲集/052.20140716李敖香港书展演讲.txt"",""line"":103,""lines"":[103]},""crossReferences"":[],""dataFile"":""data/timeline-events-li-ao-yanjiangji.json""}"
"27167","2014","2014-07-16","2014年7月16日","day","confirmed","李敖在香港书展用高玉树故事提醒中共民选反对派也能被收编","李敖说蒋介石时代面对高玉树这样的民选反对者有办法安置，中共不该笨到只用爱国条件卡特首选举，普通人也不该幼稚。","李敖、高玉树、蒋介石","香港","李敖演讲集、演讲、香港书展、国民党员毛泽东、父子对谈、高玉树、蒋介石、特首选举、反对派","演讲线、公共事件线","李敖演讲集、052.20140716李敖香港书展演讲","","李敖演讲集","052.20140716李敖香港书展演讲","117","《大李敖全集5.0》（wjm_tcy版）分章节/010.节目演讲类/011.李敖演讲集/052.20140716李敖香港书展演讲.txt","","[]","data/timeline-events-li-ao-yanjiangji.json","li-ao-yanjiangji-052-uses-gao-yushu-to-teach-ccp-elected-opponents-can-be-managed","{""id"":""li-ao-yanjiangji-052-uses-gao-yushu-to-teach-ccp-elected-opponents-can-be-managed"",""date"":""2014-07-16"",""displayDate"":""2014年7月16日"",""datePrecision"":""day"",""title"":""李敖在香港书展用高玉树故事提醒中共民选反对派也能被收编"",""summary"":""李敖说蒋介石时代面对高玉树这样的民选反对者有办法安置，中共不该笨到只用爱国条件卡特首选举，普通人也不该幼稚。"",""view"":[""演讲线"",""公共事件线""],""tags"":[""李敖演讲集"",""演讲"",""香港书展"",""国民党员毛泽东"",""父子对谈"",""高玉树"",""蒋介石"",""特首选举"",""反对派""],""people"":[""李敖"",""高玉树"",""蒋介石""],""places"":[""香港""],""works"":[""李敖演讲集"",""052.20140716李敖香港书展演讲""],""certainty"":""confirmed"",""source"":{""book"":""李敖演讲集"",""chapter"":""052.20140716李敖香港书展演讲"",""path"":""《大李敖全集5.0》（wjm_tcy版）分章节/010.节目演讲类/011.李敖演讲集/052.20140716李敖香港书展演讲.txt"",""line"":117,""lines"":[117,119]},""crossReferences"":[],""dataFile"":""data/timeline-events-li-ao-yanjiangji.json""}"
"27168","2014","2014-07-16","2014年7月16日","day","confirmed","李敖在香港书展夸李戡材料掌握快并对照自己的复习记忆法","李敖说李戡能够很快抓住复杂材料，书写得很好；他自己不自称天才，而靠记忆、复习和顾炎武式资料方法。","李敖、李戡、顾炎武","香港","李敖演讲集、演讲、香港书展、国民党员毛泽东、父子对谈、李戡、资料方法、记忆、顾炎武","演讲线、公共事件线","李敖演讲集、052.20140716李敖香港书展演讲、国民党员毛泽东","","李敖演讲集","052.20140716李敖香港书展演讲","137","《大李敖全集5.0》（wjm_tcy版）分章节/010.节目演讲类/011.李敖演讲集/052.20140716李敖香港书展演讲.txt","","[]","data/timeline-events-li-ao-yanjiangji.json","li-ao-yanjiangji-052-praises-li-kan-archive-speed-and-contrasts-own-review-method","{""id"":""li-ao-yanjiangji-052-praises-li-kan-archive-speed-and-contrasts-own-review-method"",""date"":""2014-07-16"",""displayDate"":""2014年7月16日"",""datePrecision"":""day"",""title"":""李敖在香港书展夸李戡材料掌握快并对照自己的复习记忆法"",""summary"":""李敖说李戡能够很快抓住复杂材料，书写得很好；他自己不自称天才，而靠记忆、复习和顾炎武式资料方法。"",""view"":[""演讲线"",""公共事件线""],""tags"":[""李敖演讲集"",""演讲"",""香港书展"",""国民党员毛泽东"",""父子对谈"",""李戡"",""资料方法"",""记忆"",""顾炎武""],""people"":[""李敖"",""李戡"",""顾炎武""],""places"":[""香港""],""works"":[""李敖演讲集"",""052.20140716李敖香港书展演讲"",""国民党员毛泽东""],""certainty"":""confirmed"",""source"":{""book"":""李敖演讲集"",""chapter"":""052.20140716李敖香港书展演讲"",""path"":""《大李敖全集5.0》（wjm_tcy版）分章节/010.节目演讲类/011.李敖演讲集/052.20140716李敖香港书展演讲.txt"",""line"":137,""lines"":[137]},""crossReferences"":[],""dataFile"":""data/timeline-events-li-ao-yanjiangji.json""}"
"27169","2014","2014-07-16","2014年7月16日","day","confirmed","李敖在香港书展说历史研究必须靠档案对抗被冰冻与改写的材料","李敖说他没有鼓励李戡做历史，因为历史需要很强的资料能力，许多材料被冰冻、被改写，不能只凭现成叙述。","李敖、李戡","香港","李敖演讲集、演讲、香港书展、国民党员毛泽东、父子对谈、历史方法、档案、资料、李戡","演讲线、公共事件线","李敖演讲集、052.20140716李敖香港书展演讲","","李敖演讲集","052.20140716李敖香港书展演讲","53","《大李敖全集5.0》（wjm_tcy版）分章节/010.节目演讲类/011.李敖演讲集/052.20140716李敖香港书展演讲.txt","","[]","data/timeline-events-li-ao-yanjiangji.json","li-ao-yanjiangji-052-says-history-needs-archives-because-sources-are-frozen-and-rewritten","{""id"":""li-ao-yanjiangji-052-says-history-needs-archives-because-sources-are-frozen-and-rewritten"",""date"":""2014-07-16"",""displayDate"":""2014年7月16日"",""datePrecision"":""day"",""title"":""李敖在香港书展说历史研究必须靠档案对抗被冰冻与改写的材料"",""summary"":""李敖说他没有鼓励李戡做历史，因为历史需要很强的资料能力，许多材料被冰冻、被改写，不能只凭现成叙述。"",""view"":[""演讲线"",""公共事件线""],""tags"":[""李敖演讲集"",""演讲"",""香港书展"",""国民党员毛泽东"",""父子对谈"",""历史方法"",""档案"",""资料"",""李戡""],""people"":[""李敖"",""李戡""],""places"":[""香港""],""works"":[""李敖演讲集"",""052.20140716李敖香港书展演讲""],""certainty"":""confirmed"",""source"":{""book"":""李敖演讲集"",""chapter"":""052.20140716李敖香港书展演讲"",""path"":""《大李敖全集5.0》（wjm_tcy版）分章节/010.节目演讲类/011.李敖演讲集/052.20140716李敖香港书展演讲.txt"",""line"":53,""lines"":[53]},""crossReferences"":[],""dataFile"":""data/timeline-events-li-ao-yanjiangji.json""}"
"27170","2014","2014-07-16","2014年7月16日","day","confirmed","李敖在香港书展说他让李戡凭《李戡戡乱记》经验进入档案","李敖说他告诉李戡要进档案，李戡在写《李戡戡乱记》时已经学会资料处理，所以能把档案型写作做起来。","李敖、李戡","香港","李敖演讲集、演讲、香港书展、国民党员毛泽东、父子对谈、李戡、档案、李戡戡乱记","演讲线、公共事件线","李敖演讲集、052.20140716李敖香港书展演讲、李戡戡乱记、国民党员毛泽东","","李敖演讲集","052.20140716李敖香港书展演讲","55","《大李敖全集5.0》（wjm_tcy版）分章节/010.节目演讲类/011.李敖演讲集/052.20140716李敖香港书展演讲.txt","","[]","data/timeline-events-li-ao-yanjiangji.json","li-ao-yanjiangji-052-tells-li-kan-to-enter-archives-from-likan-kanluanji-skill","{""id"":""li-ao-yanjiangji-052-tells-li-kan-to-enter-archives-from-likan-kanluanji-skill"",""date"":""2014-07-16"",""displayDate"":""2014年7月16日"",""datePrecision"":""day"",""title"":""李敖在香港书展说他让李戡凭《李戡戡乱记》经验进入档案"",""summary"":""李敖说他告诉李戡要进档案，李戡在写《李戡戡乱记》时已经学会资料处理，所以能把档案型写作做起来。"",""view"":[""演讲线"",""公共事件线""],""tags"":[""李敖演讲集"",""演讲"",""香港书展"",""国民党员毛泽东"",""父子对谈"",""李戡"",""档案"",""李戡戡乱记""],""people"":[""李敖"",""李戡""],""places"":[""香港""],""works"":[""李敖演讲集"",""052.20140716李敖香港书展演讲"",""李戡戡乱记"",""国民党员毛泽东""],""certainty"":""confirmed"",""source"":{""book"":""李敖演讲集"",""chapter"":""052.20140716李敖香港书展演讲"",""path"":""《大李敖全集5.0》（wjm_tcy版）分章节/010.节目演讲类/011.李敖演讲集/052.20140716李敖香港书展演讲.txt"",""line"":55,""lines"":[55]},""crossReferences"":[],""dataFile"":""data/timeline-events-li-ao-yanjiangji.json""}"
"27171","2014","2014-07-16","2014年7月16日","day","confirmed","李敖在香港书展说占中会伤害香港繁荣并让深圳上海取代香港","李敖说占中伤害香港繁荣，而共产党早已制造深圳这个假香港和上海这个替代香港，香港走错路会让自身优势流失。","李敖","香港、深圳、上海","李敖演讲集、演讲、香港书展、国民党员毛泽东、父子对谈、占中、香港繁荣、深圳、上海","演讲线、公共事件线","李敖演讲集、052.20140716李敖香港书展演讲","","李敖演讲集","052.20140716李敖香港书展演讲","113","《大李敖全集5.0》（wjm_tcy版）分章节/010.节目演讲类/011.李敖演讲集/052.20140716李敖香港书展演讲.txt","","[]","data/timeline-events-li-ao-yanjiangji.json","li-ao-yanjiangji-052-warns-occupy-central-damages-hong-kong-prosperity","{""id"":""li-ao-yanjiangji-052-warns-occupy-central-damages-hong-kong-prosperity"",""date"":""2014-07-16"",""displayDate"":""2014年7月16日"",""datePrecision"":""day"",""title"":""李敖在香港书展说占中会伤害香港繁荣并让深圳上海取代香港"",""summary"":""李敖说占中伤害香港繁荣，而共产党早已制造深圳这个假香港和上海这个替代香港，香港走错路会让自身优势流失。"",""view"":[""演讲线"",""公共事件线""],""tags"":[""李敖演讲集"",""演讲"",""香港书展"",""国民党员毛泽东"",""父子对谈"",""占中"",""香港繁荣"",""深圳"",""上海""],""people"":[""李敖""],""places"":[""香港"",""深圳"",""上海""],""works"":[""李敖演讲集"",""052.20140716李敖香港书展演讲""],""certainty"":""confirmed"",""source"":{""book"":""李敖演讲集"",""chapter"":""052.20140716李敖香港书展演讲"",""path"":""《大李敖全集5.0》（wjm_tcy版）分章节/010.节目演讲类/011.李敖演讲集/052.20140716李敖香港书展演讲.txt"",""line"":113,""lines"":[113]},""crossReferences"":[],""dataFile"":""data/timeline-events-li-ao-yanjiangji.json""}"
"27172","2014","2014-07-16","2014年7月16日","day","confirmed","李敖在香港书展说占中式民主不是香港的答案","李敖说英国给香港法律、自由和繁荣却没有民主，而民主常只是把担子从一个肩膀换到另一个肩膀；占中不能解决香港困局。","李敖、陈方安生","香港","李敖演讲集、演讲、香港书展、国民党员毛泽东、父子对谈、香港民主、占中、英国统治、法律自由","演讲线、公共事件线","李敖演讲集、052.20140716李敖香港书展演讲","","李敖演讲集","052.20140716李敖香港书展演讲","105","《大李敖全集5.0》（wjm_tcy版）分章节/010.节目演讲类/011.李敖演讲集/052.20140716李敖香港书展演讲.txt","","[]","data/timeline-events-li-ao-yanjiangji.json","li-ao-yanjiangji-052-says-democracy-is-empty-shoulder-switch-for-hong-kong","{""id"":""li-ao-yanjiangji-052-says-democracy-is-empty-shoulder-switch-for-hong-kong"",""date"":""2014-07-16"",""displayDate"":""2014年7月16日"",""datePrecision"":""day"",""title"":""李敖在香港书展说占中式民主不是香港的答案"",""summary"":""李敖说英国给香港法律、自由和繁荣却没有民主，而民主常只是把担子从一个肩膀换到另一个肩膀；占中不能解决香港困局。"",""view"":[""演讲线"",""公共事件线""],""tags"":[""李敖演讲集"",""演讲"",""香港书展"",""国民党员毛泽东"",""父子对谈"",""香港民主"",""占中"",""英国统治"",""法律自由""],""people"":[""李敖"",""陈方安生""],""places"":[""香港""],""works"":[""李敖演讲集"",""052.20140716李敖香港书展演讲""],""certainty"":""confirmed"",""source"":{""book"":""李敖演讲集"",""chapter"":""052.20140716李敖香港书展演讲"",""path"":""《大李敖全集5.0》（wjm_tcy版）分章节/010.节目演讲类/011.李敖演讲集/052.20140716李敖香港书展演讲.txt"",""line"":105,""lines"":[105]},""crossReferences"":[],""dataFile"":""data/timeline-events-li-ao-yanjiangji.json""}"
"27173","2014","2014-07-16","2014年7月16日","day","confirmed","李敖在香港书展说自己八十岁并把长寿标准从宋美龄改到邵逸夫","李敖说自己八十岁了，看到蔡同荣健身后去世，也想到张思之仍在八十七岁奔波，于是把长寿标准从宋美龄的一百零六岁改成邵逸夫的一百零七岁。","李敖、蔡同荣、张思之、宋美龄、邵逸夫","香港","李敖演讲集、演讲、香港书展、国民党员毛泽东、父子对谈、八十岁、长寿、蔡同荣、张思之、邵逸夫","演讲线、公共事件线","李敖演讲集、052.20140716李敖香港书展演讲","","李敖演讲集","052.20140716李敖香港书展演讲","37","《大李敖全集5.0》（wjm_tcy版）分章节/010.节目演讲类/011.李敖演讲集/052.20140716李敖香港书展演讲.txt","","[]","data/timeline-events-li-ao-yanjiangji.json","li-ao-yanjiangji-052-marks-age-eighty-and-resets-longevity-standard","{""id"":""li-ao-yanjiangji-052-marks-age-eighty-and-resets-longevity-standard"",""date"":""2014-07-16"",""displayDate"":""2014年7月16日"",""datePrecision"":""day"",""title"":""李敖在香港书展说自己八十岁并把长寿标准从宋美龄改到邵逸夫"",""summary"":""李敖说自己八十岁了，看到蔡同荣健身后去世，也想到张思之仍在八十七岁奔波，于是把长寿标准从宋美龄的一百零六岁改成邵逸夫的一百零七岁。"",""view"":[""演讲线"",""公共事件线""],""tags"":[""李敖演讲集"",""演讲"",""香港书展"",""国民党员毛泽东"",""父子对谈"",""八十岁"",""长寿"",""蔡同荣"",""张思之"",""邵逸夫""],""people"":[""李敖"",""蔡同荣"",""张思之"",""宋美龄"",""邵逸夫""],""places"":[""香港""],""works"":[""李敖演讲集"",""052.20140716李敖香港书展演讲""],""certainty"":""confirmed"",""source"":{""book"":""李敖演讲集"",""chapter"":""052.20140716李敖香港书展演讲"",""path"":""《大李敖全集5.0》（wjm_tcy版）分章节/010.节目演讲类/011.李敖演讲集/052.20140716李敖香港书展演讲.txt"",""line"":37,""lines"":[37]},""crossReferences"":[],""dataFile"":""data/timeline-events-li-ao-yanjiangji.json""}"
"27174","2014","2014-07-16","2014年7月16日","day","confirmed","李敖在香港书展说自己想通过优秀人才入境计划做香港人却被年龄挡下","李敖说他希望通过优秀人才入境计划成为香港人，吴思远帮忙也没有成功，因为香港制度有年龄限制，他借此笑香港小气。","李敖、吴思远","香港","李敖演讲集、演讲、香港书展、国民党员毛泽东、父子对谈、香港身份、优秀人才入境计划、吴思远、年龄限制","演讲线、公共事件线","李敖演讲集、052.20140716李敖香港书展演讲","","李敖演讲集","052.20140716李敖香港书展演讲","67","《大李敖全集5.0》（wjm_tcy版）分章节/010.节目演讲类/011.李敖演讲集/052.20140716李敖香港书展演讲.txt","","[]","data/timeline-events-li-ao-yanjiangji.json","li-ao-yanjiangji-052-fails-quality-migrant-plan-because-of-hong-kong-age-limit","{""id"":""li-ao-yanjiangji-052-fails-quality-migrant-plan-because-of-hong-kong-age-limit"",""date"":""2014-07-16"",""displayDate"":""2014年7月16日"",""datePrecision"":""day"",""title"":""李敖在香港书展说自己想通过优秀人才入境计划做香港人却被年龄挡下"",""summary"":""李敖说他希望通过优秀人才入境计划成为香港人，吴思远帮忙也没有成功，因为香港制度有年龄限制，他借此笑香港小气。"",""view"":[""演讲线"",""公共事件线""],""tags"":[""李敖演讲集"",""演讲"",""香港书展"",""国民党员毛泽东"",""父子对谈"",""香港身份"",""优秀人才入境计划"",""吴思远"",""年龄限制""],""people"":[""李敖"",""吴思远""],""places"":[""香港""],""works"":[""李敖演讲集"",""052.20140716李敖香港书展演讲""],""certainty"":""confirmed"",""source"":{""book"":""李敖演讲集"",""chapter"":""052.20140716李敖香港书展演讲"",""path"":""《大李敖全集5.0》（wjm_tcy版）分章节/010.节目演讲类/011.李敖演讲集/052.20140716李敖香港书展演讲.txt"",""line"":67,""lines"":[67,69,71,73,75]},""crossReferences"":[],""dataFile"":""data/timeline-events-li-ao-yanjiangji.json""}"
"27175","2014","2014-07-16","2014年7月16日","day","confirmed","李敖在香港书展说贪污是制度问题不只是道德问题","李敖谈辽宁号、明代剥皮、刘志军和新加坡高薪养廉，说贪污要从制度比例和约束方式看，不能只当作个人道德问题。","李敖、刘志军","香港、新加坡","李敖演讲集、演讲、香港书展、国民党员毛泽东、父子对谈、贪污、制度、辽宁号、刘志军、新加坡","演讲线、公共事件线","李敖演讲集、052.20140716李敖香港书展演讲","li-ao-yanjiangji-050-says-two-party-politics-is-not-proof-of-democracy-and-corruption-needs-proportion","李敖演讲集","052.20140716李敖香港书展演讲","79","《大李敖全集5.0》（wjm_tcy版）分章节/010.节目演讲类/011.李敖演讲集/052.20140716李敖香港书展演讲.txt","","[]","data/timeline-events-li-ao-yanjiangji.json","li-ao-yanjiangji-052-treats-corruption-as-system-problem-not-moral-problem","{""id"":""li-ao-yanjiangji-052-treats-corruption-as-system-problem-not-moral-problem"",""date"":""2014-07-16"",""displayDate"":""2014年7月16日"",""datePrecision"":""day"",""title"":""李敖在香港书展说贪污是制度问题不只是道德问题"",""summary"":""李敖谈辽宁号、明代剥皮、刘志军和新加坡高薪养廉，说贪污要从制度比例和约束方式看，不能只当作个人道德问题。"",""view"":[""演讲线"",""公共事件线""],""tags"":[""李敖演讲集"",""演讲"",""香港书展"",""国民党员毛泽东"",""父子对谈"",""贪污"",""制度"",""辽宁号"",""刘志军"",""新加坡""],""people"":[""李敖"",""刘志军""],""places"":[""香港"",""新加坡""],""works"":[""李敖演讲集"",""052.20140716李敖香港书展演讲""],""certainty"":""confirmed"",""source"":{""book"":""李敖演讲集"",""chapter"":""052.20140716李敖香港书展演讲"",""path"":""《大李敖全集5.0》（wjm_tcy版）分章节/010.节目演讲类/011.李敖演讲集/052.20140716李敖香港书展演讲.txt"",""line"":79,""lines"":[79]},""crossReferences"":[""li-ao-yanjiangji-050-says-two-party-politics-is-not-proof-of-democracy-and-corruption-needs-proportion""],""dataFile"":""data/timeline-events-li-ao-yanjiangji.json""}"
"27176","2014","2014-07-16","2014年7月16日","day","confirmed","李敖在香港书展说陈水扁做台北市长不错但败选后变坏","李敖说陈水扁做台北市长时不错，却在高满意度下输给军眷和外省票后发生转变，人的失望会让他走向无耻。","李敖、陈水扁","香港","李敖演讲集、演讲、香港书展、国民党员毛泽东、父子对谈、陈水扁、台北市长、族群投票、政治转变","演讲线、公共事件线","李敖演讲集、052.20140716李敖香港书展演讲","","李敖演讲集","052.20140716李敖香港书展演讲","85","《大李敖全集5.0》（wjm_tcy版）分章节/010.节目演讲类/011.李敖演讲集/052.20140716李敖香港书展演讲.txt","","[]","data/timeline-events-li-ao-yanjiangji.json","li-ao-yanjiangji-052-explains-chen-shuibian-shift-through-taipei-mayor-loss","{""id"":""li-ao-yanjiangji-052-explains-chen-shuibian-shift-through-taipei-mayor-loss"",""date"":""2014-07-16"",""displayDate"":""2014年7月16日"",""datePrecision"":""day"",""title"":""李敖在香港书展说陈水扁做台北市长不错但败选后变坏"",""summary"":""李敖说陈水扁做台北市长时不错，却在高满意度下输给军眷和外省票后发生转变，人的失望会让他走向无耻。"",""view"":[""演讲线"",""公共事件线""],""tags"":[""李敖演讲集"",""演讲"",""香港书展"",""国民党员毛泽东"",""父子对谈"",""陈水扁"",""台北市长"",""族群投票"",""政治转变""],""people"":[""李敖"",""陈水扁""],""places"":[""香港""],""works"":[""李敖演讲集"",""052.20140716李敖香港书展演讲""],""certainty"":""confirmed"",""source"":{""book"":""李敖演讲集"",""chapter"":""052.20140716李敖香港书展演讲"",""path"":""《大李敖全集5.0》（wjm_tcy版）分章节/010.节目演讲类/011.李敖演讲集/052.20140716李敖香港书展演讲.txt"",""line"":85,""lines"":[85]},""crossReferences"":[],""dataFile"":""data/timeline-events-li-ao-yanjiangji.json""}"
"27177","2014","2014-07-16","2014年7月16日","day","confirmed","李敖在香港书展说若留在大陆可能不是异议者而是高级情报官","李敖说如果自己当年留在大陆，不一定会成为异议者，也可能成为高级特务或官僚，用另一种方式爱国。","李敖","香港","李敖演讲集、演讲、香港书展、国民党员毛泽东、父子对谈、自我设想、大陆、爱国方式、情报官","演讲线、公共事件线","李敖演讲集、052.20140716李敖香港书展演讲","","李敖演讲集","052.20140716李敖香港书展演讲","101","《大李敖全集5.0》（wjm_tcy版）分章节/010.节目演讲类/011.李敖演讲集/052.20140716李敖香港书展演讲.txt","","[]","data/timeline-events-li-ao-yanjiangji.json","li-ao-yanjiangji-052-imagines-mainland-self-as-spy-official-not-dissident","{""id"":""li-ao-yanjiangji-052-imagines-mainland-self-as-spy-official-not-dissident"",""date"":""2014-07-16"",""displayDate"":""2014年7月16日"",""datePrecision"":""day"",""title"":""李敖在香港书展说若留在大陆可能不是异议者而是高级情报官"",""summary"":""李敖说如果自己当年留在大陆，不一定会成为异议者，也可能成为高级特务或官僚，用另一种方式爱国。"",""view"":[""演讲线"",""公共事件线""],""tags"":[""李敖演讲集"",""演讲"",""香港书展"",""国民党员毛泽东"",""父子对谈"",""自我设想"",""大陆"",""爱国方式"",""情报官""],""people"":[""李敖""],""places"":[""香港""],""works"":[""李敖演讲集"",""052.20140716李敖香港书展演讲""],""certainty"":""confirmed"",""source"":{""book"":""李敖演讲集"",""chapter"":""052.20140716李敖香港书展演讲"",""path"":""《大李敖全集5.0》（wjm_tcy版）分章节/010.节目演讲类/011.李敖演讲集/052.20140716李敖香港书展演讲.txt"",""line"":101,""lines"":[101]},""crossReferences"":[],""dataFile"":""data/timeline-events-li-ao-yanjiangji.json""}"
"27178","2014","2014-07-16","2014年7月16日","day","confirmed","李敖在香港书展说香港老一代接受英国无民主是因为有法律自由和繁荣","李敖谈香港身份时说，老一代香港人在英国统治下没有民主，却有法律、自由和繁荣；他批评后来的香港人欢迎长毛却不欢迎李敖。","李敖、梁国雄","香港","李敖演讲集、演讲、香港书展、国民党员毛泽东、父子对谈、香港身份、法律、自由、繁荣、长毛","演讲线、公共事件线","李敖演讲集、052.20140716李敖香港书展演讲","li-ao-yanjiangji-050-calls-hong-kong-relatively-happiest-and-fulcrum-for-chinese-intellectuals","李敖演讲集","052.20140716李敖香港书展演讲","87","《大李敖全集5.0》（wjm_tcy版）分章节/010.节目演讲类/011.李敖演讲集/052.20140716李敖香港书展演讲.txt","","[]","data/timeline-events-li-ao-yanjiangji.json","li-ao-yanjiangji-052-says-hong-kong-old-generations-valued-law-freedom-prosperity-over-democracy","{""id"":""li-ao-yanjiangji-052-says-hong-kong-old-generations-valued-law-freedom-prosperity-over-democracy"",""date"":""2014-07-16"",""displayDate"":""2014年7月16日"",""datePrecision"":""day"",""title"":""李敖在香港书展说香港老一代接受英国无民主是因为有法律自由和繁荣"",""summary"":""李敖谈香港身份时说，老一代香港人在英国统治下没有民主，却有法律、自由和繁荣；他批评后来的香港人欢迎长毛却不欢迎李敖。"",""view"":[""演讲线"",""公共事件线""],""tags"":[""李敖演讲集"",""演讲"",""香港书展"",""国民党员毛泽东"",""父子对谈"",""香港身份"",""法律"",""自由"",""繁荣"",""长毛""],""people"":[""李敖"",""梁国雄""],""places"":[""香港""],""works"":[""李敖演讲集"",""052.20140716李敖香港书展演讲""],""certainty"":""confirmed"",""source"":{""book"":""李敖演讲集"",""chapter"":""052.20140716李敖香港书展演讲"",""path"":""《大李敖全集5.0》（wjm_tcy版）分章节/010.节目演讲类/011.李敖演讲集/052.20140716李敖香港书展演讲.txt"",""line"":87,""lines"":[87]},""crossReferences"":[""li-ao-yanjiangji-050-calls-hong-kong-relatively-happiest-and-fulcrum-for-chinese-intellectuals""],""dataFile"":""data/timeline-events-li-ao-yanjiangji.json""}"
"27179","2014","2014-07-16","2014年7月16日","day","confirmed","李敖在香港书展重提一九八三年香港方案并说香港后来走向台北式道路","李敖说他三十一年前在《百姓》杂志写过香港前途方案，主张保留英国议会制度并示范广东、中国；但香港后来没有走这条路，而是越来越像台北。","李敖","香港","李敖演讲集、演讲、香港书展、国民党员毛泽东、父子对谈、香港前途、百姓杂志、一九八三、台湾化","演讲线、公共事件线","李敖演讲集、052.20140716李敖香港书展演讲、百姓杂志","woshi-tiananmen-1983-09-12-hong-kong-chance-for-china、li-ao-yanjiangji-050-revisits-1983-hong-kong-chance-and-says-hong-kong-democracy-failed-toward-taipei-style","李敖演讲集","052.20140716李敖香港书展演讲","109","《大李敖全集5.0》（wjm_tcy版）分章节/010.节目演讲类/011.李敖演讲集/052.20140716李敖香港书展演讲.txt","","[]","data/timeline-events-li-ao-yanjiangji.json","li-ao-yanjiangji-052-revisits-1983-hong-kong-plan-and-says-hong-kong-turned-toward-taipei","{""id"":""li-ao-yanjiangji-052-revisits-1983-hong-kong-plan-and-says-hong-kong-turned-toward-taipei"",""date"":""2014-07-16"",""displayDate"":""2014年7月16日"",""datePrecision"":""day"",""title"":""李敖在香港书展重提一九八三年香港方案并说香港后来走向台北式道路"",""summary"":""李敖说他三十一年前在《百姓》杂志写过香港前途方案，主张保留英国议会制度并示范广东、中国；但香港后来没有走这条路，而是越来越像台北。"",""view"":[""演讲线"",""公共事件线""],""tags"":[""李敖演讲集"",""演讲"",""香港书展"",""国民党员毛泽东"",""父子对谈"",""香港前途"",""百姓杂志"",""一九八三"",""台湾化""],""people"":[""李敖""],""places"":[""香港""],""works"":[""李敖演讲集"",""052.20140716李敖香港书展演讲"",""百姓杂志""],""certainty"":""confirmed"",""source"":{""book"":""李敖演讲集"",""chapter"":""052.20140716李敖香港书展演讲"",""path"":""《大李敖全集5.0》（wjm_tcy版）分章节/010.节目演讲类/011.李敖演讲集/052.20140716李敖香港书展演讲.txt"",""line"":109,""lines"":[109]},""crossReferences"":[""woshi-tiananmen-1983-09-12-hong-kong-chance-for-china"",""li-ao-yanjiangji-050-revisits-1983-hong-kong-chance-and-says-hong-kong-democracy-failed-toward-taipei-style""],""dataFile"":""data/timeline-events-li-ao-yanjiangji.json""}"
"27180","2014","2014-07-16","2014年7月16日","day","confirmed","李敖在香港书展借李戡开封考察谈刘少奇化名死去","李敖说李戡到开封看过刘少奇被关押和死亡的地方，刘少奇以刘卫黄的名字死去，这也显示共产党能牺牲自己、别人和香港人。","李敖、李戡、刘少奇","香港","李敖演讲集、演讲、香港书展、国民党员毛泽东、父子对谈、刘少奇、开封、李戡、共产党牺牲","演讲线、公共事件线","李敖演讲集、052.20140716李敖香港书展演讲","","李敖演讲集","052.20140716李敖香港书展演讲","65","《大李敖全集5.0》（wjm_tcy版）分章节/010.节目演讲类/011.李敖演讲集/052.20140716李敖香港书展演讲.txt","","[]","data/timeline-events-li-ao-yanjiangji.json","li-ao-yanjiangji-052-visits-liu-shaoqi-death-place-through-li-kan-kaifeng-trip","{""id"":""li-ao-yanjiangji-052-visits-liu-shaoqi-death-place-through-li-kan-kaifeng-trip"",""date"":""2014-07-16"",""displayDate"":""2014年7月16日"",""datePrecision"":""day"",""title"":""李敖在香港书展借李戡开封考察谈刘少奇化名死去"",""summary"":""李敖说李戡到开封看过刘少奇被关押和死亡的地方，刘少奇以刘卫黄的名字死去，这也显示共产党能牺牲自己、别人和香港人。"",""view"":[""演讲线"",""公共事件线""],""tags"":[""李敖演讲集"",""演讲"",""香港书展"",""国民党员毛泽东"",""父子对谈"",""刘少奇"",""开封"",""李戡"",""共产党牺牲""],""people"":[""李敖"",""李戡"",""刘少奇""],""places"":[""香港""],""works"":[""李敖演讲集"",""052.20140716李敖香港书展演讲""],""certainty"":""confirmed"",""source"":{""book"":""李敖演讲集"",""chapter"":""052.20140716李敖香港书展演讲"",""path"":""《大李敖全集5.0》（wjm_tcy版）分章节/010.节目演讲类/011.李敖演讲集/052.20140716李敖香港书展演讲.txt"",""line"":65,""lines"":[65]},""crossReferences"":[],""dataFile"":""data/timeline-events-li-ao-yanjiangji.json""}"
"27181","2014","2014-07-16","2014年7月16日","day","confirmed","李敖在香港书展解释自己在立法院用瓦斯枪是为破坏烂制度","李敖说他在台湾立法院使用瓦斯枪，是依照列宁式逻辑去破坏一个烂制度，并曾把二百二十四名立法委员列为被告。","李敖、列宁","香港","李敖演讲集、演讲、香港书展、国民党员毛泽东、父子对谈、立法院、瓦斯枪、列宁、制度破坏、诉讼","演讲线、公共事件线","李敖演讲集、052.20140716李敖香港书展演讲","li-ao-yanjiangji-048-defends-legislative-tear-gas-and-addresses-pku-counseling-backlash","李敖演讲集","052.20140716李敖香港书展演讲","111","《大李敖全集5.0》（wjm_tcy版）分章节/010.节目演讲类/011.李敖演讲集/052.20140716李敖香港书展演讲.txt","","[]","data/timeline-events-li-ao-yanjiangji.json","li-ao-yanjiangji-052-defends-legislative-gas-gun-as-destroying-rotten-system","{""id"":""li-ao-yanjiangji-052-defends-legislative-gas-gun-as-destroying-rotten-system"",""date"":""2014-07-16"",""displayDate"":""2014年7月16日"",""datePrecision"":""day"",""title"":""李敖在香港书展解释自己在立法院用瓦斯枪是为破坏烂制度"",""summary"":""李敖说他在台湾立法院使用瓦斯枪，是依照列宁式逻辑去破坏一个烂制度，并曾把二百二十四名立法委员列为被告。"",""view"":[""演讲线"",""公共事件线""],""tags"":[""李敖演讲集"",""演讲"",""香港书展"",""国民党员毛泽东"",""父子对谈"",""立法院"",""瓦斯枪"",""列宁"",""制度破坏"",""诉讼""],""people"":[""李敖"",""列宁""],""places"":[""香港""],""works"":[""李敖演讲集"",""052.20140716李敖香港书展演讲""],""certainty"":""confirmed"",""source"":{""book"":""李敖演讲集"",""chapter"":""052.20140716李敖香港书展演讲"",""path"":""《大李敖全集5.0》（wjm_tcy版）分章节/010.节目演讲类/011.李敖演讲集/052.20140716李敖香港书展演讲.txt"",""line"":111,""lines"":[111]},""crossReferences"":[""li-ao-yanjiangji-048-defends-legislative-tear-gas-and-addresses-pku-counseling-backlash""],""dataFile"":""data/timeline-events-li-ao-yanjiangji.json""}"
"27182","2014","2014-07-16","2014年7月16日星期三","day","confirmed","与李戡在香港书展演讲","《李敖五十年表》记，2014年7月16日，李敖和李戡在香港书展演讲。与2011年香港书展节点相比，这条补出了其晚年公共活动中父子同场的一次传播场景。","李敖、李戡","香港书展、香港","香港书展、李戡、父子同台、演讲","演讲线、家庭线、海外线","李敖相关","sui-qianwan-2014-07-04-decides-to-attend-li-kan-book-event-at-hong-kong-book-fair","李敖相关","001.李敖五十年表","185","《大李敖全集5.0》（wjm_tcy版）分章节/001.自传回忆类/008.李敖相关/001.李敖五十年表.txt","虽千万人，李敖往矣 / 025.2014年7月 / line 25 / 说明：会前说明李戡新书在香港书展上市，李敖决定应《亚洲周刊》江迅之邀参加发表会。 / 《大李敖全集5.0》（wjm_tcy版）分章节/005.诗集语录类/005.虽千万人，李敖往矣/025.2014年7月.txt || 虽千万人，李敖往矣 / 025.2014年7月 / line 139 / 说明：会后在港第三天到红毛坟场看杨衢云墓，补足香港行程侧面。 / 《大李敖全集5.0》（wjm_tcy版）分章节/005.诗集语录类/005.虽千万人，李敖往矣/025.2014年7月.txt || 李敖访谈录1990-2018 / 069.20140728《澎湃新闻网》李敖、李戡专题 / line 5 / 说明：《澎湃新闻网》专题补充李戡7月16日出席香港书展活动并推出第二本新书，旁及李敖父子同场的背景。 / 《大李敖全集5.0》（wjm_tcy版）分章节/007.采访序跋类/005.李敖访谈录1990-2018/069.20140728《澎湃新闻网》李敖、李戡专题.txt","[{""book"":""虽千万人，李敖往矣"",""chapter"":""025.2014年7月"",""path"":""《大李敖全集5.0》（wjm_tcy版）分章节/005.诗集语录类/005.虽千万人，李敖往矣/025.2014年7月.txt"",""line"":25,""note"":""会前说明李戡新书在香港书展上市，李敖决定应《亚洲周刊》江迅之邀参加发表会。""},{""book"":""虽千万人，李敖往矣"",""chapter"":""025.2014年7月"",""path"":""《大李敖全集5.0》（wjm_tcy版）分章节/005.诗集语录类/005.虽千万人，李敖往矣/025.2014年7月.txt"",""line"":139,""note"":""会后在港第三天到红毛坟场看杨衢云墓，补足香港行程侧面。""},{""book"":""李敖访谈录1990-2018"",""chapter"":""069.20140728《澎湃新闻网》李敖、李戡专题"",""path"":""《大李敖全集5.0》（wjm_tcy版）分章节/007.采访序跋类/005.李敖访谈录1990-2018/069.20140728《澎湃新闻网》李敖、李戡专题.txt"",""line"":5,""lines"":[5,7,11,13],""note"":""《澎湃新闻网》专题补充李戡7月16日出席香港书展活动并推出第二本新书，旁及李敖父子同场的背景。""}]","data/timeline-events-eighth-book.json","book8-2014-07-16-speaks-with-li-kan-at-hong-kong-book-fair","{""id"":""book8-2014-07-16-speaks-with-li-kan-at-hong-kong-book-fair"",""date"":""2014-07-16"",""displayDate"":""2014年7月16日星期三"",""datePrecision"":""day"",""title"":""与李戡在香港书展演讲"",""summary"":""《李敖五十年表》记，2014年7月16日，李敖和李戡在香港书展演讲。与2011年香港书展节点相比，这条补出了其晚年公共活动中父子同场的一次传播场景。"",""view"":[""演讲线"",""家庭线"",""海外线""],""tags"":[""香港书展"",""李戡"",""父子同台"",""演讲""],""people"":[""李敖"",""李戡""],""places"":[""香港书展"",""香港""],""works"":[""李敖相关""],""certainty"":""confirmed"",""source"":{""book"":""李敖相关"",""chapter"":""001.李敖五十年表"",""path"":""《大李敖全集5.0》（wjm_tcy版）分章节/001.自传回忆类/008.李敖相关/001.李敖五十年表.txt"",""line"":185},""additionalSources"":[{""book"":""虽千万人，李敖往矣"",""chapter"":""025.2014年7月"",""path"":""《大李敖全集5.0》（wjm_tcy版）分章节/005.诗集语录类/005.虽千万人，李敖往矣/025.2014年7月.txt"",""line"":25,""note"":""会前说明李戡新书在香港书展上市，李敖决定应《亚洲周刊》江迅之邀参加发表会。""},{""book"":""虽千万人，李敖往矣"",""chapter"":""025.2014年7月"",""path"":""《大李敖全集5.0》（wjm_tcy版）分章节/005.诗集语录类/005.虽千万人，李敖往矣/025.2014年7月.txt"",""line"":139,""note"":""会后在港第三天到红毛坟场看杨衢云墓，补足香港行程侧面。""},{""book"":""李敖访谈录1990-2018"",""chapter"":""069.20140728《澎湃新闻网》李敖、李戡专题"",""path"":""《大李敖全集5.0》（wjm_tcy版）分章节/007.采访序跋类/005.李敖访谈录1990-2018/069.20140728《澎湃新闻网》李敖、李戡专题.txt"",""line"":5,""lines"":[5,7,11,13],""note"":""《澎湃新闻网》专题补充李戡7月16日出席香港书展活动并推出第二本新书，旁及李敖父子同场的背景。""}],""crossReferences"":[""sui-qianwan-2014-07-04-decides-to-attend-li-kan-book-event-at-hong-kong-book-fair""],""dataFile"":""data/timeline-events-eighth-book.json""}"
"27183","2014","2014-07-23","2014年7月23日星期三","day","confirmed","李敖在香港第三天到红毛坟场看杨衢云墓","《2014年7月》写，李敖在香港第三天，行程只安排了一件事：去红毛坟场看一座无名坟。他指出墓中人是兴中会真正会长杨衢云，其存在证明孙中山创建檀香山兴中会的说法有问题。","李敖、杨衢云、孙中山","香港、红毛坟场","虽千万人，李敖往矣、香港、红毛坟场、杨衢云、兴中会、孙中山","行旅线、香港线、史料线","虽千万人，李敖往矣","book8-2014-07-16-speaks-with-li-kan-at-hong-kong-book-fair","虽千万人，李敖往矣","025.2014年7月","139","《大李敖全集5.0》（wjm_tcy版）分章节/005.诗集语录类/005.虽千万人，李敖往矣/025.2014年7月.txt","","[]","data/timeline-events-sui-qianwan-li-ao-wangyi.json","sui-qianwan-2014-07-23-visits-yang-quyun-grave-in-hong-kong","{""id"":""sui-qianwan-2014-07-23-visits-yang-quyun-grave-in-hong-kong"",""date"":""2014-07-23"",""displayDate"":""2014年7月23日星期三"",""datePrecision"":""day"",""title"":""李敖在香港第三天到红毛坟场看杨衢云墓"",""summary"":""《2014年7月》写，李敖在香港第三天，行程只安排了一件事：去红毛坟场看一座无名坟。他指出墓中人是兴中会真正会长杨衢云，其存在证明孙中山创建檀香山兴中会的说法有问题。"",""view"":[""行旅线"",""香港线"",""史料线""],""tags"":[""虽千万人，李敖往矣"",""香港"",""红毛坟场"",""杨衢云"",""兴中会"",""孙中山""],""people"":[""李敖"",""杨衢云"",""孙中山""],""places"":[""香港"",""红毛坟场""],""works"":[""虽千万人，李敖往矣""],""certainty"":""confirmed"",""source"":{""book"":""虽千万人，李敖往矣"",""chapter"":""025.2014年7月"",""path"":""《大李敖全集5.0》（wjm_tcy版）分章节/005.诗集语录类/005.虽千万人，李敖往矣/025.2014年7月.txt"",""line"":139},""crossReferences"":[""book8-2014-07-16-speaks-with-li-kan-at-hong-kong-book-fair""],""dataFile"":""data/timeline-events-sui-qianwan-li-ao-wangyi.json""}"
"27184","2014","2014-08-11","2014年8月11日星期一","day","confirmed","“中国好文辞”拟请李敖当裁判后被广电单位封杀","《2014年8月》写，广东某杂志联合四川某电视台计划办“中国好文辞”节目，请李敖当裁判；方案报上去后，广电单位立刻封杀。","李敖、陶晶莹","广东、四川、大陆","虽千万人，李敖往矣、中国好文辞、裁判、广电单位、封杀、电视节目","媒体线、电视线、审查线","虽千万人，李敖往矣、中国好文辞","","虽千万人，李敖往矣","026.2014年8月","67","《大李敖全集5.0》（wjm_tcy版）分章节/005.诗集语录类/005.虽千万人，李敖往矣/026.2014年8月.txt","","[]","data/timeline-events-sui-qianwan-li-ao-wangyi.json","sui-qianwan-2014-08-11-china-good-prose-show-invites-li-ao-as-judge-and-is-blocked","{""id"":""sui-qianwan-2014-08-11-china-good-prose-show-invites-li-ao-as-judge-and-is-blocked"",""date"":""2014-08-11"",""displayDate"":""2014年8月11日星期一"",""datePrecision"":""day"",""title"":""“中国好文辞”拟请李敖当裁判后被广电单位封杀"",""summary"":""《2014年8月》写，广东某杂志联合四川某电视台计划办“中国好文辞”节目，请李敖当裁判；方案报上去后，广电单位立刻封杀。"",""view"":[""媒体线"",""电视线"",""审查线""],""tags"":[""虽千万人，李敖往矣"",""中国好文辞"",""裁判"",""广电单位"",""封杀"",""电视节目""],""people"":[""李敖"",""陶晶莹""],""places"":[""广东"",""四川"",""大陆""],""works"":[""虽千万人，李敖往矣"",""中国好文辞""],""certainty"":""confirmed"",""source"":{""book"":""虽千万人，李敖往矣"",""chapter"":""026.2014年8月"",""path"":""《大李敖全集5.0》（wjm_tcy版）分章节/005.诗集语录类/005.虽千万人，李敖往矣/026.2014年8月.txt"",""line"":67},""dataFile"":""data/timeline-events-sui-qianwan-li-ao-wangyi.json""}"
"27185","2014","2014-08-19","2014年8月19日星期二","day","confirmed","李敖陪李戡到中央研究院并找回三本有自己墨迹的旧书","《2014年8月》写，李敖年轻时从北京到上海搜集的一些书，后来为念完大学卖进中央研究院；8月19日前一天，他陪李戡去研究院，在书库里凭记忆找到三本，上面还有自己的墨迹。","李敖、李戡","中央研究院、台湾","虽千万人，李敖往矣、李戡、中央研究院、旧书、墨迹、藏书","藏书线、家庭线、日常线","虽千万人，李敖往矣","","虽千万人，李敖往矣","026.2014年8月","115","《大李敖全集5.0》（wjm_tcy版）分章节/005.诗集语录类/005.虽千万人，李敖往矣/026.2014年8月.txt","","[]","data/timeline-events-sui-qianwan-li-ao-wangyi.json","sui-qianwan-2014-08-19-accompanies-li-kan-to-academia-sinica-and-finds-old-books","{""id"":""sui-qianwan-2014-08-19-accompanies-li-kan-to-academia-sinica-and-finds-old-books"",""date"":""2014-08-19"",""displayDate"":""2014年8月19日星期二"",""datePrecision"":""day"",""title"":""李敖陪李戡到中央研究院并找回三本有自己墨迹的旧书"",""summary"":""《2014年8月》写，李敖年轻时从北京到上海搜集的一些书，后来为念完大学卖进中央研究院；8月19日前一天，他陪李戡去研究院，在书库里凭记忆找到三本，上面还有自己的墨迹。"",""view"":[""藏书线"",""家庭线"",""日常线""],""tags"":[""虽千万人，李敖往矣"",""李戡"",""中央研究院"",""旧书"",""墨迹"",""藏书""],""people"":[""李敖"",""李戡""],""places"":[""中央研究院"",""台湾""],""works"":[""虽千万人，李敖往矣""],""certainty"":""confirmed"",""source"":{""book"":""虽千万人，李敖往矣"",""chapter"":""026.2014年8月"",""path"":""《大李敖全集5.0》（wjm_tcy版）分章节/005.诗集语录类/005.虽千万人，李敖往矣/026.2014年8月.txt"",""line"":115},""dataFile"":""data/timeline-events-sui-qianwan-li-ao-wangyi.json""}"
"27186","2014","2014-08-23","2014年8月23日星期六","day","confirmed","李敖到秀传医院看望渐冻症中的吴彰炯","《2014年8月》写，国民党军头吴彰炯当年抓李敖到案，三十年后成了渐冻人，仰卧在老旧的秀传医院；李敖写到自己出现在病床前，以友善的脸面对这位旧日抓捕者。","李敖、吴彰炯","秀传医院、台湾","虽千万人，李敖往矣、吴彰炯、秀传医院、渐冻症、探病、旧案","交游线、健康线、政治旧案线","虽千万人，李敖往矣","","虽千万人，李敖往矣","026.2014年8月","139","《大李敖全集5.0》（wjm_tcy版）分章节/005.诗集语录类/005.虽千万人，李敖往矣/026.2014年8月.txt","","[]","data/timeline-events-sui-qianwan-li-ao-wangyi.json","sui-qianwan-2014-08-23-visits-als-stricken-wu-zhangjiong-in-hospital","{""id"":""sui-qianwan-2014-08-23-visits-als-stricken-wu-zhangjiong-in-hospital"",""date"":""2014-08-23"",""displayDate"":""2014年8月23日星期六"",""datePrecision"":""day"",""title"":""李敖到秀传医院看望渐冻症中的吴彰炯"",""summary"":""《2014年8月》写，国民党军头吴彰炯当年抓李敖到案，三十年后成了渐冻人，仰卧在老旧的秀传医院；李敖写到自己出现在病床前，以友善的脸面对这位旧日抓捕者。"",""view"":[""交游线"",""健康线"",""政治旧案线""],""tags"":[""虽千万人，李敖往矣"",""吴彰炯"",""秀传医院"",""渐冻症"",""探病"",""旧案""],""people"":[""李敖"",""吴彰炯""],""places"":[""秀传医院"",""台湾""],""works"":[""虽千万人，李敖往矣""],""certainty"":""confirmed"",""source"":{""book"":""虽千万人，李敖往矣"",""chapter"":""026.2014年8月"",""path"":""《大李敖全集5.0》（wjm_tcy版）分章节/005.诗集语录类/005.虽千万人，李敖往矣/026.2014年8月.txt"",""line"":139},""dataFile"":""data/timeline-events-sui-qianwan-li-ao-wangyi.json""}"
"27187","2014","2014-08-27","2014-08-27","day","","李敖回述小S争议由王伟忠调停成五次《康熙来了》","他说小S踩到他的审美痛点后，王伟忠和寇乃馨居中调停，和解条件变成他上五次《康熙来了》；节目中又补说后来只上过一次，仍欠四次。","李敖、小S、王伟忠、寇乃馨","台湾","李敖政论综艺集、第十八轮、电视节目、第171集、城彩名人堂、小S、王伟忠、寇乃馨、和解条件、康熙来了","public","城彩名人堂、康熙来了","li-ao-zhenglun-zongyiji-122-frames-small-s-lawsuit-as-self-prosecution-and-malicious-innuendo-case、li-ao-zhenglun-zongyiji-124-sets-five-kangxi-five-quanmin-and-black-robe-as-settlement-conditions","","","","","","[]","data/timeline-events-li-ao-zhenglun-zongyiji.json","li-ao-zhenglun-zongyiji-171-settles-small-s-kangxi-dispute-through-five-appearances","{""id"":""li-ao-zhenglun-zongyiji-171-settles-small-s-kangxi-dispute-through-five-appearances"",""date"":""2014-08-27"",""year"":2014,""month"":8,""day"":27,""title"":""李敖回述小S争议由王伟忠调停成五次《康熙来了》"",""summary"":""他说小S踩到他的审美痛点后，王伟忠和寇乃馨居中调停，和解条件变成他上五次《康熙来了》；节目中又补说后来只上过一次，仍欠四次。"",""category"":""media"",""source"":""《大李敖全集5.0》（wjm_tcy版）分章节/010.节目演讲类/012.李敖政论综艺集/171.20140827《城彩名人堂》.txt"",""sourceLines"":[767,821],""lineCount"":1021,""people"":[""李敖"",""小S"",""王伟忠"",""寇乃馨""],""places"":[""台湾""],""works"":[""城彩名人堂"",""康熙来了""],""tags"":[""李敖政论综艺集"",""第十八轮"",""电视节目"",""第171集"",""城彩名人堂"",""小S"",""王伟忠"",""寇乃馨"",""和解条件"",""康熙来了""],""crossReferences"":[""li-ao-zhenglun-zongyiji-122-frames-small-s-lawsuit-as-self-prosecution-and-malicious-innuendo-case"",""li-ao-zhenglun-zongyiji-124-sets-five-kangxi-five-quanmin-and-black-robe-as-settlement-conditions""],""view"":[""public""],""confidence"":""high"",""round"":""li-ao-zhenglun-zongyiji-round018-171-180"",""dataFile"":""data/timeline-events-li-ao-zhenglun-zongyiji.json""}"
"27188","2014","2014-08-27","2014-08-27","day","","李敖把两千集电视经验和首集来宾身份说成节目圈资历","他说自己同电视纠缠已有两千集经验，又回忆吴宗宪节目和《康熙来了》开张时都请他做第一位现场来宾；这次把旧节目履历压缩成电视场域中的资历和行情。","李敖、吴宗宪、蔡康永、小S","台湾","李敖政论综艺集、第十八轮、电视节目、第171集、城彩名人堂、电视资历、首集来宾、康熙来了、吴宗宪","public","城彩名人堂、康熙来了","li-ao-zhenglun-zongyiji-024-becomes-first-guest-of-kangxi、li-ao-zhenglun-zongyiji-167-opens-as-first-guest-with-big-head-certificate-and-sixty-four-years-taiwan-eyes","","","","","","[]","data/timeline-events-li-ao-zhenglun-zongyiji.json","li-ao-zhenglun-zongyiji-171-recasts-two-thousand-tv-episodes-and-first-guest-status-as-show-business-capital","{""id"":""li-ao-zhenglun-zongyiji-171-recasts-two-thousand-tv-episodes-and-first-guest-status-as-show-business-capital"",""date"":""2014-08-27"",""year"":2014,""month"":8,""day"":27,""title"":""李敖把两千集电视经验和首集来宾身份说成节目圈资历"",""summary"":""他说自己同电视纠缠已有两千集经验，又回忆吴宗宪节目和《康熙来了》开张时都请他做第一位现场来宾；这次把旧节目履历压缩成电视场域中的资历和行情。"",""category"":""media"",""source"":""《大李敖全集5.0》（wjm_tcy版）分章节/010.节目演讲类/012.李敖政论综艺集/171.20140827《城彩名人堂》.txt"",""sourceLines"":[263,277],""lineCount"":1021,""people"":[""李敖"",""吴宗宪"",""蔡康永"",""小S""],""places"":[""台湾""],""works"":[""城彩名人堂"",""康熙来了""],""tags"":[""李敖政论综艺集"",""第十八轮"",""电视节目"",""第171集"",""城彩名人堂"",""电视资历"",""首集来宾"",""康熙来了"",""吴宗宪""],""crossReferences"":[""li-ao-zhenglun-zongyiji-024-becomes-first-guest-of-kangxi"",""li-ao-zhenglun-zongyiji-167-opens-as-first-guest-with-big-head-certificate-and-sixty-four-years-taiwan-eyes""],""view"":[""public""],""confidence"":""high"",""round"":""li-ao-zhenglun-zongyiji-round018-171-180"",""dataFile"":""data/timeline-events-li-ao-zhenglun-zongyiji.json""}"
"27189","2014","2014-08-27","2014-08-27","day","","李敖说卖掉阳明山小书房是为了女儿南加大学费","谈到住处时，他说明自己已从阳明山搬回台北，卖掉阳明山房子是为了准备小女儿在南加大读完整个学程的约两千万台币学费；同时把家人豪宅与自己的书房分开说明。","李敖、李谌、侯佩岑","阳明山、台北、美国","李敖政论综艺集、第十八轮、电视节目、第171集、城彩名人堂、阳明山、小书房、南加大、家庭、学费","public","城彩名人堂","li-ao-zhenglun-zongyiji-131-folds-property-li-kan-and-daughter-defense-into-late-family-portrait","","","","","","[]","data/timeline-events-li-ao-zhenglun-zongyiji.json","li-ao-zhenglun-zongyiji-171-sells-yangmingshan-study-house-for-daughters-usc-tuition","{""id"":""li-ao-zhenglun-zongyiji-171-sells-yangmingshan-study-house-for-daughters-usc-tuition"",""date"":""2014-08-27"",""year"":2014,""month"":8,""day"":27,""title"":""李敖说卖掉阳明山小书房是为了女儿南加大学费"",""summary"":""谈到住处时，他说明自己已从阳明山搬回台北，卖掉阳明山房子是为了准备小女儿在南加大读完整个学程的约两千万台币学费；同时把家人豪宅与自己的书房分开说明。"",""category"":""media"",""source"":""《大李敖全集5.0》（wjm_tcy版）分章节/010.节目演讲类/012.李敖政论综艺集/171.20140827《城彩名人堂》.txt"",""sourceLines"":[927,937],""lineCount"":1021,""people"":[""李敖"",""李谌"",""侯佩岑""],""places"":[""阳明山"",""台北"",""美国""],""works"":[""城彩名人堂""],""tags"":[""李敖政论综艺集"",""第十八轮"",""电视节目"",""第171集"",""城彩名人堂"",""阳明山"",""小书房"",""南加大"",""家庭"",""学费""],""crossReferences"":[""li-ao-zhenglun-zongyiji-131-folds-property-li-kan-and-daughter-defense-into-late-family-portrait""],""view"":[""public""],""confidence"":""high"",""round"":""li-ao-zhenglun-zongyiji-round018-171-180"",""dataFile"":""data/timeline-events-li-ao-zhenglun-zongyiji.json""}"
"27190","2014","2014-08-28","2014-08-28","day","","李敖用叶公超冷板凳故事说明自己一生无正式职业","他借梁实秋谈叶公超回不了大学的冷板凳故事，转而说自己在台湾六十五年，正式职业只有三年立法委员；少年时仅替成功中学老师批改作文，每本一块钱。","李敖、叶公超、梁实秋","台湾","李敖政论综艺集、第十八轮、电视节目、第172集、城彩名人堂、冷板凳、职业、梁实秋、叶公超、成功中学","public","城彩名人堂","li-ao-zhenglun-zongyiji-164-frames-wangs-rupture-as-cold-bench-test-using-ye-gongchao-and-liang-shiqiu","","","","","","[]","data/timeline-events-li-ao-zhenglun-zongyiji.json","li-ao-zhenglun-zongyiji-172-uses-ye-gongchao-cold-bench-to-explain-his-own-jobless-life","{""id"":""li-ao-zhenglun-zongyiji-172-uses-ye-gongchao-cold-bench-to-explain-his-own-jobless-life"",""date"":""2014-08-28"",""year"":2014,""month"":8,""day"":28,""title"":""李敖用叶公超冷板凳故事说明自己一生无正式职业"",""summary"":""他借梁实秋谈叶公超回不了大学的冷板凳故事，转而说自己在台湾六十五年，正式职业只有三年立法委员；少年时仅替成功中学老师批改作文，每本一块钱。"",""category"":""media"",""source"":""《大李敖全集5.0》（wjm_tcy版）分章节/010.节目演讲类/012.李敖政论综艺集/172.20140828《城彩名人堂》.txt"",""sourceLines"":[125,139],""lineCount"":809,""people"":[""李敖"",""叶公超"",""梁实秋""],""places"":[""台湾""],""works"":[""城彩名人堂""],""tags"":[""李敖政论综艺集"",""第十八轮"",""电视节目"",""第172集"",""城彩名人堂"",""冷板凳"",""职业"",""梁实秋"",""叶公超"",""成功中学""],""crossReferences"":[""li-ao-zhenglun-zongyiji-164-frames-wangs-rupture-as-cold-bench-test-using-ye-gongchao-and-liang-shiqiu""],""view"":[""public""],""confidence"":""high"",""round"":""li-ao-zhenglun-zongyiji-round018-171-180"",""dataFile"":""data/timeline-events-li-ao-zhenglun-zongyiji.json""}"
"27191","2014","2014-08-28","2014-08-28","day","","李敖再次把《上山·上山·爱》的遗憾落回被捕当夜","谈最难忘的女友时，他说《上山·上山·爱》所写的情爱不是自然变心，而是当晚自己被国民党政府抓走造成分离；出狱后，那个女孩子还到他家为他做饭。","李敖","台湾","李敖政论综艺集、第十八轮、电视节目、第172集、城彩名人堂、上山·上山·爱、情史、被捕、白色恐怖","public","城彩名人堂、上山·上山·爱","li-ao-zhenglun-zongyiji-016-explains-girlfriend-material-as-real-and-imagined-composite、li-ao-zhenglun-zongyiji-131-turns-love-history-into-politics-destroyed-romance-and-shangshan-story","","","","","","[]","data/timeline-events-li-ao-zhenglun-zongyiji.json","li-ao-zhenglun-zongyiji-172-recalls-shangshan-girl-separated-by-arrest-and-returning-after-prison","{""id"":""li-ao-zhenglun-zongyiji-172-recalls-shangshan-girl-separated-by-arrest-and-returning-after-prison"",""date"":""2014-08-28"",""year"":2014,""month"":8,""day"":28,""title"":""李敖再次把《上山·上山·爱》的遗憾落回被捕当夜"",""summary"":""谈最难忘的女友时，他说《上山·上山·爱》所写的情爱不是自然变心，而是当晚自己被国民党政府抓走造成分离；出狱后，那个女孩子还到他家为他做饭。"",""category"":""media"",""source"":""《大李敖全集5.0》（wjm_tcy版）分章节/010.节目演讲类/012.李敖政论综艺集/172.20140828《城彩名人堂》.txt"",""sourceLines"":[743,747],""lineCount"":809,""people"":[""李敖""],""places"":[""台湾""],""works"":[""城彩名人堂"",""上山·上山·爱""],""tags"":[""李敖政论综艺集"",""第十八轮"",""电视节目"",""第172集"",""城彩名人堂"",""上山·上山·爱"",""情史"",""被捕"",""白色恐怖""],""crossReferences"":[""li-ao-zhenglun-zongyiji-016-explains-girlfriend-material-as-real-and-imagined-composite"",""li-ao-zhenglun-zongyiji-131-turns-love-history-into-politics-destroyed-romance-and-shangshan-story""],""view"":[""public""],""confidence"":""high"",""round"":""li-ao-zhenglun-zongyiji-round018-171-180"",""dataFile"":""data/timeline-events-li-ao-zhenglun-zongyiji.json""}"
"27192","2014","2014-08-28","2014-08-28","day","","李敖把书架巷道和坐牢不能洗澡连成晚年身体经验","他说自己的房子两边都是书架，走路像在有保护的巷道中，不易跌倒；真正需要帮忙的是洗澡，因为坐牢时不能洗澡的记忆让他特别痛恨这种处境，也担心浴室滑倒。","李敖","台北","李敖政论综艺集、第十八轮、电视节目、第172集、城彩名人堂、书房、书架、坐牢、洗澡、晚年身体","public","城彩名人堂","li-ao-zhenglun-zongyiji-161-describes-no-dinner-sleep-routine-and-white-terror-nightmares","","","","","","[]","data/timeline-events-li-ao-zhenglun-zongyiji.json","li-ao-zhenglun-zongyiji-172-describes-book-corridor-house-and-prison-born-bathing-fear","{""id"":""li-ao-zhenglun-zongyiji-172-describes-book-corridor-house-and-prison-born-bathing-fear"",""date"":""2014-08-28"",""year"":2014,""month"":8,""day"":28,""title"":""李敖把书架巷道和坐牢不能洗澡连成晚年身体经验"",""summary"":""他说自己的房子两边都是书架，走路像在有保护的巷道中，不易跌倒；真正需要帮忙的是洗澡，因为坐牢时不能洗澡的记忆让他特别痛恨这种处境，也担心浴室滑倒。"",""category"":""media"",""source"":""《大李敖全集5.0》（wjm_tcy版）分章节/010.节目演讲类/012.李敖政论综艺集/172.20140828《城彩名人堂》.txt"",""sourceLines"":[425,433],""lineCount"":809,""people"":[""李敖""],""places"":[""台北""],""works"":[""城彩名人堂""],""tags"":[""李敖政论综艺集"",""第十八轮"",""电视节目"",""第172集"",""城彩名人堂"",""书房"",""书架"",""坐牢"",""洗澡"",""晚年身体""],""crossReferences"":[""li-ao-zhenglun-zongyiji-161-describes-no-dinner-sleep-routine-and-white-terror-nightmares""],""view"":[""public""],""confidence"":""high"",""round"":""li-ao-zhenglun-zongyiji-round018-171-180"",""dataFile"":""data/timeline-events-li-ao-zhenglun-zongyiji.json""}"
"27193","2014","2014-08-28","2014-08-28","day","","李敖把预官时期蒋经国问老兵卫生套故事写成小说题目","他回忆当预备军官时，蒋经国视察部队，问老兵为何不用卫生套，老兵用穿袜子洗脚作答；李敖说自己后来把这段写成带蒋经国和老士官的小说标题。","李敖、蒋经国","台湾","李敖政论综艺集、第十八轮、电视节目、第172集、城彩名人堂、预备军官、蒋经国、老兵、小说题目","public","城彩名人堂、一个预备军官的日记","","","","","","","[]","data/timeline-events-li-ao-zhenglun-zongyiji.json","li-ao-zhenglun-zongyiji-172-turns-chiang-ching-kuo-condom-inspection-into-fiction-title","{""id"":""li-ao-zhenglun-zongyiji-172-turns-chiang-ching-kuo-condom-inspection-into-fiction-title"",""date"":""2014-08-28"",""year"":2014,""month"":8,""day"":28,""title"":""李敖把预官时期蒋经国问老兵卫生套故事写成小说题目"",""summary"":""他回忆当预备军官时，蒋经国视察部队，问老兵为何不用卫生套，老兵用穿袜子洗脚作答；李敖说自己后来把这段写成带蒋经国和老士官的小说标题。"",""category"":""media"",""source"":""《大李敖全集5.0》（wjm_tcy版）分章节/010.节目演讲类/012.李敖政论综艺集/172.20140828《城彩名人堂》.txt"",""sourceLines"":[545,545],""lineCount"":809,""people"":[""李敖"",""蒋经国""],""places"":[""台湾""],""works"":[""城彩名人堂"",""一个预备军官的日记""],""tags"":[""李敖政论综艺集"",""第十八轮"",""电视节目"",""第172集"",""城彩名人堂"",""预备军官"",""蒋经国"",""老兵"",""小说题目""],""crossReferences"":[],""view"":[""public""],""confidence"":""high"",""round"":""li-ao-zhenglun-zongyiji-round018-171-180"",""dataFile"":""data/timeline-events-li-ao-zhenglun-zongyiji.json""}"
"27194","2014","2014-08-28","2014年8月28日","day","confirmed","在金兰大厦书房接受《南方周末》访问，谈《我知道》和抢救中文","《南方周末》访问时，李敖坐在台北敦南大道金兰大厦两百多平米书房里，向记者建议把填字节目《我知道》改名为《你知道我知道》，并把这个节目想成让有趣中文起死回生的机会。他每天一早坐进书房，自己擦地、整理书和资料，常在书房待14小时；访谈中他从《康熙字典》、鲁迅翻译、欧阳修炼字、王安石“绿”字、简体字和电脑词库一路谈到《最美句典》，说若能由全中国人一起造句、再由他讲评，是抢救中文的最后机会。这个“计划”发生在金兰大厦书房访问现场，地点和语境明确。","李敖、袁蕾、鲁迅、欧阳修、王安石、胡适","台北、敦南大道金兰大厦书房","南方周末、金兰大厦、我知道、你知道我知道、最美句典、中文、句典","访谈线、写作线、文化线、书房线","李敖访谈录1990-2018、我知道、最美句典、李敖中文大句典","li-ao-zawenji-2008-09-06-writes-chinese-sentence-dictionary-plan、li-ao-zawenji-1999-09-01-yanglan-interview-chinese-sentence-dictionary、li-ao-fangtanlu-2012-01-moves-from-yangmingshan-to-jinlan-apartment","李敖访谈录1990-2018","070.20140828《南方周末》专访李敖","7","《大李敖全集5.0》（wjm_tcy版）分章节/007.采访序跋类/005.李敖访谈录1990-2018/070.20140828《南方周末》专访李敖.txt","","[]","data/timeline-events-li-ao-fangtanlu-1990-2018.json","li-ao-fangtanlu-2014-08-28-southern-weekend-jinlan-chinese-interview","{""id"":""li-ao-fangtanlu-2014-08-28-southern-weekend-jinlan-chinese-interview"",""date"":""2014-08-28"",""displayDate"":""2014年8月28日"",""datePrecision"":""day"",""title"":""在金兰大厦书房接受《南方周末》访问，谈《我知道》和抢救中文"",""summary"":""《南方周末》访问时，李敖坐在台北敦南大道金兰大厦两百多平米书房里，向记者建议把填字节目《我知道》改名为《你知道我知道》，并把这个节目想成让有趣中文起死回生的机会。他每天一早坐进书房，自己擦地、整理书和资料，常在书房待14小时；访谈中他从《康熙字典》、鲁迅翻译、欧阳修炼字、王安石“绿”字、简体字和电脑词库一路谈到《最美句典》，说若能由全中国人一起造句、再由他讲评，是抢救中文的最后机会。这个“计划”发生在金兰大厦书房访问现场，地点和语境明确。"",""category"":""interview"",""type"":""李敖当事人事件"",""source"":{""book"":""李敖访谈录1990-2018"",""chapter"":""070.20140828《南方周末》专访李敖"",""path"":""《大李敖全集5.0》（wjm_tcy版）分章节/007.采访序跋类/005.李敖访谈录1990-2018/070.20140828《南方周末》专访李敖.txt"",""line"":7,""lines"":[7,9,11,13,17,21,45,47,55,57,65,67,79,83,95,105,153,155,161,163],""note"":""《南方周末》记录李敖在金兰大厦书房受访，围绕《我知道》、中文趣味、《最美句典》和全民造句计划展开自述。""},""certainty"":""confirmed"",""tags"":[""南方周末"",""金兰大厦"",""我知道"",""你知道我知道"",""最美句典"",""中文"",""句典""],""people"":[""李敖"",""袁蕾"",""鲁迅"",""欧阳修"",""王安石"",""胡适""],""places"":[""台北"",""敦南大道金兰大厦书房""],""works"":[""李敖访谈录1990-2018"",""我知道"",""最美句典"",""李敖中文大句典""],""view"":[""访谈线"",""写作线"",""文化线"",""书房线""],""crossReferences"":[""li-ao-zawenji-2008-09-06-writes-chinese-sentence-dictionary-plan"",""li-ao-zawenji-1999-09-01-yanglan-interview-chinese-sentence-dictionary"",""li-ao-fangtanlu-2012-01-moves-from-yangmingshan-to-jinlan-apartment""],""dataFile"":""data/timeline-events-li-ao-fangtanlu-1990-2018.json""}"
"27195","2014","2014-09-04","2014年9月4日星期四","day","confirmed","李敖称书被查禁拒售后“我就微博啦”","《2014年9月》写，李敖一生出书破百，被国民党查禁九十六种，共产党接力查禁后已过三位数；除被禁外还有书摊拒售情事。面对查禁、拒售和发行资本垄断，他把出口转到微博。","李敖","台湾、大陆网络平台","虽千万人，李敖往矣、微博、查禁、拒售、观音不男不女、出版","出版线、媒体线、审查线","虽千万人，李敖往矣、哈啰李敖、观音不男不女","sui-qianwan-2011-05-17-starts-hello-li-ao-140-char-web-writing","虽千万人，李敖往矣","027.2014年9月","25","《大李敖全集5.0》（wjm_tcy版）分章节/005.诗集语录类/005.虽千万人，李敖往矣/027.2014年9月.txt","","[]","data/timeline-events-sui-qianwan-li-ao-wangyi.json","sui-qianwan-2014-09-04-says-books-banned-and-refused-so-he-weibos","{""id"":""sui-qianwan-2014-09-04-says-books-banned-and-refused-so-he-weibos"",""date"":""2014-09-04"",""displayDate"":""2014年9月4日星期四"",""datePrecision"":""day"",""title"":""李敖称书被查禁拒售后“我就微博啦”"",""summary"":""《2014年9月》写，李敖一生出书破百，被国民党查禁九十六种，共产党接力查禁后已过三位数；除被禁外还有书摊拒售情事。面对查禁、拒售和发行资本垄断，他把出口转到微博。"",""view"":[""出版线"",""媒体线"",""审查线""],""tags"":[""虽千万人，李敖往矣"",""微博"",""查禁"",""拒售"",""观音不男不女"",""出版""],""people"":[""李敖""],""places"":[""台湾"",""大陆网络平台""],""works"":[""虽千万人，李敖往矣"",""哈啰李敖"",""观音不男不女""],""certainty"":""confirmed"",""source"":{""book"":""虽千万人，李敖往矣"",""chapter"":""027.2014年9月"",""path"":""《大李敖全集5.0》（wjm_tcy版）分章节/005.诗集语录类/005.虽千万人，李敖往矣/027.2014年9月.txt"",""line"":25},""crossReferences"":[""sui-qianwan-2011-05-17-starts-hello-li-ao-140-char-web-writing""],""dataFile"":""data/timeline-events-sui-qianwan-li-ao-wangyi.json""}"
"27196","2014","2014-09-09","2014年9月9日星期二","day","confirmed","李敖主动疏远刘长乐以免使其处境尴尬","《2014年9月》写，凤凰卫视主席刘长乐本来与李敖越走越近，后来渐行渐远；李敖称自己有“与朝廷争胜”的恶习，任何政府迟早吃不消，为了不使刘长乐处境尴尬，他主动疏远。","李敖、刘长乐","台湾、香港、大陆","虽千万人，李敖往矣、刘长乐、凤凰卫视、主动疏远、两岸","交游线、媒体线、两岸线","虽千万人，李敖往矣、凤凰卫视","","虽千万人，李敖往矣","027.2014年9月","55","《大李敖全集5.0》（wjm_tcy版）分章节/005.诗集语录类/005.虽千万人，李敖往矣/027.2014年9月.txt","","[]","data/timeline-events-sui-qianwan-li-ao-wangyi.json","sui-qianwan-2014-09-09-distances-liu-changle-to-avoid-embarrassing-him","{""id"":""sui-qianwan-2014-09-09-distances-liu-changle-to-avoid-embarrassing-him"",""date"":""2014-09-09"",""displayDate"":""2014年9月9日星期二"",""datePrecision"":""day"",""title"":""李敖主动疏远刘长乐以免使其处境尴尬"",""summary"":""《2014年9月》写，凤凰卫视主席刘长乐本来与李敖越走越近，后来渐行渐远；李敖称自己有“与朝廷争胜”的恶习，任何政府迟早吃不消，为了不使刘长乐处境尴尬，他主动疏远。"",""view"":[""交游线"",""媒体线"",""两岸线""],""tags"":[""虽千万人，李敖往矣"",""刘长乐"",""凤凰卫视"",""主动疏远"",""两岸""],""people"":[""李敖"",""刘长乐""],""places"":[""台湾"",""香港"",""大陆""],""works"":[""虽千万人，李敖往矣"",""凤凰卫视""],""certainty"":""confirmed"",""source"":{""book"":""虽千万人，李敖往矣"",""chapter"":""027.2014年9月"",""path"":""《大李敖全集5.0》（wjm_tcy版）分章节/005.诗集语录类/005.虽千万人，李敖往矣/027.2014年9月.txt"",""line"":55},""dataFile"":""data/timeline-events-sui-qianwan-li-ao-wangyi.json""}"
"27197","2014","2014-09-21","2014年9月21日星期日","day","confirmed","李敖记录书房十三张椅子与孔雀石绿椅面","《2014年9月》写，李敖书房有十三张椅子，其中六张欧洲古典椅，椅面孔雀石绿者最为出色；他又提到书架上掀开苹果绿衣服的裸女图。","李敖","李敖书房、台湾","虽千万人，李敖往矣、书房、椅子、孔雀石绿、欧洲古典、收藏","书房线、日常线、收藏线","虽千万人，李敖往矣","","虽千万人，李敖往矣","027.2014年9月","127","《大李敖全集5.0》（wjm_tcy版）分章节/005.诗集语录类/005.虽千万人，李敖往矣/027.2014年9月.txt","","[]","data/timeline-events-sui-qianwan-li-ao-wangyi.json","sui-qianwan-2014-09-21-describes-study-chairs-and-malachite-green-color","{""id"":""sui-qianwan-2014-09-21-describes-study-chairs-and-malachite-green-color"",""date"":""2014-09-21"",""displayDate"":""2014年9月21日星期日"",""datePrecision"":""day"",""title"":""李敖记录书房十三张椅子与孔雀石绿椅面"",""summary"":""《2014年9月》写，李敖书房有十三张椅子，其中六张欧洲古典椅，椅面孔雀石绿者最为出色；他又提到书架上掀开苹果绿衣服的裸女图。"",""view"":[""书房线"",""日常线"",""收藏线""],""tags"":[""虽千万人，李敖往矣"",""书房"",""椅子"",""孔雀石绿"",""欧洲古典"",""收藏""],""people"":[""李敖""],""places"":[""李敖书房"",""台湾""],""works"":[""虽千万人，李敖往矣""],""certainty"":""confirmed"",""source"":{""book"":""虽千万人，李敖往矣"",""chapter"":""027.2014年9月"",""path"":""《大李敖全集5.0》（wjm_tcy版）分章节/005.诗集语录类/005.虽千万人，李敖往矣/027.2014年9月.txt"",""line"":127},""dataFile"":""data/timeline-events-sui-qianwan-li-ao-wangyi.json""}"
"27198","2014","2014-10-04","2014年10月4日星期六","day","confirmed","李敖把每日半小时微博写作称为自己的四十八分之一","《2014年10月》写，李敖每天半小时把“尾数”化成微博；每天四十八个半小时，读者看到的只是每天四十八分之一的他，其余四十八分之四十七仍在别处。","李敖","台湾、大陆网络平台","虽千万人，李敖往矣、哈啰李敖、微博、半小时、每日写作","媒体线、写作线、晚年线","虽千万人，李敖往矣、哈啰李敖","sui-qianwan-2014-01-14-hello-li-ao-one-year-writing","虽千万人，李敖往矣","028.2014年10月","25","《大李敖全集5.0》（wjm_tcy版）分章节/005.诗集语录类/005.虽千万人，李敖往矣/028.2014年10月.txt","","[]","data/timeline-events-sui-qianwan-li-ao-wangyi.json","sui-qianwan-2014-10-04-defines-daily-weibo-as-one-forty-eighth-of-himself","{""id"":""sui-qianwan-2014-10-04-defines-daily-weibo-as-one-forty-eighth-of-himself"",""date"":""2014-10-04"",""displayDate"":""2014年10月4日星期六"",""datePrecision"":""day"",""title"":""李敖把每日半小时微博写作称为自己的四十八分之一"",""summary"":""《2014年10月》写，李敖每天半小时把“尾数”化成微博；每天四十八个半小时，读者看到的只是每天四十八分之一的他，其余四十八分之四十七仍在别处。"",""view"":[""媒体线"",""写作线"",""晚年线""],""tags"":[""虽千万人，李敖往矣"",""哈啰李敖"",""微博"",""半小时"",""每日写作""],""people"":[""李敖""],""places"":[""台湾"",""大陆网络平台""],""works"":[""虽千万人，李敖往矣"",""哈啰李敖""],""certainty"":""confirmed"",""source"":{""book"":""虽千万人，李敖往矣"",""chapter"":""028.2014年10月"",""path"":""《大李敖全集5.0》（wjm_tcy版）分章节/005.诗集语录类/005.虽千万人，李敖往矣/028.2014年10月.txt"",""line"":25},""crossReferences"":[""sui-qianwan-2014-01-14-hello-li-ao-one-year-writing""],""dataFile"":""data/timeline-events-sui-qianwan-li-ao-wangyi.json""}"
"27199","2014","2014-10-10","2014年10月10日星期五","day","confirmed","李敖写小屯二十年来身兼夫人与“小老婆”","《2014年10月》写，李敖盛赞小屯，称她结婚时开玩笑以“小老婆”自居，二十年下来身兼夫人和“小老婆”，使他深通英文 uxorious 一词。","李敖、小屯","台湾","虽千万人，李敖往矣、小屯、婚姻、二十年、誉妻癖","家庭线、婚姻线、晚年线","虽千万人，李敖往矣","","虽千万人，李敖往矣","028.2014年10月","61","《大李敖全集5.0》（wjm_tcy版）分章节/005.诗集语录类/005.虽千万人，李敖往矣/028.2014年10月.txt","","[]","data/timeline-events-sui-qianwan-li-ao-wangyi.json","sui-qianwan-2014-10-10-praises-xiaotun-as-wife-and-little-wife-after-twenty-years","{""id"":""sui-qianwan-2014-10-10-praises-xiaotun-as-wife-and-little-wife-after-twenty-years"",""date"":""2014-10-10"",""displayDate"":""2014年10月10日星期五"",""datePrecision"":""day"",""title"":""李敖写小屯二十年来身兼夫人与“小老婆”"",""summary"":""《2014年10月》写，李敖盛赞小屯，称她结婚时开玩笑以“小老婆”自居，二十年下来身兼夫人和“小老婆”，使他深通英文 uxorious 一词。"",""view"":[""家庭线"",""婚姻线"",""晚年线""],""tags"":[""虽千万人，李敖往矣"",""小屯"",""婚姻"",""二十年"",""誉妻癖""],""people"":[""李敖"",""小屯""],""places"":[""台湾""],""works"":[""虽千万人，李敖往矣""],""certainty"":""confirmed"",""source"":{""book"":""虽千万人，李敖往矣"",""chapter"":""028.2014年10月"",""path"":""《大李敖全集5.0》（wjm_tcy版）分章节/005.诗集语录类/005.虽千万人，李敖往矣/028.2014年10月.txt"",""line"":61},""dataFile"":""data/timeline-events-sui-qianwan-li-ao-wangyi.json""}"
"27200","2014","2014-10-13","2014-10-13","day","","李敖用高玉树当选台北市长后被蒋介石收编来提醒柯文哲","他重讲高玉树击败周百炼、蒋介石拒绝停电灌票，以及蔡孟坚代表党国系统同高玉树谈判的故事；结论是台北市长当选后的抱负和能否抵住体制收编，比选前互咬更重要。","李敖、高玉树、周百炼、蒋介石、蔡孟坚、柯文哲","台北、台湾、香港","李敖政论综艺集、第十八轮、电视节目、第173集、正晶限時批、台北市长、高玉树、蒋介石、收编、柯文哲","public","正晶限時批","li-ao-zhenglun-zongyiji-170-judges-taipei-mayor-race-by-capital-as-leverage-against-central-government","","","","","","[]","data/timeline-events-li-ao-zhenglun-zongyiji.json","li-ao-zhenglun-zongyiji-173-uses-kao-yu-shu-election-to-warn-taipei-mayor-can-be-coopted","{""id"":""li-ao-zhenglun-zongyiji-173-uses-kao-yu-shu-election-to-warn-taipei-mayor-can-be-coopted"",""date"":""2014-10-13"",""year"":2014,""month"":10,""day"":13,""title"":""李敖用高玉树当选台北市长后被蒋介石收编来提醒柯文哲"",""summary"":""他重讲高玉树击败周百炼、蒋介石拒绝停电灌票，以及蔡孟坚代表党国系统同高玉树谈判的故事；结论是台北市长当选后的抱负和能否抵住体制收编，比选前互咬更重要。"",""category"":""media"",""source"":""《大李敖全集5.0》（wjm_tcy版）分章节/010.节目演讲类/012.李敖政论综艺集/173.20141013《正晶限時批》.txt"",""sourceLines"":[27,35],""lineCount"":531,""people"":[""李敖"",""高玉树"",""周百炼"",""蒋介石"",""蔡孟坚"",""柯文哲""],""places"":[""台北"",""台湾"",""香港""],""works"":[""正晶限時批""],""tags"":[""李敖政论综艺集"",""第十八轮"",""电视节目"",""第173集"",""正晶限時批"",""台北市长"",""高玉树"",""蒋介石"",""收编"",""柯文哲""],""crossReferences"":[""li-ao-zhenglun-zongyiji-170-judges-taipei-mayor-race-by-capital-as-leverage-against-central-government""],""view"":[""public""],""confidence"":""high"",""round"":""li-ao-zhenglun-zongyiji-round018-171-180"",""dataFile"":""data/timeline-events-li-ao-zhenglun-zongyiji.json""}"
"27201","2014","2014-10-13","2014-10-13","day","","李敖把台湾选举称为没有牺牲传统的骗子集团政治","他从王世坚、周恩来和毛泽东一家牺牲谈到台湾政坛，认为民进党与台独人物没有真正付出抛头颅洒热血的代价；台湾政权来得太便宜，所以选举特色是一群骗子。","李敖、王世坚、周恩来、毛泽东、郑评、沈富雄、西哈努克","台湾、柬埔寨","李敖政论综艺集、第十八轮、电视节目、第173集、正晶限時批、台湾选举、民进党、台独、牺牲、骗子集团","public","正晶限時批","li-ao-zhenglun-zongyiji-169-calls-sunflower-twenty-four-days-of-communism-against-service-trade-capitalism","","","","","","[]","data/timeline-events-li-ao-zhenglun-zongyiji.json","li-ao-zhenglun-zongyiji-173-calls-taiwan-election-a-cheater-group-without-sacrifice","{""id"":""li-ao-zhenglun-zongyiji-173-calls-taiwan-election-a-cheater-group-without-sacrifice"",""date"":""2014-10-13"",""year"":2014,""month"":10,""day"":13,""title"":""李敖把台湾选举称为没有牺牲传统的骗子集团政治"",""summary"":""他从王世坚、周恩来和毛泽东一家牺牲谈到台湾政坛，认为民进党与台独人物没有真正付出抛头颅洒热血的代价；台湾政权来得太便宜，所以选举特色是一群骗子。"",""category"":""media"",""source"":""《大李敖全集5.0》（wjm_tcy版）分章节/010.节目演讲类/012.李敖政论综艺集/173.20141013《正晶限時批》.txt"",""sourceLines"":[139,139],""lineCount"":531,""people"":[""李敖"",""王世坚"",""周恩来"",""毛泽东"",""郑评"",""沈富雄"",""西哈努克""],""places"":[""台湾"",""柬埔寨""],""works"":[""正晶限時批""],""tags"":[""李敖政论综艺集"",""第十八轮"",""电视节目"",""第173集"",""正晶限時批"",""台湾选举"",""民进党"",""台独"",""牺牲"",""骗子集团""],""crossReferences"":[""li-ao-zhenglun-zongyiji-169-calls-sunflower-twenty-four-days-of-communism-against-service-trade-capitalism""],""view"":[""public""],""confidence"":""high"",""round"":""li-ao-zhenglun-zongyiji-round018-171-180"",""dataFile"":""data/timeline-events-li-ao-zhenglun-zongyiji.json""}"
"27202","2014","2014-10-13","2014-10-13","day","","李敖带国安局信件重述台综院与罗太太两笔追款","谈李登辉影响力时，他从南非与曼德拉款项讲到台综院买房资金，又说自己在立法院追罗太太领国安局薪水问题；节目中强调手上有国安局写给李敖委员的回信，钱已追回。","李敖、李登辉、曼德拉、罗太太、陈水扁","南非、台湾","李敖政论综艺集、第十八轮、电视节目、第173集、正晶限時批、李登辉、台综院、国安局、罗太太、立法院","public","正晶限時批","li-ao-zhenglun-zongyiji-134-claims-legislative-record-on-taiwan-institute-fubon-and-ma","","","","","","[]","data/timeline-events-li-ao-zhenglun-zongyiji.json","li-ao-zhenglun-zongyiji-173-shows-national-security-letters-on-lee-tenghui-taizongyuan-and-luo-money","{""id"":""li-ao-zhenglun-zongyiji-173-shows-national-security-letters-on-lee-tenghui-taizongyuan-and-luo-money"",""date"":""2014-10-13"",""year"":2014,""month"":10,""day"":13,""title"":""李敖带国安局信件重述台综院与罗太太两笔追款"",""summary"":""谈李登辉影响力时，他从南非与曼德拉款项讲到台综院买房资金，又说自己在立法院追罗太太领国安局薪水问题；节目中强调手上有国安局写给李敖委员的回信，钱已追回。"",""category"":""media"",""source"":""《大李敖全集5.0》（wjm_tcy版）分章节/010.节目演讲类/012.李敖政论综艺集/173.20141013《正晶限時批》.txt"",""sourceLines"":[73,77],""lineCount"":531,""people"":[""李敖"",""李登辉"",""曼德拉"",""罗太太"",""陈水扁""],""places"":[""南非"",""台湾""],""works"":[""正晶限時批""],""tags"":[""李敖政论综艺集"",""第十八轮"",""电视节目"",""第173集"",""正晶限時批"",""李登辉"",""台综院"",""国安局"",""罗太太"",""立法院""],""crossReferences"":[""li-ao-zhenglun-zongyiji-134-claims-legislative-record-on-taiwan-institute-fubon-and-ma""],""view"":[""public""],""confidence"":""high"",""round"":""li-ao-zhenglun-zongyiji-round018-171-180"",""dataFile"":""data/timeline-events-li-ao-zhenglun-zongyiji.json""}"
"27203","2014","2014-10-13","2014-10-13","day","","李敖说宋楚瑜错过接国民党中央党部与亲民党母鸡机会","他回忆宋楚瑜从新闻局敌人转为能跑三百零九乡镇的民间人物，却在连宋败选后没有接下国民党中央党部，亲民党也从四十六席立委降到三席；李敖据此批评宋没有继续做母鸡带小鸡。","李敖、宋楚瑜、连战、陈水扁、张光锦、马英九","台湾","李敖政论综艺集、第十八轮、电视节目、第173集、正晶限時批、宋楚瑜、亲民党、国民党中央党部、母鸡带小鸡、立法委员","public","正晶限時批","li-ao-zhenglun-zongyiji-157-calls-pfp-a-whistleblower-party-for-secret-caucus-bargains、li-ao-zhenglun-zongyiji-167-backs-soong-pfp-caucus-as-secret-caucus-disruptor-and-practical-administrator","","","","","","[]","data/timeline-events-li-ao-zhenglun-zongyiji.json","li-ao-zhenglun-zongyiji-173-says-soong-missed-kmt-headquarters-and-pfp-mother-hen-chance","{""id"":""li-ao-zhenglun-zongyiji-173-says-soong-missed-kmt-headquarters-and-pfp-mother-hen-chance"",""date"":""2014-10-13"",""year"":2014,""month"":10,""day"":13,""title"":""李敖说宋楚瑜错过接国民党中央党部与亲民党母鸡机会"",""summary"":""他回忆宋楚瑜从新闻局敌人转为能跑三百零九乡镇的民间人物，却在连宋败选后没有接下国民党中央党部，亲民党也从四十六席立委降到三席；李敖据此批评宋没有继续做母鸡带小鸡。"",""category"":""media"",""source"":""《大李敖全集5.0》（wjm_tcy版）分章节/010.节目演讲类/012.李敖政论综艺集/173.20141013《正晶限時批》.txt"",""sourceLines"":[97,117],""lineCount"":531,""people"":[""李敖"",""宋楚瑜"",""连战"",""陈水扁"",""张光锦"",""马英九""],""places"":[""台湾""],""works"":[""正晶限時批""],""tags"":[""李敖政论综艺集"",""第十八轮"",""电视节目"",""第173集"",""正晶限時批"",""宋楚瑜"",""亲民党"",""国民党中央党部"",""母鸡带小鸡"",""立法委员""],""crossReferences"":[""li-ao-zhenglun-zongyiji-157-calls-pfp-a-whistleblower-party-for-secret-caucus-bargains"",""li-ao-zhenglun-zongyiji-167-backs-soong-pfp-caucus-as-secret-caucus-disruptor-and-practical-administrator""],""view"":[""public""],""confidence"":""high"",""round"":""li-ao-zhenglun-zongyiji-round018-171-180"",""dataFile"":""data/timeline-events-li-ao-zhenglun-zongyiji.json""}"
"27204","2014","2014-10-13","2014-10-13","day","","李敖说姚立明等新党秘密两中国原稿辗转卖到他手里","评价姚立明时，他提到姚、郝龙斌、费鸿泰等人当年有一份严格讲是两个中国的秘密宣言，影印后原稿没有取出，后来有人辗转卖给李敖，因此原签名件在他手上。","李敖、姚立明、郝龙斌、费鸿泰","台湾","李敖政论综艺集、第十八轮、电视节目、第173集、正晶限時批、姚立明、郝龙斌、新党、两个中国、原稿","public","正晶限時批","","","","","","","[]","data/timeline-events-li-ao-zhenglun-zongyiji.json","li-ao-zhenglun-zongyiji-173-says-yao-liming-secret-two-china-original-was-sold-to-him","{""id"":""li-ao-zhenglun-zongyiji-173-says-yao-liming-secret-two-china-original-was-sold-to-him"",""date"":""2014-10-13"",""year"":2014,""month"":10,""day"":13,""title"":""李敖说姚立明等新党秘密两中国原稿辗转卖到他手里"",""summary"":""评价姚立明时，他提到姚、郝龙斌、费鸿泰等人当年有一份严格讲是两个中国的秘密宣言，影印后原稿没有取出，后来有人辗转卖给李敖，因此原签名件在他手上。"",""category"":""media"",""source"":""《大李敖全集5.0》（wjm_tcy版）分章节/010.节目演讲类/012.李敖政论综艺集/173.20141013《正晶限時批》.txt"",""sourceLines"":[129,133],""lineCount"":531,""people"":[""李敖"",""姚立明"",""郝龙斌"",""费鸿泰""],""places"":[""台湾""],""works"":[""正晶限時批""],""tags"":[""李敖政论综艺集"",""第十八轮"",""电视节目"",""第173集"",""正晶限時批"",""姚立明"",""郝龙斌"",""新党"",""两个中国"",""原稿""],""crossReferences"":[],""view"":[""public""],""confidence"":""high"",""round"":""li-ao-zhenglun-zongyiji-round018-171-180"",""dataFile"":""data/timeline-events-li-ao-zhenglun-zongyiji.json""}"
"27205","2014","2014-10-14","2014-10-14","day","","李敖从连横《台湾通史》两种序和鸦片主张重开连家历史账","他批连家把祖父历史说得太好，指出连横《台湾通史》有章太炎序和台湾总督序两套面向，又说林献堂日记可见连横主张卖鸦片；他还批林文月替连家写传时捏造胡适关系。","李敖、连横、章太炎、林献堂、林文月、胡适、连战、连胜文","台湾、日本、北京","李敖政论综艺集、第十八轮、电视节目、第174集、正晶限時批、连横、台湾通史、鸦片、林文月、连家历史","public","正晶限時批、台湾通史、林献堂日记、连雅堂传","","","","","","","[]","data/timeline-events-li-ao-zhenglun-zongyiji.json","li-ao-zhenglun-zongyiji-174-reopens-lien-heng-opium-and-lin-wenyue-family-history","{""id"":""li-ao-zhenglun-zongyiji-174-reopens-lien-heng-opium-and-lin-wenyue-family-history"",""date"":""2014-10-14"",""year"":2014,""month"":10,""day"":14,""title"":""李敖从连横《台湾通史》两种序和鸦片主张重开连家历史账"",""summary"":""他批连家把祖父历史说得太好，指出连横《台湾通史》有章太炎序和台湾总督序两套面向，又说林献堂日记可见连横主张卖鸦片；他还批林文月替连家写传时捏造胡适关系。"",""category"":""media"",""source"":""《大李敖全集5.0》（wjm_tcy版）分章节/010.节目演讲类/012.李敖政论综艺集/174.20141014《正晶限時批》.txt"",""sourceLines"":[79,83],""lineCount"":503,""people"":[""李敖"",""连横"",""章太炎"",""林献堂"",""林文月"",""胡适"",""连战"",""连胜文""],""places"":[""台湾"",""日本"",""北京""],""works"":[""正晶限時批"",""台湾通史"",""林献堂日记"",""连雅堂传""],""tags"":[""李敖政论综艺集"",""第十八轮"",""电视节目"",""第174集"",""正晶限時批"",""连横"",""台湾通史"",""鸦片"",""林文月"",""连家历史""],""crossReferences"":[],""view"":[""public""],""confidence"":""high"",""round"":""li-ao-zhenglun-zongyiji-round018-171-180"",""dataFile"":""data/timeline-events-li-ao-zhenglun-zongyiji.json""}"
"27206","2014","2014-10-14","2014-10-14","day","","李敖用自己七千八百票和宋楚瑜五万二千票重算台北市关键票","他说自己当年交两百万参选台北市长，预估八千票、开出七千八百票，加上宋楚瑜五万二千票，一进一出可形成十二万票关键力量；又以二〇〇四年《亚洲周刊》预测扁险胜证明判断细腻。","李敖、宋楚瑜、陈水扁、连战、梁肃戎","台北、台湾","李敖政论综艺集、第十八轮、电视节目、第174集、正晶限時批、台北市长、关键票、宋楚瑜、亚洲周刊、选情判断","public","正晶限時批、亚洲周刊","li-ao-zhenglun-zongyiji-158-recalls-old-soldier-threat-and-accurate-self-vote-estimate-to-defend-sacrificial-run","","","","","","[]","data/timeline-events-li-ao-zhenglun-zongyiji.json","li-ao-zhenglun-zongyiji-174-uses-his-7800-votes-and-soongs-52000-to-claim-swing-power","{""id"":""li-ao-zhenglun-zongyiji-174-uses-his-7800-votes-and-soongs-52000-to-claim-swing-power"",""date"":""2014-10-14"",""year"":2014,""month"":10,""day"":14,""title"":""李敖用自己七千八百票和宋楚瑜五万二千票重算台北市关键票"",""summary"":""他说自己当年交两百万参选台北市长，预估八千票、开出七千八百票，加上宋楚瑜五万二千票，一进一出可形成十二万票关键力量；又以二〇〇四年《亚洲周刊》预测扁险胜证明判断细腻。"",""category"":""media"",""source"":""《大李敖全集5.0》（wjm_tcy版）分章节/010.节目演讲类/012.李敖政论综艺集/174.20141014《正晶限時批》.txt"",""sourceLines"":[29,39],""lineCount"":503,""people"":[""李敖"",""宋楚瑜"",""陈水扁"",""连战"",""梁肃戎""],""places"":[""台北"",""台湾""],""works"":[""正晶限時批"",""亚洲周刊""],""tags"":[""李敖政论综艺集"",""第十八轮"",""电视节目"",""第174集"",""正晶限時批"",""台北市长"",""关键票"",""宋楚瑜"",""亚洲周刊"",""选情判断""],""crossReferences"":[""li-ao-zhenglun-zongyiji-158-recalls-old-soldier-threat-and-accurate-self-vote-estimate-to-defend-sacrificial-run""],""view"":[""public""],""confidence"":""high"",""round"":""li-ao-zhenglun-zongyiji-round018-171-180"",""dataFile"":""data/timeline-events-li-ao-zhenglun-zongyiji.json""}"
"27207","2014","2014-10-14","2014-10-14","day","","李敖用李戡档案书区分靠爸爸与否认靠爸爸","谈靠爸爸时，他先以丘吉尔和洛克菲勒作比，再说李戡在中学写《李戡戡乱记》、北大毕业后写《国民党员毛泽东》，虽受父亲影响却靠档案和自身争气；真正可耻的是靠爸爸而不承认。","李敖、李戡、丘吉尔、洛克菲勒","北京、美国","李敖政论综艺集、第十八轮、电视节目、第174集、正晶限時批、李戡、档案写作、靠爸爸、国民党员毛泽东、李戡戡乱记","public","正晶限時批、李戡戡乱记、国民党员毛泽东","li-ao-zhenglun-zongyiji-091-says-li-kan-archive-book-at-seventeen-surpasses-him、li-ao-zhenglun-zongyiji-115-praises-li-kan-archive-work-high-school-break-and-preface","","","","","","[]","data/timeline-events-li-ao-zhenglun-zongyiji.json","li-ao-zhenglun-zongyiji-174-defends-li-kan-as-father-influenced-but-self-made-through-archive-books","{""id"":""li-ao-zhenglun-zongyiji-174-defends-li-kan-as-father-influenced-but-self-made-through-archive-books"",""date"":""2014-10-14"",""year"":2014,""month"":10,""day"":14,""title"":""李敖用李戡档案书区分靠爸爸与否认靠爸爸"",""summary"":""谈靠爸爸时，他先以丘吉尔和洛克菲勒作比，再说李戡在中学写《李戡戡乱记》、北大毕业后写《国民党员毛泽东》，虽受父亲影响却靠档案和自身争气；真正可耻的是靠爸爸而不承认。"",""category"":""media"",""source"":""《大李敖全集5.0》（wjm_tcy版）分章节/010.节目演讲类/012.李敖政论综艺集/174.20141014《正晶限時批》.txt"",""sourceLines"":[55,55],""lineCount"":503,""people"":[""李敖"",""李戡"",""丘吉尔"",""洛克菲勒""],""places"":[""北京"",""美国""],""works"":[""正晶限時批"",""李戡戡乱记"",""国民党员毛泽东""],""tags"":[""李敖政论综艺集"",""第十八轮"",""电视节目"",""第174集"",""正晶限時批"",""李戡"",""档案写作"",""靠爸爸"",""国民党员毛泽东"",""李戡戡乱记""],""crossReferences"":[""li-ao-zhenglun-zongyiji-091-says-li-kan-archive-book-at-seventeen-surpasses-him"",""li-ao-zhenglun-zongyiji-115-praises-li-kan-archive-work-high-school-break-and-preface""],""view"":[""public""],""confidence"":""high"",""round"":""li-ao-zhenglun-zongyiji-round018-171-180"",""dataFile"":""data/timeline-events-li-ao-zhenglun-zongyiji.json""}"
"27208","2014","2014-10-14","2014-10-14","day","","李敖把台北市公有地扩展成向中央政府收租的政治杠杆","他再次强调台北市长位阶很高，台北市拥有大量公营和军方土地，若由凶悍市长掌握，可向中央机关收房租、赶人或在总统府前盖殡仪馆，用首都资源逼中央让步。","李敖、陈水扁、马英九、柯文哲、连胜文","台北、凯达格兰大道、高雄","李敖政论综艺集、第十八轮、电视节目、第174集、正晶限時批、台北市长、首都杠杆、公有地、中央政府、殡仪馆","public","正晶限時批","li-ao-zhenglun-zongyiji-170-judges-taipei-mayor-race-by-capital-as-leverage-against-central-government","","","","","","[]","data/timeline-events-li-ao-zhenglun-zongyiji.json","li-ao-zhenglun-zongyiji-174-expands-taipei-public-land-into-central-government-rent-leverage","{""id"":""li-ao-zhenglun-zongyiji-174-expands-taipei-public-land-into-central-government-rent-leverage"",""date"":""2014-10-14"",""year"":2014,""month"":10,""day"":14,""title"":""李敖把台北市公有地扩展成向中央政府收租的政治杠杆"",""summary"":""他再次强调台北市长位阶很高，台北市拥有大量公营和军方土地，若由凶悍市长掌握，可向中央机关收房租、赶人或在总统府前盖殡仪馆，用首都资源逼中央让步。"",""category"":""media"",""source"":""《大李敖全集5.0》（wjm_tcy版）分章节/010.节目演讲类/012.李敖政论综艺集/174.20141014《正晶限時批》.txt"",""sourceLines"":[49,67],""lineCount"":503,""people"":[""李敖"",""陈水扁"",""马英九"",""柯文哲"",""连胜文""],""places"":[""台北"",""凯达格兰大道"",""高雄""],""works"":[""正晶限時批""],""tags"":[""李敖政论综艺集"",""第十八轮"",""电视节目"",""第174集"",""正晶限時批"",""台北市长"",""首都杠杆"",""公有地"",""中央政府"",""殡仪馆""],""crossReferences"":[""li-ao-zhenglun-zongyiji-170-judges-taipei-mayor-race-by-capital-as-leverage-against-central-government""],""view"":[""public""],""confidence"":""high"",""round"":""li-ao-zhenglun-zongyiji-round018-171-180"",""dataFile"":""data/timeline-events-li-ao-zhenglun-zongyiji.json""}"
"27209","2014","2014-10-14","2014-10-14","day","","李敖把许强、李镇源、辜宽敏串成台湾假货政治","他从许强被包装成二二八或台大医院牺牲者，转到李镇源和辜宽敏等人物，批评台湾政坛许多所谓大佬是假货；他认为别人打击、埋没李敖，是因为李敖出现后会证明他们是假的。","李敖、许强、李镇源、辜宽敏、蒋介石、蒋经国、彭孟缉、蔡英文","台湾、日本","李敖政论综艺集、第十八轮、电视节目、第174集、正晶限時批、许强、李镇源、辜宽敏、假货政治、二二八","public","正晶限時批","li-ao-zhenglun-zongyiji-150-revisits-peng-mingmin-friendship-smuggling-charge-and-fake-independence-elites","","","","","","[]","data/timeline-events-li-ao-zhenglun-zongyiji.json","li-ao-zhenglun-zongyiji-174-calls-taiwan-political-elders-fakes-exposed-by-li-ao","{""id"":""li-ao-zhenglun-zongyiji-174-calls-taiwan-political-elders-fakes-exposed-by-li-ao"",""date"":""2014-10-14"",""year"":2014,""month"":10,""day"":14,""title"":""李敖把许强、李镇源、辜宽敏串成台湾假货政治"",""summary"":""他从许强被包装成二二八或台大医院牺牲者，转到李镇源和辜宽敏等人物，批评台湾政坛许多所谓大佬是假货；他认为别人打击、埋没李敖，是因为李敖出现后会证明他们是假的。"",""category"":""media"",""source"":""《大李敖全集5.0》（wjm_tcy版）分章节/010.节目演讲类/012.李敖政论综艺集/174.20141014《正晶限時批》.txt"",""sourceLines"":[103,119],""lineCount"":503,""people"":[""李敖"",""许强"",""李镇源"",""辜宽敏"",""蒋介石"",""蒋经国"",""彭孟缉"",""蔡英文""],""places"":[""台湾"",""日本""],""works"":[""正晶限時批""],""tags"":[""李敖政论综艺集"",""第十八轮"",""电视节目"",""第174集"",""正晶限時批"",""许强"",""李镇源"",""辜宽敏"",""假货政治"",""二二八""],""crossReferences"":[""li-ao-zhenglun-zongyiji-150-revisits-peng-mingmin-friendship-smuggling-charge-and-fake-independence-elites""],""view"":[""public""],""confidence"":""high"",""round"":""li-ao-zhenglun-zongyiji-round018-171-180"",""dataFile"":""data/timeline-events-li-ao-zhenglun-zongyiji.json""}"
"27210","2014","2014-10-14","2014-10-14","day","","李敖把连家财富和三代政治统治说成台湾版北韩","他批评连家与《联合报》式三代延续太恐怖，又追问连战一生做公务员如何累积财富、连震东去世时负债却只交极少遗产税；结论是连家钱来路不正，柯家与台大医院账目也不必包装成圣人。","李敖、连胜文、连战、连震东、柯文哲","台湾、北韩","李敖政论综艺集、第十八轮、电视节目、第174集、正晶限時批、连家、三代政治、连胜文、联合报、财富","public","正晶限時批、联合报","li-ao-zhenglun-zongyiji-168-opposes-lien-shengwen-as-third-generation-rule-like-north-korea","","","","","","[]","data/timeline-events-li-ao-zhenglun-zongyiji.json","li-ao-zhenglun-zongyiji-174-attacks-lien-family-wealth-and-third-generation-rule","{""id"":""li-ao-zhenglun-zongyiji-174-attacks-lien-family-wealth-and-third-generation-rule"",""date"":""2014-10-14"",""year"":2014,""month"":10,""day"":14,""title"":""李敖把连家财富和三代政治统治说成台湾版北韩"",""summary"":""他批评连家与《联合报》式三代延续太恐怖，又追问连战一生做公务员如何累积财富、连震东去世时负债却只交极少遗产税；结论是连家钱来路不正，柯家与台大医院账目也不必包装成圣人。"",""category"":""media"",""source"":""《大李敖全集5.0》（wjm_tcy版）分章节/010.节目演讲类/012.李敖政论综艺集/174.20141014《正晶限時批》.txt"",""sourceLines"":[49,63],""lineCount"":503,""people"":[""李敖"",""连胜文"",""连战"",""连震东"",""柯文哲""],""places"":[""台湾"",""北韩""],""works"":[""正晶限時批"",""联合报""],""tags"":[""李敖政论综艺集"",""第十八轮"",""电视节目"",""第174集"",""正晶限時批"",""连家"",""三代政治"",""连胜文"",""联合报"",""财富""],""crossReferences"":[""li-ao-zhenglun-zongyiji-168-opposes-lien-shengwen-as-third-generation-rule-like-north-korea""],""view"":[""public""],""confidence"":""high"",""round"":""li-ao-zhenglun-zongyiji-round018-171-180"",""dataFile"":""data/timeline-events-li-ao-zhenglun-zongyiji.json""}"
"27211","2014","2014-10-14","2014-10-14","day","","李敖把陈水扁毁掉打垮国民党的梦类比《自由中国》摧毁反攻梦","他说陈水扁最可恶的是把民进党打垮国民党的共同希望摧毁，又回忆雷震《自由中国》提出反攻无望后被胡适解释为打碎众人的梦；李敖把自己一生也说成用真相摧毁别人梦。","李敖、陈水扁、许信良、雷震、胡适","台湾、大陆","李敖政论综艺集、第十八轮、电视节目、第174集、正晶限時批、陈水扁、国民党、自由中国、反攻大陆、梦","public","正晶限時批、自由中国","li-ao-zhenglun-zongyiji-165-calls-counterattack-independence-and-ma-status-quo-three-fake-constitutional-dreams","","","","","","[]","data/timeline-events-li-ao-zhenglun-zongyiji.json","li-ao-zhenglun-zongyiji-174-says-bian-destroyed-the-anti-kmt-dream-like-freedom-china-broke-counterattack-dream","{""id"":""li-ao-zhenglun-zongyiji-174-says-bian-destroyed-the-anti-kmt-dream-like-freedom-china-broke-counterattack-dream"",""date"":""2014-10-14"",""year"":2014,""month"":10,""day"":14,""title"":""李敖把陈水扁毁掉打垮国民党的梦类比《自由中国》摧毁反攻梦"",""summary"":""他说陈水扁最可恶的是把民进党打垮国民党的共同希望摧毁，又回忆雷震《自由中国》提出反攻无望后被胡适解释为打碎众人的梦；李敖把自己一生也说成用真相摧毁别人梦。"",""category"":""media"",""source"":""《大李敖全集5.0》（wjm_tcy版）分章节/010.节目演讲类/012.李敖政论综艺集/174.20141014《正晶限時批》.txt"",""sourceLines"":[41,45],""lineCount"":503,""people"":[""李敖"",""陈水扁"",""许信良"",""雷震"",""胡适""],""places"":[""台湾"",""大陆""],""works"":[""正晶限時批"",""自由中国""],""tags"":[""李敖政论综艺集"",""第十八轮"",""电视节目"",""第174集"",""正晶限時批"",""陈水扁"",""国民党"",""自由中国"",""反攻大陆"",""梦""],""crossReferences"":[""li-ao-zhenglun-zongyiji-165-calls-counterattack-independence-and-ma-status-quo-three-fake-constitutional-dreams""],""view"":[""public""],""confidence"":""high"",""round"":""li-ao-zhenglun-zongyiji-round018-171-180"",""dataFile"":""data/timeline-events-li-ao-zhenglun-zongyiji.json""}"
"27212","2014","2014-10-14","2014-10-14","day","","李敖把追税、停军购和观光业合成每人一百万的台湾活路","他说台湾不是国家而应务实，国防部可依宪法一三七条取消，不再向美国买武器；若追回黄任中欠税、富邦和军购等钱，每个台湾人可分到一百万，再靠观光业过小国寡民的生活。","李敖、黄任中、马英九、郭台铭、陈水扁","台湾、美国、北京、以色列","李敖政论综艺集、第十八轮、电视节目、第174集、正晶限時批、废国防部、军购、观光、每人一百万、宪法一三七条","public","正晶限時批","li-ao-zhenglun-zongyiji-167-proposes-abolishing-defense-ministry-taxing-tycoons-and-paying-everyone-550000、li-ao-zhenglun-zongyiji-167-says-taiwan-ruined-by-industry-and-should-return-to-tourism-no-nukes","","","","","","[]","data/timeline-events-li-ao-zhenglun-zongyiji.json","li-ao-zhenglun-zongyiji-174-proposes-one-million-tourism-future-by-recovering-tax-and-arms-money","{""id"":""li-ao-zhenglun-zongyiji-174-proposes-one-million-tourism-future-by-recovering-tax-and-arms-money"",""date"":""2014-10-14"",""year"":2014,""month"":10,""day"":14,""title"":""李敖把追税、停军购和观光业合成每人一百万的台湾活路"",""summary"":""他说台湾不是国家而应务实，国防部可依宪法一三七条取消，不再向美国买武器；若追回黄任中欠税、富邦和军购等钱，每个台湾人可分到一百万，再靠观光业过小国寡民的生活。"",""category"":""media"",""source"":""《大李敖全集5.0》（wjm_tcy版）分章节/010.节目演讲类/012.李敖政论综艺集/174.20141014《正晶限時批》.txt"",""sourceLines"":[485,489],""lineCount"":503,""people"":[""李敖"",""黄任中"",""马英九"",""郭台铭"",""陈水扁""],""places"":[""台湾"",""美国"",""北京"",""以色列""],""works"":[""正晶限時批""],""tags"":[""李敖政论综艺集"",""第十八轮"",""电视节目"",""第174集"",""正晶限時批"",""废国防部"",""军购"",""观光"",""每人一百万"",""宪法一三七条""],""crossReferences"":[""li-ao-zhenglun-zongyiji-167-proposes-abolishing-defense-ministry-taxing-tycoons-and-paying-everyone-550000"",""li-ao-zhenglun-zongyiji-167-says-taiwan-ruined-by-industry-and-should-return-to-tourism-no-nukes""],""view"":[""public""],""confidence"":""high"",""round"":""li-ao-zhenglun-zongyiji-round018-171-180"",""dataFile"":""data/timeline-events-li-ao-zhenglun-zongyiji.json""}"
"27213","2014","2014-11-01","2014年11月1日星期六","day","confirmed","李敖在马路上第三次见到罗文嘉","《2014年11月》写，李敖第一次见罗文嘉，是罗作为台大学生在书房向他求援；第二次是罗当陈水扁的部长时在国会打招呼；第三次则是2014年11月1日早上在马路上碰到，罗问李敖是否还记得他。","李敖、罗文嘉、陈水扁","台湾、台北","虽千万人，李敖往矣、罗文嘉、台大、书房、马路相遇","交游线、政治人物线、日常线","虽千万人，李敖往矣","","虽千万人，李敖往矣","029.2014年11月","7","《大李敖全集5.0》（wjm_tcy版）分章节/005.诗集语录类/005.虽千万人，李敖往矣/029.2014年11月.txt","","[]","data/timeline-events-sui-qianwan-li-ao-wangyi.json","sui-qianwan-2014-11-01-meets-luo-wenjia-third-time-on-street","{""id"":""sui-qianwan-2014-11-01-meets-luo-wenjia-third-time-on-street"",""date"":""2014-11-01"",""displayDate"":""2014年11月1日星期六"",""datePrecision"":""day"",""title"":""李敖在马路上第三次见到罗文嘉"",""summary"":""《2014年11月》写，李敖第一次见罗文嘉，是罗作为台大学生在书房向他求援；第二次是罗当陈水扁的部长时在国会打招呼；第三次则是2014年11月1日早上在马路上碰到，罗问李敖是否还记得他。"",""view"":[""交游线"",""政治人物线"",""日常线""],""tags"":[""虽千万人，李敖往矣"",""罗文嘉"",""台大"",""书房"",""马路相遇""],""people"":[""李敖"",""罗文嘉"",""陈水扁""],""places"":[""台湾"",""台北""],""works"":[""虽千万人，李敖往矣""],""certainty"":""confirmed"",""source"":{""book"":""虽千万人，李敖往矣"",""chapter"":""029.2014年11月"",""path"":""《大李敖全集5.0》（wjm_tcy版）分章节/005.诗集语录类/005.虽千万人，李敖往矣/029.2014年11月.txt"",""line"":7},""dataFile"":""data/timeline-events-sui-qianwan-li-ao-wangyi.json""}"
"27214","2014","2014-11-17","2014年11月17日星期一","day","confirmed","李敖记录李戡《国民党员毛泽东》在海外和台湾先后出版","《2014年11月》写，李戡根据尘封档案和独得之秘写成国共两党都不喜欢的《国民党员毛泽东》，已在海外和台湾先后出版；李敖读后以英文给出总评。","李敖、李戡、毛泽东","台湾、海外","虽千万人，李敖往矣、李戡、国民党员毛泽东、海外出版、台湾出版、档案","家庭线、出版线、政治史线","虽千万人，李敖往矣、国民党员毛泽东","sui-qianwan-2014-07-12-records-li-kan-kmt-member-mao-listed-in-hong-kong、sui-qianwan-2013-12-29-records-li-kan-publishing-mao-kmt-paper-online","虽千万人，李敖往矣","029.2014年11月","103","《大李敖全集5.0》（wjm_tcy版）分章节/005.诗集语录类/005.虽千万人，李敖往矣/029.2014年11月.txt","虽千万人，李敖往矣 / 047.2016年10月 / line 85 / 说明：2016年10月21日补述李戡《国民党员毛泽东》在祖国不能出版，成为两岸出版边界的后续说明。 / 《大李敖全集5.0》（wjm_tcy版）分章节/005.诗集语录类/005.虽千万人，李敖往矣/047.2016年10月.txt","[{""book"":""虽千万人，李敖往矣"",""chapter"":""047.2016年10月"",""path"":""《大李敖全集5.0》（wjm_tcy版）分章节/005.诗集语录类/005.虽千万人，李敖往矣/047.2016年10月.txt"",""line"":85,""note"":""2016年10月21日补述李戡《国民党员毛泽东》在祖国不能出版，成为两岸出版边界的后续说明。""}]","data/timeline-events-sui-qianwan-li-ao-wangyi.json","sui-qianwan-2014-11-17-notes-li-kan-kmt-member-mao-published-overseas-and-taiwan","{""id"":""sui-qianwan-2014-11-17-notes-li-kan-kmt-member-mao-published-overseas-and-taiwan"",""date"":""2014-11-17"",""displayDate"":""2014年11月17日星期一"",""datePrecision"":""day"",""title"":""李敖记录李戡《国民党员毛泽东》在海外和台湾先后出版"",""summary"":""《2014年11月》写，李戡根据尘封档案和独得之秘写成国共两党都不喜欢的《国民党员毛泽东》，已在海外和台湾先后出版；李敖读后以英文给出总评。"",""view"":[""家庭线"",""出版线"",""政治史线""],""tags"":[""虽千万人，李敖往矣"",""李戡"",""国民党员毛泽东"",""海外出版"",""台湾出版"",""档案""],""people"":[""李敖"",""李戡"",""毛泽东""],""places"":[""台湾"",""海外""],""works"":[""虽千万人，李敖往矣"",""国民党员毛泽东""],""certainty"":""confirmed"",""source"":{""book"":""虽千万人，李敖往矣"",""chapter"":""029.2014年11月"",""path"":""《大李敖全集5.0》（wjm_tcy版）分章节/005.诗集语录类/005.虽千万人，李敖往矣/029.2014年11月.txt"",""line"":103},""crossReferences"":[""sui-qianwan-2014-07-12-records-li-kan-kmt-member-mao-listed-in-hong-kong"",""sui-qianwan-2013-12-29-records-li-kan-publishing-mao-kmt-paper-online""],""additionalSources"":[{""book"":""虽千万人，李敖往矣"",""chapter"":""047.2016年10月"",""path"":""《大李敖全集5.0》（wjm_tcy版）分章节/005.诗集语录类/005.虽千万人，李敖往矣/047.2016年10月.txt"",""line"":85,""note"":""2016年10月21日补述李戡《国民党员毛泽东》在祖国不能出版，成为两岸出版边界的后续说明。""}],""dataFile"":""data/timeline-events-sui-qianwan-li-ao-wangyi.json""}"
"27215","2014","2014-12-17","2014年12月17日星期三","day","confirmed","李敖在日记中由反对转向同意写《李敖风流自传》","《书成后记》写，2014年12月17日，李敖在日记中仍表示不赞成写《李敖风流自传》，认为八十年来许多岛上俗事不值得花时间；但紧接着他又转念，觉得自己八十岁应出一书表示表示，若能把俗事写成别有施教作用的“纪功碑”，写了也好。此日记成为《李敖风流自传》真正动笔前的重要心理转折。","李敖","台湾","风流自传、书成后记、日记、八十岁、纪功碑","写作线、生平线","李敖风流自传","","李敖风流自传","674.书成后记","3","《大李敖全集5.0》（wjm_tcy版）分章节/001.自传回忆类/007.李敖风流自传/674.书成后记.txt","","[]","data/timeline-events-seventh-book.json","book7-2014-12-17-records-diary-turning-toward-writing-fengliu-zizhuan","{""id"":""book7-2014-12-17-records-diary-turning-toward-writing-fengliu-zizhuan"",""date"":""2014-12-17"",""displayDate"":""2014年12月17日星期三"",""datePrecision"":""day"",""title"":""李敖在日记中由反对转向同意写《李敖风流自传》"",""summary"":""《书成后记》写，2014年12月17日，李敖在日记中仍表示不赞成写《李敖风流自传》，认为八十年来许多岛上俗事不值得花时间；但紧接着他又转念，觉得自己八十岁应出一书表示表示，若能把俗事写成别有施教作用的“纪功碑”，写了也好。此日记成为《李敖风流自传》真正动笔前的重要心理转折。"",""view"":[""写作线"",""生平线""],""tags"":[""风流自传"",""书成后记"",""日记"",""八十岁"",""纪功碑""],""people"":[""李敖""],""places"":[""台湾""],""works"":[""李敖风流自传""],""certainty"":""confirmed"",""source"":{""book"":""李敖风流自传"",""chapter"":""674.书成后记"",""path"":""《大李敖全集5.0》（wjm_tcy版）分章节/001.自传回忆类/007.李敖风流自传/674.书成后记.txt"",""line"":3},""dataFile"":""data/timeline-events-seventh-book.json""}"
"27216","2014","2014-12-18","2014年12月18日星期四","day","confirmed","李敖带 iPad 到小西餐馆并立刻打出两篇微博","《2014年12月》写，阴冷午后李敖带着 iPad 穿过马路，走进一家小西餐馆；他自称年轻人只会吹牛，自己能立刻打出两篇微博，并声明不吃美国牛肉。","李敖","台湾、小西餐馆","虽千万人，李敖往矣、iPad、小西餐馆、微博、美国牛肉、日常","日常线、媒体线、写作线","虽千万人，李敖往矣、哈啰李敖","","虽千万人，李敖往矣","030.2014年12月","109","《大李敖全集5.0》（wjm_tcy版）分章节/005.诗集语录类/005.虽千万人，李敖往矣/030.2014年12月.txt","","[]","data/timeline-events-sui-qianwan-li-ao-wangyi.json","sui-qianwan-2014-12-18-writes-two-weibo-posts-with-ipad-in-small-western-restaurant","{""id"":""sui-qianwan-2014-12-18-writes-two-weibo-posts-with-ipad-in-small-western-restaurant"",""date"":""2014-12-18"",""displayDate"":""2014年12月18日星期四"",""datePrecision"":""day"",""title"":""李敖带 iPad 到小西餐馆并立刻打出两篇微博"",""summary"":""《2014年12月》写，阴冷午后李敖带着 iPad 穿过马路，走进一家小西餐馆；他自称年轻人只会吹牛，自己能立刻打出两篇微博，并声明不吃美国牛肉。"",""view"":[""日常线"",""媒体线"",""写作线""],""tags"":[""虽千万人，李敖往矣"",""iPad"",""小西餐馆"",""微博"",""美国牛肉"",""日常""],""people"":[""李敖""],""places"":[""台湾"",""小西餐馆""],""works"":[""虽千万人，李敖往矣"",""哈啰李敖""],""certainty"":""confirmed"",""source"":{""book"":""虽千万人，李敖往矣"",""chapter"":""030.2014年12月"",""path"":""《大李敖全集5.0》（wjm_tcy版）分章节/005.诗集语录类/005.虽千万人，李敖往矣/030.2014年12月.txt"",""line"":109},""dataFile"":""data/timeline-events-sui-qianwan-li-ao-wangyi.json""}"
"27217","2014","2014-12-21","2014年12月21日星期日","day","confirmed","李敖把《虚拟的十七岁》与人工智能毁灭人类警告相连","《2014年12月》写，李敖称自己的主要著作被共产党禁印，只有鸡零狗碎的杂感每天流到祖国；他又说六年前出版《虚拟的十七岁》时，对人工智能的远景和忧虑早已预言，并回应英国物理学家关于人工智能将毁灭人类的警告。","李敖、史蒂芬·霍金","台湾、大陆","虽千万人，李敖往矣、虚拟的十七岁、人工智能、禁印、微博、霍金","写作线、科幻线、出版线","虽千万人，李敖往矣、虚拟的十七岁","virtual-seventeen-2008-04-10-writes-about-writing","虽千万人，李敖往矣","030.2014年12月","127","《大李敖全集5.0》（wjm_tcy版）分章节/005.诗集语录类/005.虽千万人，李敖往矣/030.2014年12月.txt","","[]","data/timeline-events-sui-qianwan-li-ao-wangyi.json","sui-qianwan-2014-12-21-links-virtual-seventeen-to-ai-warning","{""id"":""sui-qianwan-2014-12-21-links-virtual-seventeen-to-ai-warning"",""date"":""2014-12-21"",""displayDate"":""2014年12月21日星期日"",""datePrecision"":""day"",""title"":""李敖把《虚拟的十七岁》与人工智能毁灭人类警告相连"",""summary"":""《2014年12月》写，李敖称自己的主要著作被共产党禁印，只有鸡零狗碎的杂感每天流到祖国；他又说六年前出版《虚拟的十七岁》时，对人工智能的远景和忧虑早已预言，并回应英国物理学家关于人工智能将毁灭人类的警告。"",""view"":[""写作线"",""科幻线"",""出版线""],""tags"":[""虽千万人，李敖往矣"",""虚拟的十七岁"",""人工智能"",""禁印"",""微博"",""霍金""],""people"":[""李敖"",""史蒂芬·霍金""],""places"":[""台湾"",""大陆""],""works"":[""虽千万人，李敖往矣"",""虚拟的十七岁""],""certainty"":""confirmed"",""source"":{""book"":""虽千万人，李敖往矣"",""chapter"":""030.2014年12月"",""path"":""《大李敖全集5.0》（wjm_tcy版）分章节/005.诗集语录类/005.虽千万人，李敖往矣/030.2014年12月.txt"",""line"":127},""crossReferences"":[""virtual-seventeen-2008-04-10-writes-about-writing""],""dataFile"":""data/timeline-events-sui-qianwan-li-ao-wangyi.json""}"
"27218","2014","2014-07-01","2014年7月","month","confirmed","李戡从北京大学毕业，小屯赴毕业典礼而李敖未进京","《2014年7月》写，1925年祖父李鼎彝毕业北京大学，2014年孙子李戡毕业北京大学；同月4日李敖补述，7月初李戡北大毕业典礼，小屯飞去参加，而他自己没有进京。","李敖、李戡、小屯、李鼎彝","北京、北京大学、台湾","虽千万人，李敖往矣、李戡、北京大学、毕业典礼、小屯、待校日","家庭线、教育线、晚年线","虽千万人，李敖往矣","","虽千万人，李敖往矣","025.2014年7月","7","《大李敖全集5.0》（wjm_tcy版）分章节/005.诗集语录类/005.虽千万人，李敖往矣/025.2014年7月.txt","虽千万人，李敖往矣 / 025.2014年7月 / line 25 / 说明：补述小屯飞去参加毕业典礼，李敖自己没有进京。 / 《大李敖全集5.0》（wjm_tcy版）分章节/005.诗集语录类/005.虽千万人，李敖往矣/025.2014年7月.txt","[{""book"":""虽千万人，李敖往矣"",""chapter"":""025.2014年7月"",""path"":""《大李敖全集5.0》（wjm_tcy版）分章节/005.诗集语录类/005.虽千万人，李敖往矣/025.2014年7月.txt"",""line"":25,""note"":""补述小屯飞去参加毕业典礼，李敖自己没有进京。""}]","data/timeline-events-sui-qianwan-li-ao-wangyi.json","sui-qianwan-2014-07-01-li-kan-graduates-from-peking-university","{""id"":""sui-qianwan-2014-07-01-li-kan-graduates-from-peking-university"",""date"":""2014-07-01"",""displayDate"":""2014年7月"",""datePrecision"":""month"",""title"":""李戡从北京大学毕业，小屯赴毕业典礼而李敖未进京"",""summary"":""《2014年7月》写，1925年祖父李鼎彝毕业北京大学，2014年孙子李戡毕业北京大学；同月4日李敖补述，7月初李戡北大毕业典礼，小屯飞去参加，而他自己没有进京。"",""view"":[""家庭线"",""教育线"",""晚年线""],""tags"":[""虽千万人，李敖往矣"",""李戡"",""北京大学"",""毕业典礼"",""小屯"",""待校日""],""people"":[""李敖"",""李戡"",""小屯"",""李鼎彝""],""places"":[""北京"",""北京大学"",""台湾""],""works"":[""虽千万人，李敖往矣""],""certainty"":""confirmed"",""source"":{""book"":""虽千万人，李敖往矣"",""chapter"":""025.2014年7月"",""path"":""《大李敖全集5.0》（wjm_tcy版）分章节/005.诗集语录类/005.虽千万人，李敖往矣/025.2014年7月.txt"",""line"":7},""additionalSources"":[{""book"":""虽千万人，李敖往矣"",""chapter"":""025.2014年7月"",""path"":""《大李敖全集5.0》（wjm_tcy版）分章节/005.诗集语录类/005.虽千万人，李敖往矣/025.2014年7月.txt"",""line"":25,""note"":""补述小屯飞去参加毕业典礼，李敖自己没有进京。""}],""dataFile"":""data/timeline-events-sui-qianwan-li-ao-wangyi.json""}"
"27219","2015","2015-01-18","2015年1月18日星期日","day","confirmed","李敖写母亲手杖辗转回到自己手上","《2015年1月》“手杖”写，李敖早年送给母亲一根藤制欧洲手杖；李戡小时候曾跟着奶奶握住手杖下半截，小屯从后拍下照片。到2015年1月18日，李戡已长大，李敖老去，同一根手杖又到了李敖手上，成为三代家庭记忆的物证。","李敖、李敖母亲、李戡、小屯","台北","手杖、母亲、李戡、小屯、晚年日常","家庭线、晚年线、日常线","虽千万人，李敖往矣","","虽千万人，李敖往矣","031.2015年1月","109","《大李敖全集5.0》（wjm_tcy版）分章节/005.诗集语录类/005.虽千万人，李敖往矣/031.2015年1月.txt","","[]","data/timeline-events-sui-qianwan-li-ao-wangyi.json","sui-qianwan-2015-01-18-mothers-cane-returns-to-li-ao","{""id"":""sui-qianwan-2015-01-18-mothers-cane-returns-to-li-ao"",""date"":""2015-01-18"",""displayDate"":""2015年1月18日星期日"",""datePrecision"":""day"",""title"":""李敖写母亲手杖辗转回到自己手上"",""summary"":""《2015年1月》“手杖”写，李敖早年送给母亲一根藤制欧洲手杖；李戡小时候曾跟着奶奶握住手杖下半截，小屯从后拍下照片。到2015年1月18日，李戡已长大，李敖老去，同一根手杖又到了李敖手上，成为三代家庭记忆的物证。"",""view"":[""家庭线"",""晚年线"",""日常线""],""tags"":[""手杖"",""母亲"",""李戡"",""小屯"",""晚年日常""],""people"":[""李敖"",""李敖母亲"",""李戡"",""小屯""],""places"":[""台北""],""works"":[""虽千万人，李敖往矣""],""certainty"":""confirmed"",""source"":{""book"":""虽千万人，李敖往矣"",""chapter"":""031.2015年1月"",""path"":""《大李敖全集5.0》（wjm_tcy版）分章节/005.诗集语录类/005.虽千万人，李敖往矣/031.2015年1月.txt"",""line"":109},""dataFile"":""data/timeline-events-sui-qianwan-li-ao-wangyi.json""}"
"27220","2015","2015-01-19","2015-01-19","day","","李敖支持柯文哲作为第三势力，但要求他同蓝绿烂咖隔离","他说自己连续在台湾住六十五年，已领教国民党和民进党团队；柯文哲虽是容易被社会骗的台大医生，却可能成为第三势力甚至将来选总统，前提是同国民党和民进党烂咖隔离。","李敖、柯文哲、宋楚瑜、赵少康、谢长廷","台湾、台北","李敖政论综艺集、第十八轮、电视节目、第175集、壹起來翻转、柯文哲、第三势力、国民党、民进党、医生政治","public","壹起來翻转","li-ao-zhenglun-zongyiji-169-says-dpp-became-small-kmt-and-third-party-soong-team-is-still-needed","","","","","","[]","data/timeline-events-li-ao-zhenglun-zongyiji.json","li-ao-zhenglun-zongyiji-175-backs-ko-as-third-force-if-he-stays-away-from-kmt-and-dpp","{""id"":""li-ao-zhenglun-zongyiji-175-backs-ko-as-third-force-if-he-stays-away-from-kmt-and-dpp"",""date"":""2015-01-19"",""year"":2015,""month"":1,""day"":19,""title"":""李敖支持柯文哲作为第三势力，但要求他同蓝绿烂咖隔离"",""summary"":""他说自己连续在台湾住六十五年，已领教国民党和民进党团队；柯文哲虽是容易被社会骗的台大医生，却可能成为第三势力甚至将来选总统，前提是同国民党和民进党烂咖隔离。"",""category"":""media"",""source"":""《大李敖全集5.0》（wjm_tcy版）分章节/010.节目演讲类/012.李敖政论综艺集/175.20150119《壹起來翻转》.txt"",""sourceLines"":[49,61],""lineCount"":211,""people"":[""李敖"",""柯文哲"",""宋楚瑜"",""赵少康"",""谢长廷""],""places"":[""台湾"",""台北""],""works"":[""壹起來翻转""],""tags"":[""李敖政论综艺集"",""第十八轮"",""电视节目"",""第175集"",""壹起來翻转"",""柯文哲"",""第三势力"",""国民党"",""民进党"",""医生政治""],""crossReferences"":[""li-ao-zhenglun-zongyiji-169-says-dpp-became-small-kmt-and-third-party-soong-team-is-still-needed""],""view"":[""public""],""confidence"":""high"",""round"":""li-ao-zhenglun-zongyiji-round018-171-180"",""dataFile"":""data/timeline-events-li-ao-zhenglun-zongyiji.json""}"
"27221","2015","2015-01-19","2015-01-19","day","","李敖把赖清德不进议会解读为逼下台再选总统的策略","谈柯文哲不该同赖清德扯在一起时，他说赖清德若继续不出席议会，依法会被赶下台，而这正好可能是赖的目的：像陈水扁从台北市长失利转选总统一样，做光棍总统、借民气起势。","李敖、赖清德、柯文哲、陈水扁","台南、台北、台湾","李敖政论综艺集、第十八轮、电视节目、第175集、壹起來翻转、赖清德、议会、总统选举、陈水扁、政治策略","public","壹起來翻转","li-ao-zhenglun-zongyiji-170-says-beijing-now-unites-secondary-enemies-like-students-civic-groups-and-lai-to-hit-ma","","","","","","[]","data/timeline-events-li-ao-zhenglun-zongyiji.json","li-ao-zhenglun-zongyiji-175-reads-lai-chingte-council-boycott-as-presidential-strategy","{""id"":""li-ao-zhenglun-zongyiji-175-reads-lai-chingte-council-boycott-as-presidential-strategy"",""date"":""2015-01-19"",""year"":2015,""month"":1,""day"":19,""title"":""李敖把赖清德不进议会解读为逼下台再选总统的策略"",""summary"":""谈柯文哲不该同赖清德扯在一起时，他说赖清德若继续不出席议会，依法会被赶下台，而这正好可能是赖的目的：像陈水扁从台北市长失利转选总统一样，做光棍总统、借民气起势。"",""category"":""media"",""source"":""《大李敖全集5.0》（wjm_tcy版）分章节/010.节目演讲类/012.李敖政论综艺集/175.20150119《壹起來翻转》.txt"",""sourceLines"":[167,179],""lineCount"":211,""people"":[""李敖"",""赖清德"",""柯文哲"",""陈水扁""],""places"":[""台南"",""台北"",""台湾""],""works"":[""壹起來翻转""],""tags"":[""李敖政论综艺集"",""第十八轮"",""电视节目"",""第175集"",""壹起來翻转"",""赖清德"",""议会"",""总统选举"",""陈水扁"",""政治策略""],""crossReferences"":[""li-ao-zhenglun-zongyiji-170-says-beijing-now-unites-secondary-enemies-like-students-civic-groups-and-lai-to-hit-ma""],""view"":[""public""],""confidence"":""high"",""round"":""li-ao-zhenglun-zongyiji-round018-171-180"",""dataFile"":""data/timeline-events-li-ao-zhenglun-zongyiji.json""}"
"27222","2015","2015-01-19","2015-01-19","day","","李敖带《康熙来了》首集证据上新节目并说强光像疲劳审问","他在汪洁民第一集节目开场拿出十一年前《康熙来了》首集资料，说明自己会保存证据；又因摄影棚灯光太强，联想到过去被酷吏疲劳审问。","李敖、汪洁民、蔡康永、小S","台湾","李敖政论综艺集、第十八轮、电视节目、第175集、壹起來翻转、康熙来了、证据保存、疲劳审问、白色恐怖、开场","public","壹起來翻转、康熙来了","li-ao-zhenglun-zongyiji-024-becomes-first-guest-of-kangxi、li-ao-zhenglun-zongyiji-168-says-political-light-reminds-white-terror-interrogation","","","","","","[]","data/timeline-events-li-ao-zhenglun-zongyiji.json","li-ao-zhenglun-zongyiji-175-keeps-kangxi-first-episode-proof-and-links-studio-light-to-interrogation","{""id"":""li-ao-zhenglun-zongyiji-175-keeps-kangxi-first-episode-proof-and-links-studio-light-to-interrogation"",""date"":""2015-01-19"",""year"":2015,""month"":1,""day"":19,""title"":""李敖带《康熙来了》首集证据上新节目并说强光像疲劳审问"",""summary"":""他在汪洁民第一集节目开场拿出十一年前《康熙来了》首集资料，说明自己会保存证据；又因摄影棚灯光太强，联想到过去被酷吏疲劳审问。"",""category"":""media"",""source"":""《大李敖全集5.0》（wjm_tcy版）分章节/010.节目演讲类/012.李敖政论综艺集/175.20150119《壹起來翻转》.txt"",""sourceLines"":[9,13],""lineCount"":211,""people"":[""李敖"",""汪洁民"",""蔡康永"",""小S""],""places"":[""台湾""],""works"":[""壹起來翻转"",""康熙来了""],""tags"":[""李敖政论综艺集"",""第十八轮"",""电视节目"",""第175集"",""壹起來翻转"",""康熙来了"",""证据保存"",""疲劳审问"",""白色恐怖"",""开场""],""crossReferences"":[""li-ao-zhenglun-zongyiji-024-becomes-first-guest-of-kangxi"",""li-ao-zhenglun-zongyiji-168-says-political-light-reminds-white-terror-interrogation""],""view"":[""public""],""confidence"":""high"",""round"":""li-ao-zhenglun-zongyiji-round018-171-180"",""dataFile"":""data/timeline-events-li-ao-zhenglun-zongyiji.json""}"
"27223","2015","2015-01-19","2015-01-19","day","","李敖说柯文哲看陈水扁后还没有资格做酷吏","他用陈致中美国房产拍卖说明陈水扁贪污案不可脱，又说柯文哲若去台南看贪污分子，就不是古代那种痛恨贪污而自己清廉的酷吏；同段还批评台湾宪法被临时条款、李登辉、陈水扁和马英九不断玩坏。","李敖、柯文哲、陈水扁、陈致中、蒋介石、李登辉、马英九、林义雄","台南、南京、美国、台湾","李敖政论综艺集、第十八轮、电视节目、第175集、壹起來翻转、柯文哲、酷吏、陈水扁、修宪、贪污","public","壹起來翻转、史记·酷吏列传","li-ao-zhenglun-zongyiji-168-chooses-fool-over-bad-apple-in-taipei-mayor-options","","","","","","[]","data/timeline-events-li-ao-zhenglun-zongyiji.json","li-ao-zhenglun-zongyiji-175-denies-ko-is-cool-official-after-bian-visit-and-attacks-constitution-games","{""id"":""li-ao-zhenglun-zongyiji-175-denies-ko-is-cool-official-after-bian-visit-and-attacks-constitution-games"",""date"":""2015-01-19"",""year"":2015,""month"":1,""day"":19,""title"":""李敖说柯文哲看陈水扁后还没有资格做酷吏"",""summary"":""他用陈致中美国房产拍卖说明陈水扁贪污案不可脱，又说柯文哲若去台南看贪污分子，就不是古代那种痛恨贪污而自己清廉的酷吏；同段还批评台湾宪法被临时条款、李登辉、陈水扁和马英九不断玩坏。"",""category"":""media"",""source"":""《大李敖全集5.0》（wjm_tcy版）分章节/010.节目演讲类/012.李敖政论综艺集/175.20150119《壹起來翻转》.txt"",""sourceLines"":[29,41],""lineCount"":211,""people"":[""李敖"",""柯文哲"",""陈水扁"",""陈致中"",""蒋介石"",""李登辉"",""马英九"",""林义雄""],""places"":[""台南"",""南京"",""美国"",""台湾""],""works"":[""壹起來翻转"",""史记·酷吏列传""],""tags"":[""李敖政论综艺集"",""第十八轮"",""电视节目"",""第175集"",""壹起來翻转"",""柯文哲"",""酷吏"",""陈水扁"",""修宪"",""贪污""],""crossReferences"":[""li-ao-zhenglun-zongyiji-168-chooses-fool-over-bad-apple-in-taipei-mayor-options""],""view"":[""public""],""confidence"":""high"",""round"":""li-ao-zhenglun-zongyiji-round018-171-180"",""dataFile"":""data/timeline-events-li-ao-zhenglun-zongyiji.json""}"
"27224","2015","2015-01-19","2015-01-19","day","","李敖提出柯文哲做阿斗、宋楚瑜团队做诸葛亮的总统方案","他认为台湾等了六十五年才由柯文哲象征第三势力，但柯只是好阿斗，不是诸葛亮；他建议柯文哲直奔二〇一六总统，把行政团队交给宋楚瑜，如此让国民党和民进党都走开。","李敖、柯文哲、宋楚瑜、阿斗、诸葛亮、马英九","台湾、台北","李敖政论综艺集、第十八轮、电视节目、第175集、壹起來翻转、柯文哲、宋楚瑜、柯宋配、阿斗、2016","public","壹起來翻转、三国志","li-ao-zhenglun-zongyiji-167-backs-soong-pfp-caucus-as-secret-caucus-disruptor-and-practical-administrator、li-ao-zhenglun-zongyiji-169-says-dpp-became-small-kmt-and-third-party-soong-team-is-still-needed","","","","","","[]","data/timeline-events-li-ao-zhenglun-zongyiji.json","li-ao-zhenglun-zongyiji-175-proposes-ko-as-adou-president-and-soong-team-as-zhugeliang","{""id"":""li-ao-zhenglun-zongyiji-175-proposes-ko-as-adou-president-and-soong-team-as-zhugeliang"",""date"":""2015-01-19"",""year"":2015,""month"":1,""day"":19,""title"":""李敖提出柯文哲做阿斗、宋楚瑜团队做诸葛亮的总统方案"",""summary"":""他认为台湾等了六十五年才由柯文哲象征第三势力，但柯只是好阿斗，不是诸葛亮；他建议柯文哲直奔二〇一六总统，把行政团队交给宋楚瑜，如此让国民党和民进党都走开。"",""category"":""media"",""source"":""《大李敖全集5.0》（wjm_tcy版）分章节/010.节目演讲类/012.李敖政论综艺集/175.20150119《壹起來翻转》.txt"",""sourceLines"":[105,113],""lineCount"":211,""people"":[""李敖"",""柯文哲"",""宋楚瑜"",""阿斗"",""诸葛亮"",""马英九""],""places"":[""台湾"",""台北""],""works"":[""壹起來翻转"",""三国志""],""tags"":[""李敖政论综艺集"",""第十八轮"",""电视节目"",""第175集"",""壹起來翻转"",""柯文哲"",""宋楚瑜"",""柯宋配"",""阿斗"",""2016""],""crossReferences"":[""li-ao-zhenglun-zongyiji-167-backs-soong-pfp-caucus-as-secret-caucus-disruptor-and-practical-administrator"",""li-ao-zhenglun-zongyiji-169-says-dpp-became-small-kmt-and-third-party-soong-team-is-still-needed""],""view"":[""public""],""confidence"":""high"",""round"":""li-ao-zhenglun-zongyiji-round018-171-180"",""dataFile"":""data/timeline-events-li-ao-zhenglun-zongyiji.json""}"
"27225","2015","2015-01-23","2015年1月23日星期五","day","contextual","李敖因大吃水饺与豆浆酸奶气胀急诊住院两天","《2015年1月》1月25日“原来它在前面”回述，李敖“前天”自以为肠胃年轻，大吃水饺13个，又喝浓豆浆、酸奶，凌晨3点气胀如蛙，被送急诊并住院两天。他借此感到老病已经走在自己前面。","李敖","台北","急诊、住院、肠胃、饮食","健康线、晚年线、日常线","虽千万人，李敖往矣","","虽千万人，李敖往矣","031.2015年1月","151","《大李敖全集5.0》（wjm_tcy版）分章节/005.诗集语录类/005.虽千万人，李敖往矣/031.2015年1月.txt","","[]","data/timeline-events-sui-qianwan-li-ao-wangyi.json","sui-qianwan-2015-01-23-er-after-eating-thirteen-dumplings","{""id"":""sui-qianwan-2015-01-23-er-after-eating-thirteen-dumplings"",""date"":""2015-01-23"",""displayDate"":""2015年1月23日星期五"",""datePrecision"":""day"",""title"":""李敖因大吃水饺与豆浆酸奶气胀急诊住院两天"",""summary"":""《2015年1月》1月25日“原来它在前面”回述，李敖“前天”自以为肠胃年轻，大吃水饺13个，又喝浓豆浆、酸奶，凌晨3点气胀如蛙，被送急诊并住院两天。他借此感到老病已经走在自己前面。"",""view"":[""健康线"",""晚年线"",""日常线""],""tags"":[""急诊"",""住院"",""肠胃"",""饮食""],""people"":[""李敖""],""places"":[""台北""],""works"":[""虽千万人，李敖往矣""],""certainty"":""contextual"",""source"":{""book"":""虽千万人，李敖往矣"",""chapter"":""031.2015年1月"",""path"":""《大李敖全集5.0》（wjm_tcy版）分章节/005.诗集语录类/005.虽千万人，李敖往矣/031.2015年1月.txt"",""line"":151,""note"":""1月25日回述“前天”急诊住院，故暂系于2015-01-23前后。""},""dataFile"":""data/timeline-events-sui-qianwan-li-ao-wangyi.json""}"
"27226","2015","2015-01-29","2015年1月29日星期四","day","confirmed","李敖为检查小肠在X光室折腾两小时","《2015年1月》“X光与我”写，2015年1月29日，李敖为检查小肠，在X光室进进出出两个小时；他由此联想到李鸿章中枪疗伤成为最早使用X光的中国人之一。","李敖","台北","X光、小肠检查、医院","健康线、晚年线","虽千万人，李敖往矣","","虽千万人，李敖往矣","031.2015年1月","175","《大李敖全集5.0》（wjm_tcy版）分章节/005.诗集语录类/005.虽千万人，李敖往矣/031.2015年1月.txt","","[]","data/timeline-events-sui-qianwan-li-ao-wangyi.json","sui-qianwan-2015-01-29-small-intestine-xray-two-hours","{""id"":""sui-qianwan-2015-01-29-small-intestine-xray-two-hours"",""date"":""2015-01-29"",""displayDate"":""2015年1月29日星期四"",""datePrecision"":""day"",""title"":""李敖为检查小肠在X光室折腾两小时"",""summary"":""《2015年1月》“X光与我”写，2015年1月29日，李敖为检查小肠，在X光室进进出出两个小时；他由此联想到李鸿章中枪疗伤成为最早使用X光的中国人之一。"",""view"":[""健康线"",""晚年线""],""tags"":[""X光"",""小肠检查"",""医院""],""people"":[""李敖""],""places"":[""台北""],""works"":[""虽千万人，李敖往矣""],""certainty"":""confirmed"",""source"":{""book"":""虽千万人，李敖往矣"",""chapter"":""031.2015年1月"",""path"":""《大李敖全集5.0》（wjm_tcy版）分章节/005.诗集语录类/005.虽千万人，李敖往矣/031.2015年1月.txt"",""line"":175},""dataFile"":""data/timeline-events-sui-qianwan-li-ao-wangyi.json""}"
"27227","2015","2015-02-01","2015年2月1日星期日","day","confirmed","李敖在天母地下街与陈彦增小吃并用iPad写他","《2015年2月》“老友陈彦增”写，2015年2月1日中午，李敖到天母地下街与60年老友陈彦增小吃；面对面坐下后，李敖拿出iPad，说当天要“写生”，就写陈彦增。他还记起自己坐牢时陈彦增曾送进4000元。","李敖、陈彦增","台北、天母地下街","陈彦增、天母地下街、iPad、老友","交游线、日常线、晚年线","虽千万人，李敖往矣","","虽千万人，李敖往矣","032.2015年2月","7","《大李敖全集5.0》（wjm_tcy版）分章节/005.诗集语录类/005.虽千万人，李敖往矣/032.2015年2月.txt","","[]","data/timeline-events-sui-qianwan-li-ao-wangyi.json","sui-qianwan-2015-02-01-lunches-with-chen-yanzeng-and-sketches-on-ipad","{""id"":""sui-qianwan-2015-02-01-lunches-with-chen-yanzeng-and-sketches-on-ipad"",""date"":""2015-02-01"",""displayDate"":""2015年2月1日星期日"",""datePrecision"":""day"",""title"":""李敖在天母地下街与陈彦增小吃并用iPad写他"",""summary"":""《2015年2月》“老友陈彦增”写，2015年2月1日中午，李敖到天母地下街与60年老友陈彦增小吃；面对面坐下后，李敖拿出iPad，说当天要“写生”，就写陈彦增。他还记起自己坐牢时陈彦增曾送进4000元。"",""view"":[""交游线"",""日常线"",""晚年线""],""tags"":[""陈彦增"",""天母地下街"",""iPad"",""老友""],""people"":[""李敖"",""陈彦增""],""places"":[""台北"",""天母地下街""],""works"":[""虽千万人，李敖往矣""],""certainty"":""confirmed"",""source"":{""book"":""虽千万人，李敖往矣"",""chapter"":""032.2015年2月"",""path"":""《大李敖全集5.0》（wjm_tcy版）分章节/005.诗集语录类/005.虽千万人，李敖往矣/032.2015年2月.txt"",""line"":7},""dataFile"":""data/timeline-events-sui-qianwan-li-ao-wangyi.json""}"
"27228","2015","2015-03-25","2015年3月25日星期三","day","confirmed","李戡在华盛顿大学图书馆借到保留李敖序的《中国文学史》","《2015年3月》写，2015年3月25日，李戡来电话说，自己在华盛顿大学图书馆借到李鼎彝的《中国文学史》。李敖告诉他，此书原有自己写的序，出版后被国民党政府下令撕掉；李戡手中那本序仍健在，使李敖感慨“外国图书馆竟有我们祖孙三代的书”。","李敖、李戡、李鼎彝","华盛顿大学图书馆","李戡、李鼎彝、中国文学史、华盛顿大学图书馆、序","家庭线、著作线、藏书线","中国文学史、虽千万人，李敖往矣","","虽千万人，李敖往矣","033.2015年3月","93","《大李敖全集5.0》（wjm_tcy版）分章节/005.诗集语录类/005.虽千万人，李敖往矣/033.2015年3月.txt","","[]","data/timeline-events-sui-qianwan-li-ao-wangyi.json","sui-qianwan-2015-03-25-li-kan-finds-li-dingyi-book-with-intact-preface-at-uw","{""id"":""sui-qianwan-2015-03-25-li-kan-finds-li-dingyi-book-with-intact-preface-at-uw"",""date"":""2015-03-25"",""displayDate"":""2015年3月25日星期三"",""datePrecision"":""day"",""title"":""李戡在华盛顿大学图书馆借到保留李敖序的《中国文学史》"",""summary"":""《2015年3月》写，2015年3月25日，李戡来电话说，自己在华盛顿大学图书馆借到李鼎彝的《中国文学史》。李敖告诉他，此书原有自己写的序，出版后被国民党政府下令撕掉；李戡手中那本序仍健在，使李敖感慨“外国图书馆竟有我们祖孙三代的书”。"",""view"":[""家庭线"",""著作线"",""藏书线""],""tags"":[""李戡"",""李鼎彝"",""中国文学史"",""华盛顿大学图书馆"",""序""],""people"":[""李敖"",""李戡"",""李鼎彝""],""places"":[""华盛顿大学图书馆""],""works"":[""中国文学史"",""虽千万人，李敖往矣""],""certainty"":""confirmed"",""source"":{""book"":""虽千万人，李敖往矣"",""chapter"":""033.2015年3月"",""path"":""《大李敖全集5.0》（wjm_tcy版）分章节/005.诗集语录类/005.虽千万人，李敖往矣/033.2015年3月.txt"",""line"":93},""dataFile"":""data/timeline-events-sui-qianwan-li-ao-wangyi.json""}"
"27229","2015","2015-04-04","2015年4月4日下午，台北敦化南路家中","day","confirmed","李敖在敦化南路家中接受《海峡导报》采访，谈80岁新书和微博","4月4日下午，《海峡导报》驻台记者到台北市敦化南路李敖家中拜访，并把此前多次专访李敖父子的报纸作为生日礼物送给他。李敖感谢长期关注，受访一个多小时；采访中他说自己每天坚持写一条微博、写满140字且粉丝已一千多万，4月25日80岁生日将出《李敖风流自传》和《虽千万人，李敖往矣》两本书庆生。记者手记又记，李敖原以正在出书为由婉拒，听说记者将返厦门后答应受访，还在门外贴“李”字、递水、延长访谈并合影。","李敖、吴生林、李戡","台北、敦化南路李敖家中、厦门","海峡导报、台北家中、80岁生日、微博、李敖风流自传、虽千万人，李敖往矣","访谈线、出版线、微博线、晚年线","李敖访谈录1990-2018、李敖风流自传、虽千万人，李敖往矣","book7-2015-early-turns-hello-li-ao-into-full-book-though-ten-million-followers-milestone、sui-qianwan-2015-04-25-fengliu-zizhuan-published-in-taiwan","李敖访谈录1990-2018","071.20150407《海峡导报》专访李敖","5","《大李敖全集5.0》（wjm_tcy版）分章节/007.采访序跋类/005.李敖访谈录1990-2018/071.20150407《海峡导报》专访李敖.txt","","[]","data/timeline-events-li-ao-fangtanlu-1990-2018.json","li-ao-fangtanlu-2015-04-04-haixia-daobao-home-interview-before-80th-birthday","{""id"":""li-ao-fangtanlu-2015-04-04-haixia-daobao-home-interview-before-80th-birthday"",""date"":""2015-04-04"",""displayDate"":""2015年4月4日下午，台北敦化南路家中"",""datePrecision"":""day"",""title"":""李敖在敦化南路家中接受《海峡导报》采访，谈80岁新书和微博"",""summary"":""4月4日下午，《海峡导报》驻台记者到台北市敦化南路李敖家中拜访，并把此前多次专访李敖父子的报纸作为生日礼物送给他。李敖感谢长期关注，受访一个多小时；采访中他说自己每天坚持写一条微博、写满140字且粉丝已一千多万，4月25日80岁生日将出《李敖风流自传》和《虽千万人，李敖往矣》两本书庆生。记者手记又记，李敖原以正在出书为由婉拒，听说记者将返厦门后答应受访，还在门外贴“李”字、递水、延长访谈并合影。"",""category"":""interview"",""type"":""李敖当事人事件"",""source"":{""book"":""李敖访谈录1990-2018"",""chapter"":""071.20150407《海峡导报》专访李敖"",""path"":""《大李敖全集5.0》（wjm_tcy版）分章节/007.采访序跋类/005.李敖访谈录1990-2018/071.20150407《海峡导报》专访李敖.txt"",""line"":5,""lines"":[3,5,7,41,45,47,49,59,61,63]},""certainty"":""confirmed"",""tags"":[""海峡导报"",""台北家中"",""80岁生日"",""微博"",""李敖风流自传"",""虽千万人，李敖往矣""],""people"":[""李敖"",""吴生林"",""李戡""],""places"":[""台北"",""敦化南路李敖家中"",""厦门""],""works"":[""李敖访谈录1990-2018"",""李敖风流自传"",""虽千万人，李敖往矣""],""view"":[""访谈线"",""出版线"",""微博线"",""晚年线""],""crossReferences"":[""book7-2015-early-turns-hello-li-ao-into-full-book-though-ten-million-followers-milestone"",""sui-qianwan-2015-04-25-fengliu-zizhuan-published-in-taiwan""],""dataFile"":""data/timeline-events-li-ao-fangtanlu-1990-2018.json""}"
"27230","2015","2015-04-19","2015年4月19日星期日","day","confirmed","李敖在八十岁生日前逐一向身体部位祝寿","《2015年4月》“个别祝寿”写，2015年4月19日，李敖把即将到来的八十岁生日拆成身体各部位来祝贺：眼睛、鼻子、耳朵、嘴巴一一点名，最后又以玩笑方式面对男性身体和衰老。","李敖","台北","八十岁、祝寿、身体、自况","晚年线、健康线、日常线","虽千万人，李敖往矣","","虽千万人，李敖往矣","034.2015年4月","111","《大李敖全集5.0》（wjm_tcy版）分章节/005.诗集语录类/005.虽千万人，李敖往矣/034.2015年4月.txt","","[]","data/timeline-events-sui-qianwan-li-ao-wangyi.json","sui-qianwan-2015-04-19-addresses-body-parts-before-eightieth-birthday","{""id"":""sui-qianwan-2015-04-19-addresses-body-parts-before-eightieth-birthday"",""date"":""2015-04-19"",""displayDate"":""2015年4月19日星期日"",""datePrecision"":""day"",""title"":""李敖在八十岁生日前逐一向身体部位祝寿"",""summary"":""《2015年4月》“个别祝寿”写，2015年4月19日，李敖把即将到来的八十岁生日拆成身体各部位来祝贺：眼睛、鼻子、耳朵、嘴巴一一点名，最后又以玩笑方式面对男性身体和衰老。"",""view"":[""晚年线"",""健康线"",""日常线""],""tags"":[""八十岁"",""祝寿"",""身体"",""自况""],""people"":[""李敖""],""places"":[""台北""],""works"":[""虽千万人，李敖往矣""],""certainty"":""confirmed"",""source"":{""book"":""虽千万人，李敖往矣"",""chapter"":""034.2015年4月"",""path"":""《大李敖全集5.0》（wjm_tcy版）分章节/005.诗集语录类/005.虽千万人，李敖往矣/034.2015年4月.txt"",""line"":111},""dataFile"":""data/timeline-events-sui-qianwan-li-ao-wangyi.json""}"
"27231","2015","2015-04-20","2015年4月20日星期一","day","confirmed","潘毓刚不断传资料给李敖并提醒冒名假文","《2015年4月》“小蟋蟀潘毓刚”写，2015年4月20日，李敖称潘毓刚是终身级好友，也是自己在美国的“网民”，常一再传资料给他，并提醒许多化名李敖的假文章。4月23日，潘毓刚又传来一篇冒充李敖的假文。","李敖、潘毓刚","美国、台北","潘毓刚、假文章、网民、资料","交游线、网络线、写作线","虽千万人，李敖往矣","","虽千万人，李敖往矣","034.2015年4月","117","《大李敖全集5.0》（wjm_tcy版）分章节/005.诗集语录类/005.虽千万人，李敖往矣/034.2015年4月.txt","虽千万人，李敖往矣 / 034.2015年4月 / line 135 / 说明：4月23日潘毓刚又传来冒充李敖的假文章。 / 《大李敖全集5.0》（wjm_tcy版）分章节/005.诗集语录类/005.虽千万人，李敖往矣/034.2015年4月.txt || 虽千万人，李敖往矣 / 045.2016年8月 / line 87 / 说明：2016年8月21日李敖再次声明外界捏造文章、借李敖文章泄私情，所捧所骂均非他写。 / 《大李敖全集5.0》（wjm_tcy版）分章节/005.诗集语录类/005.虽千万人，李敖往矣/045.2016年8月.txt || 虽千万人，李敖往矣 / 048.2016年11月 / line 57 / 说明：2016年11月14日说明外面假文章太多，李敖天天在微博宣示主权、一概否认。 / 《大李敖全集5.0》（wjm_tcy版）分章节/005.诗集语录类/005.虽千万人，李敖往矣/048.2016年11月.txt","[{""book"":""虽千万人，李敖往矣"",""chapter"":""034.2015年4月"",""path"":""《大李敖全集5.0》（wjm_tcy版）分章节/005.诗集语录类/005.虽千万人，李敖往矣/034.2015年4月.txt"",""line"":135,""note"":""4月23日潘毓刚又传来冒充李敖的假文章。""},{""book"":""虽千万人，李敖往矣"",""chapter"":""045.2016年8月"",""path"":""《大李敖全集5.0》（wjm_tcy版）分章节/005.诗集语录类/005.虽千万人，李敖往矣/045.2016年8月.txt"",""line"":87,""note"":""2016年8月21日李敖再次声明外界捏造文章、借李敖文章泄私情，所捧所骂均非他写。""},{""book"":""虽千万人，李敖往矣"",""chapter"":""048.2016年11月"",""path"":""《大李敖全集5.0》（wjm_tcy版）分章节/005.诗集语录类/005.虽千万人，李敖往矣/048.2016年11月.txt"",""line"":57,""note"":""2016年11月14日说明外面假文章太多，李敖天天在微博宣示主权、一概否认。""}]","data/timeline-events-sui-qianwan-li-ao-wangyi.json","sui-qianwan-2015-04-20-pan-yugang-sends-materials-and-fake-articles","{""id"":""sui-qianwan-2015-04-20-pan-yugang-sends-materials-and-fake-articles"",""date"":""2015-04-20"",""displayDate"":""2015年4月20日星期一"",""datePrecision"":""day"",""title"":""潘毓刚不断传资料给李敖并提醒冒名假文"",""summary"":""《2015年4月》“小蟋蟀潘毓刚”写，2015年4月20日，李敖称潘毓刚是终身级好友，也是自己在美国的“网民”，常一再传资料给他，并提醒许多化名李敖的假文章。4月23日，潘毓刚又传来一篇冒充李敖的假文。"",""view"":[""交游线"",""网络线"",""写作线""],""tags"":[""潘毓刚"",""假文章"",""网民"",""资料""],""people"":[""李敖"",""潘毓刚""],""places"":[""美国"",""台北""],""works"":[""虽千万人，李敖往矣""],""certainty"":""confirmed"",""source"":{""book"":""虽千万人，李敖往矣"",""chapter"":""034.2015年4月"",""path"":""《大李敖全集5.0》（wjm_tcy版）分章节/005.诗集语录类/005.虽千万人，李敖往矣/034.2015年4月.txt"",""line"":117},""additionalSources"":[{""book"":""虽千万人，李敖往矣"",""chapter"":""034.2015年4月"",""path"":""《大李敖全集5.0》（wjm_tcy版）分章节/005.诗集语录类/005.虽千万人，李敖往矣/034.2015年4月.txt"",""line"":135,""note"":""4月23日潘毓刚又传来冒充李敖的假文章。""},{""book"":""虽千万人，李敖往矣"",""chapter"":""045.2016年8月"",""path"":""《大李敖全集5.0》（wjm_tcy版）分章节/005.诗集语录类/005.虽千万人，李敖往矣/045.2016年8月.txt"",""line"":87,""note"":""2016年8月21日李敖再次声明外界捏造文章、借李敖文章泄私情，所捧所骂均非他写。""},{""book"":""虽千万人，李敖往矣"",""chapter"":""048.2016年11月"",""path"":""《大李敖全集5.0》（wjm_tcy版）分章节/005.诗集语录类/005.虽千万人，李敖往矣/048.2016年11月.txt"",""line"":57,""note"":""2016年11月14日说明外面假文章太多，李敖天天在微博宣示主权、一概否认。""}],""dataFile"":""data/timeline-events-sui-qianwan-li-ao-wangyi.json""}"
"27232","2015","2015-04-24","2015年4月24日星期五","day","confirmed","海峡彼岸旧战友专机赴台为李敖八十岁生日送礼","《2015年4月》“送来礼物的人”写，2015年4月24日，李敖记一位十多年前曾共事同梦的旧战友，从海峡彼岸专机飞到台湾，四小时后飞离；对方送来八件礼物，也亲自到场，成为李敖八十岁生日里“深沉的生日礼物”。原文未点名此人，本条据书内文本不作外推。","李敖","台湾","八十岁、生日、专机、礼物、旧战友","交游线、晚年线","虽千万人，李敖往矣","","虽千万人，李敖往矣","034.2015年4月","141","《大李敖全集5.0》（wjm_tcy版）分章节/005.诗集语录类/005.虽千万人，李敖往矣/034.2015年4月.txt","","[]","data/timeline-events-sui-qianwan-li-ao-wangyi.json","sui-qianwan-2015-04-24-old-comrade-flies-private-jet-for-eightieth-birthday","{""id"":""sui-qianwan-2015-04-24-old-comrade-flies-private-jet-for-eightieth-birthday"",""date"":""2015-04-24"",""displayDate"":""2015年4月24日星期五"",""datePrecision"":""day"",""title"":""海峡彼岸旧战友专机赴台为李敖八十岁生日送礼"",""summary"":""《2015年4月》“送来礼物的人”写，2015年4月24日，李敖记一位十多年前曾共事同梦的旧战友，从海峡彼岸专机飞到台湾，四小时后飞离；对方送来八件礼物，也亲自到场，成为李敖八十岁生日里“深沉的生日礼物”。原文未点名此人，本条据书内文本不作外推。"",""view"":[""交游线"",""晚年线""],""tags"":[""八十岁"",""生日"",""专机"",""礼物"",""旧战友""],""people"":[""李敖""],""places"":[""台湾""],""works"":[""虽千万人，李敖往矣""],""certainty"":""confirmed"",""source"":{""book"":""虽千万人，李敖往矣"",""chapter"":""034.2015年4月"",""path"":""《大李敖全集5.0》（wjm_tcy版）分章节/005.诗集语录类/005.虽千万人，李敖往矣/034.2015年4月.txt"",""line"":141},""dataFile"":""data/timeline-events-sui-qianwan-li-ao-wangyi.json""}"
"27233","2015","2015-04-25","2015年4月25日星期六","day","confirmed","《李敖风流自传》在台湾出版","《2015年5月》“《李敖风流自传》”写，《李敖风流自传》已于2015年4月25日在台湾出版，全书目录44页、正文674页、扉页4页、配图48页，共770页。此前3月29日，李敖已在微博中预告该书将作为八十岁生日新书出版，并说明内容“太麻辣”而没有大陆版。","李敖","台湾","李敖风流自传、出版、台湾、八十岁、无大陆版","出版线、著作线、晚年线","李敖风流自传、虽千万人，李敖往矣","book7-2014-12-17-records-diary-turning-toward-writing-fengliu-zizhuan、book7-2015-early-turns-hello-li-ao-into-full-book-though-ten-million-followers-milestone、li-ao-fangtanlu-2015-04-04-haixia-daobao-home-interview-before-80th-birthday、li-ao-fangtanlu-2015-07-30-ctv-interview-love-marriage-and-fengliu-zizhuan","虽千万人，李敖往矣","035.2015年5月","13","《大李敖全集5.0》（wjm_tcy版）分章节/005.诗集语录类/005.虽千万人，李敖往矣/035.2015年5月.txt","虽千万人，李敖往矣 / 033.2015年3月 / line 109 / 说明：3月29日预告4月25日将出版《李敖风流自传》庆祝八十岁，并说明无大陆版。 / 《大李敖全集5.0》（wjm_tcy版）分章节/005.诗集语录类/005.虽千万人，李敖往矣/033.2015年3月.txt || 李敖访谈录1990-2018 / 071.20150407《海峡导报》专访李敖 / line 49 / 说明：《海峡导报》访问中李敖说明《李敖风流自传》是80岁生日新书之一。 / 《大李敖全集5.0》（wjm_tcy版）分章节/007.采访序跋类/005.李敖访谈录1990-2018/071.20150407《海峡导报》专访李敖.txt || 李敖访谈录1990-2018 / 072.20150730中视专访李敖 / line 15 / 说明：中视专访报道补充80岁李敖为自己写《李敖风流自传》。 / 《大李敖全集5.0》（wjm_tcy版）分章节/007.采访序跋类/005.李敖访谈录1990-2018/072.20150730中视专访李敖.txt","[{""book"":""虽千万人，李敖往矣"",""chapter"":""033.2015年3月"",""path"":""《大李敖全集5.0》（wjm_tcy版）分章节/005.诗集语录类/005.虽千万人，李敖往矣/033.2015年3月.txt"",""line"":109,""note"":""3月29日预告4月25日将出版《李敖风流自传》庆祝八十岁，并说明无大陆版。""},{""book"":""李敖访谈录1990-2018"",""chapter"":""071.20150407《海峡导报》专访李敖"",""path"":""《大李敖全集5.0》（wjm_tcy版）分章节/007.采访序跋类/005.李敖访谈录1990-2018/071.20150407《海峡导报》专访李敖.txt"",""line"":49,""lines"":[49],""note"":""《海峡导报》访问中李敖说明《李敖风流自传》是80岁生日新书之一。""},{""book"":""李敖访谈录1990-2018"",""chapter"":""072.20150730中视专访李敖"",""path"":""《大李敖全集5.0》（wjm_tcy版）分章节/007.采访序跋类/005.李敖访谈录1990-2018/072.20150730中视专访李敖.txt"",""line"":15,""lines"":[15],""note"":""中视专访报道补充80岁李敖为自己写《李敖风流自传》。""}]","data/timeline-events-sui-qianwan-li-ao-wangyi.json","sui-qianwan-2015-04-25-fengliu-zizhuan-published-in-taiwan","{""id"":""sui-qianwan-2015-04-25-fengliu-zizhuan-published-in-taiwan"",""date"":""2015-04-25"",""displayDate"":""2015年4月25日星期六"",""datePrecision"":""day"",""title"":""《李敖风流自传》在台湾出版"",""summary"":""《2015年5月》“《李敖风流自传》”写，《李敖风流自传》已于2015年4月25日在台湾出版，全书目录44页、正文674页、扉页4页、配图48页，共770页。此前3月29日，李敖已在微博中预告该书将作为八十岁生日新书出版，并说明内容“太麻辣”而没有大陆版。"",""view"":[""出版线"",""著作线"",""晚年线""],""tags"":[""李敖风流自传"",""出版"",""台湾"",""八十岁"",""无大陆版""],""people"":[""李敖""],""places"":[""台湾""],""works"":[""李敖风流自传"",""虽千万人，李敖往矣""],""certainty"":""confirmed"",""crossReferences"":[""book7-2014-12-17-records-diary-turning-toward-writing-fengliu-zizhuan"",""book7-2015-early-turns-hello-li-ao-into-full-book-though-ten-million-followers-milestone"",""li-ao-fangtanlu-2015-04-04-haixia-daobao-home-interview-before-80th-birthday"",""li-ao-fangtanlu-2015-07-30-ctv-interview-love-marriage-and-fengliu-zizhuan""],""source"":{""book"":""虽千万人，李敖往矣"",""chapter"":""035.2015年5月"",""path"":""《大李敖全集5.0》（wjm_tcy版）分章节/005.诗集语录类/005.虽千万人，李敖往矣/035.2015年5月.txt"",""line"":13},""additionalSources"":[{""book"":""虽千万人，李敖往矣"",""chapter"":""033.2015年3月"",""path"":""《大李敖全集5.0》（wjm_tcy版）分章节/005.诗集语录类/005.虽千万人，李敖往矣/033.2015年3月.txt"",""line"":109,""note"":""3月29日预告4月25日将出版《李敖风流自传》庆祝八十岁，并说明无大陆版。""},{""book"":""李敖访谈录1990-2018"",""chapter"":""071.20150407《海峡导报》专访李敖"",""path"":""《大李敖全集5.0》（wjm_tcy版）分章节/007.采访序跋类/005.李敖访谈录1990-2018/071.20150407《海峡导报》专访李敖.txt"",""line"":49,""lines"":[49],""note"":""《海峡导报》访问中李敖说明《李敖风流自传》是80岁生日新书之一。""},{""book"":""李敖访谈录1990-2018"",""chapter"":""072.20150730中视专访李敖"",""path"":""《大李敖全集5.0》（wjm_tcy版）分章节/007.采访序跋类/005.李敖访谈录1990-2018/072.20150730中视专访李敖.txt"",""line"":15,""lines"":[15],""note"":""中视专访报道补充80岁李敖为自己写《李敖风流自传》。""}],""dataFile"":""data/timeline-events-sui-qianwan-li-ao-wangyi.json""}"
"27234","2015","2015-05-01","2015-05-01","day","","李敖用宪法第八条说明法律文字挡不住现实强力","他说法官常只是法匠，宪法第八条虽写人民可拒绝非法逮捕，但门一开遇到三名大汉仍会被抓走；他借此说明程序正义和法律文字在现实权力面前常脱离。","李敖、柯文哲","台湾","李敖政论综艺集、第十八轮、电视节目、第176集、重磅新闻、宪法第八条、法匠、程序正义、现实权力、柯文哲","public","重磅新闻","li-ao-zhenglun-zongyiji-165-says-publicizing-wiretaps-violates-procedural-justice-even-if-lobbying-existed","","","","","","[]","data/timeline-events-li-ao-zhenglun-zongyiji.json","li-ao-zhenglun-zongyiji-176-uses-constitution-article-eight-to-show-legal-form-fails-before-force","{""id"":""li-ao-zhenglun-zongyiji-176-uses-constitution-article-eight-to-show-legal-form-fails-before-force"",""date"":""2015-05-01"",""year"":2015,""month"":5,""day"":1,""title"":""李敖用宪法第八条说明法律文字挡不住现实强力"",""summary"":""他说法官常只是法匠，宪法第八条虽写人民可拒绝非法逮捕，但门一开遇到三名大汉仍会被抓走；他借此说明程序正义和法律文字在现实权力面前常脱离。"",""category"":""media"",""source"":""《大李敖全集5.0》（wjm_tcy版）分章节/010.节目演讲类/012.李敖政论综艺集/176.20150501《重磅新闻》.txt"",""sourceLines"":[17,21],""lineCount"":635,""people"":[""李敖"",""柯文哲""],""places"":[""台湾""],""works"":[""重磅新闻""],""tags"":[""李敖政论综艺集"",""第十八轮"",""电视节目"",""第176集"",""重磅新闻"",""宪法第八条"",""法匠"",""程序正义"",""现实权力"",""柯文哲""],""crossReferences"":[""li-ao-zhenglun-zongyiji-165-says-publicizing-wiretaps-violates-procedural-justice-even-if-lobbying-existed""],""view"":[""public""],""confidence"":""high"",""round"":""li-ao-zhenglun-zongyiji-round018-171-180"",""dataFile"":""data/timeline-events-li-ao-zhenglun-zongyiji.json""}"
"27235","2015","2015-05-01","2015-05-01","day","","李敖用新书和千万微博粉丝反击台湾近庙欺神","他在节目中拿《李敖风流自传》和《虽千万人，李敖往矣》说明八十岁生日的新书计划，又以新浪微博一千万粉丝对照郭正亮两万人，批评台湾因同他太近而没有肯定他的价值。","李敖、郭正亮、陈文茜、姚立明","台湾、大陆","李敖政论综艺集、第十八轮、电视节目、第176集、重磅新闻、李敖风流自传、虽千万人，李敖往矣、微博、八十岁、近庙欺神","public","重磅新闻、李敖风流自传、虽千万人，李敖往矣、新浪微博","li-ao-zhenglun-zongyiji-161-writes-daily-weibo-with-ipad-wife-posting-and-140-character-structure、li-ao-zhenglun-zongyiji-136-links-banned-books-three-new-books-and-non-inspiration-writing","","","","","","[]","data/timeline-events-li-ao-zhenglun-zongyiji.json","li-ao-zhenglun-zongyiji-176-promotes-new-books-and-ten-million-weibo-as-taiwan-near-temple-blindness","{""id"":""li-ao-zhenglun-zongyiji-176-promotes-new-books-and-ten-million-weibo-as-taiwan-near-temple-blindness"",""date"":""2015-05-01"",""year"":2015,""month"":5,""day"":1,""title"":""李敖用新书和千万微博粉丝反击台湾近庙欺神"",""summary"":""他在节目中拿《李敖风流自传》和《虽千万人，李敖往矣》说明八十岁生日的新书计划，又以新浪微博一千万粉丝对照郭正亮两万人，批评台湾因同他太近而没有肯定他的价值。"",""category"":""media"",""source"":""《大李敖全集5.0》（wjm_tcy版）分章节/010.节目演讲类/012.李敖政论综艺集/176.20150501《重磅新闻》.txt"",""sourceLines"":[139,159],""lineCount"":635,""people"":[""李敖"",""郭正亮"",""陈文茜"",""姚立明""],""places"":[""台湾"",""大陆""],""works"":[""重磅新闻"",""李敖风流自传"",""虽千万人，李敖往矣"",""新浪微博""],""tags"":[""李敖政论综艺集"",""第十八轮"",""电视节目"",""第176集"",""重磅新闻"",""李敖风流自传"",""虽千万人，李敖往矣"",""微博"",""八十岁"",""近庙欺神""],""crossReferences"":[""li-ao-zhenglun-zongyiji-161-writes-daily-weibo-with-ipad-wife-posting-and-140-character-structure"",""li-ao-zhenglun-zongyiji-136-links-banned-books-three-new-books-and-non-inspiration-writing""],""view"":[""public""],""confidence"":""high"",""round"":""li-ao-zhenglun-zongyiji-round018-171-180"",""dataFile"":""data/timeline-events-li-ao-zhenglun-zongyiji.json""}"
"27236","2015","2015-05-01","2015-05-01","day","","李敖回忆在国防委员会挡下陈水扁六千一百零八亿军购","他说台湾军队和爱国者飞弹面对东风十五没有实际作用，自己在立委任内挡下陈水扁六千一百零八亿军购；李杰送钢笔、顾崇廉谈百分之三预算都无效，他主张不买美国武器、用政治牌压美国递减军售。","李敖、陈水扁、李杰、顾崇廉、宋楚瑜","台湾、美国、北京","李敖政论综艺集、第十八轮、电视节目、第176集、重磅新闻、军购、国防委员会、六千一百零八亿、爱国者飞弹、东风十五","public","重磅新闻","li-ao-zhenglun-zongyiji-080-uses-patriot-missile-math-to-say-arms-purchase-is-useless、li-ao-zhenglun-zongyiji-167-proposes-abolishing-defense-ministry-taxing-tycoons-and-paying-everyone-550000","","","","","","[]","data/timeline-events-li-ao-zhenglun-zongyiji.json","li-ao-zhenglun-zongyiji-176-recalls-blocking-6108-billion-arms-package-and-rejecting-us-weapons","{""id"":""li-ao-zhenglun-zongyiji-176-recalls-blocking-6108-billion-arms-package-and-rejecting-us-weapons"",""date"":""2015-05-01"",""year"":2015,""month"":5,""day"":1,""title"":""李敖回忆在国防委员会挡下陈水扁六千一百零八亿军购"",""summary"":""他说台湾军队和爱国者飞弹面对东风十五没有实际作用，自己在立委任内挡下陈水扁六千一百零八亿军购；李杰送钢笔、顾崇廉谈百分之三预算都无效，他主张不买美国武器、用政治牌压美国递减军售。"",""category"":""media"",""source"":""《大李敖全集5.0》（wjm_tcy版）分章节/010.节目演讲类/012.李敖政论综艺集/176.20150501《重磅新闻》.txt"",""sourceLines"":[591,611],""lineCount"":635,""people"":[""李敖"",""陈水扁"",""李杰"",""顾崇廉"",""宋楚瑜""],""places"":[""台湾"",""美国"",""北京""],""works"":[""重磅新闻""],""tags"":[""李敖政论综艺集"",""第十八轮"",""电视节目"",""第176集"",""重磅新闻"",""军购"",""国防委员会"",""六千一百零八亿"",""爱国者飞弹"",""东风十五""],""crossReferences"":[""li-ao-zhenglun-zongyiji-080-uses-patriot-missile-math-to-say-arms-purchase-is-useless"",""li-ao-zhenglun-zongyiji-167-proposes-abolishing-defense-ministry-taxing-tycoons-and-paying-everyone-550000""],""view"":[""public""],""confidence"":""high"",""round"":""li-ao-zhenglun-zongyiji-round018-171-180"",""dataFile"":""data/timeline-events-li-ao-zhenglun-zongyiji.json""}"
"27237","2015","2015-05-01","2015-05-01","day","","李敖回述自己被海外台独人物出卖成台独同志","他说自己是唯一一个为台独坐牢的外省人，原因是公布泰源政治犯名单和拍下跟踪者照片后，辜宽敏、金美龄等人在《台湾青年》处理成台独同志材料，反而害他被咬；他因此把这些独派大佬称为假货。","李敖、辜宽敏、金美龄、彭明敏、谢聪敏、魏廷朝、施明德、蒋介石","台湾、日本、东京","李敖政论综艺集、第十八轮、电视节目、第176集、重磅新闻、台独、辜宽敏、金美龄、政治犯名单、泰源监狱","public","重磅新闻、台湾青年","li-ao-zhenglun-zongyiji-150-revisits-peng-mingmin-friendship-smuggling-charge-and-fake-independence-elites","","","","","","[]","data/timeline-events-li-ao-zhenglun-zongyiji.json","li-ao-zhenglun-zongyiji-176-recalls-being-betrayed-by-fake-overseas-independence-elders","{""id"":""li-ao-zhenglun-zongyiji-176-recalls-being-betrayed-by-fake-overseas-independence-elders"",""date"":""2015-05-01"",""year"":2015,""month"":5,""day"":1,""title"":""李敖回述自己被海外台独人物出卖成台独同志"",""summary"":""他说自己是唯一一个为台独坐牢的外省人，原因是公布泰源政治犯名单和拍下跟踪者照片后，辜宽敏、金美龄等人在《台湾青年》处理成台独同志材料，反而害他被咬；他因此把这些独派大佬称为假货。"",""category"":""media"",""source"":""《大李敖全集5.0》（wjm_tcy版）分章节/010.节目演讲类/012.李敖政论综艺集/176.20150501《重磅新闻》.txt"",""sourceLines"":[63,75],""lineCount"":635,""people"":[""李敖"",""辜宽敏"",""金美龄"",""彭明敏"",""谢聪敏"",""魏廷朝"",""施明德"",""蒋介石""],""places"":[""台湾"",""日本"",""东京""],""works"":[""重磅新闻"",""台湾青年""],""tags"":[""李敖政论综艺集"",""第十八轮"",""电视节目"",""第176集"",""重磅新闻"",""台独"",""辜宽敏"",""金美龄"",""政治犯名单"",""泰源监狱""],""crossReferences"":[""li-ao-zhenglun-zongyiji-150-revisits-peng-mingmin-friendship-smuggling-charge-and-fake-independence-elites""],""view"":[""public""],""confidence"":""high"",""round"":""li-ao-zhenglun-zongyiji-round018-171-180"",""dataFile"":""data/timeline-events-li-ao-zhenglun-zongyiji.json""}"
"27238","2015","2015-05-01","2015-05-01","day","","李敖说太阳花从立法院做共产党又转身向美国总统陈情","他先把反服贸解释为反全球化资本主义，因此说学生在立法院做了共产党；又批评他们进入美国总统网站陈情，摇身一变成为资本家的走狗，政治水准比民进党更低。","李敖、姚立明、马英九","台湾、美国、立法院","李敖政论综艺集、第十八轮、电视节目、第176集、重磅新闻、太阳花、服贸、美国总统网站、全球化、学生运动","public","重磅新闻","li-ao-zhenglun-zongyiji-169-calls-sunflower-twenty-four-days-of-communism-against-service-trade-capitalism、li-ao-zhenglun-zongyiji-170-says-student-movement-broke-democratic-water-tank-without-revolution-or-result","","","","","","[]","data/timeline-events-li-ao-zhenglun-zongyiji.json","li-ao-zhenglun-zongyiji-176-says-sunflower-petition-to-us-turned-communist-protest-into-capitalist-lackey","{""id"":""li-ao-zhenglun-zongyiji-176-says-sunflower-petition-to-us-turned-communist-protest-into-capitalist-lackey"",""date"":""2015-05-01"",""year"":2015,""month"":5,""day"":1,""title"":""李敖说太阳花从立法院做共产党又转身向美国总统陈情"",""summary"":""他先把反服贸解释为反全球化资本主义，因此说学生在立法院做了共产党；又批评他们进入美国总统网站陈情，摇身一变成为资本家的走狗，政治水准比民进党更低。"",""category"":""media"",""source"":""《大李敖全集5.0》（wjm_tcy版）分章节/010.节目演讲类/012.李敖政论综艺集/176.20150501《重磅新闻》.txt"",""sourceLines"":[43,51],""lineCount"":635,""people"":[""李敖"",""姚立明"",""马英九""],""places"":[""台湾"",""美国"",""立法院""],""works"":[""重磅新闻""],""tags"":[""李敖政论综艺集"",""第十八轮"",""电视节目"",""第176集"",""重磅新闻"",""太阳花"",""服贸"",""美国总统网站"",""全球化"",""学生运动""],""crossReferences"":[""li-ao-zhenglun-zongyiji-169-calls-sunflower-twenty-four-days-of-communism-against-service-trade-capitalism"",""li-ao-zhenglun-zongyiji-170-says-student-movement-broke-democratic-water-tank-without-revolution-or-result""],""view"":[""public""],""confidence"":""high"",""round"":""li-ao-zhenglun-zongyiji-round018-171-180"",""dataFile"":""data/timeline-events-li-ao-zhenglun-zongyiji.json""}"
"27239","2015","2015-05-01","2015-05-01","day","","李敖说言论自由从国民党禁书转到财团控制媒体","他说自己过去一百多本书中九十六本被国民党查禁，以为国民党垮后会有言论自由；结果自由被财团、电视、出版和行销系统接收，他若不被节目邀请，就只能在家拍桌子，连大陆微博也要在审查缝隙里突破。","李敖、王雪红、李涛","台湾、大陆","李敖政论综艺集、第十八轮、电视节目、第176集、重磅新闻、言论自由、禁书、财团、电视、微博审查","public","重磅新闻、新浪微博","li-ao-zhenglun-zongyiji-011-says-media-publishing-and-tv-capital-block-speech、li-ao-zhenglun-zongyiji-161-writes-daily-weibo-with-ipad-wife-posting-and-140-character-structure","","","","","","[]","data/timeline-events-li-ao-zhenglun-zongyiji.json","li-ao-zhenglun-zongyiji-176-says-free-speech-passed-from-kmt-censorship-to-capital-control","{""id"":""li-ao-zhenglun-zongyiji-176-says-free-speech-passed-from-kmt-censorship-to-capital-control"",""date"":""2015-05-01"",""year"":2015,""month"":5,""day"":1,""title"":""李敖说言论自由从国民党禁书转到财团控制媒体"",""summary"":""他说自己过去一百多本书中九十六本被国民党查禁，以为国民党垮后会有言论自由；结果自由被财团、电视、出版和行销系统接收，他若不被节目邀请，就只能在家拍桌子，连大陆微博也要在审查缝隙里突破。"",""category"":""media"",""source"":""《大李敖全集5.0》（wjm_tcy版）分章节/010.节目演讲类/012.李敖政论综艺集/176.20150501《重磅新闻》.txt"",""sourceLines"":[339,363],""lineCount"":635,""people"":[""李敖"",""王雪红"",""李涛""],""places"":[""台湾"",""大陆""],""works"":[""重磅新闻"",""新浪微博""],""tags"":[""李敖政论综艺集"",""第十八轮"",""电视节目"",""第176集"",""重磅新闻"",""言论自由"",""禁书"",""财团"",""电视"",""微博审查""],""crossReferences"":[""li-ao-zhenglun-zongyiji-011-says-media-publishing-and-tv-capital-block-speech"",""li-ao-zhenglun-zongyiji-161-writes-daily-weibo-with-ipad-wife-posting-and-140-character-structure""],""view"":[""public""],""confidence"":""high"",""round"":""li-ao-zhenglun-zongyiji-round018-171-180"",""dataFile"":""data/timeline-events-li-ao-zhenglun-zongyiji.json""}"
"27240","2015","2015-05-01","2015年5月1日星期五","day","confirmed","张小燕再邀李敖上节目，郑乃嘉因附加第三人条件拒绝","《2015年5月》“给张小燕的一封信”写，张小燕日前再次邀请李敖上节目，但制作班子附加条件，要求找一位年轻第三者参加。李敖说经纪人郑乃嘉因此拒绝参加，并以写给张小燕的信记录这次节目邀约与拒绝。","李敖、张小燕、郑乃嘉","台湾","张小燕、郑乃嘉、电视节目、经纪","媒体线、交游线、晚年线","虽千万人，李敖往矣","","虽千万人，李敖往矣","035.2015年5月","7","《大李敖全集5.0》（wjm_tcy版）分章节/005.诗集语录类/005.虽千万人，李敖往矣/035.2015年5月.txt","","[]","data/timeline-events-sui-qianwan-li-ao-wangyi.json","sui-qianwan-2015-05-01-zheng-naijia-declines-chang-xiaoyan-program-condition","{""id"":""sui-qianwan-2015-05-01-zheng-naijia-declines-chang-xiaoyan-program-condition"",""date"":""2015-05-01"",""displayDate"":""2015年5月1日星期五"",""datePrecision"":""day"",""title"":""张小燕再邀李敖上节目，郑乃嘉因附加第三人条件拒绝"",""summary"":""《2015年5月》“给张小燕的一封信”写，张小燕日前再次邀请李敖上节目，但制作班子附加条件，要求找一位年轻第三者参加。李敖说经纪人郑乃嘉因此拒绝参加，并以写给张小燕的信记录这次节目邀约与拒绝。"",""view"":[""媒体线"",""交游线"",""晚年线""],""tags"":[""张小燕"",""郑乃嘉"",""电视节目"",""经纪""],""people"":[""李敖"",""张小燕"",""郑乃嘉""],""places"":[""台湾""],""works"":[""虽千万人，李敖往矣""],""certainty"":""confirmed"",""source"":{""book"":""虽千万人，李敖往矣"",""chapter"":""035.2015年5月"",""path"":""《大李敖全集5.0》（wjm_tcy版）分章节/005.诗集语录类/005.虽千万人，李敖往矣/035.2015年5月.txt"",""line"":7},""dataFile"":""data/timeline-events-sui-qianwan-li-ao-wangyi.json""}"
"27241","2015","2015-05-04","2015-05-04","day","","李敖用李戡《国民党员毛泽东》解释朱习会背后的国共幻觉","他在节目开场替李戡打书，说书中据档案证明毛泽东在国民党位阶曾高于蒋介石，两岸都不喜欢真话；他据此解释共产党因两次同国民党纠缠占便宜，至今仍误以为可透过国民党解决台湾问题。","李敖、李戡、毛泽东、蒋介石、习近平、朱立伦","台湾、北京、大陆","李敖政论综艺集、第十八轮、电视节目、第177集、华视新闻广场、李戡、国民党员毛泽东、朱习会、国共关系、档案","public","华视新闻广场、国民党员毛泽东","li-ao-zhenglun-zongyiji-051-argues-chiang-purged-real-kmt-and-left-a-personal-party","","","","","","[]","data/timeline-events-li-ao-zhenglun-zongyiji.json","li-ao-zhenglun-zongyiji-177-promotes-li-kan-kmt-mao-book-as-key-to-ccp-kmt-illusion","{""id"":""li-ao-zhenglun-zongyiji-177-promotes-li-kan-kmt-mao-book-as-key-to-ccp-kmt-illusion"",""date"":""2015-05-04"",""year"":2015,""month"":5,""day"":4,""title"":""李敖用李戡《国民党员毛泽东》解释朱习会背后的国共幻觉"",""summary"":""他在节目开场替李戡打书，说书中据档案证明毛泽东在国民党位阶曾高于蒋介石，两岸都不喜欢真话；他据此解释共产党因两次同国民党纠缠占便宜，至今仍误以为可透过国民党解决台湾问题。"",""category"":""media"",""source"":""《大李敖全集5.0》（wjm_tcy版）分章节/010.节目演讲类/012.李敖政论综艺集/177.20150504《华视新闻广场》.txt"",""sourceLines"":[29,37],""lineCount"":585,""people"":[""李敖"",""李戡"",""毛泽东"",""蒋介石"",""习近平"",""朱立伦""],""places"":[""台湾"",""北京"",""大陆""],""works"":[""华视新闻广场"",""国民党员毛泽东""],""tags"":[""李敖政论综艺集"",""第十八轮"",""电视节目"",""第177集"",""华视新闻广场"",""李戡"",""国民党员毛泽东"",""朱习会"",""国共关系"",""档案""],""crossReferences"":[""li-ao-zhenglun-zongyiji-051-argues-chiang-purged-real-kmt-and-left-a-personal-party""],""view"":[""public""],""confidence"":""high"",""round"":""li-ao-zhenglun-zongyiji-round018-171-180"",""dataFile"":""data/timeline-events-li-ao-zhenglun-zongyiji.json""}"
"27242","2015","2015-05-04","2015-05-04","day","","李敖把九二共识追到陈水扁时代的苏起与蔡英文互相弥缝","他说九二共识原本该是一中各表，却被苏起在陆委会主委临下台前抛出；当时总统是陈水扁，两个月后蔡英文接任又重新解释，李敖因此把苏起和蔡英文说成官僚彼此掩护。","李敖、苏起、陈水扁、蔡英文、朱立伦、习近平","台湾、北京","李敖政论综艺集、第十八轮、电视节目、第177集、华视新闻广场、九二共识、苏起、蔡英文、陈水扁、一中各表","public","华视新闻广场","li-ao-zhenglun-zongyiji-156-uses-su-chi-private-talk-to-say-national-unification-guidelines-beat-1992-consensus、li-ao-zhenglun-zongyiji-158-turns-1992-consensus-into-name-dispute-and-possible-taiwan-consensus","","","","","","[]","data/timeline-events-li-ao-zhenglun-zongyiji.json","li-ao-zhenglun-zongyiji-177-traces-1992-consensus-to-su-chi-chen-and-tsai-mutual-cover","{""id"":""li-ao-zhenglun-zongyiji-177-traces-1992-consensus-to-su-chi-chen-and-tsai-mutual-cover"",""date"":""2015-05-04"",""year"":2015,""month"":5,""day"":4,""title"":""李敖把九二共识追到陈水扁时代的苏起与蔡英文互相弥缝"",""summary"":""他说九二共识原本该是一中各表，却被苏起在陆委会主委临下台前抛出；当时总统是陈水扁，两个月后蔡英文接任又重新解释，李敖因此把苏起和蔡英文说成官僚彼此掩护。"",""category"":""media"",""source"":""《大李敖全集5.0》（wjm_tcy版）分章节/010.节目演讲类/012.李敖政论综艺集/177.20150504《华视新闻广场》.txt"",""sourceLines"":[41,61],""lineCount"":585,""people"":[""李敖"",""苏起"",""陈水扁"",""蔡英文"",""朱立伦"",""习近平""],""places"":[""台湾"",""北京""],""works"":[""华视新闻广场""],""tags"":[""李敖政论综艺集"",""第十八轮"",""电视节目"",""第177集"",""华视新闻广场"",""九二共识"",""苏起"",""蔡英文"",""陈水扁"",""一中各表""],""crossReferences"":[""li-ao-zhenglun-zongyiji-156-uses-su-chi-private-talk-to-say-national-unification-guidelines-beat-1992-consensus"",""li-ao-zhenglun-zongyiji-158-turns-1992-consensus-into-name-dispute-and-possible-taiwan-consensus""],""view"":[""public""],""confidence"":""high"",""round"":""li-ao-zhenglun-zongyiji-round018-171-180"",""dataFile"":""data/timeline-events-li-ao-zhenglun-zongyiji.json""}"
"27243","2015","2015-05-04","2015-05-04","day","","李敖把王金平最大功劳说成使民进党腐化成第二个国民党","他评价王金平时，认为外界只看他和稀泥、政党协商和秘密作业，却忽略王让民进党不上街、不闹事、在国会交换利益；这使民进党变成第二个国民党。","李敖、王金平、柯建铭、马英九","台湾、立法院","李敖政论综艺集、第十八轮、电视节目、第177集、华视新闻广场、王金平、民进党、国民党第二、党团协商、政治人情","public","华视新闻广场","li-ao-zhenglun-zongyiji-168-praises-soong-and-wang-as-rare-politicians-who-understand-people、li-ao-zhenglun-zongyiji-169-says-dpp-became-small-kmt-and-third-party-soong-team-is-still-needed","","","","","","[]","data/timeline-events-li-ao-zhenglun-zongyiji.json","li-ao-zhenglun-zongyiji-177-credits-wang-jinpyng-with-corrupting-dpp-into-second-kmt","{""id"":""li-ao-zhenglun-zongyiji-177-credits-wang-jinpyng-with-corrupting-dpp-into-second-kmt"",""date"":""2015-05-04"",""year"":2015,""month"":5,""day"":4,""title"":""李敖把王金平最大功劳说成使民进党腐化成第二个国民党"",""summary"":""他评价王金平时，认为外界只看他和稀泥、政党协商和秘密作业，却忽略王让民进党不上街、不闹事、在国会交换利益；这使民进党变成第二个国民党。"",""category"":""media"",""source"":""《大李敖全集5.0》（wjm_tcy版）分章节/010.节目演讲类/012.李敖政论综艺集/177.20150504《华视新闻广场》.txt"",""sourceLines"":[291,295],""lineCount"":585,""people"":[""李敖"",""王金平"",""柯建铭"",""马英九""],""places"":[""台湾"",""立法院""],""works"":[""华视新闻广场""],""tags"":[""李敖政论综艺集"",""第十八轮"",""电视节目"",""第177集"",""华视新闻广场"",""王金平"",""民进党"",""国民党第二"",""党团协商"",""政治人情""],""crossReferences"":[""li-ao-zhenglun-zongyiji-168-praises-soong-and-wang-as-rare-politicians-who-understand-people"",""li-ao-zhenglun-zongyiji-169-says-dpp-became-small-kmt-and-third-party-soong-team-is-still-needed""],""view"":[""public""],""confidence"":""high"",""round"":""li-ao-zhenglun-zongyiji-round018-171-180"",""dataFile"":""data/timeline-events-li-ao-zhenglun-zongyiji.json""}"
"27244","2015","2015-05-04","2015-05-04","day","","李敖把宋楚瑜放进王宋、蔡宋、柯宋、宋自选和李敖代选五种二〇一六选项","他认为宋楚瑜大约掌握一成票源，是组合政治的关键；节目中依次推演王宋配、蔡宋配、柯宋配、宋楚瑜自己选，以及亲民党若请他老人家出来带立委的第五种选项。","李敖、宋楚瑜、王金平、蔡英文、柯文哲、连战、尼克松","台湾","李敖政论综艺集、第十八轮、电视节目、第177集、华视新闻广场、宋楚瑜、王宋配、蔡宋配、柯宋配、2016、亲民党","public","华视新闻广场","li-ao-zhenglun-zongyiji-167-backs-soong-pfp-caucus-as-secret-caucus-disruptor-and-practical-administrator、li-ao-zhenglun-zongyiji-170-says-zhu-lilun-cannot-copy-soong-route-and-ma-king-are-finished","","","","","","[]","data/timeline-events-li-ao-zhenglun-zongyiji.json","li-ao-zhenglun-zongyiji-177-makes-soong-pivot-for-five-2016-combination-options","{""id"":""li-ao-zhenglun-zongyiji-177-makes-soong-pivot-for-five-2016-combination-options"",""date"":""2015-05-04"",""year"":2015,""month"":5,""day"":4,""title"":""李敖把宋楚瑜放进王宋、蔡宋、柯宋、宋自选和李敖代选五种二〇一六选项"",""summary"":""他认为宋楚瑜大约掌握一成票源，是组合政治的关键；节目中依次推演王宋配、蔡宋配、柯宋配、宋楚瑜自己选，以及亲民党若请他老人家出来带立委的第五种选项。"",""category"":""media"",""source"":""《大李敖全集5.0》（wjm_tcy版）分章节/010.节目演讲类/012.李敖政论综艺集/177.20150504《华视新闻广场》.txt"",""sourceLines"":[173,249],""lineCount"":585,""people"":[""李敖"",""宋楚瑜"",""王金平"",""蔡英文"",""柯文哲"",""连战"",""尼克松""],""places"":[""台湾""],""works"":[""华视新闻广场""],""tags"":[""李敖政论综艺集"",""第十八轮"",""电视节目"",""第177集"",""华视新闻广场"",""宋楚瑜"",""王宋配"",""蔡宋配"",""柯宋配"",""2016"",""亲民党""],""crossReferences"":[""li-ao-zhenglun-zongyiji-167-backs-soong-pfp-caucus-as-secret-caucus-disruptor-and-practical-administrator"",""li-ao-zhenglun-zongyiji-170-says-zhu-lilun-cannot-copy-soong-route-and-ma-king-are-finished""],""view"":[""public""],""confidence"":""high"",""round"":""li-ao-zhenglun-zongyiji-round018-171-180"",""dataFile"":""data/timeline-events-li-ao-zhenglun-zongyiji.json""}"
"27245","2015","2015-05-04","2015-05-04","day","","李敖说朱立伦北京行两手空空，性格只是会计式刀笔吏","他判断朱立伦同习近平见面平淡无奇、拿不到具体成果，又用汉朝刀笔吏不可做公卿形容朱立伦：学会计出身、一板一眼、没有气魄，不是能做大政治的人。","李敖、朱立伦、习近平、马英九","北京、台湾","李敖政论综艺集、第十八轮、电视节目、第177集、华视新闻广场、朱立伦、朱习会、刀笔吏、会计、国民党","public","华视新闻广场","li-ao-zhenglun-zongyiji-170-says-zhu-lilun-cannot-copy-soong-route-and-ma-king-are-finished","","","","","","[]","data/timeline-events-li-ao-zhenglun-zongyiji.json","li-ao-zhenglun-zongyiji-177-says-zhu-lilun-returned-empty-from-beijing-as-accountant-politician","{""id"":""li-ao-zhenglun-zongyiji-177-says-zhu-lilun-returned-empty-from-beijing-as-accountant-politician"",""date"":""2015-05-04"",""year"":2015,""month"":5,""day"":4,""title"":""李敖说朱立伦北京行两手空空，性格只是会计式刀笔吏"",""summary"":""他判断朱立伦同习近平见面平淡无奇、拿不到具体成果，又用汉朝刀笔吏不可做公卿形容朱立伦：学会计出身、一板一眼、没有气魄，不是能做大政治的人。"",""category"":""media"",""source"":""《大李敖全集5.0》（wjm_tcy版）分章节/010.节目演讲类/012.李敖政论综艺集/177.20150504《华视新闻广场》.txt"",""sourceLines"":[129,137],""lineCount"":585,""people"":[""李敖"",""朱立伦"",""习近平"",""马英九""],""places"":[""北京"",""台湾""],""works"":[""华视新闻广场""],""tags"":[""李敖政论综艺集"",""第十八轮"",""电视节目"",""第177集"",""华视新闻广场"",""朱立伦"",""朱习会"",""刀笔吏"",""会计"",""国民党""],""crossReferences"":[""li-ao-zhenglun-zongyiji-170-says-zhu-lilun-cannot-copy-soong-route-and-ma-king-are-finished""],""view"":[""public""],""confidence"":""high"",""round"":""li-ao-zhenglun-zongyiji-round018-171-180"",""dataFile"":""data/timeline-events-li-ao-zhenglun-zongyiji.json""}"
"27246","2015","2015-05-04","2015-05-04","day","","李敖说明每天八点二十分发文和被查扣时不发第二篇的技巧","谈新书时，他说自己每天八点二十分写作并发出去，若共产党查扣文章，他就不发第二篇，让读者知道当天出了问题；他又展示以李敖为书名的书，称讨论他的书超过五十本，只有少数现代中国人物有这种待遇。","李敖、孙中山、蒋介石、毛泽东、鲁迅、胡适、龙应台","大陆、台湾","李敖政论综艺集、第十八轮、电视节目、第177集、华视新闻广场、每日写作、审查、微博、李敖研究、书名","public","华视新闻广场、李敖风流自传、虽千万人，李敖往矣","li-ao-zhenglun-zongyiji-161-writes-daily-weibo-with-ipad-wife-posting-and-140-character-structure、li-ao-zhenglun-zongyiji-176-promotes-new-books-and-ten-million-weibo-as-taiwan-near-temple-blindness","","","","","","[]","data/timeline-events-li-ao-zhenglun-zongyiji.json","li-ao-zhenglun-zongyiji-177-explains-daily-eight-twenty-writing-and-censorship-silence-method","{""id"":""li-ao-zhenglun-zongyiji-177-explains-daily-eight-twenty-writing-and-censorship-silence-method"",""date"":""2015-05-04"",""year"":2015,""month"":5,""day"":4,""title"":""李敖说明每天八点二十分发文和被查扣时不发第二篇的技巧"",""summary"":""谈新书时，他说自己每天八点二十分写作并发出去，若共产党查扣文章，他就不发第二篇，让读者知道当天出了问题；他又展示以李敖为书名的书，称讨论他的书超过五十本，只有少数现代中国人物有这种待遇。"",""category"":""media"",""source"":""《大李敖全集5.0》（wjm_tcy版）分章节/010.节目演讲类/012.李敖政论综艺集/177.20150504《华视新闻广场》.txt"",""sourceLines"":[403,415],""lineCount"":585,""people"":[""李敖"",""孙中山"",""蒋介石"",""毛泽东"",""鲁迅"",""胡适"",""龙应台""],""places"":[""大陆"",""台湾""],""works"":[""华视新闻广场"",""李敖风流自传"",""虽千万人，李敖往矣""],""tags"":[""李敖政论综艺集"",""第十八轮"",""电视节目"",""第177集"",""华视新闻广场"",""每日写作"",""审查"",""微博"",""李敖研究"",""书名""],""crossReferences"":[""li-ao-zhenglun-zongyiji-161-writes-daily-weibo-with-ipad-wife-posting-and-140-character-structure"",""li-ao-zhenglun-zongyiji-176-promotes-new-books-and-ten-million-weibo-as-taiwan-near-temple-blindness""],""view"":[""public""],""confidence"":""high"",""round"":""li-ao-zhenglun-zongyiji-round018-171-180"",""dataFile"":""data/timeline-events-li-ao-zhenglun-zongyiji.json""}"
"27247","2015","2015-05-08","2015年5月8日星期五","day","confirmed","陪伴李敖十多年的浪琴表在八十岁生日后停走","《2015年5月》“浪琴表”写，十多年前，一位17岁女生在钟表行为李敖选了一支浪琴表；从70岁生日到80岁生日，李敖一直戴着它。80岁生日刚过，表停了，李敖说自己知道不会再修它。","李敖","台湾","浪琴表、八十岁、十七岁、日常物件","日常线、晚年线、情感线","虽千万人，李敖往矣、虚拟的十七岁","","虽千万人，李敖往矣","035.2015年5月","49","《大李敖全集5.0》（wjm_tcy版）分章节/005.诗集语录类/005.虽千万人，李敖往矣/035.2015年5月.txt","","[]","data/timeline-events-sui-qianwan-li-ao-wangyi.json","sui-qianwan-2015-05-08-longines-watch-stops-after-eightieth-birthday","{""id"":""sui-qianwan-2015-05-08-longines-watch-stops-after-eightieth-birthday"",""date"":""2015-05-08"",""displayDate"":""2015年5月8日星期五"",""datePrecision"":""day"",""title"":""陪伴李敖十多年的浪琴表在八十岁生日后停走"",""summary"":""《2015年5月》“浪琴表”写，十多年前，一位17岁女生在钟表行为李敖选了一支浪琴表；从70岁生日到80岁生日，李敖一直戴着它。80岁生日刚过，表停了，李敖说自己知道不会再修它。"",""view"":[""日常线"",""晚年线"",""情感线""],""tags"":[""浪琴表"",""八十岁"",""十七岁"",""日常物件""],""people"":[""李敖""],""places"":[""台湾""],""works"":[""虽千万人，李敖往矣"",""虚拟的十七岁""],""certainty"":""confirmed"",""source"":{""book"":""虽千万人，李敖往矣"",""chapter"":""035.2015年5月"",""path"":""《大李敖全集5.0》（wjm_tcy版）分章节/005.诗集语录类/005.虽千万人，李敖往矣/035.2015年5月.txt"",""line"":49},""dataFile"":""data/timeline-events-sui-qianwan-li-ao-wangyi.json""}"
"27248","2015","2015-05-17","2015-05-17","day","","李敖用二〇〇〇年七十九页立院记录钉住蔡英文曾承认九二共识","他拿出十五年前五月二十九日蔡英文刚任陆委会主委时的七十九页立法院会谈记录，指出蔡曾说陈水扁五二〇演说没有排除九二共识，也承认依法尤其宪法规定处理两岸，这在李敖看来等于承认一个中国框架。","李敖、蔡英文、陈水扁、马英九、李登辉","台湾、立法院","李敖政论综艺集、第十八轮、电视节目、第178集、正晶限時批、蔡英文、九二共识、国统纲领、立法院记录、陆委会","public","正晶限時批","li-ao-zhenglun-zongyiji-156-uses-su-chi-private-talk-to-say-national-unification-guidelines-beat-1992-consensus、li-ao-zhenglun-zongyiji-141-threatens-control-yuan-complaint-over-ma-not-restoring-unification-guidelines","","","","","","[]","data/timeline-events-li-ao-zhenglun-zongyiji.json","li-ao-zhenglun-zongyiji-178-uses-cai-ingwen-2000-legislative-record-to-pin-her-to-unification-guidelines","{""id"":""li-ao-zhenglun-zongyiji-178-uses-cai-ingwen-2000-legislative-record-to-pin-her-to-unification-guidelines"",""date"":""2015-05-17"",""year"":2015,""month"":5,""day"":17,""title"":""李敖用二〇〇〇年七十九页立院记录钉住蔡英文曾承认九二共识"",""summary"":""他拿出十五年前五月二十九日蔡英文刚任陆委会主委时的七十九页立法院会谈记录，指出蔡曾说陈水扁五二〇演说没有排除九二共识，也承认依法尤其宪法规定处理两岸，这在李敖看来等于承认一个中国框架。"",""category"":""media"",""source"":""《大李敖全集5.0》（wjm_tcy版）分章节/010.节目演讲类/012.李敖政论综艺集/178.20150517《正晶限時批》.txt"",""sourceLines"":[44,52],""lineCount"":455,""people"":[""李敖"",""蔡英文"",""陈水扁"",""马英九"",""李登辉""],""places"":[""台湾"",""立法院""],""works"":[""正晶限時批""],""tags"":[""李敖政论综艺集"",""第十八轮"",""电视节目"",""第178集"",""正晶限時批"",""蔡英文"",""九二共识"",""国统纲领"",""立法院记录"",""陆委会""],""crossReferences"":[""li-ao-zhenglun-zongyiji-156-uses-su-chi-private-talk-to-say-national-unification-guidelines-beat-1992-consensus"",""li-ao-zhenglun-zongyiji-141-threatens-control-yuan-complaint-over-ma-not-restoring-unification-guidelines""],""view"":[""public""],""confidence"":""high"",""round"":""li-ao-zhenglun-zongyiji-round018-171-180"",""dataFile"":""data/timeline-events-li-ao-zhenglun-zongyiji.json""}"
"27249","2015","2015-05-17","2015-05-17","day","","李敖批太阳花占院二十八天没有拿到工资保障，却做了反服贸共产党","谈台湾青年焦虑时，他说太阳花在立法院二十八天，竟没有要求把二十二K改成三十二K或四十二K的工资保障写成法律；他们反对服贸，其实是在替真正共产党反资本主义全球化，只是自己不知道。","李敖","台湾、立法院、北京","李敖政论综艺集、第十八轮、电视节目、第178集、正晶限時批、太阳花、服贸、二十二K、工资保障、青年","public","正晶限時批","li-ao-zhenglun-zongyiji-169-calls-sunflower-twenty-four-days-of-communism-against-service-trade-capitalism、li-ao-zhenglun-zongyiji-170-says-student-movement-broke-democratic-water-tank-without-revolution-or-result","","","","","","[]","data/timeline-events-li-ao-zhenglun-zongyiji.json","li-ao-zhenglun-zongyiji-178-says-sunflower-got-no-wage-law-and-reenacted-communism-against-service-trade","{""id"":""li-ao-zhenglun-zongyiji-178-says-sunflower-got-no-wage-law-and-reenacted-communism-against-service-trade"",""date"":""2015-05-17"",""year"":2015,""month"":5,""day"":17,""title"":""李敖批太阳花占院二十八天没有拿到工资保障，却做了反服贸共产党"",""summary"":""谈台湾青年焦虑时，他说太阳花在立法院二十八天，竟没有要求把二十二K改成三十二K或四十二K的工资保障写成法律；他们反对服贸，其实是在替真正共产党反资本主义全球化，只是自己不知道。"",""category"":""media"",""source"":""《大李敖全集5.0》（wjm_tcy版）分章节/010.节目演讲类/012.李敖政论综艺集/178.20150517《正晶限時批》.txt"",""sourceLines"":[439,443],""lineCount"":455,""people"":[""李敖""],""places"":[""台湾"",""立法院"",""北京""],""works"":[""正晶限時批""],""tags"":[""李敖政论综艺集"",""第十八轮"",""电视节目"",""第178集"",""正晶限時批"",""太阳花"",""服贸"",""二十二K"",""工资保障"",""青年""],""crossReferences"":[""li-ao-zhenglun-zongyiji-169-calls-sunflower-twenty-four-days-of-communism-against-service-trade-capitalism"",""li-ao-zhenglun-zongyiji-170-says-student-movement-broke-democratic-water-tank-without-revolution-or-result""],""view"":[""public""],""confidence"":""high"",""round"":""li-ao-zhenglun-zongyiji-round018-171-180"",""dataFile"":""data/timeline-events-li-ao-zhenglun-zongyiji.json""}"
"27250","2015","2015-05-17","2015-05-17","day","","李敖把台湾五十年休生养息方案说成不靠美日北京、靠观光与不买武器","他希望台湾不再闹主义和国家口号，对美国、日本、北京都保持距离，承诺五十年不独立，不买武器，靠观光过小国寡民的日子；又用科西嘉与拿破仑说明台湾人应有更大历史气魄。","李敖、毛泽东、拿破仑","台湾、美国、日本、北京、科西嘉、法国","李敖政论综艺集、第十八轮、电视节目、第178集、正晶限時批、休生养息、观光、不买武器、五十年、拿破仑","public","正晶限時批","li-ao-zhenglun-zongyiji-167-says-taiwan-ruined-by-industry-and-should-return-to-tourism-no-nukes、li-ao-zhenglun-zongyiji-167-proposes-abolishing-defense-ministry-taxing-tycoons-and-paying-everyone-550000","","","","","","[]","data/timeline-events-li-ao-zhenglun-zongyiji.json","li-ao-zhenglun-zongyiji-178-argues-taiwan-should-live-fifty-years-on-tourism-and-no-arms","{""id"":""li-ao-zhenglun-zongyiji-178-argues-taiwan-should-live-fifty-years-on-tourism-and-no-arms"",""date"":""2015-05-17"",""year"":2015,""month"":5,""day"":17,""title"":""李敖把台湾五十年休生养息方案说成不靠美日北京、靠观光与不买武器"",""summary"":""他希望台湾不再闹主义和国家口号，对美国、日本、北京都保持距离，承诺五十年不独立，不买武器，靠观光过小国寡民的日子；又用科西嘉与拿破仑说明台湾人应有更大历史气魄。"",""category"":""media"",""source"":""《大李敖全集5.0》（wjm_tcy版）分章节/010.节目演讲类/012.李敖政论综艺集/178.20150517《正晶限時批》.txt"",""sourceLines"":[415,427],""lineCount"":455,""people"":[""李敖"",""毛泽东"",""拿破仑""],""places"":[""台湾"",""美国"",""日本"",""北京"",""科西嘉"",""法国""],""works"":[""正晶限時批""],""tags"":[""李敖政论综艺集"",""第十八轮"",""电视节目"",""第178集"",""正晶限時批"",""休生养息"",""观光"",""不买武器"",""五十年"",""拿破仑""],""crossReferences"":[""li-ao-zhenglun-zongyiji-167-says-taiwan-ruined-by-industry-and-should-return-to-tourism-no-nukes"",""li-ao-zhenglun-zongyiji-167-proposes-abolishing-defense-ministry-taxing-tycoons-and-paying-everyone-550000""],""view"":[""public""],""confidence"":""high"",""round"":""li-ao-zhenglun-zongyiji-round018-171-180"",""dataFile"":""data/timeline-events-li-ao-zhenglun-zongyiji.json""}"
"27251","2015","2015-05-17","2015-05-17","day","","李敖把白色恐怖定义为旁人冒充不了的心理声音","他说李登辉和马英九冒充政治迫害，程序和心态都会穿帮；真正的白色恐怖是像费翔母亲进屋先说不是我，或他同房黄中国被清晨拖去枪毙时发出的怪声，那是年轻人无法想象的气氛。","李敖、李登辉、马英九、费翔、毕丽娜、黄中国","台湾、北京","李敖政论综艺集、第十八轮、电视节目、第178集、正晶限時批、白色恐怖、政治迫害、李登辉、马英九、监狱","public","正晶限時批","li-ao-zhenglun-zongyiji-160-replays-pen-finger-torture-and-ma-gift-essay-as-unfinished-kmt-hatred、li-ao-zhenglun-zongyiji-168-says-political-light-reminds-white-terror-interrogation","","","","","","[]","data/timeline-events-li-ao-zhenglun-zongyiji.json","li-ao-zhenglun-zongyiji-178-defines-white-terror-as-psychological-sound-fake-victims-cannot-imitate","{""id"":""li-ao-zhenglun-zongyiji-178-defines-white-terror-as-psychological-sound-fake-victims-cannot-imitate"",""date"":""2015-05-17"",""year"":2015,""month"":5,""day"":17,""title"":""李敖把白色恐怖定义为旁人冒充不了的心理声音"",""summary"":""他说李登辉和马英九冒充政治迫害，程序和心态都会穿帮；真正的白色恐怖是像费翔母亲进屋先说不是我，或他同房黄中国被清晨拖去枪毙时发出的怪声，那是年轻人无法想象的气氛。"",""category"":""media"",""source"":""《大李敖全集5.0》（wjm_tcy版）分章节/010.节目演讲类/012.李敖政论综艺集/178.20150517《正晶限時批》.txt"",""sourceLines"":[29,40],""lineCount"":455,""people"":[""李敖"",""李登辉"",""马英九"",""费翔"",""毕丽娜"",""黄中国""],""places"":[""台湾"",""北京""],""works"":[""正晶限時批""],""tags"":[""李敖政论综艺集"",""第十八轮"",""电视节目"",""第178集"",""正晶限時批"",""白色恐怖"",""政治迫害"",""李登辉"",""马英九"",""监狱""],""crossReferences"":[""li-ao-zhenglun-zongyiji-160-replays-pen-finger-torture-and-ma-gift-essay-as-unfinished-kmt-hatred"",""li-ao-zhenglun-zongyiji-168-says-political-light-reminds-white-terror-interrogation""],""view"":[""public""],""confidence"":""high"",""round"":""li-ao-zhenglun-zongyiji-round018-171-180"",""dataFile"":""data/timeline-events-li-ao-zhenglun-zongyiji.json""}"
"27252","2015","2015-05-17","2015-05-17","day","","李敖把金溥聪说成单纯，把王金平和宋楚瑜说成台湾政治天才","他不相信金溥聪以民间友人身份帮马英九做复杂台面下安排，认为金爱告人、话多而单纯；相反，马英九刻薄寡恩，不是好政治人物，台湾真正懂在黑暗政治里做事的天才只有王金平和宋楚瑜。","李敖、金溥聪、马英九、王金平、宋楚瑜、柯建铭","台湾","李敖政论综艺集、第十八轮、电视节目、第178集、正晶限時批、金溥聪、马英九、王金平、宋楚瑜、政治天才","public","正晶限時批","li-ao-zhenglun-zongyiji-168-praises-soong-and-wang-as-rare-politicians-who-understand-people","","","","","","[]","data/timeline-events-li-ao-zhenglun-zongyiji.json","li-ao-zhenglun-zongyiji-178-calls-king-simple-ma-ungrateful-and-wang-soong-political-geniuses","{""id"":""li-ao-zhenglun-zongyiji-178-calls-king-simple-ma-ungrateful-and-wang-soong-political-geniuses"",""date"":""2015-05-17"",""year"":2015,""month"":5,""day"":17,""title"":""李敖把金溥聪说成单纯，把王金平和宋楚瑜说成台湾政治天才"",""summary"":""他不相信金溥聪以民间友人身份帮马英九做复杂台面下安排，认为金爱告人、话多而单纯；相反，马英九刻薄寡恩，不是好政治人物，台湾真正懂在黑暗政治里做事的天才只有王金平和宋楚瑜。"",""category"":""media"",""source"":""《大李敖全集5.0》（wjm_tcy版）分章节/010.节目演讲类/012.李敖政论综艺集/178.20150517《正晶限時批》.txt"",""sourceLines"":[221,233],""lineCount"":455,""people"":[""李敖"",""金溥聪"",""马英九"",""王金平"",""宋楚瑜"",""柯建铭""],""places"":[""台湾""],""works"":[""正晶限時批""],""tags"":[""李敖政论综艺集"",""第十八轮"",""电视节目"",""第178集"",""正晶限時批"",""金溥聪"",""马英九"",""王金平"",""宋楚瑜"",""政治天才""],""crossReferences"":[""li-ao-zhenglun-zongyiji-168-praises-soong-and-wang-as-rare-politicians-who-understand-people""],""view"":[""public""],""confidence"":""high"",""round"":""li-ao-zhenglun-zongyiji-round018-171-180"",""dataFile"":""data/timeline-events-li-ao-zhenglun-zongyiji.json""}"
"27253","2015","2015-05-17","2015-05-17","day","","李敖肯定柯文哲公开市府密约，并把它接到自己的真相丛书方法","他说柯文哲像行动的人，虽疯癫、会犯错，却把市政府签的密约公开化，这是功劳；他把这种公开真相接到自己当年真相丛书的方法，又用蒋介石未毕业于日本士官学校作例子，说明证据可推翻神话。","李敖、柯文哲、蒋介石、郝龙斌、马英九","台北、台湾、日本","李敖政论综艺集、第十八轮、电视节目、第178集、正晶限時批、柯文哲、密约公开、真相丛书、蒋介石、证据方法","public","正晶限時批、真相丛书","li-ao-zhenglun-zongyiji-170-judges-taipei-mayor-race-by-capital-as-leverage-against-central-government","","","","","","[]","data/timeline-events-li-ao-zhenglun-zongyiji.json","li-ao-zhenglun-zongyiji-178-praises-ko-publicizing-secret-contracts-as-truth-series-politics","{""id"":""li-ao-zhenglun-zongyiji-178-praises-ko-publicizing-secret-contracts-as-truth-series-politics"",""date"":""2015-05-17"",""year"":2015,""month"":5,""day"":17,""title"":""李敖肯定柯文哲公开市府密约，并把它接到自己的真相丛书方法"",""summary"":""他说柯文哲像行动的人，虽疯癫、会犯错，却把市政府签的密约公开化，这是功劳；他把这种公开真相接到自己当年真相丛书的方法，又用蒋介石未毕业于日本士官学校作例子，说明证据可推翻神话。"",""category"":""media"",""source"":""《大李敖全集5.0》（wjm_tcy版）分章节/010.节目演讲类/012.李敖政论综艺集/178.20150517《正晶限時批》.txt"",""sourceLines"":[53,69],""lineCount"":455,""people"":[""李敖"",""柯文哲"",""蒋介石"",""郝龙斌"",""马英九""],""places"":[""台北"",""台湾"",""日本""],""works"":[""正晶限時批"",""真相丛书""],""tags"":[""李敖政论综艺集"",""第十八轮"",""电视节目"",""第178集"",""正晶限時批"",""柯文哲"",""密约公开"",""真相丛书"",""蒋介石"",""证据方法""],""crossReferences"":[""li-ao-zhenglun-zongyiji-170-judges-taipei-mayor-race-by-capital-as-leverage-against-central-government""],""view"":[""public""],""confidence"":""high"",""round"":""li-ao-zhenglun-zongyiji-round018-171-180"",""dataFile"":""data/timeline-events-li-ao-zhenglun-zongyiji.json""}"
"27254","2015","2015-05-17","2015-05-17","day","","李敖说国民党党产能保留下来，是陈水扁没有按德国模式追究","谈国民党垮掉和党产时，他说陈水扁选总统曾主张按德国模式查国民党党产，但执政后放水，连中央党部大楼也让它过关，因此国民党党产的保存同民进党保护有关。","李敖、陈水扁、王金平、宋楚瑜、连战、马英九","台湾、德国","李敖政论综艺集、第十八轮、电视节目、第178集、正晶限時批、国民党党产、陈水扁、德国模式、中央党部、民进党","public","正晶限時批","li-ao-zhenglun-zongyiji-168-lists-party-assets-and-fubon-mei-heshi-five-cases-against-ma-clean-image","","","","","","[]","data/timeline-events-li-ao-zhenglun-zongyiji.json","li-ao-zhenglun-zongyiji-178-says-bian-protected-kmt-party-assets-by-not-using-german-model","{""id"":""li-ao-zhenglun-zongyiji-178-says-bian-protected-kmt-party-assets-by-not-using-german-model"",""date"":""2015-05-17"",""year"":2015,""month"":5,""day"":17,""title"":""李敖说国民党党产能保留下来，是陈水扁没有按德国模式追究"",""summary"":""谈国民党垮掉和党产时，他说陈水扁选总统曾主张按德国模式查国民党党产，但执政后放水，连中央党部大楼也让它过关，因此国民党党产的保存同民进党保护有关。"",""category"":""media"",""source"":""《大李敖全集5.0》（wjm_tcy版）分章节/010.节目演讲类/012.李敖政论综艺集/178.20150517《正晶限時批》.txt"",""sourceLines"":[159,171],""lineCount"":455,""people"":[""李敖"",""陈水扁"",""王金平"",""宋楚瑜"",""连战"",""马英九""],""places"":[""台湾"",""德国""],""works"":[""正晶限時批""],""tags"":[""李敖政论综艺集"",""第十八轮"",""电视节目"",""第178集"",""正晶限時批"",""国民党党产"",""陈水扁"",""德国模式"",""中央党部"",""民进党""],""crossReferences"":[""li-ao-zhenglun-zongyiji-168-lists-party-assets-and-fubon-mei-heshi-five-cases-against-ma-clean-image""],""view"":[""public""],""confidence"":""high"",""round"":""li-ao-zhenglun-zongyiji-round018-171-180"",""dataFile"":""data/timeline-events-li-ao-zhenglun-zongyiji.json""}"
"27255","2015","2015-06-04","2015-06-04","day","","李敖在八十岁谈《李敖风流自传》，把它放进禁书大王纪录","主持人祝他八十岁生日并问新书，他说自己写过一百多本书，九十六本被国民党查禁，共产党又接力查禁超过一百本；《李敖风流自传》七百多页，只花四十天完成，是八十岁总该意思一下。","李敖","台湾、大陆","李敖政论综艺集、第十八轮、电视节目、第179集、台湾名人堂、李敖风流自传、八十岁、禁书、查禁、四十天写作","public","台湾名人堂、李敖风流自传","li-ao-zhenglun-zongyiji-136-links-banned-books-three-new-books-and-non-inspiration-writing","","","","","","[]","data/timeline-events-li-ao-zhenglun-zongyiji.json","li-ao-zhenglun-zongyiji-179-presents-windy-autobiography-as-eighty-year-old-banned-book-record","{""id"":""li-ao-zhenglun-zongyiji-179-presents-windy-autobiography-as-eighty-year-old-banned-book-record"",""date"":""2015-06-04"",""year"":2015,""month"":6,""day"":4,""title"":""李敖在八十岁谈《李敖风流自传》，把它放进禁书大王纪录"",""summary"":""主持人祝他八十岁生日并问新书，他说自己写过一百多本书，九十六本被国民党查禁，共产党又接力查禁超过一百本；《李敖风流自传》七百多页，只花四十天完成，是八十岁总该意思一下。"",""category"":""media"",""source"":""《大李敖全集5.0》（wjm_tcy版）分章节/010.节目演讲类/012.李敖政论综艺集/179.20150604《台湾名人堂》.txt"",""sourceLines"":[267,277],""lineCount"":413,""people"":[""李敖""],""places"":[""台湾"",""大陆""],""works"":[""台湾名人堂"",""李敖风流自传""],""tags"":[""李敖政论综艺集"",""第十八轮"",""电视节目"",""第179集"",""台湾名人堂"",""李敖风流自传"",""八十岁"",""禁书"",""查禁"",""四十天写作""],""crossReferences"":[""li-ao-zhenglun-zongyiji-136-links-banned-books-three-new-books-and-non-inspiration-writing""],""view"":[""public""],""confidence"":""high"",""round"":""li-ao-zhenglun-zongyiji-round018-171-180"",""dataFile"":""data/timeline-events-li-ao-zhenglun-zongyiji.json""}"
"27256","2015","2015-06-04","2015-06-04","day","","李敖把医生参政说成骄傲狭窄的祸源，又说柯文哲的病是不能说谎","他从柯文哲谈起，批台湾很多医生喜欢搞政治，因为求学和医院环境太优秀、太骄傲、生活范围狭窄，容易上当；柯文哲的特殊处在于有病、疯狂、不能说谎，因而带来旧式政党外的希望。","李敖、柯文哲、孙中山、赖清德","台湾、台大医院","李敖政论综艺集、第十八轮、电视节目、第179集、台湾名人堂、医生政治、柯文哲、赖清德、台大医院、说真话","public","台湾名人堂","li-ao-zhenglun-zongyiji-175-backs-ko-as-third-force-if-he-stays-away-from-kmt-and-dpp","","","","","","[]","data/timeline-events-li-ao-zhenglun-zongyiji.json","li-ao-zhenglun-zongyiji-179-says-doctor-politicians-are-proud-narrow-and-ko-cannot-lie","{""id"":""li-ao-zhenglun-zongyiji-179-says-doctor-politicians-are-proud-narrow-and-ko-cannot-lie"",""date"":""2015-06-04"",""year"":2015,""month"":6,""day"":4,""title"":""李敖把医生参政说成骄傲狭窄的祸源，又说柯文哲的病是不能说谎"",""summary"":""他从柯文哲谈起，批台湾很多医生喜欢搞政治，因为求学和医院环境太优秀、太骄傲、生活范围狭窄，容易上当；柯文哲的特殊处在于有病、疯狂、不能说谎，因而带来旧式政党外的希望。"",""category"":""media"",""source"":""《大李敖全集5.0》（wjm_tcy版）分章节/010.节目演讲类/012.李敖政论综艺集/179.20150604《台湾名人堂》.txt"",""sourceLines"":[9,25],""lineCount"":413,""people"":[""李敖"",""柯文哲"",""孙中山"",""赖清德""],""places"":[""台湾"",""台大医院""],""works"":[""台湾名人堂""],""tags"":[""李敖政论综艺集"",""第十八轮"",""电视节目"",""第179集"",""台湾名人堂"",""医生政治"",""柯文哲"",""赖清德"",""台大医院"",""说真话""],""crossReferences"":[""li-ao-zhenglun-zongyiji-175-backs-ko-as-third-force-if-he-stays-away-from-kmt-and-dpp""],""view"":[""public""],""confidence"":""high"",""round"":""li-ao-zhenglun-zongyiji-round018-171-180"",""dataFile"":""data/timeline-events-li-ao-zhenglun-zongyiji.json""}"
"27257","2015","2015-06-04","2015-06-04","day","","李敖把柯宋配解释为皇帝找到总司令，而非柯文哲亲自带兵","他借刘邦问韩信的故事说，柯文哲不能亲自带团队斩将搴旗，而应像皇帝一样找到能带兵的总司令；宋楚瑜有省府团队和行政经验，所以台北市甚至总统路线都需要柯宋配。","李敖、柯文哲、宋楚瑜、刘邦、韩信、蔡英文","台北、台湾","李敖政论综艺集、第十八轮、电视节目、第179集、台湾名人堂、柯宋配、用人、刘邦、韩信、总统选举","public","台湾名人堂","li-ao-zhenglun-zongyiji-175-proposes-ko-as-adou-president-and-soong-team-as-zhugeliang","","","","","","[]","data/timeline-events-li-ao-zhenglun-zongyiji.json","li-ao-zhenglun-zongyiji-179-frames-ko-song-pair-as-emperor-finding-general","{""id"":""li-ao-zhenglun-zongyiji-179-frames-ko-song-pair-as-emperor-finding-general"",""date"":""2015-06-04"",""year"":2015,""month"":6,""day"":4,""title"":""李敖把柯宋配解释为皇帝找到总司令，而非柯文哲亲自带兵"",""summary"":""他借刘邦问韩信的故事说，柯文哲不能亲自带团队斩将搴旗，而应像皇帝一样找到能带兵的总司令；宋楚瑜有省府团队和行政经验，所以台北市甚至总统路线都需要柯宋配。"",""category"":""media"",""source"":""《大李敖全集5.0》（wjm_tcy版）分章节/010.节目演讲类/012.李敖政论综艺集/179.20150604《台湾名人堂》.txt"",""sourceLines"":[73,109],""lineCount"":413,""people"":[""李敖"",""柯文哲"",""宋楚瑜"",""刘邦"",""韩信"",""蔡英文""],""places"":[""台北"",""台湾""],""works"":[""台湾名人堂""],""tags"":[""李敖政论综艺集"",""第十八轮"",""电视节目"",""第179集"",""台湾名人堂"",""柯宋配"",""用人"",""刘邦"",""韩信"",""总统选举""],""crossReferences"":[""li-ao-zhenglun-zongyiji-175-proposes-ko-as-adou-president-and-soong-team-as-zhugeliang""],""view"":[""public""],""confidence"":""high"",""round"":""li-ao-zhenglun-zongyiji-round018-171-180"",""dataFile"":""data/timeline-events-li-ao-zhenglun-zongyiji.json""}"
"27258","2015","2015-06-04","2015-06-04","day","","李敖说国民党是一群死人，只有洪秀柱像活人并能名正言顺出线","谈国民党接班时，他说马英九和国民党候选人都像死人，只有洪秀柱是活人；又重申国民党应被消灭，因为共产党脑中仍迷恋国民党这个谈判幻觉，才有朱习会和连战在北京招摇撞骗。","李敖、马英九、洪秀柱、朱立伦、连战、毛泽东","台湾、北京","李敖政论综艺集、第十八轮、电视节目、第179集、台湾名人堂、洪秀柱、国民党、朱习会、连战、国共幻觉","public","台湾名人堂、国民党员毛泽东","li-ao-zhenglun-zongyiji-177-promotes-li-kan-kmt-mao-book-as-key-to-ccp-kmt-illusion、li-ao-zhenglun-zongyiji-165-says-beijing-misread-kmt-and-current-kmt-is-corpse-for-ccp-to-guard","","","","","","[]","data/timeline-events-li-ao-zhenglun-zongyiji.json","li-ao-zhenglun-zongyiji-179-calls-hung-hsiu-chu-only-living-kmt-figure-and-kmt-a-cross-strait-illusion","{""id"":""li-ao-zhenglun-zongyiji-179-calls-hung-hsiu-chu-only-living-kmt-figure-and-kmt-a-cross-strait-illusion"",""date"":""2015-06-04"",""year"":2015,""month"":6,""day"":4,""title"":""李敖说国民党是一群死人，只有洪秀柱像活人并能名正言顺出线"",""summary"":""谈国民党接班时，他说马英九和国民党候选人都像死人，只有洪秀柱是活人；又重申国民党应被消灭，因为共产党脑中仍迷恋国民党这个谈判幻觉，才有朱习会和连战在北京招摇撞骗。"",""category"":""media"",""source"":""《大李敖全集5.0》（wjm_tcy版）分章节/010.节目演讲类/012.李敖政论综艺集/179.20150604《台湾名人堂》.txt"",""sourceLines"":[217,253],""lineCount"":413,""people"":[""李敖"",""马英九"",""洪秀柱"",""朱立伦"",""连战"",""毛泽东""],""places"":[""台湾"",""北京""],""works"":[""台湾名人堂"",""国民党员毛泽东""],""tags"":[""李敖政论综艺集"",""第十八轮"",""电视节目"",""第179集"",""台湾名人堂"",""洪秀柱"",""国民党"",""朱习会"",""连战"",""国共幻觉""],""crossReferences"":[""li-ao-zhenglun-zongyiji-177-promotes-li-kan-kmt-mao-book-as-key-to-ccp-kmt-illusion"",""li-ao-zhenglun-zongyiji-165-says-beijing-misread-kmt-and-current-kmt-is-corpse-for-ccp-to-guard""],""view"":[""public""],""confidence"":""high"",""round"":""li-ao-zhenglun-zongyiji-round018-171-180"",""dataFile"":""data/timeline-events-li-ao-zhenglun-zongyiji.json""}"
"27259","2015","2015-06-04","2015-06-04","day","","李敖说柯文哲对大巨蛋只能定原则，执行要交给宋楚瑜式专家","他认为大巨蛋那块地本该恢复公园，这是柯文哲能定的大原则；如何拆、如何处理远雄和技术细节，则应交给宋楚瑜这种有行政经验的人，柯若自己站第一线就会穿帮。","李敖、柯文哲、宋楚瑜、郝龙斌、马英九、罗斯福","台北、巴拿马","李敖政论综艺集、第十八轮、电视节目、第179集、台湾名人堂、大巨蛋、柯文哲、宋楚瑜、公园、行政经验","public","台湾名人堂","li-ao-zhenglun-zongyiji-178-praises-ko-publicizing-secret-contracts-as-truth-series-politics","","","","","","[]","data/timeline-events-li-ao-zhenglun-zongyiji.json","li-ao-zhenglun-zongyiji-179-turns-big-dome-into-park-principle-and-gives-execution-to-soong","{""id"":""li-ao-zhenglun-zongyiji-179-turns-big-dome-into-park-principle-and-gives-execution-to-soong"",""date"":""2015-06-04"",""year"":2015,""month"":6,""day"":4,""title"":""李敖说柯文哲对大巨蛋只能定原则，执行要交给宋楚瑜式专家"",""summary"":""他认为大巨蛋那块地本该恢复公园，这是柯文哲能定的大原则；如何拆、如何处理远雄和技术细节，则应交给宋楚瑜这种有行政经验的人，柯若自己站第一线就会穿帮。"",""category"":""media"",""source"":""《大李敖全集5.0》（wjm_tcy版）分章节/010.节目演讲类/012.李敖政论综艺集/179.20150604《台湾名人堂》.txt"",""sourceLines"":[33,41],""lineCount"":413,""people"":[""李敖"",""柯文哲"",""宋楚瑜"",""郝龙斌"",""马英九"",""罗斯福""],""places"":[""台北"",""巴拿马""],""works"":[""台湾名人堂""],""tags"":[""李敖政论综艺集"",""第十八轮"",""电视节目"",""第179集"",""台湾名人堂"",""大巨蛋"",""柯文哲"",""宋楚瑜"",""公园"",""行政经验""],""crossReferences"":[""li-ao-zhenglun-zongyiji-178-praises-ko-publicizing-secret-contracts-as-truth-series-politics""],""view"":[""public""],""confidence"":""high"",""round"":""li-ao-zhenglun-zongyiji-round018-171-180"",""dataFile"":""data/timeline-events-li-ao-zhenglun-zongyiji.json""}"
"27260","2015","2015-06-04","2015-06-04","day","","李敖说候选人访美暴露台湾主权独立是吹牛，《台湾关系法》也只写严重关切","评论蔡英文美国行时，他说台湾总统候选人要看美国脸色，证明所谓主权独立是吹牛；他强调自己读过《台湾关系法》原文，里面没有保护台湾，只说美国严重关切，并引沈剑虹五十二次、钱复四十次保证失信说明美国不可靠。","李敖、蔡英文、沈剑虹、钱复、里根","台湾、美国","李敖政论综艺集、第十八轮、电视节目、第179集、台湾名人堂、蔡英文访美、台湾关系法、沈剑虹、钱复、美国不可靠","public","台湾名人堂、台湾关系法、沈剑虹回忆录、钱复回忆录","li-ao-zhenglun-zongyiji-075-says-americans-cannot-be-trusted-through-shen-jianhong-memoir、li-ao-zhenglun-zongyiji-141-quotes-qian-fu-to-argue-american-assurances-and-tra-are-unreliable","","","","","","[]","data/timeline-events-li-ao-zhenglun-zongyiji.json","li-ao-zhenglun-zongyiji-179-says-us-trips-expose-fake-sovereignty-and-tra-only-serious-concern","{""id"":""li-ao-zhenglun-zongyiji-179-says-us-trips-expose-fake-sovereignty-and-tra-only-serious-concern"",""date"":""2015-06-04"",""year"":2015,""month"":6,""day"":4,""title"":""李敖说候选人访美暴露台湾主权独立是吹牛，《台湾关系法》也只写严重关切"",""summary"":""评论蔡英文美国行时，他说台湾总统候选人要看美国脸色，证明所谓主权独立是吹牛；他强调自己读过《台湾关系法》原文，里面没有保护台湾，只说美国严重关切，并引沈剑虹五十二次、钱复四十次保证失信说明美国不可靠。"",""category"":""media"",""source"":""《大李敖全集5.0》（wjm_tcy版）分章节/010.节目演讲类/012.李敖政论综艺集/179.20150604《台湾名人堂》.txt"",""sourceLines"":[151,161],""lineCount"":413,""people"":[""李敖"",""蔡英文"",""沈剑虹"",""钱复"",""里根""],""places"":[""台湾"",""美国""],""works"":[""台湾名人堂"",""台湾关系法"",""沈剑虹回忆录"",""钱复回忆录""],""tags"":[""李敖政论综艺集"",""第十八轮"",""电视节目"",""第179集"",""台湾名人堂"",""蔡英文访美"",""台湾关系法"",""沈剑虹"",""钱复"",""美国不可靠""],""crossReferences"":[""li-ao-zhenglun-zongyiji-075-says-americans-cannot-be-trusted-through-shen-jianhong-memoir"",""li-ao-zhenglun-zongyiji-141-quotes-qian-fu-to-argue-american-assurances-and-tra-are-unreliable""],""view"":[""public""],""confidence"":""high"",""round"":""li-ao-zhenglun-zongyiji-round018-171-180"",""dataFile"":""data/timeline-events-li-ao-zhenglun-zongyiji.json""}"
"27261","2015","2015-06-04","2015-06-04","day","","李敖警告台湾年轻人在本地没前途、出门又没有竞争力","他比较北大精英与台湾年轻人，认为台湾青年留在岛内没有前途，出门又缺竞争力；太阳花没有争到工资保障，只制造四个代表人物。他回看自己年轻时也前途茫茫，却靠坐牢和写书反蒋介石、蒋经国、国民党打出目标。","李敖、郭台铭、张忠谋、蒋介石、蒋经国","台湾、北京","李敖政论综艺集、第十八轮、电视节目、第179集、台湾名人堂、台湾年轻人、北大、太阳花、月光族、反蒋写作","public","台湾名人堂","li-ao-zhenglun-zongyiji-178-says-sunflower-got-no-wage-law-and-reenacted-communism-against-service-trade、li-ao-zhenglun-zongyiji-169-calls-sunflower-twenty-four-days-of-communism-against-service-trade-capitalism","","","","","","[]","data/timeline-events-li-ao-zhenglun-zongyiji.json","li-ao-zhenglun-zongyiji-179-warns-taiwan-youth-have-no-local-future-or-global-competitiveness","{""id"":""li-ao-zhenglun-zongyiji-179-warns-taiwan-youth-have-no-local-future-or-global-competitiveness"",""date"":""2015-06-04"",""year"":2015,""month"":6,""day"":4,""title"":""李敖警告台湾年轻人在本地没前途、出门又没有竞争力"",""summary"":""他比较北大精英与台湾年轻人，认为台湾青年留在岛内没有前途，出门又缺竞争力；太阳花没有争到工资保障，只制造四个代表人物。他回看自己年轻时也前途茫茫，却靠坐牢和写书反蒋介石、蒋经国、国民党打出目标。"",""category"":""media"",""source"":""《大李敖全集5.0》（wjm_tcy版）分章节/010.节目演讲类/012.李敖政论综艺集/179.20150604《台湾名人堂》.txt"",""sourceLines"":[353,381],""lineCount"":413,""people"":[""李敖"",""郭台铭"",""张忠谋"",""蒋介石"",""蒋经国""],""places"":[""台湾"",""北京""],""works"":[""台湾名人堂""],""tags"":[""李敖政论综艺集"",""第十八轮"",""电视节目"",""第179集"",""台湾名人堂"",""台湾年轻人"",""北大"",""太阳花"",""月光族"",""反蒋写作""],""crossReferences"":[""li-ao-zhenglun-zongyiji-178-says-sunflower-got-no-wage-law-and-reenacted-communism-against-service-trade"",""li-ao-zhenglun-zongyiji-169-calls-sunflower-twenty-four-days-of-communism-against-service-trade-capitalism""],""view"":[""public""],""confidence"":""high"",""round"":""li-ao-zhenglun-zongyiji-round018-171-180"",""dataFile"":""data/timeline-events-li-ao-zhenglun-zongyiji.json""}"
"27262","2015","2015-06-09","2015年6月9日","day","confirmed","李敖在青年论坛八十演讲大会开场承认听力变差反应变慢","李敖在与陈文茜的青年论坛对谈开场说自己听力差、反应变慢，并笑称陈文茜有恶意，他只能准备招架。","李敖、陈文茜","台北","李敖演讲集、演讲、青年论坛、80演讲大会、陈文茜对谈、八十演讲大会、听力、陈文茜","演讲线、公共事件线","李敖演讲集、053.20150609李敖青年论坛演讲","","李敖演讲集","053.20150609李敖青年论坛演讲","29","《大李敖全集5.0》（wjm_tcy版）分章节/010.节目演讲类/011.李敖演讲集/053.20150609李敖青年论坛演讲.txt","","[]","data/timeline-events-li-ao-yanjiangji.json","li-ao-yanjiangji-053-opens-eighty-talk-with-hearing-loss-and-slower-reaction","{""id"":""li-ao-yanjiangji-053-opens-eighty-talk-with-hearing-loss-and-slower-reaction"",""date"":""2015-06-09"",""displayDate"":""2015年6月9日"",""datePrecision"":""day"",""title"":""李敖在青年论坛八十演讲大会开场承认听力变差反应变慢"",""summary"":""李敖在与陈文茜的青年论坛对谈开场说自己听力差、反应变慢，并笑称陈文茜有恶意，他只能准备招架。"",""view"":[""演讲线"",""公共事件线""],""tags"":[""李敖演讲集"",""演讲"",""青年论坛"",""80演讲大会"",""陈文茜对谈"",""八十演讲大会"",""听力"",""陈文茜""],""people"":[""李敖"",""陈文茜""],""places"":[""台北""],""works"":[""李敖演讲集"",""053.20150609李敖青年论坛演讲""],""certainty"":""confirmed"",""source"":{""book"":""李敖演讲集"",""chapter"":""053.20150609李敖青年论坛演讲"",""path"":""《大李敖全集5.0》（wjm_tcy版）分章节/010.节目演讲类/011.李敖演讲集/053.20150609李敖青年论坛演讲.txt"",""line"":29,""lines"":[29]},""crossReferences"":[],""dataFile"":""data/timeline-events-li-ao-yanjiangji.json""}"
"27263","2015","2015-06-09","2015年6月9日","day","confirmed","李敖在青年论坛从把马子词源讲到老年欲望阶段","李敖说自己不忌讳生命和死亡，再解释“把马子”来自唐代避虎讳的语言变化，并把男性年轻、中年、老年的欲望对象讲成阶段笑话。","李敖","台北","李敖演讲集、演讲、青年论坛、80演讲大会、陈文茜对谈、把马子、避讳、老年、生命死亡、语言","演讲线、公共事件线","李敖演讲集、053.20150609李敖青年论坛演讲","","李敖演讲集","053.20150609李敖青年论坛演讲","97","《大李敖全集5.0》（wjm_tcy版）分章节/010.节目演讲类/011.李敖演讲集/053.20150609李敖青年论坛演讲.txt","","[]","data/timeline-events-li-ao-yanjiangji.json","li-ao-yanjiangji-053-explains-bamazi-taboo-etymology-and-aging-desire-stages","{""id"":""li-ao-yanjiangji-053-explains-bamazi-taboo-etymology-and-aging-desire-stages"",""date"":""2015-06-09"",""displayDate"":""2015年6月9日"",""datePrecision"":""day"",""title"":""李敖在青年论坛从把马子词源讲到老年欲望阶段"",""summary"":""李敖说自己不忌讳生命和死亡，再解释“把马子”来自唐代避虎讳的语言变化，并把男性年轻、中年、老年的欲望对象讲成阶段笑话。"",""view"":[""演讲线"",""公共事件线""],""tags"":[""李敖演讲集"",""演讲"",""青年论坛"",""80演讲大会"",""陈文茜对谈"",""把马子"",""避讳"",""老年"",""生命死亡"",""语言""],""people"":[""李敖""],""places"":[""台北""],""works"":[""李敖演讲集"",""053.20150609李敖青年论坛演讲""],""certainty"":""confirmed"",""source"":{""book"":""李敖演讲集"",""chapter"":""053.20150609李敖青年论坛演讲"",""path"":""《大李敖全集5.0》（wjm_tcy版）分章节/010.节目演讲类/011.李敖演讲集/053.20150609李敖青年论坛演讲.txt"",""line"":97,""lines"":[97]},""crossReferences"":[],""dataFile"":""data/timeline-events-li-ao-yanjiangji.json""}"
"27264","2015","2015-06-09","2015年6月9日","day","confirmed","李敖在青年论坛以五十六岁写《北京法源寺》说明经典要慢慢写","李敖说《北京法源寺》是他五十六岁写的，并借世界经典作品说明真正经得起时间的书常常要慢慢写。","李敖","台北","李敖演讲集、演讲、青年论坛、80演讲大会、陈文茜对谈、北京法源寺、经典、写作速度","演讲线、公共事件线","李敖演讲集、053.20150609李敖青年论坛演讲、北京法源寺","","李敖演讲集","053.20150609李敖青年论坛演讲","357","《大李敖全集5.0》（wjm_tcy版）分章节/010.节目演讲类/011.李敖演讲集/053.20150609李敖青年论坛演讲.txt","","[]","data/timeline-events-li-ao-yanjiangji.json","li-ao-yanjiangji-053-uses-beijing-fayuansi-to-say-classics-are-written-slowly","{""id"":""li-ao-yanjiangji-053-uses-beijing-fayuansi-to-say-classics-are-written-slowly"",""date"":""2015-06-09"",""displayDate"":""2015年6月9日"",""datePrecision"":""day"",""title"":""李敖在青年论坛以五十六岁写《北京法源寺》说明经典要慢慢写"",""summary"":""李敖说《北京法源寺》是他五十六岁写的，并借世界经典作品说明真正经得起时间的书常常要慢慢写。"",""view"":[""演讲线"",""公共事件线""],""tags"":[""李敖演讲集"",""演讲"",""青年论坛"",""80演讲大会"",""陈文茜对谈"",""北京法源寺"",""经典"",""写作速度""],""people"":[""李敖""],""places"":[""台北""],""works"":[""李敖演讲集"",""053.20150609李敖青年论坛演讲"",""北京法源寺""],""certainty"":""confirmed"",""source"":{""book"":""李敖演讲集"",""chapter"":""053.20150609李敖青年论坛演讲"",""path"":""《大李敖全集5.0》（wjm_tcy版）分章节/010.节目演讲类/011.李敖演讲集/053.20150609李敖青年论坛演讲.txt"",""line"":357,""lines"":[357,359,361,363,365]},""crossReferences"":[],""dataFile"":""data/timeline-events-li-ao-yanjiangji.json""}"
"27265","2015","2015-06-09","2015年6月9日","day","confirmed","李敖在青年论坛以同辈死亡和失智标记八十岁处境","李敖说到八十岁时同辈陆续死亡或衰退，包括歌唱家、蔡同荣和失智的石齐平，用这些对照自己的晚年状态。","李敖、蔡同荣、石齐平","台北","李敖演讲集、演讲、青年论坛、80演讲大会、陈文茜对谈、八十岁、同辈、死亡、蔡同荣、石齐平","演讲线、公共事件线","李敖演讲集、053.20150609李敖青年论坛演讲","","李敖演讲集","053.20150609李敖青年论坛演讲","73","《大李敖全集5.0》（wjm_tcy版）分章节/010.节目演讲类/011.李敖演讲集/053.20150609李敖青年论坛演讲.txt","","[]","data/timeline-events-li-ao-yanjiangji.json","li-ao-yanjiangji-053-lists-dead-or-declining-peers-at-age-eighty","{""id"":""li-ao-yanjiangji-053-lists-dead-or-declining-peers-at-age-eighty"",""date"":""2015-06-09"",""displayDate"":""2015年6月9日"",""datePrecision"":""day"",""title"":""李敖在青年论坛以同辈死亡和失智标记八十岁处境"",""summary"":""李敖说到八十岁时同辈陆续死亡或衰退，包括歌唱家、蔡同荣和失智的石齐平，用这些对照自己的晚年状态。"",""view"":[""演讲线"",""公共事件线""],""tags"":[""李敖演讲集"",""演讲"",""青年论坛"",""80演讲大会"",""陈文茜对谈"",""八十岁"",""同辈"",""死亡"",""蔡同荣"",""石齐平""],""people"":[""李敖"",""蔡同荣"",""石齐平""],""places"":[""台北""],""works"":[""李敖演讲集"",""053.20150609李敖青年论坛演讲""],""certainty"":""confirmed"",""source"":{""book"":""李敖演讲集"",""chapter"":""053.20150609李敖青年论坛演讲"",""path"":""《大李敖全集5.0》（wjm_tcy版）分章节/010.节目演讲类/011.李敖演讲集/053.20150609李敖青年论坛演讲.txt"",""line"":73,""lines"":[73]},""crossReferences"":[],""dataFile"":""data/timeline-events-li-ao-yanjiangji.json""}"
"27266","2015","2015-06-09","2015年6月9日","day","confirmed","李敖在青年论坛以殷海光被气死故事发誓自己要活到一百零六","李敖说殷海光因对蒋介石生气而胃癌去世，敌人却活得更久；他因此说自己不能这样想不开，要活到一百零六。","李敖、殷海光、蒋介石","台北","李敖演讲集、演讲、青年论坛、80演讲大会、陈文茜对谈、殷海光、蒋介石、长寿、胃癌","演讲线、公共事件线","李敖演讲集、053.20150609李敖青年论坛演讲","","李敖演讲集","053.20150609李敖青年论坛演讲","207","《大李敖全集5.0》（wjm_tcy版）分章节/010.节目演讲类/011.李敖演讲集/053.20150609李敖青年论坛演讲.txt","","[]","data/timeline-events-li-ao-yanjiangji.json","li-ao-yanjiangji-053-uses-yin-haiguang-stomach-cancer-to-vow-living-to-one-hundred-six","{""id"":""li-ao-yanjiangji-053-uses-yin-haiguang-stomach-cancer-to-vow-living-to-one-hundred-six"",""date"":""2015-06-09"",""displayDate"":""2015年6月9日"",""datePrecision"":""day"",""title"":""李敖在青年论坛以殷海光被气死故事发誓自己要活到一百零六"",""summary"":""李敖说殷海光因对蒋介石生气而胃癌去世，敌人却活得更久；他因此说自己不能这样想不开，要活到一百零六。"",""view"":[""演讲线"",""公共事件线""],""tags"":[""李敖演讲集"",""演讲"",""青年论坛"",""80演讲大会"",""陈文茜对谈"",""殷海光"",""蒋介石"",""长寿"",""胃癌""],""people"":[""李敖"",""殷海光"",""蒋介石""],""places"":[""台北""],""works"":[""李敖演讲集"",""053.20150609李敖青年论坛演讲""],""certainty"":""confirmed"",""source"":{""book"":""李敖演讲集"",""chapter"":""053.20150609李敖青年论坛演讲"",""path"":""《大李敖全集5.0》（wjm_tcy版）分章节/010.节目演讲类/011.李敖演讲集/053.20150609李敖青年论坛演讲.txt"",""line"":207,""lines"":[207,209,211]},""crossReferences"":[],""dataFile"":""data/timeline-events-li-ao-yanjiangji.json""}"
"27267","2015","2015-06-09","2015年6月9日","day","confirmed","李敖在青年论坛用马克吐温回应自己的死讯谣言","李敖谈到外界传他死讯时，借马克吐温说死讯被夸大来回应，表示这类传闻不足为奇。","李敖、马克·吐温","台北","李敖演讲集、演讲、青年论坛、80演讲大会、陈文茜对谈、死讯谣言、马克吐温","演讲线、公共事件线","李敖演讲集、053.20150609李敖青年论坛演讲","","李敖演讲集","053.20150609李敖青年论坛演讲","81","《大李敖全集5.0》（wjm_tcy版）分章节/010.节目演讲类/011.李敖演讲集/053.20150609李敖青年论坛演讲.txt","","[]","data/timeline-events-li-ao-yanjiangji.json","li-ao-yanjiangji-053-answers-death-rumor-with-mark-twain-example","{""id"":""li-ao-yanjiangji-053-answers-death-rumor-with-mark-twain-example"",""date"":""2015-06-09"",""displayDate"":""2015年6月9日"",""datePrecision"":""day"",""title"":""李敖在青年论坛用马克吐温回应自己的死讯谣言"",""summary"":""李敖谈到外界传他死讯时，借马克吐温说死讯被夸大来回应，表示这类传闻不足为奇。"",""view"":[""演讲线"",""公共事件线""],""tags"":[""李敖演讲集"",""演讲"",""青年论坛"",""80演讲大会"",""陈文茜对谈"",""死讯谣言"",""马克吐温""],""people"":[""李敖"",""马克·吐温""],""places"":[""台北""],""works"":[""李敖演讲集"",""053.20150609李敖青年论坛演讲""],""certainty"":""confirmed"",""source"":{""book"":""李敖演讲集"",""chapter"":""053.20150609李敖青年论坛演讲"",""path"":""《大李敖全集5.0》（wjm_tcy版）分章节/010.节目演讲类/011.李敖演讲集/053.20150609李敖青年论坛演讲.txt"",""line"":81,""lines"":[81]},""crossReferences"":[],""dataFile"":""data/timeline-events-li-ao-yanjiangji.json""}"
"27268","2015","2015-06-09","2015年6月9日","day","confirmed","李敖在青年论坛用现代媒体同步动员解释中共为何怕法轮功","李敖说古代宗教传播慢，现代电话和媒体却能同步动员，因此共产党害怕法轮功并加以禁止，媒介必须谨慎使用。","李敖","台北","李敖演讲集、演讲、青年论坛、80演讲大会、陈文茜对谈、法轮功、媒体、动员、共产党","演讲线、公共事件线","李敖演讲集、053.20150609李敖青年论坛演讲、法轮功","","李敖演讲集","053.20150609李敖青年论坛演讲","433","《大李敖全集5.0》（wjm_tcy版）分章节/010.节目演讲类/011.李敖演讲集/053.20150609李敖青年论坛演讲.txt","","[]","data/timeline-events-li-ao-yanjiangji.json","li-ao-yanjiangji-053-explains-falun-gong-ban-through-modern-media-mobilization","{""id"":""li-ao-yanjiangji-053-explains-falun-gong-ban-through-modern-media-mobilization"",""date"":""2015-06-09"",""displayDate"":""2015年6月9日"",""datePrecision"":""day"",""title"":""李敖在青年论坛用现代媒体同步动员解释中共为何怕法轮功"",""summary"":""李敖说古代宗教传播慢，现代电话和媒体却能同步动员，因此共产党害怕法轮功并加以禁止，媒介必须谨慎使用。"",""view"":[""演讲线"",""公共事件线""],""tags"":[""李敖演讲集"",""演讲"",""青年论坛"",""80演讲大会"",""陈文茜对谈"",""法轮功"",""媒体"",""动员"",""共产党""],""people"":[""李敖""],""places"":[""台北""],""works"":[""李敖演讲集"",""053.20150609李敖青年论坛演讲"",""法轮功""],""certainty"":""confirmed"",""source"":{""book"":""李敖演讲集"",""chapter"":""053.20150609李敖青年论坛演讲"",""path"":""《大李敖全集5.0》（wjm_tcy版）分章节/010.节目演讲类/011.李敖演讲集/053.20150609李敖青年论坛演讲.txt"",""line"":433,""lines"":[433]},""crossReferences"":[],""dataFile"":""data/timeline-events-li-ao-yanjiangji.json""}"
"27269","2015","2015-06-09","2015年6月9日","day","confirmed","李敖在青年论坛用苹果香蕉法教人处理失恋和人生不顺","李敖说吃不到苹果就不要写日记、追悼或自怜，而是丢掉苹果去买香蕉；失恋也一样，不要沉溺反省，找下一个对象。","李敖","台北","李敖演讲集、演讲、青年论坛、80演讲大会、陈文茜对谈、人生方法、失恋、苹果香蕉、情感建议","演讲线、公共事件线","李敖演讲集、053.20150609李敖青年论坛演讲","","李敖演讲集","053.20150609李敖青年论坛演讲","275","《大李敖全集5.0》（wjm_tcy版）分章节/010.节目演讲类/011.李敖演讲集/053.20150609李敖青年论坛演讲.txt","","[]","data/timeline-events-li-ao-yanjiangji.json","li-ao-yanjiangji-053-teaches-apple-banana-method-for-lost-love","{""id"":""li-ao-yanjiangji-053-teaches-apple-banana-method-for-lost-love"",""date"":""2015-06-09"",""displayDate"":""2015年6月9日"",""datePrecision"":""day"",""title"":""李敖在青年论坛用苹果香蕉法教人处理失恋和人生不顺"",""summary"":""李敖说吃不到苹果就不要写日记、追悼或自怜，而是丢掉苹果去买香蕉；失恋也一样，不要沉溺反省，找下一个对象。"",""view"":[""演讲线"",""公共事件线""],""tags"":[""李敖演讲集"",""演讲"",""青年论坛"",""80演讲大会"",""陈文茜对谈"",""人生方法"",""失恋"",""苹果香蕉"",""情感建议""],""people"":[""李敖""],""places"":[""台北""],""works"":[""李敖演讲集"",""053.20150609李敖青年论坛演讲""],""certainty"":""confirmed"",""source"":{""book"":""李敖演讲集"",""chapter"":""053.20150609李敖青年论坛演讲"",""path"":""《大李敖全集5.0》（wjm_tcy版）分章节/010.节目演讲类/011.李敖演讲集/053.20150609李敖青年论坛演讲.txt"",""line"":275,""lines"":[275]},""crossReferences"":[],""dataFile"":""data/timeline-events-li-ao-yanjiangji.json""}"
"27270","2015","2015-06-09","2015年6月9日","day","confirmed","李敖在青年论坛用郑成功母亲故事说明改变想法就是内在自由","李敖讲郑成功母亲故事，强调人可以通过改变想法获得内在自由，而不是完全依赖外部制度。","李敖、郑成功","台北","李敖演讲集、演讲、青年论坛、80演讲大会、陈文茜对谈、郑成功、内在自由、思想转变","演讲线、公共事件线","李敖演讲集、053.20150609李敖青年论坛演讲","","李敖演讲集","053.20150609李敖青年论坛演讲","141","《大李敖全集5.0》（wjm_tcy版）分章节/010.节目演讲类/011.李敖演讲集/053.20150609李敖青年论坛演讲.txt","","[]","data/timeline-events-li-ao-yanjiangji.json","li-ao-yanjiangji-053-uses-koxinga-mother-story-to-explain-inner-freedom","{""id"":""li-ao-yanjiangji-053-uses-koxinga-mother-story-to-explain-inner-freedom"",""date"":""2015-06-09"",""displayDate"":""2015年6月9日"",""datePrecision"":""day"",""title"":""李敖在青年论坛用郑成功母亲故事说明改变想法就是内在自由"",""summary"":""李敖讲郑成功母亲故事，强调人可以通过改变想法获得内在自由，而不是完全依赖外部制度。"",""view"":[""演讲线"",""公共事件线""],""tags"":[""李敖演讲集"",""演讲"",""青年论坛"",""80演讲大会"",""陈文茜对谈"",""郑成功"",""内在自由"",""思想转变""],""people"":[""李敖"",""郑成功""],""places"":[""台北""],""works"":[""李敖演讲集"",""053.20150609李敖青年论坛演讲""],""certainty"":""confirmed"",""source"":{""book"":""李敖演讲集"",""chapter"":""053.20150609李敖青年论坛演讲"",""path"":""《大李敖全集5.0》（wjm_tcy版）分章节/010.节目演讲类/011.李敖演讲集/053.20150609李敖青年论坛演讲.txt"",""line"":141,""lines"":[141]},""crossReferences"":[],""dataFile"":""data/timeline-events-li-ao-yanjiangji.json""}"
"27271","2015","2015-06-09","2015年6月9日","day","confirmed","李敖在青年论坛用拿破仑科西嘉例子劝台湾人有统治中国的野心","李敖说拿破仑来自科西嘉却做了法国皇帝，台湾人也不该只守台湾，而应有进入大陆、统治中国的野心。","李敖、拿破仑、郭国基","台北","李敖演讲集、演讲、青年论坛、80演讲大会、陈文茜对谈、拿破仑、科西嘉、台湾人、中国、野心","演讲线、公共事件线","李敖演讲集、053.20150609李敖青年论坛演讲","li-ao-yanjiangji-045-uses-napoleon-corsica-to-urge-taiwanese-ambition-in-mainland","李敖演讲集","053.20150609李敖青年论坛演讲","467","《大李敖全集5.0》（wjm_tcy版）分章节/010.节目演讲类/011.李敖演讲集/053.20150609李敖青年论坛演讲.txt","","[]","data/timeline-events-li-ao-yanjiangji.json","li-ao-yanjiangji-053-uses-napoleon-corsica-to-urge-taiwanese-ambition-to-rule-china","{""id"":""li-ao-yanjiangji-053-uses-napoleon-corsica-to-urge-taiwanese-ambition-to-rule-china"",""date"":""2015-06-09"",""displayDate"":""2015年6月9日"",""datePrecision"":""day"",""title"":""李敖在青年论坛用拿破仑科西嘉例子劝台湾人有统治中国的野心"",""summary"":""李敖说拿破仑来自科西嘉却做了法国皇帝，台湾人也不该只守台湾，而应有进入大陆、统治中国的野心。"",""view"":[""演讲线"",""公共事件线""],""tags"":[""李敖演讲集"",""演讲"",""青年论坛"",""80演讲大会"",""陈文茜对谈"",""拿破仑"",""科西嘉"",""台湾人"",""中国"",""野心""],""people"":[""李敖"",""拿破仑"",""郭国基""],""places"":[""台北""],""works"":[""李敖演讲集"",""053.20150609李敖青年论坛演讲""],""certainty"":""confirmed"",""source"":{""book"":""李敖演讲集"",""chapter"":""053.20150609李敖青年论坛演讲"",""path"":""《大李敖全集5.0》（wjm_tcy版）分章节/010.节目演讲类/011.李敖演讲集/053.20150609李敖青年论坛演讲.txt"",""line"":467,""lines"":[467,469,471]},""crossReferences"":[""li-ao-yanjiangji-045-uses-napoleon-corsica-to-urge-taiwanese-ambition-in-mainland""],""dataFile"":""data/timeline-events-li-ao-yanjiangji.json""}"
"27272","2015","2015-06-09","2015年6月9日","day","confirmed","李敖在青年论坛纠正自己来台是坐船并用空姐笑话化解飞行恐惧","李敖纠正陈文茜说他来台是坐船，不是坐飞机；后来刘长乐为他设计爱船、爱车等赴北京路线，他还是选飞机，并靠注意空姐来处理害怕飞行。","李敖、陈文茜、刘长乐","台北、北京","李敖演讲集、演讲、青年论坛、80演讲大会、陈文茜对谈、来台、坐船、飞行恐惧、刘长乐","演讲线、公共事件线","李敖演讲集、053.20150609李敖青年论坛演讲","","李敖演讲集","053.20150609李敖青年论坛演讲","299","《大李敖全集5.0》（wjm_tcy版）分章节/010.节目演讲类/011.李敖演讲集/053.20150609李敖青年论坛演讲.txt","","[]","data/timeline-events-li-ao-yanjiangji.json","li-ao-yanjiangji-053-corrects-taiwan-arrival-by-ship-and-jokes-through-flight-fear","{""id"":""li-ao-yanjiangji-053-corrects-taiwan-arrival-by-ship-and-jokes-through-flight-fear"",""date"":""2015-06-09"",""displayDate"":""2015年6月9日"",""datePrecision"":""day"",""title"":""李敖在青年论坛纠正自己来台是坐船并用空姐笑话化解飞行恐惧"",""summary"":""李敖纠正陈文茜说他来台是坐船，不是坐飞机；后来刘长乐为他设计爱船、爱车等赴北京路线，他还是选飞机，并靠注意空姐来处理害怕飞行。"",""view"":[""演讲线"",""公共事件线""],""tags"":[""李敖演讲集"",""演讲"",""青年论坛"",""80演讲大会"",""陈文茜对谈"",""来台"",""坐船"",""飞行恐惧"",""刘长乐""],""people"":[""李敖"",""陈文茜"",""刘长乐""],""places"":[""台北"",""北京""],""works"":[""李敖演讲集"",""053.20150609李敖青年论坛演讲""],""certainty"":""confirmed"",""source"":{""book"":""李敖演讲集"",""chapter"":""053.20150609李敖青年论坛演讲"",""path"":""《大李敖全集5.0》（wjm_tcy版）分章节/010.节目演讲类/011.李敖演讲集/053.20150609李敖青年论坛演讲.txt"",""line"":299,""lines"":[299,301,303,305,307,309,311,312]},""crossReferences"":[],""dataFile"":""data/timeline-events-li-ao-yanjiangji.json""}"
"27273","2015","2015-06-09","2015年6月9日","day","confirmed","李敖在青年论坛回忆军法审判中沉默不申诉而刑期因蒋介石之死缩短","李敖说自己受军法审判时像耶稣一样沉默，被判十年也不申诉，后来因为蒋介石去世刑期缩短，岳母还说国民党太宽大。","李敖、蒋介石","台北","李敖演讲集、演讲、青年论坛、80演讲大会、陈文茜对谈、军法审判、坐牢、蒋介石、刑期","演讲线、公共事件线","李敖演讲集、053.20150609李敖青年论坛演讲","","李敖演讲集","053.20150609李敖青年论坛演讲","135","《大李敖全集5.0》（wjm_tcy版）分章节/010.节目演讲类/011.李敖演讲集/053.20150609李敖青年论坛演讲.txt","","[]","data/timeline-events-li-ao-yanjiangji.json","li-ao-yanjiangji-053-recalls-military-trial-silence-no-appeal-and-reduced-sentence","{""id"":""li-ao-yanjiangji-053-recalls-military-trial-silence-no-appeal-and-reduced-sentence"",""date"":""2015-06-09"",""displayDate"":""2015年6月9日"",""datePrecision"":""day"",""title"":""李敖在青年论坛回忆军法审判中沉默不申诉而刑期因蒋介石之死缩短"",""summary"":""李敖说自己受军法审判时像耶稣一样沉默，被判十年也不申诉，后来因为蒋介石去世刑期缩短，岳母还说国民党太宽大。"",""view"":[""演讲线"",""公共事件线""],""tags"":[""李敖演讲集"",""演讲"",""青年论坛"",""80演讲大会"",""陈文茜对谈"",""军法审判"",""坐牢"",""蒋介石"",""刑期""],""people"":[""李敖"",""蒋介石""],""places"":[""台北""],""works"":[""李敖演讲集"",""053.20150609李敖青年论坛演讲""],""certainty"":""confirmed"",""source"":{""book"":""李敖演讲集"",""chapter"":""053.20150609李敖青年论坛演讲"",""path"":""《大李敖全集5.0》（wjm_tcy版）分章节/010.节目演讲类/011.李敖演讲集/053.20150609李敖青年论坛演讲.txt"",""line"":135,""lines"":[135]},""crossReferences"":[],""dataFile"":""data/timeline-events-li-ao-yanjiangji.json""}"
"27274","2015","2015-06-09","2015年6月9日","day","confirmed","李敖在青年论坛回忆狗名李敖大哥大并连接节目名称","李敖回忆与陈文茜有关的狗“李敖大哥大”，说这个名字后来连到节目命名和兽医登记趣事。","李敖、陈文茜","台北","李敖演讲集、演讲、青年论坛、80演讲大会、陈文茜对谈、李敖大哥大、陈文茜、节目名称、狗","演讲线、公共事件线","李敖演讲集、053.20150609李敖青年论坛演讲","","李敖演讲集","053.20150609李敖青年论坛演讲","85","《大李敖全集5.0》（wjm_tcy版）分章节/010.节目演讲类/011.李敖演讲集/053.20150609李敖青年论坛演讲.txt","","[]","data/timeline-events-li-ao-yanjiangji.json","li-ao-yanjiangji-053-recalls-dog-li-ao-dageda-and-program-name","{""id"":""li-ao-yanjiangji-053-recalls-dog-li-ao-dageda-and-program-name"",""date"":""2015-06-09"",""displayDate"":""2015年6月9日"",""datePrecision"":""day"",""title"":""李敖在青年论坛回忆狗名李敖大哥大并连接节目名称"",""summary"":""李敖回忆与陈文茜有关的狗“李敖大哥大”，说这个名字后来连到节目命名和兽医登记趣事。"",""view"":[""演讲线"",""公共事件线""],""tags"":[""李敖演讲集"",""演讲"",""青年论坛"",""80演讲大会"",""陈文茜对谈"",""李敖大哥大"",""陈文茜"",""节目名称"",""狗""],""people"":[""李敖"",""陈文茜""],""places"":[""台北""],""works"":[""李敖演讲集"",""053.20150609李敖青年论坛演讲""],""certainty"":""confirmed"",""source"":{""book"":""李敖演讲集"",""chapter"":""053.20150609李敖青年论坛演讲"",""path"":""《大李敖全集5.0》（wjm_tcy版）分章节/010.节目演讲类/011.李敖演讲集/053.20150609李敖青年论坛演讲.txt"",""line"":85,""lines"":[85]},""crossReferences"":[],""dataFile"":""data/timeline-events-li-ao-yanjiangji.json""}"
"27275","2015","2015-06-09","2015年6月9日","day","confirmed","李敖在青年论坛回忆探望植物人吴璋炯并叉腰还给旧日审讯姿态","李敖说自己曾是国民党情治系统所谓台独五人中央之一，后来见到成为植物人的吴璋炯，故意叉腰站着，把当年被审讯时的姿态还给他。","李敖、吴璋炯","台北","李敖演讲集、演讲、青年论坛、80演讲大会、陈文茜对谈、吴璋炯、台独案、情治系统、复仇","演讲线、公共事件线","李敖演讲集、053.20150609李敖青年论坛演讲","","李敖演讲集","053.20150609李敖青年论坛演讲","161","《大李敖全集5.0》（wjm_tcy版）分章节/010.节目演讲类/011.李敖演讲集/053.20150609李敖青年论坛演讲.txt","","[]","data/timeline-events-li-ao-yanjiangji.json","li-ao-yanjiangji-053-meets-wu-zhangjiong-and-reverses-prison-interrogation-posture","{""id"":""li-ao-yanjiangji-053-meets-wu-zhangjiong-and-reverses-prison-interrogation-posture"",""date"":""2015-06-09"",""displayDate"":""2015年6月9日"",""datePrecision"":""day"",""title"":""李敖在青年论坛回忆探望植物人吴璋炯并叉腰还给旧日审讯姿态"",""summary"":""李敖说自己曾是国民党情治系统所谓台独五人中央之一，后来见到成为植物人的吴璋炯，故意叉腰站着，把当年被审讯时的姿态还给他。"",""view"":[""演讲线"",""公共事件线""],""tags"":[""李敖演讲集"",""演讲"",""青年论坛"",""80演讲大会"",""陈文茜对谈"",""吴璋炯"",""台独案"",""情治系统"",""复仇""],""people"":[""李敖"",""吴璋炯""],""places"":[""台北""],""works"":[""李敖演讲集"",""053.20150609李敖青年论坛演讲""],""certainty"":""confirmed"",""source"":{""book"":""李敖演讲集"",""chapter"":""053.20150609李敖青年论坛演讲"",""path"":""《大李敖全集5.0》（wjm_tcy版）分章节/010.节目演讲类/011.李敖演讲集/053.20150609李敖青年论坛演讲.txt"",""line"":161,""lines"":[161,163,165]},""crossReferences"":[],""dataFile"":""data/timeline-events-li-ao-yanjiangji.json""}"
"27276","2015","2015-06-09","2015年6月9日","day","confirmed","李敖在青年论坛批《巨流河》和白先勇父亲传遮蔽反攻大陆梦","李敖说齐邦媛《巨流河》和白先勇写父亲的书中藏着谎言，因为当年很多人梦想回大陆，蒋介石甚至和肯尼迪讨论过反攻计划，但大陆人不会欢迎侵略者。","李敖、齐邦媛、白先勇、蒋介石、肯尼迪","台北","李敖演讲集、演讲、青年论坛、80演讲大会、陈文茜对谈、巨流河、白先勇、反攻大陆、蒋介石、肯尼迪","演讲线、公共事件线","李敖演讲集、053.20150609李敖青年论坛演讲、巨流河","","李敖演讲集","053.20150609李敖青年论坛演讲","315","《大李敖全集5.0》（wjm_tcy版）分章节/010.节目演讲类/011.李敖演讲集/053.20150609李敖青年论坛演讲.txt","","[]","data/timeline-events-li-ao-yanjiangji.json","li-ao-yanjiangji-053-criticizes-juliuhe-and-bai-book-for-hiding-return-mainland-dream","{""id"":""li-ao-yanjiangji-053-criticizes-juliuhe-and-bai-book-for-hiding-return-mainland-dream"",""date"":""2015-06-09"",""displayDate"":""2015年6月9日"",""datePrecision"":""day"",""title"":""李敖在青年论坛批《巨流河》和白先勇父亲传遮蔽反攻大陆梦"",""summary"":""李敖说齐邦媛《巨流河》和白先勇写父亲的书中藏着谎言，因为当年很多人梦想回大陆，蒋介石甚至和肯尼迪讨论过反攻计划，但大陆人不会欢迎侵略者。"",""view"":[""演讲线"",""公共事件线""],""tags"":[""李敖演讲集"",""演讲"",""青年论坛"",""80演讲大会"",""陈文茜对谈"",""巨流河"",""白先勇"",""反攻大陆"",""蒋介石"",""肯尼迪""],""people"":[""李敖"",""齐邦媛"",""白先勇"",""蒋介石"",""肯尼迪""],""places"":[""台北""],""works"":[""李敖演讲集"",""053.20150609李敖青年论坛演讲"",""巨流河""],""certainty"":""confirmed"",""source"":{""book"":""李敖演讲集"",""chapter"":""053.20150609李敖青年论坛演讲"",""path"":""《大李敖全集5.0》（wjm_tcy版）分章节/010.节目演讲类/011.李敖演讲集/053.20150609李敖青年论坛演讲.txt"",""line"":315,""lines"":[315,316]},""crossReferences"":[],""dataFile"":""data/timeline-events-li-ao-yanjiangji.json""}"
"27277","2015","2015-06-09","2015年6月9日","day","confirmed","李敖在青年论坛把少用互联网和穿长袍列为独立思想方法","李敖回答如何独立思考时说有两个方法：少用互联网，以及穿长袍，通过行为方式抵抗同质化。","李敖","台北","李敖演讲集、演讲、青年论坛、80演讲大会、陈文茜对谈、独立思考、互联网、长袍、方法","演讲线、公共事件线","李敖演讲集、053.20150609李敖青年论坛演讲","","李敖演讲集","053.20150609李敖青年论坛演讲","421","《大李敖全集5.0》（wjm_tcy版）分章节/010.节目演讲类/011.李敖演讲集/053.20150609李敖青年论坛演讲.txt","","[]","data/timeline-events-li-ao-yanjiangji.json","li-ao-yanjiangji-053-offers-independent-thought-methods-less-internet-and-long-robe","{""id"":""li-ao-yanjiangji-053-offers-independent-thought-methods-less-internet-and-long-robe"",""date"":""2015-06-09"",""displayDate"":""2015年6月9日"",""datePrecision"":""day"",""title"":""李敖在青年论坛把少用互联网和穿长袍列为独立思想方法"",""summary"":""李敖回答如何独立思考时说有两个方法：少用互联网，以及穿长袍，通过行为方式抵抗同质化。"",""view"":[""演讲线"",""公共事件线""],""tags"":[""李敖演讲集"",""演讲"",""青年论坛"",""80演讲大会"",""陈文茜对谈"",""独立思考"",""互联网"",""长袍"",""方法""],""people"":[""李敖""],""places"":[""台北""],""works"":[""李敖演讲集"",""053.20150609李敖青年论坛演讲""],""certainty"":""confirmed"",""source"":{""book"":""李敖演讲集"",""chapter"":""053.20150609李敖青年论坛演讲"",""path"":""《大李敖全集5.0》（wjm_tcy版）分章节/010.节目演讲类/011.李敖演讲集/053.20150609李敖青年论坛演讲.txt"",""line"":421,""lines"":[421]},""crossReferences"":[],""dataFile"":""data/timeline-events-li-ao-yanjiangji.json""}"
"27278","2015","2015-06-09","2015年6月9日","day","confirmed","李敖在青年论坛把爱钱说成贫穷经验并回到胡适铜像捐款","李敖说自己穷过所以爱钱，胡适曾给他一千元，他后来在北京大学捐一百三十万做胡适铜像，却因共产党小气没有立成；别人给一百万美元他不收，陈文茜的四万元主持费却要收。","李敖、胡适、陈文茜","台北、北京大学","李敖演讲集、演讲、青年论坛、80演讲大会、陈文茜对谈、金钱观、胡适、北京大学、铜像、陈文茜","演讲线、公共事件线","李敖演讲集、053.20150609李敖青年论坛演讲","","李敖演讲集","053.20150609李敖青年论坛演讲","123","《大李敖全集5.0》（wjm_tcy版）分章节/010.节目演讲类/011.李敖演讲集/053.20150609李敖青年论坛演讲.txt","","[]","data/timeline-events-li-ao-yanjiangji.json","li-ao-yanjiangji-053-connects-love-of-money-with-hu-shih-debt-and-pku-statue-donation","{""id"":""li-ao-yanjiangji-053-connects-love-of-money-with-hu-shih-debt-and-pku-statue-donation"",""date"":""2015-06-09"",""displayDate"":""2015年6月9日"",""datePrecision"":""day"",""title"":""李敖在青年论坛把爱钱说成贫穷经验并回到胡适铜像捐款"",""summary"":""李敖说自己穷过所以爱钱，胡适曾给他一千元，他后来在北京大学捐一百三十万做胡适铜像，却因共产党小气没有立成；别人给一百万美元他不收，陈文茜的四万元主持费却要收。"",""view"":[""演讲线"",""公共事件线""],""tags"":[""李敖演讲集"",""演讲"",""青年论坛"",""80演讲大会"",""陈文茜对谈"",""金钱观"",""胡适"",""北京大学"",""铜像"",""陈文茜""],""people"":[""李敖"",""胡适"",""陈文茜""],""places"":[""台北"",""北京大学""],""works"":[""李敖演讲集"",""053.20150609李敖青年论坛演讲""],""certainty"":""confirmed"",""source"":{""book"":""李敖演讲集"",""chapter"":""053.20150609李敖青年论坛演讲"",""path"":""《大李敖全集5.0》（wjm_tcy版）分章节/010.节目演讲类/011.李敖演讲集/053.20150609李敖青年论坛演讲.txt"",""line"":123,""lines"":[123]},""crossReferences"":[],""dataFile"":""data/timeline-events-li-ao-yanjiangji.json""}"
"27279","2015","2015-06-09","2015年6月9日","day","confirmed","李敖在青年论坛建议年轻人先查父母资产否则接受小日子","李敖面对青年困境时说，现在年轻人机会少，要么先查父母有什么资产，要么接受比较小的生活，不要幻想人人都能走英雄路。","李敖","台北","李敖演讲集、演讲、青年论坛、80演讲大会、陈文茜对谈、青年建议、资产、小生活、机会","演讲线、公共事件线","李敖演讲集、053.20150609李敖青年论坛演讲","","李敖演讲集","053.20150609李敖青年论坛演讲","237","《大李敖全集5.0》（wjm_tcy版）分章节/010.节目演讲类/011.李敖演讲集/053.20150609李敖青年论坛演讲.txt","","[]","data/timeline-events-li-ao-yanjiangji.json","li-ao-yanjiangji-053-advises-youth-to-check-family-assets-or-accept-small-life","{""id"":""li-ao-yanjiangji-053-advises-youth-to-check-family-assets-or-accept-small-life"",""date"":""2015-06-09"",""displayDate"":""2015年6月9日"",""datePrecision"":""day"",""title"":""李敖在青年论坛建议年轻人先查父母资产否则接受小日子"",""summary"":""李敖面对青年困境时说，现在年轻人机会少，要么先查父母有什么资产，要么接受比较小的生活，不要幻想人人都能走英雄路。"",""view"":[""演讲线"",""公共事件线""],""tags"":[""李敖演讲集"",""演讲"",""青年论坛"",""80演讲大会"",""陈文茜对谈"",""青年建议"",""资产"",""小生活"",""机会""],""people"":[""李敖""],""places"":[""台北""],""works"":[""李敖演讲集"",""053.20150609李敖青年论坛演讲""],""certainty"":""confirmed"",""source"":{""book"":""李敖演讲集"",""chapter"":""053.20150609李敖青年论坛演讲"",""path"":""《大李敖全集5.0》（wjm_tcy版）分章节/010.节目演讲类/011.李敖演讲集/053.20150609李敖青年论坛演讲.txt"",""line"":237,""lines"":[237,239]},""crossReferences"":[],""dataFile"":""data/timeline-events-li-ao-yanjiangji.json""}"
"27280","2015","2015-06-09","2015年6月9日","day","confirmed","李敖在青年论坛总结自己的研究方法是剪书分类记忆连接复习","李敖说好脑筋比英文和藏书更重要，他曾一年读完二十四史、二十五史，方法是剪书、分类、记忆、连接和不断复习，使知识活起来。","李敖、顾炎武","台北","李敖演讲集、演讲、青年论坛、80演讲大会、陈文茜对谈、研究方法、剪书、分类、记忆、顾炎武","演讲线、公共事件线","李敖演讲集、053.20150609李敖青年论坛演讲","","李敖演讲集","053.20150609李敖青年论坛演讲","475","《大李敖全集5.0》（wjm_tcy版）分章节/010.节目演讲类/011.李敖演讲集/053.20150609李敖青年论坛演讲.txt","","[]","data/timeline-events-li-ao-yanjiangji.json","li-ao-yanjiangji-053-summarizes-research-method-as-cut-classify-memorize-connect-review","{""id"":""li-ao-yanjiangji-053-summarizes-research-method-as-cut-classify-memorize-connect-review"",""date"":""2015-06-09"",""displayDate"":""2015年6月9日"",""datePrecision"":""day"",""title"":""李敖在青年论坛总结自己的研究方法是剪书分类记忆连接复习"",""summary"":""李敖说好脑筋比英文和藏书更重要，他曾一年读完二十四史、二十五史，方法是剪书、分类、记忆、连接和不断复习，使知识活起来。"",""view"":[""演讲线"",""公共事件线""],""tags"":[""李敖演讲集"",""演讲"",""青年论坛"",""80演讲大会"",""陈文茜对谈"",""研究方法"",""剪书"",""分类"",""记忆"",""顾炎武""],""people"":[""李敖"",""顾炎武""],""places"":[""台北""],""works"":[""李敖演讲集"",""053.20150609李敖青年论坛演讲""],""certainty"":""confirmed"",""source"":{""book"":""李敖演讲集"",""chapter"":""053.20150609李敖青年论坛演讲"",""path"":""《大李敖全集5.0》（wjm_tcy版）分章节/010.节目演讲类/011.李敖演讲集/053.20150609李敖青年论坛演讲.txt"",""line"":475,""lines"":[475,477,479,480]},""crossReferences"":[],""dataFile"":""data/timeline-events-li-ao-yanjiangji.json""}"
"27281","2015","2015-06-09","2015年6月9日","day","confirmed","李敖在青年论坛结尾说这可能是最后一次演讲并请听众学李敖买两本书","李敖结尾说这可能是他的最后一次演讲，要求大家学李敖，也幽默地请听众买两本书。","李敖","台北","李敖演讲集、演讲、青年论坛、80演讲大会、陈文茜对谈、最后演讲、买书、自我告别","演讲线、公共事件线","李敖演讲集、053.20150609李敖青年论坛演讲","","李敖演讲集","053.20150609李敖青年论坛演讲","495","《大李敖全集5.0》（wjm_tcy版）分章节/010.节目演讲类/011.李敖演讲集/053.20150609李敖青年论坛演讲.txt","","[]","data/timeline-events-li-ao-yanjiangji.json","li-ao-yanjiangji-053-ends-possible-last-talk-by-asking-audience-to-learn-from-li-ao","{""id"":""li-ao-yanjiangji-053-ends-possible-last-talk-by-asking-audience-to-learn-from-li-ao"",""date"":""2015-06-09"",""displayDate"":""2015年6月9日"",""datePrecision"":""day"",""title"":""李敖在青年论坛结尾说这可能是最后一次演讲并请听众学李敖买两本书"",""summary"":""李敖结尾说这可能是他的最后一次演讲，要求大家学李敖，也幽默地请听众买两本书。"",""view"":[""演讲线"",""公共事件线""],""tags"":[""李敖演讲集"",""演讲"",""青年论坛"",""80演讲大会"",""陈文茜对谈"",""最后演讲"",""买书"",""自我告别""],""people"":[""李敖""],""places"":[""台北""],""works"":[""李敖演讲集"",""053.20150609李敖青年论坛演讲""],""certainty"":""confirmed"",""source"":{""book"":""李敖演讲集"",""chapter"":""053.20150609李敖青年论坛演讲"",""path"":""《大李敖全集5.0》（wjm_tcy版）分章节/010.节目演讲类/011.李敖演讲集/053.20150609李敖青年论坛演讲.txt"",""line"":495,""lines"":[495,497,499]},""crossReferences"":[],""dataFile"":""data/timeline-events-li-ao-yanjiangji.json""}"
"27282","2015","2015-06-09","2015年6月9日","day","confirmed","李敖在青年论坛要求年轻人把中文写好以抵抗电脑词库和火星文","李敖劝年轻人把中文写好，说电脑输入法和词库会制造坏句子、火星文，陈文茜有好文字能力却容易被分心。","李敖、陈文茜","台北","李敖演讲集、演讲、青年论坛、80演讲大会、陈文茜对谈、中文写作、电脑词库、火星文、青年","演讲线、公共事件线","李敖演讲集、053.20150609李敖青年论坛演讲","","李敖演讲集","053.20150609李敖青年论坛演讲","355","《大李敖全集5.0》（wjm_tcy版）分章节/010.节目演讲类/011.李敖演讲集/053.20150609李敖青年论坛演讲.txt","","[]","data/timeline-events-li-ao-yanjiangji.json","li-ao-yanjiangji-053-urges-youth-to-write-better-chinese-against-computer-lexicon","{""id"":""li-ao-yanjiangji-053-urges-youth-to-write-better-chinese-against-computer-lexicon"",""date"":""2015-06-09"",""displayDate"":""2015年6月9日"",""datePrecision"":""day"",""title"":""李敖在青年论坛要求年轻人把中文写好以抵抗电脑词库和火星文"",""summary"":""李敖劝年轻人把中文写好，说电脑输入法和词库会制造坏句子、火星文，陈文茜有好文字能力却容易被分心。"",""view"":[""演讲线"",""公共事件线""],""tags"":[""李敖演讲集"",""演讲"",""青年论坛"",""80演讲大会"",""陈文茜对谈"",""中文写作"",""电脑词库"",""火星文"",""青年""],""people"":[""李敖"",""陈文茜""],""places"":[""台北""],""works"":[""李敖演讲集"",""053.20150609李敖青年论坛演讲""],""certainty"":""confirmed"",""source"":{""book"":""李敖演讲集"",""chapter"":""053.20150609李敖青年论坛演讲"",""path"":""《大李敖全集5.0》（wjm_tcy版）分章节/010.节目演讲类/011.李敖演讲集/053.20150609李敖青年论坛演讲.txt"",""line"":355,""lines"":[355]},""crossReferences"":[],""dataFile"":""data/timeline-events-li-ao-yanjiangji.json""}"
"27283","2015","2015-06-09","2015年6月9日","day","confirmed","李敖在青年论坛说中华民国已经死了并主张废掉国防部","李敖说蒋介石一九五〇年已经承认中华民国死亡，台湾应废掉国防部、停止向美国买武器，而不是继续维持虚假防务。","李敖、蒋介石、马英九","台北","李敖演讲集、演讲、青年论坛、80演讲大会、陈文茜对谈、中华民国、国防部、军购、台湾前途、蒋介石","演讲线、公共事件线","李敖演讲集、053.20150609李敖青年论坛演讲","li-ao-yanjiangji-045-recalls-prison-toilet-reading-chiang-and-roc-demise、li-ao-yanjiangji-044-says-tra-provides-not-sells-weapons-and-us-will-not-rescue-taiwan","李敖演讲集","053.20150609李敖青年论坛演讲","461","《大李敖全集5.0》（wjm_tcy版）分章节/010.节目演讲类/011.李敖演讲集/053.20150609李敖青年论坛演讲.txt","","[]","data/timeline-events-li-ao-yanjiangji.json","li-ao-yanjiangji-053-calls-roc-dead-and-urges-abolishing-defense-ministry","{""id"":""li-ao-yanjiangji-053-calls-roc-dead-and-urges-abolishing-defense-ministry"",""date"":""2015-06-09"",""displayDate"":""2015年6月9日"",""datePrecision"":""day"",""title"":""李敖在青年论坛说中华民国已经死了并主张废掉国防部"",""summary"":""李敖说蒋介石一九五〇年已经承认中华民国死亡，台湾应废掉国防部、停止向美国买武器，而不是继续维持虚假防务。"",""view"":[""演讲线"",""公共事件线""],""tags"":[""李敖演讲集"",""演讲"",""青年论坛"",""80演讲大会"",""陈文茜对谈"",""中华民国"",""国防部"",""军购"",""台湾前途"",""蒋介石""],""people"":[""李敖"",""蒋介石"",""马英九""],""places"":[""台北""],""works"":[""李敖演讲集"",""053.20150609李敖青年论坛演讲""],""certainty"":""confirmed"",""source"":{""book"":""李敖演讲集"",""chapter"":""053.20150609李敖青年论坛演讲"",""path"":""《大李敖全集5.0》（wjm_tcy版）分章节/010.节目演讲类/011.李敖演讲集/053.20150609李敖青年论坛演讲.txt"",""line"":461,""lines"":[461,463,465,467]},""crossReferences"":[""li-ao-yanjiangji-045-recalls-prison-toilet-reading-chiang-and-roc-demise"",""li-ao-yanjiangji-044-says-tra-provides-not-sells-weapons-and-us-will-not-rescue-taiwan""],""dataFile"":""data/timeline-events-li-ao-yanjiangji.json""}"
"27284","2015","2015-06-09","2015年6月9日","day","confirmed","李敖在青年论坛说他不信银行所以带现金和越战狙击手刀","李敖说他不相信银行，身边放现金和一把美国越战狙击手用的刀；真遇到打斗时，他的策略是把钱丢出去自己逃跑。","李敖","台北、美国","李敖演讲集、演讲、青年论坛、80演讲大会、陈文茜对谈、银行、现金、刀、自我保护、越战","演讲线、公共事件线","李敖演讲集、053.20150609李敖青年论坛演讲","","李敖演讲集","053.20150609李敖青年论坛演讲","247","《大李敖全集5.0》（wjm_tcy版）分章节/010.节目演讲类/011.李敖演讲集/053.20150609李敖青年论坛演讲.txt","","[]","data/timeline-events-li-ao-yanjiangji.json","li-ao-yanjiangji-053-keeps-cash-and-knife-because-he-distrusts-banks","{""id"":""li-ao-yanjiangji-053-keeps-cash-and-knife-because-he-distrusts-banks"",""date"":""2015-06-09"",""displayDate"":""2015年6月9日"",""datePrecision"":""day"",""title"":""李敖在青年论坛说他不信银行所以带现金和越战狙击手刀"",""summary"":""李敖说他不相信银行，身边放现金和一把美国越战狙击手用的刀；真遇到打斗时，他的策略是把钱丢出去自己逃跑。"",""view"":[""演讲线"",""公共事件线""],""tags"":[""李敖演讲集"",""演讲"",""青年论坛"",""80演讲大会"",""陈文茜对谈"",""银行"",""现金"",""刀"",""自我保护"",""越战""],""people"":[""李敖""],""places"":[""台北"",""美国""],""works"":[""李敖演讲集"",""053.20150609李敖青年论坛演讲""],""certainty"":""confirmed"",""source"":{""book"":""李敖演讲集"",""chapter"":""053.20150609李敖青年论坛演讲"",""path"":""《大李敖全集5.0》（wjm_tcy版）分章节/010.节目演讲类/011.李敖演讲集/053.20150609李敖青年论坛演讲.txt"",""line"":247,""lines"":[247,249,251,253,255,257,259,261,263,265,267]},""crossReferences"":[],""dataFile"":""data/timeline-events-li-ao-yanjiangji.json""}"
"27285","2015","2015-06-09","2015年6月9日","day","confirmed","李敖在青年论坛说他从不鼓励年轻人做叛逆者","李敖说自己从不鼓励别人当叛逆者或叛徒，因为这种人物像星星或彗星，漂亮却悲剧，还举文天祥家人投降作反差。","李敖、文天祥","台北","李敖演讲集、演讲、青年论坛、80演讲大会、陈文茜对谈、青年建议、叛逆者、文天祥、悲剧","演讲线、公共事件线","李敖演讲集、053.20150609李敖青年论坛演讲","","李敖演讲集","053.20150609李敖青年论坛演讲","231","《大李敖全集5.0》（wjm_tcy版）分章节/010.节目演讲类/011.李敖演讲集/053.20150609李敖青年论坛演讲.txt","","[]","data/timeline-events-li-ao-yanjiangji.json","li-ao-yanjiangji-053-says-he-never-encourages-youth-to-be-rebels","{""id"":""li-ao-yanjiangji-053-says-he-never-encourages-youth-to-be-rebels"",""date"":""2015-06-09"",""displayDate"":""2015年6月9日"",""datePrecision"":""day"",""title"":""李敖在青年论坛说他从不鼓励年轻人做叛逆者"",""summary"":""李敖说自己从不鼓励别人当叛逆者或叛徒，因为这种人物像星星或彗星，漂亮却悲剧，还举文天祥家人投降作反差。"",""view"":[""演讲线"",""公共事件线""],""tags"":[""李敖演讲集"",""演讲"",""青年论坛"",""80演讲大会"",""陈文茜对谈"",""青年建议"",""叛逆者"",""文天祥"",""悲剧""],""people"":[""李敖"",""文天祥""],""places"":[""台北""],""works"":[""李敖演讲集"",""053.20150609李敖青年论坛演讲""],""certainty"":""confirmed"",""source"":{""book"":""李敖演讲集"",""chapter"":""053.20150609李敖青年论坛演讲"",""path"":""《大李敖全集5.0》（wjm_tcy版）分章节/010.节目演讲类/011.李敖演讲集/053.20150609李敖青年论坛演讲.txt"",""line"":231,""lines"":[231,233,235]},""crossReferences"":[],""dataFile"":""data/timeline-events-li-ao-yanjiangji.json""}"
"27286","2015","2015-06-09","2015年6月9日","day","confirmed","李敖在青年论坛说他出钱让郑南榕杂志实践百分之百言论自由","李敖说郑南榕的杂志有他的资金和“李敖特区”，让他可以在里面写统派文章，证明百分之百言论自由不只保护同一立场。","李敖、郑南榕","台北","李敖演讲集、演讲、青年论坛、80演讲大会、陈文茜对谈、郑南榕、李敖特区、言论自由、统派文章","演讲线、公共事件线","李敖演讲集、053.20150609李敖青年论坛演讲","","李敖演讲集","053.20150609李敖青年论坛演讲","183","《大李敖全集5.0》（wjm_tcy版）分章节/010.节目演讲类/011.李敖演讲集/053.20150609李敖青年论坛演讲.txt","","[]","data/timeline-events-li-ao-yanjiangji.json","li-ao-yanjiangji-053-funds-cheng-nan-jung-magazine-for-one-hundred-percent-free-speech","{""id"":""li-ao-yanjiangji-053-funds-cheng-nan-jung-magazine-for-one-hundred-percent-free-speech"",""date"":""2015-06-09"",""displayDate"":""2015年6月9日"",""datePrecision"":""day"",""title"":""李敖在青年论坛说他出钱让郑南榕杂志实践百分之百言论自由"",""summary"":""李敖说郑南榕的杂志有他的资金和“李敖特区”，让他可以在里面写统派文章，证明百分之百言论自由不只保护同一立场。"",""view"":[""演讲线"",""公共事件线""],""tags"":[""李敖演讲集"",""演讲"",""青年论坛"",""80演讲大会"",""陈文茜对谈"",""郑南榕"",""李敖特区"",""言论自由"",""统派文章""],""people"":[""李敖"",""郑南榕""],""places"":[""台北""],""works"":[""李敖演讲集"",""053.20150609李敖青年论坛演讲""],""certainty"":""confirmed"",""source"":{""book"":""李敖演讲集"",""chapter"":""053.20150609李敖青年论坛演讲"",""path"":""《大李敖全集5.0》（wjm_tcy版）分章节/010.节目演讲类/011.李敖演讲集/053.20150609李敖青年论坛演讲.txt"",""line"":183,""lines"":[183,185,187]},""crossReferences"":[],""dataFile"":""data/timeline-events-li-ao-yanjiangji.json""}"
"27287","2015","2015-06-09","2015年6月9日","day","confirmed","李敖在青年论坛说他的期中判决藏在五部文学作品里","李敖说自己的“期中判决”在《北京法源寺》《上山·上山·爱》《虚拟的十七岁》《红色11》和《第73烈士》五部文学作品里，并请读者读文学而不是杂书。","李敖","台北","李敖演讲集、演讲、青年论坛、80演讲大会、陈文茜对谈、文学作品、期中判决、北京法源寺、上山上山爱、虚拟的十七岁","演讲线、公共事件线","李敖演讲集、053.20150609李敖青年论坛演讲、北京法源寺、上山·上山·爱、虚拟的十七岁、红色11、第73烈士","","李敖演讲集","053.20150609李敖青年论坛演讲","409","《大李敖全集5.0》（wjm_tcy版）分章节/010.节目演讲类/011.李敖演讲集/053.20150609李敖青年论坛演讲.txt","","[]","data/timeline-events-li-ao-yanjiangji.json","li-ao-yanjiangji-053-names-five-literary-works-as-his-midterm-judgment","{""id"":""li-ao-yanjiangji-053-names-five-literary-works-as-his-midterm-judgment"",""date"":""2015-06-09"",""displayDate"":""2015年6月9日"",""datePrecision"":""day"",""title"":""李敖在青年论坛说他的期中判决藏在五部文学作品里"",""summary"":""李敖说自己的“期中判决”在《北京法源寺》《上山·上山·爱》《虚拟的十七岁》《红色11》和《第73烈士》五部文学作品里，并请读者读文学而不是杂书。"",""view"":[""演讲线"",""公共事件线""],""tags"":[""李敖演讲集"",""演讲"",""青年论坛"",""80演讲大会"",""陈文茜对谈"",""文学作品"",""期中判决"",""北京法源寺"",""上山上山爱"",""虚拟的十七岁""],""people"":[""李敖""],""places"":[""台北""],""works"":[""李敖演讲集"",""053.20150609李敖青年论坛演讲"",""北京法源寺"",""上山·上山·爱"",""虚拟的十七岁"",""红色11"",""第73烈士""],""certainty"":""confirmed"",""source"":{""book"":""李敖演讲集"",""chapter"":""053.20150609李敖青年论坛演讲"",""path"":""《大李敖全集5.0》（wjm_tcy版）分章节/010.节目演讲类/011.李敖演讲集/053.20150609李敖青年论坛演讲.txt"",""line"":409,""lines"":[409]},""crossReferences"":[],""dataFile"":""data/timeline-events-li-ao-yanjiangji.json""}"
"27288","2015","2015-06-09","2015年6月9日","day","confirmed","李敖在青年论坛说台湾一国两制谈判筹码已经流失","李敖说他十五年前最早主张台湾谈一国两制，但台湾如今已经失去筹码，只能承认衰落，把自己变成旅游路线。","李敖","台北","李敖演讲集、演讲、青年论坛、80演讲大会、陈文茜对谈、台湾前途、一国两制、谈判筹码、旅游","演讲线、公共事件线","李敖演讲集、053.20150609李敖青年论坛演讲","li-ao-yanjiangji-045-says-taiwan-lost-chances-and-only-octs-negotiation-remains","李敖演讲集","053.20150609李敖青年论坛演讲","453","《大李敖全集5.0》（wjm_tcy版）分章节/010.节目演讲类/011.李敖演讲集/053.20150609李敖青年论坛演讲.txt","","[]","data/timeline-events-li-ao-yanjiangji.json","li-ao-yanjiangji-053-says-taiwan-lost-one-country-two-systems-bargaining-chips","{""id"":""li-ao-yanjiangji-053-says-taiwan-lost-one-country-two-systems-bargaining-chips"",""date"":""2015-06-09"",""displayDate"":""2015年6月9日"",""datePrecision"":""day"",""title"":""李敖在青年论坛说台湾一国两制谈判筹码已经流失"",""summary"":""李敖说他十五年前最早主张台湾谈一国两制，但台湾如今已经失去筹码，只能承认衰落，把自己变成旅游路线。"",""view"":[""演讲线"",""公共事件线""],""tags"":[""李敖演讲集"",""演讲"",""青年论坛"",""80演讲大会"",""陈文茜对谈"",""台湾前途"",""一国两制"",""谈判筹码"",""旅游""],""people"":[""李敖""],""places"":[""台北""],""works"":[""李敖演讲集"",""053.20150609李敖青年论坛演讲""],""certainty"":""confirmed"",""source"":{""book"":""李敖演讲集"",""chapter"":""053.20150609李敖青年论坛演讲"",""path"":""《大李敖全集5.0》（wjm_tcy版）分章节/010.节目演讲类/011.李敖演讲集/053.20150609李敖青年论坛演讲.txt"",""line"":453,""lines"":[453,455]},""crossReferences"":[""li-ao-yanjiangji-045-says-taiwan-lost-chances-and-only-octs-negotiation-remains""],""dataFile"":""data/timeline-events-li-ao-yanjiangji.json""}"
"27289","2015","2015-06-09","2015年6月9日","day","confirmed","李敖在青年论坛说电脑手机图像伤害年轻人的思考和写作","李敖说电脑、手机和图像化环境让年轻人思考与写作能力下降，他自己只用 iPad 写字，并自称是抵抗电脑的最后头脑。","李敖","台北","李敖演讲集、演讲、青年论坛、80演讲大会、陈文茜对谈、电脑、手机、图像、写作、青年","演讲线、公共事件线","李敖演讲集、053.20150609李敖青年论坛演讲","","李敖演讲集","053.20150609李敖青年论坛演讲","319","《大李敖全集5.0》（wjm_tcy版）分章节/010.节目演讲类/011.李敖演讲集/053.20150609李敖青年论坛演讲.txt","","[]","data/timeline-events-li-ao-yanjiangji.json","li-ao-yanjiangji-053-says-computers-and-phones-damage-young-thinking-and-writing","{""id"":""li-ao-yanjiangji-053-says-computers-and-phones-damage-young-thinking-and-writing"",""date"":""2015-06-09"",""displayDate"":""2015年6月9日"",""datePrecision"":""day"",""title"":""李敖在青年论坛说电脑手机图像伤害年轻人的思考和写作"",""summary"":""李敖说电脑、手机和图像化环境让年轻人思考与写作能力下降，他自己只用 iPad 写字，并自称是抵抗电脑的最后头脑。"",""view"":[""演讲线"",""公共事件线""],""tags"":[""李敖演讲集"",""演讲"",""青年论坛"",""80演讲大会"",""陈文茜对谈"",""电脑"",""手机"",""图像"",""写作"",""青年""],""people"":[""李敖""],""places"":[""台北""],""works"":[""李敖演讲集"",""053.20150609李敖青年论坛演讲""],""certainty"":""confirmed"",""source"":{""book"":""李敖演讲集"",""chapter"":""053.20150609李敖青年论坛演讲"",""path"":""《大李敖全集5.0》（wjm_tcy版）分章节/010.节目演讲类/011.李敖演讲集/053.20150609李敖青年论坛演讲.txt"",""line"":319,""lines"":[319,321,323,325,327,329,331]},""crossReferences"":[],""dataFile"":""data/timeline-events-li-ao-yanjiangji.json""}"
"27290","2015","2015-06-09","2015年6月9日","day","confirmed","李敖在青年论坛说年轻人已经失去革命和发财两种机会","李敖说现代政府太强，企业又太全球化、公司化，所以年轻人失去了革命和快速发财两条旧机会。","李敖","台北","李敖演讲集、演讲、青年论坛、80演讲大会、陈文茜对谈、青年机会、革命、发财、全球化","演讲线、公共事件线","李敖演讲集、053.20150609李敖青年论坛演讲","","李敖演讲集","053.20150609李敖青年论坛演讲","439","《大李敖全集5.0》（wjm_tcy版）分章节/010.节目演讲类/011.李敖演讲集/053.20150609李敖青年论坛演讲.txt","","[]","data/timeline-events-li-ao-yanjiangji.json","li-ao-yanjiangji-053-says-youth-lost-revolution-and-getting-rich-opportunities","{""id"":""li-ao-yanjiangji-053-says-youth-lost-revolution-and-getting-rich-opportunities"",""date"":""2015-06-09"",""displayDate"":""2015年6月9日"",""datePrecision"":""day"",""title"":""李敖在青年论坛说年轻人已经失去革命和发财两种机会"",""summary"":""李敖说现代政府太强，企业又太全球化、公司化，所以年轻人失去了革命和快速发财两条旧机会。"",""view"":[""演讲线"",""公共事件线""],""tags"":[""李敖演讲集"",""演讲"",""青年论坛"",""80演讲大会"",""陈文茜对谈"",""青年机会"",""革命"",""发财"",""全球化""],""people"":[""李敖""],""places"":[""台北""],""works"":[""李敖演讲集"",""053.20150609李敖青年论坛演讲""],""certainty"":""confirmed"",""source"":{""book"":""李敖演讲集"",""chapter"":""053.20150609李敖青年论坛演讲"",""path"":""《大李敖全集5.0》（wjm_tcy版）分章节/010.节目演讲类/011.李敖演讲集/053.20150609李敖青年论坛演讲.txt"",""line"":439,""lines"":[439]},""crossReferences"":[],""dataFile"":""data/timeline-events-li-ao-yanjiangji.json""}"
"27291","2015","2015-06-09","2015年6月9日","day","confirmed","李敖在青年论坛说自我吹捧来自出狱后十四年媒体禁名","李敖说他之所以自写赞美、自己吹捧，是因为出狱后台湾媒体和书籍十四年不能出现“李敖”，没有人能公开称赞他。","李敖","台北","李敖演讲集、演讲、青年论坛、80演讲大会、陈文茜对谈、自我赞美、封杀、十四年、出狱","演讲线、公共事件线","李敖演讲集、053.20150609李敖青年论坛演讲","","李敖演讲集","053.20150609李敖青年论坛演讲","291","《大李敖全集5.0》（wjm_tcy版）分章节/010.节目演讲类/011.李敖演讲集/053.20150609李敖青年论坛演讲.txt","","[]","data/timeline-events-li-ao-yanjiangji.json","li-ao-yanjiangji-053-explains-self-praise-as-reaction-to-fourteen-year-name-ban","{""id"":""li-ao-yanjiangji-053-explains-self-praise-as-reaction-to-fourteen-year-name-ban"",""date"":""2015-06-09"",""displayDate"":""2015年6月9日"",""datePrecision"":""day"",""title"":""李敖在青年论坛说自我吹捧来自出狱后十四年媒体禁名"",""summary"":""李敖说他之所以自写赞美、自己吹捧，是因为出狱后台湾媒体和书籍十四年不能出现“李敖”，没有人能公开称赞他。"",""view"":[""演讲线"",""公共事件线""],""tags"":[""李敖演讲集"",""演讲"",""青年论坛"",""80演讲大会"",""陈文茜对谈"",""自我赞美"",""封杀"",""十四年"",""出狱""],""people"":[""李敖""],""places"":[""台北""],""works"":[""李敖演讲集"",""053.20150609李敖青年论坛演讲""],""certainty"":""confirmed"",""source"":{""book"":""李敖演讲集"",""chapter"":""053.20150609李敖青年论坛演讲"",""path"":""《大李敖全集5.0》（wjm_tcy版）分章节/010.节目演讲类/011.李敖演讲集/053.20150609李敖青年论坛演讲.txt"",""line"":291,""lines"":[291,293,295]},""crossReferences"":[],""dataFile"":""data/timeline-events-li-ao-yanjiangji.json""}"
"27292","2015","2015-06-09","2015年6月9日","day","confirmed","李敖在青年论坛说李敖文化基金会没有进展所以取消","李敖说李敖文化基金会没有推进成果，因此计划已经取消。","李敖","台北","李敖演讲集、演讲、青年论坛、80演讲大会、陈文茜对谈、李敖文化基金会、基金会、取消","演讲线、公共事件线","李敖演讲集、053.20150609李敖青年论坛演讲","","李敖演讲集","053.20150609李敖青年论坛演讲","401","《大李敖全集5.0》（wjm_tcy版）分章节/010.节目演讲类/011.李敖演讲集/053.20150609李敖青年论坛演讲.txt","","[]","data/timeline-events-li-ao-yanjiangji.json","li-ao-yanjiangji-053-says-li-ao-cultural-foundation-made-no-progress-and-was-cancelled","{""id"":""li-ao-yanjiangji-053-says-li-ao-cultural-foundation-made-no-progress-and-was-cancelled"",""date"":""2015-06-09"",""displayDate"":""2015年6月9日"",""datePrecision"":""day"",""title"":""李敖在青年论坛说李敖文化基金会没有进展所以取消"",""summary"":""李敖说李敖文化基金会没有推进成果，因此计划已经取消。"",""view"":[""演讲线"",""公共事件线""],""tags"":[""李敖演讲集"",""演讲"",""青年论坛"",""80演讲大会"",""陈文茜对谈"",""李敖文化基金会"",""基金会"",""取消""],""people"":[""李敖""],""places"":[""台北""],""works"":[""李敖演讲集"",""053.20150609李敖青年论坛演讲""],""certainty"":""confirmed"",""source"":{""book"":""李敖演讲集"",""chapter"":""053.20150609李敖青年论坛演讲"",""path"":""《大李敖全集5.0》（wjm_tcy版）分章节/010.节目演讲类/011.李敖演讲集/053.20150609李敖青年论坛演讲.txt"",""line"":401,""lines"":[401]},""crossReferences"":[],""dataFile"":""data/timeline-events-li-ao-yanjiangji.json""}"
"27293","2015","2015-06-09","2015年6月9日","day","confirmed","李敖在青年论坛说过去青年被压制而现在青年缺少被听见的机会","李敖回忆陈诚曾说他是三十岁以下有名男性之一，再说当年青年被压制，如今青年虽可说话却不容易被听见，自由言论不能只是关在家里自说自话。","李敖、陈诚、蒋孝文","台北","李敖演讲集、演讲、青年论坛、80演讲大会、陈文茜对谈、青年、自由言论、陈诚、机会","演讲线、公共事件线","李敖演讲集、053.20150609李敖青年论坛演讲","","李敖演讲集","053.20150609李敖青年论坛演讲","109","《大李敖全集5.0》（wjm_tcy版）分章节/010.节目演讲类/011.李敖演讲集/053.20150609李敖青年论坛演讲.txt","","[]","data/timeline-events-li-ao-yanjiangji.json","li-ao-yanjiangji-053-contrasts-suppressed-youth-then-with-unheard-youth-now","{""id"":""li-ao-yanjiangji-053-contrasts-suppressed-youth-then-with-unheard-youth-now"",""date"":""2015-06-09"",""displayDate"":""2015年6月9日"",""datePrecision"":""day"",""title"":""李敖在青年论坛说过去青年被压制而现在青年缺少被听见的机会"",""summary"":""李敖回忆陈诚曾说他是三十岁以下有名男性之一，再说当年青年被压制，如今青年虽可说话却不容易被听见，自由言论不能只是关在家里自说自话。"",""view"":[""演讲线"",""公共事件线""],""tags"":[""李敖演讲集"",""演讲"",""青年论坛"",""80演讲大会"",""陈文茜对谈"",""青年"",""自由言论"",""陈诚"",""机会""],""people"":[""李敖"",""陈诚"",""蒋孝文""],""places"":[""台北""],""works"":[""李敖演讲集"",""053.20150609李敖青年论坛演讲""],""certainty"":""confirmed"",""source"":{""book"":""李敖演讲集"",""chapter"":""053.20150609李敖青年论坛演讲"",""path"":""《大李敖全集5.0》（wjm_tcy版）分章节/010.节目演讲类/011.李敖演讲集/053.20150609李敖青年论坛演讲.txt"",""line"":109,""lines"":[109]},""crossReferences"":[],""dataFile"":""data/timeline-events-li-ao-yanjiangji.json""}"
"27294","2015","2015-06-09","2015年6月9日","day","confirmed","李敖在青年论坛说宪法民主平等是假而自由有一半是真的","李敖说宪法、民主、平等常常都是假的，只有自由有一半是真的，因为自由可以通过改变观念在内心取得一部分。","李敖","台北","李敖演讲集、演讲、青年论坛、80演讲大会、陈文茜对谈、宪法、民主、平等、自由、内在自由","演讲线、公共事件线","李敖演讲集、053.20150609李敖青年论坛演讲","","李敖演讲集","053.20150609李敖青年论坛演讲","139","《大李敖全集5.0》（wjm_tcy版）分章节/010.节目演讲类/011.李敖演讲集/053.20150609李敖青年论坛演讲.txt","","[]","data/timeline-events-li-ao-yanjiangji.json","li-ao-yanjiangji-053-says-constitution-democracy-equality-are-false-but-freedom-is-half-true","{""id"":""li-ao-yanjiangji-053-says-constitution-democracy-equality-are-false-but-freedom-is-half-true"",""date"":""2015-06-09"",""displayDate"":""2015年6月9日"",""datePrecision"":""day"",""title"":""李敖在青年论坛说宪法民主平等是假而自由有一半是真的"",""summary"":""李敖说宪法、民主、平等常常都是假的，只有自由有一半是真的，因为自由可以通过改变观念在内心取得一部分。"",""view"":[""演讲线"",""公共事件线""],""tags"":[""李敖演讲集"",""演讲"",""青年论坛"",""80演讲大会"",""陈文茜对谈"",""宪法"",""民主"",""平等"",""自由"",""内在自由""],""people"":[""李敖""],""places"":[""台北""],""works"":[""李敖演讲集"",""053.20150609李敖青年论坛演讲""],""certainty"":""confirmed"",""source"":{""book"":""李敖演讲集"",""chapter"":""053.20150609李敖青年论坛演讲"",""path"":""《大李敖全集5.0》（wjm_tcy版）分章节/010.节目演讲类/011.李敖演讲集/053.20150609李敖青年论坛演讲.txt"",""line"":139,""lines"":[139,141]},""crossReferences"":[],""dataFile"":""data/timeline-events-li-ao-yanjiangji.json""}"
"27295","2015","2015-06-09","2015年6月9日","day","confirmed","李敖在青年论坛说夏天穿父亲长袍训练虽千万人吾往矣","李敖说长袍来自父亲大陆带来的衣服，他在夏天穿长袍并承受旁人反对，正是训练自己“虽千万人吾往矣”的方式。","李敖","台北","李敖演讲集、演讲、青年论坛、80演讲大会、陈文茜对谈、长袍、父亲、反抗训练、虽千万人吾往矣","演讲线、公共事件线","李敖演讲集、053.20150609李敖青年论坛演讲","","李敖演讲集","053.20150609李敖青年论坛演讲","57","《大李敖全集5.0》（wjm_tcy版）分章节/010.节目演讲类/011.李敖演讲集/053.20150609李敖青年论坛演讲.txt","","[]","data/timeline-events-li-ao-yanjiangji.json","li-ao-yanjiangji-053-turns-fathers-mainland-robe-into-training-for-defiance","{""id"":""li-ao-yanjiangji-053-turns-fathers-mainland-robe-into-training-for-defiance"",""date"":""2015-06-09"",""displayDate"":""2015年6月9日"",""datePrecision"":""day"",""title"":""李敖在青年论坛说夏天穿父亲长袍训练虽千万人吾往矣"",""summary"":""李敖说长袍来自父亲大陆带来的衣服，他在夏天穿长袍并承受旁人反对，正是训练自己“虽千万人吾往矣”的方式。"",""view"":[""演讲线"",""公共事件线""],""tags"":[""李敖演讲集"",""演讲"",""青年论坛"",""80演讲大会"",""陈文茜对谈"",""长袍"",""父亲"",""反抗训练"",""虽千万人吾往矣""],""people"":[""李敖""],""places"":[""台北""],""works"":[""李敖演讲集"",""053.20150609李敖青年论坛演讲""],""certainty"":""confirmed"",""source"":{""book"":""李敖演讲集"",""chapter"":""053.20150609李敖青年论坛演讲"",""path"":""《大李敖全集5.0》（wjm_tcy版）分章节/010.节目演讲类/011.李敖演讲集/053.20150609李敖青年论坛演讲.txt"",""line"":57,""lines"":[57,59,61]},""crossReferences"":[],""dataFile"":""data/timeline-events-li-ao-yanjiangji.json""}"
"27296","2015","2015-06-09","2015年6月9日","day","confirmed","李敖在青年论坛说被捕不是因为真台独而是岛上无处可逃且政府早要抓他","李敖解释自己为什么被抓，说台湾是岛，逃不了，而政府早就想抓他；事件本质是为自由，不是真正台独，最后却以台独案办他。","李敖","台北","李敖演讲集、演讲、青年论坛、80演讲大会、陈文茜对谈、被捕、坐牢、自由、台独案","演讲线、公共事件线","李敖演讲集、053.20150609李敖青年论坛演讲","","李敖演讲集","053.20150609李敖青年论坛演讲","153","《大李敖全集5.0》（wjm_tcy版）分章节/010.节目演讲类/011.李敖演讲集/053.20150609李敖青年论坛演讲.txt","","[]","data/timeline-events-li-ao-yanjiangji.json","li-ao-yanjiangji-053-says-he-was-arrested-because-island-left-no-escape-and-government-wanted-him","{""id"":""li-ao-yanjiangji-053-says-he-was-arrested-because-island-left-no-escape-and-government-wanted-him"",""date"":""2015-06-09"",""displayDate"":""2015年6月9日"",""datePrecision"":""day"",""title"":""李敖在青年论坛说被捕不是因为真台独而是岛上无处可逃且政府早要抓他"",""summary"":""李敖解释自己为什么被抓，说台湾是岛，逃不了，而政府早就想抓他；事件本质是为自由，不是真正台独，最后却以台独案办他。"",""view"":[""演讲线"",""公共事件线""],""tags"":[""李敖演讲集"",""演讲"",""青年论坛"",""80演讲大会"",""陈文茜对谈"",""被捕"",""坐牢"",""自由"",""台独案""],""people"":[""李敖""],""places"":[""台北""],""works"":[""李敖演讲集"",""053.20150609李敖青年论坛演讲""],""certainty"":""confirmed"",""source"":{""book"":""李敖演讲集"",""chapter"":""053.20150609李敖青年论坛演讲"",""path"":""《大李敖全集5.0》（wjm_tcy版）分章节/010.节目演讲类/011.李敖演讲集/053.20150609李敖青年论坛演讲.txt"",""line"":153,""lines"":[153,155,157]},""crossReferences"":[],""dataFile"":""data/timeline-events-li-ao-yanjiangji.json""}"
"27297","2015","2015-06-09","2015年6月9日","day","confirmed","李敖在青年论坛说彭明敏宣言四十二条中只有两条像台独却被扭成台独","李敖说彭明敏宣言四十二条里只有两条看起来像台独，后来却被歪曲成台独文本；民进党一开始也不是台独党，直到许信良以后才变化。","李敖、彭明敏、许信良","台北","李敖演讲集、演讲、青年论坛、80演讲大会、陈文茜对谈、彭明敏、台湾自救宣言、台独、许信良","演讲线、公共事件线","李敖演讲集、053.20150609李敖青年论坛演讲","","李敖演讲集","053.20150609李敖青年论坛演讲","136","《大李敖全集5.0》（wjm_tcy版）分章节/010.节目演讲类/011.李敖演讲集/053.20150609李敖青年论坛演讲.txt","","[]","data/timeline-events-li-ao-yanjiangji.json","li-ao-yanjiangji-053-says-peng-mingmin-declaration-was-distorted-as-taiwan-independence","{""id"":""li-ao-yanjiangji-053-says-peng-mingmin-declaration-was-distorted-as-taiwan-independence"",""date"":""2015-06-09"",""displayDate"":""2015年6月9日"",""datePrecision"":""day"",""title"":""李敖在青年论坛说彭明敏宣言四十二条中只有两条像台独却被扭成台独"",""summary"":""李敖说彭明敏宣言四十二条里只有两条看起来像台独，后来却被歪曲成台独文本；民进党一开始也不是台独党，直到许信良以后才变化。"",""view"":[""演讲线"",""公共事件线""],""tags"":[""李敖演讲集"",""演讲"",""青年论坛"",""80演讲大会"",""陈文茜对谈"",""彭明敏"",""台湾自救宣言"",""台独"",""许信良""],""people"":[""李敖"",""彭明敏"",""许信良""],""places"":[""台北""],""works"":[""李敖演讲集"",""053.20150609李敖青年论坛演讲""],""certainty"":""confirmed"",""source"":{""book"":""李敖演讲集"",""chapter"":""053.20150609李敖青年论坛演讲"",""path"":""《大李敖全集5.0》（wjm_tcy版）分章节/010.节目演讲类/011.李敖演讲集/053.20150609李敖青年论坛演讲.txt"",""line"":136,""lines"":[136,138]},""crossReferences"":[],""dataFile"":""data/timeline-events-li-ao-yanjiangji.json""}"
"27298","2015","2015-06-09","2015年6月9日","day","confirmed","李敖在青年论坛说微博一百四十字限制训练他把文章写短","李敖回看旧文章觉得不够好，认为自己现在写得更短，尤其新浪微博一百四十字限制逼他让故事很快起落。","李敖","台北","李敖演讲集、演讲、青年论坛、80演讲大会、陈文茜对谈、写作方法、微博、短文、自我批评","演讲线、公共事件线","李敖演讲集、053.20150609李敖青年论坛演讲、老年人与棒子","","李敖演讲集","053.20150609李敖青年论坛演讲","105","《大李敖全集5.0》（wjm_tcy版）分章节/010.节目演讲类/011.李敖演讲集/053.20150609李敖青年论坛演讲.txt","","[]","data/timeline-events-li-ao-yanjiangji.json","li-ao-yanjiangji-053-credits-weibo-limit-for-teaching-shorter-writing","{""id"":""li-ao-yanjiangji-053-credits-weibo-limit-for-teaching-shorter-writing"",""date"":""2015-06-09"",""displayDate"":""2015年6月9日"",""datePrecision"":""day"",""title"":""李敖在青年论坛说微博一百四十字限制训练他把文章写短"",""summary"":""李敖回看旧文章觉得不够好，认为自己现在写得更短，尤其新浪微博一百四十字限制逼他让故事很快起落。"",""view"":[""演讲线"",""公共事件线""],""tags"":[""李敖演讲集"",""演讲"",""青年论坛"",""80演讲大会"",""陈文茜对谈"",""写作方法"",""微博"",""短文"",""自我批评""],""people"":[""李敖""],""places"":[""台北""],""works"":[""李敖演讲集"",""053.20150609李敖青年论坛演讲"",""老年人与棒子""],""certainty"":""confirmed"",""source"":{""book"":""李敖演讲集"",""chapter"":""053.20150609李敖青年论坛演讲"",""path"":""《大李敖全集5.0》（wjm_tcy版）分章节/010.节目演讲类/011.李敖演讲集/053.20150609李敖青年论坛演讲.txt"",""line"":105,""lines"":[105]},""crossReferences"":[],""dataFile"":""data/timeline-events-li-ao-yanjiangji.json""}"
"27299","2015","2015-06-09","2015年6月9日","day","confirmed","李敖在青年论坛说禁书压力从国共政府转到资本老板","李敖说国民党禁他九十六本书，共产党禁他一百多本；现在自由言论常不再只被政府控制，也被老板和资本压力控制。","李敖","台北","李敖演讲集、演讲、青年论坛、80演讲大会、陈文茜对谈、禁书、言论自由、资本压力、慈济","演讲线、公共事件线","李敖演讲集、053.20150609李敖青年论坛演讲","li-ao-yanjiangji-046-balances-ccp-life-expectancy-achievement-with-book-bans","李敖演讲集","053.20150609李敖青年论坛演讲","111","《大李敖全集5.0》（wjm_tcy版）分章节/010.节目演讲类/011.李敖演讲集/053.20150609李敖青年论坛演讲.txt","","[]","data/timeline-events-li-ao-yanjiangji.json","li-ao-yanjiangji-053-says-book-bans-changed-from-government-to-capitalist-pressure","{""id"":""li-ao-yanjiangji-053-says-book-bans-changed-from-government-to-capitalist-pressure"",""date"":""2015-06-09"",""displayDate"":""2015年6月9日"",""datePrecision"":""day"",""title"":""李敖在青年论坛说禁书压力从国共政府转到资本老板"",""summary"":""李敖说国民党禁他九十六本书，共产党禁他一百多本；现在自由言论常不再只被政府控制，也被老板和资本压力控制。"",""view"":[""演讲线"",""公共事件线""],""tags"":[""李敖演讲集"",""演讲"",""青年论坛"",""80演讲大会"",""陈文茜对谈"",""禁书"",""言论自由"",""资本压力"",""慈济""],""people"":[""李敖""],""places"":[""台北""],""works"":[""李敖演讲集"",""053.20150609李敖青年论坛演讲""],""certainty"":""confirmed"",""source"":{""book"":""李敖演讲集"",""chapter"":""053.20150609李敖青年论坛演讲"",""path"":""《大李敖全集5.0》（wjm_tcy版）分章节/010.节目演讲类/011.李敖演讲集/053.20150609李敖青年论坛演讲.txt"",""line"":111,""lines"":[111]},""crossReferences"":[""li-ao-yanjiangji-046-balances-ccp-life-expectancy-achievement-with-book-bans""],""dataFile"":""data/timeline-events-li-ao-yanjiangji.json""}"
"27300","2015","2015-06-09","2015年6月9日","day","confirmed","李敖在青年论坛说蔡英文接受中华民国宪法就等于接受统一条款","李敖说蔡英文讲中华民国宪法时，其实也接受宪法增修条文中的国家统一、自由地区和大陆地区逻辑，因此按文本等于统一。","李敖、蔡英文","台北","李敖演讲集、演讲、青年论坛、80演讲大会、陈文茜对谈、蔡英文、中华民国宪法、国家统一、两岸关系","演讲线、公共事件线","李敖演讲集、053.20150609李敖青年论坛演讲","","李敖演讲集","053.20150609李敖青年论坛演讲","138","《大李敖全集5.0》（wjm_tcy版）分章节/010.节目演讲类/011.李敖演讲集/053.20150609李敖青年论坛演讲.txt","","[]","data/timeline-events-li-ao-yanjiangji.json","li-ao-yanjiangji-053-reads-tsai-ingwen-roc-constitution-line-as-unification","{""id"":""li-ao-yanjiangji-053-reads-tsai-ingwen-roc-constitution-line-as-unification"",""date"":""2015-06-09"",""displayDate"":""2015年6月9日"",""datePrecision"":""day"",""title"":""李敖在青年论坛说蔡英文接受中华民国宪法就等于接受统一条款"",""summary"":""李敖说蔡英文讲中华民国宪法时，其实也接受宪法增修条文中的国家统一、自由地区和大陆地区逻辑，因此按文本等于统一。"",""view"":[""演讲线"",""公共事件线""],""tags"":[""李敖演讲集"",""演讲"",""青年论坛"",""80演讲大会"",""陈文茜对谈"",""蔡英文"",""中华民国宪法"",""国家统一"",""两岸关系""],""people"":[""李敖"",""蔡英文""],""places"":[""台北""],""works"":[""李敖演讲集"",""053.20150609李敖青年论坛演讲""],""certainty"":""confirmed"",""source"":{""book"":""李敖演讲集"",""chapter"":""053.20150609李敖青年论坛演讲"",""path"":""《大李敖全集5.0》（wjm_tcy版）分章节/010.节目演讲类/011.李敖演讲集/053.20150609李敖青年论坛演讲.txt"",""line"":138,""lines"":[138]},""crossReferences"":[],""dataFile"":""data/timeline-events-li-ao-yanjiangji.json""}"
"27301","2015","2015-06-09","2015年6月9日","day","confirmed","李敖在青年论坛展示《李敖风流自传》三十五岁照片并说头发是真的","李敖展示《李敖风流自传》封面上三十五岁时的照片，说那时年轻漂亮，头发也是真头发。","李敖","台北","李敖演讲集、演讲、青年论坛、80演讲大会、陈文茜对谈、李敖风流自传、照片、青春、头发","演讲线、公共事件线","李敖演讲集、053.20150609李敖青年论坛演讲、李敖风流自传","","李敖演讲集","053.20150609李敖青年论坛演讲","65","《大李敖全集5.0》（wjm_tcy版）分章节/010.节目演讲类/011.李敖演讲集/053.20150609李敖青年论坛演讲.txt","","[]","data/timeline-events-li-ao-yanjiangji.json","li-ao-yanjiangji-053-shows-fengliu-autobiography-youth-photo-and-real-hair","{""id"":""li-ao-yanjiangji-053-shows-fengliu-autobiography-youth-photo-and-real-hair"",""date"":""2015-06-09"",""displayDate"":""2015年6月9日"",""datePrecision"":""day"",""title"":""李敖在青年论坛展示《李敖风流自传》三十五岁照片并说头发是真的"",""summary"":""李敖展示《李敖风流自传》封面上三十五岁时的照片，说那时年轻漂亮，头发也是真头发。"",""view"":[""演讲线"",""公共事件线""],""tags"":[""李敖演讲集"",""演讲"",""青年论坛"",""80演讲大会"",""陈文茜对谈"",""李敖风流自传"",""照片"",""青春"",""头发""],""people"":[""李敖""],""places"":[""台北""],""works"":[""李敖演讲集"",""053.20150609李敖青年论坛演讲"",""李敖风流自传""],""certainty"":""confirmed"",""source"":{""book"":""李敖演讲集"",""chapter"":""053.20150609李敖青年论坛演讲"",""path"":""《大李敖全集5.0》（wjm_tcy版）分章节/010.节目演讲类/011.李敖演讲集/053.20150609李敖青年论坛演讲.txt"",""line"":65,""lines"":[65]},""crossReferences"":[],""dataFile"":""data/timeline-events-li-ao-yanjiangji.json""}"
"27302","2015","2015-06-09","2015年6月9日","day","confirmed","李敖在青年论坛称郑南榕之死不是简单自焚而是被假台独困住","李敖说郑南榕生前和他通长电话，他认为郑南榕不是简单自焚，而是因为不愿坐牢，被假台独环境困住而走向死亡。","李敖、郑南榕","台北","李敖演讲集、演讲、青年论坛、80演讲大会、陈文茜对谈、郑南榕、自焚、假台独、坐牢","演讲线、公共事件线","李敖演讲集、053.20150609李敖青年论坛演讲","","李敖演讲集","053.20150609李敖青年论坛演讲","189","《大李敖全集5.0》（wjm_tcy版）分章节/010.节目演讲类/011.李敖演讲集/053.20150609李敖青年论坛演讲.txt","","[]","data/timeline-events-li-ao-yanjiangji.json","li-ao-yanjiangji-053-claims-cheng-nan-jung-death-was-not-simple-self-immolation","{""id"":""li-ao-yanjiangji-053-claims-cheng-nan-jung-death-was-not-simple-self-immolation"",""date"":""2015-06-09"",""displayDate"":""2015年6月9日"",""datePrecision"":""day"",""title"":""李敖在青年论坛称郑南榕之死不是简单自焚而是被假台独困住"",""summary"":""李敖说郑南榕生前和他通长电话，他认为郑南榕不是简单自焚，而是因为不愿坐牢，被假台独环境困住而走向死亡。"",""view"":[""演讲线"",""公共事件线""],""tags"":[""李敖演讲集"",""演讲"",""青年论坛"",""80演讲大会"",""陈文茜对谈"",""郑南榕"",""自焚"",""假台独"",""坐牢""],""people"":[""李敖"",""郑南榕""],""places"":[""台北""],""works"":[""李敖演讲集"",""053.20150609李敖青年论坛演讲""],""certainty"":""confirmed"",""source"":{""book"":""李敖演讲集"",""chapter"":""053.20150609李敖青年论坛演讲"",""path"":""《大李敖全集5.0》（wjm_tcy版）分章节/010.节目演讲类/011.李敖演讲集/053.20150609李敖青年论坛演讲.txt"",""line"":189,""lines"":[189,191,193,195]},""crossReferences"":[],""dataFile"":""data/timeline-events-li-ao-yanjiangji.json""}"
"27303","2015","2015-06-09","2015年6月9日","day","confirmed","李敖在青年论坛称蔡英文是替代前辈的机会主义者并揭民进党律师线人问题","李敖说蔡英文是后来上位的机会主义者，取代了早期牺牲者；他又说民进党律师和长辈里不少曾是国民党线民，并以江鹏坚告诉他的陈水扁收费辩护为例。","李敖、蔡英文、江鹏坚、陈水扁、黄信介","台北","李敖演讲集、演讲、青年论坛、80演讲大会、陈文茜对谈、蔡英文、民进党、线民、江鹏坚、陈水扁","演讲线、公共事件线","李敖演讲集、053.20150609李敖青年论坛演讲","","李敖演讲集","053.20150609李敖青年论坛演讲","199","《大李敖全集5.0》（wjm_tcy版）分章节/010.节目演讲类/011.李敖演讲集/053.20150609李敖青年论坛演讲.txt","","[]","data/timeline-events-li-ao-yanjiangji.json","li-ao-yanjiangji-053-calls-tsai-ingwen-opportunist-and-dpp-lawyers-informers","{""id"":""li-ao-yanjiangji-053-calls-tsai-ingwen-opportunist-and-dpp-lawyers-informers"",""date"":""2015-06-09"",""displayDate"":""2015年6月9日"",""datePrecision"":""day"",""title"":""李敖在青年论坛称蔡英文是替代前辈的机会主义者并揭民进党律师线人问题"",""summary"":""李敖说蔡英文是后来上位的机会主义者，取代了早期牺牲者；他又说民进党律师和长辈里不少曾是国民党线民，并以江鹏坚告诉他的陈水扁收费辩护为例。"",""view"":[""演讲线"",""公共事件线""],""tags"":[""李敖演讲集"",""演讲"",""青年论坛"",""80演讲大会"",""陈文茜对谈"",""蔡英文"",""民进党"",""线民"",""江鹏坚"",""陈水扁""],""people"":[""李敖"",""蔡英文"",""江鹏坚"",""陈水扁"",""黄信介""],""places"":[""台北""],""works"":[""李敖演讲集"",""053.20150609李敖青年论坛演讲""],""certainty"":""confirmed"",""source"":{""book"":""李敖演讲集"",""chapter"":""053.20150609李敖青年论坛演讲"",""path"":""《大李敖全集5.0》（wjm_tcy版）分章节/010.节目演讲类/011.李敖演讲集/053.20150609李敖青年论坛演讲.txt"",""line"":199,""lines"":[199,201,203,205,207]},""crossReferences"":[],""dataFile"":""data/timeline-events-li-ao-yanjiangji.json""}"
"27304","2015","2015-06-09","2015年6月9日","day","confirmed","李敖在青年论坛警告年轻人李敖道路在现代国家机器下很悲剧","李敖说年轻人可以过普通生活或坚持信仰，但若走“李敖”式道路会很悲剧，因为现代国家有坦克和枪，个人力量太小，刘邦项羽式造反已不可能。","李敖、刘邦、项羽","台北","李敖演讲集、演讲、青年论坛、80演讲大会、陈文茜对谈、青年建议、国家机器、悲剧、反抗","演讲线、公共事件线","李敖演讲集、053.20150609李敖青年论坛演讲","","李敖演讲集","053.20150609李敖青年论坛演讲","375","《大李敖全集5.0》（wjm_tcy版）分章节/010.节目演讲类/011.李敖演讲集/053.20150609李敖青年论坛演讲.txt","","[]","data/timeline-events-li-ao-yanjiangji.json","li-ao-yanjiangji-053-warns-youth-that-li-ao-path-is-tragic-under-modern-state-power","{""id"":""li-ao-yanjiangji-053-warns-youth-that-li-ao-path-is-tragic-under-modern-state-power"",""date"":""2015-06-09"",""displayDate"":""2015年6月9日"",""datePrecision"":""day"",""title"":""李敖在青年论坛警告年轻人李敖道路在现代国家机器下很悲剧"",""summary"":""李敖说年轻人可以过普通生活或坚持信仰，但若走“李敖”式道路会很悲剧，因为现代国家有坦克和枪，个人力量太小，刘邦项羽式造反已不可能。"",""view"":[""演讲线"",""公共事件线""],""tags"":[""李敖演讲集"",""演讲"",""青年论坛"",""80演讲大会"",""陈文茜对谈"",""青年建议"",""国家机器"",""悲剧"",""反抗""],""people"":[""李敖"",""刘邦"",""项羽""],""places"":[""台北""],""works"":[""李敖演讲集"",""053.20150609李敖青年论坛演讲""],""certainty"":""confirmed"",""source"":{""book"":""李敖演讲集"",""chapter"":""053.20150609李敖青年论坛演讲"",""path"":""《大李敖全集5.0》（wjm_tcy版）分章节/010.节目演讲类/011.李敖演讲集/053.20150609李敖青年论坛演讲.txt"",""line"":375,""lines"":[375,377,379,381]},""crossReferences"":[],""dataFile"":""data/timeline-events-li-ao-yanjiangji.json""}"
"27305","2015","2015-06-09","2015年6月9日星期二","day","confirmed","与陈文茜在《中天青年论坛》对谈演讲","《李敖五十年表》记，2015年6月9日，李敖与陈文茜在《中天青年论坛》对谈演讲。对2015年《虽千万人，李敖往矣》与《李敖风流自传》的出版年而言，这条补出了同年在媒体与思想表达层面的公开对谈节点。","李敖、陈文茜","中天、台湾","中天青年论坛、陈文茜、对谈、演讲","演讲线、媒体线、生平线","中天青年论坛、李敖相关","","李敖相关","001.李敖五十年表","187","《大李敖全集5.0》（wjm_tcy版）分章节/001.自传回忆类/008.李敖相关/001.李敖五十年表.txt","","[]","data/timeline-events-eighth-book.json","book8-2015-06-09-talks-with-chen-wenzhen-at-cti-youth-forum","{""id"":""book8-2015-06-09-talks-with-chen-wenzhen-at-cti-youth-forum"",""date"":""2015-06-09"",""displayDate"":""2015年6月9日星期二"",""datePrecision"":""day"",""title"":""与陈文茜在《中天青年论坛》对谈演讲"",""summary"":""《李敖五十年表》记，2015年6月9日，李敖与陈文茜在《中天青年论坛》对谈演讲。对2015年《虽千万人，李敖往矣》与《李敖风流自传》的出版年而言，这条补出了同年在媒体与思想表达层面的公开对谈节点。"",""view"":[""演讲线"",""媒体线"",""生平线""],""tags"":[""中天青年论坛"",""陈文茜"",""对谈"",""演讲""],""people"":[""李敖"",""陈文茜""],""places"":[""中天"",""台湾""],""works"":[""中天青年论坛"",""李敖相关""],""certainty"":""confirmed"",""source"":{""book"":""李敖相关"",""chapter"":""001.李敖五十年表"",""path"":""《大李敖全集5.0》（wjm_tcy版）分章节/001.自传回忆类/008.李敖相关/001.李敖五十年表.txt"",""line"":187},""dataFile"":""data/timeline-events-eighth-book.json""}"
"27306","2015","2015-06-30","2015-06-30","day","","李敖用刘泰英和许倬云官司说明自己打的是过程","他说打官司不只是输赢，而是像看贝克汉姆比赛一样赢过程；他以刘泰英三次出庭而自己请假、柯赐海趴车事件，以及许倬云赔八百万、先查封财产再告为例，说明诉讼前会深谋远虑。","李敖、刘泰英、柯赐海、许倬云、赵宁、郁慕明、杨宗儒","台湾","李敖政论综艺集、第十八轮、电视节目、第180集、改变的起点、诉讼、刘泰英、许倬云、查封财产、打过程","public","改变的起点","li-ao-zhenglun-zongyiji-130-lists-lawsuit-targets-and-asset-checks-as-method-not-random-litigation、li-ao-zhenglun-zongyiji-140-turns-litigation-asset-check-small-s-and-family-property-into-practical-calculus","","","","","","[]","data/timeline-events-li-ao-zhenglun-zongyiji.json","li-ao-zhenglun-zongyiji-180-explains-litigation-as-process-through-liu-taiying-and-hsu-cho-yun","{""id"":""li-ao-zhenglun-zongyiji-180-explains-litigation-as-process-through-liu-taiying-and-hsu-cho-yun"",""date"":""2015-06-30"",""year"":2015,""month"":6,""day"":30,""title"":""李敖用刘泰英和许倬云官司说明自己打的是过程"",""summary"":""他说打官司不只是输赢，而是像看贝克汉姆比赛一样赢过程；他以刘泰英三次出庭而自己请假、柯赐海趴车事件，以及许倬云赔八百万、先查封财产再告为例，说明诉讼前会深谋远虑。"",""category"":""media"",""source"":""《大李敖全集5.0》（wjm_tcy版）分章节/010.节目演讲类/012.李敖政论综艺集/180.20150630《改变的起点》.txt"",""sourceLines"":[375,375],""lineCount"":433,""people"":[""李敖"",""刘泰英"",""柯赐海"",""许倬云"",""赵宁"",""郁慕明"",""杨宗儒""],""places"":[""台湾""],""works"":[""改变的起点""],""tags"":[""李敖政论综艺集"",""第十八轮"",""电视节目"",""第180集"",""改变的起点"",""诉讼"",""刘泰英"",""许倬云"",""查封财产"",""打过程""],""crossReferences"":[""li-ao-zhenglun-zongyiji-130-lists-lawsuit-targets-and-asset-checks-as-method-not-random-litigation"",""li-ao-zhenglun-zongyiji-140-turns-litigation-asset-check-small-s-and-family-property-into-practical-calculus""],""view"":[""public""],""confidence"":""high"",""round"":""li-ao-zhenglun-zongyiji-round018-171-180"",""dataFile"":""data/timeline-events-li-ao-zhenglun-zongyiji.json""}"
"27307","2015","2015-06-30","2015-06-30","day","","李敖用政治犯补偿支票保存太太的黑色幽默","他说政治犯补偿时，坐牢三十年以上或枪毙者补偿六百万，自己拿到二百八十万支票给太太，太太反问现在枪毙还来得及吗；李敖借此称她很有幽默感。","李敖、王志慧","台湾","李敖政论综艺集、第十八轮、电视节目、第180集、改变的起点、政治犯补偿、王志慧、家庭幽默、支票、坐牢","public","改变的起点","","","","","","","[]","data/timeline-events-li-ao-zhenglun-zongyiji.json","li-ao-zhenglun-zongyiji-180-preserves-wife-compensation-check-joke-as-political-prisoner-family-humor","{""id"":""li-ao-zhenglun-zongyiji-180-preserves-wife-compensation-check-joke-as-political-prisoner-family-humor"",""date"":""2015-06-30"",""year"":2015,""month"":6,""day"":30,""title"":""李敖用政治犯补偿支票保存太太的黑色幽默"",""summary"":""他说政治犯补偿时，坐牢三十年以上或枪毙者补偿六百万，自己拿到二百八十万支票给太太，太太反问现在枪毙还来得及吗；李敖借此称她很有幽默感。"",""category"":""media"",""source"":""《大李敖全集5.0》（wjm_tcy版）分章节/010.节目演讲类/012.李敖政论综艺集/180.20150630《改变的起点》.txt"",""sourceLines"":[327,327],""lineCount"":433,""people"":[""李敖"",""王志慧""],""places"":[""台湾""],""works"":[""改变的起点""],""tags"":[""李敖政论综艺集"",""第十八轮"",""电视节目"",""第180集"",""改变的起点"",""政治犯补偿"",""王志慧"",""家庭幽默"",""支票"",""坐牢""],""crossReferences"":[],""view"":[""public""],""confidence"":""high"",""round"":""li-ao-zhenglun-zongyiji-round018-171-180"",""dataFile"":""data/timeline-events-li-ao-zhenglun-zongyiji.json""}"
"27308","2015","2015-06-30","2015-06-30","day","","李敖回忆来台后从豪门变难民，日月潭远足和八块榻榻米都成贫穷记忆","他说家里从北京豪门变成台湾难民，穷到牙膏都买不起，春假想去日月潭也没钱；八个人住八块榻榻米，六十年来台后再看旧宅，带回破瓦并写下凄凉捧得片瓦回。","李敖、王建煊","北京、台湾、日月潭","李敖政论综艺集、第十八轮、电视节目、第180集、改变的起点、来台、贫穷、日月潭、旧宅、榻榻米","public","改变的起点","","","","","","","[]","data/timeline-events-li-ao-zhenglun-zongyiji.json","li-ao-zhenglun-zongyiji-180-recalls-refugee-poverty-sun-moon-lake-failure-and-old-house-tile","{""id"":""li-ao-zhenglun-zongyiji-180-recalls-refugee-poverty-sun-moon-lake-failure-and-old-house-tile"",""date"":""2015-06-30"",""year"":2015,""month"":6,""day"":30,""title"":""李敖回忆来台后从豪门变难民，日月潭远足和八块榻榻米都成贫穷记忆"",""summary"":""他说家里从北京豪门变成台湾难民，穷到牙膏都买不起，春假想去日月潭也没钱；八个人住八块榻榻米，六十年来台后再看旧宅，带回破瓦并写下凄凉捧得片瓦回。"",""category"":""media"",""source"":""《大李敖全集5.0》（wjm_tcy版）分章节/010.节目演讲类/012.李敖政论综艺集/180.20150630《改变的起点》.txt"",""sourceLines"":[121,129],""lineCount"":433,""people"":[""李敖"",""王建煊""],""places"":[""北京"",""台湾"",""日月潭""],""works"":[""改变的起点""],""tags"":[""李敖政论综艺集"",""第十八轮"",""电视节目"",""第180集"",""改变的起点"",""来台"",""贫穷"",""日月潭"",""旧宅"",""榻榻米""],""crossReferences"":[],""view"":[""public""],""confidence"":""high"",""round"":""li-ao-zhenglun-zongyiji-round018-171-180"",""dataFile"":""data/timeline-events-li-ao-zhenglun-zongyiji.json""}"
"27309","2015","2015-06-30","2015-06-30","day","","李敖把中文能力归因于不参加婚丧喜庆和坐牢读书时间","他说父亲虽是北大中文系毕业但程度并不高，自己比别人努力，婚丧喜庆一概不参加，坐牢时间又多，因此有大量时间看书；看得多且会吸收融会，才形成他的中文能力。","李敖","北京、台湾","李敖政论综艺集、第十八轮、电视节目、第180集、改变的起点、中文能力、读书、坐牢、婚丧喜庆、北大","public","改变的起点","li-ao-zhenglun-zongyiji-161-explains-multi-desk-writing-and-good-chinese-word-choice-project","","","","","","[]","data/timeline-events-li-ao-zhenglun-zongyiji.json","li-ao-zhenglun-zongyiji-180-links-reading-skill-to-skipping-social-rituals-and-prison-time","{""id"":""li-ao-zhenglun-zongyiji-180-links-reading-skill-to-skipping-social-rituals-and-prison-time"",""date"":""2015-06-30"",""year"":2015,""month"":6,""day"":30,""title"":""李敖把中文能力归因于不参加婚丧喜庆和坐牢读书时间"",""summary"":""他说父亲虽是北大中文系毕业但程度并不高，自己比别人努力，婚丧喜庆一概不参加，坐牢时间又多，因此有大量时间看书；看得多且会吸收融会，才形成他的中文能力。"",""category"":""media"",""source"":""《大李敖全集5.0》（wjm_tcy版）分章节/010.节目演讲类/012.李敖政论综艺集/180.20150630《改变的起点》.txt"",""sourceLines"":[33,37],""lineCount"":433,""people"":[""李敖""],""places"":[""北京"",""台湾""],""works"":[""改变的起点""],""tags"":[""李敖政论综艺集"",""第十八轮"",""电视节目"",""第180集"",""改变的起点"",""中文能力"",""读书"",""坐牢"",""婚丧喜庆"",""北大""],""crossReferences"":[""li-ao-zhenglun-zongyiji-161-explains-multi-desk-writing-and-good-chinese-word-choice-project""],""view"":[""public""],""confidence"":""high"",""round"":""li-ao-zhenglun-zongyiji-round018-171-180"",""dataFile"":""data/timeline-events-li-ao-zhenglun-zongyiji.json""}"
"27310","2015","2015-06-30","2015-06-30","day","","李敖把胡茵梦婚姻回述为她先追他、中影警告与林青霞电影冲突","谈胡茵梦时，他说是胡追他，并在中影警告不准捧李敖时仍写文章支持他；后来婚姻无法长久，部分同林青霞拍电影安排、胡茵梦强烈反应和丈母娘介入有关，他又批胡后来变得妖妄。","李敖、胡茵梦、林青霞、秦祥林、秦汉、葛大卫","台湾、印尼","李敖政论综艺集、第十八轮、电视节目、第180集、改变的起点、胡茵梦、林青霞、中影、婚姻、电影","public","改变的起点、忘了我是谁","li-ao-zhenglun-zongyiji-131-turns-love-history-into-politics-destroyed-romance-and-shangshan-story","","","","","","[]","data/timeline-events-li-ao-zhenglun-zongyiji.json","li-ao-zhenglun-zongyiji-180-recasts-hu-yinmeng-marriage-as-her-pursuit-and-film-world-conflict","{""id"":""li-ao-zhenglun-zongyiji-180-recasts-hu-yinmeng-marriage-as-her-pursuit-and-film-world-conflict"",""date"":""2015-06-30"",""year"":2015,""month"":6,""day"":30,""title"":""李敖把胡茵梦婚姻回述为她先追他、中影警告与林青霞电影冲突"",""summary"":""谈胡茵梦时，他说是胡追他，并在中影警告不准捧李敖时仍写文章支持他；后来婚姻无法长久，部分同林青霞拍电影安排、胡茵梦强烈反应和丈母娘介入有关，他又批胡后来变得妖妄。"",""category"":""media"",""source"":""《大李敖全集5.0》（wjm_tcy版）分章节/010.节目演讲类/012.李敖政论综艺集/180.20150630《改变的起点》.txt"",""sourceLines"":[297,323],""lineCount"":433,""people"":[""李敖"",""胡茵梦"",""林青霞"",""秦祥林"",""秦汉"",""葛大卫""],""places"":[""台湾"",""印尼""],""works"":[""改变的起点"",""忘了我是谁""],""tags"":[""李敖政论综艺集"",""第十八轮"",""电视节目"",""第180集"",""改变的起点"",""胡茵梦"",""林青霞"",""中影"",""婚姻"",""电影""],""crossReferences"":[""li-ao-zhenglun-zongyiji-131-turns-love-history-into-politics-destroyed-romance-and-shangshan-story""],""view"":[""public""],""confidence"":""high"",""round"":""li-ao-zhenglun-zongyiji-round018-171-180"",""dataFile"":""data/timeline-events-li-ao-zhenglun-zongyiji.json""}"
"27311","2015","2015-06-30","2015-06-30","day","","李敖把剪书、买两本和几千类分类说成智慧训练","他自称看书比别人多且会看活书，技巧是把需要的内容剪下，必要时买两本书剪背面，再分成几千类细目；他的记忆、数字和辩才不是只靠天才，而是长期复习、分类、磨炼出来。","李敖、宋楚瑜、法利","台湾","李敖政论综艺集、第十八轮、电视节目、第180集、改变的起点、读书法、剪书、分类、记忆、智慧训练","public","改变的起点","li-ao-zhenglun-zongyiji-053-explains-cutting-copying-and-classifying-as-reading-method","","","","","","[]","data/timeline-events-li-ao-zhenglun-zongyiji.json","li-ao-zhenglun-zongyiji-180-explains-cutting-books-into-thousands-of-classes-as-wisdom-training","{""id"":""li-ao-zhenglun-zongyiji-180-explains-cutting-books-into-thousands-of-classes-as-wisdom-training"",""date"":""2015-06-30"",""year"":2015,""month"":6,""day"":30,""title"":""李敖把剪书、买两本和几千类分类说成智慧训练"",""summary"":""他自称看书比别人多且会看活书，技巧是把需要的内容剪下，必要时买两本书剪背面，再分成几千类细目；他的记忆、数字和辩才不是只靠天才，而是长期复习、分类、磨炼出来。"",""category"":""media"",""source"":""《大李敖全集5.0》（wjm_tcy版）分章节/010.节目演讲类/012.李敖政论综艺集/180.20150630《改变的起点》.txt"",""sourceLines"":[149,169],""lineCount"":433,""people"":[""李敖"",""宋楚瑜"",""法利""],""places"":[""台湾""],""works"":[""改变的起点""],""tags"":[""李敖政论综艺集"",""第十八轮"",""电视节目"",""第180集"",""改变的起点"",""读书法"",""剪书"",""分类"",""记忆"",""智慧训练""],""crossReferences"":[""li-ao-zhenglun-zongyiji-053-explains-cutting-copying-and-classifying-as-reading-method""],""view"":[""public""],""confidence"":""high"",""round"":""li-ao-zhenglun-zongyiji-round018-171-180"",""dataFile"":""data/timeline-events-li-ao-zhenglun-zongyiji.json""}"
"27312","2015","2015-06-30","2015-06-30","day","","李敖把警总跟踪者反用成看门保镖和讨债队","他说自己成了有名政治犯后，警总反而不敢让他受伤，跟踪人员在外面替他看门；他甚至带着警备总部跟踪者去讨债，对方拿武士刀时，跟踪者亮身份吓住对方。","李敖","台湾","李敖政论综艺集、第十八轮、电视节目、第180集、改变的起点、警备总部、白色恐怖、跟踪、政治犯、讨债","public","改变的起点","li-ao-zhenglun-zongyiji-163-recalls-finding-garrison-bug-at-home-and-using-surveillance-back、li-ao-zhenglun-zongyiji-160-replays-pen-finger-torture-and-ma-gift-essay-as-unfinished-kmt-hatred","","","","","","[]","data/timeline-events-li-ao-zhenglun-zongyiji.json","li-ao-zhenglun-zongyiji-180-turns-white-terror-surveillance-into-bodyguards-and-debt-collection","{""id"":""li-ao-zhenglun-zongyiji-180-turns-white-terror-surveillance-into-bodyguards-and-debt-collection"",""date"":""2015-06-30"",""year"":2015,""month"":6,""day"":30,""title"":""李敖把警总跟踪者反用成看门保镖和讨债队"",""summary"":""他说自己成了有名政治犯后，警总反而不敢让他受伤，跟踪人员在外面替他看门；他甚至带着警备总部跟踪者去讨债，对方拿武士刀时，跟踪者亮身份吓住对方。"",""category"":""media"",""source"":""《大李敖全集5.0》（wjm_tcy版）分章节/010.节目演讲类/012.李敖政论综艺集/180.20150630《改变的起点》.txt"",""sourceLines"":[367,367],""lineCount"":433,""people"":[""李敖""],""places"":[""台湾""],""works"":[""改变的起点""],""tags"":[""李敖政论综艺集"",""第十八轮"",""电视节目"",""第180集"",""改变的起点"",""警备总部"",""白色恐怖"",""跟踪"",""政治犯"",""讨债""],""crossReferences"":[""li-ao-zhenglun-zongyiji-163-recalls-finding-garrison-bug-at-home-and-using-surveillance-back"",""li-ao-zhenglun-zongyiji-160-replays-pen-finger-torture-and-ma-gift-essay-as-unfinished-kmt-hatred""],""view"":[""public""],""confidence"":""high"",""round"":""li-ao-zhenglun-zongyiji-round018-171-180"",""dataFile"":""data/timeline-events-li-ao-zhenglun-zongyiji.json""}"
"27313","2015","2015-06-30","2015-06-30","day","","李敖说洪秀柱出来担国民党大任，代表恢复国民党的凶悍之气","谈洪秀柱时，他先以搂着她讲话和替刘忆如、洪秀柱玩笑介绍男友说明交情，随后评价洪秀柱很了不起，因为她代表国民党恢复一种凶悍之气。","李敖、洪秀柱、刘忆如","台湾","李敖政论综艺集、第十八轮、电视节目、第180集、改变的起点、洪秀柱、国民党、凶悍之气、刘忆如、政治人物","public","改变的起点","li-ao-zhenglun-zongyiji-179-calls-hung-hsiu-chu-only-living-kmt-figure-and-kmt-a-cross-strait-illusion","","","","","","[]","data/timeline-events-li-ao-zhenglun-zongyiji.json","li-ao-zhenglun-zongyiji-180-calls-hung-hsiu-chu-restoration-of-kmt-fierce-spirit","{""id"":""li-ao-zhenglun-zongyiji-180-calls-hung-hsiu-chu-restoration-of-kmt-fierce-spirit"",""date"":""2015-06-30"",""year"":2015,""month"":6,""day"":30,""title"":""李敖说洪秀柱出来担国民党大任，代表恢复国民党的凶悍之气"",""summary"":""谈洪秀柱时，他先以搂着她讲话和替刘忆如、洪秀柱玩笑介绍男友说明交情，随后评价洪秀柱很了不起，因为她代表国民党恢复一种凶悍之气。"",""category"":""media"",""source"":""《大李敖全集5.0》（wjm_tcy版）分章节/010.节目演讲类/012.李敖政论综艺集/180.20150630《改变的起点》.txt"",""sourceLines"":[397,409],""lineCount"":433,""people"":[""李敖"",""洪秀柱"",""刘忆如""],""places"":[""台湾""],""works"":[""改变的起点""],""tags"":[""李敖政论综艺集"",""第十八轮"",""电视节目"",""第180集"",""改变的起点"",""洪秀柱"",""国民党"",""凶悍之气"",""刘忆如"",""政治人物""],""crossReferences"":[""li-ao-zhenglun-zongyiji-179-calls-hung-hsiu-chu-only-living-kmt-figure-and-kmt-a-cross-strait-illusion""],""view"":[""public""],""confidence"":""high"",""round"":""li-ao-zhenglun-zongyiji-round018-171-180"",""dataFile"":""data/timeline-events-li-ao-zhenglun-zongyiji.json""}"
"27314","2015","2015-07-03","2015-07-03","day","","李敖八十岁谈《风流自传》时否认受单本书支配，并把作家定义为拿笔就写","主持人从八十岁和《李敖风流自传》问起，他说自己不太受单一本书影响，往往只是一个观念进入土壤；谈灵感时又说不能靠灵感，拿起笔就能写才是作家，平常功夫必须做深。","李敖、鲁迅、艾森豪威尔","台湾","李敖政论综艺集、第十九轮、closeout、节目访谈、第181集、八十岁、李敖风流自传、写作观、灵感、文学家","public","名人床头书、李敖风流自传、北京法源寺、上山·上山·爱","li-ao-zhenglun-zongyiji-179-presents-windy-autobiography-as-eighty-year-old-banned-book-record、li-ao-zhenglun-zongyiji-130-explains-handwriting-no-computer-no-inspiration-and-perfect-vernacular","","","","","","[]","data/timeline-events-li-ao-zhenglun-zongyiji.json","li-ao-zhenglun-zongyiji-181-denies-single-book-influence-and-defines-writer-as-writing-on-command","{""id"":""li-ao-zhenglun-zongyiji-181-denies-single-book-influence-and-defines-writer-as-writing-on-command"",""date"":""2015-07-03"",""year"":2015,""month"":7,""day"":3,""title"":""李敖八十岁谈《风流自传》时否认受单本书支配，并把作家定义为拿笔就写"",""summary"":""主持人从八十岁和《李敖风流自传》问起，他说自己不太受单一本书影响，往往只是一个观念进入土壤；谈灵感时又说不能靠灵感，拿起笔就能写才是作家，平常功夫必须做深。"",""category"":""media"",""source"":""《大李敖全集5.0》（wjm_tcy版）分章节/010.节目演讲类/012.李敖政论综艺集/181.20150703《名人床头书》.txt"",""sourceLines"":[27,45],""lineCount"":265,""people"":[""李敖"",""鲁迅"",""艾森豪威尔""],""places"":[""台湾""],""works"":[""名人床头书"",""李敖风流自传"",""北京法源寺"",""上山·上山·爱""],""tags"":[""李敖政论综艺集"",""第十九轮"",""closeout"",""节目访谈"",""第181集"",""八十岁"",""李敖风流自传"",""写作观"",""灵感"",""文学家""],""crossReferences"":[""li-ao-zhenglun-zongyiji-179-presents-windy-autobiography-as-eighty-year-old-banned-book-record"",""li-ao-zhenglun-zongyiji-130-explains-handwriting-no-computer-no-inspiration-and-perfect-vernacular""],""view"":[""public""],""confidence"":""high"",""round"":""li-ao-zhenglun-zongyiji-round019-181-186-closeout"",""dataFile"":""data/timeline-events-li-ao-zhenglun-zongyiji.json""}"
"27315","2015","2015-07-03","2015-07-03","day","","李敖在《名人床头书》开放书房，把牢中批注和题目串联说成读活书","节目从他的绝版书和牢中外文剧本切入；李敖说自己在狱中挑句子、写感想，还用密码把脑中事情藏进书里，接着用马克·吐温打撞球、段祺瑞接触现代文明说明知识来自题目一出立刻串联。","李敖、马克·吐温、段祺瑞","台湾","李敖政论综艺集、第十九轮、closeout、节目访谈、第181集、名人床头书、书房、牢中批注、读活书、知识串联","public","名人床头书","li-ao-zhenglun-zongyiji-180-explains-cutting-books-into-thousands-of-classes-as-wisdom-training、li-ao-zhenglun-zongyiji-117-describes-yangmingshan-solitary-study-books-as-army-and-writing-without-computer","","","","","","[]","data/timeline-events-li-ao-zhenglun-zongyiji.json","li-ao-zhenglun-zongyiji-181-opens-study-with-prison-notes-and-associative-live-reading","{""id"":""li-ao-zhenglun-zongyiji-181-opens-study-with-prison-notes-and-associative-live-reading"",""date"":""2015-07-03"",""year"":2015,""month"":7,""day"":3,""title"":""李敖在《名人床头书》开放书房，把牢中批注和题目串联说成读活书"",""summary"":""节目从他的绝版书和牢中外文剧本切入；李敖说自己在狱中挑句子、写感想，还用密码把脑中事情藏进书里，接着用马克·吐温打撞球、段祺瑞接触现代文明说明知识来自题目一出立刻串联。"",""category"":""media"",""source"":""《大李敖全集5.0》（wjm_tcy版）分章节/010.节目演讲类/012.李敖政论综艺集/181.20150703《名人床头书》.txt"",""sourceLines"":[3,14],""lineCount"":265,""people"":[""李敖"",""马克·吐温"",""段祺瑞""],""places"":[""台湾""],""works"":[""名人床头书""],""tags"":[""李敖政论综艺集"",""第十九轮"",""closeout"",""节目访谈"",""第181集"",""名人床头书"",""书房"",""牢中批注"",""读活书"",""知识串联""],""crossReferences"":[""li-ao-zhenglun-zongyiji-180-explains-cutting-books-into-thousands-of-classes-as-wisdom-training"",""li-ao-zhenglun-zongyiji-117-describes-yangmingshan-solitary-study-books-as-army-and-writing-without-computer""],""view"":[""public""],""confidence"":""high"",""round"":""li-ao-zhenglun-zongyiji-round019-181-186-closeout"",""dataFile"":""data/timeline-events-li-ao-zhenglun-zongyiji.json""}"
"27316","2015","2015-07-03","2015-07-03","day","","李敖在八十岁访问中把被捕崩塌、战斗体和狱中写歌换报纸串成生存法","他回忆三十五岁被抓后觉得天塌下来，朋友、同志、女友和家人都变了；后来只能苦中求活，变成和蒋介石团队对战的战斗体，又说狱中为换一张报纸当场写八首歌，《忘了我是谁》并非写给胡茵梦。","李敖、蒋介石、胡茵梦","台湾","李敖政论综艺集、第十九轮、closeout、节目访谈、第181集、被捕、坐牢、战斗体、狱中歌曲、报纸","public","名人床头书、忘了我是谁","li-ao-zhenglun-zongyiji-103-says-forget-me-was-prison-newspaper-bargain-not-for-hu、li-ao-zhenglun-zongyiji-140-connects-yangmingshan-solitude-106-goal-prison-song-and-prison-shaped-personality","","","","","","[]","data/timeline-events-li-ao-zhenglun-zongyiji.json","li-ao-zhenglun-zongyiji-181-recasts-arrest-collapse-into-battle-body-and-prison-song-newspaper-bargain","{""id"":""li-ao-zhenglun-zongyiji-181-recasts-arrest-collapse-into-battle-body-and-prison-song-newspaper-bargain"",""date"":""2015-07-03"",""year"":2015,""month"":7,""day"":3,""title"":""李敖在八十岁访问中把被捕崩塌、战斗体和狱中写歌换报纸串成生存法"",""summary"":""他回忆三十五岁被抓后觉得天塌下来，朋友、同志、女友和家人都变了；后来只能苦中求活，变成和蒋介石团队对战的战斗体，又说狱中为换一张报纸当场写八首歌，《忘了我是谁》并非写给胡茵梦。"",""category"":""media"",""source"":""《大李敖全集5.0》（wjm_tcy版）分章节/010.节目演讲类/012.李敖政论综艺集/181.20150703《名人床头书》.txt"",""sourceLines"":[151,169],""lineCount"":265,""people"":[""李敖"",""蒋介石"",""胡茵梦""],""places"":[""台湾""],""works"":[""名人床头书"",""忘了我是谁""],""tags"":[""李敖政论综艺集"",""第十九轮"",""closeout"",""节目访谈"",""第181集"",""被捕"",""坐牢"",""战斗体"",""狱中歌曲"",""报纸""],""crossReferences"":[""li-ao-zhenglun-zongyiji-103-says-forget-me-was-prison-newspaper-bargain-not-for-hu"",""li-ao-zhenglun-zongyiji-140-connects-yangmingshan-solitude-106-goal-prison-song-and-prison-shaped-personality""],""view"":[""public""],""confidence"":""high"",""round"":""li-ao-zhenglun-zongyiji-round019-181-186-closeout"",""dataFile"":""data/timeline-events-li-ao-zhenglun-zongyiji.json""}"
"27317","2015","2015-07-03","2015-07-03","day","","李敖把一百四十字微博和二九四〇七名政治犯数字说明为证据训练","谈读活书时，他说微博限定一百四十字，逼他把故事迅速提起又放下；谈记忆时又举台湾政治犯二九四〇七人的数字，说明反复复习后数字变成自己的一部分，讲话自然带证据。","李敖、蔡康永、小S、顾炎武","台湾","李敖政论综艺集、第十九轮、closeout、节目访谈、第181集、微博、一百四十字、政治犯、记忆、证据","public","名人床头书、史记","li-ao-zhenglun-zongyiji-161-writes-daily-weibo-with-ipad-wife-posting-and-140-character-structure、li-ao-zhenglun-zongyiji-177-explains-daily-eight-twenty-writing-and-censorship-silence-method","","","","","","[]","data/timeline-events-li-ao-zhenglun-zongyiji.json","li-ao-zhenglun-zongyiji-181-turns-140-character-weibo-and-29407-political-prisoner-number-into-evidence-discipline","{""id"":""li-ao-zhenglun-zongyiji-181-turns-140-character-weibo-and-29407-political-prisoner-number-into-evidence-discipline"",""date"":""2015-07-03"",""year"":2015,""month"":7,""day"":3,""title"":""李敖把一百四十字微博和二九四〇七名政治犯数字说明为证据训练"",""summary"":""谈读活书时，他说微博限定一百四十字，逼他把故事迅速提起又放下；谈记忆时又举台湾政治犯二九四〇七人的数字，说明反复复习后数字变成自己的一部分，讲话自然带证据。"",""category"":""media"",""source"":""《大李敖全集5.0》（wjm_tcy版）分章节/010.节目演讲类/012.李敖政论综艺集/181.20150703《名人床头书》.txt"",""sourceLines"":[141,149],""lineCount"":265,""people"":[""李敖"",""蔡康永"",""小S"",""顾炎武""],""places"":[""台湾""],""works"":[""名人床头书"",""史记""],""tags"":[""李敖政论综艺集"",""第十九轮"",""closeout"",""节目访谈"",""第181集"",""微博"",""一百四十字"",""政治犯"",""记忆"",""证据""],""crossReferences"":[""li-ao-zhenglun-zongyiji-161-writes-daily-weibo-with-ipad-wife-posting-and-140-character-structure"",""li-ao-zhenglun-zongyiji-177-explains-daily-eight-twenty-writing-and-censorship-silence-method""],""view"":[""public""],""confidence"":""high"",""round"":""li-ao-zhenglun-zongyiji-round019-181-186-closeout"",""dataFile"":""data/timeline-events-li-ao-zhenglun-zongyiji.json""}"
"27318","2015","2015-07-03","2015-07-03","day","","李敖把不管子女、霹雳正义和年轻人浅薄都归到读书塑造","他说自己是完全不管年轻人的父亲，只偷塞钱而不啰嗦；谈一生站在权力对面时，他把正义感说成烈士肝肠名士胆、杀人手段救人心，又说各种花招都从书里来，年轻人则越走越浅薄。","李敖、李戡、李谌、彭玉麟、钱穆","台湾","李敖政论综艺集、第十九轮、closeout、节目访谈、第181集、父亲角色、正义感、霹雳手段、读活书、年轻人","public","名人床头书","li-ao-zhenglun-zongyiji-137-describes-grandfather-style-parenting-money-freedom-and-li-wen-suing-bush、li-ao-zhenglun-zongyiji-180-links-reading-skill-to-skipping-social-rituals-and-prison-time","","","","","","[]","data/timeline-events-li-ao-zhenglun-zongyiji.json","li-ao-zhenglun-zongyiji-181-defines-grandfather-style-fatherhood-justice-methods-and-young-shallowness-through-reading","{""id"":""li-ao-zhenglun-zongyiji-181-defines-grandfather-style-fatherhood-justice-methods-and-young-shallowness-through-reading"",""date"":""2015-07-03"",""year"":2015,""month"":7,""day"":3,""title"":""李敖把不管子女、霹雳正义和年轻人浅薄都归到读书塑造"",""summary"":""他说自己是完全不管年轻人的父亲，只偷塞钱而不啰嗦；谈一生站在权力对面时，他把正义感说成烈士肝肠名士胆、杀人手段救人心，又说各种花招都从书里来，年轻人则越走越浅薄。"",""category"":""media"",""source"":""《大李敖全集5.0》（wjm_tcy版）分章节/010.节目演讲类/012.李敖政论综艺集/181.20150703《名人床头书》.txt"",""sourceLines"":[187,237],""lineCount"":265,""people"":[""李敖"",""李戡"",""李谌"",""彭玉麟"",""钱穆""],""places"":[""台湾""],""works"":[""名人床头书""],""tags"":[""李敖政论综艺集"",""第十九轮"",""closeout"",""节目访谈"",""第181集"",""父亲角色"",""正义感"",""霹雳手段"",""读活书"",""年轻人""],""crossReferences"":[""li-ao-zhenglun-zongyiji-137-describes-grandfather-style-parenting-money-freedom-and-li-wen-suing-bush"",""li-ao-zhenglun-zongyiji-180-links-reading-skill-to-skipping-social-rituals-and-prison-time""],""view"":[""public""],""confidence"":""high"",""round"":""li-ao-zhenglun-zongyiji-round019-181-186-closeout"",""dataFile"":""data/timeline-events-li-ao-zhenglun-zongyiji.json""}"
"27319","2015","2015-07-03","2015-07-03","day","","李敖把父亲给钱买书、母亲不管和七五学生运动连成用笔打天下的来历","他说父亲北大毕业、开放到要买书就给钱，母亲是新学堂女生却基本不管他；自己从传统男女分际走向心灵开放，又在北京七五事件里看到学生砸议会改名，从此认定笔有很大的力量。","李敖、李鼎彝、孙中山","哈尔滨、北京、台湾","李敖政论综艺集、第十九轮、closeout、节目访谈、第181集、父亲、母亲、买书、七五事件、笔墨权威","public","名人床头书","li-ao-zhenglun-zongyiji-089-links-hu-shih-qian-mu-father-and-twelve-hour-study、li-ao-zhenglun-zongyiji-113-connects-harbin-manchukuo-father-underground-work-and-september-18","","","","","","[]","data/timeline-events-li-ao-zhenglun-zongyiji.json","li-ao-zhenglun-zongyiji-181-links-family-reading-freedom-traditional-mind-and-pen-power","{""id"":""li-ao-zhenglun-zongyiji-181-links-family-reading-freedom-traditional-mind-and-pen-power"",""date"":""2015-07-03"",""year"":2015,""month"":7,""day"":3,""title"":""李敖把父亲给钱买书、母亲不管和七五学生运动连成用笔打天下的来历"",""summary"":""他说父亲北大毕业、开放到要买书就给钱，母亲是新学堂女生却基本不管他；自己从传统男女分际走向心灵开放，又在北京七五事件里看到学生砸议会改名，从此认定笔有很大的力量。"",""category"":""media"",""source"":""《大李敖全集5.0》（wjm_tcy版）分章节/010.节目演讲类/012.李敖政论综艺集/181.20150703《名人床头书》.txt"",""sourceLines"":[63,93],""lineCount"":265,""people"":[""李敖"",""李鼎彝"",""孙中山""],""places"":[""哈尔滨"",""北京"",""台湾""],""works"":[""名人床头书""],""tags"":[""李敖政论综艺集"",""第十九轮"",""closeout"",""节目访谈"",""第181集"",""父亲"",""母亲"",""买书"",""七五事件"",""笔墨权威""],""crossReferences"":[""li-ao-zhenglun-zongyiji-089-links-hu-shih-qian-mu-father-and-twelve-hour-study"",""li-ao-zhenglun-zongyiji-113-connects-harbin-manchukuo-father-underground-work-and-september-18""],""view"":[""public""],""confidence"":""high"",""round"":""li-ao-zhenglun-zongyiji-round019-181-186-closeout"",""dataFile"":""data/timeline-events-li-ao-zhenglun-zongyiji.json""}"
"27320","2015","2015-07-24","2015年7月24日","day","reported-by-author","李敖短信王尚勤，请转交陈彦增文章并说明体检住院","2015年7月24日，李敖发短信给王尚勤，告知陈彦增写了一篇文章，请她把副本转给小潘夫妇。李敖在短信中说自己八十岁后彻底检查身体，发现脑、肺、心、腿、眼都有问题，自嘲“恶贯满盈，百病丛生”，将于7月28日至31日住院；他又回应王尚勤看好他长寿的话，说活到宋美龄一百零六岁并不容易，并说明自己因搬书伤了右肘，字写得不成样子。","李敖、王尚勤、陈彦增、小潘、宋美龄、马戈","台湾","王尚勤、短信、陈彦增、小潘、体检、住院、右肘、搬书、八十岁","书信线、晚年线、健康线、交游线","李敖书信集、2015年致王尚勤短信、马戈离世前与陈某共处的日子","li-ao-fangtanlu-2015-07-30-ctv-interview-love-marriage-and-fengliu-zizhuan","李敖书信集","069.2015年致王尚勤短信","3","《大李敖全集5.0》（wjm_tcy版）分章节/008.书信函件类/002.李敖书信集/069.2015年致王尚勤短信.txt","","[]","data/timeline-events-li-ao-shuxinji.json","li-ao-shuxinji-2015-07-24-texts-wang-shangqin-hospital-checkup","{""id"":""li-ao-shuxinji-2015-07-24-texts-wang-shangqin-hospital-checkup"",""date"":""2015-07-24"",""displayDate"":""2015年7月24日"",""datePrecision"":""day"",""title"":""李敖短信王尚勤，请转交陈彦增文章并说明体检住院"",""summary"":""2015年7月24日，李敖发短信给王尚勤，告知陈彦增写了一篇文章，请她把副本转给小潘夫妇。李敖在短信中说自己八十岁后彻底检查身体，发现脑、肺、心、腿、眼都有问题，自嘲“恶贯满盈，百病丛生”，将于7月28日至31日住院；他又回应王尚勤看好他长寿的话，说活到宋美龄一百零六岁并不容易，并说明自己因搬书伤了右肘，字写得不成样子。"",""category"":""letters"",""type"":""李敖当事人事件"",""certainty"":""reported-by-author"",""source"":{""book"":""李敖书信集"",""chapter"":""069.2015年致王尚勤短信"",""path"":""《大李敖全集5.0》（wjm_tcy版）分章节/008.书信函件类/002.李敖书信集/069.2015年致王尚勤短信.txt"",""line"":3,""lines"":[3,5]},""tags"":[""王尚勤"",""短信"",""陈彦增"",""小潘"",""体检"",""住院"",""右肘"",""搬书"",""八十岁""],""people"":[""李敖"",""王尚勤"",""陈彦增"",""小潘"",""宋美龄"",""马戈""],""places"":[""台湾""],""works"":[""李敖书信集"",""2015年致王尚勤短信"",""马戈离世前与陈某共处的日子""],""view"":[""书信线"",""晚年线"",""健康线"",""交游线""],""crossReferences"":[""li-ao-fangtanlu-2015-07-30-ctv-interview-love-marriage-and-fengliu-zizhuan""],""dataFile"":""data/timeline-events-li-ao-shuxinji.json""}"
"27321","2015","2015-07-29","2015年7月29日星期三","day","confirmed","李敖以“恶贯满盈，百病丛生”自况八十岁后的身体","《2015年7月》“恶贯满盈，百病丛生”写，2015年7月29日，李敖以这八个字戏谑性描写八十岁后的自己，感慨现代医学检验使人无所遁形，任何健康者都可照出心病和毛病。","李敖","台湾","八十岁、健康、自况、现代医学","健康线、晚年线","虽千万人，李敖往矣","","虽千万人，李敖往矣","037.2015年7月","175","《大李敖全集5.0》（wjm_tcy版）分章节/005.诗集语录类/005.虽千万人，李敖往矣/037.2015年7月.txt","","[]","data/timeline-events-sui-qianwan-li-ao-wangyi.json","sui-qianwan-2015-07-29-after-eighty-self-describes-health","{""id"":""sui-qianwan-2015-07-29-after-eighty-self-describes-health"",""date"":""2015-07-29"",""displayDate"":""2015年7月29日星期三"",""datePrecision"":""day"",""title"":""李敖以“恶贯满盈，百病丛生”自况八十岁后的身体"",""summary"":""《2015年7月》“恶贯满盈，百病丛生”写，2015年7月29日，李敖以这八个字戏谑性描写八十岁后的自己，感慨现代医学检验使人无所遁形，任何健康者都可照出心病和毛病。"",""view"":[""健康线"",""晚年线""],""tags"":[""八十岁"",""健康"",""自况"",""现代医学""],""people"":[""李敖""],""places"":[""台湾""],""works"":[""虽千万人，李敖往矣""],""certainty"":""confirmed"",""source"":{""book"":""虽千万人，李敖往矣"",""chapter"":""037.2015年7月"",""path"":""《大李敖全集5.0》（wjm_tcy版）分章节/005.诗集语录类/005.虽千万人，李敖往矣/037.2015年7月.txt"",""line"":175},""dataFile"":""data/timeline-events-sui-qianwan-li-ao-wangyi.json""}"
"27322","2015","2015-07-30","2015年7月30日，中视专访报道中","day","confirmed","李敖接受中视专访，谈失恋轻生、胡茵梦婚姻和《风流自传》","台湾媒体7月30日报道中视专访李敖，80岁的他在节目中谈初恋受阻后曾在宿舍服药轻生，后来改变爱情观；又回忆自己在公车站搭讪女友、与现任太太的姻缘，以及和胡茵梦婚姻、林青霞、洪秀柱等旧事。节目还以《李敖风流自传》为线索，引出他小时候胆小，上学时要佣人陪在教室外，并在节目中回忆儿时梦魇经验。","李敖、胡茵梦、林青霞、洪秀柱、刘忆如","台湾、中视节目、宿舍、公车站","中视、电视专访、李敖风流自传、初恋、胡茵梦、梦魇","访谈线、情感线、出版线、晚年线","李敖访谈录1990-2018、李敖风流自传、只爱一点点","sui-qianwan-2015-04-25-fengliu-zizhuan-published-in-taiwan","李敖访谈录1990-2018","072.20150730中视专访李敖","3","《大李敖全集5.0》（wjm_tcy版）分章节/007.采访序跋类/005.李敖访谈录1990-2018/072.20150730中视专访李敖.txt","","[]","data/timeline-events-li-ao-fangtanlu-1990-2018.json","li-ao-fangtanlu-2015-07-30-ctv-interview-love-marriage-and-fengliu-zizhuan","{""id"":""li-ao-fangtanlu-2015-07-30-ctv-interview-love-marriage-and-fengliu-zizhuan"",""date"":""2015-07-30"",""displayDate"":""2015年7月30日，中视专访报道中"",""datePrecision"":""day"",""title"":""李敖接受中视专访，谈失恋轻生、胡茵梦婚姻和《风流自传》"",""summary"":""台湾媒体7月30日报道中视专访李敖，80岁的他在节目中谈初恋受阻后曾在宿舍服药轻生，后来改变爱情观；又回忆自己在公车站搭讪女友、与现任太太的姻缘，以及和胡茵梦婚姻、林青霞、洪秀柱等旧事。节目还以《李敖风流自传》为线索，引出他小时候胆小，上学时要佣人陪在教室外，并在节目中回忆儿时梦魇经验。"",""category"":""interview"",""type"":""李敖当事人事件"",""source"":{""book"":""李敖访谈录1990-2018"",""chapter"":""072.20150730中视专访李敖"",""path"":""《大李敖全集5.0》（wjm_tcy版）分章节/007.采访序跋类/005.李敖访谈录1990-2018/072.20150730中视专访李敖.txt"",""line"":3,""lines"":[3,5,7,9,11,13,15]},""certainty"":""confirmed"",""tags"":[""中视"",""电视专访"",""李敖风流自传"",""初恋"",""胡茵梦"",""梦魇""],""people"":[""李敖"",""胡茵梦"",""林青霞"",""洪秀柱"",""刘忆如""],""places"":[""台湾"",""中视节目"",""宿舍"",""公车站""],""works"":[""李敖访谈录1990-2018"",""李敖风流自传"",""只爱一点点""],""view"":[""访谈线"",""情感线"",""出版线"",""晚年线""],""crossReferences"":[""sui-qianwan-2015-04-25-fengliu-zizhuan-published-in-taiwan""],""dataFile"":""data/timeline-events-li-ao-fangtanlu-1990-2018.json""}"
"27323","2015","2015-09-09","2015-09-09","day","","李敖在《鲁豫有约》把坐牢创伤解释成仍要敲碎台湾假民主之梦","他说三十五岁坐牢五年八个月，不能写作、不能看报，觉得青春被国民党耽误；从天塌下来到继续做战士，他把自己同胡适解释雷震反攻无望论相连，说自己一出现就证明台湾民主是假的。","李敖、陈鲁豫、雷震、胡适","台湾、南京、大陆","李敖政论综艺集、第十九轮、closeout、节目访谈、第182集、坐牢、国民党、假民主、战士、敲碎梦","public","鲁豫有约、自由中国","li-ao-zhenglun-zongyiji-178-defines-white-terror-as-psychological-sound-fake-victims-cannot-imitate、li-ao-zhenglun-zongyiji-166-says-chiang-admitted-roc-death-and-both-counterattack-and-independence-dreams-broke","","","","","","[]","data/timeline-events-li-ao-zhenglun-zongyiji.json","li-ao-zhenglun-zongyiji-182-turns-prison-trauma-into-still-fighting-fake-taiwan-democracy","{""id"":""li-ao-zhenglun-zongyiji-182-turns-prison-trauma-into-still-fighting-fake-taiwan-democracy"",""date"":""2015-09-09"",""year"":2015,""month"":9,""day"":9,""title"":""李敖在《鲁豫有约》把坐牢创伤解释成仍要敲碎台湾假民主之梦"",""summary"":""他说三十五岁坐牢五年八个月，不能写作、不能看报，觉得青春被国民党耽误；从天塌下来到继续做战士，他把自己同胡适解释雷震反攻无望论相连，说自己一出现就证明台湾民主是假的。"",""category"":""media"",""source"":""《大李敖全集5.0》（wjm_tcy版）分章节/010.节目演讲类/012.李敖政论综艺集/182.20150909《鲁豫有约》.txt"",""sourceLines"":[69,105],""lineCount"":511,""people"":[""李敖"",""陈鲁豫"",""雷震"",""胡适""],""places"":[""台湾"",""南京"",""大陆""],""works"":[""鲁豫有约"",""自由中国""],""tags"":[""李敖政论综艺集"",""第十九轮"",""closeout"",""节目访谈"",""第182集"",""坐牢"",""国民党"",""假民主"",""战士"",""敲碎梦""],""crossReferences"":[""li-ao-zhenglun-zongyiji-178-defines-white-terror-as-psychological-sound-fake-victims-cannot-imitate"",""li-ao-zhenglun-zongyiji-166-says-chiang-admitted-roc-death-and-both-counterattack-and-independence-dreams-broke""],""view"":[""public""],""confidence"":""high"",""round"":""li-ao-zhenglun-zongyiji-round019-181-186-closeout"",""dataFile"":""data/timeline-events-li-ao-zhenglun-zongyiji.json""}"
"27324","2015","2015-09-09","2015-09-09","day","","李敖在鲁豫面前替宋楚瑜保留知其不可而为之精神，并重提马英九四成七妇女票","谈台湾大选时，他说台湾禁不得折腾，宋楚瑜虽有一百个该被骂的理由，却有知其不可而为之的圣人精神，且是跑遍三百零九乡镇的蒋经国式传人；接着他用四成七妇女票嘲笑马英九靠小脸蛋骗女人。","李敖、陈鲁豫、宋楚瑜、蒋经国、马英九","台湾","李敖政论综艺集、第十九轮、closeout、节目访谈、第182集、二〇一六选举、宋楚瑜、知其不可而为之、蒋经国、马英九","public","鲁豫有约","li-ao-zhenglun-zongyiji-177-makes-soong-pivot-for-five-2016-combination-options、li-ao-zhenglun-zongyiji-178-calls-king-simple-ma-ungrateful-and-wang-soong-political-geniuses","","","","","","[]","data/timeline-events-li-ao-zhenglun-zongyiji.json","li-ao-zhenglun-zongyiji-182-defends-soong-as-knowing-impossible-yet-acting-and-repeats-ma-forty-seven-percent-women-vote","{""id"":""li-ao-zhenglun-zongyiji-182-defends-soong-as-knowing-impossible-yet-acting-and-repeats-ma-forty-seven-percent-women-vote"",""date"":""2015-09-09"",""year"":2015,""month"":9,""day"":9,""title"":""李敖在鲁豫面前替宋楚瑜保留知其不可而为之精神，并重提马英九四成七妇女票"",""summary"":""谈台湾大选时，他说台湾禁不得折腾，宋楚瑜虽有一百个该被骂的理由，却有知其不可而为之的圣人精神，且是跑遍三百零九乡镇的蒋经国式传人；接着他用四成七妇女票嘲笑马英九靠小脸蛋骗女人。"",""category"":""media"",""source"":""《大李敖全集5.0》（wjm_tcy版）分章节/010.节目演讲类/012.李敖政论综艺集/182.20150909《鲁豫有约》.txt"",""sourceLines"":[165,187],""lineCount"":511,""people"":[""李敖"",""陈鲁豫"",""宋楚瑜"",""蒋经国"",""马英九""],""places"":[""台湾""],""works"":[""鲁豫有约""],""tags"":[""李敖政论综艺集"",""第十九轮"",""closeout"",""节目访谈"",""第182集"",""二〇一六选举"",""宋楚瑜"",""知其不可而为之"",""蒋经国"",""马英九""],""crossReferences"":[""li-ao-zhenglun-zongyiji-177-makes-soong-pivot-for-five-2016-combination-options"",""li-ao-zhenglun-zongyiji-178-calls-king-simple-ma-ungrateful-and-wang-soong-political-geniuses""],""view"":[""public""],""confidence"":""high"",""round"":""li-ao-zhenglun-zongyiji-round019-181-186-closeout"",""dataFile"":""data/timeline-events-li-ao-zhenglun-zongyiji.json""}"
"27325","2015","2015-09-09","2015-09-09","day","","李敖把财产全给王小屯、对子女完全不管和李戡新人类气质合成晚年家庭画像","他解释自己把所有财产给太太，因为年纪大三十岁，总要先走；对子女则完全不管、也不过问恋爱，认为过分关心年轻人只会忧虑。节目又让李戡出场，李敖承认直到高三才发现家里出了壮丁，并称李戡吸收知识能力快，是同自己不同类型的新人类。","李敖、陈鲁豫、王小屯、李戡、李谌","台湾、北京、北京大学","李敖政论综艺集、第十九轮、closeout、节目访谈、第182集、王小屯、财产、父亲角色、李戡、新人类","public","鲁豫有约、李戡戡乱记","li-ao-zhenglun-zongyiji-174-defends-li-kan-as-father-influenced-but-self-made-through-archive-books、li-ao-zhenglun-zongyiji-171-sells-yangmingshan-study-house-for-daughters-usc-tuition","","","","","","[]","data/timeline-events-li-ao-zhenglun-zongyiji.json","li-ao-zhenglun-zongyiji-182-folds-wife-property-children-distance-and-li-kan-new-human-into-late-family-portrait","{""id"":""li-ao-zhenglun-zongyiji-182-folds-wife-property-children-distance-and-li-kan-new-human-into-late-family-portrait"",""date"":""2015-09-09"",""year"":2015,""month"":9,""day"":9,""title"":""李敖把财产全给王小屯、对子女完全不管和李戡新人类气质合成晚年家庭画像"",""summary"":""他解释自己把所有财产给太太，因为年纪大三十岁，总要先走；对子女则完全不管、也不过问恋爱，认为过分关心年轻人只会忧虑。节目又让李戡出场，李敖承认直到高三才发现家里出了壮丁，并称李戡吸收知识能力快，是同自己不同类型的新人类。"",""category"":""media"",""source"":""《大李敖全集5.0》（wjm_tcy版）分章节/010.节目演讲类/012.李敖政论综艺集/182.20150909《鲁豫有约》.txt"",""sourceLines"":[327,499],""lineCount"":511,""people"":[""李敖"",""陈鲁豫"",""王小屯"",""李戡"",""李谌""],""places"":[""台湾"",""北京"",""北京大学""],""works"":[""鲁豫有约"",""李戡戡乱记""],""tags"":[""李敖政论综艺集"",""第十九轮"",""closeout"",""节目访谈"",""第182集"",""王小屯"",""财产"",""父亲角色"",""李戡"",""新人类""],""crossReferences"":[""li-ao-zhenglun-zongyiji-174-defends-li-kan-as-father-influenced-but-self-made-through-archive-books"",""li-ao-zhenglun-zongyiji-171-sells-yangmingshan-study-house-for-daughters-usc-tuition""],""view"":[""public""],""confidence"":""high"",""round"":""li-ao-zhenglun-zongyiji-round019-181-186-closeout"",""dataFile"":""data/timeline-events-li-ao-zhenglun-zongyiji.json""}"
"27326","2015","2015-09-09","2015-09-09","day","","李敖给鲁豫看身上小抄，用数字和贪污治罪条例第六条解释骂人的底气","被问是否骂错人时，他说别人忽略了他的用心，随后展示身上的数字小抄；他用《贪污治罪条例》第六条说明只记一个六字，也能把李登辉、马英九是否亲自拿钱的问题转成帮人贪污即贪污。","李敖、陈鲁豫、李登辉、马英九","台湾","李敖政论综艺集、第十九轮、closeout、节目访谈、第182集、小抄、数字、骂人、贪污治罪条例、证据","public","鲁豫有约、贪污治罪条例","li-ao-zhenglun-zongyiji-180-explains-cutting-books-into-thousands-of-classes-as-wisdom-training、li-ao-zhenglun-zongyiji-168-lists-party-assets-and-fubon-mei-heshi-five-cases-against-ma-clean-image","","","","","","[]","data/timeline-events-li-ao-zhenglun-zongyiji.json","li-ao-zhenglun-zongyiji-182-shows-pocket-numbers-to-explain-insulting-with-evidence-and-corruption-law-article-six","{""id"":""li-ao-zhenglun-zongyiji-182-shows-pocket-numbers-to-explain-insulting-with-evidence-and-corruption-law-article-six"",""date"":""2015-09-09"",""year"":2015,""month"":9,""day"":9,""title"":""李敖给鲁豫看身上小抄，用数字和贪污治罪条例第六条解释骂人的底气"",""summary"":""被问是否骂错人时，他说别人忽略了他的用心，随后展示身上的数字小抄；他用《贪污治罪条例》第六条说明只记一个六字，也能把李登辉、马英九是否亲自拿钱的问题转成帮人贪污即贪污。"",""category"":""media"",""source"":""《大李敖全集5.0》（wjm_tcy版）分章节/010.节目演讲类/012.李敖政论综艺集/182.20150909《鲁豫有约》.txt"",""sourceLines"":[125,159],""lineCount"":511,""people"":[""李敖"",""陈鲁豫"",""李登辉"",""马英九""],""places"":[""台湾""],""works"":[""鲁豫有约"",""贪污治罪条例""],""tags"":[""李敖政论综艺集"",""第十九轮"",""closeout"",""节目访谈"",""第182集"",""小抄"",""数字"",""骂人"",""贪污治罪条例"",""证据""],""crossReferences"":[""li-ao-zhenglun-zongyiji-180-explains-cutting-books-into-thousands-of-classes-as-wisdom-training"",""li-ao-zhenglun-zongyiji-168-lists-party-assets-and-fubon-mei-heshi-five-cases-against-ma-clean-image""],""view"":[""public""],""confidence"":""high"",""round"":""li-ao-zhenglun-zongyiji-round019-181-186-closeout"",""dataFile"":""data/timeline-events-li-ao-zhenglun-zongyiji.json""}"
"27327","2015","2015-09-09","2015-09-09","day","","李敖说五点起床后成就只算写出来，又把没有信徒和太真说成自己的处境","他说微博二十分钟写完，八十岁生日的《李敖风流自传》四十天写完，早上五点起床后不再把看书当成成就，必须化为白纸黑字；又说自己没有朋友、学生和信徒，两岸都不给他工具，在伪君子社会里太真就成了缺点。","李敖、陈鲁豫、侯宝林","台湾、中国","李敖政论综艺集、第十九轮、closeout、节目访谈、第182集、写作时间、微博、李敖风流自传、无信徒、真","public","鲁豫有约、李敖风流自传","li-ao-zhenglun-zongyiji-161-writes-daily-weibo-with-ipad-wife-posting-and-140-character-structure、li-ao-zhenglun-zongyiji-101-rejects-computer-garbage-and-defends-earth-method-selection","","","","","","[]","data/timeline-events-li-ao-zhenglun-zongyiji.json","li-ao-zhenglun-zongyiji-182-prioritizes-written-output-over-reading-and-says-truth-became-defect-in-hypocrite-society","{""id"":""li-ao-zhenglun-zongyiji-182-prioritizes-written-output-over-reading-and-says-truth-became-defect-in-hypocrite-society"",""date"":""2015-09-09"",""year"":2015,""month"":9,""day"":9,""title"":""李敖说五点起床后成就只算写出来，又把没有信徒和太真说成自己的处境"",""summary"":""他说微博二十分钟写完，八十岁生日的《李敖风流自传》四十天写完，早上五点起床后不再把看书当成成就，必须化为白纸黑字；又说自己没有朋友、学生和信徒，两岸都不给他工具，在伪君子社会里太真就成了缺点。"",""category"":""media"",""source"":""《大李敖全集5.0》（wjm_tcy版）分章节/010.节目演讲类/012.李敖政论综艺集/182.20150909《鲁豫有约》.txt"",""sourceLines"":[191,237],""lineCount"":511,""people"":[""李敖"",""陈鲁豫"",""侯宝林""],""places"":[""台湾"",""中国""],""works"":[""鲁豫有约"",""李敖风流自传""],""tags"":[""李敖政论综艺集"",""第十九轮"",""closeout"",""节目访谈"",""第182集"",""写作时间"",""微博"",""李敖风流自传"",""无信徒"",""真""],""crossReferences"":[""li-ao-zhenglun-zongyiji-161-writes-daily-weibo-with-ipad-wife-posting-and-140-character-structure"",""li-ao-zhenglun-zongyiji-101-rejects-computer-garbage-and-defends-earth-method-selection""],""view"":[""public""],""confidence"":""high"",""round"":""li-ao-zhenglun-zongyiji-round019-181-186-closeout"",""dataFile"":""data/timeline-events-li-ao-zhenglun-zongyiji.json""}"
"27328","2015","2015-09-09","2015-09-09","day","","鲁豫六年后重访李敖，他把心脏手术、腿弱和脑部长东西说成死亡随时不可靠","节目开头，鲁豫与李敖、李戡重逢，旁白说李敖刚做心脏手术；李敖说自己过了八十，腿变得没力量，脑部也长了东西，心脏刚通血管，到了这个年纪不介意老字，却会介意死字。","李敖、陈鲁豫、李戡、周恩来、艾森豪威尔","台北、台湾","李敖政论综艺集、第十九轮、closeout、节目访谈、第182集、鲁豫有约、八十岁、心脏手术、身体、死亡意识","public","鲁豫有约","","","","","","","[]","data/timeline-events-li-ao-zhenglun-zongyiji.json","li-ao-zhenglun-zongyiji-182-meets-luyu-after-six-years-with-heart-surgery-leg-weakness-and-death-awareness","{""id"":""li-ao-zhenglun-zongyiji-182-meets-luyu-after-six-years-with-heart-surgery-leg-weakness-and-death-awareness"",""date"":""2015-09-09"",""year"":2015,""month"":9,""day"":9,""title"":""鲁豫六年后重访李敖，他把心脏手术、腿弱和脑部长东西说成死亡随时不可靠"",""summary"":""节目开头，鲁豫与李敖、李戡重逢，旁白说李敖刚做心脏手术；李敖说自己过了八十，腿变得没力量，脑部也长了东西，心脏刚通血管，到了这个年纪不介意老字，却会介意死字。"",""category"":""media"",""source"":""《大李敖全集5.0》（wjm_tcy版）分章节/010.节目演讲类/012.李敖政论综艺集/182.20150909《鲁豫有约》.txt"",""sourceLines"":[31,61],""lineCount"":511,""people"":[""李敖"",""陈鲁豫"",""李戡"",""周恩来"",""艾森豪威尔""],""places"":[""台北"",""台湾""],""works"":[""鲁豫有约""],""tags"":[""李敖政论综艺集"",""第十九轮"",""closeout"",""节目访谈"",""第182集"",""鲁豫有约"",""八十岁"",""心脏手术"",""身体"",""死亡意识""],""crossReferences"":[],""view"":[""public""],""confidence"":""high"",""round"":""li-ao-zhenglun-zongyiji-round019-181-186-closeout"",""dataFile"":""data/timeline-events-li-ao-zhenglun-zongyiji.json""}"
"27329","2015","2015-09-11","2015年9月11日星期五","day","confirmed","陶冬冬听说李敖一再生病后飞来看他","《2015年9月》“画家的茫然”写，2015年9月11日，李敖记好友画家陶冬冬听说自己一再生病，特地飞来看他；李敖说他由“冬冬”的名字联想到画家与乱世中的遁世。","李敖、陶冬冬","台湾","陶冬冬、探病、画家、生病","交游线、健康线、晚年线","虽千万人，李敖往矣","","虽千万人，李敖往矣","039.2015年9月","67","《大李敖全集5.0》（wjm_tcy版）分章节/005.诗集语录类/005.虽千万人，李敖往矣/039.2015年9月.txt","","[]","data/timeline-events-sui-qianwan-li-ao-wangyi.json","sui-qianwan-2015-09-11-tao-dongdong-flies-to-visit-after-illness","{""id"":""sui-qianwan-2015-09-11-tao-dongdong-flies-to-visit-after-illness"",""date"":""2015-09-11"",""displayDate"":""2015年9月11日星期五"",""datePrecision"":""day"",""title"":""陶冬冬听说李敖一再生病后飞来看他"",""summary"":""《2015年9月》“画家的茫然”写，2015年9月11日，李敖记好友画家陶冬冬听说自己一再生病，特地飞来看他；李敖说他由“冬冬”的名字联想到画家与乱世中的遁世。"",""view"":[""交游线"",""健康线"",""晚年线""],""tags"":[""陶冬冬"",""探病"",""画家"",""生病""],""people"":[""李敖"",""陶冬冬""],""places"":[""台湾""],""works"":[""虽千万人，李敖往矣""],""certainty"":""confirmed"",""source"":{""book"":""虽千万人，李敖往矣"",""chapter"":""039.2015年9月"",""path"":""《大李敖全集5.0》（wjm_tcy版）分章节/005.诗集语录类/005.虽千万人，李敖往矣/039.2015年9月.txt"",""line"":67},""dataFile"":""data/timeline-events-sui-qianwan-li-ao-wangyi.json""}"
"27330","2015","2015-09-27","2015年9月27日星期日","day","confirmed","李敖记录一生卖掉三个书房，第四个书房已是最后死穴","《2015年9月》“共产吧”写，2015年9月27日，李敖说自己一生卖掉三个书房，像南极探险家回程中不得不逐一杀狗以免同殉；现在的第四个书房该是最后的“死穴”，人书俱老，房子也老。","李敖","台湾","书房、卖书房、晚年住所、藏书","书房线、晚年线、日常线","虽千万人，李敖往矣","","虽千万人，李敖往矣","039.2015年9月","163","《大李敖全集5.0》（wjm_tcy版）分章节/005.诗集语录类/005.虽千万人，李敖往矣/039.2015年9月.txt","","[]","data/timeline-events-sui-qianwan-li-ao-wangyi.json","sui-qianwan-2015-09-27-records-fourth-study-as-final-dead-point","{""id"":""sui-qianwan-2015-09-27-records-fourth-study-as-final-dead-point"",""date"":""2015-09-27"",""displayDate"":""2015年9月27日星期日"",""datePrecision"":""day"",""title"":""李敖记录一生卖掉三个书房，第四个书房已是最后死穴"",""summary"":""《2015年9月》“共产吧”写，2015年9月27日，李敖说自己一生卖掉三个书房，像南极探险家回程中不得不逐一杀狗以免同殉；现在的第四个书房该是最后的“死穴”，人书俱老，房子也老。"",""view"":[""书房线"",""晚年线"",""日常线""],""tags"":[""书房"",""卖书房"",""晚年住所"",""藏书""],""people"":[""李敖""],""places"":[""台湾""],""works"":[""虽千万人，李敖往矣""],""certainty"":""confirmed"",""source"":{""book"":""虽千万人，李敖往矣"",""chapter"":""039.2015年9月"",""path"":""《大李敖全集5.0》（wjm_tcy版）分章节/005.诗集语录类/005.虽千万人，李敖往矣/039.2015年9月.txt"",""line"":163},""dataFile"":""data/timeline-events-sui-qianwan-li-ao-wangyi.json""}"
"27331","2015","2015-10-05","2015年10月5日星期一","day","confirmed","李敖发微博被拦截并收到《微博社区管理规定》通知","《2015年10月》“全毁与抽毁”写，2015年10月5日，李敖回述前天、昨天发了两篇，其中第一篇被拦截后，收到“违反《微博社区管理规定（试行）》或相关法规政策，无法进行指定操作”的通知。他借此比较清朝禁书的全毁与抽毁。","李敖","大陆网络平台","微博、微博社区管理规定、审查、拦截","网络线、审查线、写作线","虽千万人，李敖往矣、哈囉李敖","","虽千万人，李敖往矣","040.2015年10月","31","《大李敖全集5.0》（wjm_tcy版）分章节/005.诗集语录类/005.虽千万人，李敖往矣/040.2015年10月.txt","","[]","data/timeline-events-sui-qianwan-li-ao-wangyi.json","sui-qianwan-2015-10-05-receives-weibo-community-rules-notice-after-post-blocked","{""id"":""sui-qianwan-2015-10-05-receives-weibo-community-rules-notice-after-post-blocked"",""date"":""2015-10-05"",""displayDate"":""2015年10月5日星期一"",""datePrecision"":""day"",""title"":""李敖发微博被拦截并收到《微博社区管理规定》通知"",""summary"":""《2015年10月》“全毁与抽毁”写，2015年10月5日，李敖回述前天、昨天发了两篇，其中第一篇被拦截后，收到“违反《微博社区管理规定（试行）》或相关法规政策，无法进行指定操作”的通知。他借此比较清朝禁书的全毁与抽毁。"",""view"":[""网络线"",""审查线"",""写作线""],""tags"":[""微博"",""微博社区管理规定"",""审查"",""拦截""],""people"":[""李敖""],""places"":[""大陆网络平台""],""works"":[""虽千万人，李敖往矣"",""哈囉李敖""],""certainty"":""confirmed"",""source"":{""book"":""虽千万人，李敖往矣"",""chapter"":""040.2015年10月"",""path"":""《大李敖全集5.0》（wjm_tcy版）分章节/005.诗集语录类/005.虽千万人，李敖往矣/040.2015年10月.txt"",""line"":31},""dataFile"":""data/timeline-events-sui-qianwan-li-ao-wangyi.json""}"
"27332","2015","2015-10-06","2015年10月6日星期二","day","confirmed","医生劝李敖停止过午不食，李敖傍晚到北方馆吃粥与馅饼","《2015年10月》“盗亦有道”写，2015年10月6日，医生劝李敖不要再“过午不食”，傍晚要吃一点东西。当晚他到北方馆点粥、猪头肉和馅饼，又被一位老太太拍肩问是否记得其亡夫徐忠，李敖随即回忆40年前徐忠卷款旧事。","李敖、徐忠","北方馆、台湾","过午不食、北方馆、医生、徐忠","健康线、日常线、交游线","虽千万人，李敖往矣","","虽千万人，李敖往矣","040.2015年10月","37","《大李敖全集5.0》（wjm_tcy版）分章节/005.诗集语录类/005.虽千万人，李敖往矣/040.2015年10月.txt","","[]","data/timeline-events-sui-qianwan-li-ao-wangyi.json","sui-qianwan-2015-10-06-doctor-stops-noon-fasting-and-beifangguan-dinner","{""id"":""sui-qianwan-2015-10-06-doctor-stops-noon-fasting-and-beifangguan-dinner"",""date"":""2015-10-06"",""displayDate"":""2015年10月6日星期二"",""datePrecision"":""day"",""title"":""医生劝李敖停止过午不食，李敖傍晚到北方馆吃粥与馅饼"",""summary"":""《2015年10月》“盗亦有道”写，2015年10月6日，医生劝李敖不要再“过午不食”，傍晚要吃一点东西。当晚他到北方馆点粥、猪头肉和馅饼，又被一位老太太拍肩问是否记得其亡夫徐忠，李敖随即回忆40年前徐忠卷款旧事。"",""view"":[""健康线"",""日常线"",""交游线""],""tags"":[""过午不食"",""北方馆"",""医生"",""徐忠""],""people"":[""李敖"",""徐忠""],""places"":[""北方馆"",""台湾""],""works"":[""虽千万人，李敖往矣""],""certainty"":""confirmed"",""source"":{""book"":""虽千万人，李敖往矣"",""chapter"":""040.2015年10月"",""path"":""《大李敖全集5.0》（wjm_tcy版）分章节/005.诗集语录类/005.虽千万人，李敖往矣/040.2015年10月.txt"",""line"":37},""dataFile"":""data/timeline-events-sui-qianwan-li-ao-wangyi.json""}"
"27333","2015","2015-10-10","2015年10月10日星期六","day","confirmed","李敖给臧英年戒烟宣传提供一句简明理由","《2015年10月》“戒烟一法”写，2015年10月10日，李敖说朋友臧英年大力提倡戒烟，他对臧英年说戒烟理由要简明有力；臧英年问他的理由，李敖答“老蒋能戒掉，我也能。我比敌人有毅力！”","李敖、臧英年","台湾","臧英年、戒烟、宣传语","交游线、健康线、日常线","虽千万人，李敖往矣","","虽千万人，李敖往矣","040.2015年10月","61","《大李敖全集5.0》（wjm_tcy版）分章节/005.诗集语录类/005.虽千万人，李敖往矣/040.2015年10月.txt","","[]","data/timeline-events-sui-qianwan-li-ao-wangyi.json","sui-qianwan-2015-10-10-gives-zang-yingnian-smoking-cessation-slogan","{""id"":""sui-qianwan-2015-10-10-gives-zang-yingnian-smoking-cessation-slogan"",""date"":""2015-10-10"",""displayDate"":""2015年10月10日星期六"",""datePrecision"":""day"",""title"":""李敖给臧英年戒烟宣传提供一句简明理由"",""summary"":""《2015年10月》“戒烟一法”写，2015年10月10日，李敖说朋友臧英年大力提倡戒烟，他对臧英年说戒烟理由要简明有力；臧英年问他的理由，李敖答“老蒋能戒掉，我也能。我比敌人有毅力！”"",""view"":[""交游线"",""健康线"",""日常线""],""tags"":[""臧英年"",""戒烟"",""宣传语""],""people"":[""李敖"",""臧英年""],""places"":[""台湾""],""works"":[""虽千万人，李敖往矣""],""certainty"":""confirmed"",""source"":{""book"":""虽千万人，李敖往矣"",""chapter"":""040.2015年10月"",""path"":""《大李敖全集5.0》（wjm_tcy版）分章节/005.诗集语录类/005.虽千万人，李敖往矣/040.2015年10月.txt"",""line"":61},""dataFile"":""data/timeline-events-sui-qianwan-li-ao-wangyi.json""}"
"27334","2015","2015-10-17","2015年10月17日星期六","day","confirmed","李敖在书房中提到收藏《The Fred Astaire Dance Book》","《2015年10月》“反面教材”写，2015年10月17日，李敖说自己的书房“卧虎藏龙”，有一本《The Fred Astaire Dance Book》，记录舞王 Fred Astaire 的成就；他又由此谈 Ginger Rogers 的反面教材意义。","李敖、Fred Astaire、Ginger Rogers","台湾","书房、藏书、The Fred Astaire Dance Book、Fred Astaire、Ginger Rogers","书房线、藏书线、日常线","The Fred Astaire Dance Book、虽千万人，李敖往矣","","虽千万人，李敖往矣","040.2015年10月","103","《大李敖全集5.0》（wjm_tcy版）分章节/005.诗集语录类/005.虽千万人，李敖往矣/040.2015年10月.txt","","[]","data/timeline-events-sui-qianwan-li-ao-wangyi.json","sui-qianwan-2015-10-17-notes-fred-astaire-dance-book-in-study","{""id"":""sui-qianwan-2015-10-17-notes-fred-astaire-dance-book-in-study"",""date"":""2015-10-17"",""displayDate"":""2015年10月17日星期六"",""datePrecision"":""day"",""title"":""李敖在书房中提到收藏《The Fred Astaire Dance Book》"",""summary"":""《2015年10月》“反面教材”写，2015年10月17日，李敖说自己的书房“卧虎藏龙”，有一本《The Fred Astaire Dance Book》，记录舞王 Fred Astaire 的成就；他又由此谈 Ginger Rogers 的反面教材意义。"",""view"":[""书房线"",""藏书线"",""日常线""],""tags"":[""书房"",""藏书"",""The Fred Astaire Dance Book"",""Fred Astaire"",""Ginger Rogers""],""people"":[""李敖"",""Fred Astaire"",""Ginger Rogers""],""places"":[""台湾""],""works"":[""The Fred Astaire Dance Book"",""虽千万人，李敖往矣""],""certainty"":""confirmed"",""source"":{""book"":""虽千万人，李敖往矣"",""chapter"":""040.2015年10月"",""path"":""《大李敖全集5.0》（wjm_tcy版）分章节/005.诗集语录类/005.虽千万人，李敖往矣/040.2015年10月.txt"",""line"":103},""dataFile"":""data/timeline-events-sui-qianwan-li-ao-wangyi.json""}"
"27335","2015","2015-10-19","2015年10月19日星期一","day","confirmed","李敖记录多家大陆电视台邀他现身抢救中文却被拦住","《2015年10月》“拉丁文与中文”写，2015年10月19日，李敖说只有中文可以与英文世界语地位一搏，祖国几家电视台都约他现身“抢救、挥洒中文”，但都被党中央拦住。1月19日，他也曾写自己想把文章、演讲、读书“三绝”传授给大陆同胞，却因政府封杀电视节目未能现身说法。","李敖","中国大陆","电视节目、大陆电视台、中文、封杀、三绝","媒体线、审查线、晚年线","虽千万人，李敖往矣","","虽千万人，李敖往矣","040.2015年10月","115","《大李敖全集5.0》（wjm_tcy版）分章节/005.诗集语录类/005.虽千万人，李敖往矣/040.2015年10月.txt","虽千万人，李敖往矣 / 031.2015年1月 / line 115 / 说明：1月19日写到想传授“三绝”给大陆同胞，但电视节目被政府封杀。 / 《大李敖全集5.0》（wjm_tcy版）分章节/005.诗集语录类/005.虽千万人，李敖往矣/031.2015年1月.txt","[{""book"":""虽千万人，李敖往矣"",""chapter"":""031.2015年1月"",""path"":""《大李敖全集5.0》（wjm_tcy版）分章节/005.诗集语录类/005.虽千万人，李敖往矣/031.2015年1月.txt"",""line"":115,""note"":""1月19日写到想传授“三绝”给大陆同胞，但电视节目被政府封杀。""}]","data/timeline-events-sui-qianwan-li-ao-wangyi.json","sui-qianwan-2015-10-19-records-mainland-tv-invitations-blocked","{""id"":""sui-qianwan-2015-10-19-records-mainland-tv-invitations-blocked"",""date"":""2015-10-19"",""displayDate"":""2015年10月19日星期一"",""datePrecision"":""day"",""title"":""李敖记录多家大陆电视台邀他现身抢救中文却被拦住"",""summary"":""《2015年10月》“拉丁文与中文”写，2015年10月19日，李敖说只有中文可以与英文世界语地位一搏，祖国几家电视台都约他现身“抢救、挥洒中文”，但都被党中央拦住。1月19日，他也曾写自己想把文章、演讲、读书“三绝”传授给大陆同胞，却因政府封杀电视节目未能现身说法。"",""view"":[""媒体线"",""审查线"",""晚年线""],""tags"":[""电视节目"",""大陆电视台"",""中文"",""封杀"",""三绝""],""people"":[""李敖""],""places"":[""中国大陆""],""works"":[""虽千万人，李敖往矣""],""certainty"":""confirmed"",""source"":{""book"":""虽千万人，李敖往矣"",""chapter"":""040.2015年10月"",""path"":""《大李敖全集5.0》（wjm_tcy版）分章节/005.诗集语录类/005.虽千万人，李敖往矣/040.2015年10月.txt"",""line"":115},""additionalSources"":[{""book"":""虽千万人，李敖往矣"",""chapter"":""031.2015年1月"",""path"":""《大李敖全集5.0》（wjm_tcy版）分章节/005.诗集语录类/005.虽千万人，李敖往矣/031.2015年1月.txt"",""line"":115,""note"":""1月19日写到想传授“三绝”给大陆同胞，但电视节目被政府封杀。""}],""dataFile"":""data/timeline-events-sui-qianwan-li-ao-wangyi.json""}"
"27336","2015","2015-10-23","2015年10月23日星期五","day","confirmed","李敖电告臧英年自己早已捐尸台大，坟都是假的","《2015年10月》“撒尿权”写，2015年10月23日，李敖说自己与潘毓刚约定后死者可在先死者坟上撒尿；臧英年得知后要求援例，李敖电告臧英年，自己死后所谓坟墓都只是假的，因为他早已把尸体捐给台大医院解剖。本条为1998年遗体捐献旧节点的晚年回述与交游细节。","李敖、臧英年、潘毓刚","台湾、台大医院","臧英年、潘毓刚、遗体捐献、台大医院、身后事","健康线、交游线、晚年线","虽千万人，李敖往矣","book5-1998-08-07-finishes-zhili-ji-and-body-donation-note","虽千万人，李敖往矣","040.2015年10月","139","《大李敖全集5.0》（wjm_tcy版）分章节/005.诗集语录类/005.虽千万人，李敖往矣/040.2015年10月.txt","","[]","data/timeline-events-sui-qianwan-li-ao-wangyi.json","sui-qianwan-2015-10-23-tells-zang-yingnian-about-fake-grave-and-ntu-body-donation","{""id"":""sui-qianwan-2015-10-23-tells-zang-yingnian-about-fake-grave-and-ntu-body-donation"",""date"":""2015-10-23"",""displayDate"":""2015年10月23日星期五"",""datePrecision"":""day"",""title"":""李敖电告臧英年自己早已捐尸台大，坟都是假的"",""summary"":""《2015年10月》“撒尿权”写，2015年10月23日，李敖说自己与潘毓刚约定后死者可在先死者坟上撒尿；臧英年得知后要求援例，李敖电告臧英年，自己死后所谓坟墓都只是假的，因为他早已把尸体捐给台大医院解剖。本条为1998年遗体捐献旧节点的晚年回述与交游细节。"",""view"":[""健康线"",""交游线"",""晚年线""],""tags"":[""臧英年"",""潘毓刚"",""遗体捐献"",""台大医院"",""身后事""],""people"":[""李敖"",""臧英年"",""潘毓刚""],""places"":[""台湾"",""台大医院""],""works"":[""虽千万人，李敖往矣""],""certainty"":""confirmed"",""crossReferences"":[""book5-1998-08-07-finishes-zhili-ji-and-body-donation-note""],""source"":{""book"":""虽千万人，李敖往矣"",""chapter"":""040.2015年10月"",""path"":""《大李敖全集5.0》（wjm_tcy版）分章节/005.诗集语录类/005.虽千万人，李敖往矣/040.2015年10月.txt"",""line"":139},""dataFile"":""data/timeline-events-sui-qianwan-li-ao-wangyi.json""}"
"27337","2015","2015-10-24","2015年10月24日星期六","day","confirmed","李敖否认将亮相《康熙来了》最后一集","《2015年10月》“小S坐大腿”写，2015年10月24日，李敖记媒体连日盛传他将亮相《康熙来了》最后一集，他明确说“并无此事”。他同时回忆12年前《康熙来了》开播时，自己就是第一集来宾。","李敖、小S","台湾","康熙来了、小S、电视节目、辟谣","媒体线、晚年线","康熙来了、虽千万人，李敖往矣","","虽千万人，李敖往矣","040.2015年10月","145","《大李敖全集5.0》（wjm_tcy版）分章节/005.诗集语录类/005.虽千万人，李敖往矣/040.2015年10月.txt","","[]","data/timeline-events-sui-qianwan-li-ao-wangyi.json","sui-qianwan-2015-10-24-denies-kangxi-final-episode-rumor","{""id"":""sui-qianwan-2015-10-24-denies-kangxi-final-episode-rumor"",""date"":""2015-10-24"",""displayDate"":""2015年10月24日星期六"",""datePrecision"":""day"",""title"":""李敖否认将亮相《康熙来了》最后一集"",""summary"":""《2015年10月》“小S坐大腿”写，2015年10月24日，李敖记媒体连日盛传他将亮相《康熙来了》最后一集，他明确说“并无此事”。他同时回忆12年前《康熙来了》开播时，自己就是第一集来宾。"",""view"":[""媒体线"",""晚年线""],""tags"":[""康熙来了"",""小S"",""电视节目"",""辟谣""],""people"":[""李敖"",""小S""],""places"":[""台湾""],""works"":[""康熙来了"",""虽千万人，李敖往矣""],""certainty"":""confirmed"",""source"":{""book"":""虽千万人，李敖往矣"",""chapter"":""040.2015年10月"",""path"":""《大李敖全集5.0》（wjm_tcy版）分章节/005.诗集语录类/005.虽千万人，李敖往矣/040.2015年10月.txt"",""line"":145},""dataFile"":""data/timeline-events-sui-qianwan-li-ao-wangyi.json""}"
"27338","2015","2015-11-14","2015年11月14日星期六","day","confirmed","住院期间护理长林少瑜拿李敖旧作索题，李敖即写打油诗两首","《2015年11月》“住院7天”写，李敖在蒋家荣民医院住院一周期间，护理长林少瑜拿出家藏的李敖旧作请他题字；李敖即时写打油诗两首送给她。这条补出病中签题与医院日常细节。","李敖、林少瑜","蒋家荣民医院、台湾","住院、林少瑜、题字、打油诗、旧作","健康线、日常线、著作线","虽千万人，李敖往矣","","虽千万人，李敖往矣","041.2015年11月","85","《大李敖全集5.0》（wjm_tcy版）分章节/005.诗集语录类/005.虽千万人，李敖往矣/041.2015年11月.txt","","[]","data/timeline-events-sui-qianwan-li-ao-wangyi.json","sui-qianwan-2015-11-14-nurse-lin-shaoyu-asks-for-inscriptions-during-hospitalization","{""id"":""sui-qianwan-2015-11-14-nurse-lin-shaoyu-asks-for-inscriptions-during-hospitalization"",""date"":""2015-11-14"",""displayDate"":""2015年11月14日星期六"",""datePrecision"":""day"",""title"":""住院期间护理长林少瑜拿李敖旧作索题，李敖即写打油诗两首"",""summary"":""《2015年11月》“住院7天”写，李敖在蒋家荣民医院住院一周期间，护理长林少瑜拿出家藏的李敖旧作请他题字；李敖即时写打油诗两首送给她。这条补出病中签题与医院日常细节。"",""view"":[""健康线"",""日常线"",""著作线""],""tags"":[""住院"",""林少瑜"",""题字"",""打油诗"",""旧作""],""people"":[""李敖"",""林少瑜""],""places"":[""蒋家荣民医院"",""台湾""],""works"":[""虽千万人，李敖往矣""],""certainty"":""confirmed"",""source"":{""book"":""虽千万人，李敖往矣"",""chapter"":""041.2015年11月"",""path"":""《大李敖全集5.0》（wjm_tcy版）分章节/005.诗集语录类/005.虽千万人，李敖往矣/041.2015年11月.txt"",""line"":85},""dataFile"":""data/timeline-events-sui-qianwan-li-ao-wangyi.json""}"
"27339","2015","2015-11-19","2015-11-19","day","","李敖主张二〇一六后彻底消灭国民党，并以党产追查替民进党开局","他认为国民党让共产党误以为还能按国共旧经验谈判，所以应该被消灭；选后应立法清查党产，把李登辉、连战、马英九的责任查出来，并重提刘泰英只能管五百万以下、真正大钱须李登辉批准的说法。","李敖、廖筱君、马英九、朱立伦、习近平、陈水扁、李登辉、连战、刘泰英、张光锦","台湾、大陆","李敖政论综艺集、第十九轮、closeout、节目访谈、第183集、国民党、党产、二〇一六选举、李登辉、刘泰英","public","新台湾加油","li-ao-zhenglun-zongyiji-178-says-bian-protected-kmt-party-assets-by-not-using-german-model、li-ao-zhenglun-zongyiji-168-lists-party-assets-and-fubon-mei-heshi-five-cases-against-ma-clean-image","","","","","","[]","data/timeline-events-li-ao-zhenglun-zongyiji.json","li-ao-zhenglun-zongyiji-183-calls-for-kmt-elimination-through-party-assets-after-2016-election","{""id"":""li-ao-zhenglun-zongyiji-183-calls-for-kmt-elimination-through-party-assets-after-2016-election"",""date"":""2015-11-19"",""year"":2015,""month"":11,""day"":19,""title"":""李敖主张二〇一六后彻底消灭国民党，并以党产追查替民进党开局"",""summary"":""他认为国民党让共产党误以为还能按国共旧经验谈判，所以应该被消灭；选后应立法清查党产，把李登辉、连战、马英九的责任查出来，并重提刘泰英只能管五百万以下、真正大钱须李登辉批准的说法。"",""category"":""media"",""source"":""《大李敖全集5.0》（wjm_tcy版）分章节/010.节目演讲类/012.李敖政论综艺集/183.20151119《新台湾加油》.txt"",""sourceLines"":[89,97],""lineCount"":185,""people"":[""李敖"",""廖筱君"",""马英九"",""朱立伦"",""习近平"",""陈水扁"",""李登辉"",""连战"",""刘泰英"",""张光锦""],""places"":[""台湾"",""大陆""],""works"":[""新台湾加油""],""tags"":[""李敖政论综艺集"",""第十九轮"",""closeout"",""节目访谈"",""第183集"",""国民党"",""党产"",""二〇一六选举"",""李登辉"",""刘泰英""],""crossReferences"":[""li-ao-zhenglun-zongyiji-178-says-bian-protected-kmt-party-assets-by-not-using-german-model"",""li-ao-zhenglun-zongyiji-168-lists-party-assets-and-fubon-mei-heshi-five-cases-against-ma-clean-image""],""view"":[""public""],""confidence"":""high"",""round"":""li-ao-zhenglun-zongyiji-round019-181-186-closeout"",""dataFile"":""data/timeline-events-li-ao-zhenglun-zongyiji.json""}"
"27340","2015","2015-11-19","2015-11-19","day","","李敖用太平岛推演台湾不敢承认领土与大陆徒手登陆共同保卫的困局","谈南海时，他怀疑马英九卸任前可能承认太平岛是中华民国领土，好让大陆继承这个主张；又设想大陆派两个团不带武器登陆说要共同保卫，台湾只有一个连、三十多人无法阻挡，最后接到台湾不必再养军队、靠警察维持治安的主张。","李敖、廖筱君、马英九、刘玉章、俞大维","台湾、太平岛、南海、金门","李敖政论综艺集、第十九轮、closeout、节目访谈、第183集、太平岛、南海、中华民国、共同保卫、废军队","public","新台湾加油","","","","","","","[]","data/timeline-events-li-ao-zhenglun-zongyiji.json","li-ao-zhenglun-zongyiji-183-turns-taiping-island-into-test-of-roc-claim-and-mainland-landing-scenario","{""id"":""li-ao-zhenglun-zongyiji-183-turns-taiping-island-into-test-of-roc-claim-and-mainland-landing-scenario"",""date"":""2015-11-19"",""year"":2015,""month"":11,""day"":19,""title"":""李敖用太平岛推演台湾不敢承认领土与大陆徒手登陆共同保卫的困局"",""summary"":""谈南海时，他怀疑马英九卸任前可能承认太平岛是中华民国领土，好让大陆继承这个主张；又设想大陆派两个团不带武器登陆说要共同保卫，台湾只有一个连、三十多人无法阻挡，最后接到台湾不必再养军队、靠警察维持治安的主张。"",""category"":""media"",""source"":""《大李敖全集5.0》（wjm_tcy版）分章节/010.节目演讲类/012.李敖政论综艺集/183.20151119《新台湾加油》.txt"",""sourceLines"":[69,85],""lineCount"":185,""people"":[""李敖"",""廖筱君"",""马英九"",""刘玉章"",""俞大维""],""places"":[""台湾"",""太平岛"",""南海"",""金门""],""works"":[""新台湾加油""],""tags"":[""李敖政论综艺集"",""第十九轮"",""closeout"",""节目访谈"",""第183集"",""太平岛"",""南海"",""中华民国"",""共同保卫"",""废军队""],""crossReferences"":[],""view"":[""public""],""confidence"":""high"",""round"":""li-ao-zhenglun-zongyiji-round019-181-186-closeout"",""dataFile"":""data/timeline-events-li-ao-zhenglun-zongyiji.json""}"
"27341","2015","2015-11-19","2015-11-19","day","","李敖用蔡英文十五年前立院记录说不必忧虑她，又把台湾前途交给美国层级","他拿出蔡英文任陆委会主委时同洪秀柱质询的记录，指出蔡当年比现在更明白地尊重国统纲领；但他随即说台湾人从来没有决定台湾前途的余地，美国骗台湾四十次、五十二次，《台湾关系法》也只说严重关切，爱国者飞弹和长程雷达都是让台湾替美国花钱。","李敖、廖筱君、蔡英文、洪秀柱、马英九、陈水扁、钱复、沈剑虹","台湾、美国、台北、高雄、台南、花莲、新疆、福建","李敖政论综艺集、第十九轮、closeout、节目访谈、第183集、蔡英文、国统纲领、台湾关系法、美国不可靠、军购","public","新台湾加油、台湾关系法、钱复回忆录、沈剑虹回忆录","li-ao-zhenglun-zongyiji-178-uses-cai-ingwen-2000-legislative-record-to-pin-her-to-unification-guidelines、li-ao-zhenglun-zongyiji-179-says-us-trips-expose-fake-sovereignty-and-tra-only-serious-concern","","","","","","[]","data/timeline-events-li-ao-zhenglun-zongyiji.json","li-ao-zhenglun-zongyiji-183-uses-fifteen-year-tsai-record-to-say-do-not-worry-her-but-taiwan-cannot-decide-future","{""id"":""li-ao-zhenglun-zongyiji-183-uses-fifteen-year-tsai-record-to-say-do-not-worry-her-but-taiwan-cannot-decide-future"",""date"":""2015-11-19"",""year"":2015,""month"":11,""day"":19,""title"":""李敖用蔡英文十五年前立院记录说不必忧虑她，又把台湾前途交给美国层级"",""summary"":""他拿出蔡英文任陆委会主委时同洪秀柱质询的记录，指出蔡当年比现在更明白地尊重国统纲领；但他随即说台湾人从来没有决定台湾前途的余地，美国骗台湾四十次、五十二次，《台湾关系法》也只说严重关切，爱国者飞弹和长程雷达都是让台湾替美国花钱。"",""category"":""media"",""source"":""《大李敖全集5.0》（wjm_tcy版）分章节/010.节目演讲类/012.李敖政论综艺集/183.20151119《新台湾加油》.txt"",""sourceLines"":[57,65],""lineCount"":185,""people"":[""李敖"",""廖筱君"",""蔡英文"",""洪秀柱"",""马英九"",""陈水扁"",""钱复"",""沈剑虹""],""places"":[""台湾"",""美国"",""台北"",""高雄"",""台南"",""花莲"",""新疆"",""福建""],""works"":[""新台湾加油"",""台湾关系法"",""钱复回忆录"",""沈剑虹回忆录""],""tags"":[""李敖政论综艺集"",""第十九轮"",""closeout"",""节目访谈"",""第183集"",""蔡英文"",""国统纲领"",""台湾关系法"",""美国不可靠"",""军购""],""crossReferences"":[""li-ao-zhenglun-zongyiji-178-uses-cai-ingwen-2000-legislative-record-to-pin-her-to-unification-guidelines"",""li-ao-zhenglun-zongyiji-179-says-us-trips-expose-fake-sovereignty-and-tra-only-serious-concern""],""view"":[""public""],""confidence"":""high"",""round"":""li-ao-zhenglun-zongyiji-round019-181-186-closeout"",""dataFile"":""data/timeline-events-li-ao-zhenglun-zongyiji.json""}"
"27342","2015","2015-11-19","2015-11-19","day","","李敖把反攻大陆二十六年、台独三十年和洪秀柱国民党旧思想并列成假政治","他说民进党有机会公投台独却跑掉，国民党反攻大陆骗二十六年，台独也骗三十年，中华民国成了三方都各取所需的怪胎；谈到洪秀柱时又说她的父亲是政治犯，本该像他一样干到底，却仍同国民党混在一起，思想停在保卫大台湾时代。","李敖、廖筱君、蔡同荣、陈水扁、李文忠、彭明敏、谢聪敏、毛泽东、基辛格、洪秀柱、许历农","台湾、大陆、北京","李敖政论综艺集、第十九轮、closeout、节目访谈、第183集、台独、反攻大陆、中华民国、洪秀柱、黄复兴","public","新台湾加油、台湾自救运动宣言、中国论","li-ao-zhenglun-zongyiji-179-calls-hung-hsiu-chu-only-living-kmt-figure-and-kmt-a-cross-strait-illusion、li-ao-zhenglun-zongyiji-180-calls-hung-hsiu-chu-restoration-of-kmt-fierce-spirit","","","","","","[]","data/timeline-events-li-ao-zhenglun-zongyiji.json","li-ao-zhenglun-zongyiji-183-equates-counterattack-and-independence-as-long-running-frauds-and-places-hung-in-old-kmt-world","{""id"":""li-ao-zhenglun-zongyiji-183-equates-counterattack-and-independence-as-long-running-frauds-and-places-hung-in-old-kmt-world"",""date"":""2015-11-19"",""year"":2015,""month"":11,""day"":19,""title"":""李敖把反攻大陆二十六年、台独三十年和洪秀柱国民党旧思想并列成假政治"",""summary"":""他说民进党有机会公投台独却跑掉，国民党反攻大陆骗二十六年，台独也骗三十年，中华民国成了三方都各取所需的怪胎；谈到洪秀柱时又说她的父亲是政治犯，本该像他一样干到底，却仍同国民党混在一起，思想停在保卫大台湾时代。"",""category"":""media"",""source"":""《大李敖全集5.0》（wjm_tcy版）分章节/010.节目演讲类/012.李敖政论综艺集/183.20151119《新台湾加油》.txt"",""sourceLines"":[99,117],""lineCount"":185,""people"":[""李敖"",""廖筱君"",""蔡同荣"",""陈水扁"",""李文忠"",""彭明敏"",""谢聪敏"",""毛泽东"",""基辛格"",""洪秀柱"",""许历农""],""places"":[""台湾"",""大陆"",""北京""],""works"":[""新台湾加油"",""台湾自救运动宣言"",""中国论""],""tags"":[""李敖政论综艺集"",""第十九轮"",""closeout"",""节目访谈"",""第183集"",""台独"",""反攻大陆"",""中华民国"",""洪秀柱"",""黄复兴""],""crossReferences"":[""li-ao-zhenglun-zongyiji-179-calls-hung-hsiu-chu-only-living-kmt-figure-and-kmt-a-cross-strait-illusion"",""li-ao-zhenglun-zongyiji-180-calls-hung-hsiu-chu-restoration-of-kmt-fierce-spirit""],""view"":[""public""],""confidence"":""high"",""round"":""li-ao-zhenglun-zongyiji-round019-181-186-closeout"",""dataFile"":""data/timeline-events-li-ao-zhenglun-zongyiji.json""}"
"27343","2015","2015-11-19","2015-11-19","day","","李敖把王金平的力量解释为私人交情和政党协商，并举自己欠税赴北京演讲案","他说王金平的干法不是党不党，而是地下活动和私人交情；自己当年因欠税五百万不能出境去北大清华演讲，王金平便去关说国税局，放他一个月出境，一个月后再继续追究，这正是台湾政治。","李敖、廖筱君、王金平、马英九、朱立伦","台湾、北京、北京大学、清华大学","李敖政论综艺集、第十九轮、closeout、节目访谈、第183集、王金平、政党协商、私人交情、关说、北京演讲","public","新台湾加油","li-ao-zhenglun-zongyiji-177-credits-wang-jinpyng-with-corrupting-dpp-into-second-kmt、li-ao-zhenglun-zongyiji-178-calls-king-simple-ma-ungrateful-and-wang-soong-political-geniuses","","","","","","[]","data/timeline-events-li-ao-zhenglun-zongyiji.json","li-ao-zhenglun-zongyiji-183-credits-wang-jinpyng-private-networks-and-recalls-tax-office-favor-for-beijing-trip","{""id"":""li-ao-zhenglun-zongyiji-183-credits-wang-jinpyng-private-networks-and-recalls-tax-office-favor-for-beijing-trip"",""date"":""2015-11-19"",""year"":2015,""month"":11,""day"":19,""title"":""李敖把王金平的力量解释为私人交情和政党协商，并举自己欠税赴北京演讲案"",""summary"":""他说王金平的干法不是党不党，而是地下活动和私人交情；自己当年因欠税五百万不能出境去北大清华演讲，王金平便去关说国税局，放他一个月出境，一个月后再继续追究，这正是台湾政治。"",""category"":""media"",""source"":""《大李敖全集5.0》（wjm_tcy版）分章节/010.节目演讲类/012.李敖政论综艺集/183.20151119《新台湾加油》.txt"",""sourceLines"":[133,145],""lineCount"":185,""people"":[""李敖"",""廖筱君"",""王金平"",""马英九"",""朱立伦""],""places"":[""台湾"",""北京"",""北京大学"",""清华大学""],""works"":[""新台湾加油""],""tags"":[""李敖政论综艺集"",""第十九轮"",""closeout"",""节目访谈"",""第183集"",""王金平"",""政党协商"",""私人交情"",""关说"",""北京演讲""],""crossReferences"":[""li-ao-zhenglun-zongyiji-177-credits-wang-jinpyng-with-corrupting-dpp-into-second-kmt"",""li-ao-zhenglun-zongyiji-178-calls-king-simple-ma-ungrateful-and-wang-soong-political-geniuses""],""view"":[""public""],""confidence"":""high"",""round"":""li-ao-zhenglun-zongyiji-round019-181-186-closeout"",""dataFile"":""data/timeline-events-li-ao-zhenglun-zongyiji.json""}"
"27344","2015","2015-11-19","2015-11-19","day","","李敖把宋莹配说成宋楚瑜无奈接触民间宗教票，并借此重提李敖条款","在选前副手话题里，他认为宋楚瑜同徐欣莹搭配是走投无路，徐背后有民间信仰和妙天票源；他还说登记时徐一定要加入亲民党，因为十五年前他代表新党参选但非党员，中央选委会才立出总统副总统同党登记的李敖条款。","李敖、廖筱君、宋楚瑜、徐欣莹、妙天","台湾","李敖政论综艺集、第十九轮、closeout、节目访谈、第183集、宋莹配、徐欣莹、民间宗教、李敖条款、二〇一六选举","public","新台湾加油","li-ao-zhenglun-zongyiji-177-makes-soong-pivot-for-five-2016-combination-options","","","","","","[]","data/timeline-events-li-ao-zhenglun-zongyiji.json","li-ao-zhenglun-zongyiji-183-calls-soong-hsu-ticket-desperate-and-revives-li-ao-clause","{""id"":""li-ao-zhenglun-zongyiji-183-calls-soong-hsu-ticket-desperate-and-revives-li-ao-clause"",""date"":""2015-11-19"",""year"":2015,""month"":11,""day"":19,""title"":""李敖把宋莹配说成宋楚瑜无奈接触民间宗教票，并借此重提李敖条款"",""summary"":""在选前副手话题里，他认为宋楚瑜同徐欣莹搭配是走投无路，徐背后有民间信仰和妙天票源；他还说登记时徐一定要加入亲民党，因为十五年前他代表新党参选但非党员，中央选委会才立出总统副总统同党登记的李敖条款。"",""category"":""media"",""source"":""《大李敖全集5.0》（wjm_tcy版）分章节/010.节目演讲类/012.李敖政论综艺集/183.20151119《新台湾加油》.txt"",""sourceLines"":[7,33],""lineCount"":185,""people"":[""李敖"",""廖筱君"",""宋楚瑜"",""徐欣莹"",""妙天""],""places"":[""台湾""],""works"":[""新台湾加油""],""tags"":[""李敖政论综艺集"",""第十九轮"",""closeout"",""节目访谈"",""第183集"",""宋莹配"",""徐欣莹"",""民间宗教"",""李敖条款"",""二〇一六选举""],""crossReferences"":[""li-ao-zhenglun-zongyiji-177-makes-soong-pivot-for-five-2016-combination-options""],""view"":[""public""],""confidence"":""high"",""round"":""li-ao-zhenglun-zongyiji-round019-181-186-closeout"",""dataFile"":""data/timeline-events-li-ao-zhenglun-zongyiji.json""}"
"27345","2015","2015-11-19","2015-11-19","day","","李敖称蔡英文用陈建仁是高招，因为她不动声色赶走民进党老投机分子","他先说自己同蔡英文不认识，只记得蔡在立法院偷偷说佩服他；随后判断蔡英文进入民进党后把苏贞昌、谢长廷等第一代投机分子一个个赶走，陈建仁这类非老派民进党人能被她控制，正是她了不起之处。","李敖、廖筱君、蔡英文、陈建仁、苏贞昌、谢长廷、陈水扁、吕秀莲、陈菊","台湾、立法院","李敖政论综艺集、第十九轮、closeout、节目访谈、第183集、英仁配、蔡英文、陈建仁、民进党、投机分子","public","新台湾加油","li-ao-zhenglun-zongyiji-169-predicts-tsai-ing-wen-will-win-as-new-style-opportunist-and-says-kmt-is-not-promising、li-ao-zhenglun-zongyiji-178-uses-cai-ingwen-2000-legislative-record-to-pin-her-to-unification-guidelines","","","","","","[]","data/timeline-events-li-ao-zhenglun-zongyiji.json","li-ao-zhenglun-zongyiji-183-praises-tsai-chen-ticket-as-tsai-sideline-old-dpp-opportunists","{""id"":""li-ao-zhenglun-zongyiji-183-praises-tsai-chen-ticket-as-tsai-sideline-old-dpp-opportunists"",""date"":""2015-11-19"",""year"":2015,""month"":11,""day"":19,""title"":""李敖称蔡英文用陈建仁是高招，因为她不动声色赶走民进党老投机分子"",""summary"":""他先说自己同蔡英文不认识，只记得蔡在立法院偷偷说佩服他；随后判断蔡英文进入民进党后把苏贞昌、谢长廷等第一代投机分子一个个赶走，陈建仁这类非老派民进党人能被她控制，正是她了不起之处。"",""category"":""media"",""source"":""《大李敖全集5.0》（wjm_tcy版）分章节/010.节目演讲类/012.李敖政论综艺集/183.20151119《新台湾加油》.txt"",""sourceLines"":[35,53],""lineCount"":185,""people"":[""李敖"",""廖筱君"",""蔡英文"",""陈建仁"",""苏贞昌"",""谢长廷"",""陈水扁"",""吕秀莲"",""陈菊""],""places"":[""台湾"",""立法院""],""works"":[""新台湾加油""],""tags"":[""李敖政论综艺集"",""第十九轮"",""closeout"",""节目访谈"",""第183集"",""英仁配"",""蔡英文"",""陈建仁"",""民进党"",""投机分子""],""crossReferences"":[""li-ao-zhenglun-zongyiji-169-predicts-tsai-ing-wen-will-win-as-new-style-opportunist-and-says-kmt-is-not-promising"",""li-ao-zhenglun-zongyiji-178-uses-cai-ingwen-2000-legislative-record-to-pin-her-to-unification-guidelines""],""view"":[""public""],""confidence"":""high"",""round"":""li-ao-zhenglun-zongyiji-round019-181-186-closeout"",""dataFile"":""data/timeline-events-li-ao-zhenglun-zongyiji.json""}"
"27346","2015","2015-11-20","2015年11月20日星期五","day","confirmed","李敖住院时陈文茜送来一盆花和卡片","《2015年11月》“一盆好花”写，2015年11月20日，李敖回忆自己在台北住院时，只有陈文茜送来一盆好花；陈文茜附卡写“修身养性，美女如云”。李敖又把这与香港演讲时林青霞送花相对照。","李敖、陈文茜、林青霞","台北","陈文茜、住院、送花、卡片","交游线、健康线、晚年线","虽千万人，李敖往矣","","虽千万人，李敖往矣","041.2015年11月","121","《大李敖全集5.0》（wjm_tcy版）分章节/005.诗集语录类/005.虽千万人，李敖往矣/041.2015年11月.txt","","[]","data/timeline-events-sui-qianwan-li-ao-wangyi.json","sui-qianwan-2015-11-20-chen-wenqian-sends-flower-and-card-during-hospitalization","{""id"":""sui-qianwan-2015-11-20-chen-wenqian-sends-flower-and-card-during-hospitalization"",""date"":""2015-11-20"",""displayDate"":""2015年11月20日星期五"",""datePrecision"":""day"",""title"":""李敖住院时陈文茜送来一盆花和卡片"",""summary"":""《2015年11月》“一盆好花”写，2015年11月20日，李敖回忆自己在台北住院时，只有陈文茜送来一盆好花；陈文茜附卡写“修身养性，美女如云”。李敖又把这与香港演讲时林青霞送花相对照。"",""view"":[""交游线"",""健康线"",""晚年线""],""tags"":[""陈文茜"",""住院"",""送花"",""卡片""],""people"":[""李敖"",""陈文茜"",""林青霞""],""places"":[""台北""],""works"":[""虽千万人，李敖往矣""],""certainty"":""confirmed"",""source"":{""book"":""虽千万人，李敖往矣"",""chapter"":""041.2015年11月"",""path"":""《大李敖全集5.0》（wjm_tcy版）分章节/005.诗集语录类/005.虽千万人，李敖往矣/041.2015年11月.txt"",""line"":121},""dataFile"":""data/timeline-events-sui-qianwan-li-ao-wangyi.json""}"
"27347","2015","2015-11-21","2015年11月21日星期六","day","confirmed","李敖观察病房窗户与每夜栖在窗外的孤鸟","《2015年11月》“孤鸽”写，2015年11月21日，李敖住在病房里端详建筑：狭长房间只有一面有窗，下排主窗封闭，上排副窗太高；窗外水泥框角每夜有一只孤鸟栖息。此条为病房日常观察。","李敖","台北","病房、窗户、住院、日常观察","健康线、日常线、晚年线","虽千万人，李敖往矣","","虽千万人，李敖往矣","041.2015年11月","127","《大李敖全集5.0》（wjm_tcy版）分章节/005.诗集语录类/005.虽千万人，李敖往矣/041.2015年11月.txt","","[]","data/timeline-events-sui-qianwan-li-ao-wangyi.json","sui-qianwan-2015-11-21-records-hospital-room-window-and-nightly-bird","{""id"":""sui-qianwan-2015-11-21-records-hospital-room-window-and-nightly-bird"",""date"":""2015-11-21"",""displayDate"":""2015年11月21日星期六"",""datePrecision"":""day"",""title"":""李敖观察病房窗户与每夜栖在窗外的孤鸟"",""summary"":""《2015年11月》“孤鸽”写，2015年11月21日，李敖住在病房里端详建筑：狭长房间只有一面有窗，下排主窗封闭，上排副窗太高；窗外水泥框角每夜有一只孤鸟栖息。此条为病房日常观察。"",""view"":[""健康线"",""日常线"",""晚年线""],""tags"":[""病房"",""窗户"",""住院"",""日常观察""],""people"":[""李敖""],""places"":[""台北""],""works"":[""虽千万人，李敖往矣""],""certainty"":""confirmed"",""source"":{""book"":""虽千万人，李敖往矣"",""chapter"":""041.2015年11月"",""path"":""《大李敖全集5.0》（wjm_tcy版）分章节/005.诗集语录类/005.虽千万人，李敖往矣/041.2015年11月.txt"",""line"":127},""dataFile"":""data/timeline-events-sui-qianwan-li-ao-wangyi.json""}"
"27348","2015","2015-11-27","2015年11月27日星期五","day","confirmed","李敖记录新书与电视被封，只剩微博一面，同时忙写数本大作","《2015年11月》“寿星老吃砒霜”写，李敖说在祖国不但不准出版新书，也不准上电视，其他封杀花样层出不穷，只在微博上网开一面；他并称自己正忙着写好几本“千秋大作”，即使微博再被封也悉听尊便。","李敖","中国大陆","出版受阻、电视封杀、微博、写作","审查线、写作线、晚年线","虽千万人，李敖往矣","","虽千万人，李敖往矣","041.2015年11月","157","《大李敖全集5.0》（wjm_tcy版）分章节/005.诗集语录类/005.虽千万人，李敖往矣/041.2015年11月.txt","","[]","data/timeline-events-sui-qianwan-li-ao-wangyi.json","sui-qianwan-2015-11-27-records-new-books-tv-banned-and-writing-several-works","{""id"":""sui-qianwan-2015-11-27-records-new-books-tv-banned-and-writing-several-works"",""date"":""2015-11-27"",""displayDate"":""2015年11月27日星期五"",""datePrecision"":""day"",""title"":""李敖记录新书与电视被封，只剩微博一面，同时忙写数本大作"",""summary"":""《2015年11月》“寿星老吃砒霜”写，李敖说在祖国不但不准出版新书，也不准上电视，其他封杀花样层出不穷，只在微博上网开一面；他并称自己正忙着写好几本“千秋大作”，即使微博再被封也悉听尊便。"",""view"":[""审查线"",""写作线"",""晚年线""],""tags"":[""出版受阻"",""电视封杀"",""微博"",""写作""],""people"":[""李敖""],""places"":[""中国大陆""],""works"":[""虽千万人，李敖往矣""],""certainty"":""confirmed"",""source"":{""book"":""虽千万人，李敖往矣"",""chapter"":""041.2015年11月"",""path"":""《大李敖全集5.0》（wjm_tcy版）分章节/005.诗集语录类/005.虽千万人，李敖往矣/041.2015年11月.txt"",""line"":157},""dataFile"":""data/timeline-events-sui-qianwan-li-ao-wangyi.json""}"
"27349","2015","2015-01-01","2015年","year","contextual","李敖在微博粉丝破千万后决定把“哈囉李敖”整理成《虽千万人，李敖往矣》足本","《“哈囉李敖”》写，到了“今年初”，李敖已凭140字短文积累上千万粉丝，于是决定把“哈囉李敖”中在大陆被拦截的内容恢复旧观，整理成足本《虽千万人，李敖往矣》。结合2015年4月新书发表报道，这条可作为他把微博短文体正式结集成书的晚年写作节点。","李敖","台北、大陆网络平台","哈囉李敖、虽千万人，李敖往矣、微博、粉丝破千万、2015年初","写作线、媒体线、晚年线","虽千万人，李敖往矣、李敖风流自传","li-ao-fangtanlu-2015-04-04-haixia-daobao-home-interview-before-80th-birthday","李敖风流自传","638.“哈囉李敖”","3","《大李敖全集5.0》（wjm_tcy版）分章节/001.自传回忆类/007.李敖风流自传/638.“哈囉李敖”.txt","外部日期校对 / 李敖推出两本新书庆祝80岁大寿 / line 1 / 说明：2015-04-24 报道确认《虽千万人，李敖往矣》与《李敖风流自传》同场作为80岁新书发布，可用来校定本章所称“今年初”已进入2015年出书阶段。 / https://hkcd.com/content/2015-04/24/content_925817.html || 虽千万人，李敖往矣 / 《虽千万人，李敖往矣》自序 / line 3 / 说明：李敖自序明说粉丝已千万，决定出版《虽千万人，李敖往矣》足本一书，欢庆80岁。 / 《大李敖全集5.0》（wjm_tcy版）分章节/005.诗集语录类/005.虽千万人，李敖往矣/《虽千万人，李敖往矣》自序.txt || 虽千万人，李敖往矣 / 《虽千万人，李敖往矣》自序 / line 5 / 说明：自序补充“哈囉李敖”开笔时已预告将来在岛上出未删完整版，现在完整版兑现。 / 《大李敖全集5.0》（wjm_tcy版）分章节/005.诗集语录类/005.虽千万人，李敖往矣/《虽千万人，李敖往矣》自序.txt || 虽千万人，李敖往矣 / 《虽千万人，李敖往矣》自序 / line 9 / 说明：自序概括每日一则、写了30个月，除了2012全年缺货外迄未小休。 / 《大李敖全集5.0》（wjm_tcy版）分章节/005.诗集语录类/005.虽千万人，李敖往矣/《虽千万人，李敖往矣》自序.txt || 虽千万人，李敖往矣 / 031.2015年1月 / line 91 / 说明：2015年1月14日“哈啰李敖”粉丝破千万，是“粉丝千万”里程碑的日级来源。 / 《大李敖全集5.0》（wjm_tcy版）分章节/005.诗集语录类/005.虽千万人，李敖往矣/031.2015年1月.txt || 虽千万人，李敖往矣 / 033.2015年3月 / line 25 / 说明：李敖明说55年来文字被两岸封杀，4年前由李戡点化开始140字微博；粉丝千万后决定出版《虽千万人，李敖往矣》足本欢庆80岁。 / 《大李敖全集5.0》（wjm_tcy版）分章节/005.诗集语录类/005.虽千万人，李敖往矣/033.2015年3月.txt || 虽千万人，李敖往矣 / 033.2015年3月 / line 29 / 说明：李敖说明开笔时预告的岛上未删完整版已经兑现。 / 《大李敖全集5.0》（wjm_tcy版）分章节/005.诗集语录类/005.虽千万人，李敖往矣/033.2015年3月.txt || 李敖访谈录1990-2018 / 071.20150407《海峡导报》专访李敖 / line 49 / 说明：《海峡导报》访问中，李敖说4月25日80岁生日正出《虽千万人，李敖往矣》，并说明微博粉丝已过千万。 / 《大李敖全集5.0》（wjm_tcy版）分章节/007.采访序跋类/005.李敖访谈录1990-2018/071.20150407《海峡导报》专访李敖.txt","[{""book"":""外部日期校对"",""chapter"":""李敖推出两本新书庆祝80岁大寿"",""path"":""https://hkcd.com/content/2015-04/24/content_925817.html"",""line"":1,""note"":""2015-04-24 报道确认《虽千万人，李敖往矣》与《李敖风流自传》同场作为80岁新书发布，可用来校定本章所称“今年初”已进入2015年出书阶段。""},{""book"":""虽千万人，李敖往矣"",""chapter"":""《虽千万人，李敖往矣》自序"",""path"":""《大李敖全集5.0》（wjm_tcy版）分章节/005.诗集语录类/005.虽千万人，李敖往矣/《虽千万人，李敖往矣》自序.txt"",""line"":3,""note"":""李敖自序明说粉丝已千万，决定出版《虽千万人，李敖往矣》足本一书，欢庆80岁。""},{""book"":""虽千万人，李敖往矣"",""chapter"":""《虽千万人，李敖往矣》自序"",""path"":""《大李敖全集5.0》（wjm_tcy版）分章节/005.诗集语录类/005.虽千万人，李敖往矣/《虽千万人，李敖往矣》自序.txt"",""line"":5,""note"":""自序补充“哈囉李敖”开笔时已预告将来在岛上出未删完整版，现在完整版兑现。""},{""book"":""虽千万人，李敖往矣"",""chapter"":""《虽千万人，李敖往矣》自序"",""path"":""《大李敖全集5.0》（wjm_tcy版）分章节/005.诗集语录类/005.虽千万人，李敖往矣/《虽千万人，李敖往矣》自序.txt"",""line"":9,""note"":""自序概括每日一则、写了30个月，除了2012全年缺货外迄未小休。""},{""book"":""虽千万人，李敖往矣"",""chapter"":""031.2015年1月"",""path"":""《大李敖全集5.0》（wjm_tcy版）分章节/005.诗集语录类/005.虽千万人，李敖往矣/031.2015年1月.txt"",""line"":91,""note"":""2015年1月14日“哈啰李敖”粉丝破千万，是“粉丝千万”里程碑的日级来源。""},{""book"":""虽千万人，李敖往矣"",""chapter"":""033.2015年3月"",""path"":""《大李敖全集5.0》（wjm_tcy版）分章节/005.诗集语录类/005.虽千万人，李敖往矣/033.2015年3月.txt"",""line"":25,""note"":""李敖明说55年来文字被两岸封杀，4年前由李戡点化开始140字微博；粉丝千万后决定出版《虽千万人，李敖往矣》足本欢庆80岁。""},{""book"":""虽千万人，李敖往矣"",""chapter"":""033.2015年3月"",""path"":""《大李敖全集5.0》（wjm_tcy版）分章节/005.诗集语录类/005.虽千万人，李敖往矣/033.2015年3月.txt"",""line"":29,""note"":""李敖说明开笔时预告的岛上未删完整版已经兑现。""},{""book"":""李敖访谈录1990-2018"",""chapter"":""071.20150407《海峡导报》专访李敖"",""path"":""《大李敖全集5.0》（wjm_tcy版）分章节/007.采访序跋类/005.李敖访谈录1990-2018/071.20150407《海峡导报》专访李敖.txt"",""line"":49,""lines"":[45,47,49],""note"":""《海峡导报》访问中，李敖说4月25日80岁生日正出《虽千万人，李敖往矣》，并说明微博粉丝已过千万。""}]","data/timeline-events-seventh-book.json","book7-2015-early-turns-hello-li-ao-into-full-book-though-ten-million-followers-milestone","{""id"":""book7-2015-early-turns-hello-li-ao-into-full-book-though-ten-million-followers-milestone"",""date"":""2015-01-01"",""displayDate"":""2015年"",""datePrecision"":""year"",""title"":""李敖在微博粉丝破千万后决定把“哈囉李敖”整理成《虽千万人，李敖往矣》足本"",""summary"":""《“哈囉李敖”》写，到了“今年初”，李敖已凭140字短文积累上千万粉丝，于是决定把“哈囉李敖”中在大陆被拦截的内容恢复旧观，整理成足本《虽千万人，李敖往矣》。结合2015年4月新书发表报道，这条可作为他把微博短文体正式结集成书的晚年写作节点。"",""view"":[""写作线"",""媒体线"",""晚年线""],""tags"":[""哈囉李敖"",""虽千万人，李敖往矣"",""微博"",""粉丝破千万"",""2015年初""],""people"":[""李敖""],""places"":[""台北"",""大陆网络平台""],""works"":[""虽千万人，李敖往矣"",""李敖风流自传""],""certainty"":""contextual"",""source"":{""book"":""李敖风流自传"",""chapter"":""638.“哈囉李敖”"",""path"":""《大李敖全集5.0》（wjm_tcy版）分章节/001.自传回忆类/007.李敖风流自传/638.“哈囉李敖”.txt"",""line"":3},""additionalSources"":[{""book"":""外部日期校对"",""chapter"":""李敖推出两本新书庆祝80岁大寿"",""path"":""https://hkcd.com/content/2015-04/24/content_925817.html"",""line"":1,""note"":""2015-04-24 报道确认《虽千万人，李敖往矣》与《李敖风流自传》同场作为80岁新书发布，可用来校定本章所称“今年初”已进入2015年出书阶段。""},{""book"":""虽千万人，李敖往矣"",""chapter"":""《虽千万人，李敖往矣》自序"",""path"":""《大李敖全集5.0》（wjm_tcy版）分章节/005.诗集语录类/005.虽千万人，李敖往矣/《虽千万人，李敖往矣》自序.txt"",""line"":3,""note"":""李敖自序明说粉丝已千万，决定出版《虽千万人，李敖往矣》足本一书，欢庆80岁。""},{""book"":""虽千万人，李敖往矣"",""chapter"":""《虽千万人，李敖往矣》自序"",""path"":""《大李敖全集5.0》（wjm_tcy版）分章节/005.诗集语录类/005.虽千万人，李敖往矣/《虽千万人，李敖往矣》自序.txt"",""line"":5,""note"":""自序补充“哈囉李敖”开笔时已预告将来在岛上出未删完整版，现在完整版兑现。""},{""book"":""虽千万人，李敖往矣"",""chapter"":""《虽千万人，李敖往矣》自序"",""path"":""《大李敖全集5.0》（wjm_tcy版）分章节/005.诗集语录类/005.虽千万人，李敖往矣/《虽千万人，李敖往矣》自序.txt"",""line"":9,""note"":""自序概括每日一则、写了30个月，除了2012全年缺货外迄未小休。""},{""book"":""虽千万人，李敖往矣"",""chapter"":""031.2015年1月"",""path"":""《大李敖全集5.0》（wjm_tcy版）分章节/005.诗集语录类/005.虽千万人，李敖往矣/031.2015年1月.txt"",""line"":91,""note"":""2015年1月14日“哈啰李敖”粉丝破千万，是“粉丝千万”里程碑的日级来源。""},{""book"":""虽千万人，李敖往矣"",""chapter"":""033.2015年3月"",""path"":""《大李敖全集5.0》（wjm_tcy版）分章节/005.诗集语录类/005.虽千万人，李敖往矣/033.2015年3月.txt"",""line"":25,""note"":""李敖明说55年来文字被两岸封杀，4年前由李戡点化开始140字微博；粉丝千万后决定出版《虽千万人，李敖往矣》足本欢庆80岁。""},{""book"":""虽千万人，李敖往矣"",""chapter"":""033.2015年3月"",""path"":""《大李敖全集5.0》（wjm_tcy版）分章节/005.诗集语录类/005.虽千万人，李敖往矣/033.2015年3月.txt"",""line"":29,""note"":""李敖说明开笔时预告的岛上未删完整版已经兑现。""},{""book"":""李敖访谈录1990-2018"",""chapter"":""071.20150407《海峡导报》专访李敖"",""path"":""《大李敖全集5.0》（wjm_tcy版）分章节/007.采访序跋类/005.李敖访谈录1990-2018/071.20150407《海峡导报》专访李敖.txt"",""line"":49,""lines"":[45,47,49],""note"":""《海峡导报》访问中，李敖说4月25日80岁生日正出《虽千万人，李敖往矣》，并说明微博粉丝已过千万。""}],""crossReferences"":[""li-ao-fangtanlu-2015-04-04-haixia-daobao-home-interview-before-80th-birthday""],""dataFile"":""data/timeline-events-seventh-book.json""}"
"27350","2015","2015-10-31","2015年10月31日星期六前后","day-range","confirmed","李敖清早被救护车送急诊，照MRI后住院一周","《2015年11月》“10月31日”写，2015年10月31日清早，李敖在救护车中短暂醒来，说了一句“今天闯红灯过瘾”；抵达急诊室后，他与护士开玩笑，再醒时已经在照MRI。11月14日“住院7天”又补明，他从10月31日到11月7日住蒋家荣民医院一周，并说自己一年住院四次。","李敖","蒋家荣民医院、台湾","急诊、救护车、MRI、住院、荣民医院","健康线、晚年线","虽千万人，李敖往矣","","虽千万人，李敖往矣","041.2015年11月","49","《大李敖全集5.0》（wjm_tcy版）分章节/005.诗集语录类/005.虽千万人，李敖往矣/041.2015年11月.txt","虽千万人，李敖往矣 / 041.2015年11月 / line 85 / 说明：11月14日补明住院日期为10月31日至11月7日，住院一周。 / 《大李敖全集5.0》（wjm_tcy版）分章节/005.诗集语录类/005.虽千万人，李敖往矣/041.2015年11月.txt","[{""book"":""虽千万人，李敖往矣"",""chapter"":""041.2015年11月"",""path"":""《大李敖全集5.0》（wjm_tcy版）分章节/005.诗集语录类/005.虽千万人，李敖往矣/041.2015年11月.txt"",""line"":85,""note"":""11月14日补明住院日期为10月31日至11月7日，住院一周。""}]","data/timeline-events-sui-qianwan-li-ao-wangyi.json","sui-qianwan-2015-10-31-ambulance-mri-and-weeklong-hospitalization","{""id"":""sui-qianwan-2015-10-31-ambulance-mri-and-weeklong-hospitalization"",""date"":""2015-10-31"",""displayDate"":""2015年10月31日星期六前后"",""datePrecision"":""day-range"",""title"":""李敖清早被救护车送急诊，照MRI后住院一周"",""summary"":""《2015年11月》“10月31日”写，2015年10月31日清早，李敖在救护车中短暂醒来，说了一句“今天闯红灯过瘾”；抵达急诊室后，他与护士开玩笑，再醒时已经在照MRI。11月14日“住院7天”又补明，他从10月31日到11月7日住蒋家荣民医院一周，并说自己一年住院四次。"",""view"":[""健康线"",""晚年线""],""tags"":[""急诊"",""救护车"",""MRI"",""住院"",""荣民医院""],""people"":[""李敖""],""places"":[""蒋家荣民医院"",""台湾""],""works"":[""虽千万人，李敖往矣""],""certainty"":""confirmed"",""source"":{""book"":""虽千万人，李敖往矣"",""chapter"":""041.2015年11月"",""path"":""《大李敖全集5.0》（wjm_tcy版）分章节/005.诗集语录类/005.虽千万人，李敖往矣/041.2015年11月.txt"",""line"":49},""additionalSources"":[{""book"":""虽千万人，李敖往矣"",""chapter"":""041.2015年11月"",""path"":""《大李敖全集5.0》（wjm_tcy版）分章节/005.诗集语录类/005.虽千万人，李敖往矣/041.2015年11月.txt"",""line"":85,""note"":""11月14日补明住院日期为10月31日至11月7日，住院一周。""}],""dataFile"":""data/timeline-events-sui-qianwan-li-ao-wangyi.json""}"
"27351","2015","2015-12-01","2015年12月前后","month-range","contextual","李敖在微博中辍五个月期间写成《李敖谈艺录》","《2016年5月》5月1日写，李敖七老八十之际住医院四次，每天140字发文因此中辍；他“逍遥了5个月”，写了一本《李敖谈艺录》，自称“不虚此病”。本条据5月1日复更说明，暂系于2015年12月至2016年4月间。","李敖","台湾","李敖谈艺录、微博中辍、住院、写书","写作线、健康线、晚年线","李敖谈艺录、虽千万人，李敖往矣、哈囉李敖","","虽千万人，李敖往矣","042.2016年5月","5","《大李敖全集5.0》（wjm_tcy版）分章节/005.诗集语录类/005.虽千万人，李敖往矣/042.2016年5月.txt","","[]","data/timeline-events-sui-qianwan-li-ao-wangyi.json","sui-qianwan-2015-12-2016-04-writes-li-ao-tan-yilu-during-weibo-hiatus","{""id"":""sui-qianwan-2015-12-2016-04-writes-li-ao-tan-yilu-during-weibo-hiatus"",""date"":""2015-12-01"",""displayDate"":""2015年12月前后"",""datePrecision"":""month-range"",""title"":""李敖在微博中辍五个月期间写成《李敖谈艺录》"",""summary"":""《2016年5月》5月1日写，李敖七老八十之际住医院四次，每天140字发文因此中辍；他“逍遥了5个月”，写了一本《李敖谈艺录》，自称“不虚此病”。本条据5月1日复更说明，暂系于2015年12月至2016年4月间。"",""view"":[""写作线"",""健康线"",""晚年线""],""tags"":[""李敖谈艺录"",""微博中辍"",""住院"",""写书""],""people"":[""李敖""],""places"":[""台湾""],""works"":[""李敖谈艺录"",""虽千万人，李敖往矣"",""哈囉李敖""],""certainty"":""contextual"",""source"":{""book"":""虽千万人，李敖往矣"",""chapter"":""042.2016年5月"",""path"":""《大李敖全集5.0》（wjm_tcy版）分章节/005.诗集语录类/005.虽千万人，李敖往矣/042.2016年5月.txt"",""line"":5},""dataFile"":""data/timeline-events-sui-qianwan-li-ao-wangyi.json""}"
"27352","2016","2016-05-01","2016年5月1日星期日","day","confirmed","停更半年后重新更新微博","《李敖五十年表》记，2016年5月1日，李敖断了半年的微博又开始更新。这条与2011年开通微博、2013年重新发微博的节点相连，补出了他晚年网络传播节奏中的又一次回返。","李敖","中国大陆","新浪微博、恢复更新、网络传播","网络线、媒体线、生平线","新浪微博、李敖相关","","李敖相关","001.李敖五十年表","189","《大李敖全集5.0》（wjm_tcy版）分章节/001.自传回忆类/008.李敖相关/001.李敖五十年表.txt","虽千万人，李敖往矣 / 042.2016年5月 / line 5 / 说明：2016年5月1日李敖自述因七老八十、住院四次而中辍每日140字，五个月后仍想恢复书写。 / 《大李敖全集5.0》（wjm_tcy版）分章节/005.诗集语录类/005.虽千万人，李敖往矣/042.2016年5月.txt","[{""book"":""虽千万人，李敖往矣"",""chapter"":""042.2016年5月"",""path"":""《大李敖全集5.0》（wjm_tcy版）分章节/005.诗集语录类/005.虽千万人，李敖往矣/042.2016年5月.txt"",""line"":5,""note"":""2016年5月1日李敖自述因七老八十、住院四次而中辍每日140字，五个月后仍想恢复书写。""}]","data/timeline-events-eighth-book.json","book8-2016-05-01-resumes-weibo-after-half-year-break","{""id"":""book8-2016-05-01-resumes-weibo-after-half-year-break"",""date"":""2016-05-01"",""displayDate"":""2016年5月1日星期日"",""datePrecision"":""day"",""title"":""停更半年后重新更新微博"",""summary"":""《李敖五十年表》记，2016年5月1日，李敖断了半年的微博又开始更新。这条与2011年开通微博、2013年重新发微博的节点相连，补出了他晚年网络传播节奏中的又一次回返。"",""view"":[""网络线"",""媒体线"",""生平线""],""tags"":[""新浪微博"",""恢复更新"",""网络传播""],""people"":[""李敖""],""places"":[""中国大陆""],""works"":[""新浪微博"",""李敖相关""],""certainty"":""confirmed"",""source"":{""book"":""李敖相关"",""chapter"":""001.李敖五十年表"",""path"":""《大李敖全集5.0》（wjm_tcy版）分章节/001.自传回忆类/008.李敖相关/001.李敖五十年表.txt"",""line"":189},""additionalSources"":[{""book"":""虽千万人，李敖往矣"",""chapter"":""042.2016年5月"",""path"":""《大李敖全集5.0》（wjm_tcy版）分章节/005.诗集语录类/005.虽千万人，李敖往矣/042.2016年5月.txt"",""line"":5,""note"":""2016年5月1日李敖自述因七老八十、住院四次而中辍每日140字，五个月后仍想恢复书写。""}],""dataFile"":""data/timeline-events-eighth-book.json""}"
"27353","2016","2016-05-17","2016-05-17","day","","李敖在五二〇前夕预言马英九会坐牢，并把富邦、党产和大巨蛋都纳入案源","他说自己是台湾节目中第一个预言马英九会坐进陈水扁牢房的人，理由从台北银行廉价卖给富邦、四十四户房产折算损失，到党产从九一八亿变一六六亿，再到大巨蛋、美河市和马王政争案，形成卸任后的官司链。","李敖、廖筱君、马英九、陈水扁、李登辉、连战、刘泰英、张荣发","台湾、台北","李敖政论综艺集、第十九轮、closeout、节目访谈、第184集、马英九、富邦案、党产、五二〇、坐牢","public","新台湾加油、贪污治罪条例","li-ao-zhenglun-zongyiji-168-lists-party-assets-and-fubon-mei-heshi-five-cases-against-ma-clean-image、li-ao-zhenglun-zongyiji-150-attacks-ma-cleanness-through-kmt-party-assets-cbc-land-and-492000-party-money","","","","","","[]","data/timeline-events-li-ao-zhenglun-zongyiji.json","li-ao-zhenglun-zongyiji-184-predicts-ma-will-face-prison-after-520-through-fubon-party-assets-and-old-cases","{""id"":""li-ao-zhenglun-zongyiji-184-predicts-ma-will-face-prison-after-520-through-fubon-party-assets-and-old-cases"",""date"":""2016-05-17"",""year"":2016,""month"":5,""day"":17,""title"":""李敖在五二〇前夕预言马英九会坐牢，并把富邦、党产和大巨蛋都纳入案源"",""summary"":""他说自己是台湾节目中第一个预言马英九会坐进陈水扁牢房的人，理由从台北银行廉价卖给富邦、四十四户房产折算损失，到党产从九一八亿变一六六亿，再到大巨蛋、美河市和马王政争案，形成卸任后的官司链。"",""category"":""media"",""source"":""《大李敖全集5.0》（wjm_tcy版）分章节/010.节目演讲类/012.李敖政论综艺集/184.20160517《新台湾加油》.txt"",""sourceLines"":[9,33],""lineCount"":231,""people"":[""李敖"",""廖筱君"",""马英九"",""陈水扁"",""李登辉"",""连战"",""刘泰英"",""张荣发""],""places"":[""台湾"",""台北""],""works"":[""新台湾加油"",""贪污治罪条例""],""tags"":[""李敖政论综艺集"",""第十九轮"",""closeout"",""节目访谈"",""第184集"",""马英九"",""富邦案"",""党产"",""五二〇"",""坐牢""],""crossReferences"":[""li-ao-zhenglun-zongyiji-168-lists-party-assets-and-fubon-mei-heshi-five-cases-against-ma-clean-image"",""li-ao-zhenglun-zongyiji-150-attacks-ma-cleanness-through-kmt-party-assets-cbc-land-and-492000-party-money""],""view"":[""public""],""confidence"":""high"",""round"":""li-ao-zhenglun-zongyiji-round019-181-186-closeout"",""dataFile"":""data/timeline-events-li-ao-zhenglun-zongyiji.json""}"
"27354","2016","2016-05-17","2016-05-17","day","","李敖把林锡山案外泄说成检调自走炮，并怀疑王金平卷入说是斗臭操作","他认为台湾司法系统常常像自走炮，最高法院审判人不明、法官重复更审等都违法却无人管；林锡山案若真能打中王金平，马英九早在马王政争时就会用，因此现在更像检调、调查局或某种势力释放消息来斗臭王金平。","李敖、廖筱君、林锡山、王金平、马英九、华定国","台湾","李敖政论综艺集、第十九轮、closeout、节目访谈、第184集、司法、检调、林锡山案、王金平、马王政争","public","新台湾加油","li-ao-zhenglun-zongyiji-162-tells-wang-to-admit-lobbying-as-political-friendship-for-legislative-operation","","","","","","[]","data/timeline-events-li-ao-zhenglun-zongyiji.json","li-ao-zhenglun-zongyiji-184-describes-judicial-investigation-as-self-propelled-gun-and-doubts-wang-in-lin-xishan-case","{""id"":""li-ao-zhenglun-zongyiji-184-describes-judicial-investigation-as-self-propelled-gun-and-doubts-wang-in-lin-xishan-case"",""date"":""2016-05-17"",""year"":2016,""month"":5,""day"":17,""title"":""李敖把林锡山案外泄说成检调自走炮，并怀疑王金平卷入说是斗臭操作"",""summary"":""他认为台湾司法系统常常像自走炮，最高法院审判人不明、法官重复更审等都违法却无人管；林锡山案若真能打中王金平，马英九早在马王政争时就会用，因此现在更像检调、调查局或某种势力释放消息来斗臭王金平。"",""category"":""media"",""source"":""《大李敖全集5.0》（wjm_tcy版）分章节/010.节目演讲类/012.李敖政论综艺集/184.20160517《新台湾加油》.txt"",""sourceLines"":[99,133],""lineCount"":231,""people"":[""李敖"",""廖筱君"",""林锡山"",""王金平"",""马英九"",""华定国""],""places"":[""台湾""],""works"":[""新台湾加油""],""tags"":[""李敖政论综艺集"",""第十九轮"",""closeout"",""节目访谈"",""第184集"",""司法"",""检调"",""林锡山案"",""王金平"",""马王政争""],""crossReferences"":[""li-ao-zhenglun-zongyiji-162-tells-wang-to-admit-lobbying-as-political-friendship-for-legislative-operation""],""view"":[""public""],""confidence"":""high"",""round"":""li-ao-zhenglun-zongyiji-round019-181-186-closeout"",""dataFile"":""data/timeline-events-li-ao-zhenglun-zongyiji.json""}"
"27355","2016","2016-05-17","2016-05-17","day","","李敖说蔡英文当家方知柴米贵，并把宪法大陆地区、假统派和三千二百亿国防预算合并批判","他用猪八戒当家方知柴米贵形容蔡英文上台后的困难，指出宪法增修条文写自由地区与大陆地区，台湾习惯称大陆为中国反而违反宪法；洪秀柱以下相信中华民国的都是假统派，而中华民国已亡国的旧框架又让台湾每年花三千二百亿养军队。","李敖、廖筱君、蔡英文、洪秀柱、蒋介石、郭国基、陈诚","台湾、大陆、非洲","李敖政论综艺集、第十九轮、closeout、节目访谈、第184集、蔡英文、中华民国宪法、大陆地区、假统派、国防预算","public","新台湾加油、中华民国宪法","li-ao-zhenglun-zongyiji-166-says-chiang-admitted-roc-death-and-both-counterattack-and-independence-dreams-broke、li-ao-zhenglun-zongyiji-144-states-two-sides-one-china-follows-constitution-while-roc-already-died","","","","","","[]","data/timeline-events-li-ao-zhenglun-zongyiji.json","li-ao-zhenglun-zongyiji-184-calls-tsai-household-hard-to-manage-and-condenses-constitutional-one-china-false-unification-and-defense-budget","{""id"":""li-ao-zhenglun-zongyiji-184-calls-tsai-household-hard-to-manage-and-condenses-constitutional-one-china-false-unification-and-defense-budget"",""date"":""2016-05-17"",""year"":2016,""month"":5,""day"":17,""title"":""李敖说蔡英文当家方知柴米贵，并把宪法大陆地区、假统派和三千二百亿国防预算合并批判"",""summary"":""他用猪八戒当家方知柴米贵形容蔡英文上台后的困难，指出宪法增修条文写自由地区与大陆地区，台湾习惯称大陆为中国反而违反宪法；洪秀柱以下相信中华民国的都是假统派，而中华民国已亡国的旧框架又让台湾每年花三千二百亿养军队。"",""category"":""media"",""source"":""《大李敖全集5.0》（wjm_tcy版）分章节/010.节目演讲类/012.李敖政论综艺集/184.20160517《新台湾加油》.txt"",""sourceLines"":[153,165],""lineCount"":231,""people"":[""李敖"",""廖筱君"",""蔡英文"",""洪秀柱"",""蒋介石"",""郭国基"",""陈诚""],""places"":[""台湾"",""大陆"",""非洲""],""works"":[""新台湾加油"",""中华民国宪法""],""tags"":[""李敖政论综艺集"",""第十九轮"",""closeout"",""节目访谈"",""第184集"",""蔡英文"",""中华民国宪法"",""大陆地区"",""假统派"",""国防预算""],""crossReferences"":[""li-ao-zhenglun-zongyiji-166-says-chiang-admitted-roc-death-and-both-counterattack-and-independence-dreams-broke"",""li-ao-zhenglun-zongyiji-144-states-two-sides-one-china-follows-constitution-while-roc-already-died""],""view"":[""public""],""confidence"":""high"",""round"":""li-ao-zhenglun-zongyiji-round019-181-186-closeout"",""dataFile"":""data/timeline-events-li-ao-zhenglun-zongyiji.json""}"
"27356","2016","2016-05-17","2016-05-17","day","","李敖重述质询李大维：台湾若三天成废墟，美国就不会来","他回忆在立法院问李大维，美国救台前提是台湾守住第一波，李大维说希望守十四天；李敖判断台湾三天就会因跑道被炸而垮，追问若台湾成废墟美国还来不来，李大维回答不来，于是李敖说质询完毕，并接到钱复四十次、沈剑虹五十二次美国保证失信。","李敖、廖筱君、李大维、林中斌、钱复、沈剑虹、宋楚瑜、蔡英文","台湾、美国","李敖政论综艺集、第十九轮、closeout、节目访谈、第184集、李大维、十四天、美国不来、台湾废墟、美国不可靠","public","新台湾加油、钱复回忆录、沈剑虹回忆录","li-ao-zhenglun-zongyiji-078-uses-us-defense-data-to-refute-li-jie-fourteen-days、li-ao-zhenglun-zongyiji-076-argues-taiwan-becomes-ruins-before-us-arrives","","","","","","[]","data/timeline-events-li-ao-zhenglun-zongyiji.json","li-ao-zhenglun-zongyiji-184-uses-li-dawei-fourteen-days-record-to-say-us-will-not-come-after-taiwan-becomes-ruins","{""id"":""li-ao-zhenglun-zongyiji-184-uses-li-dawei-fourteen-days-record-to-say-us-will-not-come-after-taiwan-becomes-ruins"",""date"":""2016-05-17"",""year"":2016,""month"":5,""day"":17,""title"":""李敖重述质询李大维：台湾若三天成废墟，美国就不会来"",""summary"":""他回忆在立法院问李大维，美国救台前提是台湾守住第一波，李大维说希望守十四天；李敖判断台湾三天就会因跑道被炸而垮，追问若台湾成废墟美国还来不来，李大维回答不来，于是李敖说质询完毕，并接到钱复四十次、沈剑虹五十二次美国保证失信。"",""category"":""media"",""source"":""《大李敖全集5.0》（wjm_tcy版）分章节/010.节目演讲类/012.李敖政论综艺集/184.20160517《新台湾加油》.txt"",""sourceLines"":[209,221],""lineCount"":231,""people"":[""李敖"",""廖筱君"",""李大维"",""林中斌"",""钱复"",""沈剑虹"",""宋楚瑜"",""蔡英文""],""places"":[""台湾"",""美国""],""works"":[""新台湾加油"",""钱复回忆录"",""沈剑虹回忆录""],""tags"":[""李敖政论综艺集"",""第十九轮"",""closeout"",""节目访谈"",""第184集"",""李大维"",""十四天"",""美国不来"",""台湾废墟"",""美国不可靠""],""crossReferences"":[""li-ao-zhenglun-zongyiji-078-uses-us-defense-data-to-refute-li-jie-fourteen-days"",""li-ao-zhenglun-zongyiji-076-argues-taiwan-becomes-ruins-before-us-arrives""],""view"":[""public""],""confidence"":""high"",""round"":""li-ao-zhenglun-zongyiji-round019-181-186-closeout"",""dataFile"":""data/timeline-events-li-ao-zhenglun-zongyiji.json""}"
"27357","2016","2016-05-17","2016-05-17","day","","李敖借肯亚诈骗犯和九二共识追问民进党敢不敢真正革命","节目谈到肯亚诈骗犯送北京，李敖说若民进党是革命团体，就该废旧宪法、推翻中华民国和青天白日旗，问题不是台独，而是敢不敢台独；随后他把九二共识追到二〇〇〇年四月苏起在陈水扁时代提出，认为共产党接受后台湾又否认，当然会翻脸。","李敖、廖筱君、陈水扁、苏起、蒋介石、谢聪敏","台湾、北京、肯亚、大陆","李敖政论综艺集、第十九轮、closeout、节目访谈、第184集、肯亚诈骗案、台独、中华民国、九二共识、苏起","public","新台湾加油","li-ao-zhenglun-zongyiji-177-traces-1992-consensus-to-su-chi-chen-and-tsai-mutual-cover、li-ao-zhenglun-zongyiji-178-uses-cai-ingwen-2000-legislative-record-to-pin-her-to-unification-guidelines","","","","","","[]","data/timeline-events-li-ao-zhenglun-zongyiji.json","li-ao-zhenglun-zongyiji-184-dares-dpp-to-revolutionize-roc-frame-and-ties-kenya-case-to-1992-consensus-origin","{""id"":""li-ao-zhenglun-zongyiji-184-dares-dpp-to-revolutionize-roc-frame-and-ties-kenya-case-to-1992-consensus-origin"",""date"":""2016-05-17"",""year"":2016,""month"":5,""day"":17,""title"":""李敖借肯亚诈骗犯和九二共识追问民进党敢不敢真正革命"",""summary"":""节目谈到肯亚诈骗犯送北京，李敖说若民进党是革命团体，就该废旧宪法、推翻中华民国和青天白日旗，问题不是台独，而是敢不敢台独；随后他把九二共识追到二〇〇〇年四月苏起在陈水扁时代提出，认为共产党接受后台湾又否认，当然会翻脸。"",""category"":""media"",""source"":""《大李敖全集5.0》（wjm_tcy版）分章节/010.节目演讲类/012.李敖政论综艺集/184.20160517《新台湾加油》.txt"",""sourceLines"":[65,97],""lineCount"":231,""people"":[""李敖"",""廖筱君"",""陈水扁"",""苏起"",""蒋介石"",""谢聪敏""],""places"":[""台湾"",""北京"",""肯亚"",""大陆""],""works"":[""新台湾加油""],""tags"":[""李敖政论综艺集"",""第十九轮"",""closeout"",""节目访谈"",""第184集"",""肯亚诈骗案"",""台独"",""中华民国"",""九二共识"",""苏起""],""crossReferences"":[""li-ao-zhenglun-zongyiji-177-traces-1992-consensus-to-su-chi-chen-and-tsai-mutual-cover"",""li-ao-zhenglun-zongyiji-178-uses-cai-ingwen-2000-legislative-record-to-pin-her-to-unification-guidelines""],""view"":[""public""],""confidence"":""high"",""round"":""li-ao-zhenglun-zongyiji-round019-181-186-closeout"",""dataFile"":""data/timeline-events-li-ao-zhenglun-zongyiji.json""}"
"27358","2016","2016-05-17","2016-05-17","day","","李敖赞成限制马英九出境，并把他重新定位为亲美亲日而非亲中","被问是否会制造对立时，李敖说赞成限制马英九出境，因为他可能有逃亡之意，且父亲、女婿、绿卡和美国包庇都使身份不明；他进一步说马英九没有资格亲中，真正是亲美、亲日，海啸后带头给日本捐六十六亿台币就是例子。","李敖、廖筱君、马英九、蔡英文、薛石民","台湾、美国、日本、大陆","李敖政论综艺集、第十九轮、closeout、节目访谈、第184集、限制出境、马英九、亲美、亲日、绿卡","public","新台湾加油","li-ao-zhenglun-zongyiji-163-denies-ma-clean-image-through-party-assets-and-campaign-money","","","","","","[]","data/timeline-events-li-ao-zhenglun-zongyiji.json","li-ao-zhenglun-zongyiji-184-supports-restricting-ma-exit-and-recasts-him-as-pro-american-pro-japanese-not-pro-china","{""id"":""li-ao-zhenglun-zongyiji-184-supports-restricting-ma-exit-and-recasts-him-as-pro-american-pro-japanese-not-pro-china"",""date"":""2016-05-17"",""year"":2016,""month"":5,""day"":17,""title"":""李敖赞成限制马英九出境，并把他重新定位为亲美亲日而非亲中"",""summary"":""被问是否会制造对立时，李敖说赞成限制马英九出境，因为他可能有逃亡之意，且父亲、女婿、绿卡和美国包庇都使身份不明；他进一步说马英九没有资格亲中，真正是亲美、亲日，海啸后带头给日本捐六十六亿台币就是例子。"",""category"":""media"",""source"":""《大李敖全集5.0》（wjm_tcy版）分章节/010.节目演讲类/012.李敖政论综艺集/184.20160517《新台湾加油》.txt"",""sourceLines"":[45,65],""lineCount"":231,""people"":[""李敖"",""廖筱君"",""马英九"",""蔡英文"",""薛石民""],""places"":[""台湾"",""美国"",""日本"",""大陆""],""works"":[""新台湾加油""],""tags"":[""李敖政论综艺集"",""第十九轮"",""closeout"",""节目访谈"",""第184集"",""限制出境"",""马英九"",""亲美"",""亲日"",""绿卡""],""crossReferences"":[""li-ao-zhenglun-zongyiji-163-denies-ma-clean-image-through-party-assets-and-campaign-money""],""view"":[""public""],""confidence"":""high"",""round"":""li-ao-zhenglun-zongyiji-round019-181-186-closeout"",""dataFile"":""data/timeline-events-li-ao-zhenglun-zongyiji.json""}"
"27359","2016","2016-05-17","2016-05-17","day","","李敖警告蔡英文自造潜舰政策既造不出来，也会因掐大陆石油命脉而挑衅","谈蔡英文影子内阁国防部长冯世宽的潜舰政策时，他说台湾连汽车都造不出来，更造不了高度机密的潜艇；又回忆质询李杰时，李杰承认潜艇用途是剪断大陆从新加坡到上海的石油线，李敖据此判断这会逼大陆拼命。","李敖、廖筱君、蔡英文、冯世宽、李杰","台湾、美国、大陆、新加坡、上海","李敖政论综艺集、第十九轮、closeout、节目访谈、第184集、潜水艇、冯世宽、李杰、国防政策、军购","public","新台湾加油","li-ao-zhenglun-zongyiji-077-says-submarines-could-provoke-preemptive-mainland-attack、li-ao-zhenglun-zongyiji-077-warns-initial-arms-budget-is-head-passing-then-body-follows","","","","","","[]","data/timeline-events-li-ao-zhenglun-zongyiji.json","li-ao-zhenglun-zongyiji-184-warns-tsai-submarine-policy-is-unbuildable-and-would-provoke-mainland","{""id"":""li-ao-zhenglun-zongyiji-184-warns-tsai-submarine-policy-is-unbuildable-and-would-provoke-mainland"",""date"":""2016-05-17"",""year"":2016,""month"":5,""day"":17,""title"":""李敖警告蔡英文自造潜舰政策既造不出来，也会因掐大陆石油命脉而挑衅"",""summary"":""谈蔡英文影子内阁国防部长冯世宽的潜舰政策时，他说台湾连汽车都造不出来，更造不了高度机密的潜艇；又回忆质询李杰时，李杰承认潜艇用途是剪断大陆从新加坡到上海的石油线，李敖据此判断这会逼大陆拼命。"",""category"":""media"",""source"":""《大李敖全集5.0》（wjm_tcy版）分章节/010.节目演讲类/012.李敖政论综艺集/184.20160517《新台湾加油》.txt"",""sourceLines"":[169,205],""lineCount"":231,""people"":[""李敖"",""廖筱君"",""蔡英文"",""冯世宽"",""李杰""],""places"":[""台湾"",""美国"",""大陆"",""新加坡"",""上海""],""works"":[""新台湾加油""],""tags"":[""李敖政论综艺集"",""第十九轮"",""closeout"",""节目访谈"",""第184集"",""潜水艇"",""冯世宽"",""李杰"",""国防政策"",""军购""],""crossReferences"":[""li-ao-zhenglun-zongyiji-077-says-submarines-could-provoke-preemptive-mainland-attack"",""li-ao-zhenglun-zongyiji-077-warns-initial-arms-budget-is-head-passing-then-body-follows""],""view"":[""public""],""confidence"":""high"",""round"":""li-ao-zhenglun-zongyiji-round019-181-186-closeout"",""dataFile"":""data/timeline-events-li-ao-zhenglun-zongyiji.json""}"
"27360","2016","2016-05-20","2016-05-20","day","","李敖在就职当天再用《台湾关系法》without charge和铺路爪雷达批美国保护费","他说美国绝不可靠，钱复、沈剑虹和基辛格回忆录都显示美国保证转眼成谎；《台湾关系法》只写严重关切，参议院记录里的 provide 还带 without charge，台湾却买铺路爪雷达并每年花十二亿维护，实际只是替美国监测远程飞弹。","李敖、钱复、沈剑虹、基辛格、宋楚瑜、蒋经国","台湾、美国、北京、新疆、福建、英国","李敖政论综艺集、第十九轮、closeout、节目访谈、第185集、美国不可靠、台湾关系法、without charge、铺路爪、军购","public","POP抢先爆、台湾关系法、钱复回忆录、沈剑虹回忆录","li-ao-zhenglun-zongyiji-179-says-us-trips-expose-fake-sovereignty-and-tra-only-serious-concern、li-ao-zhenglun-zongyiji-042-uses-taiwan-relations-act-provide-to-attack-arms-payment","","","","","","[]","data/timeline-events-li-ao-zhenglun-zongyiji.json","li-ao-zhenglun-zongyiji-185-repeats-american-unreliability-through-tra-without-charge-and-pave-paws-radar","{""id"":""li-ao-zhenglun-zongyiji-185-repeats-american-unreliability-through-tra-without-charge-and-pave-paws-radar"",""date"":""2016-05-20"",""year"":2016,""month"":5,""day"":20,""title"":""李敖在就职当天再用《台湾关系法》without charge和铺路爪雷达批美国保护费"",""summary"":""他说美国绝不可靠，钱复、沈剑虹和基辛格回忆录都显示美国保证转眼成谎；《台湾关系法》只写严重关切，参议院记录里的 provide 还带 without charge，台湾却买铺路爪雷达并每年花十二亿维护，实际只是替美国监测远程飞弹。"",""category"":""media"",""source"":""《大李敖全集5.0》（wjm_tcy版）分章节/010.节目演讲类/012.李敖政论综艺集/185.20160520《POP抢先爆》.txt"",""sourceLines"":[413,455],""lineCount"":573,""people"":[""李敖"",""钱复"",""沈剑虹"",""基辛格"",""宋楚瑜"",""蒋经国""],""places"":[""台湾"",""美国"",""北京"",""新疆"",""福建"",""英国""],""works"":[""POP抢先爆"",""台湾关系法"",""钱复回忆录"",""沈剑虹回忆录""],""tags"":[""李敖政论综艺集"",""第十九轮"",""closeout"",""节目访谈"",""第185集"",""美国不可靠"",""台湾关系法"",""without charge"",""铺路爪"",""军购""],""crossReferences"":[""li-ao-zhenglun-zongyiji-179-says-us-trips-expose-fake-sovereignty-and-tra-only-serious-concern"",""li-ao-zhenglun-zongyiji-042-uses-taiwan-relations-act-provide-to-attack-arms-payment""],""view"":[""public""],""confidence"":""high"",""round"":""li-ao-zhenglun-zongyiji-round019-181-186-closeout"",""dataFile"":""data/timeline-events-li-ao-zhenglun-zongyiji.json""}"
"27361","2016","2016-05-20","2016-05-20","day","","李敖判断蔡英文演说不会让北京满意，并用六十比一战争问题戳破台独公投勇气","他认为北京不会觉得就职演说OK，因为台湾让它不痛快，它也不会让台湾痛快；若真要善意，应按宪法直接谈一个中国。随后他反问若台独公投导致打仗怎么办，人口六十比一，可能哥哥、丈夫、弟弟和情人都死，民进党连蔡同荣公投案与林义雄核四公投都不敢。","李敖、蔡英文、蔡同荣、陈水扁、李文忠、林义雄","台湾、北京、大陆、美国","李敖政论综艺集、第十九轮、closeout、节目访谈、第185集、蔡英文就职演说、北京、台独公投、战争、民进党","public","POP抢先爆","li-ao-zhenglun-zongyiji-158-turns-1992-consensus-into-name-dispute-and-possible-taiwan-consensus、li-ao-zhenglun-zongyiji-067-proposes-negotiating-un-ambassador-and-museum-posts-for-taiwan","","","","","","[]","data/timeline-events-li-ao-zhenglun-zongyiji.json","li-ao-zhenglun-zongyiji-185-says-inaugural-will-not-satisfy-beijing-and-exposes-referendum-courage-through-sixty-to-one-war-question","{""id"":""li-ao-zhenglun-zongyiji-185-says-inaugural-will-not-satisfy-beijing-and-exposes-referendum-courage-through-sixty-to-one-war-question"",""date"":""2016-05-20"",""year"":2016,""month"":5,""day"":20,""title"":""李敖判断蔡英文演说不会让北京满意，并用六十比一战争问题戳破台独公投勇气"",""summary"":""他认为北京不会觉得就职演说OK，因为台湾让它不痛快，它也不会让台湾痛快；若真要善意，应按宪法直接谈一个中国。随后他反问若台独公投导致打仗怎么办，人口六十比一，可能哥哥、丈夫、弟弟和情人都死，民进党连蔡同荣公投案与林义雄核四公投都不敢。"",""category"":""media"",""source"":""《大李敖全集5.0》（wjm_tcy版）分章节/010.节目演讲类/012.李敖政论综艺集/185.20160520《POP抢先爆》.txt"",""sourceLines"":[365,411],""lineCount"":573,""people"":[""李敖"",""蔡英文"",""蔡同荣"",""陈水扁"",""李文忠"",""林义雄""],""places"":[""台湾"",""北京"",""大陆"",""美国""],""works"":[""POP抢先爆""],""tags"":[""李敖政论综艺集"",""第十九轮"",""closeout"",""节目访谈"",""第185集"",""蔡英文就职演说"",""北京"",""台独公投"",""战争"",""民进党""],""crossReferences"":[""li-ao-zhenglun-zongyiji-158-turns-1992-consensus-into-name-dispute-and-possible-taiwan-consensus"",""li-ao-zhenglun-zongyiji-067-proposes-negotiating-un-ambassador-and-museum-posts-for-taiwan""],""view"":[""public""],""confidence"":""high"",""round"":""li-ao-zhenglun-zongyiji-round019-181-186-closeout"",""dataFile"":""data/timeline-events-li-ao-zhenglun-zongyiji.json""}"
"27362","2016","2016-05-20","2016-05-20","day","","李敖把蔡英文就职演说评为美丽空话，并用政府就是问题否定新南向和改革愿景","被追问评分时，他说演说感性美丽但都是空话，内行人一听就知道与十六年前内容相同；他借里根的政府就是问题，指出台湾小到全世界二万分之二，只有二十二个邦交国，新南向、区域政策和改革愿景都只是梦。","李敖、蔡英文、里根","台湾、新加坡、非洲、欧洲、教廷","李敖政论综艺集、第十九轮、closeout、节目访谈、第185集、蔡英文就职演说、空话、政府问题、新南向、邦交国","public","POP抢先爆","","","","","","","[]","data/timeline-events-li-ao-zhenglun-zongyiji.json","li-ao-zhenglun-zongyiji-185-scores-inaugural-as-beautiful-empty-talk-and-repeats-government-is-the-problem","{""id"":""li-ao-zhenglun-zongyiji-185-scores-inaugural-as-beautiful-empty-talk-and-repeats-government-is-the-problem"",""date"":""2016-05-20"",""year"":2016,""month"":5,""day"":20,""title"":""李敖把蔡英文就职演说评为美丽空话，并用政府就是问题否定新南向和改革愿景"",""summary"":""被追问评分时，他说演说感性美丽但都是空话，内行人一听就知道与十六年前内容相同；他借里根的政府就是问题，指出台湾小到全世界二万分之二，只有二十二个邦交国，新南向、区域政策和改革愿景都只是梦。"",""category"":""media"",""source"":""《大李敖全集5.0》（wjm_tcy版）分章节/010.节目演讲类/012.李敖政论综艺集/185.20160520《POP抢先爆》.txt"",""sourceLines"":[191,229],""lineCount"":573,""people"":[""李敖"",""蔡英文"",""里根""],""places"":[""台湾"",""新加坡"",""非洲"",""欧洲"",""教廷""],""works"":[""POP抢先爆""],""tags"":[""李敖政论综艺集"",""第十九轮"",""closeout"",""节目访谈"",""第185集"",""蔡英文就职演说"",""空话"",""政府问题"",""新南向"",""邦交国""],""crossReferences"":[],""view"":[""public""],""confidence"":""high"",""round"":""li-ao-zhenglun-zongyiji-round019-181-186-closeout"",""dataFile"":""data/timeline-events-li-ao-zhenglun-zongyiji.json""}"
"27363","2016","2016-05-20","2016-05-20","day","","李敖说北京六十七年对台政策错在押宝国民党，应利用百年窗口让台湾休养生息","他说大陆听蔡英文演说是否接受，要先看北京能否反省六十七年来一个个失败的对台政策，尤其押宝连战和国民党；他主张消灭国民党、查党产，再利用毛泽东和邓小平都愿意等台湾一百年的窗口，不再买武器，把钱给年轻人。","李敖、蔡英文、连战、胡锦涛、李登辉、马英九、毛泽东、邓小平","台湾、北京、大陆","李敖政论综艺集、第十九轮、closeout、节目访谈、第185集、北京对台政策、国民党、党产、百年论、年轻人","public","POP抢先爆、中国论","li-ao-zhenglun-zongyiji-179-calls-hung-hsiu-chu-only-living-kmt-figure-and-kmt-a-cross-strait-illusion、li-ao-zhenglun-zongyiji-166-uses-kissinger-mao-hundred-years-to-freeze-defense-budget-and-share-cash","","","","","","[]","data/timeline-events-li-ao-zhenglun-zongyiji.json","li-ao-zhenglun-zongyiji-185-says-beijing-misread-taiwan-for-sixty-seven-years-by-betting-on-kmt-and-should-let-taiwan-rest","{""id"":""li-ao-zhenglun-zongyiji-185-says-beijing-misread-taiwan-for-sixty-seven-years-by-betting-on-kmt-and-should-let-taiwan-rest"",""date"":""2016-05-20"",""year"":2016,""month"":5,""day"":20,""title"":""李敖说北京六十七年对台政策错在押宝国民党，应利用百年窗口让台湾休养生息"",""summary"":""他说大陆听蔡英文演说是否接受，要先看北京能否反省六十七年来一个个失败的对台政策，尤其押宝连战和国民党；他主张消灭国民党、查党产，再利用毛泽东和邓小平都愿意等台湾一百年的窗口，不再买武器，把钱给年轻人。"",""category"":""media"",""source"":""《大李敖全集5.0》（wjm_tcy版）分章节/010.节目演讲类/012.李敖政论综艺集/185.20160520《POP抢先爆》.txt"",""sourceLines"":[323,328],""lineCount"":573,""people"":[""李敖"",""蔡英文"",""连战"",""胡锦涛"",""李登辉"",""马英九"",""毛泽东"",""邓小平""],""places"":[""台湾"",""北京"",""大陆""],""works"":[""POP抢先爆"",""中国论""],""tags"":[""李敖政论综艺集"",""第十九轮"",""closeout"",""节目访谈"",""第185集"",""北京对台政策"",""国民党"",""党产"",""百年论"",""年轻人""],""crossReferences"":[""li-ao-zhenglun-zongyiji-179-calls-hung-hsiu-chu-only-living-kmt-figure-and-kmt-a-cross-strait-illusion"",""li-ao-zhenglun-zongyiji-166-uses-kissinger-mao-hundred-years-to-freeze-defense-budget-and-share-cash""],""view"":[""public""],""confidence"":""high"",""round"":""li-ao-zhenglun-zongyiji-round019-181-186-closeout"",""dataFile"":""data/timeline-events-li-ao-zhenglun-zongyiji.json""}"
"27364","2016","2016-05-20","2016-05-20","day","","李敖说台湾错失一百亿美金卡位大陆机会，只能小国寡民靠观光苟且偷生","他回忆陈立夫带三十四名国民党中央评议委员建议拿一百亿美金向大陆卡位，李登辉戒急用忍拒绝，后来大陆外汇上兆，台湾筹码已无；所以台湾应利用大陆暂不打的时间，做快乐小岛，不要国家和军队，改靠观光活着。","李敖、陈立夫、李登辉、郭台铭","台湾、大陆、以色列、日本、香港、美国","李敖政论综艺集、第十九轮、closeout、节目访谈、第185集、一国两制、戒急用忍、观光、小国寡民、谈判筹码","public","POP抢先爆","li-ao-zhenglun-zongyiji-178-argues-taiwan-should-live-fifty-years-on-tourism-and-no-arms、li-ao-zhenglun-zongyiji-120-says-taiwan-is-small-tourism-future-and-nuclear-waste-energy-prove-one-china","","","","","","[]","data/timeline-events-li-ao-zhenglun-zongyiji.json","li-ao-zhenglun-zongyiji-185-proposes-happy-small-island-tourism-after-losing-mainland-bargaining-card","{""id"":""li-ao-zhenglun-zongyiji-185-proposes-happy-small-island-tourism-after-losing-mainland-bargaining-card"",""date"":""2016-05-20"",""year"":2016,""month"":5,""day"":20,""title"":""李敖说台湾错失一百亿美金卡位大陆机会，只能小国寡民靠观光苟且偷生"",""summary"":""他回忆陈立夫带三十四名国民党中央评议委员建议拿一百亿美金向大陆卡位，李登辉戒急用忍拒绝，后来大陆外汇上兆，台湾筹码已无；所以台湾应利用大陆暂不打的时间，做快乐小岛，不要国家和军队，改靠观光活着。"",""category"":""media"",""source"":""《大李敖全集5.0》（wjm_tcy版）分章节/010.节目演讲类/012.李敖政论综艺集/185.20160520《POP抢先爆》.txt"",""sourceLines"":[329,349],""lineCount"":573,""people"":[""李敖"",""陈立夫"",""李登辉"",""郭台铭""],""places"":[""台湾"",""大陆"",""以色列"",""日本"",""香港"",""美国""],""works"":[""POP抢先爆""],""tags"":[""李敖政论综艺集"",""第十九轮"",""closeout"",""节目访谈"",""第185集"",""一国两制"",""戒急用忍"",""观光"",""小国寡民"",""谈判筹码""],""crossReferences"":[""li-ao-zhenglun-zongyiji-178-argues-taiwan-should-live-fifty-years-on-tourism-and-no-arms"",""li-ao-zhenglun-zongyiji-120-says-taiwan-is-small-tourism-future-and-nuclear-waste-energy-prove-one-china""],""view"":[""public""],""confidence"":""high"",""round"":""li-ao-zhenglun-zongyiji-round019-181-186-closeout"",""dataFile"":""data/timeline-events-li-ao-zhenglun-zongyiji.json""}"
"27365","2016","2016-05-20","2016-05-20","day","","李敖说谈转型正义应先向他致敬，并重提自己出钱办郑南榕杂志和李大维质询纪录","主持人提到他虽反台独却曾帮台独人，李敖立即说现在谈转型正义先要向他致敬，因为他对台湾言论自由有功劳，郑南榕办杂志是他出的钱；随后他又重述质询李大维十四天守台说，留下台湾变废墟美国就不来的立法院记录。","李敖、郑南榕、李大维、汪用和、郑师诚","台湾、美国","李敖政论综艺集、第十九轮、closeout、节目访谈、第185集、转型正义、郑南榕、言论自由、李大维、立法院质询","public","POP抢先爆","li-ao-zhenglun-zongyiji-143-produces-cheng-nan-jung-letter-to-answer-liu-yihong、li-ao-zhenglun-zongyiji-078-uses-us-defense-data-to-refute-li-jie-fourteen-days","","","","","","[]","data/timeline-events-li-ao-zhenglun-zongyiji.json","li-ao-zhenglun-zongyiji-185-claims-transition-justice-should-salute-him-and-retells-cheng-nan-jung-funding-before-li-dawei-record","{""id"":""li-ao-zhenglun-zongyiji-185-claims-transition-justice-should-salute-him-and-retells-cheng-nan-jung-funding-before-li-dawei-record"",""date"":""2016-05-20"",""year"":2016,""month"":5,""day"":20,""title"":""李敖说谈转型正义应先向他致敬，并重提自己出钱办郑南榕杂志和李大维质询纪录"",""summary"":""主持人提到他虽反台独却曾帮台独人，李敖立即说现在谈转型正义先要向他致敬，因为他对台湾言论自由有功劳，郑南榕办杂志是他出的钱；随后他又重述质询李大维十四天守台说，留下台湾变废墟美国就不来的立法院记录。"",""category"":""media"",""source"":""《大李敖全集5.0》（wjm_tcy版）分章节/010.节目演讲类/012.李敖政论综艺集/185.20160520《POP抢先爆》.txt"",""sourceLines"":[469,493],""lineCount"":573,""people"":[""李敖"",""郑南榕"",""李大维"",""汪用和"",""郑师诚""],""places"":[""台湾"",""美国""],""works"":[""POP抢先爆""],""tags"":[""李敖政论综艺集"",""第十九轮"",""closeout"",""节目访谈"",""第185集"",""转型正义"",""郑南榕"",""言论自由"",""李大维"",""立法院质询""],""crossReferences"":[""li-ao-zhenglun-zongyiji-143-produces-cheng-nan-jung-letter-to-answer-liu-yihong"",""li-ao-zhenglun-zongyiji-078-uses-us-defense-data-to-refute-li-jie-fourteen-days""],""view"":[""public""],""confidence"":""high"",""round"":""li-ao-zhenglun-zongyiji-round019-181-186-closeout"",""dataFile"":""data/timeline-events-li-ao-zhenglun-zongyiji.json""}"
"27366","2016","2016-05-20","2016-05-20","day","","李敖说蔡英文太平岛说法同马英九相似，都赶不上陈水扁盖机场的实际保护","节目尾声谈东海、南海与太平岛，李敖认为蔡英文主张搁置争议、共同开发与马英九类似，反而都不如陈水扁当年在太平岛盖机场；菲律宾若在国际法院成功把太平岛打成礁石，台湾就不能只说搁置，仍要保卫它。","李敖、蔡英文、马英九、陈水扁、汪用和、郑师诚","台湾、太平岛、东海、南海、菲律宾、美国、大陆","李敖政论综艺集、第十九轮、closeout、节目访谈、第185集、太平岛、南海、陈水扁、蔡英文、共同开发","public","POP抢先爆","li-ao-zhenglun-zongyiji-183-turns-taiping-island-into-test-of-roc-claim-and-mainland-landing-scenario","","","","","","[]","data/timeline-events-li-ao-zhenglun-zongyiji.json","li-ao-zhenglun-zongyiji-185-compares-tsai-and-ma-taiping-island-line-with-chen-building-airstrip","{""id"":""li-ao-zhenglun-zongyiji-185-compares-tsai-and-ma-taiping-island-line-with-chen-building-airstrip"",""date"":""2016-05-20"",""year"":2016,""month"":5,""day"":20,""title"":""李敖说蔡英文太平岛说法同马英九相似，都赶不上陈水扁盖机场的实际保护"",""summary"":""节目尾声谈东海、南海与太平岛，李敖认为蔡英文主张搁置争议、共同开发与马英九类似，反而都不如陈水扁当年在太平岛盖机场；菲律宾若在国际法院成功把太平岛打成礁石，台湾就不能只说搁置，仍要保卫它。"",""category"":""media"",""source"":""《大李敖全集5.0》（wjm_tcy版）分章节/010.节目演讲类/012.李敖政论综艺集/185.20160520《POP抢先爆》.txt"",""sourceLines"":[537,561],""lineCount"":573,""people"":[""李敖"",""蔡英文"",""马英九"",""陈水扁"",""汪用和"",""郑师诚""],""places"":[""台湾"",""太平岛"",""东海"",""南海"",""菲律宾"",""美国"",""大陆""],""works"":[""POP抢先爆""],""tags"":[""李敖政论综艺集"",""第十九轮"",""closeout"",""节目访谈"",""第185集"",""太平岛"",""南海"",""陈水扁"",""蔡英文"",""共同开发""],""crossReferences"":[""li-ao-zhenglun-zongyiji-183-turns-taiping-island-into-test-of-roc-claim-and-mainland-landing-scenario""],""view"":[""public""],""confidence"":""high"",""round"":""li-ao-zhenglun-zongyiji-round019-181-186-closeout"",""dataFile"":""data/timeline-events-li-ao-zhenglun-zongyiji.json""}"
"27367","2016","2016-05-20","2016-05-20","day","","李敖说蔡英文若有气派，应废国防部、蒙藏委员会、福建省政府和国歌","他主张蔡英文若要务实，应敢于台独公投、抛弃三民主义和五院制；又说宪法只写国防经费依法定之，没有保护国防部，总统也可废蒙藏委员会、福建省政府，甚至因宪法无国歌条款而改国歌。他还回忆自己立委宣誓时面对镜子，不向孙中山宣誓。","李敖、蔡英文、陈水扁、孙中山、汪用和、郑师诚","台湾","李敖政论综艺集、第十九轮、closeout、节目访谈、第185集、废国防部、蒙藏委员会、福建省政府、国歌、宣誓","public","POP抢先爆、中华民国宪法","li-ao-zhenglun-zongyiji-167-proposes-abolishing-defense-ministry-taxing-tycoons-and-paying-everyone-550000、li-ao-zhenglun-zongyiji-034-says-national-anthem-can-be-changed-without-amendment","","","","","","[]","data/timeline-events-li-ao-zhenglun-zongyiji.json","li-ao-zhenglun-zongyiji-185-demands-real-reform-by-abolishing-defense-ministry-mongolian-tibetan-commission-fujian-office-and-anthem","{""id"":""li-ao-zhenglun-zongyiji-185-demands-real-reform-by-abolishing-defense-ministry-mongolian-tibetan-commission-fujian-office-and-anthem"",""date"":""2016-05-20"",""year"":2016,""month"":5,""day"":20,""title"":""李敖说蔡英文若有气派，应废国防部、蒙藏委员会、福建省政府和国歌"",""summary"":""他主张蔡英文若要务实，应敢于台独公投、抛弃三民主义和五院制；又说宪法只写国防经费依法定之，没有保护国防部，总统也可废蒙藏委员会、福建省政府，甚至因宪法无国歌条款而改国歌。他还回忆自己立委宣誓时面对镜子，不向孙中山宣誓。"",""category"":""media"",""source"":""《大李敖全集5.0》（wjm_tcy版）分章节/010.节目演讲类/012.李敖政论综艺集/185.20160520《POP抢先爆》.txt"",""sourceLines"":[229,303],""lineCount"":573,""people"":[""李敖"",""蔡英文"",""陈水扁"",""孙中山"",""汪用和"",""郑师诚""],""places"":[""台湾""],""works"":[""POP抢先爆"",""中华民国宪法""],""tags"":[""李敖政论综艺集"",""第十九轮"",""closeout"",""节目访谈"",""第185集"",""废国防部"",""蒙藏委员会"",""福建省政府"",""国歌"",""宣誓""],""crossReferences"":[""li-ao-zhenglun-zongyiji-167-proposes-abolishing-defense-ministry-taxing-tycoons-and-paying-everyone-550000"",""li-ao-zhenglun-zongyiji-034-says-national-anthem-can-be-changed-without-amendment""],""view"":[""public""],""confidence"":""high"",""round"":""li-ao-zhenglun-zongyiji-round019-181-186-closeout"",""dataFile"":""data/timeline-events-li-ao-zhenglun-zongyiji.json""}"
"27368","2016","2016-05-20","2016-05-20","day","","蔡英文就职当天，李敖用十六年前立院记录和宪法条文评她没有排除九二共识","节目实时听完蔡英文就职演说后，李敖说她十六年前在立院曾讲陈水扁五二〇演说没有排除九二共识，如今也没有排除；她三十五次说国家，却又依据中华民国宪法，而宪法增修条文含自由地区和大陆地区，按此根本是一个中国。","李敖、蔡英文、陈水扁、林青霞、苏起","台湾、大陆","李敖政论综艺集、第十九轮、closeout、节目访谈、第185集、蔡英文就职演说、九二共识、中华民国宪法、一个中国、五二〇","public","POP抢先爆、中华民国宪法","li-ao-zhenglun-zongyiji-178-uses-cai-ingwen-2000-legislative-record-to-pin-her-to-unification-guidelines、li-ao-zhenglun-zongyiji-177-traces-1992-consensus-to-su-chi-chen-and-tsai-mutual-cover","","","","","","[]","data/timeline-events-li-ao-zhenglun-zongyiji.json","li-ao-zhenglun-zongyiji-185-reviews-tsai-inaugural-through-2000-record-constitution-and-one-china-not-1992-consensus","{""id"":""li-ao-zhenglun-zongyiji-185-reviews-tsai-inaugural-through-2000-record-constitution-and-one-china-not-1992-consensus"",""date"":""2016-05-20"",""year"":2016,""month"":5,""day"":20,""title"":""蔡英文就职当天，李敖用十六年前立院记录和宪法条文评她没有排除九二共识"",""summary"":""节目实时听完蔡英文就职演说后，李敖说她十六年前在立院曾讲陈水扁五二〇演说没有排除九二共识，如今也没有排除；她三十五次说国家，却又依据中华民国宪法，而宪法增修条文含自由地区和大陆地区，按此根本是一个中国。"",""category"":""media"",""source"":""《大李敖全集5.0》（wjm_tcy版）分章节/010.节目演讲类/012.李敖政论综艺集/185.20160520《POP抢先爆》.txt"",""sourceLines"":[161,185],""lineCount"":573,""people"":[""李敖"",""蔡英文"",""陈水扁"",""林青霞"",""苏起""],""places"":[""台湾"",""大陆""],""works"":[""POP抢先爆"",""中华民国宪法""],""tags"":[""李敖政论综艺集"",""第十九轮"",""closeout"",""节目访谈"",""第185集"",""蔡英文就职演说"",""九二共识"",""中华民国宪法"",""一个中国"",""五二〇""],""crossReferences"":[""li-ao-zhenglun-zongyiji-178-uses-cai-ingwen-2000-legislative-record-to-pin-her-to-unification-guidelines"",""li-ao-zhenglun-zongyiji-177-traces-1992-consensus-to-su-chi-chen-and-tsai-mutual-cover""],""view"":[""public""],""confidence"":""high"",""round"":""li-ao-zhenglun-zongyiji-round019-181-186-closeout"",""dataFile"":""data/timeline-events-li-ao-zhenglun-zongyiji.json""}"
"27369","2016","2016-05-26","2016年5月26日星期四","day","confirmed","《亚洲周刊》江迅来访，李敖问刊物是否仍被禁止进口","《2016年5月》写，2016年5月26日，《亚洲周刊》江迅来访。李敖问大陆是否仍禁止《亚洲周刊》进门，江迅点头，并补充虽不准进口，却从后门订阅2000本。李敖由此谈自己写作是在给自己留下红线。","李敖、江迅","台湾、中国大陆","江迅、亚洲周刊、禁止进口、来访","交游线、媒体线、审查线","亚洲周刊、虽千万人，李敖往矣","","虽千万人，李敖往矣","042.2016年5月","101","《大李敖全集5.0》（wjm_tcy版）分章节/005.诗集语录类/005.虽千万人，李敖往矣/042.2016年5月.txt","","[]","data/timeline-events-sui-qianwan-li-ao-wangyi.json","sui-qianwan-2016-05-26-jiang-xun-visits-and-discusses-asia-weekly-ban","{""id"":""sui-qianwan-2016-05-26-jiang-xun-visits-and-discusses-asia-weekly-ban"",""date"":""2016-05-26"",""displayDate"":""2016年5月26日星期四"",""datePrecision"":""day"",""title"":""《亚洲周刊》江迅来访，李敖问刊物是否仍被禁止进口"",""summary"":""《2016年5月》写，2016年5月26日，《亚洲周刊》江迅来访。李敖问大陆是否仍禁止《亚洲周刊》进门，江迅点头，并补充虽不准进口，却从后门订阅2000本。李敖由此谈自己写作是在给自己留下红线。"",""view"":[""交游线"",""媒体线"",""审查线""],""tags"":[""江迅"",""亚洲周刊"",""禁止进口"",""来访""],""people"":[""李敖"",""江迅""],""places"":[""台湾"",""中国大陆""],""works"":[""亚洲周刊"",""虽千万人，李敖往矣""],""certainty"":""confirmed"",""source"":{""book"":""虽千万人，李敖往矣"",""chapter"":""042.2016年5月"",""path"":""《大李敖全集5.0》（wjm_tcy版）分章节/005.诗集语录类/005.虽千万人，李敖往矣/042.2016年5月.txt"",""line"":101},""dataFile"":""data/timeline-events-sui-qianwan-li-ao-wangyi.json""}"
"27370","2016","2016-05-30","2016年5月30日星期一","day","confirmed","三立电视台廖晓君付四万元请李敖讲两小时，播出时删去他对共产党的公道话","《2016年5月》写，2016年5月30日，李敖称三立电视台廖晓君付了4万元，请他讲两小时不同声音的话；他骂遍每一个党，也讲了共产党三大功劳：富国、强兵、使中国人平均多活30岁。但电视播出时，这段“公道话”被删掉。","李敖、廖晓君","台湾","三立电视台、廖晓君、电视删节、四万元、访谈","媒体线、审查线、晚年线","虽千万人，李敖往矣","","虽千万人，李敖往矣","042.2016年5月","117","《大李敖全集5.0》（wjm_tcy版）分章节/005.诗集语录类/005.虽千万人，李敖往矣/042.2016年5月.txt","虽千万人，李敖往矣 / 044.2016年7月 / line 65 / 说明：7月16日补述李敖上电视架子大，三立廖筱君每年会冒险做一次一对一专访。 / 《大李敖全集5.0》（wjm_tcy版）分章节/005.诗集语录类/005.虽千万人，李敖往矣/044.2016年7月.txt","[{""book"":""虽千万人，李敖往矣"",""chapter"":""044.2016年7月"",""path"":""《大李敖全集5.0》（wjm_tcy版）分章节/005.诗集语录类/005.虽千万人，李敖往矣/044.2016年7月.txt"",""line"":65,""note"":""7月16日补述李敖上电视架子大，三立廖筱君每年会冒险做一次一对一专访。""}]","data/timeline-events-sui-qianwan-li-ao-wangyi.json","sui-qianwan-2016-05-30-sanli-pays-for-two-hour-talk-and-deletes-fair-remarks","{""id"":""sui-qianwan-2016-05-30-sanli-pays-for-two-hour-talk-and-deletes-fair-remarks"",""date"":""2016-05-30"",""displayDate"":""2016年5月30日星期一"",""datePrecision"":""day"",""title"":""三立电视台廖晓君付四万元请李敖讲两小时，播出时删去他对共产党的公道话"",""summary"":""《2016年5月》写，2016年5月30日，李敖称三立电视台廖晓君付了4万元，请他讲两小时不同声音的话；他骂遍每一个党，也讲了共产党三大功劳：富国、强兵、使中国人平均多活30岁。但电视播出时，这段“公道话”被删掉。"",""view"":[""媒体线"",""审查线"",""晚年线""],""tags"":[""三立电视台"",""廖晓君"",""电视删节"",""四万元"",""访谈""],""people"":[""李敖"",""廖晓君""],""places"":[""台湾""],""works"":[""虽千万人，李敖往矣""],""certainty"":""confirmed"",""source"":{""book"":""虽千万人，李敖往矣"",""chapter"":""042.2016年5月"",""path"":""《大李敖全集5.0》（wjm_tcy版）分章节/005.诗集语录类/005.虽千万人，李敖往矣/042.2016年5月.txt"",""line"":117},""additionalSources"":[{""book"":""虽千万人，李敖往矣"",""chapter"":""044.2016年7月"",""path"":""《大李敖全集5.0》（wjm_tcy版）分章节/005.诗集语录类/005.虽千万人，李敖往矣/044.2016年7月.txt"",""line"":65,""note"":""7月16日补述李敖上电视架子大，三立廖筱君每年会冒险做一次一对一专访。""}],""dataFile"":""data/timeline-events-sui-qianwan-li-ao-wangyi.json""}"
"27371","2016","2016-06-03","2016年6月3日星期五","day","confirmed","李敖劝陈文茜多养几条狗以分散丧犬之痛","《2016年6月》写，陈文茜是爱狗家，李敖劝她说狗走了太痛苦，为什么还养；陈文茜回答痛苦短暂，快乐却有一二十年。李敖于是建议她多养几条，死一条就不至于那么痛苦。这条补出晚年与陈文茜的私下谈话和日常劝慰。","李敖、陈文茜","台湾","陈文茜、爱狗、日常谈话","交游线、日常线、晚年线","虽千万人，李敖往矣","","虽千万人，李敖往矣","043.2016年6月","13","《大李敖全集5.0》（wjm_tcy版）分章节/005.诗集语录类/005.虽千万人，李敖往矣/043.2016年6月.txt","","[]","data/timeline-events-sui-qianwan-li-ao-wangyi.json","sui-qianwan-2016-06-03-advises-chen-wenqian-about-dogs","{""id"":""sui-qianwan-2016-06-03-advises-chen-wenqian-about-dogs"",""date"":""2016-06-03"",""displayDate"":""2016年6月3日星期五"",""datePrecision"":""day"",""title"":""李敖劝陈文茜多养几条狗以分散丧犬之痛"",""summary"":""《2016年6月》写，陈文茜是爱狗家，李敖劝她说狗走了太痛苦，为什么还养；陈文茜回答痛苦短暂，快乐却有一二十年。李敖于是建议她多养几条，死一条就不至于那么痛苦。这条补出晚年与陈文茜的私下谈话和日常劝慰。"",""view"":[""交游线"",""日常线"",""晚年线""],""tags"":[""陈文茜"",""爱狗"",""日常谈话""],""people"":[""李敖"",""陈文茜""],""places"":[""台湾""],""works"":[""虽千万人，李敖往矣""],""certainty"":""confirmed"",""source"":{""book"":""虽千万人，李敖往矣"",""chapter"":""043.2016年6月"",""path"":""《大李敖全集5.0》（wjm_tcy版）分章节/005.诗集语录类/005.虽千万人，李敖往矣/043.2016年6月.txt"",""line"":13},""dataFile"":""data/timeline-events-sui-qianwan-li-ao-wangyi.json""}"
"27372","2016","2016-06-07","2016年6月7日星期二","day","confirmed","李敖在超市被女士盯住并认出","《2016年6月》写，2016年6月7日，李敖在超市被一位女士盯住，对方说记不起他是谁；经过几句对话，女士说“如你不是别人，我想你是李敖”。李敖借演员 Hampden 被错认的典故，把这次街头认人写成一则晚年日常。","李敖","台湾","超市、读者认出、晚年日常","日常线、晚年线","虽千万人，李敖往矣","","虽千万人，李敖往矣","043.2016年6月","29","《大李敖全集5.0》（wjm_tcy版）分章节/005.诗集语录类/005.虽千万人，李敖往矣/043.2016年6月.txt","","[]","data/timeline-events-sui-qianwan-li-ao-wangyi.json","sui-qianwan-2016-06-07-supermarket-woman-recognizes-li-ao","{""id"":""sui-qianwan-2016-06-07-supermarket-woman-recognizes-li-ao"",""date"":""2016-06-07"",""displayDate"":""2016年6月7日星期二"",""datePrecision"":""day"",""title"":""李敖在超市被女士盯住并认出"",""summary"":""《2016年6月》写，2016年6月7日，李敖在超市被一位女士盯住，对方说记不起他是谁；经过几句对话，女士说“如你不是别人，我想你是李敖”。李敖借演员 Hampden 被错认的典故，把这次街头认人写成一则晚年日常。"",""view"":[""日常线"",""晚年线""],""tags"":[""超市"",""读者认出"",""晚年日常""],""people"":[""李敖""],""places"":[""台湾""],""works"":[""虽千万人，李敖往矣""],""certainty"":""confirmed"",""source"":{""book"":""虽千万人，李敖往矣"",""chapter"":""043.2016年6月"",""path"":""《大李敖全集5.0》（wjm_tcy版）分章节/005.诗集语录类/005.虽千万人，李敖往矣/043.2016年6月.txt"",""line"":29},""dataFile"":""data/timeline-events-sui-qianwan-li-ao-wangyi.json""}"
"27373","2016","2016-06-28","2016年6月28日星期二","day","confirmed","陈平景来电问候身体，李敖说八十一岁后每天只能工作十五小时","《2016年6月》写，老友陈平景打电话问李敖身体，李敖说自己老了，每天不能工作16个小时；陈平景追问如今工作几小时，李敖答“每天只能工作15个小时了”。他并说81岁后把工作方式调整得更紧凑，计划中的几本大书要写完。","李敖、陈平景","台湾","陈平景、工作狂、八十一岁、写书、身体","健康线、写作线、交游线","虽千万人，李敖往矣","","虽千万人，李敖往矣","043.2016年6月","113","《大李敖全集5.0》（wjm_tcy版）分章节/005.诗集语录类/005.虽千万人，李敖往矣/043.2016年6月.txt","","[]","data/timeline-events-sui-qianwan-li-ao-wangyi.json","sui-qianwan-2016-06-28-chen-pingjing-calls-and-li-ao-says-works-fifteen-hours","{""id"":""sui-qianwan-2016-06-28-chen-pingjing-calls-and-li-ao-says-works-fifteen-hours"",""date"":""2016-06-28"",""displayDate"":""2016年6月28日星期二"",""datePrecision"":""day"",""title"":""陈平景来电问候身体，李敖说八十一岁后每天只能工作十五小时"",""summary"":""《2016年6月》写，老友陈平景打电话问李敖身体，李敖说自己老了，每天不能工作16个小时；陈平景追问如今工作几小时，李敖答“每天只能工作15个小时了”。他并说81岁后把工作方式调整得更紧凑，计划中的几本大书要写完。"",""view"":[""健康线"",""写作线"",""交游线""],""tags"":[""陈平景"",""工作狂"",""八十一岁"",""写书"",""身体""],""people"":[""李敖"",""陈平景""],""places"":[""台湾""],""works"":[""虽千万人，李敖往矣""],""certainty"":""confirmed"",""source"":{""book"":""虽千万人，李敖往矣"",""chapter"":""043.2016年6月"",""path"":""《大李敖全集5.0》（wjm_tcy版）分章节/005.诗集语录类/005.虽千万人，李敖往矣/043.2016年6月.txt"",""line"":113},""dataFile"":""data/timeline-events-sui-qianwan-li-ao-wangyi.json""}"
"27374","2016","2016-07-09","2016年7月9日星期六","day","confirmed","李敖在书房中提到藏有袁世凯时期政府公报","《2016年7月》写，2016年7月9日，李敖称自己“卧虎藏龙”，藏到不少东西，其中之一是袁世凯时期的政府公报；他由公报中大总统命令须国务卿副署，比较后来台湾政治制度的变化。","李敖、袁世凯","台湾","书房、袁世凯、政府公报、藏书","书房线、藏书线、文献线","虽千万人，李敖往矣","","虽千万人，李敖往矣","044.2016年7月","37","《大李敖全集5.0》（wjm_tcy版）分章节/005.诗集语录类/005.虽千万人，李敖往矣/044.2016年7月.txt","","[]","data/timeline-events-sui-qianwan-li-ao-wangyi.json","sui-qianwan-2016-07-09-notes-yuan-shikai-government-gazette-in-study","{""id"":""sui-qianwan-2016-07-09-notes-yuan-shikai-government-gazette-in-study"",""date"":""2016-07-09"",""displayDate"":""2016年7月9日星期六"",""datePrecision"":""day"",""title"":""李敖在书房中提到藏有袁世凯时期政府公报"",""summary"":""《2016年7月》写，2016年7月9日，李敖称自己“卧虎藏龙”，藏到不少东西，其中之一是袁世凯时期的政府公报；他由公报中大总统命令须国务卿副署，比较后来台湾政治制度的变化。"",""view"":[""书房线"",""藏书线"",""文献线""],""tags"":[""书房"",""袁世凯"",""政府公报"",""藏书""],""people"":[""李敖"",""袁世凯""],""places"":[""台湾""],""works"":[""虽千万人，李敖往矣""],""certainty"":""confirmed"",""source"":{""book"":""虽千万人，李敖往矣"",""chapter"":""044.2016年7月"",""path"":""《大李敖全集5.0》（wjm_tcy版）分章节/005.诗集语录类/005.虽千万人，李敖往矣/044.2016年7月.txt"",""line"":37},""dataFile"":""data/timeline-events-sui-qianwan-li-ao-wangyi.json""}"
"27375","2016","2016-07-14","2016年7月14日星期四","day","confirmed","陈文茜安排秘书 Vicky 每周三到李敖书房陪伴并协助剪贴","《2016年7月》写，李敖自称独来独往，把自己埋在像大坟一样的书房里，昼伏夜不出，整天没有电话也没人说话。陈文茜看不下去，每周三请秘书 Vicky 到书房来陪他；Vicky 又被李敖抓住做工，整天剪贴，从此书房每周三多了一个工作狂。","李敖、陈文茜、Vicky","李敖书房、台湾","陈文茜、Vicky、书房、剪贴、工作狂","书房线、交游线、日常线","虽千万人，李敖往矣","","虽千万人，李敖往矣","044.2016年7月","57","《大李敖全集5.0》（wjm_tcy版）分章节/005.诗集语录类/005.虽千万人，李敖往矣/044.2016年7月.txt","","[]","data/timeline-events-sui-qianwan-li-ao-wangyi.json","sui-qianwan-2016-07-14-chen-wenqian-sends-vicky-weekly-to-study","{""id"":""sui-qianwan-2016-07-14-chen-wenqian-sends-vicky-weekly-to-study"",""date"":""2016-07-14"",""displayDate"":""2016年7月14日星期四"",""datePrecision"":""day"",""title"":""陈文茜安排秘书 Vicky 每周三到李敖书房陪伴并协助剪贴"",""summary"":""《2016年7月》写，李敖自称独来独往，把自己埋在像大坟一样的书房里，昼伏夜不出，整天没有电话也没人说话。陈文茜看不下去，每周三请秘书 Vicky 到书房来陪他；Vicky 又被李敖抓住做工，整天剪贴，从此书房每周三多了一个工作狂。"",""view"":[""书房线"",""交游线"",""日常线""],""tags"":[""陈文茜"",""Vicky"",""书房"",""剪贴"",""工作狂""],""people"":[""李敖"",""陈文茜"",""Vicky""],""places"":[""李敖书房"",""台湾""],""works"":[""虽千万人，李敖往矣""],""certainty"":""confirmed"",""source"":{""book"":""虽千万人，李敖往矣"",""chapter"":""044.2016年7月"",""path"":""《大李敖全集5.0》（wjm_tcy版）分章节/005.诗集语录类/005.虽千万人，李敖往矣/044.2016年7月.txt"",""line"":57},""dataFile"":""data/timeline-events-sui-qianwan-li-ao-wangyi.json""}"
"27376","2016","2016-07-21","2016年7月21日星期四","day","confirmed","刘辰旦来访，与李敖聊四十年前难友王伟中旧事","《2016年7月》写，难友刘辰旦来找李敖聊天，谈起40年前往事，并问李敖是否记得同住五房的王伟中。刘辰旦转述王伟中出狱后回家、妻子为救他改嫁当年整他之人、王伟中醒悟后出家的故事。","李敖、刘辰旦、王伟中","台湾","刘辰旦、王伟中、难友、狱友、旧事","交游线、司法线、晚年线","虽千万人，李敖往矣","","虽千万人，李敖往矣","044.2016年7月","85","《大李敖全集5.0》（wjm_tcy版）分章节/005.诗集语录类/005.虽千万人，李敖往矣/044.2016年7月.txt","","[]","data/timeline-events-sui-qianwan-li-ao-wangyi.json","sui-qianwan-2016-07-21-liu-chendan-visits-and-talks-prison-past","{""id"":""sui-qianwan-2016-07-21-liu-chendan-visits-and-talks-prison-past"",""date"":""2016-07-21"",""displayDate"":""2016年7月21日星期四"",""datePrecision"":""day"",""title"":""刘辰旦来访，与李敖聊四十年前难友王伟中旧事"",""summary"":""《2016年7月》写，难友刘辰旦来找李敖聊天，谈起40年前往事，并问李敖是否记得同住五房的王伟中。刘辰旦转述王伟中出狱后回家、妻子为救他改嫁当年整他之人、王伟中醒悟后出家的故事。"",""view"":[""交游线"",""司法线"",""晚年线""],""tags"":[""刘辰旦"",""王伟中"",""难友"",""狱友"",""旧事""],""people"":[""李敖"",""刘辰旦"",""王伟中""],""places"":[""台湾""],""works"":[""虽千万人，李敖往矣""],""certainty"":""confirmed"",""source"":{""book"":""虽千万人，李敖往矣"",""chapter"":""044.2016年7月"",""path"":""《大李敖全集5.0》（wjm_tcy版）分章节/005.诗集语录类/005.虽千万人，李敖往矣/044.2016年7月.txt"",""line"":85},""dataFile"":""data/timeline-events-sui-qianwan-li-ao-wangyi.json""}"
"27377","2016","2016-07-26","2016年7月26日星期二","day","confirmed","李敖因朋友开刀与化疗感触，写出一首病后歪诗","《2016年7月》写，三年来，李敖有两个朋友做摄护腺开刀，一人死于化疗；他想到自己被“上帝大了我又小了我”，怒而写诗，诗中直写自己开刀后的衰老与身体变化。此条补出晚年健康经验转入诗句的日常写作。","李敖","台湾","前列腺、开刀、化疗、写诗、晚年身体","健康线、写作线、晚年线","虽千万人，李敖往矣","","虽千万人，李敖往矣","044.2016年7月","105","《大李敖全集5.0》（wjm_tcy版）分章节/005.诗集语录类/005.虽千万人，李敖往矣/044.2016年7月.txt","","[]","data/timeline-events-sui-qianwan-li-ao-wangyi.json","sui-qianwan-2016-07-26-writes-poem-after-prostate-surgery-and-chemotherapy-thoughts","{""id"":""sui-qianwan-2016-07-26-writes-poem-after-prostate-surgery-and-chemotherapy-thoughts"",""date"":""2016-07-26"",""displayDate"":""2016年7月26日星期二"",""datePrecision"":""day"",""title"":""李敖因朋友开刀与化疗感触，写出一首病后歪诗"",""summary"":""《2016年7月》写，三年来，李敖有两个朋友做摄护腺开刀，一人死于化疗；他想到自己被“上帝大了我又小了我”，怒而写诗，诗中直写自己开刀后的衰老与身体变化。此条补出晚年健康经验转入诗句的日常写作。"",""view"":[""健康线"",""写作线"",""晚年线""],""tags"":[""前列腺"",""开刀"",""化疗"",""写诗"",""晚年身体""],""people"":[""李敖""],""places"":[""台湾""],""works"":[""虽千万人，李敖往矣""],""certainty"":""confirmed"",""source"":{""book"":""虽千万人，李敖往矣"",""chapter"":""044.2016年7月"",""path"":""《大李敖全集5.0》（wjm_tcy版）分章节/005.诗集语录类/005.虽千万人，李敖往矣/044.2016年7月.txt"",""line"":105},""dataFile"":""data/timeline-events-sui-qianwan-li-ao-wangyi.json""}"
"27378","2016","2016-07-30","2016年7月30日星期六","day","confirmed","萧启庆向李敖私下说老师辈学问并不怎么样","《2016年7月》写，历史系同班好友萧启庆成为哈佛博士后做了“学阀”，曾偷偷告诉李敖：他们老师那辈人学问并不怎么样。李敖借此谈自己常年在书房做学问、六亲不认和不怕得罪人的读书姿态。","李敖、萧启庆","台湾","萧启庆、历史系同学、书房、学问","交游线、学术线、书房线","虽千万人，李敖往矣","","虽千万人，李敖往矣","044.2016年7月","121","《大李敖全集5.0》（wjm_tcy版）分章节/005.诗集语录类/005.虽千万人，李敖往矣/044.2016年7月.txt","","[]","data/timeline-events-sui-qianwan-li-ao-wangyi.json","sui-qianwan-2016-07-30-xiao-qiqing-comments-on-teachers-generation","{""id"":""sui-qianwan-2016-07-30-xiao-qiqing-comments-on-teachers-generation"",""date"":""2016-07-30"",""displayDate"":""2016年7月30日星期六"",""datePrecision"":""day"",""title"":""萧启庆向李敖私下说老师辈学问并不怎么样"",""summary"":""《2016年7月》写，历史系同班好友萧启庆成为哈佛博士后做了“学阀”，曾偷偷告诉李敖：他们老师那辈人学问并不怎么样。李敖借此谈自己常年在书房做学问、六亲不认和不怕得罪人的读书姿态。"",""view"":[""交游线"",""学术线"",""书房线""],""tags"":[""萧启庆"",""历史系同学"",""书房"",""学问""],""people"":[""李敖"",""萧启庆""],""places"":[""台湾""],""works"":[""虽千万人，李敖往矣""],""certainty"":""confirmed"",""source"":{""book"":""虽千万人，李敖往矣"",""chapter"":""044.2016年7月"",""path"":""《大李敖全集5.0》（wjm_tcy版）分章节/005.诗集语录类/005.虽千万人，李敖往矣/044.2016年7月.txt"",""line"":121},""dataFile"":""data/timeline-events-sui-qianwan-li-ao-wangyi.json""}"
"27379","2016","2016-08-02","2016年8月2日星期二","day","confirmed","潘毓刚在美国为李敖成立出版社","《2016年8月》写，李敖说自己的主力不在眼前政治挖苦，而在一部部大著作；潘毓刚已在美国为他成立出版社，李敖称自己“直攻腹心，跟美帝算账”，战场在远方。这条补出晚年海外出版布点。","李敖、潘毓刚","美国、台湾","潘毓刚、美国出版社、出版、大著作","出版线、交游线、晚年线","虽千万人，李敖往矣","","虽千万人，李敖往矣","045.2016年8月","9","《大李敖全集5.0》（wjm_tcy版）分章节/005.诗集语录类/005.虽千万人，李敖往矣/045.2016年8月.txt","","[]","data/timeline-events-sui-qianwan-li-ao-wangyi.json","sui-qianwan-2016-08-02-pan-yugang-establishes-us-publisher-for-li-ao","{""id"":""sui-qianwan-2016-08-02-pan-yugang-establishes-us-publisher-for-li-ao"",""date"":""2016-08-02"",""displayDate"":""2016年8月2日星期二"",""datePrecision"":""day"",""title"":""潘毓刚在美国为李敖成立出版社"",""summary"":""《2016年8月》写，李敖说自己的主力不在眼前政治挖苦，而在一部部大著作；潘毓刚已在美国为他成立出版社，李敖称自己“直攻腹心，跟美帝算账”，战场在远方。这条补出晚年海外出版布点。"",""view"":[""出版线"",""交游线"",""晚年线""],""tags"":[""潘毓刚"",""美国出版社"",""出版"",""大著作""],""people"":[""李敖"",""潘毓刚""],""places"":[""美国"",""台湾""],""works"":[""虽千万人，李敖往矣""],""certainty"":""confirmed"",""source"":{""book"":""虽千万人，李敖往矣"",""chapter"":""045.2016年8月"",""path"":""《大李敖全集5.0》（wjm_tcy版）分章节/005.诗集语录类/005.虽千万人，李敖往矣/045.2016年8月.txt"",""line"":9},""dataFile"":""data/timeline-events-sui-qianwan-li-ao-wangyi.json""}"
"27380","2016","2016-08-23","2016年8月23日星期二","day","confirmed","李敖记录自己在台湾六十七年收罗不少国民党史料","《2016年8月》写，李敖说自己在台湾67年，收罗到不少国民党史料，几十年后重读仍怵目惊心；他举出一册秘件《中华民国四十一年十月施政报告》，称其为陈诚手笔，并摘出其中“反攻大陆后”在废墟上重建中国的文字。","李敖、陈诚","台湾","国民党史料、陈诚、施政报告、藏书","藏书线、文献线、书房线","中华民国四十一年十月施政报告、虽千万人，李敖往矣","","虽千万人，李敖往矣","045.2016年8月","95","《大李敖全集5.0》（wjm_tcy版）分章节/005.诗集语录类/005.虽千万人，李敖往矣/045.2016年8月.txt","","[]","data/timeline-events-sui-qianwan-li-ao-wangyi.json","sui-qianwan-2016-08-23-records-kmt-documents-collected-in-taiwan","{""id"":""sui-qianwan-2016-08-23-records-kmt-documents-collected-in-taiwan"",""date"":""2016-08-23"",""displayDate"":""2016年8月23日星期二"",""datePrecision"":""day"",""title"":""李敖记录自己在台湾六十七年收罗不少国民党史料"",""summary"":""《2016年8月》写，李敖说自己在台湾67年，收罗到不少国民党史料，几十年后重读仍怵目惊心；他举出一册秘件《中华民国四十一年十月施政报告》，称其为陈诚手笔，并摘出其中“反攻大陆后”在废墟上重建中国的文字。"",""view"":[""藏书线"",""文献线"",""书房线""],""tags"":[""国民党史料"",""陈诚"",""施政报告"",""藏书""],""people"":[""李敖"",""陈诚""],""places"":[""台湾""],""works"":[""中华民国四十一年十月施政报告"",""虽千万人，李敖往矣""],""certainty"":""confirmed"",""source"":{""book"":""虽千万人，李敖往矣"",""chapter"":""045.2016年8月"",""path"":""《大李敖全集5.0》（wjm_tcy版）分章节/005.诗集语录类/005.虽千万人，李敖往矣/045.2016年8月.txt"",""line"":95},""dataFile"":""data/timeline-events-sui-qianwan-li-ao-wangyi.json""}"
"27381","2016","2016-08-29","2016年8月29日星期一","day","confirmed","李敖列出自己“不吃三粒以上花生米、不用手机、不开汽车”等生活戒条","《2016年8月》写，2016年8月29日，李敖用一长串“不”列出自己的生活习惯：不抽烟、不喝酒、不摸女人、不买股票、不打牌、不信宗教、不参加婚丧喜庆、不用信用卡、不用手机、不开汽车等，并以“我快乐”收束。这是晚年自我日常画像。","李敖","台湾","生活习惯、不用手机、不开汽车、戒条","日常线、晚年线","虽千万人，李敖往矣","","虽千万人，李敖往矣","045.2016年8月","119","《大李敖全集5.0》（wjm_tcy版）分章节/005.诗集语录类/005.虽千万人，李敖往矣/045.2016年8月.txt","","[]","data/timeline-events-sui-qianwan-li-ao-wangyi.json","sui-qianwan-2016-08-29-lists-personal-abstinences-and-daily-habits","{""id"":""sui-qianwan-2016-08-29-lists-personal-abstinences-and-daily-habits"",""date"":""2016-08-29"",""displayDate"":""2016年8月29日星期一"",""datePrecision"":""day"",""title"":""李敖列出自己“不吃三粒以上花生米、不用手机、不开汽车”等生活戒条"",""summary"":""《2016年8月》写，2016年8月29日，李敖用一长串“不”列出自己的生活习惯：不抽烟、不喝酒、不摸女人、不买股票、不打牌、不信宗教、不参加婚丧喜庆、不用信用卡、不用手机、不开汽车等，并以“我快乐”收束。这是晚年自我日常画像。"",""view"":[""日常线"",""晚年线""],""tags"":[""生活习惯"",""不用手机"",""不开汽车"",""戒条""],""people"":[""李敖""],""places"":[""台湾""],""works"":[""虽千万人，李敖往矣""],""certainty"":""confirmed"",""source"":{""book"":""虽千万人，李敖往矣"",""chapter"":""045.2016年8月"",""path"":""《大李敖全集5.0》（wjm_tcy版）分章节/005.诗集语录类/005.虽千万人，李敖往矣/045.2016年8月.txt"",""line"":119},""dataFile"":""data/timeline-events-sui-qianwan-li-ao-wangyi.json""}"
"27382","2016","2016-09-18","2016年9月18日星期日","day","confirmed","李敖半夜两腿抽筋，去小医院挂韩毅雄门诊","《2016年9月》写，李敖因半夜两腿抽筋，妨碍自己81岁的工作狂节奏，于是跑到小医院挂老同学、骨科名医韩毅雄的门诊。前一天他还写到过午不食后入睡快，但睡五小时后恶梦连连，除非两腿突发性抽筋才能从小困境中腾床而起。","李敖、韩毅雄","台湾","韩毅雄、腿抽筋、小医院、骨科、八十一岁","健康线、交游线、晚年线","虽千万人，李敖往矣","","虽千万人，李敖往矣","046.2016年9月","73","《大李敖全集5.0》（wjm_tcy版）分章节/005.诗集语录类/005.虽千万人，李敖往矣/046.2016年9月.txt","虽千万人，李敖往矣 / 046.2016年9月 / line 69 / 说明：9月17日写过午不食、恶梦与两腿突发性抽筋。 / 《大李敖全集5.0》（wjm_tcy版）分章节/005.诗集语录类/005.虽千万人，李敖往矣/046.2016年9月.txt","[{""book"":""虽千万人，李敖往矣"",""chapter"":""046.2016年9月"",""path"":""《大李敖全集5.0》（wjm_tcy版）分章节/005.诗集语录类/005.虽千万人，李敖往矣/046.2016年9月.txt"",""line"":69,""note"":""9月17日写过午不食、恶梦与两腿突发性抽筋。""}]","data/timeline-events-sui-qianwan-li-ao-wangyi.json","sui-qianwan-2016-09-18-visits-han-yixiong-clinic-for-night-leg-cramps","{""id"":""sui-qianwan-2016-09-18-visits-han-yixiong-clinic-for-night-leg-cramps"",""date"":""2016-09-18"",""displayDate"":""2016年9月18日星期日"",""datePrecision"":""day"",""title"":""李敖半夜两腿抽筋，去小医院挂韩毅雄门诊"",""summary"":""《2016年9月》写，李敖因半夜两腿抽筋，妨碍自己81岁的工作狂节奏，于是跑到小医院挂老同学、骨科名医韩毅雄的门诊。前一天他还写到过午不食后入睡快，但睡五小时后恶梦连连，除非两腿突发性抽筋才能从小困境中腾床而起。"",""view"":[""健康线"",""交游线"",""晚年线""],""tags"":[""韩毅雄"",""腿抽筋"",""小医院"",""骨科"",""八十一岁""],""people"":[""李敖"",""韩毅雄""],""places"":[""台湾""],""works"":[""虽千万人，李敖往矣""],""certainty"":""confirmed"",""source"":{""book"":""虽千万人，李敖往矣"",""chapter"":""046.2016年9月"",""path"":""《大李敖全集5.0》（wjm_tcy版）分章节/005.诗集语录类/005.虽千万人，李敖往矣/046.2016年9月.txt"",""line"":73},""additionalSources"":[{""book"":""虽千万人，李敖往矣"",""chapter"":""046.2016年9月"",""path"":""《大李敖全集5.0》（wjm_tcy版）分章节/005.诗集语录类/005.虽千万人，李敖往矣/046.2016年9月.txt"",""line"":69,""note"":""9月17日写过午不食、恶梦与两腿突发性抽筋。""}],""dataFile"":""data/timeline-events-sui-qianwan-li-ao-wangyi.json""}"
"27383","2016","2016-09-29","2016年9月29日星期四","day","confirmed","李戡清早飞往剑桥","《2016年9月》写，2016年9月29日清早，李戡飞去剑桥。李敖把剑桥写成有米尔顿桑树、罗素符号、八百年智慧尘封之地，并以“李戡勉之”作结。","李敖、李戡","剑桥、台湾","李戡、剑桥、留学、家庭","家庭线、教育线、晚年线","虽千万人，李敖往矣","","虽千万人，李敖往矣","046.2016年9月","117","《大李敖全集5.0》（wjm_tcy版）分章节/005.诗集语录类/005.虽千万人，李敖往矣/046.2016年9月.txt","","[]","data/timeline-events-sui-qianwan-li-ao-wangyi.json","sui-qianwan-2016-09-29-li-kan-flies-to-cambridge","{""id"":""sui-qianwan-2016-09-29-li-kan-flies-to-cambridge"",""date"":""2016-09-29"",""displayDate"":""2016年9月29日星期四"",""datePrecision"":""day"",""title"":""李戡清早飞往剑桥"",""summary"":""《2016年9月》写，2016年9月29日清早，李戡飞去剑桥。李敖把剑桥写成有米尔顿桑树、罗素符号、八百年智慧尘封之地，并以“李戡勉之”作结。"",""view"":[""家庭线"",""教育线"",""晚年线""],""tags"":[""李戡"",""剑桥"",""留学"",""家庭""],""people"":[""李敖"",""李戡""],""places"":[""剑桥"",""台湾""],""works"":[""虽千万人，李敖往矣""],""certainty"":""confirmed"",""source"":{""book"":""虽千万人，李敖往矣"",""chapter"":""046.2016年9月"",""path"":""《大李敖全集5.0》（wjm_tcy版）分章节/005.诗集语录类/005.虽千万人，李敖往矣/046.2016年9月.txt"",""line"":117},""dataFile"":""data/timeline-events-sui-qianwan-li-ao-wangyi.json""}"
"27384","2016","2016-10-28","2016年10月28日星期五","day","confirmed","李敖把自己的140字写作形容为快速完成全套起承转合","《2016年10月》写，李敖提到李开复《140字的惊人力量》开社交短文之道先河，但把140字写作处理成一套快速起承转合、平上去入的作业，他认为自己“居首功”。这条补出他对“哈囉李敖”短文技法的晚年自评。","李敖、李开复","台湾","140字、哈囉李敖、李开复、写作技法","写作线、网络线","虽千万人，李敖往矣、哈囉李敖、140字的惊人力量","","虽千万人，李敖往矣","047.2016年10月","113","《大李敖全集5.0》（wjm_tcy版）分章节/005.诗集语录类/005.虽千万人，李敖往矣/047.2016年10月.txt","","[]","data/timeline-events-sui-qianwan-li-ao-wangyi.json","sui-qianwan-2016-10-28-defines-his-140-character-writing-as-quick-composition","{""id"":""sui-qianwan-2016-10-28-defines-his-140-character-writing-as-quick-composition"",""date"":""2016-10-28"",""displayDate"":""2016年10月28日星期五"",""datePrecision"":""day"",""title"":""李敖把自己的140字写作形容为快速完成全套起承转合"",""summary"":""《2016年10月》写，李敖提到李开复《140字的惊人力量》开社交短文之道先河，但把140字写作处理成一套快速起承转合、平上去入的作业，他认为自己“居首功”。这条补出他对“哈囉李敖”短文技法的晚年自评。"",""view"":[""写作线"",""网络线""],""tags"":[""140字"",""哈囉李敖"",""李开复"",""写作技法""],""people"":[""李敖"",""李开复""],""places"":[""台湾""],""works"":[""虽千万人，李敖往矣"",""哈囉李敖"",""140字的惊人力量""],""certainty"":""confirmed"",""source"":{""book"":""虽千万人，李敖往矣"",""chapter"":""047.2016年10月"",""path"":""《大李敖全集5.0》（wjm_tcy版）分章节/005.诗集语录类/005.虽千万人，李敖往矣/047.2016年10月.txt"",""line"":113},""dataFile"":""data/timeline-events-sui-qianwan-li-ao-wangyi.json""}"
"27385","2016","2016-11-14","2016年11月14日星期一","day","confirmed","李敖说明自己天天在微博发言的三重目的","《2016年11月》写，李敖说自己天天在微博发言的目的有三：一是李敖不忘祖国，二是祖国不忘封锁但网开一面，三是外面假文章太多，李敖要宣示主权、一概否认。11月12日他还说明，自己每天写的不是给政权看，而是给自己留下记录，印在书里、撒在微博里。","李敖","中国大陆、台湾","微博、假文章、宣示主权、哈囉李敖、每日写作","网络线、写作线、审查线","虽千万人，李敖往矣、哈囉李敖","","虽千万人，李敖往矣","048.2016年11月","57","《大李敖全集5.0》（wjm_tcy版）分章节/005.诗集语录类/005.虽千万人，李敖往矣/048.2016年11月.txt","虽千万人，李敖往矣 / 048.2016年11月 / line 49 / 说明：11月12日说明每天写作是给自己留下记录，印在书里、撒在微博里。 / 《大李敖全集5.0》（wjm_tcy版）分章节/005.诗集语录类/005.虽千万人，李敖往矣/048.2016年11月.txt","[{""book"":""虽千万人，李敖往矣"",""chapter"":""048.2016年11月"",""path"":""《大李敖全集5.0》（wjm_tcy版）分章节/005.诗集语录类/005.虽千万人，李敖往矣/048.2016年11月.txt"",""line"":49,""note"":""11月12日说明每天写作是给自己留下记录，印在书里、撒在微博里。""}]","data/timeline-events-sui-qianwan-li-ao-wangyi.json","sui-qianwan-2016-11-14-explains-why-he-posts-on-weibo-daily","{""id"":""sui-qianwan-2016-11-14-explains-why-he-posts-on-weibo-daily"",""date"":""2016-11-14"",""displayDate"":""2016年11月14日星期一"",""datePrecision"":""day"",""title"":""李敖说明自己天天在微博发言的三重目的"",""summary"":""《2016年11月》写，李敖说自己天天在微博发言的目的有三：一是李敖不忘祖国，二是祖国不忘封锁但网开一面，三是外面假文章太多，李敖要宣示主权、一概否认。11月12日他还说明，自己每天写的不是给政权看，而是给自己留下记录，印在书里、撒在微博里。"",""view"":[""网络线"",""写作线"",""审查线""],""tags"":[""微博"",""假文章"",""宣示主权"",""哈囉李敖"",""每日写作""],""people"":[""李敖""],""places"":[""中国大陆"",""台湾""],""works"":[""虽千万人，李敖往矣"",""哈囉李敖""],""certainty"":""confirmed"",""source"":{""book"":""虽千万人，李敖往矣"",""chapter"":""048.2016年11月"",""path"":""《大李敖全集5.0》（wjm_tcy版）分章节/005.诗集语录类/005.虽千万人，李敖往矣/048.2016年11月.txt"",""line"":57},""additionalSources"":[{""book"":""虽千万人，李敖往矣"",""chapter"":""048.2016年11月"",""path"":""《大李敖全集5.0》（wjm_tcy版）分章节/005.诗集语录类/005.虽千万人，李敖往矣/048.2016年11月.txt"",""line"":49,""note"":""11月12日说明每天写作是给自己留下记录，印在书里、撒在微博里。""}],""dataFile"":""data/timeline-events-sui-qianwan-li-ao-wangyi.json""}"
"27386","2016","2016-11-18","2016年11月18日星期五","day","confirmed","陈正澄促成李敖作客百岁经济学家施建生","《2016年11月》写，经济学家施建生一百岁，盼望见李敖一面；施建生的学生陈正澄仗着与李敖67年交情，强邀李敖作客。饭后施建生寄给李敖一篇回忆，谈自己身历两次世界大战、目击共产党崛起与中国成为世界第二大经济体。","李敖、施建生、陈正澄","台湾","施建生、陈正澄、百岁、作客、经济学家","交游线、学术线、晚年线","虽千万人，李敖往矣","","虽千万人，李敖往矣","048.2016年11月","73","《大李敖全集5.0》（wjm_tcy版）分章节/005.诗集语录类/005.虽千万人，李敖往矣/048.2016年11月.txt","","[]","data/timeline-events-sui-qianwan-li-ao-wangyi.json","sui-qianwan-2016-11-18-visits-hundred-year-old-shi-jiansheng","{""id"":""sui-qianwan-2016-11-18-visits-hundred-year-old-shi-jiansheng"",""date"":""2016-11-18"",""displayDate"":""2016年11月18日星期五"",""datePrecision"":""day"",""title"":""陈正澄促成李敖作客百岁经济学家施建生"",""summary"":""《2016年11月》写，经济学家施建生一百岁，盼望见李敖一面；施建生的学生陈正澄仗着与李敖67年交情，强邀李敖作客。饭后施建生寄给李敖一篇回忆，谈自己身历两次世界大战、目击共产党崛起与中国成为世界第二大经济体。"",""view"":[""交游线"",""学术线"",""晚年线""],""tags"":[""施建生"",""陈正澄"",""百岁"",""作客"",""经济学家""],""people"":[""李敖"",""施建生"",""陈正澄""],""places"":[""台湾""],""works"":[""虽千万人，李敖往矣""],""certainty"":""confirmed"",""source"":{""book"":""虽千万人，李敖往矣"",""chapter"":""048.2016年11月"",""path"":""《大李敖全集5.0》（wjm_tcy版）分章节/005.诗集语录类/005.虽千万人，李敖往矣/048.2016年11月.txt"",""line"":73},""dataFile"":""data/timeline-events-sui-qianwan-li-ao-wangyi.json""}"
"27387","2016","2016-11-25","2016年11月25日星期五","day","confirmed","李敖说自己不与朋友来往、拆掉电视线路并日夜工作","《2016年11月》写，李敖说自己并非整天忧国忧民，事实上跟朋友不来往，电视线路也拆了；他日夜工作，但与忧国忧民没有直接关系。此时他觉得中国已无自己容身之地，孤立傲岸，只为未来喘息，并把三千万字以上文字称为遗书。","李敖","台湾","电视线路、日夜工作、遗书、孤立、三千万字","日常线、写作线、晚年线","虽千万人，李敖往矣","","虽千万人，李敖往矣","048.2016年11月","101","《大李敖全集5.0》（wjm_tcy版）分章节/005.诗集语录类/005.虽千万人，李敖往矣/048.2016年11月.txt","","[]","data/timeline-events-sui-qianwan-li-ao-wangyi.json","sui-qianwan-2016-11-25-cuts-tv-line-and-works-day-and-night","{""id"":""sui-qianwan-2016-11-25-cuts-tv-line-and-works-day-and-night"",""date"":""2016-11-25"",""displayDate"":""2016年11月25日星期五"",""datePrecision"":""day"",""title"":""李敖说自己不与朋友来往、拆掉电视线路并日夜工作"",""summary"":""《2016年11月》写，李敖说自己并非整天忧国忧民，事实上跟朋友不来往，电视线路也拆了；他日夜工作，但与忧国忧民没有直接关系。此时他觉得中国已无自己容身之地，孤立傲岸，只为未来喘息，并把三千万字以上文字称为遗书。"",""view"":[""日常线"",""写作线"",""晚年线""],""tags"":[""电视线路"",""日夜工作"",""遗书"",""孤立"",""三千万字""],""people"":[""李敖""],""places"":[""台湾""],""works"":[""虽千万人，李敖往矣""],""certainty"":""confirmed"",""source"":{""book"":""虽千万人，李敖往矣"",""chapter"":""048.2016年11月"",""path"":""《大李敖全集5.0》（wjm_tcy版）分章节/005.诗集语录类/005.虽千万人，李敖往矣/048.2016年11月.txt"",""line"":101},""dataFile"":""data/timeline-events-sui-qianwan-li-ao-wangyi.json""}"
"27388","2016","2016-11-26","2016年11月26日星期六","day","confirmed","李敖记录内蒙古文化出版社盗印《我来剥蒋介石的皮》并署名李敖","《2016年11月》写，李敖提到劳动党主席吴荣元等大学时代即被抓进牢里，又说40多年过去后，内蒙古文化出版社盗印出一本《我来剥蒋介石的皮》，著者署“李敖”。这条补出晚年仍持续出现的盗版/伪书状况。","李敖、吴荣元","内蒙古、台湾","盗印、伪书、内蒙古文化出版社、我来剥蒋介石的皮、吴荣元","出版线、盗版线、晚年线","我来剥蒋介石的皮、虽千万人，李敖往矣","","虽千万人，李敖往矣","048.2016年11月","105","《大李敖全集5.0》（wjm_tcy版）分章节/005.诗集语录类/005.虽千万人，李敖往矣/048.2016年11月.txt","","[]","data/timeline-events-sui-qianwan-li-ao-wangyi.json","sui-qianwan-2016-11-26-records-pirated-book-i-peel-chiang-kai-shek","{""id"":""sui-qianwan-2016-11-26-records-pirated-book-i-peel-chiang-kai-shek"",""date"":""2016-11-26"",""displayDate"":""2016年11月26日星期六"",""datePrecision"":""day"",""title"":""李敖记录内蒙古文化出版社盗印《我来剥蒋介石的皮》并署名李敖"",""summary"":""《2016年11月》写，李敖提到劳动党主席吴荣元等大学时代即被抓进牢里，又说40多年过去后，内蒙古文化出版社盗印出一本《我来剥蒋介石的皮》，著者署“李敖”。这条补出晚年仍持续出现的盗版/伪书状况。"",""view"":[""出版线"",""盗版线"",""晚年线""],""tags"":[""盗印"",""伪书"",""内蒙古文化出版社"",""我来剥蒋介石的皮"",""吴荣元""],""people"":[""李敖"",""吴荣元""],""places"":[""内蒙古"",""台湾""],""works"":[""我来剥蒋介石的皮"",""虽千万人，李敖往矣""],""certainty"":""confirmed"",""source"":{""book"":""虽千万人，李敖往矣"",""chapter"":""048.2016年11月"",""path"":""《大李敖全集5.0》（wjm_tcy版）分章节/005.诗集语录类/005.虽千万人，李敖往矣/048.2016年11月.txt"",""line"":105},""dataFile"":""data/timeline-events-sui-qianwan-li-ao-wangyi.json""}"
"27389","2016","2016-12-06","2016年12月6日星期二","day","confirmed","李敖记录八大山人花鸟册真货在自己手里","《2016年12月》写，李敖说台北故宫大力宣传的八大山人花鸟册被王方宇拆穿是假货，杨仁恺又透露真货原来在李敖手里。李敖借此讥讽“政权是假的，古物也是假的”，而自己抱着真货直笑。","李敖、王方宇、杨仁恺","台湾、台北故宫博物院","八大山人、花鸟册、王方宇、杨仁恺、收藏","藏书线、文物线、书房线","虽千万人，李敖往矣","","虽千万人，李敖往矣","049.2016年12月","25","《大李敖全集5.0》（wjm_tcy版）分章节/005.诗集语录类/005.虽千万人，李敖往矣/049.2016年12月.txt","","[]","data/timeline-events-sui-qianwan-li-ao-wangyi.json","sui-qianwan-2016-12-06-notes-real-bada-shanren-album-in-his-hands","{""id"":""sui-qianwan-2016-12-06-notes-real-bada-shanren-album-in-his-hands"",""date"":""2016-12-06"",""displayDate"":""2016年12月6日星期二"",""datePrecision"":""day"",""title"":""李敖记录八大山人花鸟册真货在自己手里"",""summary"":""《2016年12月》写，李敖说台北故宫大力宣传的八大山人花鸟册被王方宇拆穿是假货，杨仁恺又透露真货原来在李敖手里。李敖借此讥讽“政权是假的，古物也是假的”，而自己抱着真货直笑。"",""view"":[""藏书线"",""文物线"",""书房线""],""tags"":[""八大山人"",""花鸟册"",""王方宇"",""杨仁恺"",""收藏""],""people"":[""李敖"",""王方宇"",""杨仁恺""],""places"":[""台湾"",""台北故宫博物院""],""works"":[""虽千万人，李敖往矣""],""certainty"":""confirmed"",""source"":{""book"":""虽千万人，李敖往矣"",""chapter"":""049.2016年12月"",""path"":""《大李敖全集5.0》（wjm_tcy版）分章节/005.诗集语录类/005.虽千万人，李敖往矣/049.2016年12月.txt"",""line"":25},""dataFile"":""data/timeline-events-sui-qianwan-li-ao-wangyi.json""}"
"27390","2016","2016-12-10","2016年12月10日星期六","day","confirmed","李敖十年不开车，偶坐出租车被司机从声音认出，并写双腿不良于行","《2016年12月》写，李敖已十年不开车，也没开车必要；偶尔坐出租车，司机不关心他的长相，但听到声音立刻回头叫“李大师”。李敖说自己的声音比面容年轻，而双腿又比自己更老，已经不良于行、彳亍其行。","李敖","台湾","出租车、声音、不开车、不良于行、双腿","日常线、健康线、晚年线","虽千万人，李敖往矣","","虽千万人，李敖往矣","049.2016年12月","41","《大李敖全集5.0》（wjm_tcy版）分章节/005.诗集语录类/005.虽千万人，李敖往矣/049.2016年12月.txt","","[]","data/timeline-events-sui-qianwan-li-ao-wangyi.json","sui-qianwan-2016-12-10-taxi-driver-recognizes-voice-and-li-ao-notes-bad-legs","{""id"":""sui-qianwan-2016-12-10-taxi-driver-recognizes-voice-and-li-ao-notes-bad-legs"",""date"":""2016-12-10"",""displayDate"":""2016年12月10日星期六"",""datePrecision"":""day"",""title"":""李敖十年不开车，偶坐出租车被司机从声音认出，并写双腿不良于行"",""summary"":""《2016年12月》写，李敖已十年不开车，也没开车必要；偶尔坐出租车，司机不关心他的长相，但听到声音立刻回头叫“李大师”。李敖说自己的声音比面容年轻，而双腿又比自己更老，已经不良于行、彳亍其行。"",""view"":[""日常线"",""健康线"",""晚年线""],""tags"":[""出租车"",""声音"",""不开车"",""不良于行"",""双腿""],""people"":[""李敖""],""places"":[""台湾""],""works"":[""虽千万人，李敖往矣""],""certainty"":""confirmed"",""source"":{""book"":""虽千万人，李敖往矣"",""chapter"":""049.2016年12月"",""path"":""《大李敖全集5.0》（wjm_tcy版）分章节/005.诗集语录类/005.虽千万人，李敖往矣/049.2016年12月.txt"",""line"":41},""dataFile"":""data/timeline-events-sui-qianwan-li-ao-wangyi.json""}"
"27391","2016","2016-12-22","2016年12月22日星期四","day","confirmed","臧英年主持中央电视英语评论，来电问李敖对港澳的意见","《2016年12月》写，老友臧英年主持中央电视英语评论，电话询问李敖对港澳的意见。李敖答澳门人比香港人聪明，香港人又比台湾人“笨得快”，并由此继续评论香港、台湾与美国的关系。","李敖、臧英年","台湾、澳门、香港","臧英年、中央电视英语评论、港澳、电话","交游线、媒体线、晚年线","虽千万人，李敖往矣","","虽千万人，李敖往矣","049.2016年12月","91","《大李敖全集5.0》（wjm_tcy版）分章节/005.诗集语录类/005.虽千万人，李敖往矣/049.2016年12月.txt","","[]","data/timeline-events-sui-qianwan-li-ao-wangyi.json","sui-qianwan-2016-12-22-zang-yingnian-calls-about-hong-kong-and-macau","{""id"":""sui-qianwan-2016-12-22-zang-yingnian-calls-about-hong-kong-and-macau"",""date"":""2016-12-22"",""displayDate"":""2016年12月22日星期四"",""datePrecision"":""day"",""title"":""臧英年主持中央电视英语评论，来电问李敖对港澳的意见"",""summary"":""《2016年12月》写，老友臧英年主持中央电视英语评论，电话询问李敖对港澳的意见。李敖答澳门人比香港人聪明，香港人又比台湾人“笨得快”，并由此继续评论香港、台湾与美国的关系。"",""view"":[""交游线"",""媒体线"",""晚年线""],""tags"":[""臧英年"",""中央电视英语评论"",""港澳"",""电话""],""people"":[""李敖"",""臧英年""],""places"":[""台湾"",""澳门"",""香港""],""works"":[""虽千万人，李敖往矣""],""certainty"":""confirmed"",""source"":{""book"":""虽千万人，李敖往矣"",""chapter"":""049.2016年12月"",""path"":""《大李敖全集5.0》（wjm_tcy版）分章节/005.诗集语录类/005.虽千万人，李敖往矣/049.2016年12月.txt"",""line"":91},""dataFile"":""data/timeline-events-sui-qianwan-li-ao-wangyi.json""}"
"27392","2017","2017-01-21","2017年1月21日","day","confirmed","李敖在飞页书屋从《阳痿美国》美元九一一和台湾关系法说美国不会保护台湾","李敖说《阳痿美国》批美国，提到美元、九一一和《台湾关系法》，结论是美国不会真正保护台湾。","李敖","台北、美国","李敖演讲集、演讲、飞页书屋、文星、晚年演讲、阳痿美国、美元、九一一、台湾关系法、美国","演讲线、公共事件线","李敖演讲集、054.20170121李敖飞页书屋演讲、阳痿美国、台湾关系法","","李敖演讲集","054.20170121李敖飞页书屋演讲","197","《大李敖全集5.0》（wjm_tcy版）分章节/010.节目演讲类/011.李敖演讲集/054.20170121李敖飞页书屋演讲.txt","","[]","data/timeline-events-li-ao-yanjiangji.json","li-ao-yanjiangji-054-connects-yangwei-america-dollar-and-tra-to-america-not-protecting-taiwan","{""id"":""li-ao-yanjiangji-054-connects-yangwei-america-dollar-and-tra-to-america-not-protecting-taiwan"",""date"":""2017-01-21"",""displayDate"":""2017年1月21日"",""datePrecision"":""day"",""title"":""李敖在飞页书屋从《阳痿美国》美元九一一和台湾关系法说美国不会保护台湾"",""summary"":""李敖说《阳痿美国》批美国，提到美元、九一一和《台湾关系法》，结论是美国不会真正保护台湾。"",""view"":[""演讲线"",""公共事件线""],""tags"":[""李敖演讲集"",""演讲"",""飞页书屋"",""文星"",""晚年演讲"",""阳痿美国"",""美元"",""九一一"",""台湾关系法"",""美国""],""people"":[""李敖""],""places"":[""台北"",""美国""],""works"":[""李敖演讲集"",""054.20170121李敖飞页书屋演讲"",""阳痿美国"",""台湾关系法""],""certainty"":""confirmed"",""source"":{""book"":""李敖演讲集"",""chapter"":""054.20170121李敖飞页书屋演讲"",""path"":""《大李敖全集5.0》（wjm_tcy版）分章节/010.节目演讲类/011.李敖演讲集/054.20170121李敖飞页书屋演讲.txt"",""line"":197,""lines"":[197,199,201,202]},""crossReferences"":[],""dataFile"":""data/timeline-events-li-ao-yanjiangji.json""}"
"27393","2017","2017-01-21","2017年1月21日","day","confirmed","李敖在飞页书屋区分真假文星并回忆许倬云封面案赢八百万","李敖说展览中的文星有真有假，真正的文星从他进入后才开始，后来到九十九期被禁；萧孟能复刊失败，他又提到因许倬云封面赢得八百万元诉讼。","李敖、许倬云、萧孟能","台北","李敖演讲集、演讲、飞页书屋、文星、晚年演讲、许倬云、萧孟能、诉讼、八百万","演讲线、公共事件线","李敖演讲集、054.20170121李敖飞页书屋演讲","","李敖演讲集","054.20170121李敖飞页书屋演讲","19","《大李敖全集5.0》（wjm_tcy版）分章节/010.节目演讲类/011.李敖演讲集/054.20170121李敖飞页书屋演讲.txt","","[]","data/timeline-events-li-ao-yanjiangji.json","li-ao-yanjiangji-054-distinguishes-real-and-fake-wenxing-and-recalls-xu-zhuoyun-lawsuit","{""id"":""li-ao-yanjiangji-054-distinguishes-real-and-fake-wenxing-and-recalls-xu-zhuoyun-lawsuit"",""date"":""2017-01-21"",""displayDate"":""2017年1月21日"",""datePrecision"":""day"",""title"":""李敖在飞页书屋区分真假文星并回忆许倬云封面案赢八百万"",""summary"":""李敖说展览中的文星有真有假，真正的文星从他进入后才开始，后来到九十九期被禁；萧孟能复刊失败，他又提到因许倬云封面赢得八百万元诉讼。"",""view"":[""演讲线"",""公共事件线""],""tags"":[""李敖演讲集"",""演讲"",""飞页书屋"",""文星"",""晚年演讲"",""许倬云"",""萧孟能"",""诉讼"",""八百万""],""people"":[""李敖"",""许倬云"",""萧孟能""],""places"":[""台北""],""works"":[""李敖演讲集"",""054.20170121李敖飞页书屋演讲""],""certainty"":""confirmed"",""source"":{""book"":""李敖演讲集"",""chapter"":""054.20170121李敖飞页书屋演讲"",""path"":""《大李敖全集5.0》（wjm_tcy版）分章节/010.节目演讲类/011.李敖演讲集/054.20170121李敖飞页书屋演讲.txt"",""line"":19,""lines"":[19]},""crossReferences"":[],""dataFile"":""data/timeline-events-li-ao-yanjiangji.json""}"
"27394","2017","2017-01-21","2017年1月21日","day","confirmed","李敖在飞页书屋开场说脑瘤压迫腿神经医生估他剩三年","李敖在飞页书屋说左腿失灵仍因礼貌站着演讲，脑瘤病例罕见且压迫腿神经，医生估计他大约还有三年。","李敖","台北","李敖演讲集、演讲、飞页书屋、文星、晚年演讲、脑瘤、左腿、医生、三年、最后演讲","演讲线、公共事件线","李敖演讲集、054.20170121李敖飞页书屋演讲","","李敖演讲集","054.20170121李敖飞页书屋演讲","17","《大李敖全集5.0》（wjm_tcy版）分章节/010.节目演讲类/011.李敖演讲集/054.20170121李敖飞页书屋演讲.txt","","[]","data/timeline-events-li-ao-yanjiangji.json","li-ao-yanjiangji-054-opens-flypage-talk-with-brain-tumor-leg-impairment-and-three-years-left","{""id"":""li-ao-yanjiangji-054-opens-flypage-talk-with-brain-tumor-leg-impairment-and-three-years-left"",""date"":""2017-01-21"",""displayDate"":""2017年1月21日"",""datePrecision"":""day"",""title"":""李敖在飞页书屋开场说脑瘤压迫腿神经医生估他剩三年"",""summary"":""李敖在飞页书屋说左腿失灵仍因礼貌站着演讲，脑瘤病例罕见且压迫腿神经，医生估计他大约还有三年。"",""view"":[""演讲线"",""公共事件线""],""tags"":[""李敖演讲集"",""演讲"",""飞页书屋"",""文星"",""晚年演讲"",""脑瘤"",""左腿"",""医生"",""三年"",""最后演讲""],""people"":[""李敖""],""places"":[""台北""],""works"":[""李敖演讲集"",""054.20170121李敖飞页书屋演讲""],""certainty"":""confirmed"",""source"":{""book"":""李敖演讲集"",""chapter"":""054.20170121李敖飞页书屋演讲"",""path"":""《大李敖全集5.0》（wjm_tcy版）分章节/010.节目演讲类/011.李敖演讲集/054.20170121李敖飞页书屋演讲.txt"",""line"":17,""lines"":[17]},""crossReferences"":[],""dataFile"":""data/timeline-events-li-ao-yanjiangji.json""}"
"27395","2017","2017-01-21","2017年1月21日","day","confirmed","李敖在飞页书屋认出林衡哲与文星译作《当代智慧人物访问录》","李敖在现场认出林衡哲，记得他和文星翻译《当代智慧人物访问录》的关系。","李敖、林衡哲","台北","李敖演讲集、演讲、飞页书屋、文星、晚年演讲、林衡哲、翻译","演讲线、公共事件线","李敖演讲集、054.20170121李敖飞页书屋演讲、当代智慧人物访问录","","李敖演讲集","054.20170121李敖飞页书屋演讲","33","《大李敖全集5.0》（wjm_tcy版）分章节/010.节目演讲类/011.李敖演讲集/054.20170121李敖飞页书屋演讲.txt","","[]","data/timeline-events-li-ao-yanjiangji.json","li-ao-yanjiangji-054-recognizes-lin-hengzhe-from-wenxing-translation","{""id"":""li-ao-yanjiangji-054-recognizes-lin-hengzhe-from-wenxing-translation"",""date"":""2017-01-21"",""displayDate"":""2017年1月21日"",""datePrecision"":""day"",""title"":""李敖在飞页书屋认出林衡哲与文星译作《当代智慧人物访问录》"",""summary"":""李敖在现场认出林衡哲，记得他和文星翻译《当代智慧人物访问录》的关系。"",""view"":[""演讲线"",""公共事件线""],""tags"":[""李敖演讲集"",""演讲"",""飞页书屋"",""文星"",""晚年演讲"",""林衡哲"",""翻译""],""people"":[""李敖"",""林衡哲""],""places"":[""台北""],""works"":[""李敖演讲集"",""054.20170121李敖飞页书屋演讲"",""当代智慧人物访问录""],""certainty"":""confirmed"",""source"":{""book"":""李敖演讲集"",""chapter"":""054.20170121李敖飞页书屋演讲"",""path"":""《大李敖全集5.0》（wjm_tcy版）分章节/010.节目演讲类/011.李敖演讲集/054.20170121李敖飞页书屋演讲.txt"",""line"":33,""lines"":[33]},""crossReferences"":[],""dataFile"":""data/timeline-events-li-ao-yanjiangji.json""}"
"27396","2017","2017-01-21","2017年1月21日","day","confirmed","李敖在飞页书屋用《第73烈士》说蒋介石篡夺革命且台湾人必须学会不服从","李敖从《第73烈士》谈黄花岗没有浙江人、蒋介石篡夺革命，再说台湾一路受清朝、日本、国民党和后来权力影响，真正的人必须学会不服从并承受名誉和没有同志的代价。","李敖、蒋介石","台北","李敖演讲集、演讲、飞页书屋、文星、晚年演讲、第73烈士、黄花岗、蒋介石、不服从、台湾","演讲线、公共事件线","李敖演讲集、054.20170121李敖飞页书屋演讲、第73烈士","","李敖演讲集","054.20170121李敖飞页书屋演讲","258","《大李敖全集5.0》（wjm_tcy版）分章节/010.节目演讲类/011.李敖演讲集/054.20170121李敖飞页书屋演讲.txt","","[]","data/timeline-events-li-ao-yanjiangji.json","li-ao-yanjiangji-054-uses-seventy-third-martyr-to-say-chiang-usurped-revolution-and-people-must-disobey","{""id"":""li-ao-yanjiangji-054-uses-seventy-third-martyr-to-say-chiang-usurped-revolution-and-people-must-disobey"",""date"":""2017-01-21"",""displayDate"":""2017年1月21日"",""datePrecision"":""day"",""title"":""李敖在飞页书屋用《第73烈士》说蒋介石篡夺革命且台湾人必须学会不服从"",""summary"":""李敖从《第73烈士》谈黄花岗没有浙江人、蒋介石篡夺革命，再说台湾一路受清朝、日本、国民党和后来权力影响，真正的人必须学会不服从并承受名誉和没有同志的代价。"",""view"":[""演讲线"",""公共事件线""],""tags"":[""李敖演讲集"",""演讲"",""飞页书屋"",""文星"",""晚年演讲"",""第73烈士"",""黄花岗"",""蒋介石"",""不服从"",""台湾""],""people"":[""李敖"",""蒋介石""],""places"":[""台北""],""works"":[""李敖演讲集"",""054.20170121李敖飞页书屋演讲"",""第73烈士""],""certainty"":""confirmed"",""source"":{""book"":""李敖演讲集"",""chapter"":""054.20170121李敖飞页书屋演讲"",""path"":""《大李敖全集5.0》（wjm_tcy版）分章节/010.节目演讲类/011.李敖演讲集/054.20170121李敖飞页书屋演讲.txt"",""line"":258,""lines"":[258,260]},""crossReferences"":[],""dataFile"":""data/timeline-events-li-ao-yanjiangji.json""}"
"27397","2017","2017-01-21","2017年1月21日","day","confirmed","李敖在飞页书屋用《蓝色的毛毯》和李远哲评判逃出去又回来的人","李敖讲《蓝色的毛毯》故事，并说李远哲本是美国公民和诺贝尔奖得主，逃出去后回来帮台湾却把教育改革做成灾难，还让中研院制度自肥。","李敖、李远哲","台北","李敖演讲集、演讲、飞页书屋、文星、晚年演讲、蓝色的毛毯、李远哲、教育改革、中研院、诺贝尔奖","演讲线、公共事件线","李敖演讲集、054.20170121李敖飞页书屋演讲、蓝色的毛毯","","李敖演讲集","054.20170121李敖飞页书屋演讲","260","《大李敖全集5.0》（wjm_tcy版）分章节/010.节目演讲类/011.李敖演讲集/054.20170121李敖飞页书屋演讲.txt","","[]","data/timeline-events-li-ao-yanjiangji.json","li-ao-yanjiangji-054-uses-blue-blanket-and-li-yuanzhe-to-judge-returned-escapee-disaster","{""id"":""li-ao-yanjiangji-054-uses-blue-blanket-and-li-yuanzhe-to-judge-returned-escapee-disaster"",""date"":""2017-01-21"",""displayDate"":""2017年1月21日"",""datePrecision"":""day"",""title"":""李敖在飞页书屋用《蓝色的毛毯》和李远哲评判逃出去又回来的人"",""summary"":""李敖讲《蓝色的毛毯》故事，并说李远哲本是美国公民和诺贝尔奖得主，逃出去后回来帮台湾却把教育改革做成灾难，还让中研院制度自肥。"",""view"":[""演讲线"",""公共事件线""],""tags"":[""李敖演讲集"",""演讲"",""飞页书屋"",""文星"",""晚年演讲"",""蓝色的毛毯"",""李远哲"",""教育改革"",""中研院"",""诺贝尔奖""],""people"":[""李敖"",""李远哲""],""places"":[""台北""],""works"":[""李敖演讲集"",""054.20170121李敖飞页书屋演讲"",""蓝色的毛毯""],""certainty"":""confirmed"",""source"":{""book"":""李敖演讲集"",""chapter"":""054.20170121李敖飞页书屋演讲"",""path"":""《大李敖全集5.0》（wjm_tcy版）分章节/010.节目演讲类/011.李敖演讲集/054.20170121李敖飞页书屋演讲.txt"",""line"":260,""lines"":[260,262]},""crossReferences"":[],""dataFile"":""data/timeline-events-li-ao-yanjiangji.json""}"
"27398","2017","2017-01-21","2017年1月21日","day","confirmed","李敖在飞页书屋用毛诗注释漏刘志逊说明《文星》也挖共产党根","李敖说《文星》式挖根也可挖共产党根，例如毛泽东诗注释没有讲刘志逊被共产党杀害这层历史。","李敖、毛泽东、刘志逊","台北","李敖演讲集、演讲、飞页书屋、文星、晚年演讲、毛泽东、刘志逊、共产党、挖根","演讲线、公共事件线","李敖演讲集、054.20170121李敖飞页书屋演讲","li-ao-yanjiangji-050-uses-mao-poem-liu-zhixun-and-wang-shiwei-to-discuss-own-side-killings、li-ao-youhua-shuo-644-shows-dictionary-entry-on-liu-zhixun-wrongful-killing、li-ao-yumiao-tianxia-062-shows-liu-zhixun-photo-and-own-side-killing","李敖演讲集","054.20170121李敖飞页书屋演讲","129","《大李敖全集5.0》（wjm_tcy版）分章节/010.节目演讲类/011.李敖演讲集/054.20170121李敖飞页书屋演讲.txt","","[]","data/timeline-events-li-ao-yanjiangji.json","li-ao-yanjiangji-054-uses-mao-poem-and-liu-zhixun-to-dig-ccp-roots-through-wenxing-method","{""id"":""li-ao-yanjiangji-054-uses-mao-poem-and-liu-zhixun-to-dig-ccp-roots-through-wenxing-method"",""date"":""2017-01-21"",""displayDate"":""2017年1月21日"",""datePrecision"":""day"",""title"":""李敖在飞页书屋用毛诗注释漏刘志逊说明《文星》也挖共产党根"",""summary"":""李敖说《文星》式挖根也可挖共产党根，例如毛泽东诗注释没有讲刘志逊被共产党杀害这层历史。"",""view"":[""演讲线"",""公共事件线""],""tags"":[""李敖演讲集"",""演讲"",""飞页书屋"",""文星"",""晚年演讲"",""毛泽东"",""刘志逊"",""共产党"",""挖根""],""people"":[""李敖"",""毛泽东"",""刘志逊""],""places"":[""台北""],""works"":[""李敖演讲集"",""054.20170121李敖飞页书屋演讲""],""certainty"":""confirmed"",""source"":{""book"":""李敖演讲集"",""chapter"":""054.20170121李敖飞页书屋演讲"",""path"":""《大李敖全集5.0》（wjm_tcy版）分章节/010.节目演讲类/011.李敖演讲集/054.20170121李敖飞页书屋演讲.txt"",""line"":129,""lines"":[129]},""crossReferences"":[""li-ao-yanjiangji-050-uses-mao-poem-liu-zhixun-and-wang-shiwei-to-discuss-own-side-killings"",""li-ao-youhua-shuo-644-shows-dictionary-entry-on-liu-zhixun-wrongful-killing"",""li-ao-yumiao-tianxia-062-shows-liu-zhixun-photo-and-own-side-killing""],""dataFile"":""data/timeline-events-li-ao-yanjiangji.json""}"
"27399","2017","2017-01-21","2017年1月21日","day","confirmed","李敖在飞页书屋用电影和柯达比喻出版业衰落","李敖说沈登恩相信出版还能被拯救是错的，出版像胶片和柯达一样正在被时代淘汰。","李敖、沈登恩","台北","李敖演讲集、演讲、飞页书屋、文星、晚年演讲、出版业、柯达、电影、衰落","演讲线、公共事件线","李敖演讲集、054.20170121李敖飞页书屋演讲","","李敖演讲集","054.20170121李敖飞页书屋演讲","25","《大李敖全集5.0》（wjm_tcy版）分章节/010.节目演讲类/011.李敖演讲集/054.20170121李敖飞页书屋演讲.txt","","[]","data/timeline-events-li-ao-yanjiangji.json","li-ao-yanjiangji-054-compares-publishing-decline-to-film-and-kodak","{""id"":""li-ao-yanjiangji-054-compares-publishing-decline-to-film-and-kodak"",""date"":""2017-01-21"",""displayDate"":""2017年1月21日"",""datePrecision"":""day"",""title"":""李敖在飞页书屋用电影和柯达比喻出版业衰落"",""summary"":""李敖说沈登恩相信出版还能被拯救是错的，出版像胶片和柯达一样正在被时代淘汰。"",""view"":[""演讲线"",""公共事件线""],""tags"":[""李敖演讲集"",""演讲"",""飞页书屋"",""文星"",""晚年演讲"",""出版业"",""柯达"",""电影"",""衰落""],""people"":[""李敖"",""沈登恩""],""places"":[""台北""],""works"":[""李敖演讲集"",""054.20170121李敖飞页书屋演讲""],""certainty"":""confirmed"",""source"":{""book"":""李敖演讲集"",""chapter"":""054.20170121李敖飞页书屋演讲"",""path"":""《大李敖全集5.0》（wjm_tcy版）分章节/010.节目演讲类/011.李敖演讲集/054.20170121李敖飞页书屋演讲.txt"",""line"":25,""lines"":[25]},""crossReferences"":[],""dataFile"":""data/timeline-events-li-ao-yanjiangji.json""}"
"27400","2017","2017-01-21","2017年1月21日","day","confirmed","李敖在飞页书屋纠正自己没有婚纱合照和戒指只有易拉罐环","李敖说照片说明有误，他没有婚纱合照，也没有戒指，只曾用易拉罐拉环当戒指，婚纱照是妻子自己去拍的。","李敖","台北","李敖演讲集、演讲、飞页书屋、文星、晚年演讲、婚礼、照片、戒指、易拉罐环","演讲线、公共事件线","李敖演讲集、054.20170121李敖飞页书屋演讲","","李敖演讲集","054.20170121李敖飞页书屋演讲","23","《大李敖全集5.0》（wjm_tcy版）分章节/010.节目演讲类/011.李敖演讲集/054.20170121李敖飞页书屋演讲.txt","","[]","data/timeline-events-li-ao-yanjiangji.json","li-ao-yanjiangji-054-corrects-wedding-photo-and-pull-tab-ring-story","{""id"":""li-ao-yanjiangji-054-corrects-wedding-photo-and-pull-tab-ring-story"",""date"":""2017-01-21"",""displayDate"":""2017年1月21日"",""datePrecision"":""day"",""title"":""李敖在飞页书屋纠正自己没有婚纱合照和戒指只有易拉罐环"",""summary"":""李敖说照片说明有误，他没有婚纱合照，也没有戒指，只曾用易拉罐拉环当戒指，婚纱照是妻子自己去拍的。"",""view"":[""演讲线"",""公共事件线""],""tags"":[""李敖演讲集"",""演讲"",""飞页书屋"",""文星"",""晚年演讲"",""婚礼"",""照片"",""戒指"",""易拉罐环""],""people"":[""李敖""],""places"":[""台北""],""works"":[""李敖演讲集"",""054.20170121李敖飞页书屋演讲""],""certainty"":""confirmed"",""source"":{""book"":""李敖演讲集"",""chapter"":""054.20170121李敖飞页书屋演讲"",""path"":""《大李敖全集5.0》（wjm_tcy版）分章节/010.节目演讲类/011.李敖演讲集/054.20170121李敖飞页书屋演讲.txt"",""line"":23,""lines"":[23]},""crossReferences"":[],""dataFile"":""data/timeline-events-li-ao-yanjiangji.json""}"
"27401","2017","2017-01-21","2017年1月21日","day","confirmed","李敖在飞页书屋回忆二〇〇五年北大清华复旦演讲及打着红旗反红旗得罪共产党","李敖回忆二〇〇五年到北大、清华、复旦演讲，开红地毯玩笑，并用“打着红旗反红旗”谈毛泽东，因而得罪共产党。","李敖、毛泽东","台北、北京大学、清华大学、复旦大学","李敖演讲集、演讲、飞页书屋、文星、晚年演讲、神州文化之旅、北京大学、清华大学、复旦大学、毛泽东","演讲线、公共事件线","李敖演讲集、054.20170121李敖飞页书屋演讲","","李敖演讲集","054.20170121李敖飞页书屋演讲","91","《大李敖全集5.0》（wjm_tcy版）分章节/010.节目演讲类/011.李敖演讲集/054.20170121李敖飞页书屋演讲.txt","","[]","data/timeline-events-li-ao-yanjiangji.json","li-ao-yanjiangji-054-recalls-2005-mainland-campus-tour-and-offending-ccp-with-red-flag-line","{""id"":""li-ao-yanjiangji-054-recalls-2005-mainland-campus-tour-and-offending-ccp-with-red-flag-line"",""date"":""2017-01-21"",""displayDate"":""2017年1月21日"",""datePrecision"":""day"",""title"":""李敖在飞页书屋回忆二〇〇五年北大清华复旦演讲及打着红旗反红旗得罪共产党"",""summary"":""李敖回忆二〇〇五年到北大、清华、复旦演讲，开红地毯玩笑，并用“打着红旗反红旗”谈毛泽东，因而得罪共产党。"",""view"":[""演讲线"",""公共事件线""],""tags"":[""李敖演讲集"",""演讲"",""飞页书屋"",""文星"",""晚年演讲"",""神州文化之旅"",""北京大学"",""清华大学"",""复旦大学"",""毛泽东""],""people"":[""李敖"",""毛泽东""],""places"":[""台北"",""北京大学"",""清华大学"",""复旦大学""],""works"":[""李敖演讲集"",""054.20170121李敖飞页书屋演讲""],""certainty"":""confirmed"",""source"":{""book"":""李敖演讲集"",""chapter"":""054.20170121李敖飞页书屋演讲"",""path"":""《大李敖全集5.0》（wjm_tcy版）分章节/010.节目演讲类/011.李敖演讲集/054.20170121李敖飞页书屋演讲.txt"",""line"":91,""lines"":[91,93]},""crossReferences"":[],""dataFile"":""data/timeline-events-li-ao-yanjiangji.json""}"
"27402","2017","2017-01-21","2017年1月21日","day","confirmed","李敖在飞页书屋回忆沈登恩出钱出版并相信他出狱后还能回来","李敖说沈登恩的妻子付钱让书能出版，沈登恩在他出狱后见到他，判断他仍是作家、还能回来；他则曾在出狱后把自己关了五个半月，最后被国安局拉出来。","李敖、沈登恩","台北","李敖演讲集、演讲、飞页书屋、文星、晚年演讲、沈登恩、出狱、出版、国安局、五个半月","演讲线、公共事件线","李敖演讲集、054.20170121李敖飞页书屋演讲","","李敖演讲集","054.20170121李敖飞页书屋演讲","25","《大李敖全集5.0》（wjm_tcy版）分章节/010.节目演讲类/011.李敖演讲集/054.20170121李敖飞页书屋演讲.txt","","[]","data/timeline-events-li-ao-yanjiangji.json","li-ao-yanjiangji-054-recalls-shen-dengen-backing-him-after-prison-and-his-five-month-lockup","{""id"":""li-ao-yanjiangji-054-recalls-shen-dengen-backing-him-after-prison-and-his-five-month-lockup"",""date"":""2017-01-21"",""displayDate"":""2017年1月21日"",""datePrecision"":""day"",""title"":""李敖在飞页书屋回忆沈登恩出钱出版并相信他出狱后还能回来"",""summary"":""李敖说沈登恩的妻子付钱让书能出版，沈登恩在他出狱后见到他，判断他仍是作家、还能回来；他则曾在出狱后把自己关了五个半月，最后被国安局拉出来。"",""view"":[""演讲线"",""公共事件线""],""tags"":[""李敖演讲集"",""演讲"",""飞页书屋"",""文星"",""晚年演讲"",""沈登恩"",""出狱"",""出版"",""国安局"",""五个半月""],""people"":[""李敖"",""沈登恩""],""places"":[""台北""],""works"":[""李敖演讲集"",""054.20170121李敖飞页书屋演讲""],""certainty"":""confirmed"",""source"":{""book"":""李敖演讲集"",""chapter"":""054.20170121李敖飞页书屋演讲"",""path"":""《大李敖全集5.0》（wjm_tcy版）分章节/010.节目演讲类/011.李敖演讲集/054.20170121李敖飞页书屋演讲.txt"",""line"":25,""lines"":[25]},""crossReferences"":[],""dataFile"":""data/timeline-events-li-ao-yanjiangji.json""}"
"27403","2017","2017-01-21","2017年1月21日","day","confirmed","李敖在飞页书屋回忆沈登恩高信疆帮他复出并为高信疆买墓","李敖说沈登恩最有眼光的是《尹县长》，后来沈登恩经高信疆和《中国时报》支持他复出；高信疆去世后，他不去追悼会，而花六十万为高买墓。","李敖、沈登恩、高信疆","台北","李敖演讲集、演讲、飞页书屋、文星、晚年演讲、沈登恩、高信疆、中国时报、复出、墓地","演讲线、公共事件线","李敖演讲集、054.20170121李敖飞页书屋演讲、尹县长、中国时报","","李敖演讲集","054.20170121李敖飞页书屋演讲","50","《大李敖全集5.0》（wjm_tcy版）分章节/010.节目演讲类/011.李敖演讲集/054.20170121李敖飞页书屋演讲.txt","","[]","data/timeline-events-li-ao-yanjiangji.json","li-ao-yanjiangji-054-recalls-shen-dengen-gao-xinjiang-and-buying-grave-for-gao","{""id"":""li-ao-yanjiangji-054-recalls-shen-dengen-gao-xinjiang-and-buying-grave-for-gao"",""date"":""2017-01-21"",""displayDate"":""2017年1月21日"",""datePrecision"":""day"",""title"":""李敖在飞页书屋回忆沈登恩高信疆帮他复出并为高信疆买墓"",""summary"":""李敖说沈登恩最有眼光的是《尹县长》，后来沈登恩经高信疆和《中国时报》支持他复出；高信疆去世后，他不去追悼会，而花六十万为高买墓。"",""view"":[""演讲线"",""公共事件线""],""tags"":[""李敖演讲集"",""演讲"",""飞页书屋"",""文星"",""晚年演讲"",""沈登恩"",""高信疆"",""中国时报"",""复出"",""墓地""],""people"":[""李敖"",""沈登恩"",""高信疆""],""places"":[""台北""],""works"":[""李敖演讲集"",""054.20170121李敖飞页书屋演讲"",""尹县长"",""中国时报""],""certainty"":""confirmed"",""source"":{""book"":""李敖演讲集"",""chapter"":""054.20170121李敖飞页书屋演讲"",""path"":""《大李敖全集5.0》（wjm_tcy版）分章节/010.节目演讲类/011.李敖演讲集/054.20170121李敖飞页书屋演讲.txt"",""line"":50,""lines"":[50,51,53]},""crossReferences"":[],""dataFile"":""data/timeline-events-li-ao-yanjiangji.json""}"
"27404","2017","2017-01-21","2017年1月21日","day","confirmed","李敖在飞页书屋回顾从TVBS华视到凤凰卫视《李敖有话说》的电视曝光","李敖回忆早期有线电视、TVBS、华视和苏逸洪，再说刘长乐和凤凰卫视开价促成《李敖有话说》，北京要求三月七日付款三月八日开播。","李敖、苏逸洪、刘长乐","台北","李敖演讲集、演讲、飞页书屋、文星、晚年演讲、电视、TVBS、华视、凤凰卫视、李敖有话说","演讲线、公共事件线","李敖演讲集、054.20170121李敖飞页书屋演讲、李敖有话说","","李敖演讲集","054.20170121李敖飞页书屋演讲","83","《大李敖全集5.0》（wjm_tcy版）分章节/010.节目演讲类/011.李敖演讲集/054.20170121李敖飞页书屋演讲.txt","","[]","data/timeline-events-li-ao-yanjiangji.json","li-ao-yanjiangji-054-traces-tv-exposure-from-tvbs-to-phoenix-and-youhuashuo","{""id"":""li-ao-yanjiangji-054-traces-tv-exposure-from-tvbs-to-phoenix-and-youhuashuo"",""date"":""2017-01-21"",""displayDate"":""2017年1月21日"",""datePrecision"":""day"",""title"":""李敖在飞页书屋回顾从TVBS华视到凤凰卫视《李敖有话说》的电视曝光"",""summary"":""李敖回忆早期有线电视、TVBS、华视和苏逸洪，再说刘长乐和凤凰卫视开价促成《李敖有话说》，北京要求三月七日付款三月八日开播。"",""view"":[""演讲线"",""公共事件线""],""tags"":[""李敖演讲集"",""演讲"",""飞页书屋"",""文星"",""晚年演讲"",""电视"",""TVBS"",""华视"",""凤凰卫视"",""李敖有话说""],""people"":[""李敖"",""苏逸洪"",""刘长乐""],""places"":[""台北""],""works"":[""李敖演讲集"",""054.20170121李敖飞页书屋演讲"",""李敖有话说""],""certainty"":""confirmed"",""source"":{""book"":""李敖演讲集"",""chapter"":""054.20170121李敖飞页书屋演讲"",""path"":""《大李敖全集5.0》（wjm_tcy版）分章节/010.节目演讲类/011.李敖演讲集/054.20170121李敖飞页书屋演讲.txt"",""line"":83,""lines"":[83,85,87,89]},""crossReferences"":[],""dataFile"":""data/timeline-events-li-ao-yanjiangji.json""}"
"27405","2017","2017-01-21","2017年1月21日","day","confirmed","李敖在飞页书屋批马英九军购比陈水扁李登辉更多又捐钱给日本","李敖说马英九买的美国武器比陈水扁和李登辉还多，并非亲北京；他又批台湾捐日本六十六亿新台币，日本仍轻视台湾。","李敖、马英九、陈水扁、李登辉、林全","台北、日本、美国","李敖演讲集、演讲、飞页书屋、文星、晚年演讲、马英九、军购、日本、陈水扁、李登辉","演讲线、公共事件线","李敖演讲集、054.20170121李敖飞页书屋演讲","","李敖演讲集","054.20170121李敖飞页书屋演讲","204","《大李敖全集5.0》（wjm_tcy版）分章节/010.节目演讲类/011.李敖演讲集/054.20170121李敖飞页书屋演讲.txt","","[]","data/timeline-events-li-ao-yanjiangji.json","li-ao-yanjiangji-054-criticizes-ma-yingjeou-arms-purchases-and-japan-donation","{""id"":""li-ao-yanjiangji-054-criticizes-ma-yingjeou-arms-purchases-and-japan-donation"",""date"":""2017-01-21"",""displayDate"":""2017年1月21日"",""datePrecision"":""day"",""title"":""李敖在飞页书屋批马英九军购比陈水扁李登辉更多又捐钱给日本"",""summary"":""李敖说马英九买的美国武器比陈水扁和李登辉还多，并非亲北京；他又批台湾捐日本六十六亿新台币，日本仍轻视台湾。"",""view"":[""演讲线"",""公共事件线""],""tags"":[""李敖演讲集"",""演讲"",""飞页书屋"",""文星"",""晚年演讲"",""马英九"",""军购"",""日本"",""陈水扁"",""李登辉""],""people"":[""李敖"",""马英九"",""陈水扁"",""李登辉"",""林全""],""places"":[""台北"",""日本"",""美国""],""works"":[""李敖演讲集"",""054.20170121李敖飞页书屋演讲""],""certainty"":""confirmed"",""source"":{""book"":""李敖演讲集"",""chapter"":""054.20170121李敖飞页书屋演讲"",""path"":""《大李敖全集5.0》（wjm_tcy版）分章节/010.节目演讲类/011.李敖演讲集/054.20170121李敖飞页书屋演讲.txt"",""line"":204,""lines"":[204,206]},""crossReferences"":[],""dataFile"":""data/timeline-events-li-ao-yanjiangji.json""}"
"27406","2017","2017-01-21","2017年1月21日","day","confirmed","李敖在飞页书屋批台湾现代文学名家没有真正才华","李敖批评陈若曦、白先勇、王文兴、台静农和余光中等台湾现代文学人物，认为他们缺乏真正才华，诗人也应反对政府。","李敖、陈若曦、白先勇、王文兴、台静农、余光中","台北","李敖演讲集、演讲、飞页书屋、文星、晚年演讲、台湾文学、陈若曦、白先勇、王文兴、余光中","演讲线、公共事件线","李敖演讲集、054.20170121李敖飞页书屋演讲","","李敖演讲集","054.20170121李敖飞页书屋演讲","45","《大李敖全集5.0》（wjm_tcy版）分章节/010.节目演讲类/011.李敖演讲集/054.20170121李敖飞页书屋演讲.txt","","[]","data/timeline-events-li-ao-yanjiangji.json","li-ao-yanjiangji-054-criticizes-taiwan-modern-literature-writers-as-lacking-talent","{""id"":""li-ao-yanjiangji-054-criticizes-taiwan-modern-literature-writers-as-lacking-talent"",""date"":""2017-01-21"",""displayDate"":""2017年1月21日"",""datePrecision"":""day"",""title"":""李敖在飞页书屋批台湾现代文学名家没有真正才华"",""summary"":""李敖批评陈若曦、白先勇、王文兴、台静农和余光中等台湾现代文学人物，认为他们缺乏真正才华，诗人也应反对政府。"",""view"":[""演讲线"",""公共事件线""],""tags"":[""李敖演讲集"",""演讲"",""飞页书屋"",""文星"",""晚年演讲"",""台湾文学"",""陈若曦"",""白先勇"",""王文兴"",""余光中""],""people"":[""李敖"",""陈若曦"",""白先勇"",""王文兴"",""台静农"",""余光中""],""places"":[""台北""],""works"":[""李敖演讲集"",""054.20170121李敖飞页书屋演讲""],""certainty"":""confirmed"",""source"":{""book"":""李敖演讲集"",""chapter"":""054.20170121李敖飞页书屋演讲"",""path"":""《大李敖全集5.0》（wjm_tcy版）分章节/010.节目演讲类/011.李敖演讲集/054.20170121李敖飞页书屋演讲.txt"",""line"":45,""lines"":[45,47,49]},""crossReferences"":[],""dataFile"":""data/timeline-events-li-ao-yanjiangji.json""}"
"27407","2017","2017-01-21","2017年1月21日","day","confirmed","李敖在飞页书屋把《自由中国》和《文星》区分为政治与文化挖根","李敖说《自由中国》是政治性的，《文星》则是文化挖根；他进入后才把《文星》变成挖国民党根、也挖共产党根的刊物。","李敖","台北","李敖演讲集、演讲、飞页书屋、文星、晚年演讲、自由中国、政治、文化挖根","演讲线、公共事件线","李敖演讲集、054.20170121李敖飞页书屋演讲、自由中国、文星","","李敖演讲集","054.20170121李敖飞页书屋演讲","127","《大李敖全集5.0》（wjm_tcy版）分章节/010.节目演讲类/011.李敖演讲集/054.20170121李敖飞页书屋演讲.txt","","[]","data/timeline-events-li-ao-yanjiangji.json","li-ao-yanjiangji-054-contrasts-freedom-china-political-root-with-wenxing-cultural-root","{""id"":""li-ao-yanjiangji-054-contrasts-freedom-china-political-root-with-wenxing-cultural-root"",""date"":""2017-01-21"",""displayDate"":""2017年1月21日"",""datePrecision"":""day"",""title"":""李敖在飞页书屋把《自由中国》和《文星》区分为政治与文化挖根"",""summary"":""李敖说《自由中国》是政治性的，《文星》则是文化挖根；他进入后才把《文星》变成挖国民党根、也挖共产党根的刊物。"",""view"":[""演讲线"",""公共事件线""],""tags"":[""李敖演讲集"",""演讲"",""飞页书屋"",""文星"",""晚年演讲"",""自由中国"",""政治"",""文化挖根""],""people"":[""李敖""],""places"":[""台北""],""works"":[""李敖演讲集"",""054.20170121李敖飞页书屋演讲"",""自由中国"",""文星""],""certainty"":""confirmed"",""source"":{""book"":""李敖演讲集"",""chapter"":""054.20170121李敖飞页书屋演讲"",""path"":""《大李敖全集5.0》（wjm_tcy版）分章节/010.节目演讲类/011.李敖演讲集/054.20170121李敖飞页书屋演讲.txt"",""line"":127,""lines"":[127,129]},""crossReferences"":[],""dataFile"":""data/timeline-events-li-ao-yanjiangji.json""}"
"27408","2017","2017-01-21","2017年1月21日","day","confirmed","李敖在飞页书屋把脑瘤压迫恶化与台湾太小拒绝事实并置","李敖说脑部压迫会影响说话、吞咽和腿，又转入台湾太小、只有世界极小一部分的问题，认为台湾若拒绝事实就没有好未来。","李敖","台北","李敖演讲集、演讲、飞页书屋、文星、晚年演讲、脑瘤、台湾太小、事实、未来","演讲线、公共事件线","李敖演讲集、054.20170121李敖飞页书屋演讲","","李敖演讲集","054.20170121李敖飞页书屋演讲","41","《大李敖全集5.0》（wjm_tcy版）分章节/010.节目演讲类/011.李敖演讲集/054.20170121李敖飞页书屋演讲.txt","","[]","data/timeline-events-li-ao-yanjiangji.json","li-ao-yanjiangji-054-connects-brain-decline-with-taiwan-smallness-and-refusal-of-facts","{""id"":""li-ao-yanjiangji-054-connects-brain-decline-with-taiwan-smallness-and-refusal-of-facts"",""date"":""2017-01-21"",""displayDate"":""2017年1月21日"",""datePrecision"":""day"",""title"":""李敖在飞页书屋把脑瘤压迫恶化与台湾太小拒绝事实并置"",""summary"":""李敖说脑部压迫会影响说话、吞咽和腿，又转入台湾太小、只有世界极小一部分的问题，认为台湾若拒绝事实就没有好未来。"",""view"":[""演讲线"",""公共事件线""],""tags"":[""李敖演讲集"",""演讲"",""飞页书屋"",""文星"",""晚年演讲"",""脑瘤"",""台湾太小"",""事实"",""未来""],""people"":[""李敖""],""places"":[""台北""],""works"":[""李敖演讲集"",""054.20170121李敖飞页书屋演讲""],""certainty"":""confirmed"",""source"":{""book"":""李敖演讲集"",""chapter"":""054.20170121李敖飞页书屋演讲"",""path"":""《大李敖全集5.0》（wjm_tcy版）分章节/010.节目演讲类/011.李敖演讲集/054.20170121李敖飞页书屋演讲.txt"",""line"":41,""lines"":[41]},""crossReferences"":[],""dataFile"":""data/timeline-events-li-ao-yanjiangji.json""}"
"27409","2017","2017-01-21","2017年1月21日","day","confirmed","李敖在飞页书屋建议七十六岁听众若台湾不能发展就全家逃到美国","李敖回答七十六岁听众时说，可以用吴璋炯的办法，如果台湾不能发展，全家逃到美国；他自己本可成为美国公民却留下来，因为总要有人照亮自己的方向。","李敖、吴璋炯","台北、美国","李敖演讲集、演讲、飞页书屋、文星、晚年演讲、美国、逃离台湾、吴璋炯、人生建议","演讲线、公共事件线","李敖演讲集、054.20170121李敖飞页书屋演讲","","李敖演讲集","054.20170121李敖飞页书屋演讲","256","《大李敖全集5.0》（wjm_tcy版）分章节/010.节目演讲类/011.李敖演讲集/054.20170121李敖飞页书屋演讲.txt","","[]","data/timeline-events-li-ao-yanjiangji.json","li-ao-yanjiangji-054-advises-old-audience-to-escape-to-america-if-taiwan-cannot-develop","{""id"":""li-ao-yanjiangji-054-advises-old-audience-to-escape-to-america-if-taiwan-cannot-develop"",""date"":""2017-01-21"",""displayDate"":""2017年1月21日"",""datePrecision"":""day"",""title"":""李敖在飞页书屋建议七十六岁听众若台湾不能发展就全家逃到美国"",""summary"":""李敖回答七十六岁听众时说，可以用吴璋炯的办法，如果台湾不能发展，全家逃到美国；他自己本可成为美国公民却留下来，因为总要有人照亮自己的方向。"",""view"":[""演讲线"",""公共事件线""],""tags"":[""李敖演讲集"",""演讲"",""飞页书屋"",""文星"",""晚年演讲"",""美国"",""逃离台湾"",""吴璋炯"",""人生建议""],""people"":[""李敖"",""吴璋炯""],""places"":[""台北"",""美国""],""works"":[""李敖演讲集"",""054.20170121李敖飞页书屋演讲""],""certainty"":""confirmed"",""source"":{""book"":""李敖演讲集"",""chapter"":""054.20170121李敖飞页书屋演讲"",""path"":""《大李敖全集5.0》（wjm_tcy版）分章节/010.节目演讲类/011.李敖演讲集/054.20170121李敖飞页书屋演讲.txt"",""line"":256,""lines"":[256,258]},""crossReferences"":[],""dataFile"":""data/timeline-events-li-ao-yanjiangji.json""}"
"27410","2017","2017-01-21","2017年1月21日","day","confirmed","李敖在飞页书屋说《李敖有话说》七百多集影响大陆一代人","李敖说他在凤凰卫视做了七百多集《李敖有话说》，并借节目影响大陆一代人。","李敖","台北","李敖演讲集、演讲、飞页书屋、文星、晚年演讲、李敖有话说、凤凰卫视、大陆影响","演讲线、公共事件线","李敖演讲集、054.20170121李敖飞页书屋演讲、李敖有话说","","李敖演讲集","054.20170121李敖飞页书屋演讲","89","《大李敖全集5.0》（wjm_tcy版）分章节/010.节目演讲类/011.李敖演讲集/054.20170121李敖飞页书屋演讲.txt","","[]","data/timeline-events-li-ao-yanjiangji.json","li-ao-yanjiangji-054-says-youhuashuo-episodes-influenced-a-mainland-generation","{""id"":""li-ao-yanjiangji-054-says-youhuashuo-episodes-influenced-a-mainland-generation"",""date"":""2017-01-21"",""displayDate"":""2017年1月21日"",""datePrecision"":""day"",""title"":""李敖在飞页书屋说《李敖有话说》七百多集影响大陆一代人"",""summary"":""李敖说他在凤凰卫视做了七百多集《李敖有话说》，并借节目影响大陆一代人。"",""view"":[""演讲线"",""公共事件线""],""tags"":[""李敖演讲集"",""演讲"",""飞页书屋"",""文星"",""晚年演讲"",""李敖有话说"",""凤凰卫视"",""大陆影响""],""people"":[""李敖""],""places"":[""台北""],""works"":[""李敖演讲集"",""054.20170121李敖飞页书屋演讲"",""李敖有话说""],""certainty"":""confirmed"",""source"":{""book"":""李敖演讲集"",""chapter"":""054.20170121李敖飞页书屋演讲"",""path"":""《大李敖全集5.0》（wjm_tcy版）分章节/010.节目演讲类/011.李敖演讲集/054.20170121李敖飞页书屋演讲.txt"",""line"":89,""lines"":[89,91]},""crossReferences"":[],""dataFile"":""data/timeline-events-li-ao-yanjiangji.json""}"
"27411","2017","2017-01-21","2017年1月21日","day","confirmed","李敖在飞页书屋说大陆不能出他的书只有微博和网站能转弯","李敖说他的书现在在大陆不能出版，只能靠微博转弯；网络替代书籍，也统一了思想和谣言传播。","李敖","台北","李敖演讲集、演讲、飞页书屋、文星、晚年演讲、大陆出版、微博、网站、网络、禁书","演讲线、公共事件线","李敖演讲集、054.20170121李敖飞页书屋演讲","","李敖演讲集","054.20170121李敖飞页书屋演讲","93","《大李敖全集5.0》（wjm_tcy版）分章节/010.节目演讲类/011.李敖演讲集/054.20170121李敖飞页书屋演讲.txt","","[]","data/timeline-events-li-ao-yanjiangji.json","li-ao-yanjiangji-054-says-mainland-books-are-blocked-and-weibo-web-replaced-books","{""id"":""li-ao-yanjiangji-054-says-mainland-books-are-blocked-and-weibo-web-replaced-books"",""date"":""2017-01-21"",""displayDate"":""2017年1月21日"",""datePrecision"":""day"",""title"":""李敖在飞页书屋说大陆不能出他的书只有微博和网站能转弯"",""summary"":""李敖说他的书现在在大陆不能出版，只能靠微博转弯；网络替代书籍，也统一了思想和谣言传播。"",""view"":[""演讲线"",""公共事件线""],""tags"":[""李敖演讲集"",""演讲"",""飞页书屋"",""文星"",""晚年演讲"",""大陆出版"",""微博"",""网站"",""网络"",""禁书""],""people"":[""李敖""],""places"":[""台北""],""works"":[""李敖演讲集"",""054.20170121李敖飞页书屋演讲""],""certainty"":""confirmed"",""source"":{""book"":""李敖演讲集"",""chapter"":""054.20170121李敖飞页书屋演讲"",""path"":""《大李敖全集5.0》（wjm_tcy版）分章节/010.节目演讲类/011.李敖演讲集/054.20170121李敖飞页书屋演讲.txt"",""line"":93,""lines"":[93,95]},""crossReferences"":[],""dataFile"":""data/timeline-events-li-ao-yanjiangji.json""}"
"27412","2017","2017-01-21","2017年1月21日","day","confirmed","李敖在飞页书屋说大陆机场待他如国宾而台湾不是主人","李敖谈盗版和假书后说，美国像老板要台湾付钱，台湾不是主人、大陆只是客人；他在中华人民共和国机场曾被当作国宾接待，但大陆也看出他软硬不吃。","李敖","台北、美国、台湾、中国大陆","李敖演讲集、演讲、飞页书屋、文星、晚年演讲、大陆接待、台湾、美国、盗版、国宾","演讲线、公共事件线","李敖演讲集、054.20170121李敖飞页书屋演讲","","李敖演讲集","054.20170121李敖飞页书屋演讲","99","《大李敖全集5.0》（wjm_tcy版）分章节/010.节目演讲类/011.李敖演讲集/054.20170121李敖飞页书屋演讲.txt","","[]","data/timeline-events-li-ao-yanjiangji.json","li-ao-yanjiangji-054-compares-mainland-state-guest-treatment-with-taiwan-not-master","{""id"":""li-ao-yanjiangji-054-compares-mainland-state-guest-treatment-with-taiwan-not-master"",""date"":""2017-01-21"",""displayDate"":""2017年1月21日"",""datePrecision"":""day"",""title"":""李敖在飞页书屋说大陆机场待他如国宾而台湾不是主人"",""summary"":""李敖谈盗版和假书后说，美国像老板要台湾付钱，台湾不是主人、大陆只是客人；他在中华人民共和国机场曾被当作国宾接待，但大陆也看出他软硬不吃。"",""view"":[""演讲线"",""公共事件线""],""tags"":[""李敖演讲集"",""演讲"",""飞页书屋"",""文星"",""晚年演讲"",""大陆接待"",""台湾"",""美国"",""盗版"",""国宾""],""people"":[""李敖""],""places"":[""台北"",""美国"",""台湾"",""中国大陆""],""works"":[""李敖演讲集"",""054.20170121李敖飞页书屋演讲""],""certainty"":""confirmed"",""source"":{""book"":""李敖演讲集"",""chapter"":""054.20170121李敖飞页书屋演讲"",""path"":""《大李敖全集5.0》（wjm_tcy版）分章节/010.节目演讲类/011.李敖演讲集/054.20170121李敖飞页书屋演讲.txt"",""line"":99,""lines"":[99,101]},""crossReferences"":[],""dataFile"":""data/timeline-events-li-ao-yanjiangji.json""}"
"27413","2017","2017-01-21","2017年1月21日","day","confirmed","李敖在飞页书屋说不台独就不会统一且中华民国已死","李敖说只要没有台独，大陆不会急着统一，毛泽东、邓小平都可以等很久；同时中华民国已经死去，台湾剩下少数小邦交国和不可能完成的潜舰梦。","李敖、毛泽东、邓小平、蒋介石","台北","李敖演讲集、演讲、飞页书屋、文星、晚年演讲、台湾前途、台独、统一、中华民国、潜舰","演讲线、公共事件线","李敖演讲集、054.20170121李敖飞页书屋演讲","li-ao-yanjiangji-050-says-ideal-china-taiwan-relation-has-no-taiwan-problem、li-ao-yanjiangji-045-recalls-prison-toilet-reading-chiang-and-roc-demise","李敖演讲集","054.20170121李敖飞页书屋演讲","109","《大李敖全集5.0》（wjm_tcy版）分章节/010.节目演讲类/011.李敖演讲集/054.20170121李敖飞页书屋演讲.txt","","[]","data/timeline-events-li-ao-yanjiangji.json","li-ao-yanjiangji-054-says-no-unification-if-no-taiwan-independence-and-roc-is-dead","{""id"":""li-ao-yanjiangji-054-says-no-unification-if-no-taiwan-independence-and-roc-is-dead"",""date"":""2017-01-21"",""displayDate"":""2017年1月21日"",""datePrecision"":""day"",""title"":""李敖在飞页书屋说不台独就不会统一且中华民国已死"",""summary"":""李敖说只要没有台独，大陆不会急着统一，毛泽东、邓小平都可以等很久；同时中华民国已经死去，台湾剩下少数小邦交国和不可能完成的潜舰梦。"",""view"":[""演讲线"",""公共事件线""],""tags"":[""李敖演讲集"",""演讲"",""飞页书屋"",""文星"",""晚年演讲"",""台湾前途"",""台独"",""统一"",""中华民国"",""潜舰""],""people"":[""李敖"",""毛泽东"",""邓小平"",""蒋介石""],""places"":[""台北""],""works"":[""李敖演讲集"",""054.20170121李敖飞页书屋演讲""],""certainty"":""confirmed"",""source"":{""book"":""李敖演讲集"",""chapter"":""054.20170121李敖飞页书屋演讲"",""path"":""《大李敖全集5.0》（wjm_tcy版）分章节/010.节目演讲类/011.李敖演讲集/054.20170121李敖飞页书屋演讲.txt"",""line"":109,""lines"":[109,111,113,115,117]},""crossReferences"":[""li-ao-yanjiangji-050-says-ideal-china-taiwan-relation-has-no-taiwan-problem"",""li-ao-yanjiangji-045-recalls-prison-toilet-reading-chiang-and-roc-demise""],""dataFile"":""data/timeline-events-li-ao-yanjiangji.json""}"
"27414","2017","2017-01-21","2017年1月21日","day","confirmed","李敖在飞页书屋说仍要印纸本《李敖大全集》并做纸书最后一人","李敖承认纸本百科全书已经停止，却仍要印《李敖大全集》，从四十册冲到一百册，并自称可能是纸书的最后一个人。","李敖","台北","李敖演讲集、演讲、飞页书屋、文星、晚年演讲、李敖大全集、纸本书、出版、百科全书","演讲线、公共事件线","李敖演讲集、054.20170121李敖飞页书屋演讲、李敖大全集","","李敖演讲集","054.20170121李敖飞页书屋演讲","27","《大李敖全集5.0》（wjm_tcy版）分章节/010.节目演讲类/011.李敖演讲集/054.20170121李敖飞页书屋演讲.txt","","[]","data/timeline-events-li-ao-yanjiangji.json","li-ao-yanjiangji-054-insists-on-paper-complete-works-and-calls-himself-last-paper-book-man","{""id"":""li-ao-yanjiangji-054-insists-on-paper-complete-works-and-calls-himself-last-paper-book-man"",""date"":""2017-01-21"",""displayDate"":""2017年1月21日"",""datePrecision"":""day"",""title"":""李敖在飞页书屋说仍要印纸本《李敖大全集》并做纸书最后一人"",""summary"":""李敖承认纸本百科全书已经停止，却仍要印《李敖大全集》，从四十册冲到一百册，并自称可能是纸书的最后一个人。"",""view"":[""演讲线"",""公共事件线""],""tags"":[""李敖演讲集"",""演讲"",""飞页书屋"",""文星"",""晚年演讲"",""李敖大全集"",""纸本书"",""出版"",""百科全书""],""people"":[""李敖""],""places"":[""台北""],""works"":[""李敖演讲集"",""054.20170121李敖飞页书屋演讲"",""李敖大全集""],""certainty"":""confirmed"",""source"":{""book"":""李敖演讲集"",""chapter"":""054.20170121李敖飞页书屋演讲"",""path"":""《大李敖全集5.0》（wjm_tcy版）分章节/010.节目演讲类/011.李敖演讲集/054.20170121李敖飞页书屋演讲.txt"",""line"":27,""lines"":[27]},""crossReferences"":[],""dataFile"":""data/timeline-events-li-ao-yanjiangji.json""}"
"27415","2017","2017-01-21","2017年1月21日","day","confirmed","李敖在飞页书屋说台语闽南语没有可承载世界文学的文字系统","李敖与林衡哲争论台湾音乐文学时说，台语和闽南语没有成熟文字系统，不能等两千年出司马迁或三百年出《红楼梦》，用地方语言和英文竞争是浪费。","李敖、林衡哲、司马迁","台北","李敖演讲集、演讲、飞页书屋、文星、晚年演讲、台语、闽南语、台湾文学、文字系统、英文","演讲线、公共事件线","李敖演讲集、054.20170121李敖飞页书屋演讲、红楼梦","","李敖演讲集","054.20170121李敖飞页书屋演讲","150","《大李敖全集5.0》（wjm_tcy版）分章节/010.节目演讲类/011.李敖演讲集/054.20170121李敖飞页书屋演讲.txt","","[]","data/timeline-events-li-ao-yanjiangji.json","li-ao-yanjiangji-054-says-taiwanese-and-minnan-lack-writing-system-for-world-literature","{""id"":""li-ao-yanjiangji-054-says-taiwanese-and-minnan-lack-writing-system-for-world-literature"",""date"":""2017-01-21"",""displayDate"":""2017年1月21日"",""datePrecision"":""day"",""title"":""李敖在飞页书屋说台语闽南语没有可承载世界文学的文字系统"",""summary"":""李敖与林衡哲争论台湾音乐文学时说，台语和闽南语没有成熟文字系统，不能等两千年出司马迁或三百年出《红楼梦》，用地方语言和英文竞争是浪费。"",""view"":[""演讲线"",""公共事件线""],""tags"":[""李敖演讲集"",""演讲"",""飞页书屋"",""文星"",""晚年演讲"",""台语"",""闽南语"",""台湾文学"",""文字系统"",""英文""],""people"":[""李敖"",""林衡哲"",""司马迁""],""places"":[""台北""],""works"":[""李敖演讲集"",""054.20170121李敖飞页书屋演讲"",""红楼梦""],""certainty"":""confirmed"",""source"":{""book"":""李敖演讲集"",""chapter"":""054.20170121李敖飞页书屋演讲"",""path"":""《大李敖全集5.0》（wjm_tcy版）分章节/010.节目演讲类/011.李敖演讲集/054.20170121李敖飞页书屋演讲.txt"",""line"":150,""lines"":[150,152,154,156,158,160,162,164,166,168]},""crossReferences"":[],""dataFile"":""data/timeline-events-li-ao-yanjiangji.json""}"
"27416","2017","2017-01-21","2017年1月21日","day","confirmed","李敖在飞页书屋说台湾太小政府太大且蒋介石曾想省制安排","李敖说台湾地方太小而政府太大，蒋介石一九五〇年秘密谈话曾想把台湾做成省制安排；他又提到李远哲被找回做原子弹，后来却毁了教育改革。","李敖、蒋介石、李远哲","台北","李敖演讲集、演讲、飞页书屋、文星、晚年演讲、台湾、政府太大、蒋介石、李远哲、教育改革","演讲线、公共事件线","李敖演讲集、054.20170121李敖飞页书屋演讲","","李敖演讲集","054.20170121李敖飞页书屋演讲","177","《大李敖全集5.0》（wjm_tcy版）分章节/010.节目演讲类/011.李敖演讲集/054.20170121李敖飞页书屋演讲.txt","","[]","data/timeline-events-li-ao-yanjiangji.json","li-ao-yanjiangji-054-says-taiwan-is-tiny-with-government-too-big-and-chiang-wanted-provincial-setup","{""id"":""li-ao-yanjiangji-054-says-taiwan-is-tiny-with-government-too-big-and-chiang-wanted-provincial-setup"",""date"":""2017-01-21"",""displayDate"":""2017年1月21日"",""datePrecision"":""day"",""title"":""李敖在飞页书屋说台湾太小政府太大且蒋介石曾想省制安排"",""summary"":""李敖说台湾地方太小而政府太大，蒋介石一九五〇年秘密谈话曾想把台湾做成省制安排；他又提到李远哲被找回做原子弹，后来却毁了教育改革。"",""view"":[""演讲线"",""公共事件线""],""tags"":[""李敖演讲集"",""演讲"",""飞页书屋"",""文星"",""晚年演讲"",""台湾"",""政府太大"",""蒋介石"",""李远哲"",""教育改革""],""people"":[""李敖"",""蒋介石"",""李远哲""],""places"":[""台北""],""works"":[""李敖演讲集"",""054.20170121李敖飞页书屋演讲""],""certainty"":""confirmed"",""source"":{""book"":""李敖演讲集"",""chapter"":""054.20170121李敖飞页书屋演讲"",""path"":""《大李敖全集5.0》（wjm_tcy版）分章节/010.节目演讲类/011.李敖演讲集/054.20170121李敖飞页书屋演讲.txt"",""line"":177,""lines"":[177,179]},""crossReferences"":[],""dataFile"":""data/timeline-events-li-ao-yanjiangji.json""}"
"27417","2017","2017-01-21","2017年1月21日","day","confirmed","李敖在飞页书屋说台湾买武器没有未来而《台湾关系法》只会严重关切","李敖说台湾没有未来，只会买武器被美国卖；《台湾关系法》不会真正保护台湾，只会表达严重关切。","李敖","台北","李敖演讲集、演讲、飞页书屋、文星、晚年演讲、台湾前途、军购、台湾关系法、美国","演讲线、公共事件线","李敖演讲集、054.20170121李敖飞页书屋演讲、台湾关系法","li-ao-yanjiangji-044-says-tra-provides-not-sells-weapons-and-us-will-not-rescue-taiwan","李敖演讲集","054.20170121李敖飞页书屋演讲","105","《大李敖全集5.0》（wjm_tcy版）分章节/010.节目演讲类/011.李敖演讲集/054.20170121李敖飞页书屋演讲.txt","","[]","data/timeline-events-li-ao-yanjiangji.json","li-ao-yanjiangji-054-says-taiwan-has-no-future-and-tra-only-serious-concern","{""id"":""li-ao-yanjiangji-054-says-taiwan-has-no-future-and-tra-only-serious-concern"",""date"":""2017-01-21"",""displayDate"":""2017年1月21日"",""datePrecision"":""day"",""title"":""李敖在飞页书屋说台湾买武器没有未来而《台湾关系法》只会严重关切"",""summary"":""李敖说台湾没有未来，只会买武器被美国卖；《台湾关系法》不会真正保护台湾，只会表达严重关切。"",""view"":[""演讲线"",""公共事件线""],""tags"":[""李敖演讲集"",""演讲"",""飞页书屋"",""文星"",""晚年演讲"",""台湾前途"",""军购"",""台湾关系法"",""美国""],""people"":[""李敖""],""places"":[""台北""],""works"":[""李敖演讲集"",""054.20170121李敖飞页书屋演讲"",""台湾关系法""],""certainty"":""confirmed"",""source"":{""book"":""李敖演讲集"",""chapter"":""054.20170121李敖飞页书屋演讲"",""path"":""《大李敖全集5.0》（wjm_tcy版）分章节/010.节目演讲类/011.李敖演讲集/054.20170121李敖飞页书屋演讲.txt"",""line"":105,""lines"":[105,107]},""crossReferences"":[""li-ao-yanjiangji-044-says-tra-provides-not-sells-weapons-and-us-will-not-rescue-taiwan""],""dataFile"":""data/timeline-events-li-ao-yanjiangji.json""}"
"27418","2017","2017-01-21","2017年1月21日","day","confirmed","李敖在飞页书屋说台湾若真好早该出世界级人物而手机耗尽青年原创力","李敖说台湾若真有条件，世界级人物早该出现，出国后成名的人不算本土结果；他又说手机耗尽年轻人的时间、精力、注意力和原创性。","李敖","台北","李敖演讲集、演讲、飞页书屋、文星、晚年演讲、台湾人才、世界级人物、手机、原创性、青年","演讲线、公共事件线","李敖演讲集、054.20170121李敖飞页书屋演讲","","李敖演讲集","054.20170121李敖飞页书屋演讲","268","《大李敖全集5.0》（wjm_tcy版）分章节/010.节目演讲类/011.李敖演讲集/054.20170121李敖飞页书屋演讲.txt","","[]","data/timeline-events-li-ao-yanjiangji.json","li-ao-yanjiangji-054-says-no-world-class-taiwan-person-has-appeared-and-phones-kill-originality","{""id"":""li-ao-yanjiangji-054-says-no-world-class-taiwan-person-has-appeared-and-phones-kill-originality"",""date"":""2017-01-21"",""displayDate"":""2017年1月21日"",""datePrecision"":""day"",""title"":""李敖在飞页书屋说台湾若真好早该出世界级人物而手机耗尽青年原创力"",""summary"":""李敖说台湾若真有条件，世界级人物早该出现，出国后成名的人不算本土结果；他又说手机耗尽年轻人的时间、精力、注意力和原创性。"",""view"":[""演讲线"",""公共事件线""],""tags"":[""李敖演讲集"",""演讲"",""飞页书屋"",""文星"",""晚年演讲"",""台湾人才"",""世界级人物"",""手机"",""原创性"",""青年""],""people"":[""李敖""],""places"":[""台北""],""works"":[""李敖演讲集"",""054.20170121李敖飞页书屋演讲""],""certainty"":""confirmed"",""source"":{""book"":""李敖演讲集"",""chapter"":""054.20170121李敖飞页书屋演讲"",""path"":""《大李敖全集5.0》（wjm_tcy版）分章节/010.节目演讲类/011.李敖演讲集/054.20170121李敖飞页书屋演讲.txt"",""line"":268,""lines"":[268,270,272,274,276,278,280,282,284]},""crossReferences"":[],""dataFile"":""data/timeline-events-li-ao-yanjiangji.json""}"
"27419","2017","2017-01-21","2017年1月21日","day","confirmed","李敖在飞页书屋说死后捐遗体给台大医院且并不忧伤","李敖说自己大约三年后会死，遗体捐给台大医院，并不因此忧伤；蔡同荣已死，石齐平也不能如常，他以同辈衰老对照自己。","李敖、蔡同荣、石齐平","台北、台大医院","李敖演讲集、演讲、飞页书屋、文星、晚年演讲、遗体捐赠、台大医院、晚年、蔡同荣、石齐平","演讲线、公共事件线","李敖演讲集、054.20170121李敖飞页书屋演讲","li-ao-yanjiangji-041-repeats-body-donation-to-ntu-without-epitaph","李敖演讲集","054.20170121李敖飞页书屋演讲","55","《大李敖全集5.0》（wjm_tcy版）分章节/010.节目演讲类/011.李敖演讲集/054.20170121李敖飞页书屋演讲.txt","","[]","data/timeline-events-li-ao-yanjiangji.json","li-ao-yanjiangji-054-donates-body-to-ntu-hospital-without-melancholy","{""id"":""li-ao-yanjiangji-054-donates-body-to-ntu-hospital-without-melancholy"",""date"":""2017-01-21"",""displayDate"":""2017年1月21日"",""datePrecision"":""day"",""title"":""李敖在飞页书屋说死后捐遗体给台大医院且并不忧伤"",""summary"":""李敖说自己大约三年后会死，遗体捐给台大医院，并不因此忧伤；蔡同荣已死，石齐平也不能如常，他以同辈衰老对照自己。"",""view"":[""演讲线"",""公共事件线""],""tags"":[""李敖演讲集"",""演讲"",""飞页书屋"",""文星"",""晚年演讲"",""遗体捐赠"",""台大医院"",""晚年"",""蔡同荣"",""石齐平""],""people"":[""李敖"",""蔡同荣"",""石齐平""],""places"":[""台北"",""台大医院""],""works"":[""李敖演讲集"",""054.20170121李敖飞页书屋演讲""],""certainty"":""confirmed"",""source"":{""book"":""李敖演讲集"",""chapter"":""054.20170121李敖飞页书屋演讲"",""path"":""《大李敖全集5.0》（wjm_tcy版）分章节/010.节目演讲类/011.李敖演讲集/054.20170121李敖飞页书屋演讲.txt"",""line"":55,""lines"":[55]},""crossReferences"":[""li-ao-yanjiangji-041-repeats-body-donation-to-ntu-without-epitaph""],""dataFile"":""data/timeline-events-li-ao-yanjiangji.json""}"
"27420","2017","2017-01-21","2017年1月21日","day","confirmed","李敖在飞页书屋说网红与网络传播会统一思想却不能制造原创","李敖回应林衡哲仍做出版时说那还是沈登恩式想法；网络和网红不一定好，网络容易统一思想，却不会制造贝多芬式原创。","李敖、林衡哲、沈登恩、贝多芬","台北","李敖演讲集、演讲、飞页书屋、文星、晚年演讲、出版、网络、网红、原创性、贝多芬","演讲线、公共事件线","李敖演讲集、054.20170121李敖飞页书屋演讲","","李敖演讲集","054.20170121李敖飞页书屋演讲","191","《大李敖全集5.0》（wjm_tcy版）分章节/010.节目演讲类/011.李敖演讲集/054.20170121李敖飞页书屋演讲.txt","","[]","data/timeline-events-li-ao-yanjiangji.json","li-ao-yanjiangji-054-says-net-celebrity-and-web-unify-thought-but-do-not-create-originality","{""id"":""li-ao-yanjiangji-054-says-net-celebrity-and-web-unify-thought-but-do-not-create-originality"",""date"":""2017-01-21"",""displayDate"":""2017年1月21日"",""datePrecision"":""day"",""title"":""李敖在飞页书屋说网红与网络传播会统一思想却不能制造原创"",""summary"":""李敖回应林衡哲仍做出版时说那还是沈登恩式想法；网络和网红不一定好，网络容易统一思想，却不会制造贝多芬式原创。"",""view"":[""演讲线"",""公共事件线""],""tags"":[""李敖演讲集"",""演讲"",""飞页书屋"",""文星"",""晚年演讲"",""出版"",""网络"",""网红"",""原创性"",""贝多芬""],""people"":[""李敖"",""林衡哲"",""沈登恩"",""贝多芬""],""places"":[""台北""],""works"":[""李敖演讲集"",""054.20170121李敖飞页书屋演讲""],""certainty"":""confirmed"",""source"":{""book"":""李敖演讲集"",""chapter"":""054.20170121李敖飞页书屋演讲"",""path"":""《大李敖全集5.0》（wjm_tcy版）分章节/010.节目演讲类/011.李敖演讲集/054.20170121李敖飞页书屋演讲.txt"",""line"":191,""lines"":[191,193,195]},""crossReferences"":[],""dataFile"":""data/timeline-events-li-ao-yanjiangji.json""}"
"27421","2017","2017-01-21","2017年1月21日","day","confirmed","李敖在飞页书屋说自己不会台语也可做台湾王并最恨国民党","李敖回答大陆是否能出他的书时说，他是统派却因台独案坐牢，台湾没有真正台独；他又说自己不会台语也可以做台湾王，最恨国民党，因为青春被它浪费。","李敖","台北","李敖演讲集、演讲、飞页书屋、文星、晚年演讲、统派、台独案、国民党、青春、台湾王","演讲线、公共事件线","李敖演讲集、054.20170121李敖飞页书屋演讲","","李敖演讲集","054.20170121李敖飞页书屋演讲","71","《大李敖全集5.0》（wjm_tcy版）分章节/010.节目演讲类/011.李敖演讲集/054.20170121李敖飞页书屋演讲.txt","","[]","data/timeline-events-li-ao-yanjiangji.json","li-ao-yanjiangji-054-says-he-can-be-taiwan-king-while-hating-kmt-most","{""id"":""li-ao-yanjiangji-054-says-he-can-be-taiwan-king-while-hating-kmt-most"",""date"":""2017-01-21"",""displayDate"":""2017年1月21日"",""datePrecision"":""day"",""title"":""李敖在飞页书屋说自己不会台语也可做台湾王并最恨国民党"",""summary"":""李敖回答大陆是否能出他的书时说，他是统派却因台独案坐牢，台湾没有真正台独；他又说自己不会台语也可以做台湾王，最恨国民党，因为青春被它浪费。"",""view"":[""演讲线"",""公共事件线""],""tags"":[""李敖演讲集"",""演讲"",""飞页书屋"",""文星"",""晚年演讲"",""统派"",""台独案"",""国民党"",""青春"",""台湾王""],""people"":[""李敖""],""places"":[""台北""],""works"":[""李敖演讲集"",""054.20170121李敖飞页书屋演讲""],""certainty"":""confirmed"",""source"":{""book"":""李敖演讲集"",""chapter"":""054.20170121李敖飞页书屋演讲"",""path"":""《大李敖全集5.0》（wjm_tcy版）分章节/010.节目演讲类/011.李敖演讲集/054.20170121李敖飞页书屋演讲.txt"",""line"":71,""lines"":[71,73,75,77]},""crossReferences"":[],""dataFile"":""data/timeline-events-li-ao-yanjiangji.json""}"
"27422","2017","2017-01-21","2017年1月21日","day","confirmed","李敖在飞页书屋说自己仍每天写两三千字记录不服从的独立道路","李敖说自己仍每天写两三千字，既不依附台湾也不依附大陆，而是记录一个不投降的独立方向。","李敖","台北","李敖演讲集、演讲、飞页书屋、文星、晚年演讲、每日写作、独立道路、不服从、晚年写作","演讲线、公共事件线","李敖演讲集、054.20170121李敖飞页书屋演讲","","李敖演讲集","054.20170121李敖飞页书屋演讲","264","《大李敖全集5.0》（wjm_tcy版）分章节/010.节目演讲类/011.李敖演讲集/054.20170121李敖飞页书屋演讲.txt","","[]","data/timeline-events-li-ao-yanjiangji.json","li-ao-yanjiangji-054-says-he-still-writes-daily-and-records-an-independent-path","{""id"":""li-ao-yanjiangji-054-says-he-still-writes-daily-and-records-an-independent-path"",""date"":""2017-01-21"",""displayDate"":""2017年1月21日"",""datePrecision"":""day"",""title"":""李敖在飞页书屋说自己仍每天写两三千字记录不服从的独立道路"",""summary"":""李敖说自己仍每天写两三千字，既不依附台湾也不依附大陆，而是记录一个不投降的独立方向。"",""view"":[""演讲线"",""公共事件线""],""tags"":[""李敖演讲集"",""演讲"",""飞页书屋"",""文星"",""晚年演讲"",""每日写作"",""独立道路"",""不服从"",""晚年写作""],""people"":[""李敖""],""places"":[""台北""],""works"":[""李敖演讲集"",""054.20170121李敖飞页书屋演讲""],""certainty"":""confirmed"",""source"":{""book"":""李敖演讲集"",""chapter"":""054.20170121李敖飞页书屋演讲"",""path"":""《大李敖全集5.0》（wjm_tcy版）分章节/010.节目演讲类/011.李敖演讲集/054.20170121李敖飞页书屋演讲.txt"",""line"":264,""lines"":[264]},""crossReferences"":[],""dataFile"":""data/timeline-events-li-ao-yanjiangji.json""}"
"27423","2017","2017-01-21","2017年1月21日","day","confirmed","李敖在飞页书屋说自己在台湾六十八年看见整套骗局并希望新一代逃出去","李敖说他在台湾住了六十八年，看到整套东西都是骗局；他希望新一代能够逃出去，这不是因为不爱台湾，而是因为不能被困在骗局里。","李敖","台北","李敖演讲集、演讲、飞页书屋、文星、晚年演讲、台湾、六十八年、骗局、新一代、逃出去","演讲线、公共事件线","李敖演讲集、054.20170121李敖飞页书屋演讲","","李敖演讲集","054.20170121李敖飞页书屋演讲","258","《大李敖全集5.0》（wjm_tcy版）分章节/010.节目演讲类/011.李敖演讲集/054.20170121李敖飞页书屋演讲.txt","","[]","data/timeline-events-li-ao-yanjiangji.json","li-ao-yanjiangji-054-calls-sixty-eight-years-in-taiwan-a-scam-yet-hopes-next-generation-escapes","{""id"":""li-ao-yanjiangji-054-calls-sixty-eight-years-in-taiwan-a-scam-yet-hopes-next-generation-escapes"",""date"":""2017-01-21"",""displayDate"":""2017年1月21日"",""datePrecision"":""day"",""title"":""李敖在飞页书屋说自己在台湾六十八年看见整套骗局并希望新一代逃出去"",""summary"":""李敖说他在台湾住了六十八年，看到整套东西都是骗局；他希望新一代能够逃出去，这不是因为不爱台湾，而是因为不能被困在骗局里。"",""view"":[""演讲线"",""公共事件线""],""tags"":[""李敖演讲集"",""演讲"",""飞页书屋"",""文星"",""晚年演讲"",""台湾"",""六十八年"",""骗局"",""新一代"",""逃出去""],""people"":[""李敖""],""places"":[""台北""],""works"":[""李敖演讲集"",""054.20170121李敖飞页书屋演讲""],""certainty"":""confirmed"",""source"":{""book"":""李敖演讲集"",""chapter"":""054.20170121李敖飞页书屋演讲"",""path"":""《大李敖全集5.0》（wjm_tcy版）分章节/010.节目演讲类/011.李敖演讲集/054.20170121李敖飞页书屋演讲.txt"",""line"":258,""lines"":[258]},""crossReferences"":[],""dataFile"":""data/timeline-events-li-ao-yanjiangji.json""}"
"27424","2017","2017-01-21","2017年1月21日","day","confirmed","李敖在飞页书屋说自己能活下去靠古董鉴定赚钱和妻子理财","李敖说自己能继续存在是因为有钱，而钱来自古董鉴定能力和妻子理财；大陆七位专家曾认定他是第一流鉴定者。","李敖","台北","李敖演讲集、演讲、飞页书屋、文星、晚年演讲、财富、古董鉴定、理财、妻子","演讲线、公共事件线","李敖演讲集、054.20170121李敖飞页书屋演讲","","李敖演讲集","054.20170121李敖飞页书屋演讲","57","《大李敖全集5.0》（wjm_tcy版）分章节/010.节目演讲类/011.李敖演讲集/054.20170121李敖飞页书屋演讲.txt","","[]","data/timeline-events-li-ao-yanjiangji.json","li-ao-yanjiangji-054-explains-wealth-through-antique-appraisal-and-wife-finance","{""id"":""li-ao-yanjiangji-054-explains-wealth-through-antique-appraisal-and-wife-finance"",""date"":""2017-01-21"",""displayDate"":""2017年1月21日"",""datePrecision"":""day"",""title"":""李敖在飞页书屋说自己能活下去靠古董鉴定赚钱和妻子理财"",""summary"":""李敖说自己能继续存在是因为有钱，而钱来自古董鉴定能力和妻子理财；大陆七位专家曾认定他是第一流鉴定者。"",""view"":[""演讲线"",""公共事件线""],""tags"":[""李敖演讲集"",""演讲"",""飞页书屋"",""文星"",""晚年演讲"",""财富"",""古董鉴定"",""理财"",""妻子""],""people"":[""李敖""],""places"":[""台北""],""works"":[""李敖演讲集"",""054.20170121李敖飞页书屋演讲""],""certainty"":""confirmed"",""source"":{""book"":""李敖演讲集"",""chapter"":""054.20170121李敖飞页书屋演讲"",""path"":""《大李敖全集5.0》（wjm_tcy版）分章节/010.节目演讲类/011.李敖演讲集/054.20170121李敖飞页书屋演讲.txt"",""line"":57,""lines"":[57]},""crossReferences"":[],""dataFile"":""data/timeline-events-li-ao-yanjiangji.json""}"
"27425","2017","2017-01-21","2017年1月21日","day","confirmed","李敖在飞页书屋说自救宣言五十年纪念不请谢聪敏是不对的","李敖说谢聪敏对自救宣言五十年纪念没有邀请原起草人非常生气，彭明敏后来投降且有悔过书，而他这个外省人也因台独案坐牢。","李敖、谢聪敏、彭明敏","台北","李敖演讲集、演讲、飞页书屋、文星、晚年演讲、谢聪敏、台湾自救宣言、彭明敏、台独案","演讲线、公共事件线","李敖演讲集、054.20170121李敖飞页书屋演讲","","李敖演讲集","054.20170121李敖飞页书屋演讲","57","《大李敖全集5.0》（wjm_tcy版）分章节/010.节目演讲类/011.李敖演讲集/054.20170121李敖飞页书屋演讲.txt","","[]","data/timeline-events-li-ao-yanjiangji.json","li-ao-yanjiangji-054-says-self-rescue-declaration-commemoration-should-invite-xie-congmin","{""id"":""li-ao-yanjiangji-054-says-self-rescue-declaration-commemoration-should-invite-xie-congmin"",""date"":""2017-01-21"",""displayDate"":""2017年1月21日"",""datePrecision"":""day"",""title"":""李敖在飞页书屋说自救宣言五十年纪念不请谢聪敏是不对的"",""summary"":""李敖说谢聪敏对自救宣言五十年纪念没有邀请原起草人非常生气，彭明敏后来投降且有悔过书，而他这个外省人也因台独案坐牢。"",""view"":[""演讲线"",""公共事件线""],""tags"":[""李敖演讲集"",""演讲"",""飞页书屋"",""文星"",""晚年演讲"",""谢聪敏"",""台湾自救宣言"",""彭明敏"",""台独案""],""people"":[""李敖"",""谢聪敏"",""彭明敏""],""places"":[""台北""],""works"":[""李敖演讲集"",""054.20170121李敖飞页书屋演讲""],""certainty"":""confirmed"",""source"":{""book"":""李敖演讲集"",""chapter"":""054.20170121李敖飞页书屋演讲"",""path"":""《大李敖全集5.0》（wjm_tcy版）分章节/010.节目演讲类/011.李敖演讲集/054.20170121李敖飞页书屋演讲.txt"",""line"":57,""lines"":[57,58]},""crossReferences"":[],""dataFile"":""data/timeline-events-li-ao-yanjiangji.json""}"
"27426","2017","2017-01-21","2017年1月21日","day","confirmed","李敖在飞页书屋说没有台湾文学并以自己在台六十八年作证","李敖说林衡哲所谓小绕路就是台湾文学，但他认为没有台湾文学，因为中文根基太弱；自己在台湾六十八年，是证明许多台湾叙述作假的见证者。","李敖、林衡哲","台北","李敖演讲集、演讲、飞页书屋、文星、晚年演讲、台湾文学、中文根基、林衡哲、见证人","演讲线、公共事件线","李敖演讲集、054.20170121李敖飞页书屋演讲","","李敖演讲集","054.20170121李敖飞页书屋演讲","37","《大李敖全集5.0》（wjm_tcy版）分章节/010.节目演讲类/011.李敖演讲集/054.20170121李敖飞页书屋演讲.txt","","[]","data/timeline-events-li-ao-yanjiangji.json","li-ao-yanjiangji-054-declares-no-taiwan-literature-and-uses-himself-as-sixty-eight-year-witness","{""id"":""li-ao-yanjiangji-054-declares-no-taiwan-literature-and-uses-himself-as-sixty-eight-year-witness"",""date"":""2017-01-21"",""displayDate"":""2017年1月21日"",""datePrecision"":""day"",""title"":""李敖在飞页书屋说没有台湾文学并以自己在台六十八年作证"",""summary"":""李敖说林衡哲所谓小绕路就是台湾文学，但他认为没有台湾文学，因为中文根基太弱；自己在台湾六十八年，是证明许多台湾叙述作假的见证者。"",""view"":[""演讲线"",""公共事件线""],""tags"":[""李敖演讲集"",""演讲"",""飞页书屋"",""文星"",""晚年演讲"",""台湾文学"",""中文根基"",""林衡哲"",""见证人""],""people"":[""李敖"",""林衡哲""],""places"":[""台北""],""works"":[""李敖演讲集"",""054.20170121李敖飞页书屋演讲""],""certainty"":""confirmed"",""source"":{""book"":""李敖演讲集"",""chapter"":""054.20170121李敖飞页书屋演讲"",""path"":""《大李敖全集5.0》（wjm_tcy版）分章节/010.节目演讲类/011.李敖演讲集/054.20170121李敖飞页书屋演讲.txt"",""line"":37,""lines"":[37,39]},""crossReferences"":[],""dataFile"":""data/timeline-events-li-ao-yanjiangji.json""}"
"27427","2017","2017-01-21","2017年1月21日","day","confirmed","李敖在飞页书屋说简体字不只是共产党产物并批台湾中文火星化","李敖说自己不是拥护简体字，但简体字并非共产党独创，宋代已有简化形；大陆读者读他是因为他写得好，而台湾文字越来越坏、火星化。","李敖","台北","李敖演讲集、演讲、飞页书屋、文星、晚年演讲、简体字、中文写作、火星文、宋代","演讲线、公共事件线","李敖演讲集、054.20170121李敖飞页书屋演讲","li-ao-yanjiangji-045-says-traditional-and-simplified-characters-can-coexist","李敖演讲集","054.20170121李敖飞页书屋演讲","172","《大李敖全集5.0》（wjm_tcy版）分章节/010.节目演讲类/011.李敖演讲集/054.20170121李敖飞页书屋演讲.txt","","[]","data/timeline-events-li-ao-yanjiangji.json","li-ao-yanjiangji-054-defends-simplified-characters-as-not-only-ccp-and-attacks-fire-star-writing","{""id"":""li-ao-yanjiangji-054-defends-simplified-characters-as-not-only-ccp-and-attacks-fire-star-writing"",""date"":""2017-01-21"",""displayDate"":""2017年1月21日"",""datePrecision"":""day"",""title"":""李敖在飞页书屋说简体字不只是共产党产物并批台湾中文火星化"",""summary"":""李敖说自己不是拥护简体字，但简体字并非共产党独创，宋代已有简化形；大陆读者读他是因为他写得好，而台湾文字越来越坏、火星化。"",""view"":[""演讲线"",""公共事件线""],""tags"":[""李敖演讲集"",""演讲"",""飞页书屋"",""文星"",""晚年演讲"",""简体字"",""中文写作"",""火星文"",""宋代""],""people"":[""李敖""],""places"":[""台北""],""works"":[""李敖演讲集"",""054.20170121李敖飞页书屋演讲""],""certainty"":""confirmed"",""source"":{""book"":""李敖演讲集"",""chapter"":""054.20170121李敖飞页书屋演讲"",""path"":""《大李敖全集5.0》（wjm_tcy版）分章节/010.节目演讲类/011.李敖演讲集/054.20170121李敖飞页书屋演讲.txt"",""line"":172,""lines"":[172,174,176,178]},""crossReferences"":[""li-ao-yanjiangji-045-says-traditional-and-simplified-characters-can-coexist""],""dataFile"":""data/timeline-events-li-ao-yanjiangji.json""}"
"27428","2017","2017-01-21","2017年1月21日","day","confirmed","李敖在飞页书屋重申郑南榕不是自焚并说郑刊经费来自他","李敖说郑南榕不是自焚，郑的杂志钱是他给的；他又说自己即使被压制，微博仍有一千万读者。","李敖、郑南榕","台北","李敖演讲集、演讲、飞页书屋、文星、晚年演讲、郑南榕、自焚、杂志经费、微博","演讲线、公共事件线","李敖演讲集、054.20170121李敖飞页书屋演讲","","李敖演讲集","054.20170121李敖飞页书屋演讲","37","《大李敖全集5.0》（wjm_tcy版）分章节/010.节目演讲类/011.李敖演讲集/054.20170121李敖飞页书屋演讲.txt","","[]","data/timeline-events-li-ao-yanjiangji.json","li-ao-yanjiangji-054-repeats-cheng-nan-jung-death-and-magazine-funding-claim-with-weibo-readers","{""id"":""li-ao-yanjiangji-054-repeats-cheng-nan-jung-death-and-magazine-funding-claim-with-weibo-readers"",""date"":""2017-01-21"",""displayDate"":""2017年1月21日"",""datePrecision"":""day"",""title"":""李敖在飞页书屋重申郑南榕不是自焚并说郑刊经费来自他"",""summary"":""李敖说郑南榕不是自焚，郑的杂志钱是他给的；他又说自己即使被压制，微博仍有一千万读者。"",""view"":[""演讲线"",""公共事件线""],""tags"":[""李敖演讲集"",""演讲"",""飞页书屋"",""文星"",""晚年演讲"",""郑南榕"",""自焚"",""杂志经费"",""微博""],""people"":[""李敖"",""郑南榕""],""places"":[""台北""],""works"":[""李敖演讲集"",""054.20170121李敖飞页书屋演讲""],""certainty"":""confirmed"",""source"":{""book"":""李敖演讲集"",""chapter"":""054.20170121李敖飞页书屋演讲"",""path"":""《大李敖全集5.0》（wjm_tcy版）分章节/010.节目演讲类/011.李敖演讲集/054.20170121李敖飞页书屋演讲.txt"",""line"":37,""lines"":[37,39,41]},""crossReferences"":[],""dataFile"":""data/timeline-events-li-ao-yanjiangji.json""}"
"27429","2017","2017-01-21","2017年1月21日","day","confirmed","李敖在飞页书屋谈彭明敏谢聪敏吴澧培争议并说现只剩一个官司","李敖说彭明敏纪念应请谢聪敏，吴澧培被插成第四人，他正在告吴；自己当前只有一个官司，而在立法院时曾有二百二十四名被告。","李敖、彭明敏、谢聪敏、吴澧培","台北","李敖演讲集、演讲、飞页书屋、文星、晚年演讲、彭明敏、谢聪敏、吴澧培、诉讼、立法院","演讲线、公共事件线","李敖演讲集、054.20170121李敖飞页书屋演讲","","李敖演讲集","054.20170121李敖飞页书屋演讲","206","《大李敖全集5.0》（wjm_tcy版）分章节/010.节目演讲类/011.李敖演讲集/054.20170121李敖飞页书屋演讲.txt","","[]","data/timeline-events-li-ao-yanjiangji.json","li-ao-yanjiangji-054-mentions-peng-xie-wu-lipei-lawsuit-and-once-sued-224-legislators","{""id"":""li-ao-yanjiangji-054-mentions-peng-xie-wu-lipei-lawsuit-and-once-sued-224-legislators"",""date"":""2017-01-21"",""displayDate"":""2017年1月21日"",""datePrecision"":""day"",""title"":""李敖在飞页书屋谈彭明敏谢聪敏吴澧培争议并说现只剩一个官司"",""summary"":""李敖说彭明敏纪念应请谢聪敏，吴澧培被插成第四人，他正在告吴；自己当前只有一个官司，而在立法院时曾有二百二十四名被告。"",""view"":[""演讲线"",""公共事件线""],""tags"":[""李敖演讲集"",""演讲"",""飞页书屋"",""文星"",""晚年演讲"",""彭明敏"",""谢聪敏"",""吴澧培"",""诉讼"",""立法院""],""people"":[""李敖"",""彭明敏"",""谢聪敏"",""吴澧培""],""places"":[""台北""],""works"":[""李敖演讲集"",""054.20170121李敖飞页书屋演讲""],""certainty"":""confirmed"",""source"":{""book"":""李敖演讲集"",""chapter"":""054.20170121李敖飞页书屋演讲"",""path"":""《大李敖全集5.0》（wjm_tcy版）分章节/010.节目演讲类/011.李敖演讲集/054.20170121李敖飞页书屋演讲.txt"",""line"":206,""lines"":[206,208,210]},""crossReferences"":[],""dataFile"":""data/timeline-events-li-ao-yanjiangji.json""}"
"27430","2017","2017-01-21","2017年1月21日","day","confirmed","李敖在飞页书屋清点反蒋反党著作并说北大演讲给知识分子面子","李敖说自己写过七本反蒋介石、两本反蒋经国、一本反宋美龄、两本反国民党和一本反民进党的书；按理应饿死却活下来，北大演讲还给知识分子争了面子。","李敖、蒋介石、蒋经国、宋美龄","台北、北京大学","李敖演讲集、演讲、飞页书屋、文星、晚年演讲、反蒋、反国民党、北大演讲、知识分子","演讲线、公共事件线","李敖演讲集、054.20170121李敖飞页书屋演讲","","李敖演讲集","054.20170121李敖飞页书屋演讲","61","《大李敖全集5.0》（wjm_tcy版）分章节/010.节目演讲类/011.李敖演讲集/054.20170121李敖飞页书屋演讲.txt","","[]","data/timeline-events-li-ao-yanjiangji.json","li-ao-yanjiangji-054-summarizes-anti-chiang-books-and-pku-speech-face","{""id"":""li-ao-yanjiangji-054-summarizes-anti-chiang-books-and-pku-speech-face"",""date"":""2017-01-21"",""displayDate"":""2017年1月21日"",""datePrecision"":""day"",""title"":""李敖在飞页书屋清点反蒋反党著作并说北大演讲给知识分子面子"",""summary"":""李敖说自己写过七本反蒋介石、两本反蒋经国、一本反宋美龄、两本反国民党和一本反民进党的书；按理应饿死却活下来，北大演讲还给知识分子争了面子。"",""view"":[""演讲线"",""公共事件线""],""tags"":[""李敖演讲集"",""演讲"",""飞页书屋"",""文星"",""晚年演讲"",""反蒋"",""反国民党"",""北大演讲"",""知识分子""],""people"":[""李敖"",""蒋介石"",""蒋经国"",""宋美龄""],""places"":[""台北"",""北京大学""],""works"":[""李敖演讲集"",""054.20170121李敖飞页书屋演讲""],""certainty"":""confirmed"",""source"":{""book"":""李敖演讲集"",""chapter"":""054.20170121李敖飞页书屋演讲"",""path"":""《大李敖全集5.0》（wjm_tcy版）分章节/010.节目演讲类/011.李敖演讲集/054.20170121李敖飞页书屋演讲.txt"",""line"":61,""lines"":[61,63]},""crossReferences"":[],""dataFile"":""data/timeline-events-li-ao-yanjiangji.json""}"
"27431","2017","2017-01-27","2017年1月27日星期五","day","confirmed","李敖记录父亲遗留三份文件，并说已把北京大学毕业证书送给北大校史馆","《2017年1月》写，李敖列出父亲李鼎彝遗留的三份文件：1926年北京大学毕业证书、北大毕业后吉林大学聘书、马占山将军敌后抗日任命状，并补充自己已把北京大学毕业证书送给北大校史馆。这条保留晚年书房/家族档案的去向线索。","李敖、李鼎彝、马占山、吴焕章","北京大学、北大校史馆、吉林大学","李鼎彝、北京大学、北大校史馆、家族档案、马占山","家族线、书房线、晚年线","虽千万人，李敖往矣","","虽千万人，李敖往矣","050.2017年1月","109","《大李敖全集5.0》（wjm_tcy版）分章节/005.诗集语录类/005.虽千万人，李敖往矣/050.2017年1月.txt","","[]","data/timeline-events-sui-qianwan-li-ao-wangyi.json","sui-qianwan-2017-01-27-records-fathers-documents-and-beida-diploma-donation","{""id"":""sui-qianwan-2017-01-27-records-fathers-documents-and-beida-diploma-donation"",""date"":""2017-01-27"",""displayDate"":""2017年1月27日星期五"",""datePrecision"":""day"",""title"":""李敖记录父亲遗留三份文件，并说已把北京大学毕业证书送给北大校史馆"",""summary"":""《2017年1月》写，李敖列出父亲李鼎彝遗留的三份文件：1926年北京大学毕业证书、北大毕业后吉林大学聘书、马占山将军敌后抗日任命状，并补充自己已把北京大学毕业证书送给北大校史馆。这条保留晚年书房/家族档案的去向线索。"",""view"":[""家族线"",""书房线"",""晚年线""],""tags"":[""李鼎彝"",""北京大学"",""北大校史馆"",""家族档案"",""马占山""],""people"":[""李敖"",""李鼎彝"",""马占山"",""吴焕章""],""places"":[""北京大学"",""北大校史馆"",""吉林大学""],""works"":[""虽千万人，李敖往矣""],""certainty"":""confirmed"",""source"":{""book"":""虽千万人，李敖往矣"",""chapter"":""050.2017年1月"",""path"":""《大李敖全集5.0》（wjm_tcy版）分章节/005.诗集语录类/005.虽千万人，李敖往矣/050.2017年1月.txt"",""line"":109},""dataFile"":""data/timeline-events-sui-qianwan-li-ao-wangyi.json""}"
"27432","2017","2017-02-07","2017年2月7日星期二","day","probable","李敖记录曾送钱给梁肃戎，助其参加大陆抗日座谈会","《2017年2月》写，李敖回忆“那年祖国邀抗日英雄梁肃戎参加抗日座谈会”，自己曾送钱数万元为梁肃戎壮行，但梁肃戎后来未能成行便去世。原文未交代当年确日，本条按2017年2月7日的回述入表。","李敖、梁肃戎","台湾、大陆","梁肃戎、抗日座谈会、大陆、资助、回述","交游线、政治线、晚年线","虽千万人，李敖往矣","","虽千万人，李敖往矣","051.2017年2月","29","《大李敖全集5.0》（wjm_tcy版）分章节/005.诗集语录类/005.虽千万人，李敖往矣/051.2017年2月.txt","","[]","data/timeline-events-sui-qianwan-li-ao-wangyi.json","sui-qianwan-2017-02-07-records-giving-money-to-liang-surong-for-mainland-trip","{""id"":""sui-qianwan-2017-02-07-records-giving-money-to-liang-surong-for-mainland-trip"",""date"":""2017-02-07"",""displayDate"":""2017年2月7日星期二"",""datePrecision"":""day"",""title"":""李敖记录曾送钱给梁肃戎，助其参加大陆抗日座谈会"",""summary"":""《2017年2月》写，李敖回忆“那年祖国邀抗日英雄梁肃戎参加抗日座谈会”，自己曾送钱数万元为梁肃戎壮行，但梁肃戎后来未能成行便去世。原文未交代当年确日，本条按2017年2月7日的回述入表。"",""view"":[""交游线"",""政治线"",""晚年线""],""tags"":[""梁肃戎"",""抗日座谈会"",""大陆"",""资助"",""回述""],""people"":[""李敖"",""梁肃戎""],""places"":[""台湾"",""大陆""],""works"":[""虽千万人，李敖往矣""],""certainty"":""probable"",""source"":{""book"":""虽千万人，李敖往矣"",""chapter"":""051.2017年2月"",""path"":""《大李敖全集5.0》（wjm_tcy版）分章节/005.诗集语录类/005.虽千万人，李敖往矣/051.2017年2月.txt"",""line"":29},""dataFile"":""data/timeline-events-sui-qianwan-li-ao-wangyi.json""}"
"27433","2017","2017-02-22","2017年2月22日晚上，台北家中","day","confirmed","亚洲周刊人员夜访台北家中，李敖谈脑瘤、85本《大全集》和文物回归展","2月22日晚上，亚洲周刊人员到李敖台北家中探望并录音访问。李敖拄拐开门、签书唱歌，告别时还笑说下次可能要在墓地前看他；问到腿疾，他说前一年因左腿无力就医，查出脑部恶性肿瘤，已做二十八次电疗并影响吞咽。他在台北家中谈到要三年内完成85本《李敖大全集》，还计划把一百件收藏品带到北京做“流台文物回归祖国展”，半卖半送。","李敖、陈文茜、胡适、郑欣淼、单霁翔","台北、李敖家中、阳明山书房、北京、北京故宫博物院","亚洲周刊、台北家中、脑部恶性肿瘤、电疗、李敖大全集、文物回归展","访谈线、健康线、出版线、收藏线、晚年线","李敖访谈录1990-2018、李敖大全集","book8-2017-02-25-asia-weekly-interviews-li-ao、sui-qianwan-2017-03-21-discloses-brainstem-malignant-tumor-and-treatment","李敖访谈录1990-2018","073.20170222《亚洲周刊》专访李敖","15","《大李敖全集5.0》（wjm_tcy版）分章节/007.采访序跋类/005.李敖访谈录1990-2018/073.20170222《亚洲周刊》专访李敖.txt","","[]","data/timeline-events-li-ao-fangtanlu-1990-2018.json","li-ao-fangtanlu-2017-02-22-asia-weekly-home-visit-health-and-daqianji","{""id"":""li-ao-fangtanlu-2017-02-22-asia-weekly-home-visit-health-and-daqianji"",""date"":""2017-02-22"",""displayDate"":""2017年2月22日晚上，台北家中"",""datePrecision"":""day"",""title"":""亚洲周刊人员夜访台北家中，李敖谈脑瘤、85本《大全集》和文物回归展"",""summary"":""2月22日晚上，亚洲周刊人员到李敖台北家中探望并录音访问。李敖拄拐开门、签书唱歌，告别时还笑说下次可能要在墓地前看他；问到腿疾，他说前一年因左腿无力就医，查出脑部恶性肿瘤，已做二十八次电疗并影响吞咽。他在台北家中谈到要三年内完成85本《李敖大全集》，还计划把一百件收藏品带到北京做“流台文物回归祖国展”，半卖半送。"",""category"":""interview"",""type"":""李敖当事人事件"",""source"":{""book"":""李敖访谈录1990-2018"",""chapter"":""073.20170222《亚洲周刊》专访李敖"",""path"":""《大李敖全集5.0》（wjm_tcy版）分章节/007.采访序跋类/005.李敖访谈录1990-2018/073.20170222《亚洲周刊》专访李敖.txt"",""line"":15,""lines"":[15,19,21,23,33,35,39,53,57,59,65,67,73,89]},""certainty"":""confirmed"",""tags"":[""亚洲周刊"",""台北家中"",""脑部恶性肿瘤"",""电疗"",""李敖大全集"",""文物回归展""],""people"":[""李敖"",""陈文茜"",""胡适"",""郑欣淼"",""单霁翔""],""places"":[""台北"",""李敖家中"",""阳明山书房"",""北京"",""北京故宫博物院""],""works"":[""李敖访谈录1990-2018"",""李敖大全集""],""view"":[""访谈线"",""健康线"",""出版线"",""收藏线"",""晚年线""],""crossReferences"":[""book8-2017-02-25-asia-weekly-interviews-li-ao"",""sui-qianwan-2017-03-21-discloses-brainstem-malignant-tumor-and-treatment""],""dataFile"":""data/timeline-events-li-ao-fangtanlu-1990-2018.json""}"
"27434","2017","2017-02-25","2017年2月25日星期六","day","confirmed","《亚洲周刊》专访李敖","《李敖五十年表》记，2017年2月25日，《亚洲周刊》专访李敖。访谈在李敖台北市敦化南路书房进行，时间逾四小时；李敖谈到发现脑瘤后计划调整，称85岁前还有一千天，要把《李敖大全集》做到85册。他又谈家庭、遗嘱、研究方法、2005年大陆演讲、言论自由与“立德”，并在台北书房被问到一生梦想是否实现时回答“很接近”，因为自己还能把85本《大全集》印出来。","李敖","香港","亚洲周刊、专访、媒体露面","媒体线、生平线、海外线","亚洲周刊、李敖相关","li-ao-fangtanlu-2017-02-22-asia-weekly-home-visit-health-and-daqianji、sui-qianwan-2017-03-21-discloses-brainstem-malignant-tumor-and-treatment","李敖相关","001.李敖五十年表","191","《大李敖全集5.0》（wjm_tcy版）分章节/001.自传回忆类/008.李敖相关/001.李敖五十年表.txt","李敖访谈录1990-2018 / 074.20170225《亚洲周刊》专访李敖 / line 5 / 说明：《亚洲周刊》四小时专访纪要，补足地点、时长、千日计划、家庭与言论自由等细节。 / 《大李敖全集5.0》（wjm_tcy版）分章节/007.采访序跋类/005.李敖访谈录1990-2018/074.20170225《亚洲周刊》专访李敖.txt","[{""book"":""李敖访谈录1990-2018"",""chapter"":""074.20170225《亚洲周刊》专访李敖"",""path"":""《大李敖全集5.0》（wjm_tcy版）分章节/007.采访序跋类/005.李敖访谈录1990-2018/074.20170225《亚洲周刊》专访李敖.txt"",""line"":5,""lines"":[5,7,11,15,97,113,119,145,159,195,203],""note"":""《亚洲周刊》四小时专访纪要，补足地点、时长、千日计划、家庭与言论自由等细节。""}]","data/timeline-events-eighth-book.json","book8-2017-02-25-asia-weekly-interviews-li-ao","{""id"":""book8-2017-02-25-asia-weekly-interviews-li-ao"",""date"":""2017-02-25"",""displayDate"":""2017年2月25日星期六"",""datePrecision"":""day"",""title"":""《亚洲周刊》专访李敖"",""summary"":""《李敖五十年表》记，2017年2月25日，《亚洲周刊》专访李敖。访谈在李敖台北市敦化南路书房进行，时间逾四小时；李敖谈到发现脑瘤后计划调整，称85岁前还有一千天，要把《李敖大全集》做到85册。他又谈家庭、遗嘱、研究方法、2005年大陆演讲、言论自由与“立德”，并在台北书房被问到一生梦想是否实现时回答“很接近”，因为自己还能把85本《大全集》印出来。"",""view"":[""媒体线"",""生平线"",""海外线""],""tags"":[""亚洲周刊"",""专访"",""媒体露面""],""people"":[""李敖""],""places"":[""香港""],""works"":[""亚洲周刊"",""李敖相关""],""certainty"":""confirmed"",""source"":{""book"":""李敖相关"",""chapter"":""001.李敖五十年表"",""path"":""《大李敖全集5.0》（wjm_tcy版）分章节/001.自传回忆类/008.李敖相关/001.李敖五十年表.txt"",""line"":191},""additionalSources"":[{""book"":""李敖访谈录1990-2018"",""chapter"":""074.20170225《亚洲周刊》专访李敖"",""path"":""《大李敖全集5.0》（wjm_tcy版）分章节/007.采访序跋类/005.李敖访谈录1990-2018/074.20170225《亚洲周刊》专访李敖.txt"",""line"":5,""lines"":[5,7,11,15,97,113,119,145,159,195,203],""note"":""《亚洲周刊》四小时专访纪要，补足地点、时长、千日计划、家庭与言论自由等细节。""}],""crossReferences"":[""li-ao-fangtanlu-2017-02-22-asia-weekly-home-visit-health-and-daqianji"",""sui-qianwan-2017-03-21-discloses-brainstem-malignant-tumor-and-treatment""],""dataFile"":""data/timeline-events-eighth-book.json""}"
"27435","2017","2017-02-27","2017年2月27日星期一","day","confirmed","李敖写自己一生拒去中正纪念堂，也没去过毛泽东纪念堂","《2017年2月》写，李敖借台湾“去蒋化”议题说明自己一生拒绝去中正纪念堂，并说自己同样没去过毛泽东纪念堂。此条记录其晚年对纪念堂空间的个人行动边界与自我定位，不把后续政治评论另拆。","李敖、蒋介石、毛泽东","中正纪念堂、毛泽东纪念堂、台湾","中正纪念堂、毛泽东纪念堂、去蒋化、个人立场","思想线、生活线、晚年线","虽千万人，李敖往矣","","虽千万人，李敖往矣","051.2017年2月","109","《大李敖全集5.0》（wjm_tcy版）分章节/005.诗集语录类/005.虽千万人，李敖往矣/051.2017年2月.txt","","[]","data/timeline-events-sui-qianwan-li-ao-wangyi.json","sui-qianwan-2017-02-27-rejects-visiting-chiang-and-mao-memorials","{""id"":""sui-qianwan-2017-02-27-rejects-visiting-chiang-and-mao-memorials"",""date"":""2017-02-27"",""displayDate"":""2017年2月27日星期一"",""datePrecision"":""day"",""title"":""李敖写自己一生拒去中正纪念堂，也没去过毛泽东纪念堂"",""summary"":""《2017年2月》写，李敖借台湾“去蒋化”议题说明自己一生拒绝去中正纪念堂，并说自己同样没去过毛泽东纪念堂。此条记录其晚年对纪念堂空间的个人行动边界与自我定位，不把后续政治评论另拆。"",""view"":[""思想线"",""生活线"",""晚年线""],""tags"":[""中正纪念堂"",""毛泽东纪念堂"",""去蒋化"",""个人立场""],""people"":[""李敖"",""蒋介石"",""毛泽东""],""places"":[""中正纪念堂"",""毛泽东纪念堂"",""台湾""],""works"":[""虽千万人，李敖往矣""],""certainty"":""confirmed"",""source"":{""book"":""虽千万人，李敖往矣"",""chapter"":""051.2017年2月"",""path"":""《大李敖全集5.0》（wjm_tcy版）分章节/005.诗集语录类/005.虽千万人，李敖往矣/051.2017年2月.txt"",""line"":109},""dataFile"":""data/timeline-events-sui-qianwan-li-ao-wangyi.json""}"
"27436","2017","2017-03-06","2017年3月6日星期一","day","confirmed","李敖在通化街小店修手杖柄，并按自己判断付给修鞋匠一千元","《2017年3月》写，李敖的手杖柄摔坏后，请台北市通化街小店一位广西桂林籍老修鞋匠代修；对方报价三百元，李敖掏出一千元并说顾客也可以决定价钱，自己觉得它值一千元。此条补入晚年行动不便后的手杖日常。","李敖、未名修鞋匠","台北市通化街、台湾","手杖、通化街、修鞋匠、台北日常","生活线、身体线、晚年线","虽千万人，李敖往矣","sui-qianwan-2015-01-18-mothers-cane-returns-to-li-ao","虽千万人，李敖往矣","052.2017年3月","25","《大李敖全集5.0》（wjm_tcy版）分章节/005.诗集语录类/005.虽千万人，李敖往矣/052.2017年3月.txt","","[]","data/timeline-events-sui-qianwan-li-ao-wangyi.json","sui-qianwan-2017-03-06-repairs-cane-handle-and-pays-shoemaker-1000","{""id"":""sui-qianwan-2017-03-06-repairs-cane-handle-and-pays-shoemaker-1000"",""date"":""2017-03-06"",""displayDate"":""2017年3月6日星期一"",""datePrecision"":""day"",""title"":""李敖在通化街小店修手杖柄，并按自己判断付给修鞋匠一千元"",""summary"":""《2017年3月》写，李敖的手杖柄摔坏后，请台北市通化街小店一位广西桂林籍老修鞋匠代修；对方报价三百元，李敖掏出一千元并说顾客也可以决定价钱，自己觉得它值一千元。此条补入晚年行动不便后的手杖日常。"",""view"":[""生活线"",""身体线"",""晚年线""],""tags"":[""手杖"",""通化街"",""修鞋匠"",""台北日常""],""people"":[""李敖"",""未名修鞋匠""],""places"":[""台北市通化街"",""台湾""],""works"":[""虽千万人，李敖往矣""],""certainty"":""confirmed"",""crossReferences"":[""sui-qianwan-2015-01-18-mothers-cane-returns-to-li-ao""],""source"":{""book"":""虽千万人，李敖往矣"",""chapter"":""052.2017年3月"",""path"":""《大李敖全集5.0》（wjm_tcy版）分章节/005.诗集语录类/005.虽千万人，李敖往矣/052.2017年3月.txt"",""line"":25},""dataFile"":""data/timeline-events-sui-qianwan-li-ao-wangyi.json""}"
"27437","2017","2017-03-09","2017年3月9日星期四","day","confirmed","李敖记录自己出过四本二二八专书，并特别推荐李戡的不平鸣","《2017年3月》写，李敖称正式在书里出现“二二八事变”字眼，是由自己发动；自己出过四本揭发二二八真相的书。当天他又说李戡发“朝天吼”、作“不平鸣”，并特别推荐。此条作为2017年父子公共议题互动入表。","李敖、李戡","台湾","二二八、李戡、推荐、父子、史论","写作线、家族线、政治线","虽千万人，李敖往矣","","虽千万人，李敖往矣","052.2017年3月","37","《大李敖全集5.0》（wjm_tcy版）分章节/005.诗集语录类/005.虽千万人，李敖往矣/052.2017年3月.txt","","[]","data/timeline-events-sui-qianwan-li-ao-wangyi.json","sui-qianwan-2017-03-09-recommends-li-kan-february-28-writing","{""id"":""sui-qianwan-2017-03-09-recommends-li-kan-february-28-writing"",""date"":""2017-03-09"",""displayDate"":""2017年3月9日星期四"",""datePrecision"":""day"",""title"":""李敖记录自己出过四本二二八专书，并特别推荐李戡的不平鸣"",""summary"":""《2017年3月》写，李敖称正式在书里出现“二二八事变”字眼，是由自己发动；自己出过四本揭发二二八真相的书。当天他又说李戡发“朝天吼”、作“不平鸣”，并特别推荐。此条作为2017年父子公共议题互动入表。"",""view"":[""写作线"",""家族线"",""政治线""],""tags"":[""二二八"",""李戡"",""推荐"",""父子"",""史论""],""people"":[""李敖"",""李戡""],""places"":[""台湾""],""works"":[""虽千万人，李敖往矣""],""certainty"":""confirmed"",""source"":{""book"":""虽千万人，李敖往矣"",""chapter"":""052.2017年3月"",""path"":""《大李敖全集5.0》（wjm_tcy版）分章节/005.诗集语录类/005.虽千万人，李敖往矣/052.2017年3月.txt"",""line"":37},""dataFile"":""data/timeline-events-sui-qianwan-li-ao-wangyi.json""}"
"27438","2017","2017-03-10","2017年3月10日星期五","day","confirmed","李敖与在剑桥大学的李戡通电话，谈国共与中国未来","《2017年3月》写，李敖与在剑桥大学的李戡通电话，向他说国民党追求中国的过去、共产党追求中国的现在，而“我们”追求中国的未来；政治追求是一时，思想文化追求才长远。此条续接2016年李戡赴剑桥后的父子通话线。","李敖、李戡","剑桥大学、台湾","李戡、剑桥大学、电话、中国未来、父子","家族线、思想线、晚年线","虽千万人，李敖往矣","sui-qianwan-2016-09-29-li-kan-flies-to-cambridge","虽千万人，李敖往矣","052.2017年3月","41","《大李敖全集5.0》（wjm_tcy版）分章节/005.诗集语录类/005.虽千万人，李敖往矣/052.2017年3月.txt","","[]","data/timeline-events-sui-qianwan-li-ao-wangyi.json","sui-qianwan-2017-03-10-calls-li-kan-at-cambridge-about-chinas-future","{""id"":""sui-qianwan-2017-03-10-calls-li-kan-at-cambridge-about-chinas-future"",""date"":""2017-03-10"",""displayDate"":""2017年3月10日星期五"",""datePrecision"":""day"",""title"":""李敖与在剑桥大学的李戡通电话，谈国共与中国未来"",""summary"":""《2017年3月》写，李敖与在剑桥大学的李戡通电话，向他说国民党追求中国的过去、共产党追求中国的现在，而“我们”追求中国的未来；政治追求是一时，思想文化追求才长远。此条续接2016年李戡赴剑桥后的父子通话线。"",""view"":[""家族线"",""思想线"",""晚年线""],""tags"":[""李戡"",""剑桥大学"",""电话"",""中国未来"",""父子""],""people"":[""李敖"",""李戡""],""places"":[""剑桥大学"",""台湾""],""works"":[""虽千万人，李敖往矣""],""certainty"":""confirmed"",""crossReferences"":[""sui-qianwan-2016-09-29-li-kan-flies-to-cambridge""],""source"":{""book"":""虽千万人，李敖往矣"",""chapter"":""052.2017年3月"",""path"":""《大李敖全集5.0》（wjm_tcy版）分章节/005.诗集语录类/005.虽千万人，李敖往矣/052.2017年3月.txt"",""line"":41},""dataFile"":""data/timeline-events-sui-qianwan-li-ao-wangyi.json""}"
"27439","2017","2017-03-13","2017年3月13日星期一","day","probable","李敖说前一日谈鲁智深的短文好像被封杀","《2017年3月》写，李敖说自己前一天谈“鲁智深不是共产党”后，好像被封杀；他表示对此积习不改，也习以为常，并声明用封杀方法对付他已经落伍。此条补入2017年微博/网络短文审查线。","李敖","台湾、大陆网络","封杀、鲁智深、微博、网络写作、审查","媒体线、审查线、晚年线","虽千万人，李敖往矣","","虽千万人，李敖往矣","052.2017年3月","53","《大李敖全集5.0》（wjm_tcy版）分章节/005.诗集语录类/005.虽千万人，李敖往矣/052.2017年3月.txt","","[]","data/timeline-events-sui-qianwan-li-ao-wangyi.json","sui-qianwan-2017-03-13-says-previous-lu-zhishen-post-seems-censored","{""id"":""sui-qianwan-2017-03-13-says-previous-lu-zhishen-post-seems-censored"",""date"":""2017-03-13"",""displayDate"":""2017年3月13日星期一"",""datePrecision"":""day"",""title"":""李敖说前一日谈鲁智深的短文好像被封杀"",""summary"":""《2017年3月》写，李敖说自己前一天谈“鲁智深不是共产党”后，好像被封杀；他表示对此积习不改，也习以为常，并声明用封杀方法对付他已经落伍。此条补入2017年微博/网络短文审查线。"",""view"":[""媒体线"",""审查线"",""晚年线""],""tags"":[""封杀"",""鲁智深"",""微博"",""网络写作"",""审查""],""people"":[""李敖""],""places"":[""台湾"",""大陆网络""],""works"":[""虽千万人，李敖往矣""],""certainty"":""probable"",""source"":{""book"":""虽千万人，李敖往矣"",""chapter"":""052.2017年3月"",""path"":""《大李敖全集5.0》（wjm_tcy版）分章节/005.诗集语录类/005.虽千万人，李敖往矣/052.2017年3月.txt"",""line"":53},""dataFile"":""data/timeline-events-sui-qianwan-li-ao-wangyi.json""}"
"27440","2017","2017-03-21","2017年3月21日星期二","day","confirmed","李敖公开写出脑干恶性肿瘤，并说已做二十八次放射治疗","《2017年3月》写，李敖八十岁后不良于行，本以为只是老化，约一个月前才查出脑干恶性肿瘤；他又说自己已做二十八次放射治疗，并天天服用标靶药、类固醇和止痛药。此条是晚年病情线的重要公开节点。","李敖","台湾","脑干恶性肿瘤、放射治疗、标靶药、类固醇、不良于行","身体线、晚年线、医疗线","虽千万人，李敖往矣","sui-qianwan-2016-12-10-taxi-driver-recognizes-voice-and-li-ao-notes-bad-legs、sui-qianwan-2017-09-04-writes-will、li-ao-fangtanlu-2017-02-22-asia-weekly-home-visit-health-and-daqianji、li-ao-fangtanlu-2017-04-11-china-press-malaysia-friends-visit、li-ao-fangtanlu-2017-06-farewell-letter-and-zaijian-liao-plan","虽千万人，李敖往矣","052.2017年3月","85","《大李敖全集5.0》（wjm_tcy版）分章节/005.诗集语录类/005.虽千万人，李敖往矣/052.2017年3月.txt","李敖访谈录1990-2018 / 073.20170222《亚洲周刊》专访李敖 / line 33 / 说明：2月22日亚洲周刊夜访中，李敖已说明左腿无力、脑部肿瘤、电疗、吞咽影响与85本《大全集》计划。 / 《大李敖全集5.0》（wjm_tcy版）分章节/007.采访序跋类/005.李敖访谈录1990-2018/073.20170222《亚洲周刊》专访李敖.txt || 李敖访谈录1990-2018 / 075.20170411《中国报》报导 / line 19 / 说明：《中国报》探访报道补充28次电疗、标靶药、吞咽困难、凌晨三点工作与《大全集》后45册。 / 《大李敖全集5.0》（wjm_tcy版）分章节/007.采访序跋类/005.李敖访谈录1990-2018/075.20170411《中国报》报导.txt","[{""book"":""李敖访谈录1990-2018"",""chapter"":""073.20170222《亚洲周刊》专访李敖"",""path"":""《大李敖全集5.0》（wjm_tcy版）分章节/007.采访序跋类/005.李敖访谈录1990-2018/073.20170222《亚洲周刊》专访李敖.txt"",""line"":33,""lines"":[33,35,37,39],""note"":""2月22日亚洲周刊夜访中，李敖已说明左腿无力、脑部肿瘤、电疗、吞咽影响与85本《大全集》计划。""},{""book"":""李敖访谈录1990-2018"",""chapter"":""075.20170411《中国报》报导"",""path"":""《大李敖全集5.0》（wjm_tcy版）分章节/007.采访序跋类/005.李敖访谈录1990-2018/075.20170411《中国报》报导.txt"",""line"":19,""lines"":[19,21,59,63,67,69],""note"":""《中国报》探访报道补充28次电疗、标靶药、吞咽困难、凌晨三点工作与《大全集》后45册。""}]","data/timeline-events-sui-qianwan-li-ao-wangyi.json","sui-qianwan-2017-03-21-discloses-brainstem-malignant-tumor-and-treatment","{""id"":""sui-qianwan-2017-03-21-discloses-brainstem-malignant-tumor-and-treatment"",""date"":""2017-03-21"",""displayDate"":""2017年3月21日星期二"",""datePrecision"":""day"",""title"":""李敖公开写出脑干恶性肿瘤，并说已做二十八次放射治疗"",""summary"":""《2017年3月》写，李敖八十岁后不良于行，本以为只是老化，约一个月前才查出脑干恶性肿瘤；他又说自己已做二十八次放射治疗，并天天服用标靶药、类固醇和止痛药。此条是晚年病情线的重要公开节点。"",""view"":[""身体线"",""晚年线"",""医疗线""],""tags"":[""脑干恶性肿瘤"",""放射治疗"",""标靶药"",""类固醇"",""不良于行""],""people"":[""李敖""],""places"":[""台湾""],""works"":[""虽千万人，李敖往矣""],""certainty"":""confirmed"",""crossReferences"":[""sui-qianwan-2016-12-10-taxi-driver-recognizes-voice-and-li-ao-notes-bad-legs"",""sui-qianwan-2017-09-04-writes-will"",""li-ao-fangtanlu-2017-02-22-asia-weekly-home-visit-health-and-daqianji"",""li-ao-fangtanlu-2017-04-11-china-press-malaysia-friends-visit"",""li-ao-fangtanlu-2017-06-farewell-letter-and-zaijian-liao-plan""],""source"":{""book"":""虽千万人，李敖往矣"",""chapter"":""052.2017年3月"",""path"":""《大李敖全集5.0》（wjm_tcy版）分章节/005.诗集语录类/005.虽千万人，李敖往矣/052.2017年3月.txt"",""line"":85},""additionalSources"":[{""book"":""李敖访谈录1990-2018"",""chapter"":""073.20170222《亚洲周刊》专访李敖"",""path"":""《大李敖全集5.0》（wjm_tcy版）分章节/007.采访序跋类/005.李敖访谈录1990-2018/073.20170222《亚洲周刊》专访李敖.txt"",""line"":33,""lines"":[33,35,37,39],""note"":""2月22日亚洲周刊夜访中，李敖已说明左腿无力、脑部肿瘤、电疗、吞咽影响与85本《大全集》计划。""},{""book"":""李敖访谈录1990-2018"",""chapter"":""075.20170411《中国报》报导"",""path"":""《大李敖全集5.0》（wjm_tcy版）分章节/007.采访序跋类/005.李敖访谈录1990-2018/075.20170411《中国报》报导.txt"",""line"":19,""lines"":[19,21,59,63,67,69],""note"":""《中国报》探访报道补充28次电疗、标靶药、吞咽困难、凌晨三点工作与《大全集》后45册。""}],""dataFile"":""data/timeline-events-sui-qianwan-li-ao-wangyi.json""}"
"27441","2017","2017-04-05","2017年4月5日星期三","day","confirmed","李敖把《虚拟的十七岁》送给台北荣总神经内科主任王署君","《2017年4月》写，李敖送一本《虚拟的十七岁》给台北荣民总医院神经内科主任王署君，并说明此书不是黄色小说，而是自己的科技预言，谈“植入”、人工智能与“天人合一”。此条连接晚年医疗关系与旧作再阐释。","李敖、王署君","台北荣民总医院、台湾","王署君、台北荣民总医院、神经内科、虚拟的十七岁、人工智能","医疗线、写作线、晚年线","虽千万人，李敖往矣、虚拟的十七岁","book7-2007-completes-virtual-seventeen-and-launches-it-with-liu-changle-hosting、virtual-seventeen-2008-04-10-writes-about-writing、sui-qianwan-2017-03-21-discloses-brainstem-malignant-tumor-and-treatment","虽千万人，李敖往矣","053.2017年4月","21","《大李敖全集5.0》（wjm_tcy版）分章节/005.诗集语录类/005.虽千万人，李敖往矣/053.2017年4月.txt","","[]","data/timeline-events-sui-qianwan-li-ao-wangyi.json","sui-qianwan-2017-04-05-gives-virtual-seventeen-to-neurologist-wang-shujun","{""id"":""sui-qianwan-2017-04-05-gives-virtual-seventeen-to-neurologist-wang-shujun"",""date"":""2017-04-05"",""displayDate"":""2017年4月5日星期三"",""datePrecision"":""day"",""title"":""李敖把《虚拟的十七岁》送给台北荣总神经内科主任王署君"",""summary"":""《2017年4月》写，李敖送一本《虚拟的十七岁》给台北荣民总医院神经内科主任王署君，并说明此书不是黄色小说，而是自己的科技预言，谈“植入”、人工智能与“天人合一”。此条连接晚年医疗关系与旧作再阐释。"",""view"":[""医疗线"",""写作线"",""晚年线""],""tags"":[""王署君"",""台北荣民总医院"",""神经内科"",""虚拟的十七岁"",""人工智能""],""people"":[""李敖"",""王署君""],""places"":[""台北荣民总医院"",""台湾""],""works"":[""虽千万人，李敖往矣"",""虚拟的十七岁""],""certainty"":""confirmed"",""crossReferences"":[""book7-2007-completes-virtual-seventeen-and-launches-it-with-liu-changle-hosting"",""virtual-seventeen-2008-04-10-writes-about-writing"",""sui-qianwan-2017-03-21-discloses-brainstem-malignant-tumor-and-treatment""],""source"":{""book"":""虽千万人，李敖往矣"",""chapter"":""053.2017年4月"",""path"":""《大李敖全集5.0》（wjm_tcy版）分章节/005.诗集语录类/005.虽千万人，李敖往矣/053.2017年4月.txt"",""line"":21},""dataFile"":""data/timeline-events-sui-qianwan-li-ao-wangyi.json""}"
"27442","2017","2017-05-29","2017-05-29","day","","李敖在《读书人》病中拍摄时说脑瘤放射治疗二十八次，身体变成战场","片头说明这是对八十二岁李敖的病中拜访；他接电话说刚做完二十八次脑瘤放射治疗，随后解释恶性肿瘤压迫左腿神经、影响吞咽，类固醇副作用又大，使身体像日俄战争在中国作战那样成为战场。","李敖、宋子文","台湾、医院、中国、日本、俄国","李敖政论综艺集、第十九轮、closeout、节目访谈、第186集、读书人、脑瘤、放射治疗、类固醇、病中拍摄","public","读书人","","","","","","","[]","data/timeline-events-li-ao-zhenglun-zongyiji.json","li-ao-zhenglun-zongyiji-186-discloses-brain-tumor-radiation-swallowing-risk-and-body-as-battlefield","{""id"":""li-ao-zhenglun-zongyiji-186-discloses-brain-tumor-radiation-swallowing-risk-and-body-as-battlefield"",""date"":""2017-05-29"",""year"":2017,""month"":5,""day"":29,""title"":""李敖在《读书人》病中拍摄时说脑瘤放射治疗二十八次，身体变成战场"",""summary"":""片头说明这是对八十二岁李敖的病中拜访；他接电话说刚做完二十八次脑瘤放射治疗，随后解释恶性肿瘤压迫左腿神经、影响吞咽，类固醇副作用又大，使身体像日俄战争在中国作战那样成为战场。"",""category"":""media"",""source"":""《大李敖全集5.0》（wjm_tcy版）分章节/010.节目演讲类/012.李敖政论综艺集/186.20170529《读书人》.txt"",""sourceLines"":[3,7],""lineCount"":43,""people"":[""李敖"",""宋子文""],""places"":[""台湾"",""医院"",""中国"",""日本"",""俄国""],""works"":[""读书人""],""tags"":[""李敖政论综艺集"",""第十九轮"",""closeout"",""节目访谈"",""第186集"",""读书人"",""脑瘤"",""放射治疗"",""类固醇"",""病中拍摄""],""crossReferences"":[],""view"":[""public""],""confidence"":""high"",""round"":""li-ao-zhenglun-zongyiji-round019-181-186-closeout"",""dataFile"":""data/timeline-events-li-ao-zhenglun-zongyiji.json""}"
"27443","2017","2017-05-29","2017-05-29","day","","李敖把坐牢说成强者从零开始的最好时光，而《读书人》第二次拍摄前又住院","片中旁白提到一九七一至一九七六、一九八一至一九八二两次坐牢；李敖说牢中夜里有鼠虫、一年不能洗澡，人生已不能更低，所以对强者是从零归零的磨练。节目最后说明原计划两次拍摄，但第二次拍摄前夕李敖再次住院四十二天，影片只完成第一次拍摄。","李敖","台湾、医院","李敖政论综艺集、第十九轮、closeout、节目访谈、第186集、坐牢、最好时光、归零、住院、拍摄未完成","public","读书人","li-ao-zhenglun-zongyiji-182-turns-prison-trauma-into-still-fighting-fake-taiwan-democracy、li-ao-zhenglun-zongyiji-181-recasts-arrest-collapse-into-battle-body-and-prison-song-newspaper-bargain","","","","","","[]","data/timeline-events-li-ao-zhenglun-zongyiji.json","li-ao-zhenglun-zongyiji-186-makes-prison-the-best-time-because-it-started-from-zero-before-unfinished-second-shoot","{""id"":""li-ao-zhenglun-zongyiji-186-makes-prison-the-best-time-because-it-started-from-zero-before-unfinished-second-shoot"",""date"":""2017-05-29"",""year"":2017,""month"":5,""day"":29,""title"":""李敖把坐牢说成强者从零开始的最好时光，而《读书人》第二次拍摄前又住院"",""summary"":""片中旁白提到一九七一至一九七六、一九八一至一九八二两次坐牢；李敖说牢中夜里有鼠虫、一年不能洗澡，人生已不能更低，所以对强者是从零归零的磨练。节目最后说明原计划两次拍摄，但第二次拍摄前夕李敖再次住院四十二天，影片只完成第一次拍摄。"",""category"":""media"",""source"":""《大李敖全集5.0》（wjm_tcy版）分章节/010.节目演讲类/012.李敖政论综艺集/186.20170529《读书人》.txt"",""sourceLines"":[23,33],""lineCount"":43,""people"":[""李敖""],""places"":[""台湾"",""医院""],""works"":[""读书人""],""tags"":[""李敖政论综艺集"",""第十九轮"",""closeout"",""节目访谈"",""第186集"",""坐牢"",""最好时光"",""归零"",""住院"",""拍摄未完成""],""crossReferences"":[""li-ao-zhenglun-zongyiji-182-turns-prison-trauma-into-still-fighting-fake-taiwan-democracy"",""li-ao-zhenglun-zongyiji-181-recasts-arrest-collapse-into-battle-body-and-prison-song-newspaper-bargain""],""view"":[""public""],""confidence"":""high"",""round"":""li-ao-zhenglun-zongyiji-round019-181-186-closeout"",""dataFile"":""data/timeline-events-li-ao-zhenglun-zongyiji.json""}"
"27444","2017","2017-05-29","2017-05-29","day","","李敖借董小宛的美好时光，警告年轻人的危机是同类化和被手机电脑控制","他说自己能活到现在接受电视采访就是最好的时光，又借董小宛十八岁从良、二十七岁死去说明每个人都有美好时光；他认为现代年轻人不是没有前途，而是没有个性、无趣当有趣，被手机、电脑、网站控制，而他是最后一个能用人脑打败电脑的人。","李敖、董小宛、冒襄","台湾、台中","李敖政论综艺集、第十九轮、closeout、节目访谈、第186集、美好时光、董小宛、年轻人、同类化、电脑","public","读书人","li-ao-zhenglun-zongyiji-089-presents-review-method-and-last-human-brain-against-computer、li-ao-zhenglun-zongyiji-101-rejects-computer-garbage-and-defends-earth-method-selection","","","","","","[]","data/timeline-events-li-ao-zhenglun-zongyiji.json","li-ao-zhenglun-zongyiji-186-uses-dong-xiaowan-best-time-to-warn-young-people-against-homogenization-and-computer-control","{""id"":""li-ao-zhenglun-zongyiji-186-uses-dong-xiaowan-best-time-to-warn-young-people-against-homogenization-and-computer-control"",""date"":""2017-05-29"",""year"":2017,""month"":5,""day"":29,""title"":""李敖借董小宛的美好时光，警告年轻人的危机是同类化和被手机电脑控制"",""summary"":""他说自己能活到现在接受电视采访就是最好的时光，又借董小宛十八岁从良、二十七岁死去说明每个人都有美好时光；他认为现代年轻人不是没有前途，而是没有个性、无趣当有趣，被手机、电脑、网站控制，而他是最后一个能用人脑打败电脑的人。"",""category"":""media"",""source"":""《大李敖全集5.0》（wjm_tcy版）分章节/010.节目演讲类/012.李敖政论综艺集/186.20170529《读书人》.txt"",""sourceLines"":[9,15],""lineCount"":43,""people"":[""李敖"",""董小宛"",""冒襄""],""places"":[""台湾"",""台中""],""works"":[""读书人""],""tags"":[""李敖政论综艺集"",""第十九轮"",""closeout"",""节目访谈"",""第186集"",""美好时光"",""董小宛"",""年轻人"",""同类化"",""电脑""],""crossReferences"":[""li-ao-zhenglun-zongyiji-089-presents-review-method-and-last-human-brain-against-computer"",""li-ao-zhenglun-zongyiji-101-rejects-computer-garbage-and-defends-earth-method-selection""],""view"":[""public""],""confidence"":""high"",""round"":""li-ao-zhenglun-zongyiji-round019-181-186-closeout"",""dataFile"":""data/timeline-events-li-ao-zhenglun-zongyiji.json""}"
"27445","2017","2017-06-09","2017年6月9日星期五","day","confirmed","在飞页书屋举办最后一次演讲","《李敖五十年表》记，2017年6月9日，李敖在飞页书屋举办最后一次演讲。同章并记他当年6月写下《致家人、友人、仇人的告别信》，透露脑瘤、放疗与两次急性肺炎后的痛苦处境，因此这条不仅是演讲线收束点，也成为晚年公开活动渐近终点的关键节点。","李敖","飞页书屋","飞页书屋、最后一次演讲、告别信、晚年","演讲线、生平线、媒体线","致家人、友人、仇人的告别信、李敖相关","li-ao-fangtanlu-2017-06-farewell-letter-and-zaijian-liao-plan","李敖相关","001.李敖五十年表","191","《大李敖全集5.0》（wjm_tcy版）分章节/001.自传回忆类/008.李敖相关/001.李敖五十年表.txt","李敖访谈录1990-2018 / 076.2018《新民周刊》回顾专访 / line 13 / 说明：《新民周刊》回顾补述2017年6月告别信、余月编《大全集》目录和影像谢幕安排。 / 《大李敖全集5.0》（wjm_tcy版）分章节/007.采访序跋类/005.李敖访谈录1990-2018/076.2018《新民周刊》回顾专访.txt || 李敖访谈录1990-2018 / 077.20180319《北京青年报》报导 / line 17 / 说明：《北京青年报》报道补述亲笔信与《再见李敖》50集访谈节目构想。 / 《大李敖全集5.0》（wjm_tcy版）分章节/007.采访序跋类/005.李敖访谈录1990-2018/077.20180319《北京青年报》报导.txt","[{""book"":""李敖访谈录1990-2018"",""chapter"":""076.2018《新民周刊》回顾专访"",""path"":""《大李敖全集5.0》（wjm_tcy版）分章节/007.采访序跋类/005.李敖访谈录1990-2018/076.2018《新民周刊》回顾专访.txt"",""line"":13,""lines"":[13,15,17],""note"":""《新民周刊》回顾补述2017年6月告别信、余月编《大全集》目录和影像谢幕安排。""},{""book"":""李敖访谈录1990-2018"",""chapter"":""077.20180319《北京青年报》报导"",""path"":""《大李敖全集5.0》（wjm_tcy版）分章节/007.采访序跋类/005.李敖访谈录1990-2018/077.20180319《北京青年报》报导.txt"",""line"":17,""lines"":[17,19],""note"":""《北京青年报》报道补述亲笔信与《再见李敖》50集访谈节目构想。""}]","data/timeline-events-eighth-book.json","book8-2017-06-09-gives-last-public-lecture-at-flypage-bookstore","{""id"":""book8-2017-06-09-gives-last-public-lecture-at-flypage-bookstore"",""date"":""2017-06-09"",""displayDate"":""2017年6月9日星期五"",""datePrecision"":""day"",""title"":""在飞页书屋举办最后一次演讲"",""summary"":""《李敖五十年表》记，2017年6月9日，李敖在飞页书屋举办最后一次演讲。同章并记他当年6月写下《致家人、友人、仇人的告别信》，透露脑瘤、放疗与两次急性肺炎后的痛苦处境，因此这条不仅是演讲线收束点，也成为晚年公开活动渐近终点的关键节点。"",""view"":[""演讲线"",""生平线"",""媒体线""],""tags"":[""飞页书屋"",""最后一次演讲"",""告别信"",""晚年""],""people"":[""李敖""],""places"":[""飞页书屋""],""works"":[""致家人、友人、仇人的告别信"",""李敖相关""],""certainty"":""confirmed"",""source"":{""book"":""李敖相关"",""chapter"":""001.李敖五十年表"",""path"":""《大李敖全集5.0》（wjm_tcy版）分章节/001.自传回忆类/008.李敖相关/001.李敖五十年表.txt"",""line"":191},""additionalSources"":[{""book"":""李敖访谈录1990-2018"",""chapter"":""076.2018《新民周刊》回顾专访"",""path"":""《大李敖全集5.0》（wjm_tcy版）分章节/007.采访序跋类/005.李敖访谈录1990-2018/076.2018《新民周刊》回顾专访.txt"",""line"":13,""lines"":[13,15,17],""note"":""《新民周刊》回顾补述2017年6月告别信、余月编《大全集》目录和影像谢幕安排。""},{""book"":""李敖访谈录1990-2018"",""chapter"":""077.20180319《北京青年报》报导"",""path"":""《大李敖全集5.0》（wjm_tcy版）分章节/007.采访序跋类/005.李敖访谈录1990-2018/077.20180319《北京青年报》报导.txt"",""line"":17,""lines"":[17,19],""note"":""《北京青年报》报道补述亲笔信与《再见李敖》50集访谈节目构想。""}],""crossReferences"":[""li-ao-fangtanlu-2017-06-farewell-letter-and-zaijian-liao-plan""],""dataFile"":""data/timeline-events-eighth-book.json""}"
"27446","2017","2017-09-04","2017年9月4日星期一","day","confirmed","李敖立遗嘱，安排著作权、保险金和给李文的月付事项","《李敖遗嘱》收录“立遗嘱人李敖亲笔如下”，文中安排其著作著作权已赠与王志慧，待李戡有能力经营时全数移转予李戡；富邦人寿保险金由李谌为受益人取得；并委由陈境圳每月支付美金1000元予李文至70岁，但若李文对王志慧、李戡、李谌提出诉讼或骚扰行为即丧失权利。遗嘱署2017年9月4日。","李敖、王志慧、李戡、李谌、陈境圳、李文","台湾","虽千万人，李敖往矣、遗嘱、著作权、王志慧、李戡、李谌、李文、陈境圳","家庭线、出版线、晚年线","虽千万人，李敖往矣、李敖遗嘱","","虽千万人，李敖往矣","056.李敖遗嘱","5","《大李敖全集5.0》（wjm_tcy版）分章节/005.诗集语录类/005.虽千万人，李敖往矣/056.李敖遗嘱.txt","虽千万人，李敖往矣 / 056.李敖遗嘱 / line 7 / 说明：著作权赠与王志慧，并待李戡能经营时移转。 / 《大李敖全集5.0》（wjm_tcy版）分章节/005.诗集语录类/005.虽千万人，李敖往矣/056.李敖遗嘱.txt || 虽千万人，李敖往矣 / 056.李敖遗嘱 / line 9 / 说明：富邦人寿保险金由李谌为受益人取得。 / 《大李敖全集5.0》（wjm_tcy版）分章节/005.诗集语录类/005.虽千万人，李敖往矣/056.李敖遗嘱.txt || 虽千万人，李敖往矣 / 056.李敖遗嘱 / line 11 / 说明：陈境圳每月支付美金1000元给李文及丧失权利条件。 / 《大李敖全集5.0》（wjm_tcy版）分章节/005.诗集语录类/005.虽千万人，李敖往矣/056.李敖遗嘱.txt || 虽千万人，李敖往矣 / 056.李敖遗嘱 / line 19 / 说明：遗嘱署日为2017年9月4日。 / 《大李敖全集5.0》（wjm_tcy版）分章节/005.诗集语录类/005.虽千万人，李敖往矣/056.李敖遗嘱.txt","[{""book"":""虽千万人，李敖往矣"",""chapter"":""056.李敖遗嘱"",""path"":""《大李敖全集5.0》（wjm_tcy版）分章节/005.诗集语录类/005.虽千万人，李敖往矣/056.李敖遗嘱.txt"",""line"":7,""note"":""著作权赠与王志慧，并待李戡能经营时移转。""},{""book"":""虽千万人，李敖往矣"",""chapter"":""056.李敖遗嘱"",""path"":""《大李敖全集5.0》（wjm_tcy版）分章节/005.诗集语录类/005.虽千万人，李敖往矣/056.李敖遗嘱.txt"",""line"":9,""note"":""富邦人寿保险金由李谌为受益人取得。""},{""book"":""虽千万人，李敖往矣"",""chapter"":""056.李敖遗嘱"",""path"":""《大李敖全集5.0》（wjm_tcy版）分章节/005.诗集语录类/005.虽千万人，李敖往矣/056.李敖遗嘱.txt"",""line"":11,""note"":""陈境圳每月支付美金1000元给李文及丧失权利条件。""},{""book"":""虽千万人，李敖往矣"",""chapter"":""056.李敖遗嘱"",""path"":""《大李敖全集5.0》（wjm_tcy版）分章节/005.诗集语录类/005.虽千万人，李敖往矣/056.李敖遗嘱.txt"",""line"":19,""note"":""遗嘱署日为2017年9月4日。""}]","data/timeline-events-sui-qianwan-li-ao-wangyi.json","sui-qianwan-2017-09-04-writes-will","{""id"":""sui-qianwan-2017-09-04-writes-will"",""date"":""2017-09-04"",""displayDate"":""2017年9月4日星期一"",""datePrecision"":""day"",""title"":""李敖立遗嘱，安排著作权、保险金和给李文的月付事项"",""summary"":""《李敖遗嘱》收录“立遗嘱人李敖亲笔如下”，文中安排其著作著作权已赠与王志慧，待李戡有能力经营时全数移转予李戡；富邦人寿保险金由李谌为受益人取得；并委由陈境圳每月支付美金1000元予李文至70岁，但若李文对王志慧、李戡、李谌提出诉讼或骚扰行为即丧失权利。遗嘱署2017年9月4日。"",""view"":[""家庭线"",""出版线"",""晚年线""],""tags"":[""虽千万人，李敖往矣"",""遗嘱"",""著作权"",""王志慧"",""李戡"",""李谌"",""李文"",""陈境圳""],""people"":[""李敖"",""王志慧"",""李戡"",""李谌"",""陈境圳"",""李文""],""places"":[""台湾""],""works"":[""虽千万人，李敖往矣"",""李敖遗嘱""],""certainty"":""confirmed"",""source"":{""book"":""虽千万人，李敖往矣"",""chapter"":""056.李敖遗嘱"",""path"":""《大李敖全集5.0》（wjm_tcy版）分章节/005.诗集语录类/005.虽千万人，李敖往矣/056.李敖遗嘱.txt"",""line"":5},""additionalSources"":[{""book"":""虽千万人，李敖往矣"",""chapter"":""056.李敖遗嘱"",""path"":""《大李敖全集5.0》（wjm_tcy版）分章节/005.诗集语录类/005.虽千万人，李敖往矣/056.李敖遗嘱.txt"",""line"":7,""note"":""著作权赠与王志慧，并待李戡能经营时移转。""},{""book"":""虽千万人，李敖往矣"",""chapter"":""056.李敖遗嘱"",""path"":""《大李敖全集5.0》（wjm_tcy版）分章节/005.诗集语录类/005.虽千万人，李敖往矣/056.李敖遗嘱.txt"",""line"":9,""note"":""富邦人寿保险金由李谌为受益人取得。""},{""book"":""虽千万人，李敖往矣"",""chapter"":""056.李敖遗嘱"",""path"":""《大李敖全集5.0》（wjm_tcy版）分章节/005.诗集语录类/005.虽千万人，李敖往矣/056.李敖遗嘱.txt"",""line"":11,""note"":""陈境圳每月支付美金1000元给李文及丧失权利条件。""},{""book"":""虽千万人，李敖往矣"",""chapter"":""056.李敖遗嘱"",""path"":""《大李敖全集5.0》（wjm_tcy版）分章节/005.诗集语录类/005.虽千万人，李敖往矣/056.李敖遗嘱.txt"",""line"":19,""note"":""遗嘱署日为2017年9月4日。""}],""dataFile"":""data/timeline-events-sui-qianwan-li-ao-wangyi.json""}"
"27447","2017","2017-04-11","2017年4月11日报道前，台北寓所","month","reported","《中国报》报道马来西亚友人探访病中李敖","《中国报》4月11日报道，月前一个晚上，江迅、李桑等马来西亚友人到李敖台北寓所探访。李敖倚靠购物车或拐杖开门，和来客聊近一小时四十分钟；面对江迅拥抱落泪，他调侃“我都还没死”。在台北寓所谈话中，他因怕坐飞机和失联婉拒马来西亚之行，又说与台北医院医生讨价还价后被允许每天工作15个小时，半夜三点起工；他在病中感到“想做的很多，能做的时间很少”，仍继续阅读、研撰和编《李敖大全集》后传部分45册。","李敖、江迅、李桑、陈文茜","台北寓所、台北、马来西亚、北京故宫","中国报、马来西亚友人、病中探访、李敖大全集、半夜三点工作","探访线、健康线、出版线、收藏线、晚年线","李敖访谈录1990-2018、李敖大全集","li-ao-fangtanlu-2017-02-22-asia-weekly-home-visit-health-and-daqianji、sui-qianwan-2017-03-21-discloses-brainstem-malignant-tumor-and-treatment","李敖访谈录1990-2018","075.20170411《中国报》报导","11","《大李敖全集5.0》（wjm_tcy版）分章节/007.采访序跋类/005.李敖访谈录1990-2018/075.20170411《中国报》报导.txt","","[]","data/timeline-events-li-ao-fangtanlu-1990-2018.json","li-ao-fangtanlu-2017-04-11-china-press-malaysia-friends-visit","{""id"":""li-ao-fangtanlu-2017-04-11-china-press-malaysia-friends-visit"",""date"":""2017-04-11"",""displayDate"":""2017年4月11日报道前，台北寓所"",""datePrecision"":""month"",""title"":""《中国报》报道马来西亚友人探访病中李敖"",""summary"":""《中国报》4月11日报道，月前一个晚上，江迅、李桑等马来西亚友人到李敖台北寓所探访。李敖倚靠购物车或拐杖开门，和来客聊近一小时四十分钟；面对江迅拥抱落泪，他调侃“我都还没死”。在台北寓所谈话中，他因怕坐飞机和失联婉拒马来西亚之行，又说与台北医院医生讨价还价后被允许每天工作15个小时，半夜三点起工；他在病中感到“想做的很多，能做的时间很少”，仍继续阅读、研撰和编《李敖大全集》后传部分45册。"",""category"":""visit"",""type"":""李敖当事人事件"",""source"":{""book"":""李敖访谈录1990-2018"",""chapter"":""075.20170411《中国报》报导"",""path"":""《大李敖全集5.0》（wjm_tcy版）分章节/007.采访序跋类/005.李敖访谈录1990-2018/075.20170411《中国报》报导.txt"",""line"":11,""lines"":[11,15,19,21,27,29,31,35,37,41,43,51,53,59,63,67,69]},""certainty"":""reported"",""tags"":[""中国报"",""马来西亚友人"",""病中探访"",""李敖大全集"",""半夜三点工作""],""people"":[""李敖"",""江迅"",""李桑"",""陈文茜""],""places"":[""台北寓所"",""台北"",""马来西亚"",""北京故宫""],""works"":[""李敖访谈录1990-2018"",""李敖大全集""],""view"":[""探访线"",""健康线"",""出版线"",""收藏线"",""晚年线""],""crossReferences"":[""li-ao-fangtanlu-2017-02-22-asia-weekly-home-visit-health-and-daqianji"",""sui-qianwan-2017-03-21-discloses-brainstem-malignant-tumor-and-treatment""],""dataFile"":""data/timeline-events-li-ao-fangtanlu-1990-2018.json""}"
"27448","2017","2017-06-30","2017年6月","month","confirmed","李敖写《致家人、友人、仇人的告别信》，安排影像告别和《再见李敖》","2017年6月，李敖写《致家人、友人、仇人的告别信》，说自己查出脑瘤、做完放射治疗后每天服类固醇，又两次因急性肺炎住院，痛苦得像接近地狱。此后几个月里，他和助手忙着编选《李敖大全集》第41至85册目录；在告别信和视频节目安排中，他说医生要他抓紧想做、想干的事，他就想在余下时间里同家人、友人、仇人再见一面，并计划通过《再见李敖》邀请来宾到台北书房吃饭、合影、看猫，留下人生谢幕影像。","李敖、郑乃嘉、李戡","台北、李敖书房","告别信、再见李敖、李敖大全集、脑瘤、急性肺炎、台北书房","健康线、出版线、媒体线、晚年线","李敖访谈录1990-2018、致家人、友人、仇人的告别信、李敖大全集、再见李敖","book8-2017-06-09-gives-last-public-lecture-at-flypage-bookstore、sui-qianwan-2017-03-21-discloses-brainstem-malignant-tumor-and-treatment、book8-2018-03-18-li-ao-dies","李敖访谈录1990-2018","076.2018《新民周刊》回顾专访","13","《大李敖全集5.0》（wjm_tcy版）分章节/007.采访序跋类/005.李敖访谈录1990-2018/076.2018《新民周刊》回顾专访.txt","李敖访谈录1990-2018 / 077.20180319《北京青年报》报导 / line 15 / 说明：《北京青年报》补述2017年6月视频节目画面、亲笔信内容和《再见李敖》计划。 / 《大李敖全集5.0》（wjm_tcy版）分章节/007.采访序跋类/005.李敖访谈录1990-2018/077.20180319《北京青年报》报导.txt","[{""book"":""李敖访谈录1990-2018"",""chapter"":""077.20180319《北京青年报》报导"",""path"":""《大李敖全集5.0》（wjm_tcy版）分章节/007.采访序跋类/005.李敖访谈录1990-2018/077.20180319《北京青年报》报导.txt"",""line"":15,""lines"":[15,17,19],""note"":""《北京青年报》补述2017年6月视频节目画面、亲笔信内容和《再见李敖》计划。""}]","data/timeline-events-li-ao-fangtanlu-1990-2018.json","li-ao-fangtanlu-2017-06-farewell-letter-and-zaijian-liao-plan","{""id"":""li-ao-fangtanlu-2017-06-farewell-letter-and-zaijian-liao-plan"",""date"":""2017-06-30"",""displayDate"":""2017年6月"",""datePrecision"":""month"",""title"":""李敖写《致家人、友人、仇人的告别信》，安排影像告别和《再见李敖》"",""summary"":""2017年6月，李敖写《致家人、友人、仇人的告别信》，说自己查出脑瘤、做完放射治疗后每天服类固醇，又两次因急性肺炎住院，痛苦得像接近地狱。此后几个月里，他和助手忙着编选《李敖大全集》第41至85册目录；在告别信和视频节目安排中，他说医生要他抓紧想做、想干的事，他就想在余下时间里同家人、友人、仇人再见一面，并计划通过《再见李敖》邀请来宾到台北书房吃饭、合影、看猫，留下人生谢幕影像。"",""category"":""health"",""type"":""李敖当事人事件"",""source"":{""book"":""李敖访谈录1990-2018"",""chapter"":""076.2018《新民周刊》回顾专访"",""path"":""《大李敖全集5.0》（wjm_tcy版）分章节/007.采访序跋类/005.李敖访谈录1990-2018/076.2018《新民周刊》回顾专访.txt"",""line"":13,""lines"":[11,13,15,17]},""additionalSources"":[{""book"":""李敖访谈录1990-2018"",""chapter"":""077.20180319《北京青年报》报导"",""path"":""《大李敖全集5.0》（wjm_tcy版）分章节/007.采访序跋类/005.李敖访谈录1990-2018/077.20180319《北京青年报》报导.txt"",""line"":15,""lines"":[15,17,19],""note"":""《北京青年报》补述2017年6月视频节目画面、亲笔信内容和《再见李敖》计划。""}],""certainty"":""confirmed"",""tags"":[""告别信"",""再见李敖"",""李敖大全集"",""脑瘤"",""急性肺炎"",""台北书房""],""people"":[""李敖"",""郑乃嘉"",""李戡""],""places"":[""台北"",""李敖书房""],""works"":[""李敖访谈录1990-2018"",""致家人、友人、仇人的告别信"",""李敖大全集"",""再见李敖""],""view"":[""健康线"",""出版线"",""媒体线"",""晚年线""],""crossReferences"":[""book8-2017-06-09-gives-last-public-lecture-at-flypage-bookstore"",""sui-qianwan-2017-03-21-discloses-brainstem-malignant-tumor-and-treatment"",""book8-2018-03-18-li-ao-dies""],""dataFile"":""data/timeline-events-li-ao-fangtanlu-1990-2018.json""}"
"27449","2017","2017-10-31","2017年10月出院后一周前后","month","reported","李敖出院回家后仍赶编《大全集》，随后向郑乃嘉承认85本做不完","2017年10月，标靶药物似乎起效，李敖觉得状态恢复，当即要求出院回家，不顾劝阻想赶着把《李敖大全集》编完。太太把除菌仪器搬回家并挡住访客，但李敖仍让陶冬冬看望，用很低的音量聊了两个小时拍卖藏品的事，想请他找台办，把藏品一半捐献、一半拍卖。出院一个礼拜后，李敖坐在轮椅上找郑乃嘉到家里，流泪说85本《大全集》做不完了，不知道怎么收尾，努力很久的视频节目计划也只能暂停。","李敖、陶冬冬、郑乃嘉、李敖太太","台北、李敖家中","标靶药物、出院、李敖大全集、藏品拍卖、视频节目暂停","健康线、出版线、收藏线、媒体线、晚年线","李敖访谈录1990-2018、李敖大全集、再见李敖","li-ao-fangtanlu-2017-06-farewell-letter-and-zaijian-liao-plan、book8-2018-03-18-li-ao-dies","李敖访谈录1990-2018","078.20180329腾讯新闻报导","7","《大李敖全集5.0》（wjm_tcy版）分章节/007.采访序跋类/005.李敖访谈录1990-2018/078.20180329腾讯新闻报导.txt","","[]","data/timeline-events-li-ao-fangtanlu-1990-2018.json","li-ao-fangtanlu-2017-10-discharged-and-concedes-85-books-unfinished","{""id"":""li-ao-fangtanlu-2017-10-discharged-and-concedes-85-books-unfinished"",""date"":""2017-10-31"",""displayDate"":""2017年10月出院后一周前后"",""datePrecision"":""month"",""title"":""李敖出院回家后仍赶编《大全集》，随后向郑乃嘉承认85本做不完"",""summary"":""2017年10月，标靶药物似乎起效，李敖觉得状态恢复，当即要求出院回家，不顾劝阻想赶着把《李敖大全集》编完。太太把除菌仪器搬回家并挡住访客，但李敖仍让陶冬冬看望，用很低的音量聊了两个小时拍卖藏品的事，想请他找台办，把藏品一半捐献、一半拍卖。出院一个礼拜后，李敖坐在轮椅上找郑乃嘉到家里，流泪说85本《大全集》做不完了，不知道怎么收尾，努力很久的视频节目计划也只能暂停。"",""category"":""health"",""type"":""李敖当事人事件"",""source"":{""book"":""李敖访谈录1990-2018"",""chapter"":""078.20180329腾讯新闻报导"",""path"":""《大李敖全集5.0》（wjm_tcy版）分章节/007.采访序跋类/005.李敖访谈录1990-2018/078.20180329腾讯新闻报导.txt"",""line"":7,""lines"":[7,9,11,13,15]},""certainty"":""reported"",""tags"":[""标靶药物"",""出院"",""李敖大全集"",""藏品拍卖"",""视频节目暂停""],""people"":[""李敖"",""陶冬冬"",""郑乃嘉"",""李敖太太""],""places"":[""台北"",""李敖家中""],""works"":[""李敖访谈录1990-2018"",""李敖大全集"",""再见李敖""],""view"":[""健康线"",""出版线"",""收藏线"",""媒体线"",""晚年线""],""crossReferences"":[""li-ao-fangtanlu-2017-06-farewell-letter-and-zaijian-liao-plan"",""book8-2018-03-18-li-ao-dies""],""dataFile"":""data/timeline-events-li-ao-fangtanlu-1990-2018.json""}"
"27450","2017","2017-11-30","2017年11月","month","reported-by-third-party","舞台剧《北京法源寺》到台北演出时，李敖已在医院昏迷","《北京青年报》报道说，舞台剧《北京法源寺》北京首演时李敖因北京冬天太冷未能到场；2017年11月该剧抵达台北时，李敖已经昏迷在医院，演员只能在李戡陪同下到李敖书房参观。此条是作品改编在李敖晚年发生的接受史节点，主体为第三方报道，不是李敖本人行动。","李敖、田沁鑫、李戡","台北、北京、李敖书房","北京法源寺、舞台剧、台北演出、田沁鑫、李戡、晚年、第三方报道","改编线、晚年线、家庭线","北京法源寺、北京青年报","beijing-fayuansi-2012-tian-qinxin-adaptation-study-meetings、book8-2018-03-18-li-ao-dies","李敖访谈录1990-2018","077.20180319《北京青年报》报导","37","《大李敖全集5.0》（wjm_tcy版）分章节/007.采访序跋类/005.李敖访谈录1990-2018/077.20180319《北京青年报》报导.txt","","[]","data/timeline-events-beijing-fayuansi.json","beijing-fayuansi-2017-11-stage-play-taipei-while-hospitalized","{""id"":""beijing-fayuansi-2017-11-stage-play-taipei-while-hospitalized"",""date"":""2017-11-30"",""displayDate"":""2017年11月"",""datePrecision"":""month"",""title"":""舞台剧《北京法源寺》到台北演出时，李敖已在医院昏迷"",""summary"":""《北京青年报》报道说，舞台剧《北京法源寺》北京首演时李敖因北京冬天太冷未能到场；2017年11月该剧抵达台北时，李敖已经昏迷在医院，演员只能在李戡陪同下到李敖书房参观。此条是作品改编在李敖晚年发生的接受史节点，主体为第三方报道，不是李敖本人行动。"",""view"":[""改编线"",""晚年线"",""家庭线""],""tags"":[""北京法源寺"",""舞台剧"",""台北演出"",""田沁鑫"",""李戡"",""晚年"",""第三方报道""],""people"":[""李敖"",""田沁鑫"",""李戡""],""places"":[""台北"",""北京"",""李敖书房""],""works"":[""北京法源寺"",""北京青年报""],""certainty"":""reported-by-third-party"",""source"":{""book"":""李敖访谈录1990-2018"",""chapter"":""077.20180319《北京青年报》报导"",""path"":""《大李敖全集5.0》（wjm_tcy版）分章节/007.采访序跋类/005.李敖访谈录1990-2018/077.20180319《北京青年报》报导.txt"",""line"":37,""note"":""第三方报道；事件主体为作品改编到台北，非李敖本人行动。""},""crossReferences"":[""beijing-fayuansi-2012-tian-qinxin-adaptation-study-meetings"",""book8-2018-03-18-li-ao-dies""],""dataFile"":""data/timeline-events-beijing-fayuansi.json""}"
"27451","2017","2017-12-31","2017年底至2018年3月18日前最后一段时间","undated-context","reported","李敖晚年复健、想再开刀，最后对陈文茜说“我要走了”","腾讯新闻2018年3月29日报道，李敖最后阶段仍以玩笑抵抗病情：陈文茜去看他做复健时，他说要“特别表演”，稍歇后又伤感说自己一生想争取、想奋斗，结果一场空；临终三四个月前，李敖在病房还有再次开刀的想法，但医生不主张，他私下对赖岳忠说“我的时间不多了”。最后一段时间，陈文茜赶到病房，他紧握她的手，始终不说“死”字，只留下“我要走了，这一次你救不了我的”这句话。","李敖、陈文茜、赖岳忠、Vicky","台北病房、复健场所","复健、再次开刀想法、临终病房、陈文茜、赖岳忠","健康线、晚年线、交游线","李敖访谈录1990-2018","li-ao-fangtanlu-2017-10-discharged-and-concedes-85-books-unfinished、book8-2018-03-18-li-ao-dies","李敖访谈录1990-2018","078.20180329腾讯新闻报导","17","《大李敖全集5.0》（wjm_tcy版）分章节/007.采访序跋类/005.李敖访谈录1990-2018/078.20180329腾讯新闻报导.txt","","[]","data/timeline-events-li-ao-fangtanlu-1990-2018.json","li-ao-fangtanlu-2018-03-18-final-months-rehab-and-last-words","{""id"":""li-ao-fangtanlu-2018-03-18-final-months-rehab-and-last-words"",""date"":""2017-12-31"",""displayDate"":""2017年底至2018年3月18日前最后一段时间"",""datePrecision"":""undated-context"",""title"":""李敖晚年复健、想再开刀，最后对陈文茜说“我要走了”"",""summary"":""腾讯新闻2018年3月29日报道，李敖最后阶段仍以玩笑抵抗病情：陈文茜去看他做复健时，他说要“特别表演”，稍歇后又伤感说自己一生想争取、想奋斗，结果一场空；临终三四个月前，李敖在病房还有再次开刀的想法，但医生不主张，他私下对赖岳忠说“我的时间不多了”。最后一段时间，陈文茜赶到病房，他紧握她的手，始终不说“死”字，只留下“我要走了，这一次你救不了我的”这句话。"",""category"":""health"",""type"":""李敖当事人事件"",""source"":{""book"":""李敖访谈录1990-2018"",""chapter"":""078.20180329腾讯新闻报导"",""path"":""《大李敖全集5.0》（wjm_tcy版）分章节/007.采访序跋类/005.李敖访谈录1990-2018/078.20180329腾讯新闻报导.txt"",""line"":17,""lines"":[17,19,21,23,25]},""certainty"":""reported"",""tags"":[""复健"",""再次开刀想法"",""临终病房"",""陈文茜"",""赖岳忠""],""people"":[""李敖"",""陈文茜"",""赖岳忠"",""Vicky""],""places"":[""台北病房"",""复健场所""],""works"":[""李敖访谈录1990-2018""],""view"":[""健康线"",""晚年线"",""交游线""],""crossReferences"":[""li-ao-fangtanlu-2017-10-discharged-and-concedes-85-books-unfinished"",""book8-2018-03-18-li-ao-dies""],""dataFile"":""data/timeline-events-li-ao-fangtanlu-1990-2018.json""}"
"27452","2018","2018-03-18","2018年3月18日星期日","day","confirmed","李敖逝世","《李敖五十年表》记，2018年3月18日上午10时59分，李敖与世长辞。后续报道补明，他在台北荣民总医院因脑癌安然离世，享年83岁；家属说明一切遵照他的意愿和一贯作风，不举行告别式、追思会等任何活动，一切从简。对整个“大而全的李敖年表”而言，这是必须明确落库的终点节点。","李敖","台湾","逝世、终点节点、上帝李","生平线、家庭线","李敖相关","li-ao-fangtanlu-2017-06-farewell-letter-and-zaijian-liao-plan、li-ao-fangtanlu-2017-10-discharged-and-concedes-85-books-unfinished、li-ao-fangtanlu-2018-03-18-final-months-rehab-and-last-words","李敖相关","001.李敖五十年表","193","《大李敖全集5.0》（wjm_tcy版）分章节/001.自传回忆类/008.李敖相关/001.李敖五十年表.txt","李敖访谈录1990-2018 / 076.2018《新民周刊》回顾专访 / line 11 / 说明：《新民周刊》回顾报道记录2018年3月18日上午10点59分去世，李戡说明不举行告别式、追思会。 / 《大李敖全集5.0》（wjm_tcy版）分章节/007.采访序跋类/005.李敖访谈录1990-2018/076.2018《新民周刊》回顾专访.txt || 李敖访谈录1990-2018 / 077.20180319《北京青年报》报导 / line 9 / 说明：《北京青年报》报道补充荣民总医院病程说明、家属说明和李戡微博。 / 《大李敖全集5.0》（wjm_tcy版）分章节/007.采访序跋类/005.李敖访谈录1990-2018/077.20180319《北京青年报》报导.txt","[{""book"":""李敖访谈录1990-2018"",""chapter"":""076.2018《新民周刊》回顾专访"",""path"":""《大李敖全集5.0》（wjm_tcy版）分章节/007.采访序跋类/005.李敖访谈录1990-2018/076.2018《新民周刊》回顾专访.txt"",""line"":11,""lines"":[11],""note"":""《新民周刊》回顾报道记录2018年3月18日上午10点59分去世，李戡说明不举行告别式、追思会。""},{""book"":""李敖访谈录1990-2018"",""chapter"":""077.20180319《北京青年报》报导"",""path"":""《大李敖全集5.0》（wjm_tcy版）分章节/007.采访序跋类/005.李敖访谈录1990-2018/077.20180319《北京青年报》报导.txt"",""line"":9,""lines"":[9,11,13],""note"":""《北京青年报》报道补充荣民总医院病程说明、家属说明和李戡微博。""}]","data/timeline-events-eighth-book.json","book8-2018-03-18-li-ao-dies","{""id"":""book8-2018-03-18-li-ao-dies"",""date"":""2018-03-18"",""displayDate"":""2018年3月18日星期日"",""datePrecision"":""day"",""title"":""李敖逝世"",""summary"":""《李敖五十年表》记，2018年3月18日上午10时59分，李敖与世长辞。后续报道补明，他在台北荣民总医院因脑癌安然离世，享年83岁；家属说明一切遵照他的意愿和一贯作风，不举行告别式、追思会等任何活动，一切从简。对整个“大而全的李敖年表”而言，这是必须明确落库的终点节点。"",""view"":[""生平线"",""家庭线""],""tags"":[""逝世"",""终点节点"",""上帝李""],""people"":[""李敖""],""places"":[""台湾""],""works"":[""李敖相关""],""certainty"":""confirmed"",""source"":{""book"":""李敖相关"",""chapter"":""001.李敖五十年表"",""path"":""《大李敖全集5.0》（wjm_tcy版）分章节/001.自传回忆类/008.李敖相关/001.李敖五十年表.txt"",""line"":193},""additionalSources"":[{""book"":""李敖访谈录1990-2018"",""chapter"":""076.2018《新民周刊》回顾专访"",""path"":""《大李敖全集5.0》（wjm_tcy版）分章节/007.采访序跋类/005.李敖访谈录1990-2018/076.2018《新民周刊》回顾专访.txt"",""line"":11,""lines"":[11],""note"":""《新民周刊》回顾报道记录2018年3月18日上午10点59分去世，李戡说明不举行告别式、追思会。""},{""book"":""李敖访谈录1990-2018"",""chapter"":""077.20180319《北京青年报》报导"",""path"":""《大李敖全集5.0》（wjm_tcy版）分章节/007.采访序跋类/005.李敖访谈录1990-2018/077.20180319《北京青年报》报导.txt"",""line"":9,""lines"":[9,11,13],""note"":""《北京青年报》报道补充荣民总医院病程说明、家属说明和李戡微博。""}],""crossReferences"":[""li-ao-fangtanlu-2017-06-farewell-letter-and-zaijian-liao-plan"",""li-ao-fangtanlu-2017-10-discharged-and-concedes-85-books-unfinished"",""li-ao-fangtanlu-2018-03-18-final-months-rehab-and-last-words""],""dataFile"":""data/timeline-events-eighth-book.json""}"
